word	form
abaiti	
ablendati	
abonirati	abonirajući
abonirati	aboniravši
abonirati	aboniranje
abortirati	abortirajući
abortirati	abortiravši
abortirati	abortiranje
abrogirati	
abundati	
adaptirati	adaptirajući
adaptirati	adaptiravši
adaptirati	adaptiranje
adjustirati	adjustirajući
adjustirati	adjustiravši
adjustirati	adjustiranje
adoptirati	adoptirajući
adoptirati	adoptiravši
adoptirati	adoptiranje
adorati	
adorirati	adorirajući
adorirati	adoriravši
adorirati	adoriranje
adresirati	adresirajući
adresirati	adresiravši
adresirati	adresiranje
adresovati	
adsorbirati	adsorbirajući
adsorbirati	adsorbiravši
adsorbirati	adsorbiranje
afektirati	afektirajući
afektirati	afektiravši
afektirati	afektiranje
afirmirati	afirmirajući
afirmirati	afirmiravši
afirmirati	afirmiranje
afrikanizirati	
afrikanizovati	
agitirati	agitirajući
agitirati	agitiravši
agitirati	agitiranje
aklamirati	
aklimatizirati	aklimatizirajući
aklimatizirati	aklimatiziravši
aklimatizirati	aklimatiziranje
akomodirati	akomodirajući
akomodirati	akomodiravši
akomodirati	akomodiranje
akontirati	akontirajući
akontirati	akontiravši
akontirati	akontiranje
akreditirati	
aktivirati	aktivirajući
aktivirati	aktiviravši
aktivirati	aktiviranje
aktivizirati	aktivizirajući
aktivizirati	aktiviziravši
aktivizirati	aktiviziranje
aktualizirati	aktualizirajući
aktualizirati	aktualiziravši
aktualizirati	aktualiziranje
akumulirati	akumulirajući
akumulirati	akumuliravši
akumulirati	akumuliranje
alakati	alačući
alakati	alakajući
alakati	alakanje
alarmirati	
albanizirati	albanizirajući
albanizirati	albaniziravši
albanizirati	albaniziranje
alkoholizirati	alkoholizirajući
alkoholizirati	alkoholiziravši
alkoholizirati	alkoholiziranje
alternirati	alternirajući
alternirati	alterniravši
alternirati	alterniranje
aludirati	aludirajući
aludirati	aludiravši
aludirati	aludiranje
alunirati	alunirajući
alunirati	aluniravši
alunirati	aluniranje
ambijentirati	
amerikanizirati	amerikanizirajući
amerikanizirati	amerikaniziravši
amerikanizirati	amerikaniziranje
amnestirati	amnestirajući
amnestirati	amnestiravši
amnestirati	amnestiranje
amortizirati	
amputirati	amputirajući
amputirati	amputiravši
amputirati	amputiranje
analizirati	analizirajući
analizirati	analiziravši
analizirati	analiziranje
anatemizirati	anatemizirajući
anatemizirati	anatemiziravši
anatemizirati	anatemiziranje
anektirati	anektirajući
anektirati	anektiravši
anektirati	anektiranje
anestezirati	
angažirati	angažirajući
angažirati	angažiravši
angažirati	angažiranje
animirati	animirajući
animirati	animiravši
animirati	animiranje
anketirati	anketirajući
anketirati	anketiravši
anketirati	anketiranje
anotirati	anotirajući
anotirati	anotiravši
anotirati	anotiranje
antedatirati	antedatirajući
antedatirati	antedatiravši
antedatirati	antedatiranje
antidatirati	
anulirati	anuliravši
anulirati	anuliranje
apelirati	apelirajući
apelirati	apeliravši
apelirati	apeliranje
apelovati	
aplaudirati	aplaudirajući
aplaudirati	aplaudiravši
aplaudirati	aplaudiranje
apostrofirati	apostrofirajući
apostrofirati	apostrofiravši
apostrofirati	apostrofiranje
aproksimirati	aproksimirajući
aproksimirati	aproksimiravši
aproksimirati	aproksimiranje
apsolutizirati	apsolutizirajući
apsolutizirati	apsolutiziravši
apsolutizirati	apsolutiziranje
apsolvirati	apsolvirajući
apsolvirati	apsolviravši
apsolvirati	apsolviranje
apsorbirati	apsorbirajući
apsorbirati	apsorbiravši
apsorbirati	apsorbiranje
apstinirati	apstinirajući
apstinirati	apstiniravši
apstinirati	apstiniranje
apstrahirati	apstrahirajući
apstrahirati	apstrahiravši
apstrahirati	apstrahiranje
aranžirati	aranžirajući
aranžirati	aranžiravši
aranžirati	aranžiranje
arhaizirati	arhaizirajući
arhaizirati	arhaiziravši
arhaizirati	arhaiziranje
artikulirati	artikulirajući
artikulirati	artikuliravši
artikulirati	artikuliranje
artikulisati	
asfaltirati	asfaltirajući
asfaltirati	asfaltiravši
asfaltirati	asfaltiranje
asimilirati	asimilirajući
asimilirati	asimiliravši
asimilirati	asimiliranje
asimilovati	
asistirati	asistirajući
asistirati	asistiranje
aterirati	aterirajući
aterirati	ateriravši
aterirati	ateriranje
atomizirati	atomizirajući
atomizirati	atomiziravši
atomizirati	atomiziranje
autorizirati	autorizirajući
autorizirati	autoriziravši
autorizirati	autoriziranje
autorizovati	
autostopirati	
avanzirati	avanzirajući
avanzirati	avanziravši
avanzirati	avanziranje
ašikovati	ašikujući
ašikovati	ašikovanje
ažurirati	ažurirajući
ažurirati	ažuriravši
ažurirati	ažuriranje
bahatiti	bahateći
bahatiti	bahaćenje
bahoriti	
bajati	bajući
bajati	bajanje
bajramovati	
baktati	bakćući
baktati	baktanje
balansirati	balansirajući
balansirati	balansiravši
balansirati	balansiranje
balati	
balaviti	balaveći
balaviti	balavljenje
balegati	balegajući
balegati	baleganje
baliti	baleći
baliti	baljenje
baljezgati	baljezgajući
baljezgati	baljezganje
balkanizirati	balkanizirajući
balkanizirati	balkaniziravši
balkanizirati	balkaniziranje
balzamirati	balzamirajući
balzamirati	balzamiravši
balzamirati	balzamiranje
banalizirati	banalizirajući
banalizirati	banaliziravši
banalizirati	banaliziranje
banjati	
bankrotirati	bankrotirajući
bankrotirati	bankrotiravši
bankrotirati	bankrotiranje
banuti	banuvši
bančiti	bančeći
bančiti	bančenje
barjaktariti	
batinati	batinajući
batinati	batinanje
batisujem	batišem
batisujem	batisuvaja
batisujem	batisuvala
batisujem	batisuvajeći
batisujem	batisuvanje
batišem	batisujem
batišem	batisaja
batišem	batisala
bauljati	bauljajući
bauljati	bauljanje
baviti	baveći
baviti	bavljenje
bazati	bazajući
bazati	bazanje
bazdeti	bazdeći
bazdeti	bazdevši
bazdeti	bažđenje
bazdjeti	bazdeći
bazdjeti	bažđenje
bazirati	bazirajući
bazirati	baziravši
bazirati	baziranje
baštiniti	baštineći
baštiniti	baštinjenje
baždariti	baždareći
baždariti	baždarivši
baždariti	baždarenje
bdeti	bdeći
bdeti	bdevši
bdeti	bdenje
bdjeti	
bedačiti	
bedinati	
begam	begaja
begam	begala
begam	begajeći
begam	beganje
begati	
behandlati	
bekati	
beketati	
belasati	belasajući
belasati	belasanje
belasnuti	belasnuvši
beleti	beleći
beleti	belenje
beležiti	beležeći
beležiti	beleženje
belihtati	
beliti	beleći
beliti	beljenje
besediti	besedeći
besediti	besedivši
besediti	beseđenje
besiti	
besneti	besneći
besneti	bešnjenje
besnjeti	besneći
besnjeti	bešnjenje
besposličariti	besposličareći
besposličariti	besposličarenje
besposličiti	besposličeći
besposličiti	besposličenje
betonirati	betonirajući
betonirati	betoniravši
betonirati	betoniranje
bečiti	bečeći
bečiti	bečenje
beštimati	
bežati	pobeći
bežati	bežeći
bežati	bežanje
biglisati	biglišući
biglisati	biglisanje
bijeliti	bijeleći
bijeliti	bijeljenje
bijeljeti	bijeleći
bijeljeti	bijeljenje
bilježiti	bilježeći
bilježiti	bilježenje
birati	odabrati
birati	izabrati
birati	birajući
birati	biranje
bistriti	bistreći
bistriti	bistrenje
biti	budući
biti	bivši
bivati	bivajući
bivati	bivanje
bivovati	bivujući
bivovati	bivovanje
bivstvovati	bivstvujući
bivstvovati	bivstvovanje
bičevati	bičujući
bičevati	bičevanje
bjegati	
bjelasati	bjelasajući
bjelasati	bjelasanje
bjelasnuti	bjelasnuvši
bjesnjeti	bjesneći
bjesnjeti	bješnjenje
bježati	pobjeći
bježati	bježeći
bježati	bježanje
blagosloviti	blagoslovivši
blatiti	blateći
blatiti	blativši
blatiti	blaćenje
blažiti	blažeći
blažiti	blaženje
blebetati	blebećući
blebetati	blebetanje
blebnuti	
bledeti	bledeći
bledeti	bleđenje
blejati	zablejati
blejati	izblejati
blejati	blejeći
blejati	blejanje
blenuti	blenuvši
blesirati	blesirajući
blesirati	blesiravši
blesirati	blesiranje
bleskati	bleskanje
blesnuti	blesnuvši
bleštati	blešteći
bleštati	bleštanje
bleštiti	blešteći
bleštiti	bleštenje
blijedjeti	blijedeći
blijedjeti	blijeđenje
bliještati	bliješteći
bliještati	bliještanje
bliještiti	bliješteći
bliještiti	bliještenje
blistati	blistajući
blistati	blistanje
bližiti	bližeći
bližiti	bliženje
bljeskati	bljeskajući
bljeskati	bljeskanje
bljesnuti	bljesnuvši
bljuvati	bljujući
bljuvati	bljuvanje
bljuzgati	bljuzgajući
bljuzgati	bljuzganje
blokirati	blokirajući
blokirati	blokiravši
blokirati	blokiranje
bludničiti	bludničeći
bludničiti	bludničenje
bodovati	bodujući
bodovati	bodovanje
bodriti	bodreći
bodriti	bodrenje
bogatiti	bogateći
bogatiti	bogaćenje
bogohuliti	bogohuleći
bogohuliti	bogohuljenje
bogoraditi	bogoradeći
bogoraditi	bogorađenje
bojadisati	
bojati	bojeći
bojati	bojanje
bojiti	bojeći
bojiti	bojenje
boleti	boleći
boleti	bolenje
boljeti	boleći
boljeti	boljenje
bolovati	bolujući
bolovati	bolovanje
bombardirati	bombardirajući
bombardirati	bombardiravši
bombardirati	bombardiranje
boraviti	boraveći
boraviti	boravljenje
boriti	boreći
boriti	borenje
bosti	bodući
bosti	bovši
bosti	bodenje
braniti	braneći
braniti	branjenje
brati	bravši
brati	branje
brbljati	brbljajući
brbljati	brbljanje
brijati	brijući
brijati	brijanje
brinuti	brinući
brisati	brišući
brisati	brisanje
brkati	brkajući
brkati	brkanje
brljati	brljajući
brojati	brojeći
brojati	brojanje
brojiti	brojeći
brojiti	brojenje
brstiti	brsteći
brstiti	bršćenje
brujati	brujeći
brujati	brujanje
brukati	brukajući
brukati	brukanje
brusiti	bruseći
brusiti	brušenje
brzati	brzajući
brzati	brzanje
brznuti	brznuvši
brčkati	brčkajući
brčkati	brčkanje
bubati	bubajući
bubati	bubanje
bubnjati	bubnjajući
bubnjati	bubnjanje
bubnuti	bubnuvši
bubriti	bubreći
bubriti	bubrenje
budaliti	budaleći
budaliti	budaljenje
buditi	budeći
buditi	budivši
buditi	buđenje
budžetirati	budžetirajući
budžetirati	budžetiravši
budžetirati	budžetiranje
bujati	bujajući
bujati	bujanje
buknuti	buknuvši
buknuti	buknuće
buktati	buktajući
buktati	buktanje
bukteti	bukteći
bukteti	buktenje
buktjeti	bukteći
buktjeti	buktenje
bulazniti	bulazneći
bulazniti	bulažnjenje
buljiti	buljeći
buljiti	buljenje
buniti	buneći
buniti	bunjenje
bunkerirati	bunkerirajući
bunkerirati	bunkeriravši
bunkerirati	bunkeriranje
bućkati	bućkajući
bućkati	bućkanje
bućnuti	bućnuvši
bučiti	bučeći
bučiti	bučanje
buđaviti	
bušiti	bušeći
bušiti	bušenje
dahnuti	dahtati
dahnuti	dahnuvši
dahtati	dahnuti
dahtati	dahtanje
dangubiti	dangubeći
dangubiti	dangubljenje
darivati	darivavši
darivati	darivanje
darovati	darovavši
dati	dadnuvši
datirati	datirajući
datirati	datiravši
datirati	datiranje
daunloudati	
daviti	udaviti
daviti	daveći
daviti	davljenje
deaktivirati	deaktivirajući
deaktivirati	deaktiviravši
deaktivirati	deaktiviranje
debljati	debljajući
debljati	debljanje
deblokirati	deblokirajući
deblokirati	deblokiravši
deblokirati	deblokiranje
degenečiti	
degradirati	degradirajući
degradirati	degradiravši
degradirati	degradiranje
dejstvovati	
delati	delajući
delati	delanje
deliti	deleći
deliti	deljenje
delovati	delujući
delovati	delovanje
demfati	
derati	derući
derati	deranje
desiti	desivši
detektirati	detektirajući
detektirati	detektiravši
detektirati	detektiranje
deti	
dezertirati	dezertirajući
dezertirati	dezertiravši
dezertirati	dezertiranje
dešavati	dešavajući
dešavati	dešavanje
dihati	
dijeliti	dijeleći
dijeliti	dijeljenje
diktirati	izdiktirati
diktirati	diktirajući
diktirati	diktiravši
diktirati	diktiranje
diktovati	izdiktovati
dimiti	dimeći
dimiti	dimljenje
dinstati	dinstajući
diplomirati	diplomirajući
diplomirati	diplomiravši
diplomirati	diplomiranje
dirati	dirajući
dirati	diranje
dirnuti	dirnuvši
disati	dišući
disati	disanje
diskreditirati	diskreditirajući
diskreditirati	diskreditiravši
diskreditirati	diskreditiranje
diskriminirati	diskriminirajući
diskriminirati	diskriminiravši
diskriminirati	diskriminiranje
diskutirati	diskutirajući
diskutirati	diskutiravši
diskutirati	diskutiranje
divaniti	divaneći
divaniti	divanjenje
diviti	diveći
diviti	divljenje
divljati	divljajući
divljati	divljavši
divljati	divljanje
dizati	dižući
dizati	dizanje
dići	dizati
dići	dignuti
dičiti	dičeći
dičiti	dičenje
dišati	
djelatan	
djelati	djelajući
djelati	djelanje
djelovati	djelujući
djelovati	djelovanje
dobijati	dobijajući
dobijati	dobijav
dobijati	dobijanje
dobiti	dobivši
dodati	dodavši
dodavati	dodavanje
dodeliti	dodelivši
dodeljivati	dodeljujući
dodeljivati	dodeljivanje
dodijeliti	dodijelivši
dodirivati	dodirujući
dodirivati	dodirivanje
dodirnuti	dodirnuvši
dodjeljivati	dodjeljujući
dodjeljivati	dodjeljivanje
događati	događajući
događati	događanje
dogoditi	dogodivši
dogovarati	dogovoriti
dogovarati	dogovarajući
dogovarati	dogovaranje
dogovoriti	dogovorivši
dohajati	
dohvatiti	dohvativši
dojahati	dojahavši
dojaviti	dojavivši
dojdem	doodim
dojdem	došja
dojdem	došla
dojiti	dojeći
dojiti	dojenje
dojti	
dokazati	dokazavši
dokazivati	dokazujući
dokazivati	dokazivanje
dokrajčiti	
doktorirati	doktorirajući
doktorirati	doktoriravši
doktorirati	doktoriranje
dokučiti	dokučivši
dolaziti	doći
dolaziti	dolazeći
dolaziti	dolaženje
dolikovati	dolikujući
dolikovati	dolikovanje
doličiti	doličeći
doličiti	doličenje
dominirati	dominirajući
dominirati	dominiravši
dominirati	dominiranje
domisliti	domislivši
domišljati	domišljajući
domišljati	domišljanje
doneti	
donijeti	
donositi	donoseći
donositi	donošenje
doodim	dojdem
doodim	doodija
doodim	doodila
doodim	doodenje
dopadati	dopadajući
dopadati	dopadanje
dopasti	dopavši
dopelati	
dopirati	dopirući
dopirati	dopiranje
dopisati	dopisavši
dopisivati	dopisujući
dopisivati	dopisivanje
doplatiti	doplativši
doplaćivati	doplaćujući
doplivati	doplivavši
doploviti	doplovivši
dopremati	dopremajući
dopremati	dopremanje
dopremiti	dopremivši
dopreti	
doprijeti	
doprineti	doprinevši
doprinijeti	doprinijevši
doprinositi	doprinoseći
doprinositi	doprinošenje
dopuniti	dopunivši
dopustiti	dopustivši
dopuštati	dopuštajući
dopuštati	dopuštanje
doraditi	doradivši
dorađivati	dorađujući
dorađivati	dorađivanje
doreći	
doručkovati	doručkujući
doručkovati	doručkovavši
doručkovati	doručkovanje
dosaditi	dosadivši
dosađivati	dosađujući
dosađivati	dosađivanje
dosegnuti	
doseliti	doselivši
doseljavati	doseljavajući
doseljavati	doseljavanje
dosezati	dosežući
dosezati	dosezanje
dospeti	dospevši
dospevati	dospevajući
dospevati	dospevanje
dospijevati	dospijevajući
dospijevati	dospijevanje
dospjeti	dospjevši
dostajati	dostajući
dostajati	dostajanje
dostati	
dostaviti	dostavivši
dostavljati	dostavljajući
dostavljati	dostavljanje
dotiskati	dotiskavši
dotrčati	dotrčavši
dotrčavati	dotrčavajući
dotrčavati	dotrčavanje
dovesti	dovezavši
doviknuti	doviknuvši
dovoditi	dovodeći
dovoditi	dovođenje
dovoziti	dovozeći
dovoziti	dovoženje
dovršiti	dovršivši
dovršiti	dovršenje
dozivati	dozivanje
doznati	doznavati
doznati	doznavši
doznavati	doznati
doznavati	doznavajući
doznavati	doznavanje
dozvati	dozvavši
dozvoliti	dozvolivši
dozvoljavati	dozvoljavajući
dozvoljavati	dozvoljavanje
doći	dolaziti
doći	došavši
dočarati	dočaravši
dočekati	dočekavši
dočekivati	dočekujući
dočekivati	dočekivanje
dočepati	dočepavši
doštampati	doštampavši
doživeti	doživevši
doživjeti	doživjevši
doživljavati	doživljavajući
doživljavati	doživljavanje
dragati	dragajući
dragati	draganje
dražiti	dražeći
dražiti	draženje
drejati	
dremati	dremajući
dremati	dremanje
dremnuti	dremnuvši
dresirati	dresirajući
dresirati	dresiravši
dresirati	dresiranje
drhtati	drhtjeti
drhtati	drhtanje
driblati	driblajući
driblati	driblanje
drijemati	drijemajući
drijemati	drijemanje
drkati	drkajući
drkati	drkanje
drmati	drmajući
drmati	drmanje
drobiti	drobeći
drobiti	drobljenje
drogirati	drogirajući
drogirati	drogiravši
drogirati	drogiranje
drudzgati	
družiti	družeći
družiti	druženje
drznuti	drznući
drznuti	drznuvši
drznuti	drznuće
držati	držeći
držati	državši
držati	držanje
dubiti	dubeći
dubiti	dubljenje
dugovati	dugujući
dugovati	dugovanje
duhati	duhajući
duhati	duhanje
duhnuti	duhnuvši
dupsti	dubući
dupsti	dubenje
durati	durajući
durati	duranje
duvati	duvnuti
duvati	duvajući
duvati	duvanje
duvnuti	duvnuvši
dvojiti	dvojeći
dvojiti	dvojenje
dvoriti	dvoreći
dvoriti	dvorenje
džepariti	odžepariti
egzistirati	egzistirajući
egzistirati	egzistiranje
ejakulirati	ejakulirajući
ejakulirati	ejakuliravši
ejakulirati	ejakuliranje
eksplodirati	eksplodirajući
eksplodirati	eksplodiravši
eksplodirati	eksplodiranje
ekstrapolirati	ekstrapolirajući
ekstrapolirati	ekstrapoliravši
ekstrapolirati	ekstrapoliranje
elidirati	elidirajući
elidirati	elidiravši
elidirati	elidiranje
emitirati	emitirajući
emitirati	emitiravši
emitirati	emitiranje
evakuirati	
evoluirati	
evolvirati	
fakinariti	
faksirati	faksirajući
faksirati	faksiravši
faksirati	faksiranje
faliti	faleći
faliti	faljenje
farbati	ofarbati
farbati	farbajući
farbati	farbanje
fehtati	
fejkati	
fermati	
fiksati	
filati	
filtrirati	filtrirajući
filtrirati	filtriravši
filtrirati	filtriranje
finansirati	
finiti	finivši
fkaniti	
flaširati	flaširajući
flaširati	flaširavši
flaširati	flaširanje
flertovati	flertujući
flertovati	flertovanje
flisnuti	
fluktuirati	fluktuirajući
fluktuirati	fluktuiranje
fokusirati	fokusirajući
fokusirati	fokusiravši
fokusirati	fokusiranje
formirati	formirajući
formirati	formiravši
formirati	formiranje
formulirati	formulirajući
formulirati	formuliravši
formulirati	formuliranje
forsirati	forsirajući
forsirati	forsiranje
fotografirati	
frapirati	
frigati	frigajući
frigati	friganje
frkati	frčući
frkati	frkanje
frljam	frljim
frljam	frljaja
frljam	frljala
frljam	frljajeći
frljam	frljanje
frljim	frljam
frljim	frljija
frljim	frljila
frustrirati	frustrirajući
frustrirati	frustriravši
frustrirati	frustriranje
fruštukovati	fruštukujući
fruštukovati	fruštukovavši
fruštukovati	fruštukovanje
fukati	
fumati	
fungirati	
furati	
gaditi	gadeći
gaditi	gađenje
gajiti	
gakati	gačući
gakati	gakanje
gaknuti	gaknuvši
gaktati	
galamiti	galameći
galamiti	galamljenje
ganjati	ganjajući
ganjati	ganjanje
ganuti	ganuvši
garantirati	garantirajući
garantirati	garantiravši
garantirati	garantiranje
garantovati	garantujući
garantovati	garantovavši
garantovati	garantovanje
gatati	gatajući
gatati	gatanje
gaziti	gazeći
gaziti	gaženje
gađati	gađajući
gađati	gađanje
gegati	gegajući
gegati	geganje
generirati	
germanizirati	germanizirajući
germanizirati	germaniziravši
germanizirati	germaniziranje
gibati	gibajući
gibati	gibanje
giljotinirati	giljotinirajući
giljotinirati	giljotiniravši
giljotinirati	giljotiniranje
ginuti	ginući
gladiti	gladeći
gladiti	glađenje
glagoljati	glagoljajući
glagoljati	glagoljanje
glasati	glasajući
glasati	glasavši
glasati	glasanje
glasiti	glaseći
glasiti	glašenje
glasovati	glasujući
glasovati	glasovanje
glačati	izglačati
gledati	gledajući
gledati	gledavši
gledati	gledanje
globiti	globeći
globiti	globljenje
glodati	glođući
glodati	glodanje
glorifikovati	
glumiti	glumeći
glumiti	glumljenje
gmizati	gmižući
gmizati	gmizanje
gnjaviti	gnjaveći
gnjaviti	gnjavivši
gnjaviti	gnjavljenje
gnječiti	gnječeći
gnječiti	gnječenje
gnjileti	gnjileći
gnjileti	gnjilenje
gnjiljeti	gnjileći
gnjiljeti	gnjiljenje
gnjiti	gnjijući
gnjiti	gnjivši
gnjiti	gnjijenje
gnjuriti	gnjureći
gnjuriti	gnjurenje
gnojiti	gnojeći
gnojiti	gnojenje
goditi	godeći
goditi	gođenje
gojiti	gojeći
gojiti	gojenje
gomilati	gomilajući
gomilati	gomilanje
gonetati	gonetajući
gonetati	gonetanje
goniti	goneći
goniti	gonjenje
gonjati	goniti
gonjati	gonjajući
gonjati	gonjanje
goreti	goreći
goreti	gorenje
gorjeti	goreći
gorjeti	gorenje
gorčati	gorčajući
gorčati	gorčanje
gospodariti	gospodareći
gospodariti	gospodarenje
gostiti	gosteći
gostiti	gošćenje
gotvim	gotvija
gotvim	gotvila
gotvim	gotvejeći
gotvim	gotvenje
govoriti	govoreći
govoriti	govorivši
govoriti	govorenje
grabiti	grabeći
grabiti	grabljenje
graditi	gradeći
graditi	građenje
graničiti	graničeći
graničiti	graničenje
granjavati	granjavajući
granjavati	granjavanje
granuti	granuvši
granuti	granuće
gravitirati	gravitirajući
gravitirati	gravitiranje
grditi	grdeći
grditi	grđenje
grebati	grebući
grebati	grebanje
grejati	grejući
grejati	grejanje
grepsti	grebući
grepsti	grebenje
grešiti	grešeći
grešiti	grešenje
grijati	grijući
grijati	grijanje
griješiti	griješeći
griješiti	griješenje
gristi	grizući
gristi	grizavši
gristi	grizenje
griznuti	griznuvši
grliti	grleći
grliti	grljenje
grmeti	grmeći
grmeti	grmljenje
grmjeti	grmeći
grmjeti	grmljenje
grnuti	grnuvši
groziti	grozeći
groziti	groženje
gruntati	
grušati	grušajući
grušati	grušanje
gubiti	gubeći
gubiti	gubivši
gubiti	gubljenje
guknuti	guknuvši
guliti	guleći
guliti	guljenje
gunđati	gunđajući
gunđati	gunđanje
gurati	gurnuti
gurati	gurajući
gurati	guranje
guriti	
gurnuti	gurnuvši
gusariti	gusareći
gusariti	gusarenje
gusnuti	zgusnuti
gutati	progutati
gutati	gutajući
gutati	gutanje
gušiti	gušeći
gušiti	gušenje
guštati	guštajući
guštati	guštanje
gužvati	gužvajući
gužvati	gužvanje
habati	habajući
habati	habanje
hajati	hajući
hajati	hajanje
hapsiti	hapseći
hapsiti	hapšenje
harati	harajući
harati	haranje
heširati	
hihotati	hihoćući
hihotati	hihotanje
hiniti	hineći
hiniti	hinjenje
hitati	hitajući
hitati	hitanje
hititi	hitati
hititi	hitivši
hititi	hićenje
hladiti	hladeći
hladiti	hlađenje
hlapiti	hlapeći
hlapiti	hlapljenje
hodati	hodajući
hodati	hodanje
hoditi	hodeći
hoditi	hođenje
hodočastiti	hodočasteći
hodočastiti	hodočašćenje
hrabriti	hrabreći
hrabriti	hrabrenje
hraniti	hraneći
hraniti	hranjenje
hrdati	hrdajući
hrdati	hrdanje
hrkati	hrčući
hrkati	hrkanje
hrknuti	hrknuvši
hromirati	hromirajući
hromirati	hromiravši
hromirati	hromiranje
hrvati	hrvajući
hrvati	hrvanje
hrvatizirati	
hrđati	hrđajući
hrđati	hrđanje
hteti	htenje
htjeti	hoteći
htjeti	htijući
htjeti	htjevši
htjeti	hotjevši
htjeti	htjenje
htjeti	htijenje
huliti	huleći
huliti	huljenje
huškati	huškajući
huškati	huškanje
hvalisati	hvališući
hvalisati	hvalisanje
hvaliti	hvaleći
hvaliti	hvaljenje
hvatati	hvatajući
hvatati	hvatanje
idealizirati	idealizirajući
idealizirati	idealiziravši
idealizirati	idealiziranje
identifikovati	
igrati	igrajući
igrati	igravši
igrati	igranje
ima	
imati	imajući
imati	imavši
imati	imanje
imenovati	imenujući
imenovati	imenovavši
imenovati	imenovanje
imeti	
imigrirati	imigrirajući
imigrirati	imigriravši
imigrirati	imigriranje
imitirati	imitirajući
imitirati	imitiranje
importirati	importirajući
importirati	importiravši
importirati	importiranje
impregnirati	impregnirajući
impregnirati	impregniravši
impregnirati	impregniranje
impresionirati	impresionirajući
impresionirati	impresioniravši
impresionirati	impresioniranje
improvizirati	improvizirajući
improvizirati	improviziravši
improvizirati	improviziranje
improvizovati	
imputirati	imputirajući
imputirati	imputiravši
imputirati	imputiranje
imunizirati	imunizirajući
imunizirati	imuniziravši
imunizirati	imuniziranje
imunizovati	
inatiti	inateći
inatiti	inaćenje
inaugurirati	inaugurirajući
inaugurirati	inauguriravši
inaugurirati	inauguriranje
industrijalizirati	industrijalizirajući
industrijalizirati	industrijaliziravši
industrijalizirati	industrijaliziranje
industrijalizovati	
informirati	informirajući
informirati	informiravši
informirati	informiranje
inovirati	inovirajući
inovirati	inoviravši
inovirati	inoviranje
inspirirati	inspirirajući
inspirirati	inspiriravši
inspirirati	inspiriranje
instalirati	
interesantno	
intrigirati	intrigirajući
intrigirati	intrigiravši
intrigirati	intrigiranje
investirati	investirajući
investirati	investiravši
investirati	investiranje
iritirati	iritirajući
iritirati	iritiranje
iseliti	iselivši
iseljavati	iseljavajući
iseljavati	iseljavanje
iseći	isekavši
ishabati	
isjeći	isjekavši
iskakati	iskačući
iskakati	iskakanje
iskaliti	iskalivši
iskaljivati	iskaljujući
iskaljivati	iskaljivanje
iskapati	
iskati	iskanje
iskazati	iskazavši
iskazivati	iskazujući
iskazivati	iskazivanje
iskašljati	iskašljavši
iskašljavati	iskašljavajući
iskašljavati	iskašljavanje
iskidati	iskidavši
iskititi	iskitivši
isključiti	isključivati
isključiti	isključivši
isključiti	isključenje
isključivati	isključiti
isključivati	isključujući
isključivati	isključivanje
iskopati	iskopavši
iskopavati	iskopavajući
iskopavati	iskopavanje
iskoreniti	iskorenivši
iskorenjivati	iskorenjujući
iskorenjivati	iskorenjivanje
iskorijeniti	iskorijenivši
iskoristiti	iskorištavati
iskoristiti	iskoristivši
iskoristiti	iskorištenje
iskorištavati	iskoristiti
iskorištavati	iskorištavajući
iskorištavati	iskorištavanje
iskorjenjivati	iskorjenjujući
iskorjenjivati	iskorjenjivanje
iskočiti	iskočivši
iskrasti	iskravši
iskriti	iskreći
iskriti	iskrenje
iskrvariti	iskrvarivši
iskrvaviti	iskrvavivši
iskrčiti	iskrčivši
iskrčivati	iskrčujući
iskrčivati	iskrčivanje
iskupiti	iskupivši
iskusiti	iskusivši
iskušati	iskušavši
iskvariti	iskvarivši
islamizirati	islamizirajući
islamizirati	islamiziravši
islamizirati	islamiziranje
ismejati	ismejavši
ismejavati	ismejavajući
ismejavati	ismejavanje
ismijati	ismijavši
ismijavati	ismijavajući
ismijavati	ismijavanje
ispadati	ispadajući
ispadati	ispadanje
ispasti	ispavši
ispatiti	ispativši
ispeglati	peglati
ispeglati	ispeglavši
ispeći	ispekavši
ispijati	ispijajući
ispijati	ispijanje
ispiliti	ispilivši
ispirati	ispirući
ispirati	ispiranje
ispisati	ispisavši
ispisivati	ispisujući
ispisivati	ispisivanje
ispitati	ispitavši
ispiti	ispivši
ispitivati	ispitujući
ispitivati	ispitivanje
isplatiti	isplativši
isplaćivati	isplaćujući
isplaćivati	isplaćivanje
isplesti	
ispletati	isplećući
ispletati	ispletanje
isplivati	isplivavši
isploviti	isplovivši
isporučiti	isporučivši
isporučivati	isporučujući
isporučivati	isporučivanje
ispostaviti	ispostavivši
ispostavljati	ispostavljajući
ispostavljati	ispostavljanje
isprati	ispravši
ispratiti	ispraćati
ispratiti	isprativši
ispraviti	ispravivši
ispravljati	ispravljajući
ispravljati	ispravljanje
isprazniti	ispraznivši
ispražnjavati	ispražnjavajući
ispražnjavati	ispražnjavanje
ispresti	isprevši
ispripovjediti	ispripovjedivši
ispričati	ispričavši
ispričavati	ispričavajući
ispričavati	ispričavanje
isprljati	isprljavši
isprobati	isprobavši
isprobavati	isprobati
isprobavati	isprobavajući
isprobavati	isprobavanje
ispruživši	
ispuhati	ispuhavši
ispuniti	ispunivši
ispuniti	ispunjenje
ispunjavati	ispunjavajući
ispunjavati	ispunjavanje
ispustiti	ispustivši
ispuvati	
ispušiti	ispušivši
istaknuti	istaknuvši
istapati	
isterati	isteravši
isteravati	isteravajući
isteravati	isteravanje
isterivati	isterujući
isterivati	isterivanje
istisnuti	
istjerati	istjeravši
istjeravati	istjeravajući
istjeravati	istjeravanje
istjerivati	istjerujući
istjerivati	istjerivanje
istopiti	istopivši
istovariti	istovarivši
istovarivati	istovarujući
istovarivati	istovarivanje
istražiti	istraživati
istražiti	istraživši
istraživati	istražiti
istraživati	istražujući
istraživati	istraživanje
istrebiti	istrebivši
istrebljivati	istrebljujući
istrebljivati	istrebljivanje
istrenirati	istreniravši
istresti	
istrijebiti	istrijebivši
istrošiti	istrošivši
istrčati	
istupati	istupajući
istupati	istupanje
istupiti	istupivši
istući	istukavši
isušiti	isušivši
iti	
izabirati	izabirući
izabirati	izabiranje
izabrati	izabravši
izazivati	izazvati
izazivati	izazivajući
izazivati	izazivanje
izazvati	izazivati
izazvati	izazvavši
izaći	izašavši
izbalansirati	izbalansiravši
izbatinati	izbatinavši
izbaviti	izbavivši
izbavljati	izbavljajući
izbavljati	izbavljanje
izbegavati	izbegavajući
izbegavati	izbegavanje
izbeći	izbegavši
izbečiti	izbečivši
izbijati	izbijajući
izbijati	izbijanje
izbiti	izbivši
izbjegavati	izbjegavajući
izbjegavati	izbjegavanje
izbjeći	izbjegavši
izbljuvati	izbljuvavši
izboriti	izborivši
izbosti	izbovši
izbrbljati	izbrbljavši
izbrisati	izbrisavši
izbušiti	izbušivši
izdahnuti	izdahnuvši
izdati	izdavši
izdati	izdanje
izdavati	izdajući
izdavati	izdavanje
izdiktirati	diktirati
izdiktovati	diktovati
izdisati	izdišući
izdisati	izdisanje
izdržati	izdržavši
izdržavati	izdržavajući
izdržavati	izdržavanje
izdvajati	izdvajajući
izdvajati	izdvajanje
izdvojiti	izdvojivši
izganjati	izganjajući
izganjati	izganjanje
izginuti	
izglačati	glačati
izglačati	izglačavši
izgledati	izgledajući
izgledati	izgledanje
izgnati	izgnavši
izgoniti	izgoneći
izgoniti	izgonjenje
izgoreti	izgorevši
izgorjeti	izgorjevši
izgovarati	izgovarajući
izgovarati	izgovaranje
izgovoriti	izgovorivši
izgraditi	izgradivši
izgrađivati	izgrađujući
izgrađivati	izgrađivanje
izgrepsti	izgrebavši
izgristi	izgrizavši
izgubiti	izgubivši
iziskivati	iziskujući
iziskivati	iziskivanje
izići	izišavši
izjadati	izjadavši
izjasniti	izjasnivši
izjaviti	izjavljivati
izjaviti	izjavivši
izjašnjavati	izjasniti
izjašnjavati	izjašnjavajući
izjašnjavati	izjašnjavanje
izjednačiti	izjednačivši
izjednačiti	izjednačenje
izjednačivati	izjednačujući
izjednačivati	izjednačivanje
izjuriti	izjurivši
izlagati	izlagavši
izlaziti	izlazeći
izlaziti	izlaženje
izlečiti	izlečivši
izliječiti	izliječivši
izlizati	izlizavši
izlizivati	izlizujući
izlizivati	izlizivanje
izljubiti	izljubivši
izljubljivati	izljubljujući
izljubljivati	izljubljivanje
izljutiti	izljutivši
izlomiti	izlomivši
izložiti	izloživši
izlučiti	izlučivši
izlučivati	izlučujući
izlučivati	izlučivanje
izmaknuti	
izmamiti	izmamivši
izmamljivati	izmamljujući
izmamljivati	izmamljivanje
izmeriti	izmerivši
izmigoljiti	izmigoljivši
izmisliti	izmislivši
izmjeriti	izmjerivši
izmlatiti	izmlativši
izmlatiti	izmlaćenje
izmusti	izmuzavši
iznajmiti	iznajmljivati
iznajmiti	iznajmivši
iznajmljivati	iznajmiti
iznajmljivati	iznajmljujući
iznajmljivati	iznajmljivanje
iznenaditi	iznenadivši
iznenađivati	iznenađujući
iznenađivati	iznenađivanje
iznervirati	iznerviravši
izneti	iznevši
iznevjeriti	iznevjerivši
iznijeti	iznijevši
iznositi	iznoseći
iznositi	iznošenje
iznuditi	iznudivši
iznuđivati	iznuđujući
iznuđivati	iznuđivanje
izobličavati	izobličavajući
izobličavati	izobličavanje
izobličiti	izobličivši
izolirati	izolirajući
izolirati	izoliravši
izolirati	izoliranje
izolovati	
izopačiti	izopačivši
izopačivati	izopačujući
izopačivati	izopačivanje
izorati	izoravši
izostajati	izostajajući
izostajati	izostajanje
izostati	izostavši
izostaviti	izostavivši
izostavljati	izostavljajući
izostavljati	izostavljanje
izoštravati	izoštravajući
izoštravati	izoštravanje
izoštriti	izoštrivši
izraditi	izradivši
izraniti	izranivši
izrastati	izrastajući
izrastati	izrastanje
izrasti	izrastavši
izravnati	izravnavši
izraziti	izrazivši
izračiti	izračivši
izračunati	izračunavši
izračunavati	izračunavajući
izračunavati	izračunavanje
izrađivati	izrađujući
izrađivati	izrađivanje
izražavati	izražavajući
izražavati	izražavanje
izrezati	izrezavši
izrezbariti	izrezbarivši
izrezivati	izrezujući
izrezivati	izrezivanje
izreći	izrekavši
izroditi	izrodivši
izručiti	izručivši
izručivati	izručujući
izručivati	izručivanje
izumeti	izumevši
izumirati	izumirući
izumirati	izumiranje
izumjeti	izumjevši
izumreti	izumrevši
izumrijeti	izumrijevši
izuti	izuvši
izuvati	izuvajući
izuvati	izuvanje
izuzeti	izuzevši
izuzimati	izuzimanje
izučiti	izučivši
izvaditi	izvadivši
izvesti	izvezavši
izvestiti	izvestivši
izvetriti	
izvideti	izvidevši
izvidjeti	izvidjevši
izvijestiti	izvijestivši
izviniti	
izviđati	izviđajući
izviđati	izviđanje
izvjetriti	
izvlačiti	izvlačeći
izvlačiti	izvlačenje
izvoditi	izvodeći
izvoditi	izvođenje
izvoziti	izvozeći
izvoziti	izvoženje
izvršavati	izvršavajući
izvršavati	izvršavanje
izvršiti	izvršivši
izvršiti	izvršenje
izvući	izvukavši
ići	išavši
ići	idenje
išarati	išaravši
išibati	išibavši
iščašiti	iščašivši
iščašiti	iščašenje
iščiliti	iščilivši
iščupati	iščupavši
jadati	jadajući
jadati	jadanje
jadikovati	jadikujući
jadikovati	jadikovanje
jaditi	jadeći
jaditi	jađenje
jagmiti	jagmeći
jagmiti	jagmljenje
jahati	jašući
jahati	jahanje
jambrati	
jamrati	
jamčiti	jamčeći
jamčiti	jamčenje
janjiti	janjeći
janjiti	janjenje
jaukati	jauknuti
jauknuti	
javiti	javljati
javiti	javivši
jačati	jačajući
jačati	jačavši
jačati	jačanje
je	
jebati	jebući
jebati	jebavši
jebati	jebanje
jediniti	jedineći
jediniti	jedinjenje
jednačiti	jednačeći
jednačiti	jednačivši
jednačiti	jednačenje
jedriti	jedreći
jedriti	jedrenje
jenjati	jenjajući
jenjati	jenjavši
jenjati	jenjanje
jenjavati	jenjavajući
jenjavati	jenjavanje
jesti	pojesti
jesti	jedući
jesti	jedavši
jesti	jedenje
jezditi	jezdeći
jezditi	jezdivši
jezditi	ježđenje
ječati	ječeći
ječati	ječanje
ježiti	ježeći
ježiti	ježenje
jisti	
junačiti	junačeći
junačiti	junačenje
juriti	jureći
juriti	jurenje
jurišati	jurišajući
jurišati	jurišanje
jurniti	jurnuvši
kaditi	kedeći
kaditi	kadivši
kaditi	kađenje
kajati	kajući
kajati	kajanje
kalemiti	kalemeći
kalemiti	kalemljenje
kaliti	kaleći
kaliti	kaljenje
kaljam	kaljaja
kaljam	kaljala
kaljam	kaljajeći
kaljam	kaljanje
kaljim	kaljaja
kaljim	kaljala
kaljim	kaljajeći
kaljim	kaljanje
kalkirati	kalkirajući
kalkirati	kalkiravši
kalkirati	kalkiranje
kalkulirati	kalkulirajući
kalkulirati	kalkuliranje
kambijati	
kambivati	
kambjati	
kamenovati	kamenujući
kamenovati	kamenovavši
kamenovati	kamenovanje
kampirati	kampirajući
kampirati	kampiranje
kanalizirati	kanalizirajući
kanalizirati	kanaliziravši
kanalizirati	kanaliziranje
kandidirati	kandidirajući
kandidirati	kandidiravši
kandidirati	kandidiranje
kaniti	kaneći
kaniti	kanjenje
kantati	
kanuti	
kapati	kapanje
kapitulirati	kapitulirajući
kapitulirati	kapituliravši
kapitulirati	kapituliranje
kapnuti	kapnuvši
karati	karajući
karati	karanje
kartati	kartajući
kartati	kartanje
kasati	kasajući
kasati	kasanje
kaskati	kaskajući
kaskati	kaskanje
kasniti	kasneći
kasniti	kasnivši
kasniti	kašnjenje
katapultirati	katapultirajući
katapultirati	katapultiravši
katapultirati	katapultiranje
kazati	kazavši
kazati	kazanje
kazivati	kazujući
kazivati	kazivavši
kazivati	kazivanje
kazniti	kažnjavati
kazniti	kaznivši
kašljati	kašljajući
kašljati	kašljanje
kažnjavati	kazniti
kažnjavati	kažnjavajući
kažnjavati	kažnjavanje
kenjati	kenjajući
kenjati	kenjanje
kesiti	keseći
kesiti	kešenje
kidati	kidajući
kidati	kidanje
kidnapirati	kidnapirajući
kidnapirati	kidnapiravši
kidnapirati	kidnapiranje
kihati	kišući
kihati	kihanje
kihnuti	kihnuvši
kijati	kijajući
kijati	kijanje
kikotati	kikoćući
kikotati	kikotanje
kinuti	kinuvši
kipeti	kipeći
kipeti	kipljenje
kipjeti	kipeći
kipjeti	kipljenje
kipteti	kipteći
kipteti	kipćenje
kiptjeti	kipteći
kiptjeti	kipćenje
kisnuti	kisnući
kisnuti	kišnjenje
kititi	kiteći
kititi	kićenje
kišiti	kišeći
kišiti	kišenje
kladiti	kladeći
kladiti	klađenje
klafrati	
klanjati	klanjajući
klanjati	klanjanje
klati	koljući
klati	klavši
klati	klanje
kleknuti	kleknuvši
kleti	kunući
klečati	klečeći
klečati	klečanje
kliktati	klikćući
kliktati	kliktanje
klizati	kližući
klizati	klizanje
kliziti	klizeći
kliziti	klizenje
kliznuti	kliznuvši
ključati	ključajući
ključati	ključanje
klofati	
kloniti	kloneći
kloniti	klonjenje
knjižiti	knjižeći
knjižiti	knjiženje
koagulirati	koagulirajući
koagulirati	koaguliravši
koagulirati	koaguliranje
koalirati	koalirajući
koalirati	koaliravši
koalirati	koaliranje
kokodakati	kokodačući
kokodakati	kokodakanje
kolebati	kolebajući
kolebati	kolebanje
komadati	komadajući
komadati	komadanje
kombinirati	
komentirati	komentirajući
komentirati	komentiravši
komentirati	komentiranje
komešati	komešajući
komešati	komešanje
komplikovati	
komponirati	komponirajući
komponirati	komponiravši
komponirati	komponiranje
kompromitirati	kompromitirajući
kompromitirati	kompromitiravši
kompromitirati	kompromitiranje
kompromitovati	
konstruirati	konstruirajući
konstruirati	konstruiravši
konstruirati	konstruiranje
konstruisati	
kontaktirati	kontaktirajući
kontaktirati	kontaktiravši
kontaktirati	kontaktiranje
kopati	kopajući
kopati	kopanje
koračati	koračajući
koračati	koračanje
koristiti	koristeći
koristiti	korištenje
koriti	koreći
koriti	korenje
kositi	koseći
kositi	košenje
kostrešiti	kostrešeći
kostrešiti	kostrešenje
kostriješiti	kostriješeći
kostriješiti	kostriješenje
kostrušiti	
kotirati	kotirajući
kotirati	kotiravši
kotirati	kotiranje
kotiti	koteći
kotiti	koćenje
kotrljati	kotrljajući
kotrljati	kotrljanje
koturati	koturajući
koturati	koturanje
kovarnuti	
kovati	kujući
kovati	kovanje
kovitlati	kovitlajući
kovitlati	kovitlanje
kovrčati	kovrčajući
kovrčati	kovrčanje
kozariti	
koziti	
kočiti	kočeći
kočiti	kočenje
koškati	koškajući
koškati	koškanje
košnuti	kosnuvši
koštati	koštajući
koštati	koštanje
kraljevati	kraljujući
kraljevati	kraljevanje
krampati	krampajući
krampati	krampanje
krasiti	kraseći
krasiti	krašenje
krasnosloviti	
krasti	kradući
krasti	kradenje
kratiti	krateći
kratiti	kraćenje
kraviti	
kraćati	kraćajući
kraćati	kraćanje
kračunati	
kreirati	kreirajući
kreirati	kreiravši
kreirati	kreiranje
kreketati	krekećući
kreketati	kreketanje
kremirati	kremirajući
kremirati	kremiravši
kremirati	kremiranje
krenuti	kretati
krenuti	krenuvši
krepati	krepavati
krepati	krepavši
krepavati	krepavajući
krepavati	krepavanje
krepiti	krepeći
kresati	krešući
kresati	kresanje
kresnuti	kresnuvši
kretati	krenuti
kretati	krećući
kretati	kretanje
kretenizirati	kretenizirajući
kretenizirati	kreteniziravši
kretenizirati	kreteniziranje
kreveljiti	kreveljeći
kreveljiti	kreveljenje
krečiti	krečeći
kreštati	krešteći
kreštati	kreštanje
krhati	krhajući
krhati	krhanje
krijepiti	krijepeći
kriještati	kriješteći
kriještati	kriještanje
krijumčariti	prokrijumčariti
krijumčariti	krijumčareći
krijumčariti	krijumčarenje
kriknuti	kričati
kriknuti	kriknuvši
kriminalizirati	kriminalizirajući
kriminalizirati	kriminaliziravši
kriminalizirati	kriminaliziranje
kristalizirati	kristalizirajući
kristalizirati	kristaliziravši
kristalizirati	kristaliziranje
kristijanizirati	kristijanizirajući
kristijanizirati	kristijaniziravši
kristijanizirati	kristijaniziranje
kriti	krijući
kriti	krijenje
kritizirati	kritizirajući
kritizirati	kritiziranje
kriviti	okriviti
kriviti	kriveći
kriviti	krivljenje
krivotvoriti	krivotvoreći
krivotvoriti	krivotvorenje
krivudati	krivudajući
krivudati	krivudanje
krivuljati	krivuljajući
krivuljati	krivuljanje
krizmati	
kričati	kričeći
kričati	kričanje
križati	križajući
križati	križanje
krkati	
krkljati	krkljajući
krkljati	krkljanje
krnjiti	krnjeći
krnjiti	krnjenje
kroatizirati	kroatizirajući
kroatizirati	kroatiziravši
kroatizirati	kroatiziranje
krojiti	krojeći
krojiti	krojenje
krolati	
kromirati	kromirajući
kromirati	kromiravši
kromirati	kromiranje
krotiti	kroteći
krotiti	kroćenje
kročiti	kročivši
krpariti	krpareći
krpariti	krparenje
krpati	krpajući
krpati	krpanje
krpatiti	
krstariti	krstareći
krstariti	krstarenje
krstiti	krsteći
krstiti	krstivši
krstiti	krštenje
krtožiti	
kruliti	kruleći
kruliti	kruljenje
krunisati	krunišući
krunisati	krunisavši
krunisati	krunisanje
krutiti	
kružiti	kružeći
kružiti	kruženje
krvariti	krvareći
krvariti	krvarenje
krvaviti	krvaveći
krvaviti	krvavljenje
krviti	krveći
krviti	krvljenje
krzati	krzajući
krzati	krzanje
krzmati	
krčati	krčeći
krčati	krčanje
krčiti	krčeći
krčiti	krčenje
krčkati	krčkajući
krčkati	krčkanje
krčmariti	krčmareći
krčmariti	krčmarenje
krčmiti	krčmeći
krčmiti	krčmljenje
kršiti	kršeći
kršiti	kršivši
kršiti	kršenje
kuditi	kudeći
kuditi	kuđenje
kuhati	kuhajući
kuhati	kuhanje
kukati	kukajući
kukati	kukanje
kumiti	
kupati	kupajući
kupati	kupanje
kupiti	kupivši
kupovati	kupujući
kupovati	kupovavši
kupovati	kupovanje
kuriti	
kurvati	kurvajući
kurvati	kurvanje
kurčiti	kurčeći
kurčiti	kurčenje
kuvati	kuvajući
kuvati	kuvanje
kušati	kušajući
kušati	kušavši
kušati	kušanje
kušnuti	
kušuvati	
kvariti	kvareći
kvariti	kvarenje
kvasiti	skvasiti
kvasiti	kvaseći
kvasiti	kvašenje
labaviti	labaveći
labaviti	labavljenje
lagati	slagati
lagati	lažući
lagati	laganje
lajati	lajući
lajati	lajavši
lajati	lajanje
lajkati	
lansirati	lansirajući
lansirati	lansiravši
lansirati	lansiranje
laskati	laskajući
laskati	laskanje
latiti	lativši
latiti	latenje
laufati	
laštiti	lašteći
laštiti	laštenje
lažirati	lažirajući
lažirati	lažiravši
lažirati	lažiranje
lebdeti	lebdeći
lebdeti	lebdenje
lebdjeti	lebdeći
lebdjeti	lebdenje
lediti	ledeći
lediti	leđenje
legalizirati	legalizirajući
legalizirati	legaliziravši
legalizirati	legaliziranje
lelejem	lelejaja
lelejem	lelejala
lelejem	lelejeći
lelekati	lelečući
lelekati	lelekanje
leleknuti	
lemati	lemajući
lemati	lemanje
leniti	leneći
leniti	lenjenje
lenjirati	lenjirajući
lenjirati	lenjiravši
lenjirati	lenjiranje
lepiti	lepeći
lepiti	lepljenje
lepršati	lepršajući
lepršati	lepršanje
leteti	leteći
leteti	letevši
leteti	letenje
letjeti	leteći
letjeti	letenje
levati	levajući
levati	levanje
leći	
lečiti	lečeći
lečiti	lečenje
ležati	ležeći
ležati	ležanje
lihvariti	lihvareći
lihvariti	lihvarenje
lijegati	liježući
lijegati	lijeganje
lijeniti	lijeneći
lijeniti	lijenjenje
lijepiti	lijepeći
lijepiti	lijepljenje
lijevati	lijevajući
lijevati	lijevanje
liječiti	liječeći
liječiti	liječenje
likvidirati	likvidirajući
likvidirati	likvidiravši
likvidirati	likvidiranje
linjati	linjajući
linjati	linjanje
linčovati	linčujući
linčovati	linčovavši
linčovati	linčovanje
lipsati	lipsavši
liptati	liptajući
liptati	liptanje
listati	olistati
listati	prelistati
listati	listajući
listati	listanje
liti	lijući
liti	livši
liti	livenje
lizati	ližući
lizati	lizanje
liznuti	liznuvši
ličiti	ličeći
lišavati	lišiti
lišavati	lišavajući
lišavati	lišavanje
lišiti	lišavati
lišiti	lišivši
lišiti	lišenje
ljubakati	ljubakajući
ljubakati	ljubakanje
ljubiti	poljubiti
ljubiti	ljubeći
ljubiti	ljubljenje
ljuljati	ljuljajući
ljuljati	ljuljanje
ljuljkati	
ljuljnuti	
ljuljuškati	ljuljuškajući
ljuljuškati	ljuljuškanje
ljutiti	ljuteći
ljutiti	ljućenje
ljuštiti	ljušteći
ljuštiti	ljuštenje
logorovati	logorujući
logorovati	logorovanje
lokati	ločući
lokati	lokanje
lombardirati	lombardirajući
lombardirati	lombardiravši
lombardirati	lombardiranje
lomiti	lomeći
lomiti	lomivši
lomiti	lomljenje
loptati	loptajući
loptati	loptanje
lotati	lotajući
lotati	lotanje
loviti	loveći
loviti	lovljenje
ložiti	ložeći
ložiti	loženje
ludeti	ludeći
ludeti	luđenje
ludirati	ludirajući
ludirati	ludiranje
luditi	
ludjeti	ludeći
ludjeti	luđenje
ludovati	ludujući
ludovati	ludovanje
luftirati	luftirajući
luftirati	luftiranje
lunjati	lunjajući
lupati	lupajući
lupati	lupanje
lupiti	lupivši
lutati	lutajući
lutati	lutanje
lučiti	lučeći
lučiti	lučenje
mahati	mahnuti
mahati	mašući
mahati	mahanje
mahnuti	mahati
mahnuti	mahnuvši
maknuti	
malaksati	malaksajući
malaksati	malaksavši
malaksati	malaksanje
maltretirati	
mamiti	mameći
mamiti	mamljenje
manjkati	manjkajući
manjkati	manjkanje
mariti	mareći
mariti	marenje
masturbirati	masturbirajući
masturbirati	masturbiravši
masturbirati	masturbiranje
mazati	maznuti
mazati	mažući
mazati	mazanje
maziti	mazeći
maziti	maženje
mačevati	mačujući
mačevati	mačevanje
mašiti	mašivši
maštati	maštajući
maštati	maštanje
mekšati	mekšajući
mekšati	mekšanje
menjati	menjajući
menjati	menjanje
meriti	mereći
meriti	merenje
mesiti	
mesti	metući
mesti	metenje
metati	mećući
metati	metavši
metati	metanje
metnuti	metnuvši
mešati	mešajući
mešati	mešanje
meškoljiti	meškoljeći
meškoljiti	meškoljenje
migoljiti	migoljeći
migoljiti	migoljenje
mijenjati	mijenjajući
mijenjati	mijenjanje
miješati	miješajući
miješati	miješanje
milovati	milujući
milovati	milovanje
mimoilaziti	
mimoići	mimoišavši
minirati	minirajući
minirati	miniravši
minirati	miniranje
minuti	minuvši
mirisati	mirišući
mirisati	mirisanje
miriti	mireći
miriti	mirenje
mirovati	mirujući
mirovati	mirovanje
misliti	misleći
misliti	mišljenje
miti	umiti
miti	mijući
mjeriti	mjereći
mjeriti	mjerenje
mlatiti	mlateći
mlatiti	mlaćenje
mleti	meljući
mleti	mlevenje
mljeti	meljući
mljeti	mljevenje
množiti	množeći
množiti	množenje
modelirati	modelirajući
modelirati	modeliravši
modelirati	modeliranje
mokriti	
moliti	moleći
moliti	molivši
moliti	moljenje
momoići	
morati	morajući
morati	moravši
morati	moranje
motati	motajući
motati	motanje
motivirati	motivirajući
motivirati	motiviravši
motivirati	motiviranje
motivisati	
motriti	motreći
motriti	motrenje
moći	mogući
moći	mogavši
močiti	močeći
močiti	močenje
mračiti	mračeći
mračiti	mračenje
mrejem	mreja
mrejem	mrela
mreti	mrući
mreti	mrevši
mreti	mrenje
mrijeti	mrući
mrmljati	mrmljajući
mrmljati	mrmljanje
mrsiti	
mrviti	mrveći
mrviti	mrvljenje
mrzeti	mrzeći
mrzeti	mrzenje
mrziti	mrzeći
mrziti	mrzenje
msm	
mukati	mučući
mukati	mukanje
muknuti	muknuvši
mumljati	mumljajući
mumljati	mumljanje
musti	muzući
musti	muzenje
mutiti	muteći
mutiti	mućenje
mućkati	promućkati
mućkati	mućkajući
mućkati	mućkanje
mučati	mučeći
mučati	mučanje
mučiti	mučeći
mučiti	mučenje
muštrati	muštrajući
muštrati	muštranje
nabadati	nabadajući
nabadati	nabadanje
nabasati	nabasavši
nabaviti	nabavivši
nabavljati	nabavljajući
nabavljati	nabavljanje
nabiti	nabivši
nabosti	nabovši
nabrati	nabravši
nabrbljati	nabrbljavši
nabreknuti	nabreknuvši
nabrojati	nabrojavši
nabrusiti	nabrusivši
nabubati	nabubavši
nabubriti	nabubrivši
nabuhnuti	
nabujati	nabujavši
nadahnjivati	nadahnjujući
nadahnjivati	nadahnjivanje
nadahnuti	nadahnuvši
nadahnuti	nadahnuće
nadati	nadajući
nadati	nadanje
nadenuti	nadenuvši
nadevati	nadevajući
nadevati	nadevanje
nadgledati	nadgledajući
nadgledati	nadgledanje
nadijevati	nadijevajući
nadijevati	nadijevanje
naditi	
nadjačati	nadjačavši
nadjačavati	nadjačavajući
nadjačavati	nadjačavanje
nadjenuti	nadjenuvši
nadletati	nadlećući
nadletati	nadletanje
nadleteti	nadletevši
nadletjeti	nadletjevši
nadlijetati	nadlijećući
nadlijetati	nadlijetanje
nadmašiti	nadmašivši
nadmašivati	nadmašujući
nadmašivati	nadmašivanje
nadograditi	nadogradivši
nadograđivati	nadograđujući
nadograđivati	nadograđivanje
nadoknaditi	nadoknadivši
nadoknađivati	nadoknađujući
nadoknađivati	nadoknađivanje
nadopisati	
nadoplatiti	nadoplaćivati
nadoplatiti	nadoplativši
nadopuniti	nadopunivši
nadovezati	nadovezavši
naduti	naduvši
nadvisiti	nadvisivši
nadviti	nadvivši
nadvladati	nadvladavši
nadzirati	nadzirući
nadzirati	nadziranje
nadživeti	nadživevši
nadživjeti	nadživjevši
nadživljavati	nadživljavajući
nadživljavati	nadživljavanje
nafilati	nafilavši
naginjati	naginjući
naginjati	naginjanje
naglasiti	naglasivši
naglašavati	naglašavajući
naglašavati	naglašavanje
nagnuti	nagnuvši
nagnuti	nagnuće
nagoditi	nagodivši
nagovarati	nagovarajući
nagovarati	nagovaranje
nagovestiti	nagovestivši
nagoveštavati	nagoveštavajući
nagoveštavati	nagoveštavanje
nagovešćivati	nagovešćujući
nagovešćivati	nagovešćivanje
nagovijestiti	nagovijestivši
nagovještavati	nagovještavajući
nagovještavati	nagovještavanje
nagovješćivati	nagovješćujući
nagovješćivati	nagovješćivanje
nagovoriti	nagovorivši
nagraditi	nagradivši
nagrađivati	nagrađujući
nagrađivati	nagrađivanje
nagrditi	nagrdivši
nagristi	nagrizavši
nagrizati	nagrizajući
nagrizati	nagrizanje
nagrnuti	nagrnuvši
nagrđivati	nagrđujući
nagrđivati	nagrđivanje
nagurati	naguravši
naguravati	naguravajući
naguravati	naguravanje
nahraniti	nahranivši
nahrupiti	nahrupivši
nahuškati	nahuškavši
nahvaliti	nahvalivši
nailaziti	naići
nailaziti	nailazeći
nailaziti	nailaženje
naići	nailaziti
naići	naišavši
najahati	najahavši
najaviti	najavivši
najesti	najedati
najesti	najevši
naježiti	naježivši
najti	
najuriti	najurivši
nakalemiti	nakalemivši
nakaniti	nakanjivati
nakaniti	nakanivši
nakanjivati	nakanjujući
nakanjivati	nakanjivanje
nakaziti	
naklanjati	naklanjajući
naklanjati	naklanjanje
nakloniti	naklonivši
naknaditi	naknadivši
naknađivati	naknađujući
naknađivati	naknađivanje
nakositi	nakosivši
nakosivati	nakosujući
nakosivati	nakosivanje
nakupiti	nakupivši
nalagati	
nalaziti	naći
nalaziti	nalazeći
nalaziti	nalaženje
nalikovati	nalikujući
nalikovati	nalikovanje
naljutiti	naljutivši
nalomiti	nalomivši
naložiti	nalagati
namakati	namačući
namakati	namakanje
namaknuti	
namamiti	namamivši
namamljivati	namamljujući
namamljivati	namamljivanje
namazati	
nameniti	namenivši
namenjivati	namenjujući
namenjivati	namenjivanje
nameravati	nameravajući
nameravati	nameravanje
namestiti	nameštati
nametati	namećući
nametati	nametanje
nametnuti	nametnuvši
namigivati	
namijeniti	namijenivši
namiriti	
namjenjivati	namjenjujući
namjenjivati	namjenjivanje
namjeravati	namjeravajući
namjeravati	namjeravanje
namjestiti	namještati
namjestiti	namjestivši
namleti	namlevši
namljeti	namljevši
namnažati	namnažajući
namnažati	namnažanje
namnožavati	namnožavajući
namnožavati	namnožavanje
namnožiti	namnoživši
namočiti	namočivši
nanervirati	nanerviravši
nanišaniti	nanišanivši
naoblačiti	naoblačivši
naoblačiti	naoblačenje
naoblačivati	naoblačujući
naoblačivati	naoblačivanje
naoružati	naoružavši
naoružati	naoružanje
naoružavati	naoružavajući
naoružavati	naoružavanje
naoštriti	naoštrivši
napadati	napadajući
napadati	napadanje
napasti	napavši
napastovati	napastujući
napastovati	napastovanje
napatiti	napativši
napeti	napnuvši
napeći	napekavši
napinjati	napinjući
napinjati	napinjanje
napisati	napisavši
napiti	napivši
napomenuti	napomenuvši
napominjati	napominjući
napominjati	napominjanje
napraviti	napravivši
napredovati	napredujući
napredovati	napredovavši
napredovati	napredovanje
napričati	napričavši
naprtiti	
napudrati	
napuhati	
napumpati	
napuniti	napunivši
napustiti	napustivši
napučiti	napučivši
napučivati	napučujući
napučivati	napučivanje
narediti	
naručiti	naručivši
naručivati	naručujući
naručivati	naručivanje
nasamariti	nasamarivši
nasamarivati	nasamarujući
nasamarivati	nasamarivanje
nasapunati	
naseliti	naselivši
naseljavati	naseljavajući
naseljavati	naseljavanje
nasititi	nasitivši
naslediti	nasledivši
nasleđivati	nasleđujući
nasleđivati	nasleđivanje
naslijediti	naslijedivši
naslikati	slikati
naslikati	naslikavši
nasljeđivati	nasljeđujući
nasljeđivati	nasljeđivanje
nasloniti	naslonivši
nasloviti	
naslutiti	naslutivši
nasmejati	nasmejavši
nasmejavati	nasmejavajući
nasmejavati	nasmejavanje
nasmešiti	smešiti
nasmešiti	nasmešivši
nasmijati	nasmijavši
nasmijavati	nasmijavajući
nasmijavati	nasmijavanje
nasmiješiti	smiješiti
nasmiješiti	nasmiješivši
naspati	naspavši
naspavati	naspavavši
nasrnuti	nasrnuvši
nasrtati	nasrćući
nasrtati	nasrtanje
nastajati	nastajući
nastajati	nastajanje
nastaniti	nastanivši
nastanjivati	nastanjujući
nastanjivati	nastanjivanje
nastati	nastavši
nastaviti	nastavivši
nastavljati	nastavljajući
nastavljati	nastavljanje
nastojati	nastojeći
nastojati	nastojanje
nastradati	nastradavši
nastupati	nastupajući
nastupati	nastupanje
nastupiti	nastupivši
nasukati	nasukavši
nategnuti	nategnuvši
naterati	nateravši
natezati	natežući
natezati	natezanje
nateći	natekavši
natjerati	natjeravši
natkriliti	natkrilivši
natkriljivati	natkriljujući
natkriljivati	natkriljivanje
natopiti	natopivši
nauditi	naudivši
naumiti	naumivši
naučiti	naučivši
navaliti	navalivši
navaljivati	navaljujući
navaljivati	navaljivanje
navesti	navezavši
navezati	navezavši
navigavati	
navijati	navijajući
navijati	navijanje
navikavati	navikavajući
navikavati	navikavanje
naviknuti	naviknuvši
navlažiti	navlaživši
navoditi	navodeći
navoditi	navođenje
navoziti	navozeći
navoziti	navoženje
navratiti	navrativši
navraćati	navraćajući
navraćati	navraćanje
navršiti	
nazadovati	nazadujući
nazadovati	nazadovanje
nazdraviti	nazdravivši
nazdravljati	nazdravljajući
nazdravljati	nazdravljanje
nazivati	nazivajući
nazivati	nazivanje
nazvati	nazvavši
naći	nalaziti
naći	našavši
načeti	načevši
načiniti	načinivši
načuti	načuvši
naštimati	
naštimavati	
naštrebati	štrebati
nedostajati	nedostajući
nedostajati	nedostajanje
negirati	negirajući
negirati	negiravši
negirati	negiranje
negodovati	negodujući
negodovati	negodovanje
negovati	negujući
negovati	negovanje
nemati	nemajući
nemati	nemanje
nemoj	
nenavideti	nenavideći
nenavideti	nenaviđenje
nenavidjeti	nenavideći
nenavidjeti	nenaviđenje
nervirati	nervirajući
nervirati	nerviranje
nestajati	nestajući
nestajati	nestajanje
nestati	nestavši
nesti	nesući
nesti	nesenje
neutralizirati	neutralizirajući
neutralizirati	neutraliziravši
neutralizirati	neutraliziranje
nijekati	niječući
nijekati	nijekanje
niknuti	niknuvši
nizati	nižući
nizati	nizanje
nišaniti	nišaneći
nišaniti	nišanjenje
njakati	njačući
njakati	njakanje
njegovati	njegujući
njegovati	njegovanje
njihati	njišući
njihati	njihanje
njurgati	
njušiti	njušeći
njušiti	njušenje
nominirati	nominirajući
nominirati	nominiravši
nominirati	nominiranje
noreti	
normalizirati	normalizirajući
normalizirati	normaliziravši
normalizirati	normaliziranje
normirati	normirajući
normirati	normiravši
normirati	normiranje
nosati	nosajući
nosati	nosanje
nositi	noseći
nositi	nosivši
nositi	nošenje
novačiti	novačeći
novačiti	novačenje
noćevati	
noćiti	noćeći
noćiti	noćivši
noćiti	noćenje
nuditi	nudeći
nuditi	nuđenje
obadati	
obariti	
obasjati	obasjavši
obasjavati	obasjavajući
obasjavati	obasjavanje
obasuti	obasuvši
obavestiti	obavestivši
obavestiti	obaveštenje
obavijati	obaviti
obavijati	obavijajući
obavijati	obavijanje
obavijestiti	obavijestivši
obavijestiti	obavještenje
obaviti	obavljati
obaviti	obavivši
obavljati	obaviti
obavljati	obavljajući
obavljati	obavljanje
obdariti	obdarivši
obdarivati	obdarujući
obdarivati	obdarivanje
obedovati	obedujući
obedovati	obedovavši
obedovati	obedovanje
obelodaniti	obelodanivši
obelodanjivati	obelodanjujući
obelodanjivati	obelodanjivanje
obeshrabriti	obeshrabrivši
obeshrabrivati	obeshrabrujući
obeshrabrivati	obeshrabrivanje
obesiti	obesivši
obespraviti	obespravivši
obespravljivati	obespravljujući
obespravljivati	obespravljivanje
obezglaviti	obezglavivši
obezglavljivati	obezglavljujući
obezglavljivati	obezglavljivanje
obećati	obećavši
obećati	obećanje
obećavati	obećavajući
obećavati	obećavanje
obeštetiti	obeštetivši
obeštetiti	obeštećenje
obeštećivati	obeštećujući
obeštećivati	obeštećivanje
obeščastiti	obeščastivši
obeščastiti	obeščašćenje
obeščašćivati	obeščašćujući
obeščašćivati	obeščašćivanje
obgrliti	obgrlivši
obijati	obijajući
obijati	obijanje
obiknuti	
obilaziti	obići
obilaziti	obilazeći
obilaziti	obilaženje
obilježiti	obilježivši
obilovati	obilujući
obilovati	obilovanje
obistiniti	obistinivši
obitavati	obitavajući
obitavati	obitavanje
obiti	obivši
obići	obišavši
običavati	običavajući
običavati	običavanje
objahati	objahavši
objasniti	objasnivši
objaviti	objavivši
objašnjavati	objašnjavajući
objašnjavati	objašnjavanje
objediniti	objedinivši
objedinjavati	objedinjavajući
objedinjavati	objedinjavanje
objedovati	objedujući
objedovati	objedovavši
objedovati	objedovanje
objelodaniti	objelodanivši
objelodanjivati	objelodanjujući
objelodanjivati	objelodanjivanje
objesiti	objesivši
oblačiti	obući
oblačiti	oblačeći
oblačiti	oblačenje
obleči	
oblikovati	oblikujući
oblikovati	oblikovavši
oblikovati	oblikovanje
oblizati	oblizavši
oblizivati	oblizujući
oblizivati	oblizivanje
obmanjivati	obmanjujući
obmanjivati	obmanjivanje
obmanuti	obmanuvši
obnoviti	obnovivši
obogatiti	obogativši
obogaćivati	obogaćujući
obogaćivati	obogaćivanje
obojiti	obojivši
oboriti	oborivši
oboružati	
obožavati	obožavajući
obožavati	obožavanje
obraditi	obradivši
obradovati	obradovavši
obraniti	obranivši
obratiti	obrativši
obrazlagati	obrazložiti
obrazlagati	obrazlažući
obrazlagati	obrazlaganje
obrazložiti	obrazlagati
obrazložiti	obrazloživši
obrazložiti	obrazloženje
obrazovati	obrazujući
obrazovati	obrazovavši
obraćati	obraćajući
obraćati	obraćanje
obračunati	obračunavši
obračunavati	obračunavajući
obračunavati	obračunavanje
obrađivati	obrađujući
obrađivati	obrađivanje
obrezati	obrezavši
obrezivati	obrezujući
obrezivati	obrezivanje
obrijati	obrijavši
obrisati	obrisavši
obrnuti	obrnuvši
obrtati	obrćući
obrtati	obrtanje
obrubiti	obrubivši
obrubljivati	obrubljujući
obrubljivati	obrubljivanje
obrukati	obrukavši
obuhvatati	obuhvatajući
obuhvatati	obuhvatanje
obuhvatiti	obuhvativši
obuhvaćati	obuhvaćajući
obuhvaćati	obuhvaćanje
obujmiti	obujmivši
obujmljivati	obujmljujući
obujmljivati	obujmljivanje
obustaviti	obustavivši
obustavljati	obustavljajući
obustavljati	obustavljanje
obuti	obuvši
obuvati	obuvajući
obuvati	obuvanje
obuzdati	obuzdavši
obuzdavati	obuzdavajući
obuzdavati	obuzdavanje
obuzeti	obuzevši
obuzimati	obuzimanje
obući	obukavši
obučavati	obučavajući
obučavati	obučavanje
obučiti	obučivši
obvezati	obvezavši
obvezivati	obvezujući
obvezivati	obvezivanje
odabirati	odabirući
odabirati	odabiranje
odabrati	odabravši
odati	odavši
odavati	odavajući
odavati	odavanje
odazivati	odazivanje
odazvati	odazvavši
odbijati	odbijajući
odbijati	odbijanje
odbiti	odbivši
odbjegnuti	
odbjeći	
odbraniti	odbranivši
odeliti	odelivši
odeljivati	odeljujući
odeljivati	odeljivanje
odenuti	odevši
odevati	odevajući
odevati	odevanje
odgađati	odgađajući
odgađati	odgađanje
odgoditi	odgodivši
odgovarati	odgovarajući
odgovarati	odgovaranje
odgovoriti	odgovorivši
odgristi	odgrizavši
odigrati	odigravati
odigrati	odigravši
odijeliti	odijelivši
odijevati	odijevajući
odijevati	odijevanje
odjahati	odjahavši
odjahivati	odjahujući
odjahivati	odjahivanje
odjaviti	odjavivši
odjebati	
odjeknuti	odjeknuvši
odjeljivati	odjeljujući
odjeljivati	odjeljivanje
odjenuti	odjenuvši
odjuriti	odjurivši
odlaziti	otići
odlaziti	odlazeći
odlaziti	odlaženje
odlediti	odledivši
odletati	odlećući
odletati	odletanje
odleteti	odletevši
odletjeti	odletjevši
odleđivati	odleđujući
odleđivati	odleđivanje
odlijetati	odlijećući
odlijetati	odlijetanje
odlikovati	odlikujući
odlikovati	odlikovavši
odlikovati	odlikovanje
odljutiti	odljutivši
odlomiti	odlomivši
odlutati	odlutavši
odlučiti	odlučivši
odlučivati	odlučujući
odlučivati	odlučivanje
odmagati	odmažući
odmagati	odmaganje
odmaknuti	
odmamiti	odmamivši
odmarati	odmarajući
odmarati	odmaranje
odmeravati	odmeravajući
odmeravati	odmeravanje
odmeriti	odmerivši
odmjeravati	odmjeravajući
odmjeravati	odmjeravanje
odmjeriti	odmjerivši
odmoriti	odmorivši
odmotati	odmotavši
odmotavati	odmotavajući
odmotavati	odmotavanje
odmoći	odmogavši
odnaroditi	odnarodivši
odneti	odnevši
odnijeti	odnijevši
odnositi	odnoseći
odnositi	odnošenje
odobravati	odobravajući
odobravati	odobravanje
odobriti	odobrivši
odobrovoljiti	odobrovoljivši
odobrovoljivati	odobrovoljujući
odobrovoljivati	odobrovoljivanje
odoleti	odolevši
odolevati	odolevajući
odolevati	odolevanje
odolijevati	odolijevajući
odolijevati	odolijevanje
odoljeti	odoljevši
odraditi	odradivši
odrastati	odrastajući
odrastati	odrastanje
odrasti	odrastavši
odraziti	odražavati
odraziti	odrazivši
odrađivati	odrađujući
odrađivati	odrađivanje
odražavati	odraziti
odražavati	odražavajući
odražavati	odražavanje
odrediti	odredivši
odrezati	odrezavši
odreći	odrekavši
određivati	određujući
određivati	određivanje
odriješiti	
odroditi	odrodivši
održati	održavši
održavati	održavajući
održavati	održavanje
odseći	odsekavši
odsjeći	odsjekavši
odstraniti	odstranivši
odstranjivati	odstranjujući
odstranjivati	odstranjivanje
odstreliti	odstrelivši
odstrijeliti	odstrijelivši
odstupati	odstupajući
odstupati	odstupanje
odstupiti	odstupivši
odudarati	odudarajući
odudarati	odudaranje
odugovlačiti	odugovlačeći
odugovlačiti	odugovlačenje
odupreti	oduprevši
oduprijeti	oduprijevši
odustajati	odustajajući
odustajati	odustajanje
odustati	odustavši
oduzeti	oduzevši
oduzimati	oduzimanje
odučiti	
odvajati	odvajajući
odvajati	odvajanje
odvažiti	odvaživši
odvesti	odvevši
odvezati	odvezavši
odviti	odvivši
odvoditi	odvodeći
odvoditi	odvođenje
odvojiti	odvojivši
odvratiti	odvrativši
odvrnuti	odvrnuvši
odvrteti	
odvrtjeti	odvrteći
odvrtjeti	odvrćenje
odvući	odvukavši
odzdraviti	odzdravivši
odzivati	odzivajući
odzivati	odzivanje
odzvoniti	odzvonivši
odškolovati	
odškrinuti	odškrinuvši
odšlepati	šlepati
odšlepovati	šlepovati
odžepariti	džepariti
ofarbati	farbati
ogledati	ogledavši
ogledavati	ogledavajući
ogledavati	ogledavanje
oglobiti	oglobivši
oglodati	oglodavši
oglodavati	oglodavajući
oglodavati	oglodavanje
ogovarati	ogovarajući
ogovarati	ogovaranje
ograditi	ogradivši
ograničiti	ograničivši
ograničiti	ograničenje
ograđivati	ograđujući
ograđivati	ograđivanje
ogrejati	ogrejavši
ogrejavati	ogrejavajući
ogrejavati	ogrejavanje
ogreznuti	
ogrijati	ogrijavši
ogrijavati	ogrijavajući
ogrijavati	ogrijavanje
ohladiti	ohladivši
ohlađivati	ohlađujući
ohlađivati	ohlađivanje
oholiti	oholeći
oholiti	oholjenje
ohrabriti	ohrabrivši
ohrabriti	ohrabrenje
ohrabrivati	ohrabrujući
ohrabrivati	ohrabrivanje
ohrabrujući	
oivičiti	oivičivši
oivičivati	oivičujući
oivičivati	oivičivanje
ojačati	ojačavši
ojačati	ojačanje
ojačavati	ojačavajući
ojačavati	ojačavanje
okaniti	okanivši
okititi	okitivši
okivati	okivajući
okivati	okivanje
oklevati	oklevajući
oklevati	oklevanje
oklijevati	oklijevajući
oklijevati	oklijevanje
oklopiti	oklopivši
okolišati	okolišajući
okolišati	okolišanje
okončati	okončajući
okončati	okončavši
okončati	okončanje
okončavati	okončavajući
okončavati	okončavanje
okovati	okovavši
okrasti	okravši
okrenuti	okrenuvši
okretati	okrećući
okretati	okretanje
okrečiti	krečiti
okrečiti	okrečivši
okriviti	kriviti
okriviti	okrivivši
okružiti	okruživši
okruživati	okružujući
okruživati	okruživanje
okrvaviti	okrvavivši
okupiti	okupivši
okusiti	okusivši
okvariti	kvariti
okvariti	okvarivši
olabaviti	olabavivši
olakšati	olakšavši
olakšavati	olakšavajući
olakšavati	olakšavanje
oličavati	oličavajući
oličavati	oličavanje
oličiti	oličivši
oličiti	oličenje
oljuštiti	oljuštivši
omalovažavati	omalovažavajući
omalovažavati	omalovažavanje
omalovažiti	omalovaživši
omamiti	omamivši
omamljivati	omamljujući
omamljivati	omamljivanje
omekšati	omekšavši
omekšavati	omekšavajući
omekšavati	omekšavanje
omesti	omevši
omeđiti	omeđivši
omogućavati	omogućavajući
omogućavati	omogućavanje
omogućiti	omogućivši
omogućivati	omogućujući
omogućivati	omogućivanje
omotati	omotavši
onemogućavati	onemogućavajući
onemogućavati	onemogućavanje
onemogućiti	onemogućivši
onemogućivati	onemogućujući
onemogućivati	onemogućivanje
onesposobiti	onesposobivši
onesposobljavati	onesposobljavajući
onesposobljavati	onesposobljavanje
onesposobljivati	onesposobljujući
onesposobljivati	onesposobljivanje
onečistiti	onečistivši
opadati	opadajući
opadati	opadanje
opasati	opasavši
opasivati	opasujući
opasivati	opasivanje
opasti	opavši
opaziti	opazivši
opažati	opažajući
opažati	opažanje
opetovati	opetovavši
opetovati	opetovanje
opeći	opekavši
ophoditi	ophodeći
ophoditi	ophođenje
opijati	opiti
opijati	opijajući
opijati	opijanje
opipati	opipavši
opipavati	opipavajući
opipavati	opipavanje
opirati	opirući
opirati	opiranje
opisati	opisavši
opisivati	opisujući
opisivati	opisivanje
opiti	opijati
opiti	opivši
opkoliti	
oplakati	oplačući
oplakati	oplakavši
oplakivati	
oplaviti	
oplemeniti	oplemenivši
oplemenjivati	oplemenjujući
oplemenjivati	oplemenjivanje
opljačkati	opljačkavši
oploditi	oplodivši
oploviti	oplovivši
oplođivati	oplođujući
oplođivati	oplođivanje
opomenuti	opomenuvši
opominjati	opominjući
opominjati	opominjanje
oponašati	oponašajući
oponašati	oponašanje
oponirati	oponirajući
oponirati	oponiravši
oponirati	oponiranje
oporaviti	oporavivši
oporavljati	oporavljajući
oporavljati	oporavljanje
oporezovati	oporezovavši
oporeći	oporekavši
opovrgavati	opovrgavajući
opovrgavati	opovrgavanje
opovrgnuti	opovrgnuvši
opozivati	opozivanje
opozvati	opozvavši
oprati	prati
oprati	opravši
opravdati	opravdavši
opraštati	opraštajući
opraštati	opraštanje
opredeliti	opredelivši
opredeliti	opredeljenje
opredeljivati	opredeljujući
opredeljivati	opredeljivanje
opredijeliti	opredijelivši
opredijeliti	opredjeljenje
opredjeljivati	opredjeljujući
opredjeljivati	opredjeljivanje
opremati	opremajući
opremati	opremanje
opremiti	opremivši
opričati	
oprostiti	oprostivši
opsedati	opsedajući
opsedati	opsedanje
opsesti	opsevši
opsjedati	opsjedajući
opsjedati	opsjedanje
opsjesti	opsjevši
opskrbiti	
opsovati	opsovavši
opstati	opstavši
opstojati	opstojeći
opstojati	opstojanje
opstruirati	
opteretiti	opteretivši
opteretiti	opterećenje
opterećivati	opterećujući
opterećivati	opterećivanje
optužiti	optuživši
optuživati	optužujući
optuživati	optuživanje
opustiti	opustivši
opuštati	opuštajući
opuštati	opuštanje
općutiti	
opčiniti	opčinivši
opčinjavati	opčinjavajući
opčinjavati	opčinjavanje
orati	orući
orati	oravši
orati	oranje
oratim	oratija
oratim	oratila
oratim	oratejeći
oratim	oratenje
organizirati	organizirajući
organizirati	organiziravši
organizirati	organiziranje
organizovati	
orobiti	
oružati	oružajući
oružati	oružanje
osakatiti	osakativši
osedlati	osedlavši
osedlavati	osedlavajući
osedlavati	osedlavanje
osetiti	osetivši
osećati	osećajući
osećati	osećanje
osigurati	osiguravati
osigurati	osiguravši
osigurati	osiguranje
osiguravati	osigurati
osiguravati	osiguravajući
osiguravati	osiguravanje
osiromašiti	osiromašivši
osiromašivati	osiromašujući
osiromašivati	osiromašivanje
osjetiti	osjetivši
osjećati	osjećajući
osjećati	osjećanje
oskrnaviti	oskrnavši
oskrnaviti	oskrnavljenje
oskvrnuti	oskvrnuvši
oslabeti	oslabivši
oslabiti	oslabivši
oslabjeti	oslabivši
oslobađati	osloboditi
oslobađati	oslobađajući
oslobađati	oslobađanje
osloboditi	oslobađati
osloboditi	oslobođavati
osloboditi	oslobodivši
osloniti	oslonivši
osmatrati	osmatrajući
osmatrati	osmatranje
osmjehnuti	smiješiti
osmotriti	osmotrivši
osnivati	osnivajući
osnivati	osnivanje
osnovati	osnovavši
osokoliti	osokolivši
osporavati	osporavajući
osporavati	osporavanje
osporiti	osporivši
osramotiti	osramotivši
osramoćivati	osramoćujući
osramoćivati	osramoćivanje
ostajati	ostajući
ostajati	ostajanje
ostarijevati	
ostarjeti	
ostati	ostavši
ostaviti	ostavivši
ostavljati	ostavljajući
ostavljati	ostavljanje
ostvariti	ostvarivati
ostvariti	ostvarivši
ostvarivati	ostvariti
ostvarivati	ostvarujući
ostvarivati	ostvarivanje
osuditi	osudivši
osumnjičiti	osumnjičivši
osunčati	osunčavši
osuđivati	osuđujući
osuđivati	osuđivanje
osušiti	osušivši
osvajati	osvojiti
osvajati	osvajajući
osvajati	osvajanje
osvanjivati	osvanjujući
osvanuti	osvanuvši
osvetiti	osvetivši
osvećivati	osvećujući
osvećivati	osvećivanje
osvežavati	osvežavajući
osvežavati	osvežavanje
osvežiti	osveživši
osvijetliti	
osvježavati	osvježavajući
osvježavati	osvježavanje
osvježiti	osvježivši
osvojiti	osvajati
osvojiti	osvojivši
otapati	otapajući
otapati	otapanje
otarasiti	otarasivši
otegliti	tegliti
oterati	terati
oterati	oteravši
oteti	otevši
oteći	otekavši
otimati	otimanje
otići	odlaziti
otići	otišavši
otjerati	tjerati
otjerati	otjeravši
otkazati	otkazavši
otkazivati	otkazujući
otkazivati	otkazivanje
otkidati	otkidajući
otkidati	otkidanje
otkinuti	otkinuvši
otklanjati	otklanjajući
otklanjati	otklanjanje
otkloniti	otklonivši
otkopati	otkopavši
otkopavati	otkopavajući
otkopavati	otkopavanje
otkriti	otkrivši
otkrivati	otkrivajući
otkrivati	otkrivanje
otopiti	otopivši
otpadati	otpadajući
otpadati	otpadanje
otpasti	otpavši
otpiliti	otpilivši
otpirati	
otpisati	otpisavši
otpisivati	otpisujući
otpisivati	otpisivanje
otpiti	otpivši
otplivati	otplivavši
otploviti	otplovivši
otpočeti	otpočevši
otpočinuti	otpočinuvši
otpočivati	otpočivajući
otpočivati	otpočivanje
otpraviti	otpravivši
otprti	
otpustiti	otpustivši
otputovati	otputovavši
otpuštati	otpuštajući
otpuštati	otpuštanje
otrovati	otrovavši
otuđiti	otuđivši
otuđivati	otuđujući
otuđivati	otuđivanje
otvarati	otvarajući
otvarati	otvaranje
otvoriti	otvorivši
otvoriti	otvorenje
ovaplotiti	ovaplotivši
ovaplotiti	ovaploćenje
ovaploćivati	ovaploćujući
ovaploćivati	ovaploćivavši
ovaploćivati	ovaploćivanje
ovenčati	ovenčavši
ovenčavati	ovenčavajući
ovenčavati	ovenčavanje
overavati	overavajući
overavati	overavanje
overiti	overivši
ovisiti	oviseći
ovisiti	ovišenje
ovjenčati	ovjenčavši
ovjenčavati	ovjenčavajući
ovjenčavati	ovjenčavanje
ovjeravati	ovjeravajući
ovjeravati	ovjeravanje
ovjeriti	ovjerivši
ovladati	ovladavši
ovladavati	ovladavajući
ovladavati	ovladavanje
ovlastiti	ovlastivši
ovlašćivati	ovlašćujući
ovlašćivati	ovlašćivanje
ozdraviti	
ozlediti	ozledivši
ozleđivati	ozleđujući
ozleđivati	ozleđivanje
ozlijediti	ozlijedivši
ozljeđivati	ozljeđujući
ozljeđivati	ozljeđivanje
označavati	označavajući
označavati	označavanje
označiti	označivši
ozračiti	
oćutati	ćutati
očajavati	
očarati	očaravši
očekivati	očekujući
očekivati	očekivanje
očeličiti	očeličivši
očistiti	očistivši
očitovati	
očuvati	očuvavši
očuvati	očuvanje
ošamariti	ošamarivši
ošišati	ošišavši
oštetiti	oštetivši
oštetiti	oštećenje
oštećivati	oštećujući
oštećivati	oštećivanje
oštriti	oštreći
oštriti	oštrenje
oženiti	oženivši
oživeti	oživevši
oživiti	oživivši
oživjeti	oživjevši
oživljavati	oživljavajući
oživljavati	oživljavanje
oživotvoravati	oživotvoravajući
oživotvoravati	oživotvoravanje
oživotvoriti	oživotvorivši
oživotvoriti	oživotvorenje
padati	padajući
padati	padanje
paginirati	paginirajući
paginirati	paginiravši
paginirati	paginiranje
pakirati	pakirajući
pakirati	pakiranje
pakovati	spakovati
pakovati	pakujući
pakovati	pakovanje
paliti	paleći
paliti	palivši
paliti	paljenje
pamtiti	pamteći
pamtiti	pamćenje
panelirati	panelirajući
panelirati	paneliravši
panelirati	paneliranje
paničiti	
paradirati	paradirajući
paradirati	paradiranje
parirati	parirajući
parirati	pariranje
pariti	pareći
pariti	parenje
parkirati	parkirajući
parkirati	parkiravši
parkirati	parkiranje
pasati	
pasti	pavši
patiti	pateći
patiti	paćenje
patosati	
pazariti	pazareći
pazariti	pazarivši
pazariti	pazarenje
paziti	pazeći
paziti	paženje
peglati	
peljati	
penetrirati	penetrirajući
penetrirati	penetriravši
penetrirati	penetriranje
peniti	peneći
peniti	penenje
penjati	penjući
penjati	penjanje
pensati	
pepeljati	
persirati	persirajući
persirati	persiranje
peti	
petljati	petljajući
petljati	petljučanje
pevati	pevajući
pevati	pevavši
pevati	pevanje
peći	pekući
peći	pekavši
peći	pečenje
pešačiti	pešačeći
pešačiti	pešačenje
peškati	
pihati	
pila	
piliti	pileći
piliti	piljenje
pisati	pišući
pisati	pisavši
pisati	pisanje
piskati	piskajući
piskati	piskanje
pisujem	pisuvaja
pisujem	pisuvala
pisujem	pisuvajeći
pisujem	pisuvanje
pitati	pitajući
pitati	pitavši
pitati	pitanje
piti	popiti
piti	pijući
piti	pijenje
pituvati	pituvajući
pituvati	pituvanje
pizdeti	pizdeći
pizdeti	pižđenje
pizditi	pizdeći
pizditi	pižđenje
pjeniti	pjeneći
pjeniti	pjenjenje
pjevati	pjevajući
pjevati	pjevanje
pješačiti	pješačeći
pješačiti	pješačenje
plakati	plačući
plakati	plakanje
plandovati	plandovanje
planirati	planirajući
planirati	planiranje
planuti	planuvši
plasirati	plasirajući
plasirati	plasiravši
plasirati	plasiranje
platiti	plativši
plaviti	poplaviti
plaziti	plazeći
plaziti	plaženje
plaćati	plaćajući
plaćati	plaćanje
plašiti	plašeći
plašiti	plašenje
plesati	plešući
plesati	plesanje
plesniviti	
plesti	pletući
plesti	pletavši
plesti	pletenje
plijeti	
plivati	plivajući
plivati	plivanje
pljačkati	opljačkati
pljačkati	pljačkajući
pljačkati	pljačkanje
pljeskati	pljeskanje
pljesniviti	
pljunuti	pljunuvši
pljuvati	pljujući
pljuvati	pljuvanje
pljuštati	pljuštanje
ploditi	plodeći
ploditi	plođenje
ploviti	ploveći
ploviti	plovljenje
plutati	plutajući
plutati	plutanje
pluti	plovući
pluti	pluvši
pluti	plovenje
pobediti	pobedivši
pobeliti	pobelivši
pobesniti	
pobeći	bežati
pobeći	pobegavši
pobeđivati	pobeđujući
pobeđivati	pobeđivanje
pobijati	pobijajući
pobijati	pobijanje
pobijediti	pobijedivši
pobijeliti	pobijelivši
pobiti	pobivši
pobjesniti	
pobjeći	bježati
pobjeći	pobjegavši
pobjeđivati	pobjeđujući
pobjeđivati	pobjeđivanje
pobledeti	pobledevši
poblediti	
poblijediti	
poblijedjeti	poblijedjevši
poboljšati	poboljšavši
poboljšati	poboljšanje
poboljšavati	poboljšavajući
poboljšavati	poboljšavanje
pobosti	pobovši
pobuditi	pobudivši
pobuniti	pobunivši
pobunjivati	pobunjujući
pobunjivati	pobunjivanje
pobuđivati	pobuđujući
pobuđivati	pobuđivanje
podbadati	podbadajući
podbadati	podbadanje
podbosti	podbovši
podeliti	podelivši
podesiti	podesivši
podešavati	podešavajući
podešavati	podešavanje
podgraditi	podgradivši
podgrađivati	podgrađivajući
podgrađivati	podgrađivanje
podgrejati	podgrejavši
podgrejavati	podgrejavajući
podgrejavati	podgrejavanje
podgrijati	podgrijavši
podgrijavati	podgrijavajući
podgrijavati	podgrijavanje
podgristi	podgrizavši
podijeliti	podijelivši
podilaziti	podilazeći
podilaziti	podilaženje
podizati	podižući
podizati	podizanje
podići	podignuti
podići	podignuće
podičiti	podičivši
podjarmiti	podjarmivši
podjarmljivati	podjarmljujući
podjarmljivati	podjarmljivanje
podmazati	podmazavši
podmetnuti	
podmititi	podmitivši
podmićivati	podmićujući
podmićivati	podmićivanje
podneti	podnevši
podnijeti	podnijevši
podpoditi	
podraniti	
podrazumevati	podrazumevajući
podrazumevati	podrazumevanje
podrazumijevati	podrazumijevajući
podrazumijevati	podrazumijevanje
podrediti	podredivši
podrezati	podrezavši
podrezivati	podrezujući
podrezivati	podrezivanje
podrigivati	podrignuti
podrigivati	podrigujući
podrigivati	podrigivanje
podrignuti	podrigivati
podrignuti	podrignuvši
podrugivati	podrugujući
podrugivati	podrugivanje
podržati	podržavši
podržavati	podržavajući
podržavati	podržavanje
podsetiti	podsetivši
podsećati	podsećajući
podsećati	podsećanje
podsjetiti	podsjetivši
podsjećati	podsjećajući
podsjećati	podsjećanje
podstaviti	podstavivši
podstaći	
podstrići	podstrigavši
podudariti	podudarivši
poduzeti	poduzevši
podučiti	podučivši
podvaliti	podvalivši
podvesti	podvevši
podvlastiti	
podvlačiti	
podvojiti	
podvostručiti	podvostručivši
podvrgnuti	podvrgavši
podvrći	
podčiniti	podčinivši
pogađati	pogoditi
pogađati	pogađajući
pogađati	pogađanje
pogibati	pogibajući
pogibati	pogibanje
poginuti	poginuvši
pogledati	pogledavši
pogledavati	pogledavajući
pogledavati	pogledavanje
pogoditi	pogađati
pogoditi	pogodivši
pogrbiti	pogrbivši
pogrešiti	pogrešivši
pogriješiti	pogriješivši
pohabati	pohabavši
pohasniti	
pohati	pohajući
pohati	pohanje
pohitati	pohitavši
pohoditi	
pohovati	
pohvaliti	pohvalivši
pohvaljivati	pohvaljujući
pohvaljivati	pohvaljivanje
poimati	poimanje
pojahati	
pojasniti	pojasnivši
pojaviti	pojavivši
pojavljivati	pojavljujući
pojavljivati	pojavljivanje
pojačati	pojačavši
pojačati	pojačanje
pojednostaviti	pojednostavivši
pojednostaviti	pojednostavljenje
pojednostavniti	pojednostavivši
pojednostavniti	pojednostavljenje
pojednostavnjivati	pojednostavnjujući
pojednostavnjivati	pojednostavnjivanje
pojesti	jesti
pojesti	pojedavši
pojesti	pojevši
pojmiti	pojmivši
pojuriti	pojurivši
pokazati	pokazavši
pokazivati	pokazujući
pokazivati	pokazivanje
pokidati	pokidavši
pokisnuti	pokisnuvši
poklanjati	poklanjajući
poklanjati	poklanjanje
pokleknuti	pokleknuvši
pokloniti	poklonivši
pokopati	pokopavši
pokoravati	pokoravajući
pokoravati	pokoravanje
pokoriti	pokorivši
pokrasti	pokravši
pokrenuti	pokrenuvši
pokretati	pokrećući
pokretati	pokretanje
pokriti	pokrivši
pokrivati	pokrivajući
pokrivati	pokrivanje
pokrstiti	pokrstivši
pokrštavati	pokrštavajući
pokrštavati	pokrštavanje
pokunjiti	pokunjivši
pokupiti	pokupivši
pokušati	pokušavši
pokvariti	pokvarivši
pokvasiti	pokvasivši
polagati	položiti
polagati	polažući
polagati	polaganje
polakomiti	polakomivši
polaskati	polaskavši
polaziti	polazeći
polaziti	polaženje
poletati	polećući
poletati	poletanje
poleteti	poletevši
poletjeti	poletjevši
polijetati	polijećući
polijetati	polijetanje
politi	polivši
polizati	polizavši
poljubiti	poljubivši
polomiti	polomivši
položiti	polagati
položiti	položivši
poludeti	poludivši
poludjeti	poludivši
pomagati	pomažući
pomagati	pomaganje
pomaknuti	
pomazati	pomazavši
pomesti	pomevši
pomešati	pomešavši
pomiješati	pomiješavši
pomilovati	pomilovavši
pomiriti	pomirivši
pomisliti	pomislivši
pomišljati	pomišljajući
pomišljati	pomišljanje
pomnožiti	pomnoživši
pomoliti	
pomoći	pomogavši
pomusti	pomuzavši
ponadzrndziti	
ponavljati	ponavljajući
ponavljati	ponavljanje
ponašati	ponašajući
ponašati	ponašanje
ponestajati	ponestajajući
ponestajati	ponestajanje
ponestati	ponestavši
poneti	ponesujući
poneti	ponevši
ponijeti	ponesujući
ponijeti	ponijevši
poniziti	ponizivši
poniziti	poniženje
poništavati	poništavajući
poništavati	poništavanje
poništiti	poništivši
ponižavati	ponižavajući
ponižavati	ponižavanje
ponoreti	
ponoriti	
ponositi	ponoseći
ponositi	ponošenje
ponoviti	ponovivši
ponuditi	ponudivši
ponukati	ponukavši
poorati	pooravši
popetati	
popeti	peti
popeti	popevši
popevati	
popisati	popisavši
popisivati	popisujući
popisivati	popisivanje
popiti	piti
popiti	popivši
popizditi	
poplaviti	poplavivši
poplašiti	poplašivši
poprati	popravši
popratiti	poprativši
popraviti	popravivši
popraćivati	popraćujući
popraćivati	popraćivanje
poprimiti	poprimivši
popričati	popričavši
poprskati	poprskavši
poprskavati	poprskavajući
poprskavati	poprskavanje
popržiti	poprživši
popularizirati	popularizirajući
popularizirati	populariziravši
popularizirati	populariziranje
popularizovati	
popuniti	popunivši
popunjavati	popunjavajući
popunjavati	popunjavanje
popustiti	popustivši
popušiti	pušiti
popušiti	popušivši
popuštati	popuštajući
popuštati	popuštanje
poraditi	poradivši
poraniti	poranivši
porasti	porastavši
poravnati	poravnavši
poraziti	
porađati	porađajući
porađati	porađanje
poredati	poredavši
poredati	poredanje
poremetiti	poremetivši
poremećivati	poremećujući
poremećivati	poremećivanje
porezati	porezavši
poreći	porekavši
poređati	poređavši
poređati	poređanje
porobiti	porobivši
porobljavati	porobljavajući
porobljavati	porobljavanje
porobljivati	porobljujući
porobljivati	porobljivanje
poroditi	porodivši
porumeneti	porumenevši
porumeniti	
porumenjeti	porumenjevši
poručiti	poručivati
poručiti	poručivši
poručivati	poručiti
poručivati	poručujući
poručivati	poručivanje
porušiti	porušivši
posaditi	posadivši
posađivati	posađujući
posađivati	posađivanje
posedeti	posedjevši
posediti	
posedovati	posedujući
posedovati	posedovanje
posetiti	posetivši
poseći	posekavši
posećivati	posećujući
posećivati	posećivane
posijediti	
posijedjeti	posijedjevši
posjedovati	posjedujući
posjedovati	posjedovanje
posjetiti	posjetivši
posjeći	posjekavši
posjećivati	posjećujući
posjećivati	posjećivanje
poskakivati	
poskupiti	
poskupjeti	
poslati	poslavši
poslovati	poslujući
poslovati	poslovanje
poslušati	poslušavši
poslužiti	posluživši
posmatrati	posmatrajući
posmatrati	posmatranje
posoliti	posolivši
pospraviti	
pospremati	pospremajući
pospremati	pospremanje
pospremiti	pospremivši
posramiti	posramivši
posramljivati	posramljujući
posramljivati	posramljivanje
posrati	
posredovati	posredujući
posredovati	posredovanje
posrkati	posrkavši
posrnuti	posrnuvši
posrtati	posrćući
posrtati	posrtanje
postajati	postajavši
postati	postavši
postaviti	postavivši
postavljati	postavljajući
postavljati	postavljanje
postideti	postidevši
postidjeti	postidjevši
postiti	posteći
postiti	pošćenje
postići	postigavši
postojati	postojeći
postojati	postojanje
postupati	postupajući
postupati	postupanje
postupiti	postupivši
posuditi	posudivši
posustajati	posustajajući
posustajati	posustajanje
posustati	posustavši
posuđivati	posuđujući
posuđivati	posuđivanje
posvajati	
posvetiti	posvećivati
posvetiti	posvetivši
posvećivati	posvetiti
posvećivati	posvećujući
posvećivati	posvećivanje
posvjedočiti	
posvojiti	
potaknuti	potakavši
potapati	potapajući
potapati	potapanje
potegnuti	potegnuvši
potezati	potežući
potezati	potezanje
potjerati	
potkivati	potkivajući
potkivati	potkivanje
potkopati	potkopavši
potkopavati	potkopavajući
potkopavati	potkopavanje
potkovati	potkovavši
potkrepiti	potkrepivši
potkrepljivati	potkrepljujući
potkrepljivati	potkrepljivanje
potkrijepiti	potkrijepivši
potkupiti	potkupivši
potkupljivati	potkupljujući
potkupljivati	potkupljivanje
potonuti	
potopiti	potopivši
potpisati	potpisavši
potpisivati	potpisujući
potpisivati	potpisivanje
potplatiti	potplativši
potplaćivati	potplaćujući
potplaćivati	potplaćivanje
potrajati	potrajavši
potražiti	potraživši
potrošiti	potrošivši
potruditi	potrudivši
potrčati	potrčavši
potvrditi	potvrdivši
potvrđivati	potvrđujući
potvrđivati	potvrđivanje
poučavati	
poučiti	
povedati	
poveriti	poverivši
poverovati	poverovavši
povesti	povevši
povezati	povezavši
povećati	povećavši
povećavati	povećavajući
povećavati	povećavanje
povijati	povijajući
povijati	povijanje
povisiti	povisivši
poviti	povivši
povjeriti	povjerivši
povjerovati	povjerovavši
povlačiti	povući
povlačiti	povlačeći
povlačiti	povlačenje
povoditi	povodeći
povoditi	povođenje
povratiti	povrativši
povrediti	povredivši
povrijediti	povrijedivši
povući	povukavši
pozabiti	
pozajmiti	
pozdraviti	pozdravivši
pozdravljati	pozdravljajući
pozdravljati	pozdravljanje
pozirati	pozirajući
pozirati	poziravši
pozirati	poziranje
pozivati	pozivanje
pozlatiti	
poznati	poznavati
poznati	poznavši
poznavati	poznavajući
poznavati	poznavanje
pozvati	pozvavši
poći	pošavši
počakati	
počastiti	počastivši
početi	počevši
počešljati	češljati
počešljati	počešljavši
počiniti	počinivši
počinjati	počinjući
počinjati	počinjanje
počinuti	
počistiti	čistiti
počistiti	počistivši
poštedeti	poštedevši
poštedjeti	poštedjevši
poštovati	poštujući
poštovati	poštovavši
poštovati	poštovanje
pošumiti	pošumivši
pošumljivati	pošumljujući
pošumljivati	pošumljivanje
poželeti	poželevši
poželjeti	poželjevši
požuriti	požurivati
požutiti	
praskati	praskajući
praskati	praskanje
prasnuti	prasnuvši
prati	oprati
prati	perući
prati	pranje
pratiti	prateći
pratiti	praćenje
pravdati	pravdajući
pravdati	pravdanje
praviti	praveći
praviti	pravljenje
prazniti	prazneći
prazniti	pražnjenje
praznovati	praznujući
praznovati	praznovanje
prdeti	prdeći
prdeti	prdevši
prdeti	prđenje
prdjeti	prdeći
prdjeti	prđenje
prdnuti	prdnuvši
prebijati	prebijajući
prebijati	prebijanje
prebiti	prebivši
prebroditi	prebrodivši
prebrođivati	prebrođujući
prebrođivati	prebrođivanje
predahnuti	predahnuvši
predati	predavši
predavati	predajući
predavati	predavanje
predbilježiti	
predložiti	predloživši
predodrediti	predodredivši
predodređivati	predodređujući
predodređivati	predodređivanje
predomisliti	predomislivši
predomišljati	predomišljajući
predomišljati	predomišljanje
predosjećati	
predočiti	predočivši
predsedavati	
predsjedati	
predsjedavati	
predstaviti	predstavivši
predvideti	predvidevši
predvidjeti	predvidjevši
predviđati	predviđajući
predviđati	predviđanje
predvoditi	predvodeći
predvoditi	predvođenje
preferirati	preferirajući
preferirati	preferiravši
preferirati	preferiranje
preformulirati	preformulirajući
preformulirati	preformuliravši
preformulirati	preformuliranje
pregibati	pregibanje
pregnuti	pregnuvši
pregovarati	pregovarajući
pregovarati	pregovaranje
pregraditi	pregradivši
pregrađivati	pregrađujući
pregrađivati	pregrađivanje
pregrejati	pregrejavši
pregrejavati	pregrejavajući
pregrejavati	pregrejavanje
pregrijati	pregrijavši
pregrijavati	pregrijavajući
pregrijavati	pregrijavanje
pregristi	
prehladiti	
prejti	
prekaliti	prekalivši
prekinuti	prekinuvši
prekipeti	prekipevši
prekipjeti	prekipjevši
preklopiti	preklopivši
prekopati	prekopavši
prekopavati	prekopavajući
prekopavati	prekopavanje
prekriti	prekrivši
prekrivati	prekrivajući
prekrivati	prekrivanje
prekršiti	prekršivši
preletati	prelećući
preletati	preletanje
preleteti	preletevši
preletjeti	preletjevši
prelijetati	prelijećući
prelijetati	prelijetanje
prelistati	prelistavati
prelistati	prelistavši
prelistavati	prelistati
prelistavati	prelistavajući
prelistavati	prelistavanje
prelomiti	prelomivši
premašiti	premašivši
preminuti	preminuvši
premjestiti	
premještati	
premlatiti	premlativši
premlatiti	premlaćenje
premlaćivati	premlaćujući
premlaćivati	premlaćivanje
premostiti	premostivši
premotati	premotavši
preneti	prenevši
prenijeti	prenijevši
prenositi	prenoseći
prenositi	prenošenje
prenoćiti	prenoćivati
prenoćiti	prenoćivši
prenoćivati	prenoćiti
prenoćivati	prenoćujući
prenoćivati	prenoćivanje
prenuti	prenuvši
preokrenuti	preokrenuvši
preorati	preoravši
preostati	preostavši
preoteti	preotevši
preotimati	preotimanje
prepadati	prepadajući
prepadati	prepadanje
prepasti	prepavši
prepeći	prepekavši
prepiliti	prepilivši
prepirati	prepirući
prepirati	prepiranje
prepisati	prepisavši
prepisivati	prepisujući
prepisivati	prepisivanje
preplatiti	preplativši
preplaćivati	preplaćujući
preplaćivati	preplaćivanje
preplašiti	preplašivši
preplivati	preplivavši
preplivavati	preplivavajući
preplivavati	preplivavanje
preploviti	preplovivši
prepolavljati	
prepoloviti	prepolovivši
prepolovljivati	prepolovljujući
prepolovljivati	prepolovljivanje
preporučiti	preporučivši
preporučivati	preporučujući
preporučivati	preporučivanje
prepoznati	prepoznavši
preprati	prepravši
prepričati	prepričavši
prepričavati	prepričavajući
prepričavati	prepričavanje
prepustiti	prepustivši
prepuštati	prepuštajući
prepuštati	prepuštanje
preraditi	preradivši
preraspodeliti	preraspodelivši
preraspodijeliti	preraspodijelivši
prerasti	prerastavši
preračunati	preračunavši
preračunavati	preračunavajući
preračunavati	preračunavanje
prerađivati	prerađujući
prerađivati	prerađivanje
prerezati	prerezavši
prerušiti	prerušivši
presaditi	presadivši
presahnuti	presahnuvši
presađivati	presađujući
presađivati	presađivanje
preseliti	preselivši
presenetiti	presenetivši
preseći	presekavši
presjeći	presjekavši
preskakati	preskačući
preskakati	preskakanje
preskočiti	preskočivši
preslikati	preslikavši
presoliti	presolivši
prespavati	prespavavši
presresti	presrevši
presretati	presrećući
presretati	presretanje
prestati	prestavši
presti	predući
presti	predenje
prestignuti	
prestraviti	prestravivši
prestrašiti	prestrašivši
prestupiti	prestupivši
presuditi	presudivši
presvlačiti	presvući
presvlačiti	presvlačeći
presvlačiti	presvlačenje
presvući	presvlačiti
presvući	presvukavši
preterati	preteravši
preterivati	preterujući
preterivati	preterivanje
prethoditi	prethodeći
prethoditi	prethođenje
pretiti	preteći
pretiti	prećenje
pretjerati	pretjeravši
pretjerivati	pretjerujući
pretjerivati	pretjerivanje
pretopiti	pretopivši
pretplatiti	pretplativši
pretplaćivati	pretplaćujući
pretplaćivati	pretplaćivanje
pretpostaviti	pretpostavivši
pretpostavljati	pretpostavljajući
pretpostavljati	pretpostavljanje
pretražiti	pretraživati
pretražiti	pretraživši
pretraživati	pretražiti
pretraživati	pretražujući
pretraživati	pretraživanje
pretrpeti	pretrpevši
pretrpjeti	pretrpjevši
pretući	pretukavši
pretvarati	pretvoriti
pretvarati	pretvarajući
pretvarati	pretvaranje
pretvoriti	pretvarati
pretvoriti	pretvorivši
preusmjeriti	
preuzeti	preuzevši
preuzimati	preuzimanje
prevagnuti	prevagnuvši
prevaliti	prevalivši
prevaljivati	prevaljujući
prevaljivati	prevaljivanje
prevariti	prevarivši
prevazilaziti	prevazilazići
prevesti	prevevši
prevladati	prevladavši
prevladavati	prevladavajući
prevladavati	prevladavanje
prevlađivati	prevlađujući
prevlađivati	prevlađivanje
prevoditi	prevodeći
prevoditi	prevođenje
prevoziti	prevozeći
prevoziti	prevozivši
prevoziti	prevoženje
prevrnuti	prevrnuvši
prevrtati	prevrćući
prevrtati	prevrtanje
prezalogajiti	prezalogajivši
prezati	prežući
prezati	prezanje
prezirati	prezirući
prezirati	preziranje
prezreti	prezrevši
preći	prešavši
preštampati	preštampavši
prežderati	
preživeti	preživevši
preživjeti	preživjevši
preživljavati	preživljavajući
preživljavati	preživljavanje
pribaviti	pribavivši
pribijati	pribijajući
pribijati	pribijanje
pribiti	pribivši
približavati	približavajući
približavati	približavanje
približiti	približivši
približiti	približenje
pribosti	pribovši
pribrajati	pribrajajući
pribrajati	pribrajanje
pribrojati	pribrojivši
pribrojiti	pribrojivši
pridobijati	
pridobiti	pridobivši
pridobivati	pridobivajući
pridobivati	pridobivanje
pridodati	pridodavši
pridodavati	pridodavajući
pridodavati	pridodavanje
pridoneti	pridonevši
pridonijeti	pridonijevši
pridonositi	pridonoseći
pridonositi	pridonošenje
pridremati	pridremavši
pridrijemati	pridrijemavši
pridružiti	pridruživši
pridruživati	pridružujući
pridruživati	pridruživanje
pridržati	pridržavši
pridržavati	pridržavajući
pridržavati	pridržavanje
prigovarati	prigovarajući
prigovarati	prigovaranje
prigovoriti	prigovorivši
prigušiti	prigušivši
prigušivati	prigušujući
prigušivati	prigušivanje
prihajati	
prihvatiti	prihvativši
prihvaćati	prihvaćajući
prihvaćati	prihvaćanje
prijateljevati	prijateljujući
prijateljevati	prijateljevanje
prijati	prijajući
prijati	prijanje
prijaviti	prijavivši
prijemati	
prijeti	
prijetiti	prijeteći
prijetiti	prijećenje
prikazati	prikazavši
prikazivati	prikazujući
prikazivati	prikazivanje
prikloniti	priklonivši
prikrasti	prikravši
prikriti	prikrivši
prikrivati	prikrivajući
prikrivati	prikrivanje
prikupiti	prikupivši
prikupljati	prikupljajući
prikupljati	prikupljanje
prilagoditi	prilagodivši
prilagođavati	prilagođavajući
prilagođavati	prilagođavanje
prilagođivati	prilagođujući
prilagođivati	prilagođivanje
prilaziti	prilazeći
prilaziti	prilaženje
priličiti	priličeći
priličiti	priličenje
priljubiti	priljubivši
priljubljivati	priljubljujući
priljubljivati	priljubljivanje
primaknuti	
primamiti	primamivši
primamljivati	primamljujući
primamljivati	primamljivanje
primeniti	primenivši
primenjivati	primenjujući
primenjivati	primenjivanje
primetiti	primetivši
primećivati	primećujući
primećivati	primećivanje
primijeniti	primijenivši
primijetiti	primijetivši
primiti	primivši
primjenjivati	primjenjujući
primjenjivati	primjenjivanje
primjećivati	primjećujući
primjećivati	primjećivanje
primorati	primoravši
primoravati	primoravajući
primoravati	primoravanje
printati	
priopćavati	priopćavajući
priopćavati	priopćavanje
priopćiti	priopćivši
priopćiti	priopćenje
pripadati	pripadajući
pripadati	pripadanje
pripasti	pripavši
pripaziti	pripazivši
pripetiti	
pripeći	pripekavši
pripisati	pripisavši
pripisivati	pripisujući
pripisivati	pripisivanje
pripitomiti	pripitomivši
pripitomljivati	pripitomljujući
pripitomljivati	pripitomljivanje
pripojiti	pripojivši
pripomenuti	pripomenuvši
pripovedati	pripovedajući
pripovedati	pripovedanje
pripovediti	pripovedivši
pripovijedati	pripovijedajući
pripovijedati	pripovijedanje
pripovjediti	pripovjedivši
pripraviti	pripravivši
pripravljati	pripravljajući
pripravljati	pripravljanje
pripremati	pripremajući
pripremati	pripremanje
pripremiti	pripremivši
priračunati	priračunavši
priračunavati	priračunavajući
priračunavati	priračunavanje
prirediti	priređjivati
prisegnuti	prisegnuvši
prisetiti	prisetivši
prisezati	prisežući
prisezati	prisezanje
prisećati	prisećajući
prisećati	prisećanje
prisiliti	prisilivši
prisiljavati	prisiljavajući
prisiljavati	prisiljavanje
prisjetiti	prisjetivši
prisjećati	prisjećajući
prisjećati	prisjećanje
prisloniti	prislonivši
prisluškivati	prisluškujući
prisluškivati	prisluškivanje
prispeti	
prispjeti	prispjevši
pristajati	pristajajući
pristajati	pristajanje
pristati	pristavši
pristaviti	pristavivši
pristignuti	
pristupiti	pristupivši
prisustvovati	prisustvujući
prisustvovati	prisustvovanje
priti	
pritiskati	pritiskanje
pritiskivati	pritiskujući
pritiskivati	pritiskivanje
pritisnuti	pritisnuvši
pritvarati	pritvarajući
pritvarati	pritvaranje
pritvoriti	pritvorivši
priuštiti	priuštivši
priušćivati	priušćujući
priušćivati	priušćivanje
privesti	privevši
privezati	privezavši
privikavati	privikavajući
privikavati	privikavanje
priviknuti	priviknuvši
privlačiti	privlačeći
privlačiti	privlačenje
privoleti	privolevši
privoljeti	privoljevši
privući	privukavši
prizivati	prizivanje
priznati	priznavši
priznavati	priznavajući
priznavati	priznavanje
prizvati	prizvavši
prići	prišavši
pričati	pričajući
pričati	pričanje
pričekati	pričekavši
pričekivati	pričekujući
pričekivati	pričekivanje
pričiniti	pričinivši
pričinjavati	pričinjavajući
pričinjavati	pričinjavanje
pričuvati	pričuvavši
pričvrstiti	pričvrstivši
pričvršćivati	pričvršćujući
pričvršćivati	pričvršćivanje
priželjkivati	priželjkujući
priželjkivati	priželjkivanje
prkositi	prkoseći
prkositi	prkošenje
prljati	prljajući
prljati	prljanje
probadati	probadajući
probadati	probadanje
probati	probajući
probati	probavši
probati	probanje
probaviti	probavivši
probavljati	probavljajući
probavljati	probavljanje
probdeti	probdevši
probdjeti	probdjevši
probijati	probijajući
probijati	probijanje
probiti	probivši
probosti	probovši
probrati	probravši
probuditi	probudivši
probuđivati	probuđujući
probuđivati	probuđivanje
probušiti	probušivši
prodati	prodavši
prodavati	prodajući
prodavati	prodavanje
prodirati	prodirući
prodirati	prodiranje
prodreti	prodrevši
prodrijeti	prodrijevši
profitirati	profitirajući
profitirati	profitiravši
profitirati	profitiranje
proglasiti	proglasivši
proglasiti	proglašenje
proglašavati	proglašavajući
proglašavati	proglašavanje
prognati	prognavši
prognozirati	prognozirajući
prognozirati	prognoziravši
prognozirati	prognoziranje
progoniti	progoneći
progoniti	progonjenje
progovarati	progovarajući
progovarati	progovaranje
progovoriti	progovorivši
progristi	progrizavši
progutati	gutati
progutati	progutavši
proizvesti	proizvevši
proizvoditi	proizvodeći
proizvoditi	proizvođenje
projahati	projahavši
projti	
projuriti	projurivši
prokleti	proklevši
proklijati	
proklinjati	proklinjući
proklinjati	proklinjanje
prokopati	prokopavši
prokopavati	prokopavajući
prokopavati	prokopavanje
prokrijumčariti	prokrijumčarivši
prokrstariti	prokrstarivši
prokrvariti	prokrvarivši
prokušati	prokušavši
prolaziti	proći
prolaziti	prolazeći
prolaziti	prolaženje
prolijevati	
prolistati	prolistavši
proliti	
prolomiti	prolomivši
promaknuti	
promatrati	promotriti
promatrati	promatrajući
promatrati	promatranje
promašiti	promašivši
promašivati	promašujući
promašivati	promašivanje
promeniti	promenivši
promenjivati	promenjujući
promenjivati	promenjivanje
promeškoljiti	promeškoljivši
promigoljiti	promigoljivši
promijeniti	promijenivši
promisliti	promislivši
promišljati	promišljajući
promišljati	promišljanje
promjenjivati	promjenjujući
promjenjivati	promjenjivanje
promotriti	promotrivši
promrsiti	promrsivši
promrsivati	
pronalaziti	pronalazeći
pronalaziti	pronalaženje
pronaći	pronašavši
proneveriti	proneverivši
proneveriti	proneverenje
pronevjeriti	pronevjerivši
pronevjeriti	pronevjerenje
proniknuti	proniknuvši
propadati	propadajući
propadati	propadanje
propasti	propavši
propatiti	propativši
propijati	propijajući
propijati	propijanje
propisati	propisavši
propisivati	propisujući
propisivati	propisivanje
propiti	propivši
proplakati	proplakavši
proplakivati	proplakujući
proplakivati	proplakivanje
proplivati	proplivavši
proplivavati	proplivavajući
proplivavati	proplivavanje
propovedati	propovedajući
propovedati	propovedanje
propovijedati	propovijedajući
propovijedati	propovijedanje
proprati	propravši
propustiti	propustivši
propušiti	propušivši
proraditi	proradivši
proračunati	proračunavši
prorađivati	prorađujući
prorađivati	prorađivanje
proreći	prorekavši
prositi	proseći
prositi	prosivši
prositi	prošenje
prosjačiti	prosjačeći
prosjačiti	prosjačenje
proslaviti	proslavivši
prospavati	prospavavši
prosperirati	prosperirajući
prosperirati	prosperiravši
prosperirati	prosperiranje
prostreti	prostrevši
prostrijeti	prostrijevši
prosvjedovati	prosvjedujući
prosvjedovati	prosvjedovavši
prosvjedovati	prosvjedovanje
proterati	proteravši
proteravati	proteravajući
proteravati	proteravanje
proterivati	proterujući
proterivati	proterivanje
proteći	protekavši
protiviti	protiveći
protiviti	protivljenje
protjerati	protjeravši
protjeravati	protjeravajući
protjeravati	protjeravanje
protjerivati	protjerujući
protjerivati	protjerivanje
prouzrokovati	prouzrokujući
prouzrokovati	prouzrokovavši
prouzrokovati	prouzrokovanje
proučavati	proučavajući
proučavati	proučavanje
proučiti	proučivši
provaliti	provalivši
provaljivati	provaljujući
provaljivati	provaljivanje
proveravati	proveravajući
proveravati	proveravanje
proveriti	proverivši
provesti	provevši
provjeravati	provjeravajući
provjeravati	provjeravanje
provjeriti	provjerivši
provlačiti	provlačeći
provlačiti	provlačenje
provoditi	provodeći
provoditi	provođenje
provoziti	provozeći
provoziti	provoženje
prozboriti	
prozivati	prozijući
prozivati	prozivanje
prozvati	prozvavši
proćaskati	proćaskavši
proćerdati	proćerdavši
proći	prolaziti
proći	prošavši
pročitati	čitati
pročitati	pročitavši
pročitavati	pročitavajući
pročitavati	pročitavanje
prošetati	prošetavši
proširiti	proširivši
proširiti	proširenje
proširivati	proširujući
proširivati	proširivanje
prožderati	prožderavši
proždreti	proždrevši
proždrijeti	proždrijevši
prožeti	proževši
prožimati	prožimanje
prsiti	prseći
prsiti	pršenje
prskati	prskajući
prskati	prskanje
prsnuti	prsnuvši
pružati	pružajući
pružati	pružanje
pružiti	pruživši
prćiti	prćeći
prćiti	prćenje
pržiti	pržeći
pržiti	prživši
psovati	psujući
psovati	psovanje
publikovati	
puhati	pušući
puhati	puhanje
puknuti	puknuće
pulsirati	pulsirajući
pulsirati	pulsiranje
puniti	puneći
puniti	punjenje
pupati	pupajući
pupati	pupanje
pustiti	pustivši
putovati	putujući
putovati	putovanje
puvati	puvajući
puvati	puvanje
puzati	puzanje
puziti	puzeći
puziti	puženje
pušiti	popušiti
pušiti	pušeći
pušiti	pušenje
pušući	
rabiti	rabeći
rabiti	rabljenje
rabotati	rabotajući
rabotati	rabotanje
rabotim	rabotija
rabotim	rabotila
rabotim	rabotejeći
rabotim	rabotenje
raditi	radeći
raditi	rađenje
radovati	radujući
radovati	radovanje
rafinirati	rafinirajući
rafinirati	rafiniravši
rafinirati	rafiniranje
rangirati	rangirajući
rangirati	rangiravši
rangirati	rangiranje
raniti	ranivši
raseliti	raselivši
raseliti	raseljenje
raseljavati	raseljavajući
raseljavati	raseljavanje
raseći	rasekavši
rasformirati	rasformiravši
rasformirati	rasformiranje
rashladiti	rashladivši
rashladiti	rashlađenje
rashlađivati	rashlađujući
rashlađivati	rashlađivanje
rashodovati	rashodujući
rashodovati	rashodovavši
rashodovati	rashodovanje
rasijati	rasijanje
rasjeći	rasjekavši
raskidati	raskidajući
raskidati	raskidanje
raskinuti	raskinuvši
rasklapati	rasklapajući
rasklapati	rasklapanje
rasklopiti	rasklopivši
raskoliti	raskolivši
raskoljivati	
raskomotiti	raskomotivši
raskrstiti	raskrstivši
raskrštati	raskrštajući
raskrštati	raskrštanje
raskrštavati	raskrštavajući
raskrštavati	raskrštavanje
raskućiti	raskućivši
raslojiti	raslojivši
raslojiti	raslojenje
raspadati	raspadajući
raspadati	raspadanje
raspasti	raspavši
raspetljati	raspetljavši
raspetljavati	raspetljavajući
raspetljavati	raspetljavanje
raspisati	raspisavši
raspisivati	raspisujući
raspisivati	raspisivanje
raspitati	raspitivati
raspitati	raspitavši
raspizditi	
rasplakati	rasplakavši
rasplakivati	rasplakujući
rasplakivati	rasplakivanje
rasplamsati	rasplamsavši
rasplamsavati	rasplamsavajući
rasplamsavati	rasplamsavanje
rasplesti	rasplevši
raspletati	rasplećući
raspletati	raspletanje
raspodeliti	raspodelivši
raspodeljivati	raspodeljujući
raspodeljivati	raspodeljivanje
raspodijeliti	raspodijelivši
raspodjeljivati	raspodjeljujući
raspodjeljivati	raspodjeljivanje
raspolagati	raspolažući
raspolagati	raspolaganje
raspoloviti	raspolovivši
raspoložiti	raspoloživši
raspoložiti	raspoloženje
rasporediti	rasporedivši
raspoređivati	raspoređujući
raspoređivati	raspoređivanje
raspoznati	raspoznavši
raspoznavati	raspoznavajući
raspoznavati	raspoznavanje
raspraviti	raspravljati
raspraviti	raspravivši
raspravljati	raspraviti
raspravljati	raspravljajući
raspravljati	raspravljanje
rasprodati	rasprodavši
raspršiti	raspršivši
raspršivati	raspršujući
raspršivati	raspršivanje
raspustiti	raspustivši
raspuštati	raspuštajući
raspuštati	raspuštanje
rasrditi	rasrdivši
rasrđivati	rasrđujući
rasrđivati	rasrđivanje
rastapati	rastapajući
rastapati	rastapanje
rastati	rastavši
rastaviti	rastavivši
rastavljati	rastavljajući
rastavljati	rastavljanje
rasterati	rasteravši
rasteretiti	rasteretivši
rasteretiti	rasterećenje
rasterećivati	rasterećujući
rasterećivati	rasterećivanje
rasti	rastući
rasti	rastavši
rasti	rastenje
rastjerati	rastjeravši
rastopiti	rastopivši
rastovariti	
rastrgati	
rastužiti	rastuživši
rastuživati	rastužujući
rastuživati	rastuživanje
rastvarati	rastvarajući
rastvarati	rastvaranje
rastvoriti	rastvorivši
rasuti	rasuvši
rasuti	rasuće
ratovati	ratujući
ratovati	ratovavši
ratovati	ratovanje
ravnati	ravnajući
ravnati	ravnanje
razabrati	razabravši
razagnati	razgoniti
razagnati	razagnavši
razapeti	razapevši
razarati	razarajući
razarati	razaranje
razaslati	razaslavši
razastreti	razastrevši
razastrijeti	razastrijevši
razasuti	razasuvši
razaznati	razaznavati
razaznati	razaznavši
razbaštiniti	razbaštinivši
razbeći	razbegavši
razbijati	razbijajući
razbijati	razbijanje
razbistriti	razbistrivši
razbiti	razbijati
razbiti	razbivši
razbjeći	razbjegavši
razblažiti	razblaživši
razboleti	razbolevši
razboljeti	razboljevši
razbuditi	razbudivši
razbuđivati	razbuđujući
razbuđivati	razbuđivanje
razdati	razdavši
razdeliti	razdelivši
razdeljivati	razdeljujući
razdeljivati	razdeljivanje
razderati	razderavši
razdijeliti	razdijelivši
razdjeljivati	razdjeljujući
razdjeljivati	razdjeljivanje
razdragati	razdragavši
razdražiti	razdraživši
razdraživati	razdražujući
razdraživati	razdraživanje
razdrobiti	razdrobivši
razdružiti	razdruživši
razdvajati	razdvajajući
razdvajati	razdvajanje
razdvojiti	razdvojivši
razgaliti	razgalivši
razgaziti	razgazivši
razglabati	razglabajući
razglabati	razglabanje
razglasiti	razglasivši
razgledati	razgledajući
razgledati	razgledanje
razglobiti	razglobivši
razgnati	razgoniti
razgolititi	razgolitivši
razgovarati	razgovoriti
razgovarati	razgovarajući
razgovarati	razgovaranje
razgovoriti	razgovarati
razgovoriti	razgovorivši
razgrabiti	razgrabivši
razgristi	razgrizavši
razići	razišavši
razjariti	razjarivši
razjarivati	razjarujući
razjarivati	razjarivanje
razjediniti	razjedinivši
razjediniti	razjedinjenje
razjedinjavati	razjedinjavajući
razjedinjavati	razjedinjavanje
razjuriti	razjurivši
razlabaviti	razlabavivši
razlagati	razložiti
razlagati	razlažući
razlagati	razlaganje
razlijevati	
razlikovati	razlikujući
razlikovati	razlikovanje
razliti	
razljutiti	razljutivši
razlomiti	razlomivši
razložiti	razlagati
razložiti	razloživši
razlučiti	razlučivši
razlučivati	razlučujući
razlučivati	razlučivanje
razmaknuti	
razmatrati	razmatrajući
razmatrati	razmatranje
razmaziti	razmazivši
razmazivati	razmazujući
razmazivati	razmazivanje
razmeniti	razmenivši
razmenjivati	razmenjujući
razmenjivati	razmenjivanje
razmetati	razmećući
razmetati	razmetanje
razmeti	
razmetnuti	razmetati
razmijeniti	razmijenivši
razminirati	
razmisliti	razmislivši
razmišljati	razmišljajući
razmišljati	razmišljanje
razmjenjivati	razmjenjujući
razmjenjivati	razmjenjivanje
razmnažati	razmnažajući
razmnažati	razmnažanje
razmnožavati	razmnožavajući
razmnožavati	razmnožavanje
razmnožiti	razmnoživši
razmotati	razmotavši
razmotavati	razmotavajući
razmotavati	razmotavanje
razmotriti	razmotrivši
razneti	raznevš
raznežiti	razneživši
raznijeti	raznijevši
raznježiti	raznježivši
razodenuti	razodenuvši
razodevati	razodevajući
razodevati	razodevanje
razodijevati	razodijevajući
razodijevati	razodijevanje
razodjenuti	razodjenuvši
razorati	
razoriti	razorivši
razoružati	razoružavši
razoružavati	razoružavajući
razoružavati	razoružavanje
razotkriti	razotkrivši
razotkrivati	razotkrivajući
razotkrivati	razotkrivanje
razočarati	razočaravši
razočarati	razočarenje
razraditi	razradivši
razrađivati	razrađujući
razrađivati	razrađivanje
razrušiti	razrušivši
razumeti	razumevši
razumevati	razumevajući
razumevati	razumevanje
razumjeti	razumjevši
razuveravati	razuveravajući
razuveravati	razuveravanje
razuveriti	razuverivši
razuvjeravati	razuvjeravajući
razuvjeravati	razuvjeravanje
razuvjeriti	razuvjerivši
razvaliti	razvalivši
razvaljivati	razvaljujući
razvaljivati	razvaljivanje
razveseliti	razveselivši
razvesti	razvevši
razvezati	razvezavši
razvijati	razvijajući
razvijati	razvijanje
razviti	razvivši
razvoditi	razvesti
razvoditi	razvodeći
razvoditi	razvođenje
razvodniti	razvodnivši
razvoziti	razvozeći
razvoziti	razvoženje
razvrstati	razvrstavši
razvrstavati	razvrstavajući
razvrstavati	razvrstavanje
računati	računajući
računati	računanje
rađati	roditi
rađati	rađajući
rađati	rađanje
raširiti	raširivši
raširivati	raširujući
raširivati	raširivanje
rašpati	
raštimati	raštimavši
raštimavati	raštimavajući
raštimavati	raštimavanje
raščlaniti	raščlanivši
raščlanjivati	raščlanjujući
raščlanjivati	raščlanjivanje
ražalostiti	ražalostivši
ražestiti	ražestivši
reagirati	reagirajući
reagirati	reagiravši
reagirati	reagiranje
reagovati	
realizirati	realizirajući
realizirati	realiziravši
realizirati	realiziranje
reflektirati	reflektirajući
reflektirati	reflektiravši
reflektirati	reflektiranje
regrutirati	regrutirajući
regrutirati	regrutiravši
regrutirati	regrutiranje
regulirati	regulirajući
regulirati	reguliravši
regulirati	reguliranje
rehabilitirati	rehabilitirajući
rehabilitirati	rehabilitiravši
rehabilitirati	rehabilitiranje
reinkarnirati	reinkarnirajući
reinkarnirati	reinkarniravši
reinkarnirati	reinkarniranje
rekonstruirati	rekonstruirajući
rekonstruirati	rekonstruiravši
rekonstruirati	rekonstruiranje
remetiti	remeteći
remetiti	remećenje
renovirati	renovirajući
renovirati	renoviravši
renovirati	renoviranje
reportirati	
resiti	reseći
resiti	rešenje
rezati	režući
rezati	rezanje
rezbariti	rezbareći
rezbariti	rezbarenje
rezervirati	rezervirajući
rezervirati	rezerviravši
rezervirati	rezerviranje
rezervisati	
rezultirati	rezultirajući
rezultirati	rezultiravši
rezultirati	rezultiranje
reći	rekući
reći	rekavši
reči	
rešavati	rešavajući
rešavati	rešavanje
rešetati	rešetajući
rešetati	rešetanje
rešiti	rešivši
rešiti	rješenje
režati	režeći
režati	režanje
ribariti	ribareći
ribariti	ribarenje
ridati	ridajući
ridati	ridavši
ridati	ridanje
rigati	rigajući
rigati	riganje
riglati	
rijezati	
riješiti	riješivši
riješiti	rješenje
rinuti	rinuvši
risati	rišući
risati	risanje
rizati	
rješavati	rješavajući
rješavati	rješavanje
rmbačiti	
robovati	robujući
robovati	robovanje
roditi	rađati
roditi	rodivši
roditi	rođenje
roktati	rokćući
roktati	roktanje
romanizirati	romanizirajući
romanizirati	romaniziravši
romanizirati	romaniziranje
roniti	roneći
roniti	ronjenje
rootati	
rovariti	rovareći
rovariti	rovarenje
rovati	rujući
rovati	rovanje
rudariti	rudareći
rudariti	rudarenje
rudeti	rudeći
rudeti	ruđenje
rudjeti	rudeći
rudjeti	ruđenje
rugati	rugajući
rugati	ruganje
ruinirati	ruinirajući
ruinirati	ruiniravši
ruinirati	ruiniranje
rukovati	rukujući
rukovati	rukovanje
rukovoditi	rukovodeći
rukovoditi	rukovođenje
rumeneti	rumeneći
rumeneti	rumenenje
rumeniti	rumeneći
rumenjeti	rumeneći
rumenjeti	rumenjenje
ručati	ručajući
ručati	ručavši
ručati	ručanje
rušiti	rušeći
rušiti	rušenje
rvati	rvući
rvati	rvavši
rvati	rvanje
rđati	rđajući
rđati	rđanje
sabijati	sabijajući
sabijati	sabijanje
sabirati	sabirući
sabirati	sabiranje
sabiti	sabivši
sablazniti	sablaznivši
saborovati	saborujući
saborovati	saborovanje
sabotirati	sabotirajući
sabotirati	sabotiravši
sabotirati	sabotiranje
sabrati	sabravši
saditi	sadeći
saditi	sađenje
sadržati	sadržeći
sadržati	sadržavši
sadržavati	sadržavajući
sadržavati	sadržavanje
sagibati	sagibanje
saginjati	saginjući
saginjati	saginjanje
sagledati	sagledavši
sagnjiti	sagnjivši
sagnuti	sagnuvši
sagoreti	sagorevši
sagorjeti	sagorjevši
sagraditi	sagradivši
sagrađivati	sagrađujući
sagrađivati	sagrađivanje
sagrešiti	sagrešivši
sagriješiti	sagriješivši
sahnuti	sahnući
sahraniti	sahranivši
sahranjivati	sahranjujući
sahranjivati	sahranjivanje
sakatiti	sakativši
sakatiti	sakaćenje
sakloniti	
sakralizirati	sakralizirajući
sakralizirati	sakraliziravši
sakralizirati	sakraliziranje
sakramentati	
sakriti	sakrivši
sakrivati	sakrivajući
sakrivati	sakrivanje
sakupiti	sakupivši
sakupljati	sakupljajući
sakupljati	sakupljanje
salutirati	salutirajući
salutirati	salutiravši
salutirati	salutiranje
samleti	samlevši
samljeti	samljevši
samoupravljati	samoupravljajući
samoupravljati	samoupravljanje
samovati	samujući
samovati	samovanje
samozadovoljavati	samozadovoljavajući
samozadovoljavati	samozadovoljavanje
sanjariti	sanjareći
sanjariti	sanjarenje
sanjati	sanjajući
sanjati	sanjanje
sanjkati	sanjkajući
sanjkati	sanjkanje
saopćiti	saopćivši
saopćiti	saopćenje
sapeti	sapevši
sapinjati	sapinjući
sapinjati	sapinjanje
sapirati	sapirući
sapirati	sapiranje
saplesti	saplevši
saprati	sapravši
sapunati	
sarađivati	sarađujući
sarađivati	sarađivanje
saseći	sasekavši
sasjeći	sasjekavši
sastajati	sastajući
sastajati	sastajanje
sastati	sastavši
sastaviti	sastavivši
sastavljati	sastavljajući
sastavljati	sastavljanje
sastojati	sastojeći
sastojati	sastojanje
satirati	satirući
satirati	satiranje
satrti	satrvši
saugati	saugajući
saugati	sauganje
savetovati	savetujući
savetovati	savetovavši
savetovati	savetovanje
savijati	savijajući
savijati	savijanje
saviti	savivši
savjetovati	savjetujući
savjetovati	savjetovavši
savjetovati	savjetovanje
savladati	savladavši
savladavati	savladavajući
savladavati	savladavanje
savlađivati	savlađujući
savlađivati	savlađivanje
sazivati	sazivanje
saznati	saznavši
sazreti	sazrevši
sazrevati	sazrevajući
sazrevati	sazrevanje
sazrijevati	sazrijevajući
sazrijevati	sazrijevanje
sazvati	sazvavši
saći	
sačekati	sačekavši
sačiniti	sačinivši
sačinjavati	sačinjavajući
sačinjavati	sačinjavanje
sačuvati	sačuvavši
sašiti	sašivši
sažalijevati	sažalijevajući
sažalijevati	sažalijevanje
sažaliti	sažalivši
sažaljevati	sažaljevajući
sažaljevati	sažaljevanje
sažeti	saževši
sažimati	sažimanje
sedati	sedajući
sedati	sedanje
sedeti	sedeći
sedeti	sedevši
sedeti	sedenje
sedlati	sedlajući
sedlati	sedlanje
segnuti	segnuvši
sejati	sejući
sejati	sejanje
sejvati	
sekirati	sekirajući
sekirati	sekiravši
sekirati	sekiranje
seliti	seleći
seliti	seljenje
separirati	separirajući
separirati	separiravši
separirati	separiranje
servisirati	servisirajući
servisirati	servisiravši
servisirati	servisiranje
sesti	sevši
setiti	setivši
sevati	sevajući
sevati	sevanje
sevdisati	sevdišući
sevdisati	sevdisanje
sezati	sežući
sezati	sezanje
seći	sekući
seći	sekavši
seći	sečenje
shrvati	shrvavši
shvatiti	shvativši
sidriti	sidreći
sidriti	sidrenje
sijati	sijući
sijati	sijanje
sijedjeti	sijedeći
sijedjeti	sijeđenje
sijevati	sijevajući
sijevati	sijevanje
siktati	
silaziti	sići
silaziti	silazeći
silaziti	silaženje
siliti	sileći
siliti	siljenje
silovati	silujući
silovati	silovavši
silovati	silovanje
simbolizirati	simbolizirajući
simbolizirati	simboliziravši
simbolizirati	simboliziranje
simbolizovati	
simplifikovati	
simulirati	simulirajući
simulirati	simuliranje
sinhronizovati	
sinkronizirati	
sintetizirati	sintetizirajući
sintetizirati	sintetiziravši
sintetizirati	sintetiziranje
sintetizovati	
sinuti	sinuvši
sipati	sipajući
sipati	sipanje
sipiti	sipeći
sipiti	sipljenje
siriti	sireći
siriti	sirenje
sisati	sisanje
sisti	
sitniti	sitneći
sitniti	sitnjenje
sići	silaziti
sići	sišavši
sjahati	sjahavši
sjahivati	sjahujući
sjahivati	sjahivanje
sjati	sjajući
sjati	sjajenje
sjebati	sjebavši
sjedati	sjedajući
sjedati	sjedanje
sjediniti	sjedinivši
sjedinjavati	sjedinjavajući
sjedinjavati	sjedinjavanje
sjediti	sjedeći
sjediti	sjedenje
sjesti	sjevši
sjetiti	sjetivši
sjećati	sjećajući
sjećati	sjećanje
sjeći	sijekući
sjeći	sječenje
skakati	skačući
skakati	skakanje
skalpirati	skalpirajući
skalpirati	skalpiravši
skalpirati	skalpiranje
skameniti	skamenivši
skamenjivati	skamenjujući
skamenjivati	skamenjivanje
skandalizirati	skandalizirajući
skandalizirati	skandaliziravši
skandalizirati	skandaliziranje
skandirati	skandirajući
skandirati	skandiranje
skanjivati	skanjujući
skanjivati	skanjivanje
skenirati	skenirajući
skenirati	skeniravši
skenirati	skeniranje
skidati	skidajući
skidati	skidanje
skijati	skijajući
skijati	skijanje
skinuti	skinuvši
skitati	skitanje
skladati	skladajući
skladati	skladanje
sklanjati	sklanjajući
sklanjati	sklanjanje
sklapati	sklapajući
sklapati	sklapanje
sklepati	
skloniti	sklonivši
sklopiti	sklopivši
skočiti	skočivši
skrasiti	skrasivši
skratiti	skrativši
skraćivati	skraćujući
skraćivati	skraćivanje
skrbiti	skrbeći
skrbiti	skrbljenje
skrenuti	skretati
skrenuti	skrenuvši
skresati	skresavši
skretati	skrenuti
skretati	skrećući
skretati	skretanje
skrivati	skrivajući
skrivati	skrivanje
skrnaviti	skrnaveći
skrnaviti	skrnavljenje
skrpati	skrpavši
skrstiti	skrstivši
skršiti	skršivši
skuhati	skuhavši
skupiti	skupivši
skurtalisati	
skutriti	skutrivati
skutriti	skutrivši
skuvati	skuvavši
skučiti	skučivši
skvasiti	kvasiti
skvrniti	
skvrčiti	skvrčivši
slabeti	slabeći
slabeti	slabljenje
slabiti	slabeći
slabiti	slabljenje
slabjeti	slabeći
slabjeti	slabljenje
sladiti	sladeći
sladiti	slađenje
slagati	slagavši
slati	slavši
slati	slanje
slaviti	slaveći
slaviti	slavljenje
slediti	sledeći
slediti	sleđenje
sletjeti	
sleči	
sleđivati	sleđujući
sleđivati	sleđivanje
sliditi	
slijediti	slijedeći
slijediti	slijeđenje
slijevati	slijevajući
slijevati	slijevanje
slikati	naslikati
slikati	uslikati
slikati	slikajući
slikati	slikanje
sliniti	slineći
sliniti	slinivši
sliniti	slinjenje
sličiti	sličeći
sličiti	sličenje
sljubiti	sljubivši
sljubljivati	sljubljujući
sljubljivati	sljubljivanje
slomiti	slomivši
složiti	složivši
slupati	slupavši
slutiti	sluteći
slutiti	slućenje
slušati	slušajući
slušati	slušanje
služiti	služeći
služiti	služenje
smagati	smažući
smagati	smaganje
smaknuti	
smalaksati	smalaksajući
smalaksati	smalaksavši
smalaksati	smalaksanje
smanjiti	smanjivši
smanjiti	smanjenje
smanjivati	smanjujući
smanjivati	smanjivanje
smatrati	smatrajući
smatrati	smatranje
smejati	smejući
smejati	smejavši
smejati	smejanje
smeniti	smenivši
smenjivati	smenjujući
smenjivati	smenjivanje
smerati	smerajući
smerati	smeranje
smesti	smevši
smestiti	smestivši
smetati	smetajući
smetati	smetanje
smeti	smejući
smeti	smevši
smeti	smenje
smešiti	smešeći
smešiti	smešenje
smeštati	smeštajući
smeštati	smeštanje
smežurati	smežuravši
smijati	smijući
smijati	smijanje
smijeniti	smijenivši
smiješiti	smiješeći
smiješiti	smiješenje
smilovati	smilovavši
smilovati	smilovanje
smiriti	smirivši
smirivati	smirujući
smirivati	smirivanje
smisliti	smislivši
smišljati	smišljajući
smišljati	smišljanje
smjenjivati	smjenjujući
smjenjivati	smjenjivanje
smjerati	smjerajući
smjerati	smjeranje
smjestiti	smjestivši
smjeti	smijući
smještati	smještajući
smještati	smještanje
smotati	smotavši
smotriti	smotrivši
smoći	
smočiti	smočivši
smrdeti	smrdeći
smrdeti	smrđenje
smrditi	
smrdjeti	smrdeći
smrdjeti	smrđenje
smrskati	smrskavši
smrskavati	smrskavajući
smrskavati	smrskavanje
smrzavati	smrzavajući
smrzavati	smrzavanje
smrznuti	smrznuvši
snabdeti	snabdevši
snabdevati	snabdevajući
snabdevati	snabdevanje
snabdijevati	snabdijevajući
snabdijevati	snabdijevanje
snabdjeti	snabdjevši
snalaziti	snalazeći
snalaziti	snalaženje
snaći	snašavši
snebiti	snebivši
snebivati	snebivajući
snebivati	snebivanje
snevati	snevajući
snevati	snevanje
snežiti	snežeći
snežiti	sneženje
snifati	snifajući
snifati	snifanje
sniježiti	sniježeći
sniježiti	sniježenje
snimati	snimajući
snimati	snimanje
snimiti	snimivši
sniti	
snivati	snivajući
snivati	snivanje
sniziti	snizivši
snizivati	snizujući
snizivati	snizivanje
snižavati	snižavajući
snižavati	snižavanje
sodomizirati	sodomizirajući
sodomizirati	sodomiziravši
sodomizirati	sodomiziranje
sokoliti	sokoleći
sokoliti	sokoljenje
soliti	soleći
sotonizirati	sotonizirajući
sotonizirati	sotoniziravši
sotonizirati	sotoniziranje
spadati	spadajući
spadati	spadanje
spajati	spajajući
spajati	spajanje
spakirati	spakiravši
spakirati	spakiranje
spakovati	pakovati
spakovati	spakujući
spakovati	spakovanje
spaliti	spalivši
spaljivati	spaljujući
spaljivati	spaljivanje
spasiti	spasivši
spasti	spadati
spasti	spavši
spavati	spavajući
spavati	spavanje
spaziti	spazivši
spekulirati	spekulirajući
spekulirati	spekuliranje
spekulisati	
spelovati	spelujući
spelovati	spelovanje
spevati	spevavši
speći	spekavši
spijem	spaja
spijem	spala
spijem	spijenje
spirati	spirajući
spirati	spiranje
spjevati	spjevavši
spletkariti	spletkareći
spletkariti	spletkarenje
spljoštiti	spljoštivši
spojiti	spojivši
spomenuti	spomenuvši
spominati	
spominjati	spominjući
spominjati	spominjanje
spopadati	spopadajući
spopadati	spopadanje
spopasti	spopavši
sporazumeti	sporazumevši
sporazumevati	sporazumevajući
sporazumevati	sporazumevanje
sporazumijevati	sporazumijevajući
sporazumijevati	sporazumijevanje
sporazumjeti	sporazumjevši
spoznati	spoznavši
spoznavati	spoznavajući
spoznavati	spoznavanje
sprati	spravši
sprdati	sprdajući
sprdati	sprdanje
spremati	spremajući
spremati	spremavši
spremati	spremanje
spremiti	spremivši
sprečavati	sprečavajući
sprečavati	sprečavanje
sprečiti	sprečivši
sprijateljiti	sprijateljivši
sprijateljivati	sprijateljujući
sprijateljivati	sprijateljivanje
spriječiti	spriječivši
sprintati	
sprovesti	sprovevši
sprovoditi	sprovodeći
sprovoditi	sprovođenje
sprtljati	
spuknuti	
spuminati	
spustiti	spustivši
sputati	sputavši
sputavati	sputavajući
sputavati	sputavanje
spuštati	spuštajući
spuštati	spuštanje
sramiti	srameći
sramiti	sramljenje
sramotiti	sramoteći
sramotiti	sramoćenje
srati	serući
srati	sranje
sravniti	
sračunati	sračunavši
sračunavati	sračunavajući
sračunavati	sračunavanje
srditi	srdeći
srditi	srđenje
srediti	sredivši
sresti	srevši
srkati	srčući
srkati	srkanje
srknuti	srknuvši
srljati	srljajući
srljati	srljanje
srnuti	srnuvši
srtati	srćući
srtati	srtanje
srušiti	srušivši
stagnirati	stagnirajući
stagnirati	stagniravši
stagnirati	stagniranje
stajati	stajući
stajati	stajanje
stanovati	stanujući
stanovati	stanovanje
starati	starajući
starati	staranje
stareti	stareći
stareti	starenje
stariti	
starjeti	stareći
starjeti	starenje
stati	stavši
staviti	staveći
staviti	stavivši
stavljati	stavljajući
stavljati	stavljanje
stegnuti	stegnuvši
stenjati	stenjući
stenjati	stenjanje
stezati	stežući
stezati	stezanje
steći	stekavši
stideti	stideći
stidjeti	stideći
stignuti	stizati
stiskati	stiskanje
stisnuti	stisnuvši
stizati	stižući
stizati	stizanje
stišati	stišavši
stišavati	stišavajući
stišavati	stišavanje
stopiti	stopivši
storiti	
stradati	stradajući
stradati	stradavši
stradati	stradanje
stradavati	stradavajući
stradavati	stradavanje
strahovati	strahujući
strahovati	strahovanje
strašiti	strašeći
strašiti	strašenje
strepiti	strepeći
strepiti	strepljenje
strizati	strižući
strizati	strizanje
strići	strigući
strpeti	strpivši
strpjeti	strpivši
strugati	stružući
strugati	struganje
strugnuti	strugnuvši
studirati	studirajući
studirati	studiranje
stupati	stupajući
stupati	stupanje
stupiti	stupivši
stvarati	stvarajući
stvarati	stvaranje
stvoriti	stvorivši
sublimirati	
sudariti	sudarati
sudariti	sudarivši
sudelovati	sudelujući
sudelovati	sudelovanje
sudeći	
suditi	sudeći
suditi	suđenje
sudjelovati	sudjelujući
sudjelovati	sudjelovanje
sukobiti	sukobivši
sukobljavati	sukobljavajući
sukobljavati	sukobljavanje
sumnjati	sumnjajući
sumnjati	sumnjanje
sumnjičiti	sumnjičeći
sumnjičiti	sumnjičenje
sunuti	sunuvši
sunčati	sunčajući
sunčati	sunčanje
suočavati	suočavajući
suočavati	suočavanje
suočiti	suočivši
suprotstaviti	suprotstavivši
suprotstavljati	suprotstavljajući
suprotstavljati	suprotstavljanje
surađivati	surađujući
surađivati	surađivanje
survati	survavši
survavati	survavajući
survavati	survavanje
susresti	susrevši
sustajati	sustajući
sustajati	sustajanje
sustati	sustavši
sustignuti	
suzbijati	suzbijajući
suzbijati	suzbijanje
suzbiti	suzbivši
suzdržati	suzdržavši
suzdržavati	suzdržavajući
suzdržavati	suzdržavanje
suziti	suzeći
suziti	suzenje
suzivati	suzujući
suzivati	suzivanje
sušiti	sušeći
sušiti	sušenje
sužavati	sužavajući
sužavati	sužavanje
svanuti	svanuvši
svariti	svarivši
svarivati	svarujući
svarivati	svarivanje
svađati	svađajući
svađati	svađanje
svedočiti	svedočeći
svedočiti	svedočenje
svesti	svezavši
svetkovati	svetkujući
svetkovati	svetkovanje
svezati	svezavši
svideti	svidevši
svidjeti	svidjevši
svijetliti	
svirati	svirajući
svirati	sviranje
svitati	svićući
svitati	svitanje
sviđati	sviđajući
sviđati	sviđanje
svjedočiti	svjedočeći
svjedočiti	svjedočenje
svladati	svladavši
svladavati	svladavajući
svladavati	svladavanje
svlačiti	svući
svlačiti	svlačeći
svlačiti	svlačenje
svoditi	svodeći
svoditi	svođenje
svratiti	svrativši
svraćati	svraćajući
svraćati	svraćanje
svrbeti	svrbeći
svrbeti	svrbenje
svrbjeti	svrbeći
svrbjeti	svrbljenje
svrgnuti	svrgnuvši
svrstati	svrstavši
svršavati	svršavajući
svršavati	svršavanje
svršiti	svršeći
svršiti	svršivši
svršiti	svršenje
svući	svlačiti
svući	svukavši
tajiti	tajeći
tajiti	tajenje
takmiti	
takmičiti	takmičeći
takmičiti	takmičenje
taknuti	
talasati	talasajući
talasati	talasanje
taliti	taleći
taliti	taljenje
tamneti	tamneći
tamneti	tamnenje
tamnjeti	tamneći
tamnjeti	tamnjenje
tegliti	otegliti
tegliti	tegleći
tegliti	tegljenje
telefonirati	telefonirajući
telefonirati	telefoniravši
telefonirati	telefoniranje
telegrafirati	telegrafirajući
telegrafirati	telegrafiravši
telegrafirati	telegrafiranje
temeljiti	temeljeći
temeljiti	temeljenje
teoretizirati	teoretizirajući
teoretizirati	teoretiziravši
teoretizirati	teoretiziranje
tepati	tepajući
tepati	tepanje
tepsti	tepući
tepsti	tepenje
terati	naterati
terati	oterati
terati	terajući
terati	teranje
tesati	tešući
tesati	tesanje
testirati	testirajući
testirati	testiravši
testirati	testiranje
tetovirati	tetovirajući
tetovirati	tetoviravši
tetovirati	tetoviranje
teći	tekući
teći	tekavši
teći	tečenje
tešiti	tešeći
tešiti	tešenje
težiti	težeći
težiti	teženje
tinjati	tinjajući
tinjati	tinjanje
tipkati	tipkajući
tipkati	tipkanje
tiskati	tiskajući
tiskati	tiskanje
titrati	titrajući
titrati	titranje
tjerati	natjerati
tjerati	otjerati
tjerati	tjerajući
tjerati	tjeranje
tješiti	tješeći
tješiti	tješenje
tkati	tkavši
tkati	tkanje
tlajim	tlajaja
tlajim	tlajala
tokariti	tokareći
tokariti	tokarenje
tonuti	tonući
tonuti	tonuvši
tonuti	tonuće
topiti	topeći
topiti	topljenje
toptati	topćući
toptati	toptanje
tornati	
torokati	torokajući
torokati	torokanje
torpedirati	torpedirajući
torpedirati	torpediravši
torpedirati	torpediranje
toviti	toveći
toviti	tovljenje
točiti	točeći
točiti	točivši
točiti	točenje
trabunjati	trabunjajući
trabunjati	trabunjavši
trabunjati	trabunjanje
tragati	tragajući
tragati	traganje
trajati	trajući
trajati	trajanje
trampiti	trampeći
trampiti	trampivši
transferirati	transferirajući
transferirati	transferiravši
transferirati	transferiranje
transformirati	transformirajući
transformirati	transformiravši
transformirati	transformiranje
transliterirati	transliterirajući
transliterirati	transliteriravši
transliterirati	transliteriranje
transponirati	transponirajući
transponirati	transponiravši
transponirati	transponiranje
transportirati	transportirajući
transportirati	transportiravši
transportirati	transportiranje
tratiti	trateći
tratiti	traćenje
traumatizirati	traumatizirajući
traumatizirati	traumatiziravši
traumatizirati	traumatiziranje
tračati	tračajući
tračati	tračanje
tražiti	tražeći
tražiti	traženje
trebati	trebajući
trebati	trebanje
trebiti	trebeći
trebiti	trebljenje
trenirajući	
trenirati	trenirajući
trenirati	treniranje
trenuti	
treperiti	trepereći
treperiti	treperenje
trepnuti	trepnuvši
treptati	trepćući
treptati	treptanje
tresti	tresući
tresti	tresenje
tretirati	tretirajući
tretirati	tretiravši
tretirati	tretiranje
trezniti	trezneći
trezniti	trežnjenje
trgati	trgajući
trgati	trganje
trgnuti	trgnuvši
trgovati	trgujući
trgovati	trgovanje
triangulirati	triangulirajući
triangulirati	trianguliravši
triangulirati	trianguliranje
tribati	tribajući
tribati	tribanje
trijebiti	trijebeći
trijebiti	trijebljenje
trijezniti	trijezneći
trijezniti	triježnjenje
trijumfirati	trijumfirajući
trijumfirati	trijumfiravši
trijumfirati	trijumfiranje
trivijalizirati	trivijalizirajući
trivijalizirati	trivijaliziravši
trivijalizirati	trivijaliziranje
trljati	trljajući
trljati	trljanje
tropiti	
trovati	trujući
trovati	trovanje
trošiti	trošeći
trošiti	trošenje
trpeti	trpeći
trpeti	trpljenje
trpjeti	trpeći
trpjeti	trpljenje
trsiti	trseći
trsiti	trsenje
trti	trvši
trubiti	trubeći
trubiti	trubivši
trubiti	trubljenje
truditi	trudeći
truditi	truđenje
truliti	truleći
truliti	truljenje
trunuti	trunući
trunuti	trunjenje
trzati	trzajući
trzati	trzanje
trčati	trčeći
trčati	trčavši
trčati	trčanje
trčkarati	trčkarajući
trčkarati	trčkaranje
tugovati	tugujući
tugovati	tugovanje
tulumariti	tulumareći
tulumariti	tulumarenje
tumarati	tumarajući
tumarati	tumaranje
tumačiti	tumačeći
tumačiti	tumačenje
tupiti	tupeći
tupiti	tupljenje
turpijati	turpijajući
turpijati	turpijanje
tutnjiti	tutnjeći
tutnjiti	tutnjenje
tući	tukući
tući	tukavši
tući	tučenje
tuširati	tuširajući
tuširati	tuširanje
tužiti	tuživši
tvoriti	tvoreći
tvoriti	tvorenje
tvrditi	tvrdeći
tvrditi	tvrđenje
ualim	ualija
ualim	ualila
ualim	ualen
ualim	ualenje
ubadati	ubadajući
ubadati	ubadanje
ubirati	ubirući
ubirati	ubiranje
ubiti	ubivši
ublažiti	ublaživši
ubosti	ubovši
ubrati	ubravši
ubrizgati	ubrizgavši
ubrizgavati	ubrizgavajući
ubrizgavati	ubrizgavanje
ubrzati	ubrzavši
ubrzati	ubrzanje
ubrzavati	ubrzavajući
ubrzavati	ubrzavanje
udahnuti	udahnuvši
udaljavati	udaljavajući
udaljavati	udaljavanje
udaljiti	udaljivši
udarati	udarajući
udarati	udaranje
udariti	udarivši
udati	udavši
udaviti	daviti
udaviti	udavivši
udijeliti	
udisati	udišući
udisati	udisanje
udomiti	udomljivati
udomiti	udomivši
udomiti	udomljenje
udomljivati	udomiti
udomljivati	udomljujući
udomljivati	udomljivanje
udružiti	udruživši
udružiti	udruženje
udruživati	udružujući
udruživati	udruživanje
udvostručiti	udvostručivši
udvostručiti	udvostručenje
ufati	ufajući
ufati	ufanje
ugasiti	ugasivši
ugađati	ugađajući
ugađati	ugađanje
ugibati	ugibajući
ugibati	ugibanje
uginuti	uginuvši
ugoditi	ugodivši
ugostiti	ugostivši
ugovarati	ugovarajući
ugovarati	ugovaranje
ugovoriti	ugovorivši
ugrabiti	ugrabivši
ugraditi	ugradivši
ugrađivati	ugrađujući
ugrađivati	ugrađivanje
ugrejati	ugrejavši
ugrejavati	ugrejavajući
ugrejavati	ugrejavanje
ugrijati	ugrijavši
ugrijavati	ugrijavajući
ugrijavati	ugrijavanje
ugristi	ugrizavši
ugrizati	ugrizajući
ugrizati	ugrizanje
ugroziti	ugrozivši
ugrožavati	ugrožavajući
ugrožavati	ugrožavanje
ugrušati	ugrušavši
ugušiti	ugušivši
ugušiti	ugušenje
ugušivati	ugušujući
ugušivati	ugušivanje
uhapsiti	uhapsivši
uhititi	uhitivši
uhićivati	uhićujući
uhićivati	uhićivanje
uhvatiti	uhvativši
ujahati	ujahavši
ujedati	ujedajući
ujedati	ujedanje
ujediniti	ujedinivši
ujediniti	ujedinjenje
ujedinjavati	ujedinjavajući
ujedinjavati	ujedinjavanje
ujesti	ujedati
ujesti	ujedavši
ujesti	ujevši
ukabuliti	
ukazati	ukazavši
ukazati	ukazanje
ukazivati	ukazujući
ukazivati	ukazivanje
ukidati	ukidajući
ukidati	ukidanje
ukinuti	ukinuvši
ukinuti	ukinuće
uklanjati	uklanjajući
uklanjati	uklanjanje
ukleti	uklevši
uklinjati	uklinjući
uklinjati	uklinjanje
uključiti	uključivši
uključiti	uključenje
uključujući	
ukloniti	uklonivši
uklopiti	
ukopati	ukopavši
ukopavati	ukopavajući
ukopavati	ukopavanje
ukoravati	ukoravajući
ukoravati	ukoravanje
ukoreniti	ukorenivši
ukorenjivati	ukorenjujući
ukorenjivati	ukorenjivanje
ukorijeniti	ukorjenjivati
ukorijeniti	ukorijenivši
ukoriti	ukorivši
ukorjenjivati	ukorijeniti
ukorjenjivati	ukorjenjujući
ukorjenjivati	ukorjenjivanje
ukositi	
ukotviti	kotviti
ukotviti	ukotvljivati
ukotviti	ukotvivši
ukotvljivati	
ukočiti	ukočivši
ukrasiti	ukrasivši
ukrasti	ukravši
ukrašavati	ukrašavajući
ukrašavati	ukrašavanje
ukrotiti	
ukrstiti	ukrstivši
ukrutiti	ukrutivši
ukrštati	ukrštajući
ukrštati	ukrštanje
ukrštavati	ukrštavajući
ukrštavati	ukrštavanje
ulagivati	ulagujući
ulagivati	ulagivanje
ulepšati	ulepšavši
ulepšati	ulepšanje
ulepšavati	ulepšavajući
ulepšavati	ulepšavanje
ulizati	ulizavši
uljepšati	uljepšavši
uljepšati	uljepšanje
uljepšavati	uljepšavajući
uljepšavati	uljepšavanje
uloviti	ulovivši
uložiti	uloživši
umaknuti	
umarati	umarajući
umarati	umaranje
umetati	umećući
umetati	umetanje
umeti	umejući
umeti	umevši
umeti	umenje
umetnuti	umetnuvši
umirati	umirući
umirati	umiranje
umiroviti	umirovivši
umiroviti	umirovljenje
umisliti	umislivši
umiti	miti
umiti	umivši
umišljati	umišljajući
umišljati	umišljanje
umjeti	umijući
umjeti	umijenje
umnažati	
umoljavati	
umoriti	umorivši
umovati	umujući
umovati	umovanje
umreti	umrevši
umrijeti	umrijevši
unajmiti	unajmljivati
unajmiti	unajmivši
unajmljivati	unajmiti
unajmljivati	unajmljujući
unajmljivati	unajmljivanje
unakaziti	unakazivši
unakazivati	unakazujući
unakazivati	unakazivanje
uneti	unevši
unijeti	unijevši
uniziti	unizivši
uništavati	uništavajući
uništavati	uništavanje
uništiti	uništivši
uništiti	uništenje
unižavati	unižavajući
unižavati	unižavanje
unositi	unoseći
unositi	unošenje
unovčiti	
uobraziti	uobrazivši
uokviriti	
uozbiljiti	uozbiljivši
uočavati	uočavajući
uočavati	uočavanje
uočiti	uočivši
upadati	upadajući
upadati	upadanje
upaliti	upalivši
upamtiti	upamtivši
upasti	upavši
upijati	upijajući
upijati	upijanje
upirati	uprijeti
upirati	upirući
upirati	upiravši
upirati	upiranje
upisati	upisavši
upisivati	upisujući
upisivati	upisivanje
upitati	upitavši
upiti	upivši
uplašiti	uplašivši
uplivati	uplivavši
uploviti	uplovivši
uplovljavati	uplovljavajući
uplovljavati	uplovljavanje
uporabiti	uporabivši
uposliti	uposlivši
upotrebiti	upotrebivši
upotrebljavati	upotrebljavajući
upotrebljavati	upotrebljavanje
upotrijebiti	upotrijebivši
upoznati	upoznavši
upozoravati	upozoravajući
upozoravati	upozoravanje
upozoriti	upozorivši
upozoriti	upozorenje
upravljati	upravljajući
upravljati	upravljanje
uprijeti	upirati
uprijeti	uprijevši
uprijeti	uprće
upriličiti	upriličivši
upriličivati	upriličujući
upriličivati	upriličivanje
uprljati	uprljavši
upropastiti	upropastivši
upropaštavati	upropaštavajući
upropaštavati	upropaštavanje
upropašćivati	upropašćujući
upropašćivati	upropašćivanje
uputiti	uputivši
upućivati	upućujući
upućivati	upućivanje
uraditi	uradivši
uraniti	uranivši
uranjati	uroniti
uranjati	uranjajući
uranjati	uranjanje
uračunati	uračunavši
uračunavati	uračunavajući
uračunavati	uračunavanje
urbanizirati	
urediti	uređivati
urediti	uredivši
uresiti	uresivši
urezati	urezavši
urezivati	urezujući
urezivati	urezivanje
ureći	urekavši
uređivati	urediti
uređivati	uređujući
uređivati	uređivanje
urešavati	urešavajući
urešavati	urešavanje
urlati	urlajući
urlati	urlanje
uroniti	uranjati
uroniti	uronivši
urotiti	urotivši
uručiti	uručivši
uručivati	uručujući
uručivati	uručivanje
usaditi	usadivši
usahnuti	
usavršavati	usavršavajući
usavršavati	usavršavanje
usavršiti	usavršivši
usađivati	usađujući
usađivati	usađivanje
useliti	uselivši
useliti	useljenje
useljavati	useljavajući
useljavati	useljavanje
usidriti	usidrivši
usiliti	
usisati	usisavši
usisavati	usisavajući
usisavati	usisavanje
uskratiti	uskrativši
uskraćivati	
uskrsnuti	uskrsnući
uskrsnuti	uskrsnuvši
uskrsnuti	uskrsnuće
uslijediti	
usložniti	
usložnjavati	usložnjavajući
usložnjavati	usložnjavanje
usmeravati	usmeravajući
usmeravati	usmeravanje
usmeriti	usmerivši
usmjeravati	usmjeravajući
usmjeravati	usmjeravanje
usmjeriti	usmjerivši
usmrdeti	usmrdio
usmrdeti	usmrđen
uspavati	uspavavši
uspeti	uspevši
uspjeti	uspjevši
usporavati	usporavajući
usporiti	usporivši
usporiti	usporenje
uspostaviti	uspostavivši
uspostavljati	uspostavljajući
uspostavljati	uspostavljanje
usredotočiti	usredotočivati
usredotočiti	usredotočivši
usredotočiti	usredotočenje
usredotočivati	usredotočiti
usredotočivati	usredotočujući
usredotočivati	usredotočivanje
ustajati	ustajući
ustajati	ustajanje
ustanoviti	ustanovivši
ustanoviti	ustanovljenje
ustanovljivati	ustanovljujući
ustanovljivati	ustanovljivanje
ustati	ustavši
ustrajati	ustrajući
ustrajati	ustrajanje
ustrojiti	ustrojivši
ustupati	ustupajući
ustupati	ustupanje
ustupiti	ustupivši
ustvrditi	ustvrđivati
ustvrditi	ustvrdivši
ustvrđivati	ustvrditi
ustvrđivati	ustvrđujući
ustvrđivati	ustvrđivanje
usuditi	usudivši
usuti	usuvši
usuđivati	usuđujući
usuđivati	usuđivanje
usvajati	usvojiti
usvajati	usvajajući
usvajati	usvajanje
usvojiti	usvajati
usvojiti	usvojivši
usvojiti	usvojenje
utaboriti	
utajiti	utajivši
utanačiti	utanačivši
utapati	utapajući
utapati	utapanje
utažiti	utaživši
utemeljiti	utemeljivši
utemeljivati	utemeljujući
utemeljivati	utemeljivanje
uteći	utekavši
utešiti	utešivši
utješiti	utješivši
utoliti	utolivši
utoljivati	utoljujući
utoljivati	utoljivanje
utonuti	utonuvši
utopiti	utopivši
utovariti	utovarivši
utovarivati	utovarujući
utovarivati	utovarivanje
utoviti	utovivši
utrkivati	utrkujući
utrkivati	utrkivanje
utrnuti	utrnuvši
utrostručiti	
utrošiti	utrošivši
uturiti	uturivši
utući	utukavši
utvarati	utvarajući
utvarati	utvaranje
utvrditi	tvrdivši
uvaliti	uvalivši
uvažavati	uvažavajući
uvažavati	uvažavanje
uvažiti	uvaživši
uveličati	uveličavši
uvenuti	uvenuvši
uveriti	uverivši
uveriti	uverenje
uvesti	uvezavši
uvezati	uvezavši
uvećati	uvećavši
uvećati	uvećanje
uvežbati	uvežbavši
uvideti	uvidevši
uvidjeti	uvidjevši
uviti	uvivši
uvjeriti	uvjerivši
uvjeriti	uvjerenje
uvjetovati	
uvježbati	uvježbavši
uvrebati	uvrebavši
uvrediti	uvredivši
uvrežiti	uvreživši
uvrijediti	uvrijedivši
uvriježiti	uvriježivši
uvrstiti	uvrstivši
uvući	uvukavši
uzbuditi	uzbudivši
uzbuditi	uzbuđenje
uzbuniti	uzbunivši
uzbunjivati	uzbunjujući
uzbunjivati	uzbunjivanje
uzburkati	uzburkavši
uzbuđivati	uzbuđujući
uzbuđivati	uzbuđivanje
uzdahnuti	uzdahnuvši
uzdisati	uzdišući
uzdisati	uzdisanje
uzdržati	uzdržavši
uzeti	uzevši
uzeti	uzeće
uzgojiti	uzgojivši
uzimati	uzimanje
uzići	
uzjahati	uzjahavši
uzjahivati	uzjahujući
uzjahivati	uzjahivanje
uzletati	uzlećući
uzletati	uzletanje
uzleteti	uzletevši
uzletjeti	uzletjevši
uzlijetati	uzlijećući
uzlijetati	uzlijetanje
uzmaknuti	
uznemiravati	uznemiravajući
uznemiravati	uznemiravanje
uznemiriti	uznemirivši
uzorati	uzoravši
uzoravati	uzoravajući
uzoravati	uzoravanje
uzrokovati	uzrokujući
uzrokovati	uzrokovavši
uzrokovati	uzrokovanje
uzrujati	uzrujavši
uzrujavati	uzrujavajući
uzrujavati	uzrujavanje
uzverati	uzveravši
uzvikivati	uzvikujući
uzvikivati	uzvikivanje
uzviknuti	uzviknuvši
uzvisiti	uzvisivši
uzvisiti	uzvišenje
ući	ušavši
učestvovati	učestvujući
učestvovati	učestvovanje
učiniti	učinivši
učiti	učeći
učiti	učivši
učiti	učenje
učlaniti	učlanivši
učlanjivati	učlanjujući
učlanjivati	učlanjivanje
učvrstiti	učvrstivši
učvrstiti	učvršćenje
učvršćivati	učvršćujući
učvršćivati	učvršćivanje
ušetati	ušetavši
ušiljiti	ušiljivši
ušparati	
uštedeti	uštedevši
uštedjeti	uštedjevši
uštekati	
uštimati	
uštimavati	
uštinuti	uštinuvši
ušuškati	ušuškajući
ušuškati	ušuškavši
ušuškati	ušuškanje
ušuškavati	ušuškavajući
ušuškavati	ušuškavanje
uščuvati	
užgati	
uživati	uživajući
uživati	uživanje
užurbati	užurbavši
vabiti	vabeći
vabiti	vabljenje
vaditi	vadeći
vaditi	vađenje
vagati	vaganje
vagnuti	vagnuvši
valjati	valjajući
valjati	valjanje
vandrati	
vapiti	vapeći
vapiti	vapijući
vapiti	vapivši
vapiti	vapljenje
varati	varajući
varati	varanje
variti	vareći
variti	varenje
varkam	varkaja
varkam	varkala
varkam	varkajeći
varkam	varkanje
važiti	važeći
važiti	važenje
vedeti	
vejati	vejući
vejati	vejanje
velim	veleći
velim	velivši
ventilirati	ventilirajući
ventilirati	ventiliravši
ventilirati	ventiliranje
venuti	venući
venuti	venjenje
venčati	venčajući
venčati	venčavši
venčati	venčanje
venčavati	venčavajući
venčavati	venčavanje
verati	verući
verati	veranje
verglati	verglajući
verglati	verglanje
veriti	verivši
verovati	verujući
verovati	verovanje
veseliti	veseleći
veseliti	veselivši
veseliti	veseljenje
veslati	veslajući
veslati	veslanje
vesti	vezući
vesti	vezavši
vesti	vezenje
vezati	vežući
vezati	vezavši
vezati	vezanje
većati	većajući
većati	većanje
večerati	večerajući
večerati	večeravši
vešati	vešajući
vešati	vešanje
veštačiti	veštačeći
veštačiti	veštačenje
vežbati	vežbajući
vežbati	vežbanje
vibrirati	vibrirajući
vibrirati	vibriranje
videti	videći
videti	videvši
vidjeti	videći
vidjeti	vidjevši
vidjeti	viđenje
vijećati	vijećajući
vijećati	vijećanje
vikati	viknuti
vikati	vičući
vikati	vikanje
viknuti	vikati
viknuti	viknuvši
visiti	viseći
visiti	višenje
viti	vijući
viti	vijenje
viđati	viđajući
viđati	viđanje
vjenčati	vjenčajući
vjenčati	vjenčavši
vjenčati	vjenčanje
vjenčavati	vjenčavajući
vjenčavati	vjenčavanje
vjeriti	vjerivši
vjerovati	povjerovati
vjerovati	vjerovanje
vjerovati	vjerujući
vješati	vješajući
vješati	vješanje
vještačiti	vještačeći
vještačiti	vještačenje
vježbati	vježbajući
vježbati	vježbanje
vkaniti	
vladati	vladajući
vladati	vladanje
vlačiti	vlačeći
vlačiti	vlačenje
vlažiti	vlažeći
vlažiti	vlaživši
vlažiti	vlaženje
vleči	
voditi	vodeći
voditi	vođenje
vojevati	vojujući
vojevati	vojevanje
voleti	voleći
voleti	volevši
voleti	voljenje
voljeti	voleći
voljeti	voljenje
vonjati	vonjajući
vonjati	vonjanje
vozati	vozajući
vozati	vozanje
voziti	vozeći
voziti	vozivši
voziti	voženje
voštiti	vošteći
vratiti	vrativši
vračati	vračajući
vračati	vračanje
vrebati	vrebajući
vrebati	vrebanje
vredeti	vredeći
vredeti	vređenje
vrednovati	vrednujući
vrednovati	vrednovavši
vrednovati	vrednovanje
vreti	vrevši
vreti	vrenje
vrevim	vrevenje
vređati	vređajući
vređati	vređanje
vrgnuti	vrgnuvši
vrijediti	vrijedeći
vrijediti	vrijeđenje
vrijeđati	vrijeđajući
vrijeđati	vrijeđanje
vrisnuti	vrisnuvši
vrištati	vrišteći
vrištati	vrištanje
vrludati	vrludajući
vrludati	vrludanje
vrnuti	
vrpoljiti	vrpoljeći
vrpoljiti	vrpoljenje
vrteti	vrteći
vrteti	vrćenje
vrtjeti	vrteći
vrtjeti	vrćenje
vrzmati	vrzmajući
vrzmati	vrzmanje
vršiti	vršeći
vršiti	vršenje
vudirati	
vudriti	
vugnuti	
vujti	
vupati	
vući	vukući
vući	vukavši
vući	vučenje
vučiti	
vužgati	
vužigati	
zabadati	zabadajući
zabadati	zabadanje
zabaliti	
zabaviti	zabavivši
zabavljati	zabavljajući
zabavljati	zabavljanje
zabeležiti	zabeleživši
zabetonirati	zabetoniravši
zabijati	zabijajući
zabijati	zabijanje
zabilježiti	zabilježivši
zabiti	zabivši
zablejati	blejati
zablejati	zablejivši
zableštiti	zableštivši
zabliještiti	zabliještivši
zablistati	zablistavši
zablokirati	zablokiravši
zaboleti	zabolevši
zaboljeti	zaboljevši
zaboraviti	zaboravljati
zaboraviti	zaboravivši
zaboravljati	zaboraviti
zaboravljati	zaboravljajući
zaboravljati	zaboravljanje
zabosti	zabovši
zabraniti	zabranjivati
zabraniti	zabranivši
zabranjivati	zabraniti
zabranjivati	zabranjujući
zabranjivati	zabranjivanje
zabrinuti	zabrinuvši
zabrljati	zabrljavši
zabrojiti	
zabrtviti	zabrtvivši
zabrujati	zabrujavši
zabrzati	zabrzavši
zabubati	zabubavši
zabubnjati	
zabugariti	zabugarivši
zabuljiti	zabuljivši
zabundati	
zabuniti	zabunivši
zabunkerirati	zabunkeriravši
zadati	zadavši
zadavati	zadajući
zadavati	zadavanje
zadaviti	zadavivši
zadesiti	zadesivši
zadeti	
zadešavati	zadešavajući
zadešavati	zadešavanje
zadimiti	zadimivši
zadirkivati	zadirkujući
zadirkivati	zadirkivanje
zadiviti	zadivivši
zadovoljavati	zadovoljavajući
zadovoljavati	zadovoljavanje
zadovoljiti	zadovoljivši
zadremati	zadremavši
zadrijemati	zadrijemavši
zadržati	zadržavši
zadržavati	zadržavajući
zadržavati	zadržavanje
zadubiti	zadubivši
zadužiti	zaduživši
zadužiti	zaduženje
zaduživati	zadužujući
zaduživati	zaduživanje
zagaditi	zagadivši
zagaditi	zagađenje
zaglaviti	zaglavivši
zaglibiti	zaglibivši
zagonetati	
zagorčati	zagorčavši
zagospodariti	zagospodarivši
zagraditi	zagradivši
zagrađivati	zagrađujući
zagrađivati	zagrađivanje
zagrejati	zagrejavši
zagrejavati	zagrejavajući
zagrejavati	zagrejavanje
zagrepsti	zagrebavši
zagrijati	zagrijavši
zagrijavati	zagrijavajući
zagrijavati	zagrijavanje
zagristi	zagrizavši
zagrliti	zagrlivši
zahoditi	
zahtevati	zahtevajući
zahtevati	zahtevanje
zahtijevati	zahtijevajući
zahtijevati	zahtijevanje
zahvaliti	zahvalivši
zahvaljivati	zahvaljujući
zahvaljivati	zahvaljivanje
zahvatiti	zahvativši
zahvaćati	zahvaćajući
zahvaćati	zahvaćanje
zajahati	zajahavši
zajebati	zajebavši
zajebavati	zajebavajući
zajebavati	zajebavanje
zajti	
zakasniti	zakasnivši
zakasniti	zakašnjenje
zakazati	zakazavši
zakazivati	zakazujući
zakazivati	zakazivanje
zakidati	zakidajući
zakidati	zakidanje
zakinuti	zakinuvši
zaklanjati	zaklanjajući
zaklanjati	zaklanjanje
zaklenuti	
zakleti	zaklevši
zaklinjati	zaklinjući
zaklinjati	zaklinjanje
zaključati	
zaključavati	
zaključiti	zaključivši
zaključiti	zaključenje
zaključivati	zaključujući
zaključivati	zaključivanje
zakloniti	zaklonivši
zakopati	zakopavši
zakopavati	zakopavajući
zakopavati	zakopavanje
zakočiti	zakočivši
zakrpati	
zakrvariti	zakrvarivši
zalaziti	zalazeći
zalaziti	zalaženje
zalediti	zaledivši
zaleđivati	zaleđujući
zaleđivati	zaleđivanje
zaliti	zalivši
zalizati	zalizavši
zaljubiti	zaljubivši
zaljubljivati	zaljubljujući
zaljubljivati	zaljubljivanje
zaljutiti	zaljutivši
zalomiti	zalomivši
založiti	založivši
zalupiti	zalupivši
zalutati	zalutavši
zamahivati	
zamahnuti	
zamaknuti	
zamamiti	
zameniti	zamenjivati
zameniti	zamenivši
zamenjivati	zameniti
zamenjivati	zamenjujući
zamenjivati	zamenjivanje
zamerati	zamerajući
zamerati	zameranje
zameriti	zamerivši
zametiti	
zametnuti	
zamijeniti	zamjenjivati
zamijeniti	zamijenivši
zamijetiti	
zamisliti	zamislivši
zamišljati	zamišljajući
zamišljati	zamišljanje
zamjerati	zamjerajući
zamjerati	zamjeranje
zamjeriti	zamjerivši
zamoliti	
zamoljavati	
zamrzavati	zamrzavajući
zamrzavati	zamrzavanje
zamrziti	zamrzivši
zamrznuti	zamrznuvši
zamutiti	
zanemariti	zanemarivši
zanemarivati	zanemarujući
zanemarivati	zanemarivanje
zanimati	zanimajući
zanimati	zanimanje
zanovijetati	zanovijetajući
zanovijetati	zanovijetanje
zanoćati	zanoćavši
zaokružiti	zaokruživši
zaokruživati	zaokružujući
zaokruživati	zaokruživanje
zaorati	zaoravši
zaostajati	zaostajući
zaostajati	zaostajanje
zaostati	zaostajati
zaostati	zaostavši
zaošijati	
zapadati	zapadajući
zapadati	zapadanje
zapaliti	zapalivši
zapamtiti	zapamtivši
zapanjiti	zapanjivši
zapasti	zapavši
zapaziti	zapazivši
zapažati	zapažajući
zapažati	zapažanje
zapeći	zapekavši
zapirati	zaprijeti
zapirati	zapirući
zapirati	zapiravši
zapirati	zapiranje
zapisati	zapisavši
zapisivati	zapisujući
zapisivati	zapisivanje
zapitati	zapitavši
zaplaviti	
zaplašiti	zaplašivši
zaplivati	zaplivavši
zaploviti	zaplovivši
zaposjesti	
zaposliti	zaposlivši
zapostaviti	zapostavivši
zapovedati	zapovedajući
zapovedati	zapovedanje
zapovediti	zapovedivši
zapovijedati	zapovijedajući
zapovijedati	zapovijedanje
zapovjediti	zapovjedivši
započeti	započevši
zapošljavati	zapošljavajući
zapošljavati	zapošljavanje
zapregnuti	zapregnuvši
zapreti	zaprevši
zaprijeti	zaprijevši
zaprijeti	zaprće
zaprljati	zaprljavši
zaprositi	zaprosivši
zapustiti	zapustivši
zaputiti	
zapušiti	zapušivši
zapuštati	zapuštajući
zapuštati	zapuštanje
zaraditi	zaradivši
zaratiti	zarativši
zaračunati	zaračunavši
zaračunavati	zaračunavajući
zaračunavati	zaračunavanje
zarađivati	zarađujući
zarađivati	zarađivanje
zaredati	zaredavši
zarediti	zaredivši
zarediti	zaređenje
zareći	zarekavši
zariglati	
zaroktati	
zarudeti	zarudevši
zarudjeti	zarudjevši
zasaditi	zasadivši
zasađivati	zasađujući
zaseniti	zasenivši
zaseniti	zasenjenje
zasenjivati	zasenjujući
zasenjivati	zasenjivanje
zasititi	
zasićivati	
zasjeniti	zasjenivši
zasjeniti	zasjenjenje
zasjenjivati	zasjenjujući
zasjenjivati	zasjenjivanje
zasjesti	
zasloniti	zaslonivši
zaslužiti	zasluživši
zasluživati	zaslužujući
zasluživati	zasluživanje
zasmetati	zasmetavši
zaspati	zaspavši
zastajati	zastajajući
zastajati	zastajanje
zastati	zastavši
zastrašiti	zastrašivši
zastrašivati	zastrašujući
zastrašivati	zastrašivanje
zastreti	zastrevši
zastrijeti	zastrijevši
zastupati	zastupajući
zastupati	zastupanje
zastupiti	zastupivši
zatajiti	zatajivši
zatajivati	zatajujući
zatajivati	zatajivanje
zatalasati	zatalasavši
zatalasavati	zatalasavajući
zatalasavati	zatalasavanje
zataškati	zataškavši
zataškavati	zataškavajući
zataškavati	zataškavanje
zategnuti	zategnuvši
zatezati	zatežući
zatezati	zatezanje
zateći	zatekavši
zatirati	
zatomiti	zatomivši
zatomljivati	zatomljujući
zatomljivati	zatomljivanje
zatočiti	zatočivši
zatražiti	zatraživši
zatrovati	zatrovavši
zatvarati	zatvarajući
zatvarati	zatvaranje
zatvoriti	zatvorivši
zaudarati	zaudarajući
zaudarati	zaudaranje
zaustaviti	zaustavivši
zaustavljati	zaustavljajući
zaustavljati	zaustavljanje
zaustiti	
zauzdati	zauzdavši
zauzdavati	zauzdavajući
zauzdavati	zauzdavanje
zauzeti	zauzevši
zauzeti	zauzeće
zauzimati	zauzimanje
zavaditi	zavađati
zavaditi	zavađivati
zavaditi	zavadivši
zavapiti	
zavarati	zavaravši
zavaravati	zavaravajući
zavaravati	zavaravanje
zavesti	zavevši
zavezati	zavezavši
zavideti	zavideći
zavideti	zaviđenje
zavidjeti	zavideći
zavidjeti	zaviđenje
zavijati	
zaviriti	zavirivši
zavirivati	zavirujući
zavirivati	zavirivanje
zavisiti	zaviseći
zaviti	zavijati
zaviđati	zaviđajući
zaviđati	zaviđanje
zavladati	zavladavši
zavladavati	zavladavajući
zavladavati	zavladavanje
zavlačiti	zavlačeći
zavlačiti	zavlačenje
zavoleti	zavolevši
zavoljeti	zavoljevši
zavredeti	zavredevši
zavređivati	zavređujući
zavređivati	zavređivanje
zavrijedjeti	zavrijedjevši
završavati	završavajući
završavati	završavanje
završiti	završivši
zavući	zavukavši
zazipati	
zaći	zašavši
zaćutati	
začahuriti	začahurivši
začarati	začaravši
začaravati	začaravajući
začaravati	začaravanje
začarivati	
začeti	začevši
začiniti	začinivši
začinjati	začinjući
začinjati	začinjanje
začuditi	začudivši
začuđivati	začuđujući
začuđivati	začuđivanje
zašiljiti	zašiljivši
zašiljivati	
zaštititi	zaštitivši
zaštićivati	zaštićujući
zaštićivati	zaštićivanje
zašutjeti	
zažaliti	zažalivši
zažaliti	zažaljenje
zaželeti	zaželevši
zaželjeti	zaželjevši
zbijati	zbijajući
zbijati	zbijanje
zbiti	zbivši
zbivati	zbivajući
zbivati	zbivanje
zbližiti	zbliživši
zbližiti	zbliženje
zboriti	zboreći
zboriti	zborenje
zbrajati	zbrajajući
zbrajati	zbrajanje
zbrinjavati	zbrinjavajući
zbrinjavati	zbrinjavanje
zbrinuti	zbrinuvši
zbrisati	zbrisavši
zbrojiti	zbrojivši
zbuditi	
zbuniti	zbunivši
zbunjivati	zbunjujući
zbunjivati	zbunjivanje
zdrkati	
združiti	združivši
zepsti	zebući
zepsti	zebavši
zepsti	zebnja
zeti	
zevati	zevajući
zevati	zevanje
zevnuti	zevnuvši
zgaditi	zgadivši
zgrabiti	zgrabivši
zgrejati	zgrejavši
zgrejavati	zgrejavajući
zgrejavati	zgrejavanje
zgrijati	zgrijavši
zgrijavati	zgrijavajući
zgrijavati	zgrijavanje
zgristi	zgrizavši
zgrnuti	zgrnuvši
zgromiti	
zgroziti	zgrozivši
zgrušati	zgrušavši
zgrušati	zgrušenje
zguriti	zgurivši
zgusnuti	zgusnuvši
zgušnjavati	zgušnjavajući
zgušnjavati	zgušnjavanje
zgužvati	zgužvavši
zibati	zibanje
zidati	zidavši
zidati	zidanje
zijati	zijajući
zijati	zijanje
zijevati	zijevajući
zijevati	zijevanje
zijevnuti	zijevnuvši
zimovati	zimujući
zimovati	zimovanje
zinuti	zinuvši
zipati	
ziti	
zjapiti	zjapeći
zjapiti	zjapljenje
zjapnuti	zjapnuvši
zlatiti	zlateći
zlatiti	zlaćenje
zlorabiti	zlorabeći
zlorabiti	zlorabljenje
zlostavljati	zlostavljajući
zlostavljati	zlostavljanje
zloupotrebiti	zloupotrebivši
zloupotrebljavati	zloupotrebljavajući
zloupotrebljavati	zloupotrebljavanje
zloupotrijebiti	zloupotrijebivši
zmisliti	
zmleti	
znati	znajući
znati	znadući
znati	znavši
znati	znanje
značiti	značeći
značiti	značenje
znojiti	znojeći
znojiti	znojenje
zobati	zobljući
zobati	zobanje
zračiti	zračeći
zračiti	zračenje
zreti	zrenje
zuriti	zureći
zuriti	zurenje
zvati	zovući
zvati	zvavši
zvati	zvanje
zveknuti	
zviždati	zviždeći
zviždati	zviždanje
zvoniti	
zvučati	
zvučiti	
ćaskati	ćaskajući
ćaskati	ćaskanje
ćerdati	
ćeretati	ćeretajući
ćeretati	ćeretanje
ćešiti	ćešeći
ćešiti	ćešenje
ćoraviti	ćoraveći
ćoraviti	ćoravljenje
ćutati	oćutati
ćutati	ćuteći
ćutati	ćutanje
ćutiti	
čahuriti	
čakati	
čamiti	čameći
čamiti	čamljenje
čapati	čapajući
čapati	čapanje
čarati	čarajući
čarati	čaranje
častiti	čašćavati
častiti	časteći
častiti	čašćenje
čačkati	čačkajući
čačkati	čačkanje
čađaviti	čađaveći
čađaviti	čađavljenje
čađiti	čađeći
čađiti	čađenje
čehati	čehajući
čehati	čehanje
čekati	čekajući
čekati	čekanje
čeličiti	čeličeći
čeličiti	čeličenje
čeprkati	čeprkajući
čeprkati	čeprkavši
čeprkati	čeprkanje
čestitati	čestitajući
čestitati	čestitavši
čestitati	čestitanje
čeznuti	čeznući
čeznuti	čeznuće
češati	češući
češati	češavši
češati	češanje
češljati	očešljati
češljati	počešljati
činiti	čineći
činiti	činjenje
čistiti	čisteći
čistiti	čišćenje
čitati	pročitati
čitati	čitajući
čitati	čitanje
čuditi	čudeći
čuditi	čuđenje
čupati	čupajući
čupati	čupanje
čuti	čujući
čuti	čuvši
čuti	čuvenje
čuvati	čuvajući
čuvati	čuvanje
čučati	čučeći
čučati	čučanje
čvrsnuti	
šaliti	šaleći
šaliti	šaljenje
šaltati	šaltajući
šaltati	šaltanje
šamarati	šamarajući
šamarati	šamaranje
šapnuti	šapnuvši
šaptati	šapćući
šaptati	šaptanje
šaputati	šapućući
šaputati	šaputanje
šarati	šarajući
šarati	šaranje
šarmirati	šarmirajući
šarmirati	šarmiravši
šarmirati	šarmiranje
šenkati	
šepati	šepajući
šepati	šepanje
šetati	šetanje
šibati	šibajući
šibati	šibanje
šikanirati	
šikati	šikajući
šikati	šikanje
šiljiti	šiljeći
šiljiti	šiljenje
šimfati	
širiti	šireći
širiti	širenje
šiti	šijući
šiti	šivenje
šivati	šivajući
šivati	šivanje
šišati	šišajući
šišati	šišanje
šištati	šišteći
šištati	šištanje
škiljiti	škiljeći
škiljiti	škiljenje
škoditi	škodeći
škoditi	škođenje
školati	
školovati	školujući
školovati	školovanje
škopiti	škopeći
škopiti	škopljenje
škrgutati	škrgućući
škrgutati	škrgutanje
škripiti	škripeći
škripiti	škripljenje
škripnuti	škripnuvši
škrobiti	škrobeći
škrobiti	škrobljenje
škrtariti	škrtareći
škrtariti	škrtarenje
šlabekati	
šlajdrati	
šlajfati	
šlepati	odšlepati
šlepati	šlepajući
šlepati	šlepanje
šlepovati	odšlepovati
šljapati	
šljemati	šljemanje
šlogati	
šmajhlati	
šmrkati	šmrčući
šmrkati	šmrkanje
šnirati	šnirajući
šnirati	šniranje
šnjofati	šnjofajući
šnjofati	šnjofanje
šnofati	
šokirati	šokirajući
šokirati	šokiravši
šokirati	šokiranje
šopati	šopajući
šopati	šopanje
španati	
šparati	šparajući
šparati	šparanje
špijunirati	špijunirajući
špijunirati	špijuniranje
špikati	špikajući
špikati	špikanje
špilati	
špotati	špotajući
špotati	špotanje
šprehati	
štampati	štampajući
štampati	štampavši
štampati	štampanje
štaviti	štaveći
štaviti	štavljenje
štedeti	štedeći
štedeti	šteđenje
štedjeti	štedeći
štedjeti	šteđenje
štekati	
štelati	
štemati	štemajući
štemati	štemanje
štemovati	štemovajući
štemovati	štemovanje
šteti	
štetiti	oštetiti
štetiti	šteteći
štetiti	štećenje
štikati	
štipati	štipajući
štipati	štipanje
štipnuti	štipnuvši
štititi	štiteći
štititi	štićenje
štopati	štopajući
štopati	štopanje
štovati	štujući
štovati	štovanje
štrajfati	
štrajhati	
štrajkati	štrajkajući
štrajkati	štrajkanje
štrajkovati	
štrihati	
štrihirati	štrihirajući
štrihirati	štrihiravši
štrihirati	štrihiranje
štrikati	
štundirati	
šukati	šukajući
šukati	šukanje
šuljati	šuljajući
šuljati	šuljanje
šumiti	šumeći
šumiti	šumljenje
šunjati	šunjajući
šunjati	šunjanje
šutjeti	šuteći
šutjeti	šućenje
šuškati	šuškajući
šuškati	šuškanje
šuštati	šušteći
šuštati	šuštanje
švanjiti	
švrljati	švrlajući
švrljati	švrlanje
ščepati	ščepavši
ščepavati	ščepavajući
ščepavati	ščepavanje
žagati	
žaliti	žaleći
žaliti	žaljenje
žalostiti	žalosteći
žalostiti	žalošćenje
žalovati	žalujući
žalovati	žalovanje
žbukati	žbukajući
žbukati	žbukanje
žderati	žderući
žderati	žderanje
ždrebati	ždrebajući
ždrebati	ždrebanje
ždrijebati	ždrijebajući
ždrijebati	ždrijebanje
žedneti	žedneći
žedneti	žednenje
žednjeti	žedneći
žednjeti	žednjenje
želeti	želeći
želeti	željenje
željeti	želeći
željeti	željenje
željkovati	željkujući
željkovati	željkovanje
ženiti	ženeći
ženiti	ženjenje
žestiti	žesteći
žestiti	žešćenje
žeti	žanjući
žeći	žegući
žeći	žegavši
žeći	žeženje
žeđati	žeđajući
žeđati	žeđanje
živeti	živeći
živeti	živevši
živeti	življenje
živjeti	živeći
živjeti	življenje
žlabrati	
žmijem	žmaja
žmijem	žmala
žmijem	žmijenje
žnjeti	
žonglirati	žonglirajući
žonglirati	žongliranje
žrtvovati	
žudeti	žudeći
žudeti	žuđenje
žudjeti	žudeći
žudjeti	žuđenje
žuriti	žureći
žvakati	žvačući
žvakati	žvakanje
žvrgoljiti	
