word	pos_values
a	adj,character,noun,prep,symbol
a-brunn	noun
a-dur	noun
a-kassa	noun
a-lagare	noun
a-moll	noun
a-traktor	noun
a-vitamin	noun
aachen	name
ab	noun
abakus	noun
abba	name
abbe	name
abbedissa	noun
abbeshult	name
abbonemang	noun
abbonnemang	noun
abborre	noun
abborrgrund	noun
abbot	noun
abc-bok	noun
abchazien	name
abchazier	noun
abchaziska	noun
abderit	noun
abderitisk	adj
abdikation	noun
abdikera	verb
abdikerad	adj
abdikering	noun
abdominal	adj
abdominalt	adv
abel	name
abelsk	adj
aber	noun
abessinien	name
abessinsk	adj
abf	name
abilitet	noun
abiogenes	noun
abiturient	noun
ablativ	noun
abnorm	adj
abnormitet	noun
aboensisk	adj
abolitionism	noun
abonemang	noun
abonnemang	noun
abonnemangsavgift	noun
abonnemangsvillkor	noun
abonnent	noun
abonnentförteckning	noun
abonnentnummer	noun
abonnera	verb
abonnerad	adj
aborigin	noun
aborre	noun
abort	noun
abortera	verb
aborterad	adj
abortering	noun
abortframkallande	adj
abortklinik	noun
abortlag	noun
abortmotstånd	noun
abortmotståndare	noun
abortpiller	noun
aborträtt	noun
abortör	noun
abraham	name
abrahamitisk	adj
abrahamsson	name
abrakadabra	intj,noun
abrupt	adj,adv
absalom	name
absalon	name
abscess	noun
absid	noun
absint	noun
abskissa	noun
absolut	adj,adv,intj
absolutbelopp	noun
absoluthet	noun
absolutism	noun
absolutist	noun
absolutistisk	adj
absolvera	verb
absorbera	verb
absorberad	adj
absorberande	adj
absorption	noun
absorptionsförmåga	noun
absorptionskylare	noun
absorptionslinje	noun
abstinens	noun
abstinensbesvär	noun
abstinenssymtom	noun
abstinenssyndrom	noun
abstrahera	verb
abstraherad	adj
abstrakt	adj,noun
abstraktion	noun
abstrus	adj
absurd	adj
absurditet	noun
ac	noun
acajounöt	noun
acajouträd	noun
accelerando	adv,noun
acceleration	noun
accelerator	noun
accelerera	verb
accelererad	adj
accent	noun
accentuera	verb
accentuerad	adj
accentuering	noun
accept	noun
acceptabel	adj
acceptans	noun
acceptant	noun
acceptera	verb
accepterad	adj
acceptpris	noun
accessionsfördrag	noun
accesskod	noun
accessoar	noun
accis	noun
accra	name
acetat	noun
aceton	noun
acetyl	noun
acetylen	noun
acetylsalicylsyra	noun
aciditet	noun
ack	intj
acke	name
ackja	noun
acklamation	noun
acklimatisera	verb
acklimatiserad	adj
acklimatisering	noun
ackommodation	noun
ackommodera	verb
ackommoderad	adj
ackompanjemang	noun
ackompanjera	verb
ackompanjerad	adj
ackord	noun
ackordeon	noun
ackordera	verb
ackreditera	verb
ackumelera	verb
ackumulation	noun
ackumulator	noun
ackumulera	verb
ackumulerad	adj
ackumulering	noun
ackurat	adj
ackuratess	noun
ackusativ	noun
ackuschör	noun
ackuschörska	noun
ackvisition	noun
acne	noun
action	noun
actionfigur	noun
actionfilm	noun
actionhjälte	noun
ad	name,noun
ada	name
adagio	adv,noun
adam	intj,name
adamsberg	name
adamsäpple	noun
adapter	noun
adde	name
addend	noun
addera	verb
adderad	adj
addition	noun
additionstecken	noun
additiv	adj
adekvat	adj
adel	noun
adelsdam	noun
adelskap	noun
adelskvinna	noun
adelsman	noun
adelssläkt	noun
adept	noun
aderton	num
adessiv	noun
adhd	noun
adiabatisk	adj
adiafora	noun
adidas	name
adjektiv	adj,noun
adjektivböjning	noun
adjektivisk	adj
adjungera	verb
adjungerad	adj
adjunkt	noun
adjutant	noun
adjö	intj
adla	verb
adlad	adj
adlig	adj
adligt	adv
administration	noun
administrativ	adj
administratör	noun
administrera	verb
administrerad	adj
admins	noun
admittans	noun
admonition	noun
adolf	name
adolfina	name
adoptera	verb
adoption	noun
adoptiv	adj
adoptivbarn	noun
adoptivfar	noun
adoptivmor	noun
adrenalin	noun
adress	noun
adressaritmetik	noun
adressat	noun
adressbok	noun
adressera	verb
adresserad	adj
adressering	noun
adresseringsstruktur	noun
adressregister	noun
adressuppgift	noun
adrian	name
aducera	verb
advent	noun
adventskalender	noun
adventskonsert	noun
adventsljusstake	noun
adventsstake	noun
adventsstjärna	noun
adventssöndag	noun
adverb	noun
adverbial	noun
advocera	verb
advokat	noun
advokatsamfund	noun
aerob	adj
aerobics	noun
aerobisk	adj
aerodynamik	noun
aerodynamisk	adj
aerofobi	noun
afa	name
afar	noun
afariska	noun
afasi	noun
afatiker	noun
afatisk	adj
affektionsvärde	noun
affektiv	adj
affin	adj
affinitet	noun
affirmera	verb
affisch	noun
affischera	verb
affischering	noun
affischpelare	noun
affischör	noun
affix	noun
affixoid	noun
affogato	noun
affrikata	noun
affär	noun
affärsbiträde	noun
affärshemlighet	noun
affärsimperium	noun
affärskvinna	noun
affärsliv	noun
affärsman	noun
affärsmodell	noun
affärsmässig	adj
affärsmässighet	noun
affärspartner	noun
affärsplan	noun
affärsresa	noun
afghan	noun
afghanistan	name
afghansk	adj
afghanska	noun
afoni	noun
aforism	noun
aforistisk	adj
afrika	name
afrikaan	noun
afrikaans	noun
afrikan	noun
afrikanisera	verb
afrikanisering	noun
afrikansk	adj
afrikanska	noun
afroamerikan	noun
afroamerikansk	adj
afroasiatisk	adj
afrodisiakum	noun
afrodite	name
afrofrisyr	noun
afropop	noun
afrosvensk	adj,noun
aftershave	noun
afterski	adj,noun
afterwork	noun
afton	noun
aftonbön	noun
aftonfalk	noun
aftonklänning	noun
aftonstjärna	noun
ag	noun
aga	noun,verb
agaförbud	noun
agalmatofili	noun
agat	noun
agda	name
agenda	noun
agent	noun
agentfilm	noun
agentroman	noun
agentskap	noun
agentur	noun
agera	verb
agerande	adj,noun
agg	noun
agglomerering	noun
aggregat	noun
aggregera	verb
aggressiv	adj
aggressivitet	noun
agility	noun
agitation	noun
agitator	noun
agitatorisk	adj
agitera	verb
agn	noun
agna	verb
agnat	noun
agne	name
agnes	name
agneta	name
agnetha	name
agnosticism	noun
agnostiker	noun
agnostisk	adj
agorafobi	noun
agrafi	noun
agrafisk	adj
agrar	adj
agrikultur	noun
agronom	noun
agronomi	noun
agunnaryd	name
ah	intj
ahlman	name
ai	noun
aids	noun
aidsepidemi	noun
aidsvaccin	noun
aik	name
aina	name
aioli	noun
airbag	noun
airedaleterrier	noun
aisopos	name
aiss	noun
aj	intj
aja	intj
ajdå	intj
ajour	adj
ajournera	verb
ajvar	noun
ak	noun
akacia	noun
akaciames	noun
akacieträd	noun
akademi	noun
akademiker	noun
akademimedlem	noun
akademisk	adj
akajer	noun
akalkyli	noun
akilles	name
akilleshäl	noun
akillesreflex	noun
akkadisk	adj
akkadiska	noun
akleja	noun
akne	noun
akribi	noun
akrobat	noun
akrobatik	noun
akrocyanos	noun
akrofobi	noun
akronym	noun
akryl	noun
akt	noun
akta	verb
aktad	adj
akter	noun
aktersnurra	noun
aktie	noun
aktieanalytiker	noun
aktiebolag	noun
aktieindex	noun
aktiekurs	noun
aktiemarknad	noun
aktieportfölj	noun
aktieutdelning	noun
aktieägare	noun
aktinium	noun
aktion	noun
aktionspotential	noun
aktionsradie	noun
aktiv	adj,noun
aktivera	verb
aktiverad	adj
aktivering	noun
aktivism	noun
aktivist	noun
aktivistgrupp	noun
aktivitet	noun
aktivum	noun
aktning	noun
aktningsfull	adj
aktningsvärd	adj
aktningsvärdhet	noun
aktris	noun
aktsam	adj
aktsamhet	noun
aktualisera	verb
aktualiserad	adj
aktualitet	noun
aktuell	adj
aktör	noun
akupunktera	verb
akupunktur	noun
akustik	noun
akustiker	noun
akustisk	adj
akut	adj
akut-p-piller	noun
akutbil	noun
akutklinik	noun
akutmottagning	noun
akutsjukhus	noun
akutsnitt	noun
akvakultur	noun
akvamarin	adj,noun
akvarellmålare	noun
akvariefisk	noun
akvarist	noun
akvarium	noun
akvatisk	adj
akvedukt	noun
al	noun
alabaster	noun
aladåb	noun
alanin	noun
alarm	noun
alarmera	verb
alarmerad	adj
alaska	name
alaskier	noun
alaskisk	adj
alban	name,noun
albanien	name
albansk	adj
albansk-ortodox	adj
albanska	noun
albatross	noun
albert	name
albertina	name
albin	name
albino	adj,noun
albion	name
album	noun
albumlista	noun
aldehyd	noun
aldrig	adv
ale	noun
aleksej	name
alektiker	noun
alektisk	adj
alert	adj
aleuterna	name
alex	name
alexander	name
alexandersson	name
alexandra	name
alexandria	name
alexandrin	noun
alexandrinsk	adj
alexi	noun
alf	name
alfa	noun
alfabet	noun
alfabetisera	verb
alfabetisering	noun
alfabetisk	adj
alfalfa	noun
alfanumerisk	adj
alfastrålning	noun
alfhild	name
alfons	name
alfred	name
alfrida	name
alfågel	noun
alförrädare	noun
alg	noun
algblomning	noun
algebra	noun
algebraiker	noun
algebraisk	adj
alger	name
algerier	noun
algeriet	name
algerisk	adj
algeriska	noun
algofobi	noun
algoritm	noun
algoritmisk	adj
algot	name
alias	adv,noun
alibi	noun
alice	name
alicia	name
alienera	verb
alienerad	adj
alienering	noun
alika	noun
alingsås	name
alka	noun
alkali	noun
alkalimetall	noun
alkekung	noun
alkemi	noun
alkemisk	adj
alkemist	noun
alken	noun
alkohol	noun
alkoholbruk	noun
alkoholfri	adj
alkoholförgiftning	noun
alkoholhalt	noun
alkoholhaltig	adj
alkoholiserad	adj
alkoholism	noun
alkoholist	noun
alkoholmissbruk	noun
alkoholmissbrukare	noun
alkoholpolitik	noun
alkoholpåverkad	adj
alkoholskatt	noun
alkoholstyrka	noun
alkoholtillstånd	noun
alkoläsk	noun
alkolås	noun
alkotest	noun
alkov	noun
alkyl	noun
alkyn	noun
all	det
alla	pron
allah	name
allaktivitetshus	noun
allan	name,noun
allas	pron
allasamman	pron
allasammans	pron
alldaglig	adj
alldaglighet	noun
alldagligt	adv
alldeles	adv
alldrig	adv
allegori	noun
allegorisera	verb
allegorisk	adj
allehanda	adj
allemansrätt	noun
allenast	adv
allergen	adj,noun
allergi	noun
allergiframkallande	adj
allergiker	noun
allergisk	adj
allesamman	pron
allesammans	pron
allestädesnärvaro	noun
allfader	name
allfar	name
allgod	adj
allgodhet	noun
allhelgonadagen	noun
allians	noun
alliansfri	adj
alliansfrihet	noun
alliera	verb
allierad	adj
alligator	noun
alligatorsköldpadda	noun
allihop	pron
allitteration	noun
allitterera	verb
allittererad	adj
allmakt	noun
allmoge	noun
allmogespråk	noun
allmän	adj
allmänbildad	adj
allmänbildning	noun
allmänfarlig	adj
allmängiltig	adj
allmängiltighet	noun
allmänhet	noun
allmänintresse	noun
allmänläkare	noun
allmänmedicinare	noun
allmänning	noun
allmännytta	noun
allmännyttig	adj
allmänordbok	noun
allmänspråk	noun
allmänspråklig	adj
allmänt	adv
allmäntjänstgöring	noun
allofon	noun
allokera	verb
allokering	noun
allomfattande	adj
allopatri	noun
allordbok	noun
allra	adv
allraheligaste	noun
allrisk	noun
allriskförsäkring	noun
allroundspelare	noun
alls	adv
allseende	adj
allsidighet	noun
allsin	phrase
allsköns	adj
allsmäktig	adj
allsmäktighet	noun
allsmäktigt	adv
allsvensk	adj,noun
allsvenskan	noun
allså	adv,intj
allsång	noun
allt	adv,pron
allteftersom	adv,conj
alltför	adv
alltiallo	noun
alltid	adv
alltifrån	prep
alltigenom	adv
alltihop	pron
allting	adv,noun
alltjämt	adv
alltmedan	conj
alltmer	adv
alltomfattande	adj
alltsamman	pron
alltsammans	pron
alltsedan	conj,prep
alltså	adv
alludera	verb
allusionsordbok	noun
allvar	noun
allvarietetsordbok	noun
allvarlig	adj
allvarlighet	noun
allvarligt	adv
allvarsam	adj
allvarsamhet	noun
allvetande	adj
allvetare	noun
allvetenhet	noun
allvis	adj
allvishet	noun
allätare	noun
alm	noun
alma	name
almanacka	noun
almsjuka	noun
aln	noun
alp	noun
alpacka	noun
alperna	name
alpglöd	noun
alpin	adj
alpjärnsparv	noun
alpkaja	noun
alplandskap	noun
alpseglare	noun
alpväg	noun
alrik	name
alruna	noun
alster	noun
alstra	verb
alströmer	name
altan	noun
altare	noun
altartavla	noun
altblockflöjt	noun
alternativ	adj,noun
alternativfält	noun
alternativmedicin	noun
alternativmedicinsk	adj
alternera	verb
alternerad	adj
alternering	noun
altid	adv
altruism	noun
altruist	noun
altruistisk	adj
altsaxofon	noun
aluminium	noun
aluminiumfolie	noun
alumn	noun
alun	noun
alunda	name
alunmalm	noun
alunskiffer	noun
alv	noun
alva	name
alvar	name
alveolar	adj,noun
alvik	name
alzheimer	noun
am	name
amalgam	noun
amalia	name
amanda	name
amanuens	noun
amason	noun
amatör	noun
amatöraktig	adj
amatörboxare	noun
amatörfilm	noun
amatörmusiker	noun
amatörmässig	adj
amatörmässighet	noun
amatörskap	noun
amatörskådespelare	noun
ambassad	noun
ambassadpersonal	noun
ambassadråd	noun
ambassadsekreterare	noun
ambassadtjänsteman	noun
ambassadör	noun
ambiguitet	noun
ambition	noun
ambitiös	adj
ambivalens	noun
ambivalent	adj
ambrosia	noun
ambulans	noun
ambulansfordon	noun
ambulanshelikopter	noun
ambulanspersonal	noun
ambulera	verb
amen	intj
americium	noun
amerika	name
amerikan	noun
amerikanisera	verb
amerikanisering	noun
amerikansk	adj
amerikanska	noun
ametist	noun
amfetamin	noun
amfibie	noun
amfibiefordon	noun
amfibieplan	noun
amfiteater	noun
amfora	noun
amhariska	noun
aminosyra	noun
amiral	noun
amiralitet	noun
amma	noun,verb
ammoniak	noun
ammoniumklorid	noun
ammunition	noun
ammunitionsförråd	noun
amnesti	noun
amnestilag	noun
amning	noun
amok	noun
amor	name
amoralisk	adj
amoralitet	noun
amorf	adj
amortera	verb
amorterad	adj
amortering	noun
amorteringskrav	noun
amos	name
amper	adj
ampere	noun
amperemätare	noun
amplitud	noun
amplitudmodulering	noun
amputera	verb
amputerad	adj
amsaga	noun
amsterdam	name
amulett	noun
amur	name
amurfalk	noun
amurtrast	noun
amylas	noun
amöba	noun
an	adv,prep
ana	noun,verb
anabol	adj,noun
anabolism	noun
anad	adj
anaerob	adj
anagnorisis	noun
anagram	noun
anagramordbok	noun
anakonda	noun
anakronism	noun
anakronistisk	adj
anal	adj
analblekning	noun
analfabet	noun
analfabetism	noun
analfena	noun
analfissur	noun
analkula	noun
analog	adj
analogi	noun
analogiordbok	noun
analplugg	noun
analpropp	noun
analsex	noun
analsond	noun
analstadium	noun
analtampong	noun
analys	noun
analysera	verb
analyserad	adj
analyserbar	adj
analysföretag	noun
analytiker	noun
analytisk	adj
analöppning	noun
anamma	intj,verb
anammelse	noun
ananas	noun
anarki	noun
anarkisk	adj
anarkism	noun
anarkist	noun
anarkistisk	adj
anarkokommunism	noun
anarkokommunist	noun
anarkokommunistisk	adj
anarkosyndikalism	noun
anatolien	name
anatomi	noun
anatomisk	adj
anbefalla	verb
anbefallning	noun
anbelanga	verb
anblick	noun
anbud	noun
anbudsgivare	noun
anbudsinfordran	noun
anciennitet	noun
and	noun
anda	noun
andakt	noun
andaktsfull	adj
andalusien	name
andalusier	noun
andalusisk	adj
andas	verb
ande	name,noun
andedräkt	noun
andefattig	adj
andefattigdom	noun
andel	noun
andelslag	noun
andemening	noun
anderna	name
anders	name
andersson	name
andetag	noun
andeviskning	noun
andevärld	noun
andfådd	adj
andfåddhet	noun
andjakt	noun
andlig	adj
andligen	adv
andlighet	noun
andlös	adj
andlöshet	noun
andning	noun
andningshål	noun
andningsstillestånd	noun
andningsteknik	noun
andningsuppehåll	noun
andnöd	noun
andorra	name
andorran	noun
andorransk	adj
andorranska	noun
andra	adj,verb
andrafiering	noun
andrahandsalternativ	noun
andrahandshyresgäst	noun
andrahandsinformation	noun
andrahandskontrakt	noun
andrahandskälla	noun
andrahandsmarknad	noun
andrahandsuppgift	noun
andrahandsuthyrning	noun
andrahandsval	noun
andrahandsvara	noun
andrahandsvärde	noun
andrake	noun
andraklassbiljett	noun
andrapristagare	noun
andraspråk	noun
andraspråksinlärning	noun
andrea	name
andreas	name
andreasson	name
andreman	noun
andreredaktör	noun
androfobi	noun
androgyn	adj,noun
andrum	noun
andtruten	adj
andtäppa	noun
andäktig	adj
anekdot	noun
anekdotartad	adj
anekdotisk	adj
anemi	noun
anemon	noun
anestesiolog	noun
anestesiologi	noun
anette	name
anfader	noun
anfall	noun
anfalla	verb
anfallare	noun
anfallskrig	noun
anfallsplan	noun
anfallsspelare	noun
anfallsstyrka	noun
anfallsvapen	noun
anfang	noun
anfäkta	verb
anfång	noun
anföra	verb
anförande	noun
anförare	noun
anförarn	noun
anförarns	noun
anförarskap	noun
anföring	noun
anföringstecken	noun
anförtro	verb
anförvant	noun
ange	verb
angel	noun
angela	name
angeldon	noun
angelfiske	noun
angelica	name
angelkrok	noun
angelstad	name
angelägen	adj
angelägenhet	noun
angenäm	adj
angenämt	adv,intj
angered	name
angivare	noun
angiveri	noun
angla	verb
anglicism	noun
anglifiera	verb
anglifiering	noun
anglisera	verb
angloamerikan	noun
anglofil	adj,noun
anglofob	adj,noun
anglosaxare	noun
anglosaxisk	adj
angola	name
angolan	noun
angolansk	adj
angolanska	noun
angorakatt	noun
angrepp	noun
angreppskrig	noun
angreppsplan	noun
angreppspunkt	noun
angreppssätt	noun
angripa	verb
angripare	noun
angriparn	noun
angriparns	noun
angripen	adj
angränsa	verb
angränsande	adj
anguilla	name
anguillan	noun
anguillansk	adj
angå	verb
angående	prep
angöra	verb
angöring	noun
angöringsboj	noun
anhalt	noun
anhang	noun
anhopning	noun
anhängare	noun
anhängarn	noun
anhängarns	noun
anhängiggöra	verb
anhålla	verb
anhållan	noun
anhållande	noun
anhållen	adj
anhörig	adj
anhöriginvandring	noun
anilinförgiftning	noun
anilingus	noun
animalisk	adj
animation	noun
animatronik	noun
animatör	noun
anime	noun
animera	verb
animerad	adj
animering	noun
animism	noun
animositet	noun
aning	noun
aningslös	adj
aningslöshet	noun
anis	noun
anisomorfi	noun
anita	name
anja	name
anka	noun
ankar	noun
ankarbarn	noun
ankare	noun
ankarkätting	noun
ankarlina	noun
ankarplats	noun
ankbröst	noun
ankdamm	noun
ankeborg	name
ankel	noun
ankism	noun
ankist	noun
anklaga	verb
anklagad	adj
anklagare	noun
anklagelse	noun
anklagelsepunkt	noun
anknuten	adj
anknytning	noun
ankomma	verb
ankomst	noun
ankomstdatum	noun
ankomsttid	noun
ankra	verb
ankring	noun
ankunge	noun
anlag	noun
anlagd	adj
anlagsbärare	noun
anlagstest	noun
anledning	noun
anlete	noun
anletsdrag	noun
anlita	verb
anlägg	noun
anlägga	verb
anläggning	noun
anläggningstillgång	noun
anländ	adj
anlända	verb
anlöpa	verb
anlöpt	adj
anmana	verb
anmaning	noun
anmoda	verb
anmodan	noun
anmäla	verb
anmälan	noun
anmälans	noun
anmäld	adj
anmälning	noun
anmärka	verb
anmärkning	noun
anmärkningsvärd	adj
ann	name
ann-charlotte	name
ann-kristin	name
ann-mari	name
ann-marie	name
ann-sofi	name
ann-sofie	name
anna	name
anna-karin	name
annalka	verb
annalkande	adj,noun
annamit	noun
annan	pron
annandag	noun
annanstans	adv
annars	adv
anne	name
anne-marie	name
annektera	verb
annekterad	adj
annektering	noun
anneli	name
annelie	name
annerstad	name
annette	name
annex	noun
anni	name
annica	name
annie	name
annihilering	noun
annika	name
anno	adv
annons	noun
annonsera	verb
annonsförbud	noun
annonskampanj	noun
annonspelare	noun
annonsör	noun
annorlunda	adj,adv
annotera	verb
annuitet	noun
annullera	verb
annullerad	adj
annullering	noun
anny	name
anod	noun
anomali	noun
anonym	adj
anonymisera	verb
anonymisering	noun
anonymitet	noun
anor	noun
anordna	verb
anordning	noun
anorektiker	noun
anorexi	noun
anpassa	verb
anpassad	adj
anpassbar	adj
anpasslighet	noun
anpassning	noun
anpassningsbar	adj
anrik	adj
anrika	verb
anrikning	noun
anrikningsprogram	noun
anrop	noun
anropa	verb
anropssignal	noun
anrätta	verb
anrättad	adj
anrättning	noun
ansa	verb
ansad	adj
ansamla	verb
ansamling	noun
ansats	noun
anse	verb
ansedd	adj
anseende	noun,prep
ansenlig	adj
ansikte	noun
ansiktsblind	adj
ansiktsblindhet	noun
ansiktsdrag	noun
ansiktshår	noun
ansiktsigenkänning	noun
ansiktslyft	noun
ansiktslös	adj
ansiktsmålning	noun
ansiktsryckning	noun
ansiktsskada	noun
ansiktsuttryck	noun
ansjovis	noun
anskaffa	verb
anskaffarfrihet	noun
anskaffbar	adj
anskaffning	noun
anskaffningskostnad	noun
anskaffningsvärde	noun
anskrämlig	adj
anslag	noun
anslagen	adj
anslagstavla	noun
anslagsökning	noun
ansluta	verb
ansluten	adj
anslutning	noun
anslutningsakt	noun
anslutningsdon	noun
anslutningsflyg	noun
anslutningsfördrag	noun
anslå	verb
anslående	adj,adv
ansning	noun
anspela	verb
anspelad	adj
anspelning	noun
anspråk	noun
anspråksfull	adj
anspråksfullhet	noun
anspråkslös	adj
anspråkslöshet	noun
anspråkslöst	adv
anspänning	noun
anstalt	noun
anstifta	verb
anstiftan	noun
anstiftare	noun
anstormning	noun
anstrykare	noun
anstränga	verb
ansträngande	adj
ansträngd	adj
ansträngning	noun
ansträngningsinkontinens	noun
anställa	verb
anställbar	adj
anställd	adj
anställning	noun
anställningsavtal	noun
anställningsbar	adj
anställningsbarhet	noun
anställningsförmån	noun
anställningsintervju	noun
anställningskontrakt	noun
anställningstrygghet	noun
anställningsvillkor	noun
anständig	adj
anständighet	noun
anständigt	adv
anstå	verb
anstånd	noun
anstöt	noun
anstötlig	adj
anstötlighet	noun
ansvar	noun
ansvara	verb
ansvarig	adj
ansvarsfrihet	noun
ansvarsfriskrivning	noun
ansvarsfull	adj
ansvarsfullhet	noun
ansvarsförsäkring	noun
ansvarslös	adj
ansvarslöshet	noun
ansvarsområde	noun
ansvarstagande	adj,noun
ansätta	verb
ansöka	verb
ansökan	noun
ansökning	noun
ansökningsdatum	noun
anta	verb
antagande	noun
antagen	adj
antagligen	adv
antagning	noun
antagningsbesked	noun
antagonism	noun
antagonist	noun
antagonistisk	adj
antal	noun
antarktis	name
antarktisk	adj
antasta	verb
antastad	adj
antecipering	noun
anteckna	verb
antecknad	adj
antecknare	noun
anteckning	noun
anteckningsblock	noun
anteckningsbok	noun
antenn	noun
antepenultima	noun
antiamerikanism	noun
antiamerikansk	adj
antiballistisk	adj
antibiotika	noun
antibiotikaresistens	noun
antibiotikaresistent	adj
antibiotikum	noun
antibiotisk	adj
antibyråkratisk	adj
anticyklon	noun
antidemokrat	noun
antidemokratisk	adj
antiderivata	noun
antifascistisk	adj
antiferromagnetisk	adj
antiferromagnetism	noun
antigua	name
antiguan	noun
antiguansk	adj
antiguanska	noun
antihistamin	noun
antihjälte	noun
antihjältinna	noun
antiimperialistisk	adj
antiintellektualism	noun
antik	adj
antikaffär	noun
antikapitalistisk	adj
antiken	noun
antikhandlare	noun
antikmässa	noun
antikommunism	noun
antikommunist	noun
antikommunistisk	adj
antikommutativ	adj
antikommutativitet	noun
antikrist	name,noun
antikristlig	adj
antikritik	noun
antikropp	noun
antiksamling	noun
antikvariat	noun
antikvarie	noun
antikvark	noun
antikvitet	noun
antikvitetshandlare	noun
antillerna	name
antillisk	adj
antilop	noun
antimateria	noun
antimilitaristisk	adj
antimon	noun
antingen	conj
antinomism	noun
antinomist	noun
antinomistisk	adj
antioken	noun
antiokensk	adj
antiokia	name
antipapist	noun
antiparallell	adj
antipartikel	noun
antipati	noun
antipod	noun
antipodisk	adj
antirakitisk	adj
antirasism	noun
antirasist	noun
antirasistisk	adj
antirynkkräm	noun
antisemit	noun
antisemitisk	adj
antisemitism	noun
antiseptik	noun
antiseptika	noun
antiseptikum	noun
antiseptisk	adj
antisionism	noun
antisionist	noun
antisionistisk	adj
antisocial	adj
antisymmetrisk	adj
antites	noun
antitrinitarie	noun
antitrinitarisk	adj
antitrinitarism	noun
antiviral	adj
antivirus	noun
antivirusprogram	noun
antologi	noun
anton	name
antonia	name
antonsson	name
antonym	adj,noun
antonymi	noun
antropofag	noun
antropofagi	noun
antropolog	noun
antropologi	noun
antropologisk	adj
antroposofisk	adj
anträffa	verb
anträffbar	adj
anträffbarhet	noun
antwerpen	name
antyda	verb
antydan	noun
antydd	adj
antända	verb
antändbar	adj
antändlig	adj
antändlighet	noun
antändning	noun
anund	name
anus	noun
anvisa	verb
anvisad	adj
anvisning	noun
använd	adj
använda	verb
användardefinierad	adj
användare	noun
användargränssnitt	noun
användaridentitet	noun
användarkonto	noun
användarnamn	noun
användarsida	noun
användaruppgift	noun
användarvillkor	noun
användarvänlig	adj
användarvänlighet	noun
användarvänlighetsundersökning	noun
användbar	adj
användbarhet	noun
användning	noun
användningsområde	noun
aorta	noun
apa	noun,verb
apanage	noun
apart	adj
apartheid	noun
apati	noun
apatisk	adj
apel	noun
apell	name
apelsin	noun
apelsinjuice	noun
apelsinkärna	noun
apelsinlikör	noun
apelsinskal	noun
apelsinträd	noun
apenninerna	name
aperitif	noun
apg	name
apk	noun
apkoppor	noun
apodiktisk	adj
apogeum	noun
apokalyps	noun
apokalyptiker	noun
apokalyptisk	adj
apokope	noun
apokryf	adj,noun
apokryfisk	adj
apollo	name
apologet	noun
apologetik	noun
apologetisk	adj
apologi	noun
apostel	noun
apostlagärningarna	name
apostlaskap	noun
apostolisk	adj
apostrofera	verb
apostrofering	noun
apostroftecken	noun
apotek	noun
apotekare	noun
apotekspersonal	noun
apotemnofili	noun
apoteos	noun
apoteosera	verb
apoteosering	noun
app	intj,noun
apparat	noun
apparatur	noun
appell	noun
appellationsdomstol	noun
appellativ	noun
appellativisera	verb
appellativiserad	adj
appellativisering	noun
appellera	verb
appellering	noun
applicera	verb
applicerad	adj
applicerbar	adj
applicering	noun
applikation	noun
applåd	noun
applådera	verb
applåderad	adj
apport	intj,noun
apportegendom	noun
apportera	verb
appreciering	noun
approchera	verb
approximera	verb
approximerad	adj
approximering	noun
aprikos	adj,noun
aprikosfärgad	adj
aprikoskräm	noun
aprikosträd	noun
april	noun
aprilskämt	noun
aprilväder	noun
apropå	adv,prep
aptera	verb
aptit	noun
aptitlig	adj
aptitlighet	noun
aptitlöshet	noun
aptitretande	adj
aptitretare	noun
apulien	name
aq	noun
ar	noun
ara	noun
arab	noun
arabesk	noun
arabeskartad	adj
arabeskmönster	noun
arabhingst	noun
arabien	name
arabisera	verb
arabisering	noun
arabisk	adj
arabiska	noun
arabisktalande	adj
arabist	noun
arabland	noun
arabstat	noun
arabvärld	noun
aragonien	name
aragonier	noun
arameisk	adj
arameiska	noun
arapapegoja	noun
arbeta	verb
arbetad	adj
arbetare	noun
arbetarklass	noun
arbetarskydd	noun
arbete	noun
arbetsam	adj
arbetsamhet	noun
arbetsbok	noun
arbetsbrist	noun
arbetsdag	noun
arbetsenhet	noun
arbetsför	adj
arbetsfördelning	noun
arbetsförhet	noun
arbetsförmedling	noun
arbetsförmåga	noun
arbetsgivaravgift	noun
arbetsgivare	noun
arbetsgivarförening	noun
arbetsgivarintyg	noun
arbetsgivarorganisation	noun
arbetsgrupp	noun
arbetshypotes	noun
arbetshäst	noun
arbetsinsats	noun
arbetsintensiv	adj
arbetskamrat	noun
arbetskläder	noun
arbetskraft	noun
arbetskraftsinvandring	noun
arbetskrävande	adj
arbetslag	noun
arbetsledare	noun
arbetslinje	noun
arbetsliv	noun
arbetslivserfarenhet	noun
arbetsläger	noun
arbetslös	adj
arbetslöshet	noun
arbetslöshetsersättning	noun
arbetslöshetsförsäkring	noun
arbetslöshetskassa	noun
arbetsmarknad	noun
arbetsmarknadsdepartement	noun
arbetsmarknadsminister	noun
arbetsmarknadspolitik	noun
arbetsmarknadspolitisk	adj
arbetsmarknadsutskott	noun
arbetsmiljö	noun
arbetsminne	noun
arbetsmyra	noun
arbetsnamn	noun
arbetsnarkoman	noun
arbetsnarkomani	noun
arbetsområde	noun
arbetsoverall	noun
arbetspass	noun
arbetspensionsförsäkringsavgiftsbedrägeri	noun
arbetsplats	noun
arbetsplatsolycka	noun
arbetsrum	noun
arbetsrättslig	adj
arbetsschema	noun
arbetsskada	noun
arbetsskygg	adj
arbetsställning	noun
arbetssätt	noun
arbetssökande	adj,noun
arbetstagare	noun
arbetstid	noun
arbetstidsförkortning	noun
arbetstillfälle	noun
arbetstillstånd	noun
arbetstimme	noun
arbetsuppgift	noun
arbetsutskott	noun
arbetsvecka	noun
arbetsvillkor	noun
arborist	noun
archangelsk	name
ardennerna	name
area	noun
areell	adj
arena	noun
areometer	noun
areopag	noun
ares	name
arg	adj
argbigga	noun
argentina	name
argentinare	noun
argentinarn	noun
argentinarns	noun
argentinsk	adj
argentinska	noun
arginin	noun
argon	noun
argsint	adj
argsinthet	noun
argument	noun
argumentation	noun
argumentera	verb
argumenterad	adj
argumentering	noun
aria	noun
ariadnetråd	noun
arian	noun
arianism	noun
ariansk	adj
arier	noun
arild	name
aristokrati	noun
aristokratiskt	adv
aristoteles	name
aristotelisk	adj
aritmetik	noun
aritmetisk	adj
arius	name
arjeplog	name
ark	noun
arkad	noun
arkadhall	noun
arkadien	name
arkadspel	noun
arkaisera	verb
arkaisk	adj
arkaism	noun
arkana	noun
arkebusera	verb
arkebusering	noun
arkebuseringspluton	noun
arkeolog	noun
arkeologi	noun
arkeologisk	adj
arketyp	noun
arkiater	noun
arkimedes	name
arkipelag	noun
arkitekt	noun
arkitektonisk	adj
arkitektur	noun
arkiv	noun
arkivarie	noun
arkivera	verb
arkiverad	adj
arkivering	noun
arkivforskning	noun
arkivråd	noun
arkivskåp	noun
arklimästare	noun
arktis	name
arktisk	adj
arlanda	name
arm	noun
armagnac	noun
armatur	noun
armband	noun
armbandsur	noun
armbindel	noun
armborst	noun
armbrytare	noun
armbryterska	noun
armbrytning	noun
armbåga	verb
armbåge	noun
armbågsben	noun
armbågsled	noun
armbågsrum	noun
armbågsskydd	noun
armenien	name
armenier	noun
armenisk	adj
armeniska	noun
armera	verb
armerad	adj
armering	noun
armeringsjärn	noun
armfoting	noun
armgång	noun
armhävning	noun
armhåla	noun
armled	noun
armlängd	noun
armod	noun
armrörelse	noun
armslängd	noun
armstyrka	noun
armstöd	noun
armveck	noun
arne	name
arnold	name
arom	noun
aroma	noun
aromaterapeut	noun
aromaterapi	noun
aromatisk	adj
aromatiskt	adv
aromglas	noun
aromsmör	noun
aron	name
arraksboll	noun
arraksrulle	noun
arrangemang	noun
arrangera	verb
arrangerad	adj
arrangerande	adj
arrangör	noun
arrendator	noun
arrende	noun
arrendenämnd	noun
arrendera	verb
arrenderad	adj
arrest	noun
arrestera	verb
arresterad	adj
arrestering	noun
arresteringsorder	noun
arrogans	noun
arrogant	adj
arrondissement	noun
arrowrot	noun
arselhål	noun
arsenal	noun
arsenik	noun
arsenikförgiftning	noun
arseniktrioxid	noun
arsle	noun
art	noun
arta	verb
artbestämd	adj
artbestämma	verb
artbestämning	noun
artbrott	noun
artefakt	noun
artell	noun
artemis	name
arteriell	adj
arterioskleros	noun
artesisk	adj
artificiell	adj
artig	adj
artighet	noun
artigt	adv
artikel	noun
artikelförfattare	noun
artikulation	noun
artikulera	verb
artikulerad	adj
artikulering	noun
artilleri	noun
artillerield	noun
artilleriofficer	noun
artilleripjäs	noun
artillerist	noun
artist	noun
artisteri	noun
artistisk	adj
artistnamn	noun
arton	num
artonde	num
artondedel	noun
artondel	noun
artonhundra	num
artonhundratal	noun
artonårig	adj
artonåring	noun
artrit	noun
artros	noun
artskillnad	noun
artur	name
artär	noun
artärbråck	noun
aruba	name
aruban	noun
arubansk	adj
arubanska	noun
arv	noun
arvedel	noun
arvfiende	noun
arvfurste	noun
arvid	name
arvidsjaur	name
arvidsson	name
arvinge	noun
arvlåtare	noun
arvlös	adj
arvode	noun
arvprins	noun
arvrike	noun
arvsanlag	noun
arvsföljd	noun
arvskatt	noun
arvskifte	noun
arvslott	noun
arvsmassa	noun
arvsrätt	noun
arvsskatt	noun
arvstvist	noun
arvsynd	noun
arvtagare	noun
arvtagerska	noun
as	noun
asagud	noun
asatro	noun
asbest	noun
asbestos	noun
asbestpackning	noun
asexualitet	noun
asexuell	adj
asfalt	noun
asfaltdjungel	noun
asfaltera	verb
asfaltsdjungel	noun
asfaltsläggare	noun
asfyxiofili	noun
asg	intj
asger	name
asgård	name
asiat	noun
asiatisk	adj
asiatiska	noun
asien	name
ask	name,noun
aska	noun,verb
askad	adj
askblond	adj
askblåsare	noun
askenas	noun
askersund	name
askes	noun
asket	noun
asketisk	adj
asketism	noun
askfat	noun
askkopp	noun
askmoln	noun
askonsdag	noun
askorbinsyra	noun
askpelare	noun
askunge	noun
askungen	name
askungesaga	noun
asmara	name
asocial	adj
asocialitet	noun
asp	noun
asparagin	noun
asparaginsyra	noun
aspartam	noun
aspekt	noun
aspergers	noun
asplöv	noun
ass	noun
assamesiska	noun
assar	name
assemblator	noun
assembler	noun
assemblera	verb
assemblerspråk	noun
assessor	noun
assiett	noun
assimilera	verb
assimilerad	adj
assimilerbar	adj
assimilering	noun
assist	noun
assistans	noun
assistansersättning	noun
assistanshund	noun
assistent	noun
assistera	verb
assisterad	adj
association	noun
associationsordbok	noun
associativ	adj
associativitet	noun
associera	verb
associerad	adj
assonans	noun
assurera	verb
assurerad	adj
assyrier	noun
assyriska	noun
asta	name
astat	noun
asteni	noun
asteniker	noun
astenisk	adj
asterisk	noun
asteroid	noun
astigmatism	noun
astma	noun
astmaanfall	noun
astmaattack	noun
astrakan	noun
astrid	name
astrofysik	noun
astrolog	noun
astrologi	noun
astrologisk	adj
astronaut	noun
astronom	noun
astronomi	noun
astronomisk	adj
asturien	name
asturisk	adj
asturiska	adj,noun
asyl	noun
asylansökan	noun
asylbeslut	noun
asylboende	noun
asylhem	noun
asylinvandring	noun
asyllag	noun
asylland	noun
asylmottagning	noun
asylpolitik	noun
asylprocess	noun
asylprövning	noun
asylregel	noun
asylrätt	noun
asylskäl	noun
asylsökande	adj,noun
asylsökare	noun
asylutredning	noun
asylärende	noun
asymmetrisk	adj
asymptomatisk	adj
asymptot	noun
asymptotisk	adj
asymtomatisk	adj
asätare	noun
at	noun
ateism	noun
ateist	noun
ateistisk	adj
aten	name
atenare	noun
ateneum	noun
atensk	adj
ateroskleros	noun
atg	name
athena	name
atlanten	name
atlantisk	adj
atlantpakten	name
atlasbergen	name
atletisk	adj
atletiskt	adv
atmosfär	noun
atmosfärisk	adj
atoll	noun
atom	noun
atombomb	noun
atombomba	verb
atombombad	adj
atombombning	noun
atombombsexplosion	noun
atomenergi	noun
atomexplosion	noun
atomfartyg	noun
atomfysik	noun
atomfysiker	noun
atomisbrytare	noun
atomisera	verb
atomisering	noun
atomisk	adj
atomkraft	noun
atomkraftverk	noun
atomkärna	noun
atommassa	noun
atomteknik	noun
atomtekniker	noun
atomur	noun
atomvapen	noun
atomvikt	noun
atomvinter	noun
atomär	adj
atonal	adj
atonalitet	noun
atrofiera	verb
atrofiering	noun
att	conj,particle
attack	noun
attackdykare	noun
attackera	verb
attackerad	adj
attackflyg	noun
attackflygplan	noun
attackhelikopter	noun
attackplan	noun
attackrobot	noun
attackstyrka	noun
attackubåt	noun
attan	noun
attans	adj,adv,intj
attentat	noun
attentatsförsök	noun
attentatsman	noun
attentatsplan	noun
attentatsvåg	noun
atteralj	noun
attest	noun
attestera	verb
attesterad	adj
attiralj	noun
attisk	adj
attityd	noun
attjo	intj
attrahera	verb
attraherad	adj
attraktion	noun
attraktiv	adj
attraktivitet	noun
attrapp	noun
attribuera	verb
attribuering	noun
attribut	noun
attribution	noun
aubergine	noun
audio	noun
audiovisuell	adj
audition	noun
auditorium	noun
augur	noun
augurleende	noun
august	name
augusta	name
augusti	noun
augustinus	name
auktion	noun
auktionera	verb
auktionsförrättare	noun
auktionsförsäljning	noun
auktionshus	noun
auktionskammare	noun
auktionsutropare	noun
auktoritativ	adj
auktoritet	noun
auktoritär	adj
aula	noun
aura	noun
aurora	name
auskultera	verb
auskultering	noun
auspicier	noun
australien	name
australienare	noun
australiensare	noun
australiensisk	adj
australiensiska	noun
australienska	noun
australier	noun
australisk	adj
australiska	noun
autarki	noun
autenticitet	noun
autenticitetstörst	noun
autentisera	verb
autentisering	noun
autentisk	adj
autentiskt	adv
autism	noun
autist	noun
autistisk	adj
autodidakt	noun
autodidaktisk	adj
autofagi	noun
autofire	noun
autofokus	noun
autogiro	noun
autograf	noun
autografblock	noun
autografjägare	noun
autografsamlare	noun
autogynefili	noun
autokrati	noun
autokratisk	adj
autolys	noun
automat	noun
automateld	noun
automatgevär	noun
automatik	noun
automation	noun
automatisera	verb
automatiserad	adj
automatisering	noun
automatisk	adj
automatiskt	adv
automatkarbin	noun
automatlåda	noun
automatsäkring	noun
automatvapen	noun
automorfi	noun
automorfism	noun
autonom	adj
autonomi	noun
autoorder	noun
autopilot	noun
autostrada	noun
av	adj,adv,prep
avaktivera	verb
avancemang	noun
avancera	verb
avancerad	adj
avannonsera	verb
avannonserad	adj
avanonymisera	verb
avans	noun
avantgarde	noun
avantgardism	noun
avantgardistisk	adj
avart	noun
avatar	noun
avbeställa	verb
avbeställning	noun
avbetala	verb
avbetalning	noun
avbetalningsplan	noun
avbida	verb
avbild	noun
avbilda	verb
avbildad	adj
avbildning	noun
avbitare	noun
avbitartång	noun
avblåsa	verb
avblåsning	noun
avboka	verb
avbokning	noun
avbrott	noun
avbruten	adj
avbryta	verb
avbräck	noun
avbytare	noun
avbärare	noun
avböja	verb
avbön	noun
avdankad	adj
avdelning	noun
avdelningschef	noun
avdelningsdirektör	noun
avdrag	noun
avdragare	noun
avdragsgill	adj
avdragsrätt	noun
avdragsschack	noun
avdramatisera	verb
avdramatisering	noun
avdunsta	verb
avel	noun
avelshingst	noun
avenbok	noun
aveny	noun
avenyn	name
avers	noun
aversion	noun
avesta	name
avfall	noun
avfalla	verb
avfallsanläggning	noun
avfallscontainer	noun
avfallshög	noun
avfart	noun
avfettning	noun
avfettningsmedel	noun
avflytta	verb
avfläkning	noun
avfolkning	noun
avfrostning	noun
avfyra	verb
avfyrad	adj
avfyrning	noun
avfälling	noun
avfärd	noun
avfärda	verb
avfärgning	noun
avföda	noun
avfölja	verb
avföra	verb
avföring	noun
avföringsinkontinens	noun
avföringsmedel	noun
avförtrolla	verb
avförtrollad	adj
avgas	noun
avgaskylare	noun
avgasrör	noun
avge	verb
avgift	noun
avgiftsfinansiera	verb
avgiftsfinansiering	noun
avgiftsfri	adj
avgjord	adj
avgjort	adv
avgrund	noun
avgrundshöger	noun
avgrundslik	adj
avgrundsvänster	noun
avgränsa	verb
avgränsad	adj
avgränsbar	adj
avgränsning	noun
avgud	noun
avguda	verb
avgudabild	noun
avgudadyrkan	noun
avgudadyrkande	adj
avgudadyrkans	noun
avgudadyrkare	noun
avguderi	noun
avgudisk	adj
avgäld	noun
avgå	verb
avgång	noun
avgångskrav	noun
avgångssignal	noun
avgångstid	noun
avgöra	verb
avgörande	adj,noun
avhandla	verb
avhandlad	adj
avhandling	noun
avhjälpa	verb
avhopp	noun
avhoppare	noun
avhuggen	adj
avhumanisera	verb
avhumanisering	noun
avhysa	verb
avhysning	noun
avhyvling	noun
avhämtning	noun
avhända	verb
avhängig	adj
avhängighet	noun
avhärvla	verb
avhärvlad	adj
avhålla	verb
avhållen	adj
avhållsam	adj
avhållsamhet	noun
avhöra	verb
avi	noun
avidentifiera	verb
avidentifiering	noun
avig	adj
aviga	noun
avigsida	noun
avinstallation	noun
avinstallera	verb
avinstallering	noun
avintellektualisering	noun
avisa	verb
avisera	verb
avisning	noun
avjonisera	verb
avkall	noun
avkastning	noun
avklara	verb
avknoppa	verb
avknoppning	noun
avkoda	verb
avkodare	noun
avkok	noun
avkolonisera	verb
avkolonisering	noun
avkomling	noun
avkomma	noun
avkoppling	noun
avkriminalisera	verb
avkriminalisering	noun
avkristna	verb
avkristning	noun
avkrok	noun
avkräva	verb
avkunna	verb
avkännare	noun
avla	verb
avlagd	adj
avlagring	noun
avlasta	verb
avlat	noun
avlatsbrev	noun
avlatshandel	noun
avlatskrämare	noun
avleda	verb
avledning	noun
avlida	verb
avliden	adj
avliva	verb
avlivning	noun
avljud	noun
avlopp	noun
avloppsledning	noun
avloppsnät	noun
avloppssystem	noun
avlossa	verb
avlusa	verb
avlusad	adj
avlusning	noun
avlysa	verb
avlyssna	verb
avlyssning	noun
avlägg	noun
avlägga	verb
avläggare	noun
avlägsen	adj
avlägsenhet	noun
avlägsna	verb
avlägsnad	adj
avläsa	verb
avläsare	noun
avlång	adj
avlöna	verb
avlönad	adj
avlöning	noun
avlösa	verb
avlösning	noun
avlöst	adj
avlövning	noun
avmagnetisera	verb
avmagnetisering	noun
avmagrad	adj
avmarsch	noun
avmarschera	verb
avmaskning	noun
avmattning	noun
avmystifiera	verb
avmystifiering	noun
avmätt	adj
avnazifiera	verb
avnazifiering	noun
avnjuta	verb
avnämare	noun
avokado	noun
avokadosallad	noun
avpassa	verb
avpersonifiera	verb
avpolitisera	verb
avpolitisering	noun
avpollettera	verb
avregistrera	verb
avregistrering	noun
avreglera	verb
avreglering	noun
avresa	noun,verb
avrest	adj
avrinning	noun
avrunda	verb
avräkning	noun
avrätta	verb
avrättad	adj
avrättning	noun
avrättningsplats	noun
avråda	verb
avrådan	noun
avsaknad	noun
avsaltning	noun
avsats	noun
avsatt	adj
avse	verb
avsedd	adj
avseende	noun
avsegla	verb
avsegling	noun
avsevärd	adj
avsevärt	adv
avsexualisera	verb
avsexualisering	noun
avsikt	noun
avsiktlig	adj
avsiktligen	adv
avsiktlighet	noun
avsiktsförklaring	noun
avsiktslöshet	noun
avskaffa	verb
avskalad	adj
avsked	noun
avskeda	verb
avskedad	adj
avskedsbrev	noun
avskild	adj
avskildhet	noun
avskilja	verb
avskiljande	noun
avskiljare	noun
avskiljning	noun
avskogning	noun
avskrap	noun
avskrift	noun
avskriva	verb
avskriven	adj
avskrivning	noun
avskräcka	verb
avskräckning	noun
avskräckt	adj
avskräde	noun
avskrädeshög	noun
avskum	noun
avskuren	adj
avsky	noun,verb
avskyvärd	adj
avskyvärdhet	noun
avskyvärt	adv
avskära	verb
avskärmad	adj
avskärmning	noun
avslag	noun
avslagen	adj
avslappnad	adj
avslappnande	adj
avslappning	noun
avslut	noun
avsluta	verb
avslutad	adj
avslutning	noun
avslutningsvis	adv
avslå	verb
avslöja	verb
avslöjad	adj
avslöjande	noun
avsmak	noun
avsmaka	verb
avsmakning	noun
avsmakningsmeny	noun
avsmalna	verb
avsminka	verb
avsnitt	noun
avsnäsa	verb
avsnäsning	noun
avsocialisering	noun
avsomna	verb
avspark	noun
avspegla	verb
avspeglad	adj
avspegling	noun
avspisa	verb
avspänd	adj
avspärrning	noun
avstalinisering	noun
avstamp	noun
avstanna	verb
avstava	verb
avstavad	adj
avstavning	noun
avsteg	noun
avstigning	noun
avstog	verb
avstogs	verb
avstyra	verb
avstyrka	verb
avstängning	noun
avstängningskran	noun
avstå	verb
avstånd	noun
avståndstagande	noun
avstötning	noun
avsugning	noun
avsvimmad	adj
avsvära	verb
avsvärjelse	noun
avsvärjning	noun
avsäga	verb
avsägelse	noun
avsändare	noun
avsätta	verb
avsättbar	adj
avsättning	noun
avta	verb
avtacka	verb
avtackning	noun
avtag	noun
avtagbar	adj
avtagen	adj
avtal	noun
avtala	verb
avtalad	adj
avtalsbrott	noun
avtalsenlig	adj
avtalsfrihet	noun
avtalsmässig	adj
avtalspart	noun
avtalspraxis	noun
avtalsrätt	noun
avtalsrättslig	adj
avtalsvillkor	noun
avteckna	verb
avterminologisering	noun
avtjäna	verb
avtjänad	adj
avtrappning	noun
avtrubba	verb
avtrubbning	noun
avtryck	noun
avtryckare	noun
avträda	verb
avträde	noun
avträdelse	noun
avtuppad	adj
avtäcka	verb
avtäckning	noun
avtändande	adj
avtändning	noun
avtärd	adj
avtärdhet	noun
avund	noun
avundsam	adj
avundsamhet	noun
avundsfull	adj
avundsjuk	adj
avundsjuka	noun
avutrota	verb
avvakta	verb
avvaktan	noun
avvara	verb
avveckla	verb
avveckling	noun
avverka	verb
avverkning	noun
avvika	verb
avvikare	noun
avvikelse	noun
avvikning	noun
avvisa	verb
avvisad	adj
avvisning	noun
avväga	verb
avvägning	noun
avvänjning	noun
avväpna	verb
avväpning	noun
avvärja	verb
avvärjd	adj
avyttra	verb
avyttring	noun
avyttringsbar	adj
aw	noun
ax	noun
axel	name,noun
axelhästkraft	noun
axelled	noun
axelmakt	noun
axelrem	noun
axelremsväska	noun
axelryckning	noun
axelskada	noun
axelskydd	noun
axelsson	name
axelvadd	noun
axelväska	noun
axiom	noun
axla	verb
axplock	noun
axplockning	noun
azer	noun
azerbajdzjan	name,noun
azerbajdzjanier	noun
azerbajdzjansk	adj
azerbajdzjanska	noun
azeri	noun
azerier	noun
azeriska	noun
azimutkompass	noun
azorerna	name
azur	noun
azurit	noun
azurmes	noun
b	adj,character,noun,symbol
b-dur	noun
b-film	noun
b-vitamin	noun
baal	name
babbel	noun
babbla	verb
babblan	noun
babelstorn	noun
babian	noun
babord	adv,noun
baby	noun
babyaktig	adj
babybio	noun
babylift	noun
babylon	name
babylonier	noun
babylonisk	adj
babysitter	noun
bacill	noun
back	adv,noun
backa	verb
backad	adj
backe	noun
backhoppare	noun
backhoppning	noun
backig	adj
backighet	noun
backkrön	noun
backlinje	noun
backlund	name
backman	name
backsippa	noun
backspegel	noun
backström	name
backsvala	noun
bacon	noun
bad	noun
bada	verb
badad	adj
badanka	noun
badanläggning	noun
badare	noun
badboll	noun
badbomb	noun
badborste	noun
badbyxa	noun
badda	verb
baddning	noun
baddräkt	noun
badensare	noun
badensisk	adj
badförbud	noun
badgäst	noun
badhandduk	noun
badhus	noun
badkar	noun
badkvast	noun
badlakan	noun
badminton	noun
badmintonbana	noun
badmintonboll	noun
badmintonracket	noun
badmintonspelare	noun
badmössa	noun
badning	noun
badort	noun
badplats	noun
badrock	noun
badrum	noun
badrumsskåp	noun
badrumsvåg	noun
badshorts	noun
badstrand	noun
badstuga	noun
badsvamp	noun
badtunna	noun
badvakt	noun
badvatten	noun
badväder	noun
bag	noun
bagage	noun
bagagehylla	noun
bagagelucka	noun
bagageutrymme	noun
bagare	noun
bagatell	noun
bagatellartad	adj
bagatellisera	verb
bagatellisering	noun
bagdad	name
bageri	noun
baggböle	name
baggböleri	noun
bagge	noun
baguette	noun
bahaman	noun
bahamansk	adj
bahamanska	noun
bahamas	name
bahrain	name
bahrainare	noun
bahrainsk	adj
bahrainska	noun
baissa	verb
baisse	noun
bajen	name
bajonett	noun
bajsbrun	adj
bajsbrunt	noun
bajskorv	noun
bajspåse	noun
bak	adv,noun
baka	verb
bakad	adj
bakanför	adj
bakaxel	noun
bakben	noun
bakbinda	verb
bakbord	noun
bakdanteri	noun
bakdel	noun
bakdörr	noun
bake-off	noun
bakelit	noun
bakelse	noun
bakerst	adv
bakersta	adj
bakerste	adj
bakficka	noun
bakform	noun
bakfot	noun
bakfull	adj
bakgata	noun
bakgrund	noun
bakgrundsbrus	noun
bakgrundsfärg	noun
bakgrundskontroll	noun
bakgrundsmusik	noun
bakgrundsstrålning	noun
bakgård	noun
bakhal	adj
bakhuvud	noun
bakhåll	noun
bakifrån	adv,prep
bakjour	noun
bakladdare	noun
baklava	noun
bakljus	noun
baklucka	noun
baklykta	noun
baklyse	noun
baklänges	adv
bakläxa	noun
baklås	noun
bakning	noun
bakom	adv,prep
bakomliggande	adj
bakomvarande	adj
bakpapper	noun
bakplåt	noun
bakplåtspapper	noun
bakpulver	noun
bakre	adj
bakrus	noun
bakruta	noun
baksida	noun
bakslag	noun
bakslug	adj
bakslughet	noun
baksmälla	noun
baksäte	noun
baksätesdörr	noun
baksätesförare	noun
baktakt	noun
baktala	verb
baktanke	noun
bakterie	noun
bakut	adv
bakvagn	noun
bakverk	noun
bakvikt	noun
bakväg	noun
bakvänd	adj
bakvändhet	noun
bakåt	adv
bakåtkompatibel	adj
bakåtpropagering	noun
bakåtsträvare	noun
bal	noun
balaklava	noun
balalajka	noun
balanit	noun
balans	noun
balansera	verb
balanserad	adj
balansering	noun
balansgång	noun
balansräkning	noun
balansvåg	noun
balder	name
balett	noun
balettdansare	noun
balettdansör	noun
balettdansös	noun
balettmästare	noun
balinesisk	adj
balja	noun
baljfrukt	noun
balk	noun
balkan	name
balkanhalvön	name
balkanisering	noun
balkansångare	noun
balkong	noun
ballerina	noun
ballist	noun
ballista	noun
ballistik	noun
ballistisk	adj
ballong	noun
ballongbåge	noun
ballongpelare	noun
balsam	noun
balsamera	verb
balsamering	noun
balsampoppel	noun
balsamvinäger	noun
balt	noun
baltikum	name
baltisk	adj
baltiska	noun
baluster	noun
balustrad	noun
bambu	noun
bamse	noun
bana	noun,verb
banachrum	noun
banal	adj
banalisering	noun
banalitet	noun
banan	noun
bananbåt	noun
bananfluga	noun
bananklase	noun
banankontakt	noun
bananlikör	noun
bananpropp	noun
bananrepublik	noun
bananskal	noun
banbrytande	adj
banbrytare	noun
bancykling	noun
band	noun
banda	verb
bandad	adj
bandage	noun
bandagera	verb
banddriven	adj
banderoll	noun
bandfordon	noun
bandhund	noun
banditdåd	noun
bandlastare	noun
bandledare	noun
bandmask	noun
bandmedlem	noun
bandning	noun
bandspelare	noun
bandsåg	noun
bandvagn	noun
bandy	noun
bandyklubba	noun
baner	noun
bang	adj,noun
bangkok	name
bangladesh	name
bangladeshare	noun
bangladeshier	noun
bangladeshisk	adj
bangolf	noun
bangård	noun
banhoppning	noun
baning	noun
banja	noun
banjo	noun
bank	noun
banka	verb
bankad	adj
bankanalytiker	noun
bankdirektör	noun
bankgiro	noun
bankir	noun
bankkonto	noun
bankkontor	noun
bankkupp	noun
banklån	noun
bankman	noun
bankmässig	adj
bankomat	noun
bankrusning	noun
bankrutt	adj,noun
bankrån	noun
bankrånare	noun
banksektor	noun
banksystem	noun
banktjänst	noun
banktjänsteman	noun
bankvalv	noun
bankväsen	noun
bankärende	noun
bann	noun
bannad	adj
banner	noun
bannlysa	verb
bannlysning	noun
bannlyst	adj
banspårning	noun
banta	verb
bantamvikt	noun
bantamviktare	noun
bantlär	noun
bantning	noun
bantningspiller	noun
bar	adj,name,noun
bara	adv
barack	noun
barak	name
barbacka	adv
barbadier	noun
barbadisk	adj
barbados	name
barbar	noun
barbara	name
barbari	noun
barbarisering	noun
barbarisk	adj
barbecue	noun
barbera	verb
barberad	adj
barberare	noun
barbie	noun
barbiedocka	noun
barbro	name
barbuda	name
barcelona	name
bard	noun
bardisk	noun
barfota	adj
barfotad	adj
barfotaläkare	noun
barhuvad	adj
barium	noun
bark	noun
barka	verb
barkad	adj
barkbrand	noun
barkbröd	noun
barkis	noun
barlast	noun
barm	noun
barmark	noun
barmhärtig	adj
barmhärtighet	noun
barmhärtighetsmord	noun
barmhärtighetsverk	noun
barn	noun
barnadödlighet	noun
barnafödande	noun
barnaga	noun
barnaktivitet	noun
barnamördare	noun
barnarbetare	noun
barnarbete	noun
barnarov	noun
barnbarn	noun
barnbarnsbarn	noun
barnbarnsbarnbarn	noun
barnbeck	noun
barnbespisning	noun
barnbidrag	noun
barnbok	noun
barnboksförfattare	noun
barnbord	noun
barnbörd	noun
barnbördshus	noun
barndom	noun
barndomsminne	noun
barndomsvän	noun
barndop	noun
barnfamilj	noun
barnfetma	noun
barnflicka	noun
barnförbjuden	adj
barnhage	noun
barnhem	noun
barnkalas	noun
barnkammare	noun
barnkammarrim	noun
barnkull	noun
barnkär	adj
barnkör	noun
barnlek	noun
barnläkare	noun
barnlås	noun
barnlös	adj
barnlöshet	noun
barnmisshandel	noun
barnmorska	noun
barnmorskegroda	noun
barnombudsman	noun
barnomsorg	noun
barnpizza	noun
barnpornografi	noun
barnpornografibrott	noun
barnpornografisk	adj
barnprogram	noun
barnpsykiater	noun
barnpsykiatri	noun
barnpsykiatrisk	adj
barnramsa	noun
barnrum	noun
barnrumpa	noun
barnsele	noun
barnsjukdom	noun
barnsjukhus	noun
barnskådespelare	noun
barnskötare	noun
barnslig	adj
barnslighet	noun
barnsligt	adv
barnsoldat	noun
barnspråk	noun
barnstol	noun
barnstorlek	noun
barnsäker	adj
barnsäng	noun
barntillåten	adj
barntå	noun
barnunge	noun
barnvagn	noun
barnvakt	noun
barnvisa	noun
barnvänlig	adj
barnäktenskap	noun
barock	adj
barometer	noun
baron	noun
baronessa	noun
baroni	noun
barr	noun
barra	verb
barrig	adj
barrikad	noun
barrikadera	verb
barrikaderad	adj
barrikadering	noun
barriär	noun
barriärrev	noun
barrskog	noun
barrträd	noun
barsk	adj
barskhet	noun
barskrapad	adj
barskåp	noun
bartender	noun
baruk	name
barvinter	noun
baryon	noun
bas	noun
basar	noun
basbelopp	noun
baseboll	noun
basebollhandske	noun
basebollkeps	noun
basel	name
basera	verb
baserad	adj
basfiol	noun
basilika	noun
basilisk	noun
basiliskblick	noun
basist	noun
bask	noun
baske	verb
basket	noun
basketboll	noun
basketkorg	noun
basketplan	noun
baskien	name
baskisk	adj
baskiska	noun
basmatiris	noun
basse	noun
bassäng	noun
bast	noun
basta	intj,verb
bastant	adj
bastard	noun
basthud	noun
bastiljen	name
bastion	noun
bastrumma	noun
bastu	noun
bastuaggregat	noun
bastubad	noun
bastuklubb	noun
bastukvast	noun
basun	noun
basunera	verb
basunstöt	noun
batalj	noun
bataljon	noun
bataljonschef	noun
batist	noun
batman	name
batteri	noun
batteriholk	noun
bautasten	noun
baxa	verb
baxare	noun
baxna	verb
bayern	name
bayersk	adj
bayrare	noun
bazooka	noun
bb	noun
bd	noun
bdsm	noun
be	verb
bea	noun
beachvolley	noun
beachvolleyboll	noun
beakta	verb
beaktad	adj
beaktande	noun
beaktandeled	noun
beaktansvärd	adj
bearbeta	verb
bearbetad	adj
bearbetning	noun
bearnaise	noun
bearnaisesås	noun
beata	name
beatrice	name
bebis	noun
bebisbio	noun
beblanda	verb
bebo	verb
bebodd	adj
beboelig	adj
beboelighet	noun
bebop	noun
bebygga	verb
bebåda	verb
bebådelse	noun
beck	noun
beckasin	noun
beckasinsnäppa	noun
beckmörk	adj
beckmörker	noun
becksvart	adj
becquerel	noun
bedarra	verb
bedarrad	adj
bedra	verb
bedragare	noun
bedrift	noun
bedriva	verb
bedriven	adj
bedrägeri	noun
bedrägeribrott	noun
bedrägeriförsök	noun
bedräglig	adj
bedräglighet	noun
bedröva	verb
bedrövad	adj
bedrövelse	noun
bedrövlig	adj
beduin	noun
beduinstam	noun
bedyra	verb
bedåra	verb
bedårad	adj
bedårande	adj
bedöma	verb
bedömare	noun
bedömd	adj
bedömning	noun
bedömningsbil	noun
bedömningsgrund	noun
bedöva	verb
bedövning	noun
bedövningsmedel	noun
bedövningspil	noun
befalla	verb
befallning	noun
befara	verb
befatta	verb
befattning	noun
befattningshavare	noun
befinna	verb
befintlig	adj
befintlighet	noun
beflita	verb
befläcka	verb
befläckelse	noun
befogad	adj
befogenhet	noun
befolka	verb
befolkning	noun
befolkningsexplosion	noun
befolkningsgrupp	noun
befolkningsminskning	noun
befolkningsprognos	noun
befolkningspyramid	noun
befolkningsregister	noun
befolkningssammansättning	noun
befolkningssiffra	noun
befolkningsstatistik	noun
befolkningstillväxt	noun
befolkningstäthet	noun
befolkningsökning	noun
befordra	verb
befordrad	adj
befordran	noun
befordring	noun
beforska	verb
befrakta	verb
befria	verb
befriad	adj
befriande	adj
befrielse	noun
befrielsefront	noun
befrielsekamp	noun
befrielsekrig	noun
befrielserörelse	noun
befrielseteologi	noun
befrielsetorget	name
befrukta	verb
befruktning	noun
befryndad	adj
befrämja	verb
befrämjare	noun
befunnen	adj
befäl	noun
befälhavare	noun
befälsordning	noun
befängd	adj
befängdhet	noun
befästa	verb
befästning	noun
begagna	verb
begagnad	adj
bege	verb
begeistrad	adj
begiven	adj
begivenhet	noun
begonia	noun
begrava	verb
begravd	adj
begraven	adj
begravning	noun
begravningsbyrå	noun
begravningsfölje	noun
begravningskapell	noun
begravningsmarsch	noun
begravningsplats	noun
begravningsprocession	noun
begravningståg	noun
begrepp	noun
begreppsklass	noun
begreppslig	adj
begreppsmässig	adj
begreppsnormering	noun
begreppsordbok	noun
begreppsvärld	noun
begripa	verb
begripelse	noun
begripen	adj
begriplig	adj
begriplighet	noun
begrunda	verb
begrundad	adj
begrundan	noun
begränsa	verb
begränsad	adj
begränsning	noun
begynd	adj
begynna	verb
begynnelse	noun
begynnelsebokstav	noun
begynnelsetavla	noun
begär	noun
begära	verb
begäran	noun
begärd	adj
begärelse	noun
begärlighet	noun
begå	verb
begången	adj
begåva	verb
begåvad	adj
begåvning	noun
behag	noun
behaga	verb
behagad	adj
behagfull	adj
behagfullhet	noun
behaglig	adj
behaglighet	noun
behagligt	adv
behandla	verb
behandlad	adj
behandling	noun
behandlingsbar	adj
behandlingsplan	noun
behandlingsval	noun
behandskad	adj
behjälplig	adj
behjärtad	adj
behjärtansvärd	adj
behornad	adj
behov	noun
behäftad	adj
behändig	adj
behärska	verb
behärskning	noun
behå	noun
behåll	noun
behålla	verb
behållare	noun
behållen	adj
behållning	noun
behörig	adj
behörighet	noun
behöva	verb
behövande	adj
behövd	adj
behövlig	adj
beige	adj
beirut	name
bejaka	verb
bejakande	adj
bejakelse	noun
bejublad	adj
bekant	adj,noun
bekanta	verb
bekantskap	noun
bekantskapskrets	noun
beklaga	verb
beklagansvärd	adj
beklaglig	adj
beklämd	adj
beklämmande	adj
beklämning	noun
bekomma	verb
bekommen	adj
bekosta	verb
bekostad	adj
bekostnad	noun
bekräfta	verb
bekräftad	adj
bekräftelse	noun
bekväm	adj
bekväma	verb
bekvämhet	noun
bekvämlighet	noun
bekvämlighetsinrättning	noun
bekvämlighetszon	noun
bekvämt	adv
bekymmer	noun
bekymmersam	adj
bekymmersfri	adj
bekymmerslös	adj
bekymmerslöshet	noun
bekymra	verb
bekymrad	adj
bekämpa	verb
bekämpad	adj
bekämpning	noun
bekämpningsmedel	noun
bekänd	adj
bekänna	verb
bekännelse	noun
bekännelseskrift	noun
belackare	noun
belamra	verb
belamrad	adj
belarus	name
belarusier	noun
belarusisk	adj
belarusiska	noun
belasta	verb
belastning	noun
belastningsregister	noun
belastningsskada	noun
beledsaga	verb
beledsagning	noun
belevad	adj
belevenhet	noun
belgare	noun
belgien	name
belgier	noun
belgisk	adj
belgiska	noun
belgrad	name
belize	name
belizier	noun
belizisk	adj
beliziska	noun
belletrist	noun
belopp	noun
belysa	verb
belysning	noun
belysningsstolpe	noun
belägen	adj
belägenhet	noun
belägg	noun
belägga	verb
beläggexempel	noun
beläggning	noun
belägra	verb
belägrad	adj
belägring	noun
belägringsmaskin	noun
belägringspark	noun
belägringstorn	noun
beläsenhet	noun
beläst	adj
beläte	noun
belåna	verb
belåten	adj
belåtenhet	noun
belöna	verb
belönad	adj
belöning	noun
bemanna	verb
bemannad	adj
bemanning	noun
bemanningsföretag	noun
bemedlad	adj
bemyndiga	verb
bemäktiga	verb
bemänga	verb
bemärkelse	noun
bemärkelsedag	noun
bemästra	verb
bemöda	verb
bemödande	noun
bemöta	verb
bemötande	noun
ben	noun
bena	noun,verb
benbrott	noun
beneficium	noun
benfisk	noun
benfri	adj
bengal	noun
bengalen	name
bengalisk	adj
bengt	name
bengta	name
bengtsson	name
benhård	adj
benig	adj
benighet	noun
benign	adj
benin	name
beninier	noun
beninsk	adj
benjamin	name
benmärg	noun
benny	name
benpipa	noun
benporslin	noun
benrangel	noun
bensen	noun
bensin	noun
bensinbil	noun
bensinbolag	noun
bensinbomb	noun
bensindriven	adj
bensindunk	noun
bensinpris	noun
bensinskatt	noun
bensinstation	noun
benskada	noun
benskydd	noun
benskörhet	noun
bensoesyra	noun
benstomme	noun
bensträckare	noun
benstyrka	noun
bentonit	noun
benvit	adj
benägen	adj
benägenhet	noun
benämna	verb
benämnd	adj
benämning	noun
benåda	verb
benådning	noun
beordra	verb
beordrad	adj
beostare	noun
bepansra	verb
bepansrad	adj
bepryda	verb
bepröva	verb
beprövad	adj
bereda	verb
beredare	noun
beredd	adj
beredning	noun
beredskap	noun
beredskapsläge	noun
beredskapsplan	noun
beredskapsstyrka	noun
beredvillig	adj
beredvillighet	noun
berest	adj
berg	name,noun
bergamott	noun
bergand	noun
bergart	noun
bergfast	adj
bergfink	noun
berggren	name
berggrund	noun
bergig	adj
bergis	noun
bergkulle	noun
bergkullslätt	noun
bergling	name
berglund	name
berglärka	noun
bergman	name
bergochdalbana	noun
bergortolan	noun
bergqvist	name
bergrum	noun
bergsbestigare	noun
bergsbestigning	noun
bergsjö	noun
bergskam	noun
bergskedja	noun
bergsklättrare	noun
bergsklättring	noun
bergslandskap	noun
bergsområde	noun
bergspass	noun
bergspredikan	name
bergspredikans	name
bergsprängare	noun
bergsrygg	noun
bergsråd	noun
bergsrådinna	noun
bergssida	noun
bergstrakt	noun
bergstrand	name
bergström	name
bergsäker	adj
bergsångare	noun
bergtajgasångare	noun
bergtita	noun
bergtäkt	noun
berguv	noun
bergvall	name
bergärla	noun
bergås	noun
beriden	adj
berika	verb
berikad	adj
berit	name
berkelium	noun
berlin	name
berlinare	noun
berlinerblått	noun
berlock	noun
bermuda	name
bermudagräs	noun
bermudashorts	noun
bern	name
bernadotte	name
berndt	name
bernhard	name
bernt	name
bero	verb
beroende	adj,noun
beroendeframkallande	adj
berså	noun
bert	name
berta	name
bertil	intj,name
berusa	verb
berusad	adj
berusning	noun
berusningsmedel	noun
beryktad	adj
beryll	noun
beryllium	noun
berzelius	name
beräkna	verb
beräknad	adj
beräkning	noun
beräkningsbar	adj
berätta	verb
berättare	noun
berättargrepp	noun
berättarjag	noun
berättarkonst	noun
berättarröst	noun
berättarteknisk	adj
berättelse	noun
berättiga	verb
berättigad	adj
berättigande	noun
beröm	noun
berömd	adj
berömdhet	noun
berömlig	adj
berömma	verb
berömmelse	noun
berömvärd	adj
beröra	verb
berördhet	noun
beröring	noun
beröringspunkt	noun
beröringsskräck	noun
beröringsångest	noun
beröva	verb
besanna	verb
besannas	verb
besatt	adj
besatthet	noun
besegla	verb
beseglad	adj
besegra	verb
besegrad	adj
besikta	verb
besiktiga	verb
besiktning	noun
besiktningsman	noun
besinna	verb
besinning	noun
besinningsfull	adj
besinningslös	adj
besinningslöshet	noun
besinningslöst	adv
besitta	verb
besittning	noun
besjunga	verb
besjungen	adj
besjäla	verb
besjälad	adj
besk	adj,noun
beska	noun
beskaffad	adj
beskaffenhet	noun
beskatta	verb
beskattning	noun
beskattningsbar	adj
beskattningsår	noun
besked	noun
beskedlig	adj
beskhet	noun
beskickning	noun
beskjuta	verb
beskjuten	adj
beskjutning	noun
beskriva	verb
beskrivbar	adj
beskriven	adj
beskrivning	noun
beskrivningsspråk	noun
beskuren	adj
beskydd	noun
beskydda	verb
beskyddare	noun
beskyddarpengar	noun
beskyddarskap	noun
beskyddarverksamhet	noun
beskylla	verb
beskylld	adj
beskyllning	noun
beskäftig	adj
beskäftighet	noun
beskäftigt	adv
beskära	verb
beskärd	adj
beskåda	verb
beslag	noun
beslagen	adj
beslagta	verb
beslagtagen	adj
beslut	noun
besluta	verb
beslutad	adj
besluten	adj
beslutsam	adj
beslutsamhet	noun
beslutsfattande	noun
beslutsfattare	noun
beslutsfähig	adj
beslutsför	adj
beslutsförhet	noun
beslutsmässig	adj
beslutsmässighet	noun
beslutsprocess	noun
besläktad	adj
beslå	verb
beslöja	verb
beslöjad	adj
bespara	verb
besparing	noun
bespetsa	verb
bespisa	verb
bespisning	noun
bespotta	verb
bespruta	verb
besprutning	noun
besprutningsmedel	noun
bess	noun
besserwisser	noun
best	noun
bestialisk	adj
bestialiskt	adv
bestick	noun
besticka	verb
besticklig	adj
besticklighet	noun
bestickning	noun
bestiga	verb
bestigning	noun
bestog	verb
bestogs	verb
bestraffa	verb
bestraffning	noun
bestrida	verb
bestryka	verb
bestråla	verb
bestrålning	noun
bestsellerförfattare	noun
bestulen	adj
bestyr	noun
bestyrka	verb
beställa	verb
beställare	noun
beställd	adj
beställning	noun
beställningsarbete	noun
beställningsjobb	noun
beställsam	adj
beställsamhet	noun
bestämbar	adj
bestämbarhet	noun
bestämd	adj
bestämdhet	noun
bestämma	verb
bestämmelse	noun
bestämmelsestation	noun
bestämt	adv
beständig	adj
beständighet	noun
bestänka	verb
bestå	verb
bestående	adj
bestånd	noun
beståndsdel	noun
bestört	adj
bestörtning	noun
besudla	verb
besudlad	adj
besudling	noun
besutten	adj
besvara	verb
besvika	verb
besvikelse	noun
besviken	adj
besvuren	adj
besvär	noun
besvära	verb
besvärad	adj
besvärja	verb
besvärjare	noun
besvärjelse	noun
besvärlig	adj
besvärlighet	noun
besynnerlig	adj
besätta	verb
besättning	noun
besättningsman	noun
besättningsmedlem	noun
besök	noun
besöka	verb
besökare	noun
besöksförbud	noun
besökt	adj
bet	noun
beta	noun,verb
betablockerare	noun
betacka	verb
betad	adj
betagen	adj
betakaroten	noun
betala	verb
betalad	adj
betalare	noun
betald	adj
betalkort	noun
betalning	noun
betalningsanmärkning	noun
betalningsbalans	noun
betalningsföreläggande	noun
betalningsförmåga	noun
betalningsmedel	noun
betalningsskyldig	adj
betalningsskyldighet	noun
betalningsvilja	noun
betalstation	noun
betalsystem	noun
betalvägg	noun
betapartikel	noun
betastrålning	noun
bete	noun,verb
beteckna	verb
betecknad	adj
betecknande	adj
beteckning	noun
beteende	noun
beteendeforskare	noun
beteendevetare	noun
beteendevetenskap	noun
beteendevetenskaplig	adj
betelpeppar	noun
betesmark	noun
betesplats	noun
beting	noun
betinga	verb
betingad	adj
betingning	noun
betitla	verb
betjäna	verb
betjänad	adj
betjänt	noun
betlehem	name
betona	verb
betonad	adj
betong	noun
betongblandare	noun
betongblock	noun
betonghus	noun
betongkloss	noun
betongparti	noun
betongpåle	noun
betongsåg	noun
betoning	noun
betrakta	verb
betraktad	adj
betraktare	noun
betraktelse	noun
betrodd	adj
betryggande	adj
beträda	verb
beträffa	verb
beträffande	prep
betsel	noun
betsla	verb
betsling	noun
betsocker	noun
bett	noun
bettskena	noun
betunga	verb
betvinga	verb
betvivla	verb
betvivlad	adj
betyda	verb
betydande	adj
betydelse	noun
betydelsefull	adj
betydelseglidning	noun
betydelselån	noun
betydelselös	adj
betydelselöshet	noun
betydlig	adj
betyg	noun
betygsatt	adj
betygsinflation	noun
betygsätta	verb
betäcka	verb
betäckning	noun
betäckt	adj
betänka	verb
betänkande	noun
betänketid	noun
betänklig	adj
betänklighet	noun
betänksam	adj
betänksamhet	noun
beundra	verb
beundrad	adj
beundran	noun
beundransvärd	adj
beundransvärt	adv
beundrare	noun
bevaka	verb
bevakad	adj
bevakning	noun
bevakningslista	noun
bevara	verb
bevarad	adj
bevarande	adj,noun
bevattna	verb
bevattning	noun
bevattningssystem	noun
beveka	verb
bevekad	adj
bevekelsegrund	noun
bevekt	adj
bevilja	verb
beviljandegrad	noun
bevingad	adj
bevis	noun
bevisa	verb
bevisad	adj
bevisbar	adj
bevisbörda	noun
bevisföring	noun
bevisförvanskning	noun
beviskrav	noun
bevisligen	adv
bevisläge	noun
bevismaterial	noun
bevisning	noun
bevisprövning	noun
bevista	verb
bevistalan	noun
bevisvärde	noun
bevittna	verb
bevittning	noun
bevänt	adj
beväpna	verb
beväpnad	adj
beväpning	noun
bevåg	noun
bg	noun
bh	noun
bhutan	name
bhutanes	noun
bhutanesisk	adj
bhutanesiska	noun
bi	adv,noun
bianco	noun
biathlon	noun
bibba	noun
bibbi	name
bibehålla	verb
bibel	noun
bibelbälte	noun
bibeln	name
bibelsällskap	noun
bibetydelse	noun
bibi	name
bibliografi	noun
bibliotek	noun
bibliotekarie	noun
biblisk	adj
bibringa	verb
bicykleta	noun
bida	verb
bidra	verb
bidrag	noun
bidragsberoende	adj,noun
bidragsfusk	noun
bidragsfuskare	noun
bidragsfälla	noun
bidragsgivare	noun
bidragssystem	noun
bieffekt	noun
biennal	noun
bifall	noun
bifalla	verb
bifallen	adj
bifallsrop	noun
bifallsyttring	noun
biff	noun
biflod	noun
bifoga	verb
bigami	noun
bigarrå	noun
bigos	noun
bigott	adj
bihåla	noun
biinkomst	noun
bijektion	noun
bijektiv	adj
bijouterier	noun
bikarbonat	noun
bikini	noun
bikiniernas	noun
bikinilinje	noun
bikinitrosa	noun
bikiniöverdel	noun
biklöv	noun
bikt	noun
bikta	verb
biktbarn	noun
biktfader	noun
bikthemlighet	noun
biktstol	noun
bikupa	noun
bil	noun
bila	noun,verb
bilabial	adj,noun
bilaccis	noun
bilaffär	noun
bilaga	noun
bilagd	adj
bilannons	noun
bilarbetare	noun
bilateral	adj
bilatlas	noun
bilbarnstol	noun
bilbatteri	noun
bilbesiktning	noun
bilbolag	noun
bilbomb	noun
bilbränsle	noun
bilbälte	noun
bild	noun
bilda	verb
bildad	adj
bildbevis	noun
bilddyrkan	noun
bildekal	noun
bilderbok	noun
bildhuggare	noun
bildhuggarkonst	noun
bildhuggeri	noun
bildlig	adj
bildligt	adv
bildläsare	noun
bildmässig	adj
bildning	noun
bildordbok	noun
bildpunkt	noun
bildrulle	noun
bildrör	noun
bildsida	noun
bildskärm	noun
bildskärpa	noun
bildspråk	noun
bildstormare	noun
bildt	name
bildtext	noun
bildäck	noun
bildörr	noun
bilfirma	noun
bilfri	adj
bilfärd	noun
bilfärja	noun
bilfönster	noun
bilförare	noun
bilföretag	noun
bilhandlare	noun
bilinbrott	noun
bilindustri	noun
bilism	noun
bilist	noun
biljakt	noun
biljard	noun
biljardboll	noun
biljardbord	noun
biljardhall	noun
biljardspelare	noun
biljett	noun
biljettförsäljning	noun
biljettintäkt	noun
biljettkontrollant	noun
biljettpris	noun
biljon	num
biljonär	noun
biljud	noun
bilkamera	noun
bilkortege	noun
bilkrasch	noun
bilkö	noun
bilköp	noun
bill	name,noun
billarm	noun
billig	adj
billighet	noun
billigt	adv
billy	name
billån	noun
bilmekaniker	noun
bilmärke	noun
bilnyckel	noun
bilolycka	noun
bilparkering	noun
bilradio	noun
bilresa	noun
bilring	noun
bilruta	noun
bilsjuka	noun
bilsäte	noun
biltak	noun
biltillverkare	noun
biltunnel	noun
biltvätt	noun
biltäthet	noun
bilverkstad	noun
bilväg	noun
bilägare	noun
bilägga	verb
bimbo	noun
binaritet	noun
binda	noun,verb
bindel	noun
bindemedel	noun
bindeord	noun
bindestreck	noun
bindhinna	noun
bindning	noun
bindningstid	noun
bindruna	noun
bindväv	noun
binge	noun
bingel	noun
bingo	intj,noun
bingobricka	noun
binjure	noun
binjurebark	noun
binjuremärg	noun
binnikemask	noun
binom	noun
binär	adj
bio	noun
biobesökare	noun
biobränsle	noun
biodlare	noun
biodling	noun
biodrivmedel	noun
bioenergi	noun
biofysik	noun
biograf	noun
biografi	noun
biografisk	adj
biografkedja	noun
biokemi	noun
biokraft	noun
biolog	noun
biologi	noun
biologisk	adj
biom	noun
biomassa	noun
biomedicin	noun
biomedicinare	noun
biometri	noun
biosfär	noun
bioteknik	noun
biotekniker	noun
bioteknikföretag	noun
bioteknisk	adj
biotisk	adj
biotop	noun
bipedalism	noun
biplan	noun
bipolär	adj
biprodukt	noun
birger	name
birgersson	name
birgit	name
birgitta	name
biroll	noun
birollsinnehavare	noun
bisak	noun
bisarr	adj
bisarrhet	noun
bisats	noun
bisatsord	noun
biscayabukten	name
bisektris	noun
bisexualitet	noun
bisexuell	adj
bisittare	noun
biskop	noun
biskopinna	noun
biskoplig	adj
biskopsdöme	noun
biskopsgården	name
biskopsmössa	noun
biskopsstav	noun
biskopsstift	noun
biskopsstol	noun
biskopsvigning	noun
biskvi	noun
bisköldkörtel	noun
bismak	noun
bisol	noun
bisonoxe	noun
bisp	noun
biss	noun
bissauguinean	noun
bissera	verb
bister	adj,noun
bisterhet	noun
bistro	noun
bistå	verb
bistånd	noun
biståndsarbetare	noun
biståndsbeslut	noun
biståndsbudget	noun
biståndsinsats	noun
biståndsland	noun
biståndsminister	noun
biståndsorganisation	noun
biståndspolitik	noun
biståndsprogram	noun
bisvärm	noun
bisyssla	noun
bit	noun
bita	verb
bitad	adj
bitanke	noun
bitcoin	noun
biten	adj
bitmapp	noun
bitmappsbild	noun
bitmärke	noun
biträda	verb
biträdande	adj
biträdd	adj
biträde	noun
bitsk	adj
bitskada	noun
bitsocker	noun
bitte	name
bitter	adj
bitterhet	noun
bittermandel	noun
bitti	adv
bittida	adv
bitumen	noun
bitvarg	noun
bitvis	adj,adv
bivack	noun
bivax	noun
biverkning	noun
bivråk	noun
biätare	noun
bjarne	name
bjuda	verb
bjuden	adj
bjudning	noun
bjudresa	noun
bjurholm	name
bjäbbig	adj
bjälke	noun
bjälkvis	adv
bjällerklang	noun
bjällra	noun
bjära	noun
bjärehalvön	name
bjärt	adj
bjässe	noun
björk	name,noun
björklund	name
björkman	name
björkna	noun
björkris	noun
björksopp	noun
björktrast	noun
björn	name,noun
björnbär	noun
björndjur	noun
björneborg	name
björninna	noun
björnjakt	noun
björnkloört	noun
björntjänst	noun
björnunge	noun
björnön	name
bk	noun
bl	adj
bla	adv
black	adj,noun
blad	noun
bladdeg	noun
bladguld	noun
bladlus	noun
bladmage	noun
bladvändare	noun
blamera	verb
blanchera	verb
blanchering	noun
bland	prep
blanda	verb
blandad	adj
blandband	noun
blandekonomi	noun
blandfärs	noun
blandning	noun
blandras	noun
blandrashund	noun
blandsaft	noun
blandskog	noun
blandäktenskap	noun
blank	adj
blanka	verb
blankad	adj
blankett	noun
blankettraseri	noun
blankhet	noun
blankis	noun
blankning	noun
blankolån	noun
blankspola	verb
blankspolad	adj
blanksteg	noun
blaserad	adj
blasfemi	noun
blasfemisk	adj
blask	noun
blaska	verb
blaskig	adj
blaskighet	noun
blast	noun
bleck	noun
bleckblåsare	noun
bleckblåsinstrument	noun
bleckslagare	noun
blek	adj
bleka	noun,verb
blekansikte	noun
blekare	noun
blekeri	noun
blekfet	adj
blekhet	noun
bleking	noun
blekinge	name
blekingsk	adj
blekingska	noun
blekmedel	noun
blekna	verb
bleknad	adj
blekning	noun
bleksiktig	adj
blemma	noun
blessera	verb
blessyr	noun
bli	verb
blick	noun
blicka	verb
blickfång	noun
blickstilla	adv
blida	noun
blidhet	noun
blidka	verb
blidkad	adj
blidvinter	noun
blidväder	noun
blind	adj
blindbock	noun
blindbroms	noun
blinddejt	noun
blindgångare	noun
blindhet	noun
blindo	noun
blindpassagerare	noun
blindpipa	noun
blindschack	noun
blindschakt	noun
blindskrift	noun
blindspår	noun
blindtarm	noun
blindtarmsinflammation	noun
blindtarmsoperation	noun
blindtest	noun
blini	noun
blink	noun
blinka	verb
blinkad	adj
blinker	noun
blinkhinna	noun
blinkning	noun
blipp	noun
blippa	verb
blivande	noun
bliven	adj
blixt	noun
blixtaggregat	noun
blixtblå	adj
blixthalka	noun
blixtkrig	noun
blixtlås	noun
blixtnedslag	noun
blixtra	verb
blixtrör	noun
blixtschack	noun
blixtsnabb	adj
blixtstill	adv
blixtstilla	adv
block	noun
blockad	noun
blockera	verb
blockerad	adj
blockering	noun
blockflöjt	noun
blockterräng	noun
blocköverskridande	adj
blod	noun
bloda	verb
blodanalys	noun
blodapelsin	noun
blodbad	noun
blodbank	noun
blodbok	noun
blodbrist	noun
blodcell	noun
blodcirkulation	noun
bloddroppe	noun
bloddrypande	adj
bloddränkt	adj
blodfattig	adj
blodfläck	noun
blodfläckad	adj
blodflöde	noun
blodfull	adj
blodfullhet	noun
blodförgiftning	noun
blodförlust	noun
blodgivare	noun
blodgivning	noun
blodgrupp	noun
blodhund	noun
blodig	adj
blodigel	noun
blodighet	noun
blodisande	adj
blodisare	noun
blodknoge	name
blodkrona	name
blodkropp	noun
blodkärl	noun
blodlös	adj
blodlöshet	noun
blodlöst	adv
blodmat	noun
blodmåne	noun
blodomlopp	noun
blodpeng	name
blodplasma	noun
blodplätt	noun
blodpropp	noun
blodprov	noun
blodpudding	noun
blodpöl	noun
blodregn	noun
blodröd	adj
blodsdroppe	noun
blodsdåd	noun
blodsfejd	noun
blodsmystik	noun
blodsocker	noun
blodsockerhalt	noun
blodsoffer	noun
blodspengar	noun
blodspillan	noun
blodsprängd	adj
blodspår	noun
blodsspillan	noun
blodstänk	noun
blodsugande	adj
blodsugare	noun
blodsutgjutelse	noun
blodsvittne	noun
blodsystem	noun
blodtest	noun
blodtransfusion	noun
blodtryck	noun
blodtrycksmätare	noun
blodtörst	noun
blodtörstig	adj
blodutgjutning	noun
blodutstryk	noun
blodvite	noun
blodvärde	noun
blodåder	noun
blogg	noun
blogga	verb
bloggare	noun
blogginlägg	noun
blogglänk	noun
bloggning	noun
bloggosfär	noun
bloggsfär	noun
blom	name
blomblad	noun
blombukett	noun
blomfluga	noun
blomklase	noun
blomkolv	noun
blomkruka	noun
blomkål	noun
blomma	noun,verb
blommad	adj
blommig	adj
blommigt	adv
blomning	noun
blomqvist	name
blomster	noun
blomsteraffär	noun
blomsterfrö	noun
blomsterhandel	noun
blomsterhandlare	noun
blomsteräng	noun
blomstra	verb
blomstrand	name
blond	adj
blondera	verb
blondhet	noun
blondin	noun
bloss	noun
blossa	verb
blot	noun
blota	verb
blott	adj,adv,conj
blotta	noun,verb
blottare	noun
blottlägga	verb
blottläggning	noun
blottning	noun
blottställa	verb
blubb	intj
blues	noun
bluessångare	noun
bluff	noun
bluffa	verb
bluffare	noun
bluffmakare	noun
blufföretag	noun
blund	noun
blunda	verb
blunder	noun
blus	noun
bly	noun
blyackumulator	noun
blydagg	noun
blyerts	noun
blyertspenna	noun
blyertsstift	noun
blyfri	adj
blyförgifta	verb
blyförgiftad	adj
blyförgiftning	noun
blyg	adj
blygd	noun
blygdben	noun
blygdläpp	noun
blyghet	noun
blyglans	noun
blygsam	adj
blygsamhet	noun
blyhalt	noun
blykula	noun
blytung	adj
blä	intj
bläck	noun
bläckfisk	noun
bläckfiskring	noun
bläckfläck	noun
bläckhorn	noun
bläckig	adj
bläckpatron	noun
bläckpenna	noun
bläckplump	noun
bläckplumpstest	noun
bläckstråleskrivare	noun
bläcksuddare	noun
bläddra	verb
bläddring	noun
blända	verb
bländare	noun
bländverk	noun
blänga	verb
blänk	noun
blänka	verb
blänke	noun
bläs	noun
bläsand	noun
bläsgäss	noun
bläsgås	noun
bläst	noun
blästra	verb
blästring	noun
blå	adj
blåaktig	adj
blåblodig	adj
blåbär	noun
blåbärsbuske	noun
blåbärskräm	noun
blåbärsris	noun
blåbärssoppa	noun
blåduva	noun
blådåre	noun
blåelse	noun
blågul	adj
blåhaj	noun
blåhake	noun
blåhallon	noun
blåhet	noun
blåhårig	adj
blåklint	noun
blåklintsblå	adj,noun
blåklocka	noun
blåkopia	noun
blåkråka	noun
blålera	noun
blåljuga	verb
blåljus	noun
blåljuscentral	noun
blåljusfilter	noun
blåljusfordon	noun
blåljuspersonal	noun
blåljussabotage	noun
blåljusväg	noun
blålusern	noun
blåmanet	noun
blåmes	noun
blåmussla	noun
blåmärke	noun
blåmögelost	noun
blåna	verb
blånad	noun
blåneger	noun
blåneka	verb
blånor	noun
blåregn	noun
blåräv	noun
blåsa	noun,verb
blåsare	noun
blåsbälg	noun
blåsfisk	noun
blåshals	noun
blåshalskörtel	noun
blåshål	noun
blåsig	adj
blåsighet	noun
blåsinstrument	noun
blåsippa	noun
blåskatarr	noun
blåskrika	noun
blåskägg	name
blåskärm	noun
blåslagen	adj
blåslampa	noun
blåsljud	noun
blåsning	noun
blåsorkester	noun
blåsrör	noun
blåst	noun
blåställ	noun
blåstång	noun
blåsur	adj
blåsväder	noun
blåsyra	noun
blåtand	name
blåtrast	noun
blåträ	noun
blått	noun
blåval	noun
blåved	noun
blåvinge	noun
blåvit	adj
blåögd	adj
blåögdhet	noun
blöda	verb
blödare	noun
blödarsjuk	adj
blödarsjuka	noun
blödd	adj
blödig	adj
blödighet	noun
blödning	noun
blöja	noun
blöt	adj
blöta	noun,verb
blötdjur	noun
blöthet	noun
blötlägga	verb
blötning	noun
blötsnö	noun
bnp	name,noun
bo	name,noun,verb
boa	noun
boaorm	noun
boardingcard	noun
boardingkort	noun
boboll	noun
bobåkare	noun
bock	noun
bocka	verb
bockad	adj
bockhorn	noun
bockrot	noun
bockskägg	noun
bockstyre	noun
bod	noun
bodelning	noun
boden	name
bodensjön	name
bodil	name
bodybuildare	noun
bodybuilder	noun
bodybuilding	noun
boel	name
boende	adj,noun
boendemiljö	noun
bofink	noun
bog	noun
bogankare	noun
bogsera	verb
bogserad	adj
bogserbåt	noun
bogsering	noun
bogseringslina	noun
bogserlina	noun
bogsertross	noun
bogvisir	noun
bohag	noun
bohem	noun
bohemeri	noun
bohemisk	adj
bohemiskt	adv
bohrium	noun
bohuslän	name
bohuslänning	noun
boj	noun
boja	noun
bojkott	noun
bojkotta	verb
bojkottad	adj
bojkottning	noun
bok	noun
boka	verb
bokad	adj
bokal	noun
bokauktion	noun
bokbuss	noun
bokbål	noun
bokcirkel	noun
bokföra	verb
bokförare	noun
bokförd	adj
bokföring	noun
bokföringsbrott	noun
bokföringsdag	noun
bokföringsdatum	noun
bokförlag	noun
bokhandel	noun
bokhandlare	noun
bokhylla	noun
bokinköp	noun
bokklubb	noun
boklig	adj
bokläsare	noun
bokmal	noun
bokmärke	noun
bokmässa	noun
bokmål	noun
bokning	noun
bokningsnummer	noun
bokollon	noun
bokomslag	noun
bokrecension	noun
bokreferat	noun
bokris	noun
bokrygg	noun
boksamlare	noun
boksamling	noun
bokskog	noun
bokslukare	noun
bokslut	noun
bokstav	noun
bokstavera	verb
bokstavlig	adj
bokstavligen	adv
bokstavsföljd	noun
bokstavskod	noun
bokstavskombination	noun
bokstavsordning	noun
bokstavstrogen	adj
bokstavstrohet	noun
bokstavsvänster	noun
bokstöd	noun
boksvenska	noun
boksynt	adj
boksynthet	noun
boktryckare	noun
boktryckarkonst	noun
bokälskare	noun
bolag	noun
bolagisera	verb
bolagiserad	adj
bolagisering	noun
bolagsbeskattning	noun
bolagsman	noun
bolagsordning	noun
bolagsskatt	noun
bolagsstämma	noun
bolin	noun
bolivariansk	adj
bolivia	name
bolivian	noun
boliviansk	adj
bolivianska	noun
boll	noun
bolla	verb
bollflicka	noun
bollhav	noun
bollinnehav	noun
bollkalle	noun
bollklubb	noun
bollplan	noun
bollplank	noun
bollpojke	noun
bollsinne	noun
bolma	verb
bolmen	name
bolmstad	name
bolmsö	name
bolmört	noun
bolsjevik	noun
bolsjevikisk	adj
bolsjevism	noun
bolster	noun
bolund	name
bolån	noun
bolåneränta	noun
bolånetak	noun
bom	noun
bomb	noun
bomba	verb
bombad	adj
bombanfall	noun
bombangrepp	noun
bombardemang	noun
bombardera	verb
bombarderad	adj
bombardering	noun
bombastisk	adj
bombattack	noun
bombattentat	noun
bombattrapp	noun
bombbälte	noun
bombdåd	noun
bombflyg	noun
bombhot	noun
bombhund	noun
bombkrater	noun
bombkrevad	noun
bomblarm	noun
bombman	noun
bombmål	noun
bombnedslag	noun
bombning	noun
bomboffer	noun
bombplan	noun
bombsplitter	noun
bombsäker	adj
bombtillverkning	noun
bomma	verb
bommad	adj
bomolja	noun
bomskott	noun
bomull	noun
bomullsklänning	noun
bomullskrut	noun
bomullstråd	noun
bomullstuss	noun
bona	verb
bonad	adj,noun
bondage	noun
bondbränna	noun
bondböna	noun
bonde	noun
bondeoffer	noun
bondesamhälle	noun
bondestenålder	noun
bondfångare	noun
bondförnuft	noun
bondförstånd	noun
bondgård	noun
bondjänta	noun
bondpermission	noun
bondskhet	noun
bondtur	noun
bong	noun
boning	noun
bonitet	noun
bonka	verb
bonnabränna	noun
bonne	noun
bonus	noun
bonusbarn	noun
bonusbror	noun
bonusförälder	noun
bonuskort	noun
bonusmamma	noun
bonuspappa	noun
bonuspoäng	noun
bonusspår	noun
bonussyskon	noun
bonussyster	noun
boo	name
bookmaker	noun
boolesk	adj
boots	noun
bop	noun
bopåle	noun
bor	noun
bord	noun
borda	verb
bordad	adj
bordell	noun
bordellmamma	noun
bordlägga	verb
bordläggning	noun
bordsalt	noun
bordsbön	noun
bordsduk	noun
bordsgranne	noun
bordskick	noun
bordslampa	noun
bordssalt	noun
bordssamtal	noun
bordsskick	noun
bordsskiva	noun
bordsvatten	noun
bordtennis	noun
bordtennisboll	noun
bordtennisbord	noun
bordtennisracket	noun
bordtennisspelare	noun
boren	adj,name
borg	name,noun
borga	verb
borgarbracka	noun
borgare	noun
borgarkrig	noun
borgarråd	noun
borgen	noun
borgenslån	noun
borgensman	noun
borgenär	noun
borgerlig	adj
borgerlighet	noun
borgerligt	adv
borgfred	noun
borggård	noun
borgmästare	noun
borgmästarinna	noun
borgnäs	name
borgruin	noun
borgå	name
borlänge	name
bornera	verb
bornerad	adj
bornholm	name
bornyr	noun
borr	noun
borra	verb
borrad	adj
borrfluga	noun
borrhål	noun
borrmaskin	noun
borrmussla	noun
borrning	noun
borrstativ	noun
borst	noun
borsta	verb
borstbindare	noun
borste	noun
borstnejlika	noun
borstning	noun
borsyra	noun
bort	adv
borta	adj,adv
bortalag	noun
bortamatch	noun
bortaplan	noun
bortaseger	noun
bortasupporter	noun
bortbyting	noun
bortersta	adj
bortfall	noun
bortfalla	verb
bortföra	verb
bortföring	noun
bortförklara	verb
bortförklarad	adj
bortförklaring	noun
bortglömd	adj
bortgång	noun
bortifrån	adv,prep
bortkastad	adj
bortklemad	adj
bortkommen	adj
bortkoppling	noun
bortom	prep
bortre	adj
bortrest	adj
bortse	verb
bortskämd	adj
bortskämdhet	noun
bortstötning	noun
bortta	verb
borttagare	noun
borttagen	adj
borttagning	noun
bortåt	adv,prep
boränta	noun
borås	name
bosatt	adj
boskap	noun
boskapsdjur	noun
boskapspest	noun
boskapsskötare	noun
boskapstjuv	noun
bosnien	name
bosnien-hercegovina	name
bosnienkroat	noun
bosnienserb	noun
bosnier	noun
bosniska	noun
boson	noun
bosporen	name
boss	noun
bosse	name
bostad	noun
bostadsbidrag	noun
bostadsbolag	noun
bostadsbrist	noun
bostadsförhållande	noun
bostadshus	noun
bostadskredit	noun
bostadskris	noun
bostadskö	noun
bostadsköp	noun
bostadsköpare	noun
bostadslån	noun
bostadsmarknad	noun
bostadsområde	noun
bostadsort	noun
bostadspolitik	noun
bostadspolitisk	adj
bostadsrätt	noun
bostongurka	noun
bostonterrier	noun
boström	name
bosätta	verb
bosättare	noun
bosättning	noun
bosättningsområde	noun
bosättningspolitik	noun
bot	noun
bota	verb
botad	adj
botanik	noun
botaniker	noun
botanisera	verb
botanisk	adj
botanist	noun
botbar	adj
botemedel	noun
botfärdig	adj
botfärdighet	noun
botgörare	noun
botgörelse	noun
botgöring	noun
botkyrka	name
botswana	name
botswanier	noun
botten	noun
bottenhavet	name
bottenkvark	noun
bottenlån	noun
bottenlös	adj
bottenlöshet	noun
bottenlöst	adv
bottennapp	noun
bottennivå	noun
bottenplan	noun
bottenredning	noun
bottenskikt	noun
bottenskrap	noun
bottenvåning	noun
bottna	verb
botulism	noun
boulevard	noun
boulevardier	noun
bouppteckning	noun
bourgeoisie	noun
bouvetön	name
bovaktig	adj
bovete	noun
bowling	noun
bowlinghall	noun
bowlingklot	noun
bowlingkägla	noun
bowlingsko	noun
box	noun
boxa	verb
boxare	noun
boxas	verb
boxermotor	noun
boxertrosa	noun
boxhandske	noun
boxning	noun
boxningsklubb	noun
boxningsmatch	noun
boxvin	noun
bp	noun
bra	adj,adv
bracka	noun
brackighet	noun
brackvatten	noun
bragd	noun
bragdguld	noun
bragdmedalj	noun
bragdmedaljör	noun
brahestad	name
brak	noun
braka	verb
brakare	noun
brakfis	noun
brakskit	noun
brakylogi	noun
bramsegel	noun
brand	noun
brandattentat	noun
brandbil	noun
brandbomb	noun
branddörr	noun
brandfackla	noun
brandfarlig	adj
brandfilt	noun
brandförsäkring	noun
brandgult	noun
brandkår	noun
brandlarm	noun
brandman	noun
brandmur	noun
brandorsak	noun
brandpost	noun
brandpostflagga	noun
brandpostskylt	noun
brandrisk	noun
brandrök	noun
brandsegel	noun
brandskatta	verb
brandskattning	noun
brandslang	noun
brandsläckare	noun
brandstation	noun
brandsyn	noun
brandsäker	adj
brandsäkerhet	noun
brandtal	noun
brandtorn	noun
brandtrappa	noun
brandvarnare	noun
brandvägg	noun
brandy	noun
brandövning	noun
bransch	noun
branschanalytiker	noun
branschförening	noun
branschorganisation	noun
brant	adj,noun
branthet	noun
brasa	noun
brasilian	noun
brasilianare	noun
brasiliansk	adj
brasilianska	noun
brasilien	name
brasklapp	noun
brassa	verb
brassefotboll	noun
brasved	noun
bratislava	name
bratwurst	noun
braunschweig	name
bravo	intj
bravorop	noun
bravur	noun
bravurmässig	adj
braxen	noun
breakboll	noun
breakdansare	noun
bred	adj
breda	verb
bredaxlad	adj
bredbandsinternet	noun
bredbar	adj
bredbent	adj
bredbrättad	adj
bredd	noun
bredda	verb
breddgrad	noun
breddning	noun
bredsida	noun,verb
bredvid	adv,prep
bretagne	name
bretonska	noun
brev	noun
breva	verb
brevare	noun
brevbomb	noun
brevbärare	noun
brevbärarkontor	noun
brevduva	noun
brevhuvud	noun
brevinkast	noun
brevkniv	noun
brevlåda	noun
brevlådeföretag	noun
brevskrivare	noun
brevterminal	noun
brevvän	noun
brevväxla	verb
brevväxling	noun
brevöppnare	noun
bricka	noun
bridge	noun
bridgeklubb	noun
bridgespelare	noun
bridreaktor	noun
briefa	verb
brigad	noun
brigadgeneral	noun
brikett	noun
briljans	noun
briljant	adj,noun
briljera	verb
bringa	noun
bringad	adj
brinna	verb
bris	noun
brisad	noun
brisans	noun
brisant	adj
brisera	verb
briserad	adj
brissling	noun
brist	noun
brista	verb
bristande	adj
bristfällig	adj
bristfällighet	noun
bristning	noun
bristningsgräns	noun
bristvara	noun
bristyrke	noun
brita	name
britatårta	noun
brits	noun
britt	name,noun
britta	name
brittatårta	noun
brittisk	adj
brittiska	noun
brittsommar	noun
bro	noun
broa	verb
brobyggare	noun
broccoli	noun
brodd	noun
broder	noun
brodera	verb
broderi	noun
broderskap	noun
broderskapsrörelse	noun
brokad	noun
brokatell	noun
brokig	adj
brokighet	noun
broklaff	noun
brolgatrana	noun
brolägga	verb
brom	noun
bromera	verb
bromförgiftning	noun
bromid	noun
bromma	name
broms	noun
bromsa	verb
bromsbelägg	noun
bromsbeslag	noun
bromskloss	noun
bromsmedicin	noun
bromsning	noun
bromspedal	noun
bromsservo	noun
bromsspår	noun
bromstrumma	noun
bromsvätska	noun
bronk	noun
bronkit	noun
brons	noun
bronsera	verb
bronsering	noun
bronsibis	noun
bronslur	noun
bronsmatch	noun
bronsmedalj	noun
bronsmedaljör	noun
bronsålder	noun
bronsåldersröse	noun
bropelare	noun
bror	name,noun
brorsbarn	noun
brorsdotter	noun
brorskål	noun
brorson	noun
broräcke	noun
brosch	noun
broschyr	noun
brosk	noun
broskartad	adj
broskfisk	noun
broskig	adj
broskighet	noun
broskskada	noun
brotsch	noun
brott	noun
brotta	verb
brottare	noun
brottas	verb
brottmål	noun
brottmålsadvokat	noun
brottmålsdomare	noun
brottmålsdomstol	noun
brottning	noun
brottsbalk	noun
brottsbekämpare	noun
brottsbekämpning	noun
brottsförebyggande	adj
brottslig	adj
brottslighet	noun
brottsling	noun
brottsmisstanke	noun
brottsoffer	noun
brottsofferfond	noun
brottsofferfonden	name
brottsplats	noun
brottsplatsundersökning	noun
brottsprovokation	noun
brottspåföljd	noun
brottsrubricering	noun
brottsskadeersättning	noun
brottssyndikat	noun
brottstycke	noun
brottsutredare	noun
brottsutredning	noun
brovall	name
brud	noun
brudand	noun
brudborste	noun
brudgum	noun
brudklänning	noun
brudpar	noun
brudspirea	noun
brudsporre	noun
brudtistel	noun
brudtärna	noun
bruk	noun
bruka	verb
brukad	adj
brukare	noun
brukbarhet	noun
bruklig	adj
bruksanvisning	noun
bruksföremål	noun
brukshund	noun
bruksindustri	noun
brukskonst	noun
bruksmiljö	noun
bruksort	noun
brukspatron	noun
brukssamhälle	noun
bruksägare	noun
brum	noun
brumma	verb
brummare	noun
brumsnurra	noun
brun	adj
brunaktig	adj
brunand	noun
brunbjörn	noun
brunbränd	adj
brunch	noun
brunei	name
brunett	noun
brunhyad	adj
brunhyllt	adj
brunhårig	adj
brunkol	noun
brunkål	noun
brunn	noun
brunnen	adj
brunnskar	noun
brunnslock	noun
brunnsort	noun
bruno	name
brunråtta	noun
brunsenap	noun
brunsiska	noun
brunsopp	noun
brunst	noun
brunsten	noun
brunstgrop	noun
brunstig	adj
brunsångare	noun
brunsås	noun
brunt	noun
bruntrast	noun
brunöga	noun
brunögd	adj
brunört	noun
brus	noun
brusa	verb
brushane	noun
brushuvud	noun
brusig	adj
brustablett	noun
brustenhet	noun
brutal	adj
brutalisera	verb
brutalisering	noun
brutalitet	noun
bruten	adj
brutenhet	noun
brutto	adv
bruttobelopp	noun
bruttoinkomst	noun
bruttointäkt	noun
bruttokostnad	noun
bruttonationalinkomst	noun
bruttonationalprodukt	noun
bruttoskuld	noun
bruttovikt	noun
bry	noun,verb
brydd	adj
bryderi	noun
brydsam	adj
brydsamhet	noun
brygd	noun
brygga	noun,verb
bryggad	adj
bryggare	noun
bryggd	adj
bryggeri	noun
bryggkaffe	noun
bryggning	noun
brylling	noun
bryn	noun
bryna	verb
brynja	noun
brynolf	name
brynt	adj
brysk	adj
bryskhet	noun
bryssel	name
brysselkex	noun
brysselkål	noun
bryta	verb
brytare	noun
brytbar	adj
brytbarhet	noun
brytning	noun
brytningsfel	noun
brytningsindex	noun
brytpunkt	noun
bräck	noun
bräcka	verb
bräckjärn	noun
bräcklig	adj
bräcklighet	noun
bräckt	adj
bräckvatten	noun
bräda	noun
brädd	noun
brädda	verb
bräddfull	adj
bräde	noun
brädgård	noun
brädspel	noun
bräka	verb
bräken	noun
bränna	verb
brännare	noun
brännartelefon	noun
brännbar	adj
brännbarhet	noun
brännbart	noun
brännboll	noun
bränneri	noun
brännhet	adj
bränning	noun
brännmanet	noun
brännmärka	verb
brännmärke	noun
brännmärkning	noun
brännoffer	noun
brännpunkt	noun
brännskada	noun,verb
brännsår	noun
brännugn	noun
brännvin	noun
brännässla	noun
bränsle	noun
bränslebrist	noun
bränslecell	noun
bränsleförbrukning	noun
bränsleförråd	noun
bränslekostnad	noun
bränslemätare	noun
bränslepris	noun
bränslepump	noun
bränsleskatt	noun
bränslestav	noun
bränsletank	noun
bräsch	noun
bräsera	verb
bräsering	noun
bräss	noun
brätte	noun
bråck	noun
bråd	adj
bråddjup	adj,noun
brådmogen	adj
brådmogenhet	noun
brådrasket	noun
brådska	noun,verb
brådskande	adj
brådstörtad	adj
bråk	noun
bråka	noun,verb
bråkad	adj
bråkdel	noun
bråkig	adj
bråkighet	noun
bråkmakare	noun
bråkstake	noun
bråktal	noun
brås	verb
bråte	noun
bråttom	adv
bröa	verb
bröd	noun
brödbak	noun
brödfrukt	noun
brödig	adj
brödighet	noun
brödkorg	noun
brödlös	adj
brödrapar	noun
brödraskap	noun
brödrost	noun
brödskiva	noun
brödskrivare	noun
brödsmula	noun
bröl	noun
bröla	verb
bröllop	noun
bröllopsdag	noun
bröllopsfest	noun
bröllopsgåva	noun
bröllopsklänning	noun
bröllopsmarsch	noun
bröllopstårta	noun
bröst	noun
brösta	noun,verb
bröstarvinge	noun
bröstben	noun
bröstcancer	noun
bröstfena	noun
bröstficka	noun
bröstförstoring	noun
bröstharnesk	noun
brösthåla	noun
brösthållare	noun
bröstimplantat	noun
bröstkaramell	noun
bröstkorg	noun
bröstkota	noun
bröstkörtel	noun
bröstmjölk	noun
bröstpump	noun
bröstsim	noun
bröstsmärta	noun
bröstvärn	noun
bröstvårta	noun
bu	intj
bua	verb
bubbel	noun
bubbelbad	noun
bubbelekonomi	noun
bubbelhoppa	verb
bubbelkammare	noun
bubbelpool	noun
bubbelvatten	noun
bubbla	verb
bubblig	adj
buckla	noun,verb
bucklig	adj
bucklighet	noun
bud	noun
budapest	name
budapestbakelse	noun
budapestlängd	noun
budapestrulle	noun
budapeststubbe	noun
budbärare	noun
buddha	noun
buddhism	noun
buddhist	noun
buddhistiskt	adv
buddism	noun
buddist	noun
buddistisk	adj
buddistiskt	adv
budget	noun
budgetchef	noun
budgetera	verb
budgetering	noun
budgetförhandling	noun
budgetförslag	noun
budgetpromenaden	name
budgetproposition	noun
budgetunderlag	noun
budgetunderskott	noun
budgetöverskott	noun
budgivare	noun
budkavle	noun
budo	noun
budord	noun
budplikt	noun
budskap	noun
buffa	verb
buffel	noun
buffelaktig	adj
buffert	noun
buffertstat	noun
buffertzon	noun
bufflig	adj
buffring	noun
buga	verb
bugg	noun
bugga	verb
buggig	adj
bugna	verb
bugning	noun
buk	noun
bukarest	name
bukett	noun
bukfena	noun
bukfetma	noun
bukfylla	noun
bukhinna	noun
bukhinneinflammation	noun
bukhåla	noun
bukig	adj
bukighet	noun
bukkake	noun
buklanda	verb
buklandning	noun
bukläge	noun
bukmuskel	noun
bukoler	noun
bukolisk	adj
buksmärta	noun
bukspott	noun
bukspottkörtel	noun
bukspottkörtelcancer	noun
bukspottkörtelinflammation	noun
bukstinn	adj
bukt	noun
bukta	verb
buktalare	noun
buktaleri	noun
buktig	adj
buktighet	noun
buktning	noun
bukvägg	noun
bula	noun
bulbyl	noun
bulemi	noun
bulgar	noun
bulgarien	name
bulgarisk	adj
bulgarisk-ortodox	adj
bulgariska	noun
bulimi	noun
bulimiker	noun
bulimisk	adj
buljong	noun
buljongtärning	noun
bulkfartyg	noun
bulldozer	noun
bulle	noun
bullemi	noun
buller	noun
bullerplank	noun
bullersam	adj
bullra	verb
bullrig	adj
bult	noun
bulta	verb
bultsax	noun
bulvan	noun
bumerang	noun
bumerangkast	noun
bumling	noun
bunden	adj
bundenhet	noun
bundsförvant	noun
bunge	noun
bungyhopp	noun
bungyjump	noun
bungyjumps	noun
bunke	noun
bunker	noun
bunkra	verb
bunsenbrännare	noun
bunt	noun
bunta	verb
buntad	adj
buntband	noun
bup	noun
bur	noun
bura	verb
burbrev	noun
burdus	adj
burgen	adj
burgund	name
burgundisk	adj
burk	noun
burka	noun
burkaförbud	noun
burkinier	noun
burkmat	noun
burkslav	noun
burköl	noun
burköppnare	noun
burlesk	adj,noun
burma	name
burman	name
burmes	noun
burmesisk	adj
burop	noun
burra	verb
bursa	noun
burschikos	adj
burskap	noun
burspråk	noun
burundi	name
bus	noun
buse	noun
busig	adj
buskage	noun
buske	noun
buskig	adj
buskighet	noun
buskpropaganda	noun
buskskvätta	noun
busksångare	noun
busringa	verb
busringning	noun
buss	intj,noun
bussa	verb
bussarong	noun
bussbolag	noun
busschaufför	noun
bussförare	noun
busshållplats	noun
busskur	noun
busslinje	noun
bussola	noun
busspassagerare	noun
bussresa	noun
busstation	noun
busstrafik	noun
busstransport	noun
busunge	noun
busvissla	verb
busvissling	noun
butan	noun
butanol	noun
butelj	noun
buteljera	verb
buteljering	noun
butik	noun
butiksbiträde	noun
butikschef	noun
butikshylla	noun
butiksinnehavare	noun
butikskedja	noun
butiksmedarbetare	noun
butikspersonal	noun
butiksägare	noun
butler	noun
butter	adj
butterflykniv	noun
butterhet	noun
by	noun
bybo	noun
byfåne	noun
bygd	noun
bygdegård	noun
bygdemål	noun
bygdeväg	noun
bygel	noun
bygg	noun
bygga	verb
byggande	noun
byggarbetare	noun
byggarbetsplats	noun
byggare	noun
byggbolag	noun
byggd	adj
bygge	noun
byggföretag	noun
bygglov	noun
byggnad	noun
byggnadsarbetare	noun
byggnadsarkeologi	noun
byggnadslov	noun
byggnadsminnesmärke	noun
byggnadsställning	noun
byggnadsverksamhet	noun
byggnation	noun
byggsätt	noun
byholma	name
bykpojke	noun
bylta	verb
bylte	noun
bymiljöväg	noun
byracka	noun
byronism	noun
byrå	noun
byråassistent	noun
byråchef	noun
byrådirektör	noun
byråingenjör	noun
byråinspektör	noun
byråintendent	noun
byråkrat	noun
byråkrati	noun
byråkratisera	verb
byråkratisering	noun
byråkratisk	adj
byrålåda	noun
byråsekreterare	noun
bysans	name
byst	noun
bysthållare	noun
byta	verb
byte	noun
bytesbalans	noun
byteshandel	noun
bytt	adj
bytta	noun
byxa	noun
byxdress	noun
byxdräkt	noun
byxficka	noun
byxlinning	noun
byxlös	adj
byxmyndig	adj
bä	intj
bäck	noun
bäckadräkt	noun
bäckahästen	name
bäcken	noun
bäckenbotten	noun
bäckengördel	noun
bäcklund	name
bäckström	name
bädd	noun
bädda	verb
bäddad	adj
bäddjacka	noun
bäddsoffa	noun
bägare	noun
bägarformig	adj
bägge	pron
bäggedera	det
bälg	noun
bälga	verb
bälta	noun,verb
bältdjur	noun
bälte	noun
bältesspänne	noun
bältros	noun
bända	verb
bändelkorsnäbb	noun
bändning	noun
bänk	noun
bänka	verb
bänkkamrat	noun
bänknötare	noun
bänkpress	noun
bär	noun
bära	verb
bärande	adj
bärare	noun
bärbar	adj
bärfis	noun
bärga	verb
bärgning	noun
bärgningsbil	noun
bärgningsförsök	noun
bärig	adj
bäring	noun
bärkasse	noun
bärklase	noun
bärkraft	noun
bärkraftig	adj
bärnsten	noun
bärnstenssmycke	noun
bärplockare	noun
bärplockning	noun
bärriva	noun
bärsele	noun
bärstol	noun
bärsärk	noun
bärsärkagång	noun
bärvåg	noun
bästföredatum	noun
bästsäljare	noun
bättra	verb
bättrevetare	noun
bättring	noun
bättringsväg	noun
bäva	verb
bävan	noun
bävans	noun
bäver	noun
bävergäll	noun
båda	det,verb
bådadera	det
både	conj
bådhänt	adj
båge	noun
bågfil	noun
bågformig	adj
bågig	adj
båglampa	noun
bågminut	noun
bågna	verb
bågsekund	noun
bågskytt	noun
bågskytte	noun
bågsträng	noun
bågsättning	noun
båk	noun
bål	noun
bålgeting	noun
bålverk	noun
bång	noun
bångstyrig	adj
bångstyrigt	adv
bår	noun
bårbil	noun
bårbärare	noun
bård	noun
bårhus	noun
bås	noun
båt	noun
båta	verb
båtflykting	noun
båtfärd	noun
båtförare	noun
båthus	noun
båtkapell	noun
båtklubb	noun
båtmässa	noun
båtmössa	noun
båtnad	noun
båtpizza	noun
båtregister	noun
båtsemester	noun
båtskatt	noun
båtsman	noun
båtägare	noun
bååth	name
böckling	noun
bödel	noun
bög	noun
bögporr	noun
bögtest	noun
böhmisk	adj
böj	noun
böja	verb
böjbar	adj
böjbarhet	noun
böjd	adj
böjelse	noun
böjlig	adj
böjlighet	noun
böjning	noun
böjningsform	noun
böjningsändelse	noun
böka	verb
böla	verb
böld	noun
böldpest	noun
bölja	noun,verb
bön	noun
böna	noun,verb
bönbok	noun
bönematta	noun
bönerum	noun
böneutrop	noun
böneutropare	noun
bönfalla	verb
böngrodd	noun
bönhöra	verb
bönsallad	noun
bönstjälk	noun
bönsyrsa	noun
böra	verb
börd	noun
börda	noun
bördig	adj
bördighet	noun
bördsadel	noun
börek	noun
börja	verb
början	noun
börje	name
börjeson	name
börs	noun
börsanalytiker	noun
börsbolag	noun
börsfall	noun
börsföretag	noun
börshus	noun
börsindex	noun
börsintroducera	verb
börsintroduktion	noun
börsnotering	noun
börsoro	noun
börsvärde	noun
bössa	noun
böta	verb
bötesstraff	noun
bötfälla	verb
c	character,name,noun
c-avdrag	noun
c-vitamin	noun
ca	adv
cab	noun
cabriolet	noun
caddie	noun
caesar	name
caesarsallad	noun
caipirinha	noun
calamares	noun
californium	noun
calla	verb
calle	name
calypso	noun
calzone	noun
camembert	noun
camilla	name
campa	verb
campare	noun
campari	noun
campingplats	noun
campingsemester	noun
canada	name
cancan	noun
cancer	noun
cancerbehandling	noun
cancerframkallande	adj
cancerläkare	noun
candela	noun
cannabis	noun
cannabisodling	noun
cannelloni	noun
canossavandring	noun
cape	noun
cappuccino	noun
capricciosa	noun
cardigan	noun
carin	name
carina	name
carita	name
carl	name
carlsson	name
carola	name
carolin	name
carolina	name
caroline	name
carpmes	noun
carport	noun
case	noun
cashewnöt	noun
casper	name
cassiakorsnäbb	noun
catarina	name
caterpillar	noun
catgut	noun
catharina	name
cayennepeppar	noun
caymanöarna	name
cd	noun
cd-brännare	noun
cd-skiva	noun
cd-spelare	noun
cecilia	name
ceder	noun
cedera	verb
cederström	name
cederträ	noun
cedilj	noun
celadon	adj,noun
celebrera	verb
celebritet	noun
celest	adj
celibat	noun
cell	noun
cellandning	noun
celldelning	noun
cellinnehåll	noun
cellist	noun
cellkamrat	noun
cellkärna	noun
cellmembran	noun
cello	noun
cellofantunn	adj
cellområde	noun
cellskräck	noun
cellulas	noun
cellulosa	noun
cellulosanitrat	noun
cellvägg	noun
cembalist	noun
cembalo	noun
cement	noun
cementblandare	noun
cementblock	noun
cementera	verb
cementkoppar	noun
cenote	noun
censor	noun
censur	noun
censurera	verb
censurerad	adj
censurering	noun
cent	noun
center	noun
centerparti	noun
centerpartist	noun
centerpartistisk	adj
centigram	noun
centiliter	noun
centime	noun
centimeter	noun
centner	noun
central	adj,noun
centralafrika	name
centralafrikan	noun
centralafrikansk	adj
centralafrikanska	noun
centralamerika	name
centralamerikan	noun
centralasiatisk	adj
centralasien	name
centralbank	noun
centralbankssystem	noun
centralbyrå	noun
centraleuropa	name
centraleuropeisk	adj
centralisera	verb
centralisering	noun
centralism	noun
centralort	noun
centralstation	noun
centralt	adv
centrera	verb
centrerad	adj
centrering	noun
centrifug	noun
centrifugalkraft	noun
centrifugalregulator	noun
centrifugera	verb
centrifugering	noun
centripetalkraft	noun
centrum	noun
ceo	noun
cerat	noun
cerebral	adj
cerebrospinalvätska	noun
ceremoni	noun
ceremoniell	adj
ceremonimästare	noun
cerise	adj,noun
cerium	noun
certifiera	verb
certifiering	noun
certifikat	noun
cesar	intj,name
cesarism	noun
cesium	noun
cesiumklorid	noun
cess	noun
cession	noun
cesur	noun
cettisångare	noun
cha-cha	noun
chabasit	noun
chalur	adj,noun
champagne	noun
champagnebutelj	noun
champagneflaska	noun
champagnefrukost	noun
champagneglas	noun
champagnekork	noun
champagnevisp	noun
champinjon	noun
chans	noun
chansa	verb
chansartad	adj
chanslös	adj
chansning	noun
chanson	noun
charabang	noun
charad	noun
charkavdelning	noun
charkdisk	noun
charkuteri	noun
charkuterivara	noun
charlatan	noun
charlataneri	noun
charles	name
charlie	name
charlott	name
charlotta	name
charlotte	name
charm	noun
charma	verb
charmant	adj
charmera	verb
charmerande	adj
charmig	adj
charmigt	adv
charmkvark	noun
charmoffensiv	noun
charmtroll	noun
charmör	noun
charter	noun
charterresa	noun
chartra	verb
chassi	noun
chassidism	noun
chatt	noun
chatta	verb
chattrum	noun
chattsida	noun
chaufför	noun
chauvinism	noun
chauvinist	noun
chauvinistisk	adj
chauvinistiskt	adv
chebeck	noun
check	noun
checka	verb
checkkonto	noun
checklista	noun
checkpoint	noun
cheddar	noun
cheeseburgare	noun
cheesecake	noun
chef	noun
chefredaktör	noun
chefsdelegat	noun
chefsförhandlare	noun
chefsideolog	noun
chefskap	noun
chefsrådman	noun
chefsåklagare	noun
chemtrail	noun
chevalereskhet	noun
cheviot	noun
chiffer	noun
chiffongklänning	noun
chiffrering	noun
chile	name
chilenare	noun
chilenska	noun
chili	noun
chilifrukt	noun
chilipeppar	noun
chilipulver	noun
chilisås	noun
chimär	noun
chinchilla	noun
chinjong	noun
chinos	noun
chippad	adj
chippläsare	noun
chips	noun
chipspåse	noun
chitvåfördelning	noun
chitvåtest	noun
chock	noun
chocka	verb
chockad	adj
chockartad	adj
chockbesked	noun
chockera	verb
chockerad	adj
chockgranat	noun
chockhandgranat	noun
chockhöja	verb
chockhöjning	noun
chockrosa	adj
chocktillstånd	noun
chockvåg	noun
choker	noun
choklad	noun
chokladask	noun
chokladbit	noun
chokladboll	noun
chokladbrun	adj
chokladbrunt	noun
chokladfontän	noun
chokladkaka	noun
chokladmjölk	noun
chokladpralin	noun
chokladprovning	noun
chokladpudding	noun
chokladrippel	noun
chokladsås	noun
chokladtryffel	noun
cholsyra	noun
chorizo	noun
chosefri	adj
choser	noun
christel	name
christer	name
christian	name
christin	name
christina	name
christine	name
christoffer	name
christopher	name
chutney	noun
ciceron	noun
cider	noun
cigarett	noun
cigarettfimp	noun
cigarettmunstycke	noun
cigarettmärke	noun
cigarettpaket	noun
cigarettrök	noun
cigarettrökning	noun
cigarettsmuggling	noun
cigarettstump	noun
cigarettändare	noun
cigarill	noun
cigarr	noun
cigarrsnoppare	noun
cigarrstump	noun
cigarrök	noun
ciklid	noun
cilie	noun
cineast	noun
cio	noun
cirka	adv
cirkel	noun
cirkelargument	noun
cirkelbevis	noun
cirkelbåge	noun
cirkeldiagram	noun
cirkelformad	adj
cirkelformig	adj
cirkelsättning	noun
cirkelsåg	noun
cirkla	verb
cirkulation	noun
cirkulationsplats	noun
cirkulera	verb
cirkulerad	adj
cirkulär	adj,noun
cirkumfix	noun
cirkumflex	noun
cirkumpolär	adj
cirkus	noun
cirkusclown	noun
cirkusdirektör	noun
cirkusnummer	noun
cirros	noun
cirrusmoln	noun
ciselering	noun
ciss	noun
cistern	noun
citadell	noun
citat	noun
citationstecken	noun
citattecken	noun
citera	verb
citerad	adj
citrat	noun
citrin	noun
citron	noun
citronfjäril	noun
citrongräs	noun
citrongul	adj
citronmeliss	noun
citronpeppar	noun
citronsaft	noun
citronskal	noun
citronsyra	noun
citronärla	noun
citrus	noun
citrusfrukt	noun
citrusodlare	noun
cittra	noun
city	noun
civil	adj
civilbefolkning	noun
civilingenjör	noun
civilisation	noun
civilisationskritik	noun
civilisationskritiker	noun
civilisera	verb
civiliserad	adj
civilisering	noun
civilist	noun
civilklädd	adj
civilkurage	noun
civilminister	noun
civilperson	noun
civilrätt	noun
civilrättslig	adj
civilsamhälle	noun
civilstånd	noun
civilutskott	noun
civiläktenskap	noun
claes	name
clara	name
clary	name
clas	name
clementin	noun
clown	noun
clowneri	noun
clownfisk	noun
clownnäsa	noun
clownupptåg	noun
coach	noun
coacha	verb
cocacolisering	noun
cocacolonisering	noun
cockerspaniel	noun
cockpit	noun
cocktail	noun
cocktailklänning	noun
cocktailparty	noun
coda	noun
coitus	noun
collegetröja	noun
collie	noun
collier	noun
colombia	name
colombian	noun
colombiansk	adj
colombianska	noun
comeback	noun
comic	noun
comorerna	name
conny	name
conquistador	noun
container	noun
containerfartyg	noun
containerisering	noun
cooköarna	name
copernicium	noun
copywriter	noun
cordierit	noun
corioliskraft	noun
cornelia	name
cornflakes	noun
coronakarantän	noun
coronatid	noun
coronavirus	noun
cosinus	noun
cosmopolitan	noun
costarican	noun
costaricanska	noun
costarikansk	adj
cotangent	noun
country	noun
countrymusik	noun
countrysångare	noun
cover	noun
coverband	noun
cowboy	noun
cowboyboots	noun
cowboyengelska	noun
cowboyfilm	noun
cowboyhatt	noun
cowboystövel	noun
cox	noun
cp	noun
cp-skada	noun
crawl	noun
crawla	verb
crescendo	noun
cricket	noun
cricketboll	noun
cricketlag	noun
cricketmatch	noun
cricketplan	noun
cricketspelare	noun
cristian	name
cristoffer	name
croissant	noun
cronquist	name
cronqvist	name
cronström	name
cross	noun
crosschecka	verb
crosscheckning	noun
croupier	noun
cuba	name
cubamazarin	noun
cumulusmoln	noun
cunnilingus	noun
cup	noun
curare	noun
curator	noun
curium	noun
curla	verb
curlare	noun
curling	noun
curlingförälder	noun
curlstång	noun
curry	noun
currypasta	noun
curt	name
cv	noun
cyan	adj,noun
cyanamid	noun
cyanid	noun
cyanvätegas	noun
cyanvätesyra	noun
cyberattack	noun
cybernetik	noun
cyberpunk	noun
cyberrymd	noun
cybersex	noun
cyberspace	noun
cyckel	noun
cykel	noun
cykelbana	noun
cykelfartsgata	noun
cykelgata	noun
cykelhandlare	noun
cykelhjälm	noun
cykelkedja	noun
cykelklocka	noun
cykelkorg	noun
cykelled	noun
cykellopp	noun
cykellås	noun
cykelpump	noun
cykelskjul	noun
cykelspark	noun
cykelställ	noun
cykelstöld	noun
cykeltjuv	noun
cykelverkstad	noun
cykelväg	noun
cykla	verb
cyklamen	noun
cykling	noun
cyklisk	adj
cyklist	noun
cykloalkan	noun
cyklobutan	noun
cykloheptan	noun
cyklohexan	noun
cyklon	noun
cyklooktan	noun
cyklop	noun
cyklopentan	noun
cyklopropan	noun
cyklotron	noun
cylinder	noun
cylinderformig	adj
cylinderhatt	noun
cylinderlock	noun
cylinderlås	noun
cylindrisk	adj
cymbal	noun
cyniker	noun
cynisk	adj
cynism	noun
cypern	name
cypress	noun
cypressträ	noun
cypriot	noun
cypriotisk	adj
cypriotiska	noun
cysta	noun
cystein	noun
cystoskopi	noun
cytogenetik	noun
cytolog	noun
cytologi	noun
cytoplasma	noun
cytosin	noun
cytosolisk	adj
cytostatika	noun
cytostatikum	noun
czardas	noun
d	article,character,pron
d-vitamin	noun
da	adv
dabba	verb
dadaism	noun
dadaist	noun
dadaistisk	adj
dadel	noun
dadelpalm	noun
dag	name,noun
daga	noun
dagas	verb
dagbok	noun
dagboksanteckning	noun
dagboksförfattare	noun
dagbrott	noun
dagbräckning	noun
dagcenter	noun
dagdrivare	noun
dagdriveri	noun
dagdröm	noun
dagdrömma	verb
dagdrömmeri	noun
dager	noun
dagerrotyp	noun
dagerrotypi	noun
dagersättning	noun
dagfjäril	noun
dagg	noun
daggdroppe	noun
daggig	adj
daggkåpa	noun
daggmask	noun
daggpunkt	noun
daghem	noun
dagis	noun
dagisfröken	noun
dagispop	noun
dagjämning	noun
dagkirurgi	noun
daglig	adj
dagligdags	adv
dagligen	adv
dagligvara	noun
dagligvaruhandel	noun
daglönare	noun
dagmar	name
dagny	name
dagobertmacka	noun
dagorder	noun
dagordning	noun
dagrum	noun
dags	adv
dagsbehov	noun
dagsbot	noun
dagsljus	noun
dagsläge	noun
dagslända	noun
dagslön	noun
dagsmeja	noun
dagstemperatur	noun
dagstidning	noun
dagsvers	noun
dagtinga	verb
dagvatten	noun
dagvattenbrunn	noun
dagvill	adj
dagöppning	noun
dahl	name
dahlberg	name
dahlbäck	name
dahlström	name
daiquiri	noun
dal	noun
dala	verb
dalahäst	noun
dalarna	name
dalgång	noun
dalkarl	noun
dalkulla	noun
daller	noun
dallra	verb
dallrig	adj
dallring	noun
dalmas	noun
dalmatien	name
dalmatiner	noun
dalripa	noun
dalruna	noun
dalsland	name
dalsänka	noun
dalta	verb
dalälven	name
dam	noun
damask	noun
damaskus	name
damfrisör	noun
damfrisörska	noun
damkör	noun
damlag	noun
damlandslag	noun
damm	noun
damma	verb
dammig	adj
dammighet	noun
dammigt	adv
dammkorn	noun
dammlucka	noun
dammlunga	noun
dammoln	noun
dammråtta	noun
dammsky	noun
dammsnäppa	noun
dammsuga	verb
dammsugare	noun
dammsugarpåse	noun
dammsugen	adj
dammsugning	noun
dammtuss	noun
dammvippa	noun
damning	noun
damp	noun
damspel	noun
damtoalett	noun
damur	noun
dan	name,noun
dana	verb
danderyd	name
danelagen	name
daniel	name
daniela	name
daniella	name
danielsson	name
danmark	name
danmark-norge	name
danne	name
dannebrog	noun
dans	noun
dansa	verb
dansant	adj
dansare	noun
dansbana	noun
dansband	noun
dansbandsmusik	noun
dansdräkt	noun
dansgolv	noun
dansk	adj,noun
danska	noun
danskhet	noun
danskjävel	noun
danskspråkig	adj
dansktalande	adj
danspartner	noun
danssjuka	noun
danssteg	noun
dansör	noun
dansös	noun
daoism	noun
dar	noun
dardanellerna	name
darmstadtium	noun
darr	noun
darra	verb
darren	noun
darrgräs	noun
darrhänt	adj
darrig	adj
darrighet	noun
darrigt	adv
darrning	noun
darrocka	noun
darrål	noun
dart	noun
darttavla	noun
darwinism	noun
darwinist	noun
darwinistisk	adj
daska	verb
dass	noun
data	noun
dataanläggning	noun
databas	noun
databasfält	noun
databastabell	noun
datafält	noun
dataintrång	noun
datakommunikation	noun
datakälla	noun
datakällvy	noun
datalogi	noun
dataminne	noun
datamängd	noun
datanörd	noun
datapost	noun
dataprodukt	noun
dataskydd	noun
dataskyddsförordning	noun
dataspel	noun
datastruktur	noun
datasäkerhet	noun
datateknik	noun
datateknisk	adj
datavetenskap	noun
datavirus	noun
datera	verb
daterad	adj
dativ	noun
dato	noun
datoranvändare	noun
datorbaserad	adj
datorgrafik	noun
datorisera	verb
datorisering	noun
datormus	noun
datorprogram	noun
datorsimulering	noun
datorskärm	noun
datorspel	noun
datorstödd	adj
datortillverkare	noun
datorvirus	noun
datt	noun
dattan	noun
datum	noun
datumlinje	noun
david	intj,name
davidsson	name
davidsstjärna	noun
davna	verb
dba	noun
dd	phrase
ddr	name
de	article,pron
deadline	noun
deaktivera	verb
debacle	noun
debatt	noun
debattartikel	noun
debattdeltagare	noun
debattera	verb
debatterad	adj
debattinlägg	noun
debattlysten	adj
debattämne	noun
debattör	noun
debil	adj
debitera	verb
debitering	noun
debriefing	noun
debut	noun
debutant	noun
debutera	verb
debutroman	noun
december	noun
decembermörker	noun
decennium	noun
decentralisera	verb
decentralisering	noun
dechiffrera	verb
dechiffrerbar	adj
dechiffrering	noun
deciliter	noun
deciljon	num
decimal	adj,noun
decimalkomma	noun
decimalpunkt	noun
decimera	verb
decimerad	adj
decimering	noun
decimeter	noun
deckardrottning	noun
deckare	noun
dedicera	verb
dedikation	noun
dedikerad	adj
deducera	verb
deduktion	noun
defekation	noun
defekt	adj,noun
defenestration	noun
defenestrera	verb
defenestrering	noun
defensiv	adj,noun
defilera	verb
defilering	noun
definiera	verb
definierad	adj
definierbar	adj
definition	noun
definitionsmängd	noun
definitionsmässig	adj
definitiv	adj
definitivt	adv
deflation	noun
deformera	verb
deformering	noun
deformitet	noun
defragmentera	verb
defragmenterad	adj
deg	noun
degartad	adj
degel	noun
degeneration	noun
degenerera	verb
degenererad	adj
degenerering	noun
degerfors	name
degig	adj
degklump	noun
degradera	verb
degradering	noun
degskrapa	noun
degsporre	noun
dehumanisera	verb
dehumaniserad	adj
dehumanisering	noun
deism	noun
deist	noun
deistisk	adj
dejt	noun
dejtning	noun
dekadens	noun
dekadent	adj
dekal	noun
dekameter	noun
dekan	noun
dekantera	verb
dekantering	noun
deklamatorisk	adj
deklamatoriskt	adv
deklaration	noun
deklarera	verb
deklarerad	adj
deklination	noun
deklinera	verb
deklinering	noun
dekoder	noun
dekokt	noun
dekolletage	noun
dekonsekrera	verb
dekonstruera	verb
dekonstruktion	noun
dekor	noun
dekoration	noun
dekorativ	adj
dekorera	verb
dekorerad	adj
dekorering	noun
dekret	noun
dekretera	verb
dekryptera	verb
dekrypterad	adj
del	noun
dela	verb
delabialisering	noun
delad	adj
delaktig	adj
delaktighet	noun
delbar	adj
delbarhet	noun
delbetalning	noun
delbetänkande	noun
deldokument	noun
delegat	noun
delegation	noun
delegera	verb
delegerad	adj
delegering	noun
delfin	noun
delfråga	noun
delföljd	noun
delge	verb
delgivning	noun
delgrupp	noun
deli	noun
delikat	adj
delikatess	noun
delikatessaffär	noun
delikatessavdelning	noun
delikatessbutik	noun
delikatessdisk	noun
delirium	noun
delmängd	noun
delmål	noun
delning	noun
delo	noun
delområde	noun
delrepublik	noun
delresultat	noun
dels	conj
delseger	noun
delstat	noun
delstatlig	adj
delstatsguvernör	noun
delstatsnivå	noun
delstatsregering	noun
delstatsval	noun
delsträcka	noun
delta	noun,verb
deltagande	adj,noun
deltagare	noun
deltagarland	noun
deltagarlista	noun
deltid	noun
deltidsanställa	verb
deltidsanställning	noun
deltidsbrandman	noun
deltidsgrupp	noun
deltidspolitiker	noun
deltävling	noun
delvis	adv
delägare	noun
delägarskap	noun
delämne	noun
delårsrapport	noun
delövertäckning	noun
dem	article,pron
demagog	noun
demarkationslinje	noun
demaskera	verb
demaskering	noun
demens	noun
demenssjuk	adj
dement	adj
dementera	verb
dementerad	adj
dementi	noun
demeter	name
demilitarisera	verb
demilitarisering	noun
demobilisera	verb
demobiliserad	adj
demobilisering	noun
demograf	noun
demografi	noun
demografisk	adj
demokrat	noun
demokrati	noun
demokratiaktivist	noun
demokratikämpe	noun
demokratisera	verb
demokratisering	noun
demokratisk	adj
demokratiskt	adv
demokratur	noun
demolera	verb
demolering	noun
demon	noun
demoni	noun
demonisera	verb
demoniserad	adj
demonisering	noun
demonisk	adj
demoniskt	adv
demonstrant	noun
demonstration	noun
demonstrationsfrihet	noun
demonstrationsförbud	noun
demonstrationstillstånd	noun
demonstrationståg	noun
demonstrera	verb
demonstrerad	adj
demontera	verb
demontering	noun
demoralisation	noun
demoralisera	verb
demoralisering	noun
den	article,pron
denaturalisation	noun
denaturalisera	verb
denaturalisering	noun
denaturera	verb
denaturering	noun
denatureringsmedel	noun
denazifiera	verb
denazifiering	noun
dendrofil	adj,noun
dendrofili	noun
dendrokronologi	noun
denier	noun
denisovan	noun
denisovansk	adj
denna	det,pron
dennes	pron
dennis	name
denotera	verb
densamma	pron
dental	adj,noun
deoderant	noun
deodorant	noun
deodorantstift	noun
deoxiribonukleinsyra	noun
departement	noun
departementschef	noun
departementsråd	noun
departementssekreterare	noun
dependensgrammatik	noun
depersonalisation	noun
depersonalisering	noun
depilera	verb
depilering	noun
deplacement	noun
deponera	verb
deportera	verb
deporterad	adj
deportering	noun
deposition	noun
deppig	adj
depraverad	adj
depreciering	noun
depression	noun
deprimerad	adj
deprimerande	adj
depuration	noun
deputerad	adj
deputeradekammare	noun
depå	noun
depåpreparat	noun
depåstopp	noun
deras	pron
derby	noun
derbymatch	noun
derivat	noun
derivata	noun
derivera	verb
deriverad	adj
dermatolog	noun
dermatologi	noun
dermatologisk	adj
dervisch	noun
desamma	pron
desarmera	verb
desarmerad	adj
desavouera	verb
desavouerad	adj
desavouering	noun
desegregation	noun
desegregera	verb
desegregering	noun
desertera	verb
desertering	noun
desertör	noun
design	noun
designa	verb
designer	noun
desillusionera	verb
desillusionerad	adj
desinfektera	verb
desinfektering	noun
desinfektionsmedel	noun
desinficera	verb
desinficerad	adj
desinficering	noun
desinformation	noun
desinformera	verb
desinformerad	adj
desjatin	noun
deskription	noun
deskriptiv	adj
desorganisation	noun
desorganisera	verb
desorganisering	noun
desorientering	noun
desperat	adj
desperation	noun
despot	noun
despotisk	adj
despotvälde	noun
dess	noun,pron
dessert	noun
dessertost	noun
dessertpizza	noun
dessertsked	noun
desserttallrik	noun
dessertvin	noun
dessförinnan	adv
dessutom	adv
dessvärre	adv
destabilisera	verb
destabilisering	noun
destillat	noun
destillation	noun
destillationsapparat	noun
destillator	noun
destillatör	noun
destillera	verb
destillerad	adj
destillerbar	adj
destilleri	noun
destillering	noun
destination	noun
destinationsland	noun
desto	adv
destruera	verb
destruktiv	adj
destruktivitet	noun
destruktivt	adv
det	article,noun,pron
detachement	noun
detachera	verb
detachering	noun
detalj	noun
detaljerad	adj
detaljhandel	noun
detaljhandelsföretag	noun
detaljhandelskedja	noun
detaljhandelsmonopol	noun
detaljhandlare	noun
detaljplan	noun
detaljreglera	verb
detaljrik	adj
detaljrikedom	noun
detaljuppgift	noun
detektera	verb
detekterad	adj
detektiv	adj,noun
detektivbyrå	noun
detektor	noun
determinant	noun
determinism	noun
determinist	noun
deterministisk	adj
detonation	noun
detonera	verb
detonerad	adj
detonering	noun
detsamma	intj,pron
deuteronomium	name
devalvera	verb
devalverad	adj
devalvering	noun
devis	noun
devot	adj
di	name,noun,pron
dia	noun,verb
diabetes	noun
diabetiker	noun
diabetisk	adj
diabild	noun
diabildsprojektor	noun
diabolisk	adj
diadem	noun
diafragma	noun
diagnos	noun
diagnosticera	verb
diagnostik	noun
diagnostiker	noun
diagnostisera	verb
diagnostiserad	adj
diagonal	adj,noun
diagonalmatris	noun
diagram	noun
diakon	noun
diakonissa	noun
diakonvigning	noun
dialekt	noun
dialektal	adj
dialektiker	noun
dialektområde	noun
dialog	noun
dialogruta	noun
diamagnetisk	adj
diamagnetism	noun
diamant	noun
diamanthandel	noun
diamanthandlare	noun
diamantsmycke	noun
diameter	noun
diametral	adj
diana	name
diapositiv	noun
diaprojektor	noun
diarieföra	verb
diarieförd	adj
diarieföring	noun
diarienummer	noun
diarium	noun
diaspora	noun
dibarn	noun
dick	name
didaktisk	adj
didgeridoo	noun
dien	noun
diesel	noun
dieselbil	noun
dieselbränsle	noun
dieseldriven	adj
dieselmotor	noun
diet	noun
differens	noun
differensekvation	noun
differential	noun
differentialekvation	noun
differentialkalkyl	noun
differentiell	adj
differentiera	verb
differentierad	adj
differentiering	noun
diffundera	verb
diffunderad	adj
diffus	adj
difteri	noun
difteriepidemi	noun
difterivaccin	noun
diftong	noun
diftongera	verb
diftongering	noun
dig	pron
digel	noun
digelpress	noun
diger	adj
digerdöden	name
digestiv	adj
digestive	noun
digestivekex	noun
digital	adj
digitalisera	verb
digitaliserad	adj
digitalisering	noun
digitaliseringsminister	noun
digitalkamera	noun
digna	verb
dignitet	noun
dignitär	noun
digression	noun
dijonsenap	noun
dike	noun
dikeskörning	noun
dikesren	noun
dikt	noun
dikta	verb
diktafon	noun
diktare	noun
diktarskap	noun
diktat	noun
diktator	noun
diktatorisk	adj
diktatur	noun
diktaturregim	noun
diktaturstat	noun
diktera	verb
dikterad	adj
diktmejsel	noun
diktning	noun
dilamm	noun
dildo	noun
dilemma	noun
dilettanteri	noun
dilettantisk	adj
dilettantmässig	adj
diligens	noun
dill	noun
dimbakljus	noun
dimbank	noun
dimension	noun
dimensionalitet	noun
dimensionera	verb
dimensionering	noun
dimhöljd	adj
diminutiv	noun
diminutivändelse	noun
dimkammare	noun
dimljus	noun
dimma	noun
dimmig	adj
dimmighet	noun
dimpa	verb
dimridå	noun
dimstrålkastare	noun
din	det
dinar	noun
dinera	verb
dingla	verb
dingo	noun
dinosaurie	noun
diod	noun
diplom	noun
diplomati	noun
diplomatkorrespondens	noun
dipp	noun
dippa	verb
diptyk	noun
direkt	adj,adv
direktavkastning	noun
direktbildskamera	noun
direktdemokrati	noun
direkten	noun
direktfilmskamera	noun
direktflyg	noun
direkthet	noun
direktion	noun
direktiv	noun
direktsänd	adj
direktsända	verb
direktsändning	noun
direktör	noun
dirigent	noun
dirigentpinne	noun
dirigera	verb
dirigerad	adj
dirigistisk	adj
dis	noun
disa	name
disackarid	noun
disciplin	noun
disciplinboll	noun
disciplinnämnd	noun
disciplinär	adj
disciplinärende	noun
disco	noun
discodans	noun
disharmoni	noun
disig	adj
disk	noun
diska	verb
diskad	adj
diskborste	noun
diskbråck	noun
diskbänk	noun
diskbänksrealism	noun
diskett	noun
diskettstation	noun
diskho	noun
diskmaskin	noun
diskmedel	noun
diskning	noun
diskokula	noun
diskontera	verb
diskontering	noun
diskontinuerlig	adj
diskontinuitet	noun
diskotek	noun
diskplockare	noun
diskreditera	verb
diskreditering	noun
diskrepans	noun
diskretisera	verb
diskretisering	noun
diskriminera	verb
diskriminerad	adj
diskriminering	noun
diskställ	noun
disktrasa	noun
diskurs	noun
diskursanalys	noun
diskursiv	adj
diskus	noun
diskuskast	noun
diskuskastare	noun
diskuskastning	noun
diskussion	noun
diskussionsdeltagare	noun
diskussionsfråga	noun
diskussionsgrupp	noun
diskussionsklubb	noun
diskussionssida	noun
diskussionstråd	noun
diskutabel	adj
diskutera	verb
diskuterad	adj
diskvalificera	verb
diskvalificerad	adj
diskvalificering	noun
diskvatten	noun
diskvåffla	noun
dispans	noun
dispaschör	noun
dispens	noun
disponent	noun
disponera	verb
disponerad	adj
disponibel	adj
disposition	noun
disputera	verb
dispyt	noun
diss	noun
dissad	adj
dissekera	verb
dissekerad	adj
dissekering	noun
dissonans	noun
distans	noun
distansarbetare	noun
distansera	verb
distanserad	adj
distansering	noun
distansminut	noun
distansundervisning	noun
distingerad	adj
distinkt	adj
distinktion	noun
distorsion	noun
distrahera	verb
distraherad	adj
distraktion	noun
distraktionsgranat	noun
distribuera	verb
distribuerad	adj
distribution	noun
distributiv	adj
distributör	noun
distrikt	noun
distriktsläkare	noun
distriktsordförande	noun
distriktsåklagare	noun
disträ	adj
dit	adv
dithän	adv
dito	adv
ditt	noun
dittan	noun
dittills	adv
ditåt	adv
div	noun
diva	noun
divalater	noun
divan	noun
divergens	noun
divergent	adj
divergera	verb
diverse	adj
diversifiera	verb
diversifiering	noun
dividend	noun
dividera	verb
dividerad	adj
division	noun
divisionstecken	noun
djibouti	name
djiboutier	noun
djiboutiska	noun
djinn	noun
djonk	noun
djungel	noun
djungelartad	adj
djungelområde	noun
djup	adj,noun
djupdyka	verb
djupdykning	noun
djupgående	adj,noun
djuphamn	noun
djuphav	noun
djuphavsborrning	noun
djuphavsdykare	noun
djuphavsfiske	noun
djuphet	noun
djuplod	noun
djuplodande	adj
djupröd	adj
djupsinne	noun
djupsinnig	adj
djupsinnighet	noun
djupsinnigt	adv
djupt	adv
djuptallrik	noun
djur	noun
djuraffär	noun
djurart	noun
djurförsök	noun
djurgården	name
djurhuvud	noun
djurisk	adj
djuriskhet	noun
djurläkare	noun
djurpark	noun
djurplågare	noun
djurplågeri	noun
djurrätt	noun
djurrättsaktivist	noun
djurrättsorganisation	noun
djursjukhus	noun
djurskydd	noun
djurskyddslag	noun
djurtandvård	noun
djäkne	noun
djärv	adj
djärvas	verb
djärvhet	noun
djävul	noun
djävulen	name
djävulsdyrkan	noun
djävulsdyrkare	noun
djävulsk	adj
djävulskt	adv
djävulstecken	noun
dm	noun
dn	name
dna	noun
dna-prov	noun
dna-test	noun
do	noun
dobb	noun
docent	noun
docera	verb
dock	adv
docka	noun,verb
dockad	adj
dockaktig	adj
dockhus	noun
dockmakare	noun
dockskåp	noun
dodekaeder	noun
doft	noun
dofta	verb
doftande	adj
doftgran	noun
doftlös	adj
doftrik	adj
dogg	noun
dogging	noun
dogm	noun
dogmatik	noun
dogmatiker	noun
dogmatisk	adj
dogmatiskt	adv
doket	noun
doketisk	adj
doketism	noun
doktor	noun
doktorand	noun
doktorandstipendium	noun
doktorera	verb
doktorsavhandling	noun
doktorsexamen	noun
doktorsgrad	noun
doktrin	noun
doktrinär	adj
dokument	noun
dokumentation	noun
dokumentera	verb
dokumenterad	adj
dokumentförstörare	noun
dokumentmall	noun
dokumentär	adj,noun
dokumentärfilm	noun
dokumentärfilmare	noun
dokusåpa	noun
dold	adj
dolk	noun
dolkstöt	noun
dolkstötslegend	noun
dolksvans	noun
dollar	noun
dollardiplomati	noun
dollartecken	noun
dolme	noun
dolparna	name
dom	name,noun
domarboken	name
domare	noun
domdera	verb
domedag	noun
domedagsmaskin	noun
domedagspredikan	noun
domedagsprofet	noun
domedagsskrollande	noun
domedagsväder	noun
domesticera	verb
domesticerad	adj
domesticering	noun
domestikrum	noun
domherre	noun
domina	noun
dominans	noun
dominant	adj,noun
dominatris	noun
dominatrix	noun
dominera	verb
dominerad	adj
dominerande	adj
dominica	name
dominikan	noun
dominikanska	noun
dominiker	noun
dominikiska	noun
domino	noun
dominobricka	noun
domkapitel	noun
domkraft	noun
domkyrka	noun
domna	verb
domning	noun
domprost	noun
domsaga	noun
domskäl	noun
domslut	noun
domsrätt	noun
domstol	noun
domstolsbeslut	noun
domstolsprocess	noun
domvilla	noun
domän	noun
don	noun
dona	verb
donald	name
donare	noun
donation	noun
donator	noun
donau	name
donera	verb
donerad	adj
donjuan	noun
donläge	noun
donlägig	adj
donna	noun
donut	noun
dop	noun
dopa	verb
dopaminerg	adj
dopfunt	noun
doping	noun
dopingbrott	noun
dopingmedel	noun
dopklänning	noun
dopnamn	noun
dopning	noun
dopningsbrott	noun
dopningsmedel	noun
dopningspreparat	noun
dopningsprov	noun
dopningsskandal	noun
dopningstest	noun
dopp	noun
doppa	verb
dopparedagen	noun
dopping	noun
dopplereffekt	noun
dopplerradar	noun
doppning	noun
doppvärmare	noun
doris	name
dormitorium	noun
dorotea	name
dos	noun
dosa	noun
dosera	verb
dosering	noun
dosett	noun
dosmätare	noun
dossier	noun
dotter	noun
dotterbarn	noun
dotterbolag	noun
dotterdotter	noun
dotterföretag	noun
dotterlig	adj
dotterson	noun
dotterspråk	noun
dov	adj
dovhet	noun
dovhjort	noun
dovkalv	noun
doyen	noun
dr	noun
dra	verb
drabant	noun
drabba	verb
drabbad	adj
drabbning	noun
drag	noun
dragare	noun
dragdjur	noun
dragfri	adj
dragg	noun
draghjälp	noun
draghål	noun
dragig	adj
dragkamp	noun
dragkedja	noun
draglok	noun
dragläge	noun
dragning	noun
dragningskraft	noun
dragon	noun
dragplåster	noun
dragskott	noun
dragspel	noun
dragspelare	noun
dragtvång	noun
drakblod	noun
drakblodsträd	noun
drakbåt	noun
drake	noun
drakhuvud	noun
drakkula	noun
drakonisk	adj
draksegel	noun
drakskepp	noun
draksådd	noun
drama	noun
dramakomedi	noun
dramaserie	noun
dramaten	noun
dramatik	noun
dramatiker	noun
dramatisera	verb
dramatisering	noun
dramatisk	adj
dramaturg	noun
dramaturgi	noun
drapa	noun
drapera	verb
draperi	noun
drastisk	adj
drav	noun
dravel	noun
dregel	noun
dregla	verb
dreja	verb
dressera	verb
dressin	noun
dressing	noun
dressyr	noun
drev	noun
dribbla	verb
dricka	noun,verb
drickbar	adj
dricks	noun
dricksglas	noun
drickspengar	noun
dricksvatten	noun
drift	noun
driftig	adj
driftighet	noun
driftkucku	noun
driftlarm	noun
driftskostnad	noun
driftstörning	noun
drilla	verb
drillsnäppa	noun
drink	noun
drinkpinne	noun
drista	verb
dristig	adj
dristighet	noun
driva	noun,verb
drivande	adj,noun
drivankare	noun
drivaxel	noun
driven	adj
driver	noun
drivgarnsfiske	noun
drivis	noun
drivkraft	noun
drivmedel	noun
drivmedelspris	noun
drivnät	noun
drivrutin	noun
drivved	noun
drog	noun
droga	verb
drogad	adj
droghandel	noun
drogkartell	noun
drogmissbruk	noun
drogpåverkad	adj
drograttfylla	noun
drograttfylleri	noun
drogtest	noun
dromedar	noun
dront	noun
dropp	noun
droppa	verb
droppe	noun
droppinfektion	noun
droppsten	noun
droppvis	adv
droska	noun
droskkusk	noun
drottning	noun
drottninglik	adj
drottningmoder	noun
drottningsylt	noun
drucken	adj
druckenhet	noun
druid	noun
druidisk	adj
drummel	noun
drunkna	verb
drunknad	adj
drunkning	noun
drunkningsolycka	noun
drunkningstillbud	noun
drus	noun
druser	noun
drusisk	adj
druva	noun
druvhagel	noun
druvig	adj
druvighet	noun
druvjuice	noun
druvklase	noun
druvsaft	noun
druvsocker	noun
druvsort	noun
dryck	noun
dryckenskap	noun
dryckeshorn	noun
dryckeskärl	noun
dryckeslag	noun
dryckesoffer	noun
dryckesvisa	noun
dryckjom	noun
dryfta	verb
dryftning	noun
dryg	adj
dryghet	noun
drypa	verb
drägel	noun
drägg	noun
dräglig	adj
dräglighet	noun
dräkt	noun
dräktig	adj
dräktighet	noun
dräktpolis	noun
drälla	verb
drämma	verb
dränage	noun
dränera	verb
dränerad	adj
dränering	noun
dräng	noun
dränka	verb
dränkbar	adj
dränkning	noun
dränkt	adj
dräpt	adj
drätselkammare	noun
dråp	noun
dråpförsök	noun
dråplig	adj
dråpslag	noun
drög	noun
dröja	verb
dröjsmål	noun
dröm	noun
drömd	adj
drömfri	adj
drömgräns	noun
drömhus	noun
drömjobb	noun
drömlik	adj
drömlös	adj
drömma	verb
drömmare	noun
drömmeri	noun
drömmil	noun
drömprins	noun
drömscenario	noun
drömsk	adj
drömstart	noun
drömsyn	noun
drömsömn	noun
drömvärld	noun
drönarattack	noun
drönare	noun
drönarliv	noun
drönarpilot	noun
drösvis	adv
dsm	pron
du	pron
dua	verb
dubaier	noun
dubb	noun
dubba	verb
dubbad	adj
dubbdäck	noun
dubbel	adj
dubbel-v	noun
dubbelalbum	noun
dubbelbeckasin	noun
dubbelbeskattningsavtal	noun
dubbelbindning	noun
dubbelblindtest	noun
dubbelchecka	verb
dubbeldäckare	noun
dubbelexponering	noun
dubbelfel	noun
dubbelfoting	noun
dubbelgångare	noun
dubbelhaka	noun
dubbelhet	noun
dubbelhoppa	verb
dubbelklick	noun
dubbelklicka	verb
dubbelkolla	verb
dubbellön	noun
dubbelmacka	noun
dubbelmoral	noun
dubbelmord	noun
dubbelmördare	noun
dubbelparkera	verb
dubbelpropellerplan	noun
dubbelrum	noun
dubbelspel	noun
dubbelspår	noun
dubbelspårig	adj
dubbelstjärna	noun
dubbelt	adv
dubbeltrampa	verb
dubbeltrast	noun
dubbeltydig	adj
dubbeltydighet	noun
dubbeltänk	noun
dubbelvikt	adj
dubbelörn	noun
dubbla	verb
dubblera	verb
dubblerad	adj
dubblering	noun
dubblett	noun
dubbling	noun
dubbning	noun
dubiös	adj
dublett	noun
dublon	noun
dubnium	noun
ducka	verb
duckning	noun
duell	noun
duellant	noun
duellera	verb
duellpistol	noun
duett	noun
duga	verb
dugg	noun
dugga	verb
duggregn	noun
duggregna	verb
duglig	adj
duglighet	noun
duk	noun
duka	verb
dukat	noun
dukning	noun
duktig	adj
duktighet	noun
duktigt	adv
dum	adj
dumbom	noun
dumdristig	adj
dumdristighet	noun
dumdryg	adj
dumdrygt	adv
dumdumkula	noun
dumhet	noun
dumhuvud	noun
dumpa	verb
dumper	noun
dumpning	noun
dumpstra	verb
dumpstring	noun
dumsnål	adj
dun	noun
dunder	noun
dundra	verb
dunge	noun
dunig	adj
dunjacka	noun
dunk	intj,noun
dunka	verb
dunkare	noun
dunkel	adj,noun
dunkelblå	adj
dunkelhet	noun
duns	noun
dunsa	verb
dunst	noun
dunsta	verb
duntäcke	noun
duo	noun
duodeciljon	num
dupera	verb
duplicera	verb
duplicerad	adj
duplicering	noun
dur	noun
durian	noun
durk	noun
durkdriven	adj
durkslag	noun
durumvete	noun
durå	intj
dusch	noun
duscha	verb
duschdraperi	noun
duschgel	noun
duschhörna	noun
duschkabin	noun
duschmunstycke	noun
duschning	noun
duschrum	noun
duskål	noun
dussin	noun
dust	noun
duva	noun,verb
duvaktig	adj
duven	adj
duvhök	noun
duvning	noun
duvslag	noun
duvslags	noun
duvunge	noun
dvala	noun
dvd	noun
dvd-spelare	noun
dvd-utgåva	noun
dvälja	verb
dvärg	noun
dvärgbeckasin	noun
dvärgflodhäst	noun
dvärgfoting	noun
dvärginna	noun
dvärgkanadagäss	noun
dvärgkanadagås	noun
dvärgmus	noun
dvärgmås	noun
dvärgmöss	noun
dvärgplanet	noun
dvärgpudel	noun
dvärgrördrom	noun
dvärgschimpans	noun
dvärgskarv	noun
dvärgsparv	noun
dvärgspov	noun
dvärgstjärna	noun
dvärgsumphöna	noun
dvärgsävsparv	noun
dvärgsångare	noun
dvärgväxt	noun
dy	noun
dyft	noun
dygd	noun
dygdemönster	noun
dygderik	adj
dygdetik	noun
dygdig	adj
dygdighet	noun
dygn	noun
dygnetruntberedskap	noun
dygnsrytm	noun
dyig	adj
dyk	noun
dyka	verb
dykardräkt	noun
dykare	noun
dykarklocka	noun
dykarsjuka	noun
dykarur	noun
dykdalb	noun
dykdräkt	noun
dykning	noun
dylik	adj
dymling	noun
dymmelonsdag	noun
dyn	noun
dyna	noun
dynamik	noun
dynamisk	adj
dynamit	noun
dynamitard	noun
dynamitgubbe	noun
dynasti	noun
dynga	noun
dynghög	noun
dyngig	adj
dyning	noun
dynvar	noun
dypöl	noun
dyr	adj
dyrbar	adj
dyrbarhet	noun
dyrgrip	noun
dyrk	noun
dyrka	verb
dyrkad	adj
dyrkan	noun
dyrkansvärd	adj
dyrkare	noun
dyrksäker	adj
dyrköpt	adj
dyrt	adv
dysenteri	noun
dysfori	noun
dysfunktion	noun
dysfunktionell	adj
dysgrafi	noun
dysgrafisk	adj
dyskalkyli	noun
dyskalkyliker	noun
dyskalkylisk	adj
dyslektiker	noun
dyslektisk	adj
dyslexi	noun
dysprosium	noun
dyster	adj
dysterhet	noun
dystopi	noun
dystopisk	adj
däck	noun
däcka	verb
däckshus	noun
däcksstol	noun
däggdjur	noun
dämma	verb
dämmare	noun
dämpa	verb
dämpad	adj
dämpare	noun
dänga	noun
där	adv,pron
däran	adv
därav	adv
därborta	adv
därefter	adv
däremellan	adv
däremot	adv
därest	conj
därför	adv,intj
därhemma	adv
därhän	adv
däri	adv
däribland	adv
därifrån	adv
därigenom	adv
därikring	adv
därinne	adv
därjämte	adv
därmed	adv
därnere	adv
därnäst	adv
därom	adv
däromkring	adv
därpå	adv
därstädes	adv
därtill	adv
därunder	adv
däruppe	adv
därute	adv
däruti	adv
därutöver	adv
därvid	adv
därvidlag	adv
däråt	adv
däröver	adv
däst	adj
däven	adj
dävert	noun
däxel	noun
då	adv,conj
dåd	noun
dålig	adj
dålighet	noun
dåligt	adv
dån	noun
dåna	verb
dårad	adj
dåraktig	adj
dåraktighet	noun
dåre	noun
dårhus	noun
dårhushjon	noun
dårskap	noun
dåsa	verb
dåsig	adj
dåsighet	noun
dåtida	adj
dåvarande	adj
dö	verb
döbattang	noun
död	adj,noun
döda	verb
dödad	adj
dödahavsrullarna	name
dödbok	noun
dödfrakt	noun
dödfödd	adj
dödförklara	verb
dödgrävare	noun
dödisgrop	noun
dödishåla	noun
dödlig	adj
dödlighet	noun
dödlighetssiffra	noun
dödläge	noun
dödmansgrepp	noun
dödsannons	noun
dödsattest	noun
dödsbevis	noun
dödsbo	noun
dödsbodelägare	noun
dödsbricka	noun
dödsbädd	noun
dödsdag	noun
dödsdom	noun
dödsdömd	adj
dödsfall	noun
dödsfiende	noun
dödsgud	noun
dödsgudinna	noun
dödshjälp	noun
dödshot	noun
dödskalle	noun
dödskamp	noun
dödsläger	noun
dödsmarsch	noun
dödsmetall	noun
dödsnotis	noun
dödsoffer	noun
dödsolycka	noun
dödsorsak	noun
dödspatrull	noun
dödsrike	noun
dödsruna	noun
dödsryckning	noun
dödssiffra	noun
dödsskjutning	noun
dödsskott	noun
dödsstraff	noun
dödsstöt	noun
dödssynd	noun
dödstal	noun
dödstrött	adj
dödstyst	adj
dödstystnad	noun
dödsängel	noun
dödsångest	noun
dödutrymme	noun
dödvikt	noun
dölja	verb
döma	verb
dömd	adj
döpa	verb
döpt	adj
dörarp	name
dörj	noun
dörja	verb
dörjning	noun
dörr	noun
dörrhandtag	noun
dörrkarm	noun
dörrklapp	noun
dörrklocka	noun
dörrknackare	noun
dörrknackning	noun
dörrlås	noun
dörrmatta	noun
dörrnyckel	noun
dörrvakt	noun
dörröppnare	noun
dörröppning	noun
dös	noun
dötid	noun
döttrar	noun
döv	adj
döva	verb
dövblind	adj
dövblindhet	noun
dövhet	noun
dövöra	noun
e	character
e-bok	noun
e-brev	noun
e-demokrati	noun
e-förvaltning	noun
e-handel	noun
e-kolv	noun
e-mail	noun
e-post	noun
e-postadress	noun
eau-de-vie	noun
ebb	noun
ebba	name,verb
ebbe	name
echelong	noun
ecklesiastikdepartementet	name
ecklesiastikminister	noun
ecuador	name
ecuadorian	noun
ecuadorianska	noun
ed	name,noun
eda	verb
edda	noun
eddie	name
eden	name
eders	pron
edinburgh	name
edit	name
editera	verb
editerad	adj
edith	name
edla	name
edmund	name
edsvuren	adj
edvard	name
edvin	name
eeg	name,noun
ef	name
efedrin	noun
efemär	adj
efesierbrevet	name
effekt	noun
effektbrytare	noun
effektfull	adj
effektfullhet	noun
effektförstärkare	noun
effektiv	adj
effektivisera	verb
effektiviserad	adj
effektivisering	noun
effektivitet	noun
effektivitetssynpunkt	noun
efflorescens	noun
efor	noun
efter	adj,adv,prep
efterapa	verb
efterarvinge	noun
efterbliven	adj
efterblivenhet	noun
efterbrännkammare	noun
efterbörd	noun
efterdatering	noun
efterdyning	noun
efterfest	noun
efterforska	verb
efterforskning	noun
efterfråga	verb
efterfrågad	adj
efterfrågan	noun
efterfrågestyrd	adj
efterföljande	adj
efterföljare	noun
efterföljd	noun
eftergift	noun
eftergiftspolitik	noun
eftergiven	adj
eftergivenhet	noun
eftergranskning	noun
efterhand	adv,noun
efterhandskonstruktion	noun
efterhängsen	adj
efterhärma	verb
efterklang	noun
efterklok	adj
efterkommande	adj
efterkonstruktion	noun
efterkorr	noun
efterkorrigering	noun
efterkrigshistoria	noun
efterkrigstid	noun
efterkälken	noun
efterleva	verb
efterlevande	adj
efterlevnad	noun
efterlikna	verb
efterlysa	verb
efterlysning	noun
efterlyst	adj
efterlämna	verb
efterlängtad	adj
eftermiddag	noun
eftermiddagsfika	noun
eftermiddagshandel	noun
eftermiddagskaffe	noun
eftermiddagsklubb	noun
eftermiddagslur	noun
eftermiddagspass	noun
eftermiddagsslummer	noun
eftermiddagstrafik	noun
eftermäle	noun
efternamn	noun
efterräkning	noun
efterrätt	noun
eftersatt	adj
efterskalv	noun
efterskott	noun
efterskänka	verb
eftersläntrare	noun
eftersmak	noun
eftersom	adv,conj
eftersommar	noun
efterspel	noun
eftersträva	verb
eftersträvad	adj
eftersträvansvärd	adj
eftersägare	noun
eftersätta	verb
eftersöka	verb
eftersökning	noun
eftersökt	adj
eftertanke	noun
eftertext	noun
eftertrakta	verb
eftertraktad	adj
eftertrupp	noun
eftertryck	noun
efterträda	verb
efterträdare	noun
eftertänksam	adj
efterverkan	noun
efterverkning	noun
eftervärld	noun
efterätt	noun
efteråt	adv
eg	name
egal	adj
egalitarism	noun
egalitär	adj
egen	adj,pron
egenart	noun
egenartad	adj
egenavgift	noun
egendom	noun
egendomlig	adj
egendomlighet	noun
egendomslös	adj
egendomslöshet	noun
egendomsrätt	noun
egendomsskada	noun
egenfunktion	noun
egenföretagare	noun
egenhet	noun
egenhändig	adj
egenintresse	noun
egenkontroll	noun
egenkär	adj
egenkärlek	noun
egenmäktig	adj
egenmäktighet	noun
egennamn	noun
egennytta	noun
egennyttig	adj
egenrum	noun
egenrättfärdig	adj
egenrättfärdighet	noun
egenrättfärdigt	adv
egensinne	noun
egensinnig	adj
egensinnighet	noun
egensinnigt	adv
egenskap	noun
egentlig	adj
egentligen	adv
egenvektor	noun
egenvilja	noun
egenvärde	noun
egenvård	noun
eget	adv
egg	noun
egga	verb
eggelse	noun
egna	pron
egnahem	noun
egnahemshus	noun
egnahemsrörelse	noun
egocentricitet	noun
egocentriker	noun
egocentrisk	adj
egoism	noun
egoist	noun
egoistisk	adj
egon	name
egypten	name
egyptier	noun
egyptisk	adj
egyptiska	noun
egyptolog	noun
egyptologi	noun
egyptologisk	adj
ehrling	name
einar	name
einsteinium	noun
eiss	noun
eivor	name
ej	adv
ejakulation	noun
ejakulera	verb
ejakulering	noun
ejder	noun
ejnar	name
ek	name,noun
eka	noun,verb
ekberg	name
ekdahl	name
ekdörr	noun
eke	noun
ekelöf	name
eker	noun
ekerlid	name
ekerö	name
ekfat	noun
ekfras	noun
ekholm	name
ekipage	noun
ekipera	verb
ekivok	adj
eklatant	adj
eklatera	verb
eklatering	noun
eklekticism	noun
eklektiker	noun
eklektisk	adj
ekliptika	noun
eklund	name
eklöf	name
ekmes	noun
eko	noun
ekobrott	noun
ekobrottsling	noun
ekokammare	noun
ekolali	noun
ekollon	noun
ekolod	noun
ekolodning	noun
ekolog	noun
ekologi	noun
ekologisk	adj
ekonom	noun
ekonomi	noun
ekonomipristagare	noun
ekonomiprogrammet	noun
ekonomisk	adj
ekonomiskt	adv
ekonomistyrning	noun
ekorre	noun
ekorrhjul	noun
ekosfär	noun
ekosystem	noun
ekoturism	noun
ekoturist	noun
ekoxe	noun
eksem	noun
ekström	name
eksångare	noun
ekträd	noun
ekumenik	noun
ekumenisk	adj
ekvation	noun
ekvationssystem	noun
ekvator	noun
ekvatorial	adj
ekvatorialguinea	name
ekvatorialguineanska	noun
ekvilibrist	noun
ekvivalens	noun
ekvivalent	adj,noun
el	noun
elak	adj
elakartad	adj
elakartat	adv
elakhet	noun
elasticitet	noun
elastisk	adj
elavbrott	noun
elbas	noun
elbehov	noun
elbil	noun
elboja	noun
elbolag	noun
elbrist	noun
elcentral	noun
elchock	noun
elcykel	noun
eld	noun
elda	verb
elddon	noun
elddop	noun
elddyrkan	noun
eldfarlig	adj
eldfast	adj
eldfasthet	noun
eldfluga	noun
eldfängd	adj
eldfängdhet	noun
eldgaffel	noun
eldgivning	noun
eldhandvapen	noun
eldhastighet	noun
eldhav	noun
eldig	adj
eldighet	noun
eldkastare	noun
eldklot	noun
eldkraft	noun
eldkula	noun
eldlinje	noun
eldning	noun
eldningsförbud	noun
eldprov	noun
eldriven	adj
eldsalamander	noun
eldsjäl	noun
eldslandet	name
eldslukare	noun
eldsländare	noun
eldsprutande	adj
eldstad	noun
eldstrid	noun
eldsvåda	noun
eldupphör	noun
eldupphöravtal	noun
eldvapen	noun
elefant	noun
elefanta	verb
elefantjakt	noun
elefantsjuka	noun
elefantöl	noun
elegant	adj,noun
elegi	noun
elektor	noun
elektorsröst	noun
elektricitet	noun
elektrifiera	verb
elektrifiering	noun
elektriker	noun
elektrisk	adj
elektrod	noun
elektrodynamik	noun
elektroencefalografi	noun
elektroencefalogram	noun
elektrofysik	noun
elektrokardiografi	noun
elektrokardiogram	noun
elektrokemi	noun
elektrolys	noun
elektrolyt	noun
elektromagnet	noun
elektromagnetisk	adj
elektromagnetism	noun
elektron	noun
elektronhjärna	noun
elektronik	noun
elektronikföretag	noun
elektronikindustri	noun
elektroniktillverkare	noun
elektronisk	adj
elektronskal	noun
elektronvolt	noun
elektroskop	noun
elektrostatik	noun
elektroteknik	noun
elektroteknisk	adj
element	noun
elementarladdning	noun
elementarpartikel	noun
elementär	adj
elementärt	adv
elena	name
elenergi	noun
eleonora	name
eleonorafalk	noun
elev	noun
elevator	noun
elevhem	noun
elfenben	noun
elfenbenshandel	noun
elfenbenskusten	name
elfenbenstorn	noun
elfiol	noun
elfte	adj
elftedel	noun
elföretag	noun
elgitarr	noun
elia	name
eliah	name
eliasson	name
elidera	verb
eliminera	verb
eliminerad	adj
eliminering	noun
elin	name
elina	name
elis	name
elisabet	name
elisabeth	name
elise	name
elit	noun
elitism	noun
elitistisk	adj
elitklubb	noun
elitserie	noun
elitstyrka	noun
elituniversitet	noun
elkabel	noun
elkonsumtion	noun
elkostnad	noun
elkraft	noun
ella	name
ellen	name
eller	conj,phrase
ellinor	name
elliot	name
ellips	noun
ellipsformad	adj
ellipsformig	adj
ellipsoid	noun
elliptisk	adj
elly	name
elmer	name
elmtaryd	name
elna	name
elnät	noun
elof	name
elorgel	noun
elpiano	noun
elpistol	noun
elpris	noun
elproducent	noun
elproduktion	noun
elr	conj
elritsa	noun
elräkning	noun
elsa	name
elsass	name
elscooter	noun
elsie	name
elskatt	noun
elskoter	noun
elskåp	noun
elsparkcykel	noun
elspis	noun
elstolpe	noun
elsy	name
elsystem	noun
elsäkerhet	noun
eltandborste	noun
eltejp	noun
eluttag	noun
elva	noun,num
elvahundratal	noun
elvakaffe	noun
elvatiden	noun
elvatusen	num
elvaårig	adj
elvaåring	noun
elverk	noun
elvira	name
elvisp	noun
elvy	name
elände	noun
eländig	adj
eländighet	noun
eländigt	adv
em	noun
emalj	noun
emaljöga	noun
emancipation	noun
emancipera	verb
emancipering	noun
emanera	verb
emanuel	name
emballage	noun
embargo	noun
embarkera	verb
embarkering	noun
embarkeringskort	noun
embla	name
emblem	noun
embonpoint	noun
embrasyr	noun
embryo	noun
embryologi	noun
embryonal	adj
emelie	name
emellan	adv,postp
emellanåt	adv
emellertid	adv
emetofili	noun
emfatisk	adj
emigrant	noun
emigration	noun
emigrationsfråga	noun
emigrera	verb
emigrerad	adj
emigrering	noun
emil	name
emilia	name
emily	name
emir	noun
emirat	noun
emiratier	noun
emissionslinje	noun
emittera	verb
emma	name
emmy	name
emo	noun
emoji	noun
emot	prep
emotionell	adj
emotionellt	adv
emotiv	adj
emotse	verb
empati	noun
empatisk	adj
empiri	noun
empiriker	noun
empiriokriticism	noun
empirisk	adj
empirism	noun
empyem	noun
empyreisk	adj
emrik	name
emu	noun
emulator	noun
emulera	verb
emulerad	adj
emulering	noun
emulgator	noun
emulgera	verb
emulgering	noun
emulgeringsmedel	noun
emulsion	noun
en	adv,article,noun,num,pron
ena	pron,verb
enad	adj
enahanda	adj
enaktare	noun
enar	name
enaresamiska	noun
enarmad	adj
enas	verb
enastående	adj
enbart	adv
enbent	adj
enbuske	noun
enbär	noun
encefalit	noun
encellig	adj
encyklopedi	noun
encyklopedisk	adj
encyklopedist	noun
enda	pron
endagskonferens	noun
endast	adv
ende	pron
endemisk	adj
endera	conj,pron
endimensionell	adj
endiv	noun
endogami	noun
endokrinolog	noun
endorfin	noun
endoskop	noun
endoskopi	noun
endoskopisk	adj
endoterm	adj
endotermisk	adj
endrin	noun
endräkt	noun
endå	adv
ene	noun,pron
energi	noun
energibolag	noun
energidryck	noun
energieffektiv	adj
energifråga	noun
energiintensiv	adj
energikaka	noun
energiknippe	noun
energikostnad	noun
energikris	noun
energikrävande	adj
energikälla	noun
energiminister	noun
energipolitik	noun
energipolitisk	adj
energipris	noun
energiproduktion	noun
energisektor	noun
energisk	adj
energiskatt	noun
energiskt	adv
energisnål	adj
energisystem	noun
energiteknik	noun
energivapen	noun
energiåtervinning	noun
enfald	noun
enfaldig	adj
enformig	adj
enformighet	noun
enfrågeparti	noun
enfärgad	adj
engagemang	noun
engagera	verb
engagerad	adj
engberg	name
engelbrekt	name
engelsk	adj
engelska	noun
engelsklärare	noun
engelskspråkig	adj
engelskt	adv
engelsktalande	adj
engelsman	noun
engifte	noun
engla	name
england	name
englund	name
engström	name
engångsartikel	noun
engångsbelopp	noun
engångsbidrag	noun
engångsföreteelse	noun
engångsgrill	noun
engångsintäkt	noun
engångskamera	noun
engångskasse	noun
engångskostnad	noun
engångsutgift	noun
enhet	noun
enhetlig	adj
enhetlighet	noun
enhetschef	noun
enhetscirkel	noun
enhetsmatris	noun
enhetsparti	noun
enhetsstat	noun
enhetsvektor	noun
enhjuling	noun
enhällig	adj
enhällighet	noun
enhänt	adj
enhörning	noun
enig	adj
enighet	noun
enkel	adj
enkelbeckasin	noun
enkelfoting	noun
enkelhet	noun
enkelrikta	verb
enkelriktad	adj
enkelrum	noun
enkelspår	noun
enkelspårig	adj
enkelströmsmotor	noun
enkelt	adv
enklav	noun
enkom	adv
enkrona	noun
enkät	noun
enkätfråga	noun
enkätstudie	noun
enkätundersökning	noun
enköping	name
enlighet	noun
enligt	prep
enmansföretag	noun
enmansvalkrets	noun
enontekis	name
enorm	adj
enpartistat	noun
enpartisystem	noun
ens	adv
ensam	adj
ensamarbete	noun
ensambarn	noun
ensamhet	noun
ensamstående	adj
ensamvarg	noun
ensartad	adj
ensemble	noun
ensidig	adj
ensidighet	noun
enskeppig	adj
enskild	adj
enskildhet	noun
enslig	adj
enslighet	noun
ensling	noun
enslinje	noun
enspråkig	adj
enspråkighet	noun
enstaka	adj
enstavig	adj
enstavighet	noun
enstjärnig	adj
enstörig	adj
enstörighet	noun
enstörigt	adv
enstöring	noun
ental	noun
entita	noun
entitet	noun
entlediga	verb
entledigad	adj
entomologisk	adj
entonig	adj
entonighet	noun
entreprenad	noun
entreprenör	noun
entreprenöriell	adj
entreprenörskap	noun
entresol	noun
entresolplan	noun
entropi	noun
enträgen	adj
enträgenhet	noun
enträget	adv
entusiasm	noun
entusiast	noun
entusiastisk	adj
entydig	adj
entydighet	noun
entydigt	adv
envar	pron
enveckasförsvar	noun
enveten	adj
envetet	adv
envig	noun
envis	adj
envisas	verb
envishet	noun
envälde	noun
enväldig	adj
envåldshärskare	noun
enzym	noun
enzymhämmare	noun
enäggstvilling	noun
enögd	adj
eolsharpa	noun
eon	noun
ep-skiva	noun
epa	name,noun
epa-dunk	noun
epatraktor	noun
epentes	noun
epicentrum	noun
epidemi	noun
epifys	noun
epifyt	noun
epiker	noun
epikureisk	adj
epikurism	noun
epilepsi	noun
epilog	noun
episk	adj
episkopal	adj
episkopat	noun
episod	noun
episodartad	adj
episodisk	adj
episodiskt	adv
epistel	noun
epistemologi	noun
epistemologisk	adj
epitet	noun
epok	noun
epokgörande	adj
eponym	noun
epos	noun
epålett	noun
era	noun,pron
erbarmlig	adj
erbium	noun
erbjuda	verb
erbjudande	noun
erbjuden	adj
erektion	noun
eremit	noun
eremitisk	adj
eremitkräfta	noun
eremitskogstrast	noun
erfara	verb
erfaren	adj
erfarenhet	noun
erforderlig	adj
erfordra	verb
ergodisk	adj
ergodteori	noun
ergonomi	noun
erhålla	verb
erhållen	adj
eric	name
erica	name
ericsson	name
erigerad	adj
erik	intj,name
erika	name
eriksgata	noun
eriksson	name
erinra	verb
erinrad	adj
erinran	noun
erinring	noun
erisäpple	noun
eritrea	name
eritrean	noun
eritreansk	adj
eritreanska	noun
erkänd	adj
erkänna	verb
erkännande	noun
erkännsam	adj
erkännsamhet	noun
erkänsla	noun
erkänt	adv
erland	name
erlander	name
erlandsson	name
erlenmeyerkolv	noun
erling	name
erlund	name
erlägga	verb
erna	name
ernst	name
erodera	verb
erodering	noun
erogen	adj
erotik	noun
erotisk	adj
erotiskt	adv
errata	noun
ers	pron
ersatt	adj
ersätta	verb
ersättare	noun
ersättning	noun
ersättningsbostad	noun
ersättningsbuss	noun
ersättningskrav	noun
ersättningsnivå	noun
ersättningsskyldig	adj
ersättningsskyldighet	noun
ersättningstak	noun
ersättningsvara	noun
ertappa	verb
erytrocyt	noun
erövra	verb
erövrad	adj
erövrare	noun
erövring	noun
erövringskrig	noun
esaias	name
esbjörn	name
esbo	name
eskalation	noun
eskalera	verb
eskalerad	adj
eskalering	noun
eskapad	noun
eskapism	noun
eskatologi	noun
eskatologisk	adj
eskil	name
eskilstuna	name
eskimå	noun
eskort	noun
eskortera	verb
eskorterad	adj
eskortfirma	noun
eskortflicka	noun
esoterisk	adj
esperanto	noun
esplanad	noun
espressomaskin	noun
esr	name
esra	name
ess	noun
esse	name,noun
esseisk	adj
esseism	noun
essens	noun
essentialism	noun
essentialist	noun
essentiell	adj
essä	noun
essäfråga	noun
essäist	noun
essäistik	noun
est	name,noun
ester	name,noun
estet	noun
estetik	noun
estetiker	noun
estetisera	verb
estetisk	adj
estland	name
estländare	noun
estnisk	adj
estniska	noun
estrad	noun
estraddebatt	noun
estrid	name
eswatini	name
eswatinier	noun
et-tecken	noun
etablera	verb
etablerad	adj
etablissemang	noun
etagevåning	noun
etan	noun
etanol	noun
etansyra	noun
etapp	noun
etapplopp	noun
etappseger	noun
etappvis	adv
etcetera	adv
eten	noun
eter	noun
eterisk	adj
etermedium	noun
etik	noun
etiker	noun
etikett	noun
etikettera	verb
etiketterad	adj
etikettering	noun
etiketteringsmaskin	noun
etikettsbrott	noun
etiologi	noun
etiopien	name
etiopier	noun
etiopiska	noun
etisera	verb
etisk	adj
etiskt	adv
etnicitet	noun
etnisk	adj
etniskt	adv
etnocentricitet	noun
etnocentrisk	adj
etnograf	noun
etnografi	noun
etnografisk	adj
etnolog	noun
etnologi	noun
etnologisk	adj
etologi	noun
etoxikin	noun
etrurien	name
etrusk	noun
etruskisk	adj
etruskologi	noun
etsa	verb
etseri	name
etsning	noun
ett	article,num
etta	noun
ettbarnspolitik	noun
ettecken	noun
etter	adv,noun
ettermyra	noun
ettgreppsblandare	noun
etthundra	num
etthundratal	noun
ettiden	noun
ettrig	adj
ettstruken	adj
ettöring	noun
etui	noun
etyd	noun
etylacetat	noun
etylalkohol	noun
etylen	noun
etymolog	noun
etymologi	noun
etymologisera	verb
etymologisk	adj
eu	name
eu-fråga	noun
eu-kommissionen	name
eu-migrant	noun
eu-minister	noun
eu-pall	noun
eudemonism	noun
eufemism	noun
eufoni	noun
eufori	noun
eugen	name
eugenia	name
eugeniker	noun
euhemerism	noun
euhemeristisk	adj
eukalyptus	noun
eukaristi	noun
eukaristisk	adj
euklides	name
euklidisk	adj
eumenid	noun
eunuck	noun
eurasien	name
eurasier	noun
euratom	name
euro	noun
eurocheck	noun
eurodance	noun
eurodisco	noun
eurokrat	noun
euroland	noun
euroomröstning	noun
europa	name
europaparlamentet	name
europaparlamentsval	noun
europaparlamentsvalsundersökning	noun
europe	noun
europeer	noun
europeisering	noun
europeisk	adj
europeiska	noun
europium	noun
eurozon	noun
eurytmi	noun
eutanasi	noun
eva	name
evakuera	verb
evakuering	noun
evakueringsorder	noun
evald	name
evaluera	verb
evaluerad	adj
evangelisera	verb
evangelisk	adj
evangelisk-luthersk	adj
evangelist	noun
evangelium	noun
evaporera	verb
evaporering	noun
eve	name
evelina	name
evenemang	noun
event	noun
eventualitet	noun
eventuell	adj
eventuellt	adv
evergreen	noun
evert	name
evertebrat	noun
evidensbaserad	adj
evig	adj
evighet	noun
evighetsmaskin	noun
evinnerlig	adj
evinnerligen	adv
evolution	noun
evolutionsbiolog	noun
evolutionsbiologi	noun
evolutionslära	noun
evolutionär	adj
evy	name
ewe	noun
exakt	adj
exakthet	noun
exakticitet	noun
exalterad	adj
examen	noun
examensarbete	noun
examensbeskrivning	noun
examensbevis	noun
examensceremoni	noun
excel	name
excellens	noun
excellera	verb
excentricitet	noun
excentriker	noun
excentrisk	adj
exceptionell	adj
exeges	noun
exeget	noun
exegetik	noun
exegetisk	adj
exekution	noun
exekutionspatrull	noun
exekutionspluton	noun
exekutivt	adv
exekvera	verb
exekverad	adj
exekvering	noun
exempel	noun
exempellös	adj
exempelvis	adv
exemplar	noun
exemplarisk	adj
exemplifiera	verb
exemplifierad	adj
exemplifiering	noun
exercis	noun
exfru	noun
exhalera	verb
exhibitionism	noun
exhibitionist	noun
exil	noun
exilregering	noun
existens	noun
existensberättiga	verb
existensberättigande	noun
existentialism	noun
existentiell	adj
existera	verb
existerande	adj
exkludera	verb
exkluderad	adj
exkludering	noun
exklusive	adv,prep
exklusivitet	noun
exkommunicera	verb
exkommunicering	noun
exkommunikation	noun
exkommunist	noun
exkommunistisk	adj
exkrement	noun
exmake	noun
exman	noun
exodus	name
exogami	noun
exorcist	noun
exoterisk	adj
exoterm	adj
exotermisk	adj
exotisera	verb
exotisk	adj
exotism	noun
expandera	verb
expanderad	adj
expansion	noun
expansionistisk	adj
expansiv	adj
expatriera	verb
expediera	verb
expedit	noun
expedition	noun
expeditionsavgift	noun
expeditionschef	noun
expektorera	verb
expektorerande	adj
expenser	noun
experiment	noun
experimentell	adj
experimentera	verb
experimentstadium	noun
expert	noun
expertgrupp	noun
expertis	noun
expertjury	noun
expertkommentator	noun
expertpanel	noun
expertutlåtande	noun
expertvittne	noun
explicera	verb
explicering	noun
explicit	adj,adv
explikation	noun
exploatera	verb
exploaterad	adj
exploaterbar	adj
exploatering	noun
exploatör	noun
explodera	verb
exploderad	adj
explosion	noun
explosionsartad	adj
explosionsmotor	noun
explosiv	adj
explosivitet	noun
exponent	noun
exponentialfunktion	noun
exponentialfördelning	noun
exponentiell	adj
exponentiellt	adv
exponentiering	noun
exponera	verb
exponerad	adj
exponering	noun
export	noun
exportera	verb
exporterad	adj
exportförbud	noun
exportkredit	noun
exportvara	noun
expresident	noun
expressivitet	noun
expresståg	noun
expropriera	verb
expropriering	noun
exstirpera	verb
exstirpering	noun
extas	noun
extatisk	adj
extensiv	adj
extenta	noun
exteriör	adj,noun
extern	adj
exterritorialitet	noun
extra	adj,adv
extraförmån	noun
extrahera	verb
extraherad	adj
extrahering	noun
extrainsatt	adj
extraknäck	noun
extraknäcka	verb
extrakt	noun
extramöte	noun
extranyckel	noun
extraordinär	adj
extrapolation	noun
extrapolera	verb
extrapolerad	adj
extrapolering	noun
extrapris	noun
extravagans	noun
extravagant	adj
extrem	adj
extremhöger	noun
extremism	noun
extremist	noun
extremistgrupp	noun
extremistisk	adj
extremitet	noun
extrempunkt	noun
extremsport	noun
extremt	adv
extremväder	noun
extremvänster	noun
extremvärde	noun
extrovert	adj
f	character
f-moll	noun
fabel	noun
fabelaktig	adj
fabricera	verb
fabricering	noun
fabrik	noun
fabrikat	noun
fabriksarbetare	noun
fabriksägare	noun
fabulera	verb
fabulös	adj
fabulöst	adv
facebook	name
facebooka	verb
facerape	noun
facerapea	verb
facett	noun
facettera	verb
facetterad	adj
facilitet	noun
facit	noun
fack	noun
fackavgift	noun
fackeltåg	noun
fackförbund	noun
fackförening	noun
fackföreningsledare	noun
fackklubb	noun
fackla	noun
facklig	adj
facklitteratur	noun
fackman	noun
fackmannamässig	adj
fackmedlem	noun
fackmässig	adj
fackordbok	noun
fackpamp	noun
fackspråk	noun
fackspråklig	adj
fackverk	noun
fadd	adj
fadder	noun
faddhet	noun
fader	name,noun
faderlig	adj
faderlös	adj
fadermord	noun
fadermördare	noun
fadersfigur	noun
fadersgestalt	noun
faderskap	noun
fadervår	name
fadäs	noun
fagerlund	name
fagertärn	name
fagott	noun
fagottist	noun
fajans	noun
fakir	noun
faksimilutgåva	noun
faktafel	noun
faktafylld	adj
faktagranskning	noun
faktakontroll	noun
faktamässig	adj
faktamässigt	adv
faktaruta	noun
faktasamling	noun
faktaunderlag	noun
faktauppgift	noun
fakticitet	noun
faktisk	adj
faktiskt	adv
faktor	noun
faktorisera	verb
faktoriserad	adj
faktoriserbar	adj
faktorisering	noun
faktum	noun
faktura	noun
fakturabelopp	noun
fakturera	verb
fakturerad	adj
fakultet	noun
fakultetsnämnd	noun
falafel	noun
falang	noun
falangstär	noun
falanstär	noun
falbjuda	verb
falk	noun
falkenberg	name
falkenerare	noun
falklandsöarna	name
falköping	name
fall	noun
falla	verb
fallen	adj
fallenhet	noun
fallera	intj,verb
fallfärdig	adj
fallgrop	noun
fallhöjd	noun
fallisk	adj
fallos	noun
fallossymbol	noun
fallrep	noun
fallskärm	noun
fallskärmsavtal	noun
fallskärmshopp	noun
fallskärmshoppare	noun
fallskärmshoppning	noun
fallskärmsjägare	noun
fallskärmssele	noun
fallskärmssoldat	noun
fallström	name
fallstudie	noun
fallucka	noun
falna	verb
falsarium	noun
falsett	noun
falsifiera	verb
falsifierad	adj
falsifierbar	adj
falsifiering	noun
falsk	adj
falskeligen	adv
falskhet	noun
falsklarm	noun
falskmyntare	noun
falskspel	noun
falskspelare	noun
falukorv	noun
falun	name
familj	noun
familjeband	noun
familjebildning	noun
familjebolag	noun
familjefilm	noun
familjeföretag	noun
familjegräl	noun
familjeklenod	noun
familjemedlem	noun
familjepizza	noun
familjeplanering	noun
familjerätt	noun
familjerättslig	adj
familjeterapi	noun
familjeträd	noun
famla	verb
famn	noun
famös	adj
fan	adv,intj,noun
fana	noun
fanatiker	noun
fanatisera	verb
fanatisk	adj
fanatism	noun
fanborg	noun
fanbärare	noun
fandango	noun
faner	noun
fanerogam	adj,noun
fanfar	noun
fanfaronad	noun
fanflykting	noun
fanjunkare	noun
fanklubb	noun
fanny	name
fantasi	noun
fantasieggande	adj
fantasifull	adj
fantasilös	adj
fantasilöshet	noun
fantasivärld	noun
fantasmagori	noun
fantast	noun
fantastisk	adj
fantasyroman	noun
fantisera	verb
fantom	noun
fantombild	noun
far	noun
fara	noun,verb
farad	noun
faraonisk	adj
farare	noun
farbarhet	noun
farbroderlighet	noun
farbror	noun
faren	noun
farfar	noun
farfarsfar	noun
farfarsmor	noun
farförälder	noun
fargalt	noun
farhåga	noun
farin	noun
farinsocker	noun
fariseisk	adj
fariseism	noun
farled	noun
farlig	adj
farlighet	noun
farligt	adv
farm	noun
farma	verb
farmaci	noun
farmakolog	noun
farmakologi	noun
farmakologisk	adj
farmare	noun
farmarliga	noun
farmor	noun
farmorsfar	noun
farmorsmor	noun
faroframkallande	adj,noun
farofylld	adj
farozon	noun
fars	noun
farsartad	adj
farsartat	adv
farsta	name
farstu	noun
farstubro	noun
farstukvist	noun
fart	noun
fartblindhet	noun
fartfylld	adj
fartglad	adj
fartgupp	noun
farthinder	noun
fartkamera	noun
fartlek	noun
fartrand	noun
fartyg	noun
fartygsbesättning	noun
fartygsregister	noun
fartökning	noun
farvatten	noun
farväl	intj,noun
fas	noun
fasa	noun,verb
fasad	noun
fasadklättrare	noun
fasan	noun
fasanbröst	noun
fasaneri	noun
fasansfull	adj
fasansfullt	adv
fascination	noun
fascinera	verb
fascinerad	adj
fascinerande	adj
fascism	noun
fascist	noun
fascistdiktatur	noun
fascistisk	adj
fascistiskt	adv
fascistregim	noun
fasen	noun
fasett	noun
fasettera	verb
fasetterad	adj
fasettöga	noun
fashionabel	adj
faslig	adj
fason	noun
fasrum	noun
fast	adj,adv,conj
fasta	noun,verb
faster	noun
fastetid	noun
fasthet	noun
fasthålla	verb
fasthållning	noun
fastighet	noun
fastighetsbestånd	noun
fastighetsbolag	noun
fastighetsmäklare	noun
fastighetsregister	noun
fastighetsskatt	noun
fastighetsägare	noun
fastlag	noun
fastlagsbulle	noun
fastlagsris	noun
fastlagssöndag	noun
fastland	noun
fastlandskina	name
fastlänning	noun
fastna	verb
fastslå	verb
fastställa	verb
fastställelse	noun
fastän	conj
fat	noun
fatal	adj
fatalism	noun
fatalist	noun
fatalistisk	adj
fatig	adj
fatighet	noun
fatkaraktär	noun
fatt	adv
fatta	verb
fattad	adj
fattbar	adj
fattig	adj
fattigdom	noun
fattighjon	noun
fattiglapp	noun
fattigmanskost	noun
fattning	noun
fatöl	noun
favorisera	verb
favoriserad	adj
favorisering	noun
favorit	noun
favoritförfattare	noun
favoritrecept	noun
favoritställe	noun
favorittippad	adj
favä	adv
favör	noun
fax	noun
faxnummer	noun
fe	noun
feber	noun
feberaktig	adj
feberdröm	noun
febrig	adj
febril	adj
februari	noun
februarilov	noun
federal	adj
federalistisk	adj
federation	noun
federera	verb
federerad	adj
fedora	noun
feelgoodfilm	noun
feeri	noun
feg	adj
feghet	noun
feja	verb
fejd	noun
fejkning	noun
fejsa	verb
fekal	adj
fekalia	noun
fekalier	noun
fel	adj,adv,noun
fela	verb
felaktig	adj
felaktighet	noun
felas	verb
felbar	adj
felbarhet	noun
felbedöma	verb
felbedömning	noun
felberäkning	noun
felcitera	verb
feldatera	verb
feldatering	noun
felfinnare	noun
felfinneri	noun
felfortplantning	noun
felfri	adj
felfrihet	noun
felicia	name
felix	name
felkalkylera	verb
felkalkylering	noun
felkälla	noun
felköna	verb
fellatio	noun
felläsning	noun
felmarginal	noun
felmeddelande	noun
felprioritering	noun
felprocent	noun
felringning	noun
felräkning	noun
felskjutning	noun
felskrivning	noun
felslagen	adj
felslut	noun
felstava	verb
felstavad	adj
felsteg	noun
felsägning	noun
felsökning	noun
feltolka	verb
feltolkning	noun
felvänd	adj
felöversättning	noun
fem	num
femetta	noun
femfemma	noun
femhundra	num
femhundralapp	noun
femhundratal	noun
femhundring	noun
feminazist	noun
feminin	adj
femininitet	noun
femininum	noun
feminisera	verb
feminisering	noun
feminism	noun
feminist	noun
feministisk	adj
femkampare	noun
femkantig	adj
femkrona	noun
femma	noun
femsetsmatch	noun
femskeppig	adj
femstjärnig	adj
femtal	noun
femte	num
femtedel	noun
femtegradsfunktion	noun
femtekolonn	noun
femtekolonnare	noun
femtiden	noun
femtielfte	adj
femtio	num
femtioelfte	adj
femtioelva	adj
femtioen	num
femtioett	num
femtiofem	num
femtiofyra	num
femtiolapp	noun
femtionde	adj
femtiondedel	noun
femtiondel	noun
femtionio	num
femtiosex	num
femtiosju	num
femtiosjunde	num
femtiotal	noun
femtiotre	num
femtiotvå	num
femtioårig	adj
femtioåring	noun
femtioåtta	num
femtioåttonde	adj
femtioöring	noun
femtiöring	noun
femton	num
femtonde	num
femtondedel	noun
femtondel	noun
femtonhundratal	noun
femtonårig	adj
femtonåring	noun
femtusen	num
femårig	adj
femåring	noun
femårsplan	noun
femöring	noun
fen	noun
fena	adj,noun
fenicien	name
fenicier	noun
fenix	name,noun
fenomen	noun
fenrir	name
fenris	name
fenrisulven	name
fensimning	noun
fentanyl	noun
fenylalanin	noun
feodal	adj
feodalisera	verb
feodalism	noun
feodalsamhälle	noun
ferdinand	name
ferm	name
fermentera	verb
fermenterad	adj
fermitet	noun
fermium	noun
fernissa	noun,verb
ferrimagnetisk	adj
ferrimagnetism	noun
ferromagnetisk	adj
ferromagnetism	noun
fertil	adj
fertilitetsklinik	noun
fess	noun
fest	noun
festa	verb
festdeltagare	noun
festival	noun
festivalbesökare	noun
festivalisering	noun
festivalområde	noun
festlig	adj
festlighet	noun
festmåltid	noun
festong	noun
festprisse	noun
feströkare	noun
fet	adj
feta	noun
fetbort	adv
fetisch	noun
fetischism	noun
fetischist	noun
fetknopp	noun
fetlagd	adj
fetma	noun
fetmaepidemi	noun
fett	noun
fettcell	noun
fetthalt	noun
fettinnehåll	noun
fettisdag	noun
fettisdagsbulle	noun
fettlever	noun
fettsnål	adj
fettsugning	noun
fettsyra	noun
fi	noun
fia	name
fial	noun
fianchettera	verb
fiasko	noun
fibbla	noun
fiber	noun
fiberoptik	noun
fiberoptisk	adj
fiberrik	adj
fibromyalgi	noun
ficka	noun
fickkniv	noun
ficklampa	noun
fickludd	noun
fickordbok	noun
fickparkera	verb
fickpeng	noun
fickplunta	noun
fickringning	noun
fickstöld	noun
ficktjuv	noun
fickur	noun
fiende	noun
fiendeland	noun
fiendesoldat	noun
fiendestyrka	noun
fiendskap	noun
fientlig	adj
fientlighet	noun
fiffig	adj
fiffighet	noun
fifl	noun
fifu	noun
figur	noun
figurativ	adj
figurera	verb
fiji	name,noun
fijian	noun
fijianska	noun
fik	noun
fika	noun,verb
fikabröd	noun
fikapaus	noun
fikarast	noun
fikarum	noun
fikasnö	noun
fikon	noun
fikonkaktus	noun
fikonlöv	noun
fikonträd	noun
fiktionalisering	noun
fiktiv	adj
fikus	noun
fil	name,noun
fila	verb
filad	adj
filantrop	noun
filantropi	noun
filantropisk	adj
filateli	noun
filatelist	noun
fildelare	noun
fildelning	noun
fildelningsprogram	noun
filea	verb
filem	name
filemonbrevet	name
filformat	noun
filial	noun
filibabba	intj
filip	intj,name
filipin	noun
filippa	name
filipperbrevet	name
filippinare	noun
filippinerna	name
filippinier	noun
filippinsk	adj
filippinska	noun
filippintörnskata	noun
filippos	name
fille	name
film	noun
filma	verb
filmad	adj
filmaffisch	noun
filmarbetare	noun
filmare	noun
filmatisera	verb
filmatisering	noun
filmbolag	noun
filmcensur	noun
filmföreställning	noun
filmhistoria	noun
filmhistorisk	adj
filmisk	adj
filmjölk	noun
filmklipp	noun
filmklubb	noun
filmkonst	noun
filmkritik	noun
filmkritiker	noun
filmkväll	noun
filmkännare	noun
filmmakare	noun
filmmanus	noun
filmning	noun
filmografi	noun
filmpremiär	noun
filmprojekt	noun
filmrecensent	noun
filmrecension	noun
filmregissör	noun
filmrulle	noun
filmsamling	noun
filmsekvens	noun
filmskapare	noun
filmskådespelare	noun
filmstjärna	noun
filmvetare	noun
filmvetenskap	noun
filmälskare	noun
filnamn	noun
filodeg	noun
filofax	noun
filosof	noun
filosofera	verb
filosofi	noun
filosofie	adj
filosofisk	adj
filt	noun
filtartad	adj
filter	noun
filterbubbla	noun
filtrera	verb
filtrerad	adj
filtrerbar	adj
filtrering	noun
filtsjöpung	noun
filtyp	noun
filur	noun
fimbulvinter	noun
fimp	noun
fimpa	verb
fin	adj
final	adj,noun
finalist	noun
finalmotståndare	noun
finans	noun
finansanalytiker	noun
finansbolag	noun
finansborgarråd	noun
finansdepartement	noun
finansföretag	noun
finansiell	adj
finansiera	verb
finansierad	adj
finansiering	noun
finansiär	noun
finanskris	noun
finansman	noun
finansmarknad	noun
finansmarknadsminister	noun
finansminister	noun
finansplan	noun
finanspolitik	noun
finanspolitisk	adj
finansrättslig	adj
finansråd	noun
finanssektor	noun
finansutskott	noun
finbageri	noun
finess	noun
finfördela	verb
finfördelning	noun
finger	noun
fingera	verb
fingeravtryck	noun
fingerborg	noun
fingerborgsblomma	noun
fingerfärdig	adj
fingerhål	noun
fingernagel	noun
fingerpulla	verb
fingerskiva	noun
fingerspets	noun
fingertopp	noun
fingertoppskänsla	noun
fingervante	noun
fingervisning	noun
fingra	verb
fingranska	verb
finhacka	verb
finhackad	adj
finhet	noun
finjustera	verb
finjustering	noun
fink	noun
finkamma	verb
finkamning	noun
finkel	noun
finkelolja	noun
finkem	noun
finkornig	adj
finkornighet	noun
finkänslig	adj
finkänslighet	noun
finland	name
finlandsbåt	noun
finlandsfärja	noun
finlandssvensk	adj,noun
finlandssvenska	noun
finlemmad	adj
finländare	noun
finländsk	adj
finländska	noun
finmalen	adj
finmaskig	adj
finna	verb
finne	noun
finnig	adj
finnjävel	noun
finnkamp	noun
finnveden	name
finpolera	verb
finpolering	noun
finporslin	noun
finputsa	verb
finriven	adj
finrum	noun
finsk	adj
finska	noun
finskhet	noun
finsko	noun
finskspråkig	adj
finsktalande	adj
finskuren	adj
finslipa	verb
finsmakare	noun
finspång	name
finstämd	adj
finstämdhet	noun
fint	noun
finta	verb
fintning	noun
finurlig	adj
finurlighet	noun
fiol	noun
fippla	verb
fira	verb
firad	adj
firande	noun
firma	noun
firmatecknare	noun
firning	noun
firnsnö	noun
fis	noun
fisa	verb
fisförnäm	adj
fisk	adv,noun
fiska	verb
fiskaffär	noun
fiskafänge	noun
fiskal	adj,noun
fiskare	noun
fiskarn	noun
fiskarna	name
fiskarns	noun
fiskart	noun
fiskbil	noun
fiskbulle	noun
fiskburgare	noun
fiske	noun
fiskebåt	noun
fiskekvot	noun
fiskelycka	noun
fiskeläge	noun
fiskenät	noun
fiskeredskap	noun
fiskespö	noun
fiskfoder	noun
fiskfälla	noun
fiskfärs	noun
fiskgaffel	noun
fiskgjuse	noun
fiskgratäng	noun
fiskhandel	noun
fiskhandlare	noun
fiskleverolja	noun
fisklim	noun
fiskmat	noun
fiskmjärde	noun
fiskmås	noun
fisknät	noun
fiskodlare	noun
fiskodling	noun
fiskolja	noun
fiskpinne	noun
fiskrens	noun
fiskrestaurang	noun
fisksoppa	noun
fiskstjärt	noun
fisksås	noun
fisktärna	noun
fiskyngel	noun
fiss	noun
fission	noun
fissur	noun
fistel	noun
fitta	intj,noun
fitthål	noun
fittnylle	noun
fittslem	noun
fittslick	noun
fix	adj,noun
fixa	verb
fixad	adj
fixera	verb
fixerad	adj
fixering	noun
fixpunkt	noun
fixstjärna	noun
fjant	noun
fjantig	adj
fjockla	verb
fjol	noun
fjolla	noun
fjollig	adj
fjollighet	noun
fjolår	noun
fjolårslöv	noun
fjor	noun
fjord	noun
fjorton	num
fjortonde	num
fjortondedel	noun
fjortondel	noun
fjortonhundratal	noun
fjortonårig	adj
fjortonåring	noun
fjun	noun
fjunig	adj
fjunmustasch	noun
fjutta	verb
fjäder	noun
fjäderboa	noun
fjäderboll	noun
fjäderbricka	noun
fjäderbuske	noun
fjäderdräkt	noun
fjäderfä	noun
fjäderfäavel	noun
fjädergräs	noun
fjädervikt	noun
fjäderviktare	noun
fjädra	verb
fjädring	noun
fjäll	name,noun
fjälla	verb
fjällabb	noun
fjällapa	noun
fjällgäss	noun
fjällgås	noun
fjällig	adj
fjällkedja	noun
fjällpipare	noun
fjällripa	noun
fjällräv	noun
fjällstuga	noun
fjälluggla	noun
fjällvandra	verb
fjällvandrare	noun
fjällvandring	noun
fjällvråk	noun
fjällämmel	noun
fjälster	noun
fjärd	noun
fjärde	num
fjärdedel	noun
fjärdedelsnot	noun
fjärdegradsfunktion	noun
fjärdingsman	noun
fjärdingsväg	noun
fjäril	noun
fjärilseffekt	name
fjärilsim	noun
fjärilslarv	noun
fjärilslik	adj
fjärilssamlare	noun
fjärilssättning	noun
fjärilsvinge	noun
fjärma	verb
fjärna	verb
fjärran	adj,adv,noun
fjärrkontroll	noun
fjärrskådare	noun
fjärrstyrd	adj
fjärrtåg	noun
fjärrvärme	noun
fjärrvärmeverk	noun
fjärt	noun
fjärta	verb
fjäsk	noun
fjäska	verb
fjäskare	noun
fjäskig	adj
fjäskighet	noun
fjätter	noun
fjättra	verb
fjättrad	adj
flabb	noun
flacka	verb
fladder	noun
fladdermus	noun
fladdra	verb
fladdrig	adj
fladdrighet	noun
flaga	noun,verb
flagell	noun
flagellant	noun
flagellera	verb
flagga	noun,verb
flaggman	noun
flaggskepp	noun
flaggskeppsbutik	noun
flaggstat	noun
flaggstång	noun
flagig	adj
flagna	verb
flak	noun
flakmoped	noun
flakong	noun
flambera	verb
flamenco	noun
flamingo	noun
flamländare	noun
flamländsk	adj
flamländska	noun
flamma	noun,verb
flammig	adj
flams	noun
flamsig	adj
flamsäker	adj
flandern	name
flanell	noun
flanellklädd	adj
flanera	verb
flank	noun
flankanfall	noun
flankera	verb
flanör	noun
flarn	noun
flaska	noun
flaskhals	noun
flaskpost	noun
flaskskepp	noun
flasköppnare	noun
flat	adj
flata	noun
flatfisk	noun
flatljus	noun
flatlus	noun
flatsida	noun
flatulens	noun
flaxa	verb
fleece	noun
flegma	noun
flegmatiker	noun
flegmatisk	adj
flen	name,noun
fler	adj
flera	det
flerbostadshus	noun
flercellig	adj
flerdubbla	verb
flerdubbling	noun
flerfaldig	adj
flerfamiljshus	noun
flergångskasse	noun
flerovium	noun
flerpartisystem	noun
flerpartival	noun
flersamhet	noun
flerskeppig	adj
flerspråkig	adj
flerspråkighet	noun
flerstavig	adj
flerstavighet	noun
flertal	noun
flervalsuppgift	noun
flexa	verb
flexibel	adj
flexibilitet	noun
flextid	noun
flicka	noun,verb
flickaktig	adj
flickaktighet	noun
flickebarn	noun
flickkör	noun
flicknamn	noun
flickpojke	noun
flickskola	noun
flickvän	noun
flight	noun
flik	noun
flimmer	noun
flimra	verb
flin	noun
flina	verb
fling	noun
flinga	noun
flink	adj
flinkhet	noun
flint	noun
flinta	noun
flintastek	noun
flintgods	noun
flintlås	noun
flintskalle	noun
flintskallig	adj
flintskallighet	noun
flintsten	noun
flippa	verb
flipper	noun
flipperspel	noun
flis	noun
flisa	noun,verb
flisig	adj
flismaskin	noun
flit	noun
flitig	adj
flo	name
flock	noun
flockas	verb
flockimmunitet	noun
flockmentalitet	noun
flockulering	noun
flod	noun
flodbank	noun
flodbädd	noun
flodbåt	noun
flodgud	noun
flodhäst	noun
flodkräfta	noun
flodslätt	noun
flodsångare	noun
flodvåg	noun
flogdrake	noun
flokig	adj
flopp	noun
floppa	verb
flor	noun
flora	noun
florens	name
florentinare	noun
florentinsk	adj
florera	verb
florett	noun
florist	noun
florsocker	noun
floskel	noun
floskulös	adj
flott	adj,adv,noun
flotta	noun,verb
flottare	noun
flottbas	noun
flotte	noun
flottig	adj
flottighet	noun
flottilj	noun
flottning	noun
flottningsmärke	noun
flottyr	noun
flottyrmunk	noun
flottyrring	noun
fluff	noun
fluffig	adj
fluffighet	noun
fluga	noun
flugfiskare	noun
flugfiske	noun
flugfälla	noun
fluglarv	noun
flugpapper	noun
flugsmälla	noun
flugsnappare	noun
flugspö	noun
flugsvamp	noun
flugvikt	noun
flugviktare	noun
fluiditet	noun
flukta	verb
fluktuation	noun
fluktuera	verb
fluktuering	noun
flum	noun
flummig	adj
flundra	noun
flundrefiske	noun
fluor	noun
fluorid	noun
fly	verb
flydd	adj
flyer	noun
flyfotad	adj
flyg	noun
flyga	verb
flyganfall	noun
flygangrepp	noun
flygare	noun
flygattack	noun
flygbas	noun
flygbasjägare	noun
flygbiljett	noun
flygblad	noun
flygbolag	noun
flygbomb	noun
flygbomba	verb
flygbombardemang	noun
flygbombning	noun
flygel	noun
flygfisk	noun
flygflottilj	noun
flygfylleri	noun
flygfä	noun
flygfält	noun
flygförbud	noun
flygförbudszon	noun
flygföretag	noun
flyghöna	noun
flygindustri	noun
flygkapare	noun
flygkapning	noun
flygkorridor	noun
flygkropp	noun
flyglarm	noun
flygledare	noun
flygledartorn	noun
flygledning	noun
flyglinje	noun
flygmekaniker	noun
flygmyra	noun
flygning	noun
flygolycka	noun
flygpassagerare	noun
flygplan	noun
flygplansflotta	noun
flygplanskapare	noun
flygplanskapning	noun
flygplanstillverkare	noun
flygplansvinge	noun
flygplats	noun
flygresa	noun
flygrutt	noun
flygräd	noun
flygrädd	adj
flygsand	noun
flygsjuka	noun
flygskam	noun
flygskatt	noun
flygstridskrafter	noun
flygstyrka	noun
flygteknik	noun
flygteknisk	adj
flygtorn	noun
flygtrafik	noun
flygtrafikledning	noun
flygunderstöd	noun
flyguppvisning	noun
flygvapen	noun
flygvärd	noun
flygvärdinna	noun
flyhänt	adj
flykt	noun
flyktbil	noun
flyktförsök	noun
flykthastighet	noun
flyktig	adj
flyktighet	noun
flykting	noun
flyktingamnesti	noun
flyktingbarn	noun
flyktingförläggning	noun
flyktinggrupp	noun
flyktinginvandring	noun
flyktingkatastrof	noun
flyktingkommissariat	noun
flyktingkommissarie	noun
flyktingkris	noun
flyktingkvot	noun
flyktingläger	noun
flyktingmottagande	noun
flyktingmottagning	noun
flyktingpolitik	noun
flyktingskäl	noun
flyktingslott	noun
flyktingsluss	noun
flyktingsmugglare	noun
flyktingsmuggling	noun
flyktingstatus	noun
flyktingström	noun
flyktingvåg	noun
flyktingärende	noun
flyta	verb
flytande	adj,adv
flytbrygga	noun
flytdocka	noun
flytdolme	noun
flytning	noun
flytt	noun
flytta	verb
flyttad	adj
flyttbarhet	noun
flyttblock	noun
flyttfirma	noun
flyttfågel	noun
flyttkartong	noun
flyttlass	noun
flyttlåda	noun
flyttning	noun
flyttrål	noun
flytväst	noun
fläck	noun
fläcka	verb
fläckborttagning	noun
fläckborttagningsmedel	noun
fläckdrillsnäppa	noun
fläckfri	adj
fläckig	adj
fläckighet	noun
fläcktyfus	noun
fläckvis	adj,adv
fläder	noun
fläderblomssaft	noun
flädermärg	noun
flädermärgskula	noun
fläka	verb
fläkt	noun
fläkta	verb
flämt	intj,noun
flämta	verb
flämtning	noun
flänga	verb
fläns	noun
flänsa	verb
flärd	noun
flärdfri	adj
flärdfrihet	noun
flärdfullhet	noun
flärdlös	adj
flärp	noun
flärpa	noun
fläsk	noun
fläskfärs	noun
fläskig	adj
fläskkorv	noun
fläskkotlett	noun
fläskkött	noun
fläsklägg	noun
fläskpannkaka	noun
fläsksvål	noun
fläta	noun,verb
flå	verb
flås	noun
flåsa	verb
flåshurtig	adj
flåsig	adj
flåsning	noun
flöda	verb
flöde	noun
flödesdiagram	noun
flödesplan	noun
flödesschema	noun
flödestäthet	noun
flöjel	noun
flöjt	noun
flöjtblåsare	noun
flöjtist	noun
flöjtlik	adj
flöjtspelare	noun
flört	noun
flörta	verb
flörtande	noun
flörtig	adj
flörtighet	noun
flöte	noun
fm	noun
fn	name
fn-styrka	noun
fnask	noun
fnaska	verb
fniss	intj,noun
fnissa	verb
fnissig	adj
fnissning	noun
fnitter	noun
fnittra	verb
fnittrig	adj
fnittring	noun
fnurra	noun
fnys	intj,noun
fnysa	verb
fnysning	noun
fnöske	noun
fnöskticka	noun
fobi	noun
fobiker	noun
fobisk	adj
foder	noun
foderblad	noun
foderlusern	noun
fodra	verb
fodral	noun
fodring	noun
fog	noun
foga	verb
fogde	noun
foge-s	noun
foglig	adj
foglighet	noun
fogsam	adj
fogsvans	noun
fokka	verb
fokus	noun
fokusera	verb
fokuserad	adj
fokusgrupp	noun
folder	noun
folie	noun
foliehatt	noun
folk	noun
folkbibliotek	noun
folkbildare	noun
folkbildning	noun
folkbokföra	verb
folkbokförd	adj
folkbokföring	noun
folkbokföringsregister	noun
folkdjup	noun
folkdräkt	noun
folke	name
folketymologi	noun
folketymologisk	adj
folkförflyttning	noun
folkgrupp	noun
folkhem	noun
folkhop	noun
folkhälsa	noun
folkhälsominister	noun
folkhögskola	noun
folkilsken	adj
folkkommun	noun
folkkonjak	noun
folkkär	adj
folkkärt	adv
folklig	adj
folkliv	noun
folklivsforskare	noun
folklivsforskning	noun
folklore	noun
folklynne	noun
folkmassa	noun
folkminne	noun
folkminskning	noun
folkmord	noun
folkmun	noun
folkmusik	noun
folkmängd	noun
folkmördare	noun
folkomröstning	noun
folkparti	noun
folkpartiet	name
folkpartist	noun
folkrepublik	noun
folkrik	adj
folkrikt	adv
folkrock	noun
folkräkning	noun
folkrätt	noun
folkrättsbrott	noun
folkrättsexpert	noun
folkrättslig	adj
folkrättsvidrig	adj
folkrörelse	noun
folksaga	noun
folksamling	noun
folkskara	noun
folkskola	noun
folkskygg	adj
folkslag	noun
folkstam	noun
folkstorm	noun
folkstyre	noun
folktom	adj
folktribun	noun
folktro	noun
folktät	adj
folktäthet	noun
folkuppviglare	noun
folkvald	adj
folkvett	noun
folkvilja	noun
folkvisa	noun
folkökning	noun
folköl	noun
fond	noun
fondförvaltare	noun
fondförvaltning	noun
fondue	noun
fonemsammanfall	noun
fonemsplittring	noun
fonetik	noun
fonetiker	noun
fonolog	noun
fonologi	noun
fonon	noun
font	noun
fontanell	noun
fontelius	name
fontän	noun
fontänorgasm	noun
football	noun
foppatoffel	noun
fora	noun
forcera	verb
forcerad	adj
fordom	adv
fordon	noun
fordonskontroll	noun
fordonsägare	noun
fordra	verb
fordran	noun
fordrande	adj
fordringsfull	adj
fordringsägare	noun
forechecka	verb
forecheckning	noun
forell	noun
forellfiske	noun
forensik	noun
forensisk	adj
forint	noun
form	noun
forma	verb
formad	adj
formaldehyd	noun
formalisera	verb
formaliserad	adj
format	noun
formatera	verb
formaterad	adj
formatering	noun
formation	noun
formativ	adj
formatmall	noun
formel	noun
formelartad	adj
formell	adj
formellist	noun
formfranska	noun
formfulländad	adj
formge	verb
formgivare	noun
formgivning	noun
formidabel	adj
formkrav	noun
formlig	adj
formligen	adv
formlös	adj
formlöshet	noun
formmässig	adj
formspråk	noun
formulera	verb
formulerad	adj
formulering	noun
formulär	noun
forn	adj
fornborg	noun
fornengelska	noun
fornforskare	noun
fornfranska	noun
forngrekisk	adj
fornhögtyska	noun
fornkunskap	noun
fornlämning	noun
fornminne	noun
fornnordisk	adj
fornnordiska	noun
fornromersk	adj
fornstor	adj
fornsvenska	noun
forntid	noun
forntida	adj
fornvästnordiska	noun
fornöstnordiska	noun
fors	noun
forsa	verb
forsberg	name
forska	verb
forskarassistent	noun
forskare	noun
forskarlag	noun
forskarnivå	noun
forskarstipendium	noun
forskarutbildning	noun
forskning	noun
forskningsanläggning	noun
forskningsanslag	noun
forskningsbibliotek	noun
forskningsbidrag	noun
forskningsetik	noun
forskningsetisk	adj
forskningsfrihet	noun
forskningsgrupp	noun
forskningsinstitut	noun
forskningslaboratorium	noun
forskningsminister	noun
forskningsprofessor	noun
forskningsprojekt	noun
forskningsproposition	noun
forskningsrapport	noun
forskningsresultat	noun
forskningsråd	noun
forskningssed	noun
forskningsstation	noun
forsla	verb
forsman	name
forsränning	noun
forssell	name
forsström	name
forstmästare	noun
forsärla	noun
fort	adv,noun
forta	verb
fortbestå	verb
fortbestånd	noun
fortbilda	verb
fortbildning	noun
forte	adv,noun
fortepiano	adv,noun
fortfarande	adv
fortgå	verb
fortgång	noun
fortifiera	verb
fortifikation	noun
fortissimo	adv,noun
fortkörning	noun
fortleva	verb
fortlevnad	noun
fortlöpa	verb
fortlöpande	adj,adv
fortplanta	verb
fortplantad	adj
fortplantning	noun
fortplantningsorgan	noun
forts	noun
fortsatt	adj
fortskaffningsmedel	noun
fortskrida	verb
fortsätta	verb
fortsättning	noun
fortsättningsvis	adv
forum	noun
forward	noun
fosfat	noun
fosfor	noun
fosforescera	verb
fosforsken	noun
fosforsyra	noun
fosgen	noun
fossil	adj,noun
fossilfri	adj
fossilisering	noun
foster	noun
fosterbarn	noun
fosterdiagnostik	noun
fosterdotter	noun
fosterfar	noun
fosterland	noun
fosterlandsförrädare	noun
fosterlandskärlek	noun
fosterlandsvän	noun
fosterlandsälskande	adj
fostermor	noun
fosterskada	noun
fosterson	noun
fosterstadium	noun
fostersyster	noun
fostervatten	noun
fostra	verb
fostran	noun
fot	noun
fotangel	noun
fotarbete	noun
fotavtryck	noun
fotbad	noun
fotboja	noun
fotboll	noun
fotbollsarena	noun
fotbollsdomare	noun
fotbollsförbund	noun
fotbollsförening	noun
fotbollshuligan	noun
fotbollshuliganism	noun
fotbollsklubb	noun
fotbollslag	noun
fotbollslandskamp	noun
fotbollslandslag	noun
fotbollsliga	noun
fotbollsmatch	noun
fotbollsmål	noun
fotbollsmålvakt	noun
fotbollsplan	noun
fotbollsproffs	noun
fotbollspublik	noun
fotbollssko	noun
fotbollsspelare	noun
fotbollsstadion	noun
fotbollsstjärna	noun
fotbollssupporter	noun
fotbollstränare	noun
fotbollsturnering	noun
fotfetisch	noun
fotfetischism	noun
fotfetischist	noun
fotfolk	noun
fotfäste	noun
fotgängare	noun
fotknöl	noun
fotled	noun
fotnot	noun
foto	noun
fotoalbum	noun
fotoelektricitet	noun
fotofobi	noun
fotoförbud	noun
fotogen	noun
fotogenisk	adj
fotogenlampa	noun
fotograf	noun
fotografera	verb
fotograferad	adj
fotografering	noun
fotografi	noun
fotografisk	adj
fotokonfrontation	noun
fotometri	noun
fotomodell	noun
foton	noun
fotorealism	noun
fotorealistisk	adj
fotosyntes	noun
fotpinne	noun
fotriktig	adj
fotsack	noun
fotsax	noun
fotsid	adj
fotsoldat	noun
fotspår	noun
fotsteg	noun
fotsula	noun
fotsvamp	noun
fotsvett	noun
fotvalv	noun
fotvård	noun
fotvårdare	noun
fotända	noun
fotölj	noun
foula	verb
fourierserie	noun
fouriertransform	noun
foxterrier	noun
foxtrot	noun
fpat	noun
fra	name
frack	noun
fradga	noun,verb
fradgig	adj
frag	noun
fragga	verb
fragment	noun
fragmentera	verb
fragmenterad	adj
fragmentering	noun
fragmentisera	verb
fragmentisering	noun
frakt	noun
frakta	verb
fraktal	adj,noun
fraktcontainer	noun
fraktfartyg	noun
fraktgods	noun
fraktion	noun
fraktsedel	noun
fraktur	noun
fram	adv
framaxel	noun
framben	noun
frambragd	adj
frambringa	verb
frambringad	adj
framdel	noun
framdeles	adv
framfall	noun
framfart	noun
framficka	noun
framfot	noun
framfusig	adj
framfusighet	noun
framför	adv,prep
framföra	verb
framförallt	adv
framförande	noun
framförhållning	noun
framförvarande	adj
framgent	adv
framgå	verb
framgång	noun
framgångsfaktor	noun
framgångsrik	adj
framgångssaga	noun
framhärda	verb
framhäva	verb
framhålla	verb
framifrån	adv
framkalla	verb
framkallad	adj
framkallning	noun
framkant	noun
framkomlig	adj
framkomlighet	noun
framkomma	verb
framkomst	noun
framkomsttid	noun
framkomstväg	noun
framledes	adv
framlykta	noun
framlägga	verb
framlänges	adv
frammana	verb
framme	adv
frampå	adv,prep
framrycka	verb
framryckning	noun
framsida	noun
framskjutande	adj
framskjuten	adj
framskrida	verb
framskriden	adj
framskrivning	noun
framsteg	noun
framstupa	adj,adv
framställa	verb
framställning	noun
framstå	verb
framstående	adj
framsynt	adj
framsynthet	noun
framsäte	noun
framtass	noun
framtid	noun
framtida	adj
framtidsforskare	noun
framtidsstudium	noun
framtidstro	noun
framtidsutsikt	noun
framtona	verb
framtoning	noun
framträda	verb
framträdande	adj,noun
framtvinga	verb
framtvingad	adj
framvagn	noun
framväxt	noun
framåt	adj,adv,prep
framåtkompatibel	adj
framåtskrida	verb
framåtskridande	noun
framöver	adv
franchise	noun
franchisetagare	noun
franchising	noun
francium	noun
frank	name
franken	name
frankera	verb
frankfurt	name
frankhet	noun
frankofil	adj,noun
frankofob	adj,noun
frankrike	name
frans	name,noun
fransig	adj
fransk	adj
franska	noun
franskbröd	noun
franskspråkig	adj
fransktalande	adj
fransman	noun
fransson	name
fransyska	noun
frappant	adj
frappera	verb
fras	noun
frasa	verb
frasera	verb
fraserad	adj
frasig	adj
frasmakare	noun
frasmakeri	noun
frasradikal	adj,noun
frasse	name
fraternisera	verb
fraternisering	noun
fre	noun
fred	name,noun
freda	verb
fredag	noun
fredagskväll	noun
fredagsmys	noun
fredde	name
freddy	name
fredlig	adj
fredlighet	noun
fredlös	adj
fredlöshet	noun
fredrik	name
fredrika	name
fredriksson	name
fredsaktivist	noun
fredsavtal	noun
fredsbevarande	adj
fredsdomare	noun
fredsduva	noun
fredsforskare	noun
fredsforskning	noun
fredsfördrag	noun
fredsförening	noun
fredsförhandlare	noun
fredsförhandling	noun
fredsförslag	noun
fredsinsats	noun
fredskonferens	noun
fredskongress	noun
fredsmäklare	noun
fredsmöte	noun
fredsorganisation	noun
fredspipa	noun
fredsplan	noun
fredspris	noun
fredspristagare	noun
fredsrörelse	noun
fredssamtal	noun
fredsstiftare	noun
fredstecken	noun
fredstid	noun
fredsverk	noun
freestyle	noun
fregatt	noun
fregattfågel	noun
frej	name
freja	name
frejdad	adj
frejdig	adj
frekvens	noun
frekvensmodulering	noun
frekventera	verb
frekventering	noun
frenolog	noun
frenologi	noun
frenologisk	adj
fresta	verb
frestande	adj
frestelse	noun
fresterska	noun
fri	adj
fria	verb
friad	adj
friare	noun
fribiljett	noun
fribrottare	noun
fribrottning	noun
fribytare	noun
frid	name,noun
frida	name
frideborg	name
fridfull	adj
fridfullhet	noun
fridfullt	adv
fridlysa	verb
fridlyst	adj
fridolf	name
fridsam	adj
fridsamhet	noun
fridskränkning	noun
fridstörare	noun
fridyka	verb
fridykare	noun
fridykning	noun
frige	verb
frigg	name
friggebod	noun
frigiditet	noun
frigivning	noun
frigjordhet	noun
frigolit	noun
frigöra	verb
frigörelse	noun
frihamn	noun
frihandel	noun
frihandelsavtal	noun
frihandelsområde	noun
frihandelssammanslutning	noun
frihandelszon	noun
frihet	noun
frihetlig	adj
frihetsberöva	verb
frihetsberövad	adj
frihetsberövande	noun
frihetsgrad	noun
frihetsgudinna	noun
frihetsinskränkning	noun
frihetskamp	noun
frihetskrig	noun
frihetskämpe	noun
frihetslidelse	noun
frihetssymbol	noun
frihetsvärdering	noun
friidrott	noun
friidrottare	noun
friidrottsarena	noun
friidrottsförbund	noun
friidrottsgren	noun
friidrottslandslag	noun
friidrottsstjärna	noun
friidrottstränare	noun
friidrottstävling	noun
frikadell	noun
frikalla	verb
frikallelse	noun
frikast	noun
frikativa	noun
frikort	noun
frikostig	adj
frikostighet	noun
friktion	noun
friktionselektricitet	noun
friktionsfri	adj
frikyrka	noun
frikyrklig	adj
frikänna	verb
frikår	noun
friland	noun
frilans	noun
frilansa	verb
frilansare	noun
frilansjournalist	noun
friluftsliv	noun
friluftsmuseum	noun
friluftsmänniska	noun
friluftsområde	noun
friman	name
frimodig	adj
frimodighet	noun
frimodigt	adv
frimurare	noun
frimureri	noun
frimärke	noun
frimärkerna	noun
frimärkssamlare	noun
frimärkssamling	noun
frimärksvalör	noun
fripassagerare	noun
frireligiös	adj
fris	noun
frisbee	noun
frisbeegolf	noun
frisera	verb
frisersalong	noun
frisim	noun
frisinnad	adj
frisinthet	noun
frisiska	noun
frisk	adj,name
friskhet	noun
friskhetstecken	noun
friskna	verb
friskola	noun
friskriva	verb
friskrivning	noun
friskrivningsklausul	noun
frisksport	noun
friskvård	noun
frisläppa	verb
frispark	noun
frispel	noun
frispråkig	adj
frispråkighet	noun
frist	noun
fristad	noun
fristil	noun
fristilare	noun
fristilsbrottning	noun
friställa	verb
fristående	adj
frisyr	noun
frisör	noun
frisörska	noun
frisörstol	noun
frita	verb
fritagning	noun
fritagningsförsök	noun
fritera	verb
fritering	noun
fritid	noun
fritidsfiskare	noun
fritidsfiske	noun
fritidsgård	noun
fritidshem	noun
fritidshusområde	noun
fritidspolitiker	noun
fritiof	name
fritis	noun
fritjof	name
fritt	adv
frityr	noun
frityrsmet	noun
fritänkare	noun
fritös	noun
frivillig	adj,noun
frivilligarbetare	noun
frivillighet	noun
frivilliginsats	noun
frivilligt	adv
frivolitet	noun
frodas	verb
frodig	adj
from	adj
fromhet	noun
fromla	verb
fromleri	noun
fromsint	adj
fromsinthet	noun
frondör	noun
front	noun
frontal	adj
frontalangrepp	noun
frontalattack	noun
frontalkollidera	verb
frontalkollision	noun
frontalkrock	noun
frontalkrocka	verb
frontallob	noun
frontespis	noun
frontlastare	noun
frontlinje	noun
fronton	noun
frossa	noun,verb
frossare	noun
frosseri	noun
frost	noun
frostbiten	adj
frosthalka	noun
frostig	adj
frostighet	noun
frostnatt	noun
frostskada	noun
frottera	verb
fru	noun
frukost	noun
frukostbricka	noun
frukostflinga	noun
frukt	noun
frukta	verb
fruktan	noun
fruktansvärd	adj
fruktbar	adj
fruktbarhet	noun
fruktbarhetsgud	noun
fruktbarhetsgudinna	noun
fruktfluga	noun
frukthandlare	noun
fruktighet	noun
fruktigt	adv
fruktkorg	noun
fruktkräm	noun
fruktkött	noun
fruktlös	adj
fruktlöshet	noun
fruktos	noun
fruktplockare	noun
fruktsallad	noun
fruktsam	adj
fruktsamhet	noun
fruktskivare	noun
fruktskål	noun
fruktsocker	noun
fruktträd	noun
fruktämne	noun
frunch	noun
fruntimmerskarl	noun
fruntimmersveckan	noun
frusen	adj
frusenhet	noun
frusta	verb
frustration	noun
frustrera	verb
frustrerad	adj
frustrerande	adj
frygien	name
fryntlig	adj
fryntlighet	noun
frys	noun
frysa	verb
frysbar	adj
frysbox	noun
frysfack	noun
fryshus	noun
fryspunkt	noun
fryspåse	noun
frystorka	verb
frystorkning	noun
fräck	adj
fräckhet	noun
fräkne	noun
fräknig	adj
fräknighet	noun
frälsa	verb
frälsare	noun
frälsarkrans	noun
frälse	adj,noun
frälsning	noun
frälsningssoldat	noun
frälst	adj
främja	verb
främjande	adj,noun
främling	noun
främlingsfientlig	adj
främlingsfientlighet	noun
främlingskap	noun
främlingslegion	noun
främlingslegionär	noun
främmande	adj,noun
främre	adj
främreasiatisk	adj
främst	adv
främsta	adj
främste	adj
frän	adj
frände	noun
fränhet	noun
fräs	noun
fräsa	verb
fräsch	adj
fräschhet	noun
fräschör	noun
fräsning	noun
fräta	verb
frätt	adj
frätte	adj
fråga	noun,verb
frågekomplex	noun
frågelåda	noun
frågeord	noun
frågesport	noun
frågesportprogram	noun
frågeställare	noun
frågeställning	noun
frågetecken	noun
frågvis	adj
frågvishet	noun
från	prep
frånfälle	noun
frångänglighet	noun
frångå	verb
frångående	noun
frånhända	verb
frånlandsvind	noun
frånse	verb
frånsida	noun
frånskild	adj
frånstötande	adj
frånsäga	verb
frånta	verb
frånträda	verb
frånvara	verb
frånvarande	adj
frånvaro	noun
frånvända	verb
frö	noun
fröhandel	noun
fröhandlare	noun
fröjd	noun
fröjdas	verb
frökapsel	noun
fröken	noun
frölunda	name
frövita	noun
fröväxt	noun
fröätare	noun
ftalat	noun
ftp	intj,noun
fu	noun
fubbick	noun
fuga	noun
fukt	noun
fukta	verb
fuktgivande	adj
fuktig	adj
fuktighet	noun
fuktighetskräm	noun
fuktighetsmätare	noun
fuktkräm	noun
fuktning	noun
ful	adj
fulhack	noun
fulhet	noun
fuling	noun
full	adj
fullastad	adj
fullbelagd	adj
fullblod	noun
fullblodig	adj
fullbokad	adj
fullborda	verb
fullbordad	adj
fullbordan	noun
fullfjädrad	adj
fullfölja	verb
fullgjord	adj
fullgod	adj
fullgången	adj
fullgöra	verb
fullgörelse	noun
fullhet	noun
fullkomlig	adj
fullkomligen	adv
fullkomlighet	noun
fullkomligt	adv
fullkorn	noun
fullkornsbröd	noun
fullkornsmjöl	noun
fullkornsvetemjöl	noun
fullmakt	noun
fullmaktsgivare	noun
fullmaktshavare	noun
fullmaktsinnehavare	noun
fullmaktstagare	noun
fullmäktig	adj,noun
fullmåne	noun
fullo	noun
fullpoängare	noun
fullproppad	adj
fullriggare	noun
fullsatt	adj
fullskalig	adj
fullstor	adj
fullständig	adj
fullständighet	noun
fullständigt	adv
fullt	adv
fulltonig	adj
fulltonighet	noun
fullträff	noun
fullvärdig	adj
fullända	verb
fulländad	adj
fulländning	noun
fullödig	adj
fullödighet	noun
fulsnygg	adj
fumla	verb
fumlig	adj
fumlighet	noun
fundamental	adj
fundamentalism	noun
fundamentalist	noun
fundamentalistisk	adj
fundera	verb
funderare	noun
fundering	noun
fundersam	adj
fundersamhet	noun
fungera	verb
fungerande	adj
funkofobi	noun
funktion	noun
funktional	noun
funktionalism	noun
funktionell	adj
funktionsdefinition	noun
funktionsdryck	noun
funktionsduglig	adj
funktionshinder	noun
funktionshindrad	adj
funktionslist	noun
funktionslista	noun
funktionsnedsatt	adj
funktionsnedsättning	noun
funktionsrum	noun
funktionsverb	noun
funktionär	noun
funktor	noun
funtad	adj
fup	noun
fur	noun
fura	noun
furir	noun
furkation	noun
furlong	noun
furnera	verb
furry	noun
furste	noun
furstendöme	noun
furstlig	adj
furstlighet	noun
furu	noun
fusion	noun
fusionskraft	noun
fusk	noun
fuska	verb
fuskare	noun
fuskbygge	noun
fuskförsök	noun
fusklapp	noun
fusktärning	noun
fuskåkare	noun
futhark	noun
futilitet	noun
futtig	adj
futtighet	noun
futuristisk	adj
futurum	noun
fv	noun
fy	intj
fylka	verb
fylla	verb
fylld	adj
fyllefest	noun
fyllekörning	noun
fylleri	noun
fylleriförseelse	noun
fyllerist	noun
fyllig	adj
fyllighet	noun
fyllnad	noun
fyllnadsval	noun
fyllning	noun
fyn	name
fynd	noun
fyndförseelse	noun
fyndig	adj
fyndighet	noun
fyr	noun
fyra	noun,num,verb
fyrahundratal	noun
fyraprocentsspärr	noun
fyratiden	noun
fyraårig	adj
fyraåring	noun
fyrbent	adj
fyrdela	verb
fyrdelning	noun
fyrdubbling	noun
fyrfaldig	adj
fyrfota	adj
fyrfotad	adj
fyrhjuling	noun
fyrhjulsdrift	noun
fyrhjulsdriven	adj
fyrhörning	noun
fyrkant	noun
fyrkantig	adj
fyrkantighet	noun
fyrkällshypotes	name
fyrkällsteori	name
fyrmänning	noun
fyrpropellrad	adj
fyrspråkig	adj
fyrstjärnig	adj
fyrtaktare	noun
fyrtaktig	adj
fyrtaktsmotor	noun
fyrtal	noun
fyrtio	num
fyrtioen	num
fyrtioett	num
fyrtiofem	num
fyrtiofyra	num
fyrtionde	adj
fyrtiondedel	noun
fyrtiondel	noun
fyrtionio	num
fyrtiosex	num
fyrtiosju	num
fyrtiotal	noun
fyrtiotre	num
fyrtiotvå	num
fyrtioårig	adj
fyrtioåring	noun
fyrtioåtta	num
fyrtorn	noun
fyrvaktare	noun
fyrverkeri	noun
fyrverkeripjäs	noun
fysik	noun
fysikalisk	adj
fysiker	noun
fysikpristagare	noun
fysiokrat	noun
fysiokrati	noun
fysiokratisk	adj
fysiokratism	noun
fysiolog	noun
fysiologi	noun
fysiologisk	adj
fysionomi	noun
fysionomik	noun
fysisk	adj
fä	noun
fäaktig	adj
fäaktighet	noun
fäbless	noun
fäbod	noun
fädernesland	noun
fäfot	noun
fägata	noun
fägna	verb
fägnad	noun
fägring	noun
fähund	noun
fäkta	verb
fäktare	noun
fäktas	verb
fäktklubb	noun
fäktning	noun
fälad	noun
fälg	noun
fäll	noun
fälla	noun,verb
fällbom	noun
fällkniv	noun
fällning	noun
fält	noun
fältarbetare	noun
fältbiolog	noun
fälteffekttransistor	noun
fältherre	noun
fältkikare	noun
fältkommando	noun
fältmarskalk	noun
fältnamn	noun
fältpiplärka	noun
fältskär	noun
fältslag	noun
fältstudie	noun
fältsångare	noun
fälttecken	noun
fälttåg	noun
fältundersökning	noun
fängelse	noun
fängelsecell	noun
fängelsedom	noun
fängelsehåla	noun
fängelsekund	noun
fängelsestraff	noun
fängelsetid	noun
fänghål	noun
fängsel	noun
fängsla	verb
fängslad	adj
fängslande	adj,noun
fänkål	noun
fänrik	noun
färd	noun
färdas	verb
färdig	adj
färdighet	noun
färdigmat	noun
färdigrätt	noun
färdigställa	verb
färdknäpp	noun
färdkost	noun
färdmedel	noun
färdmekaniker	noun
färdplan	noun
färdriktning	noun
färdtjänst	noun
färdväg	noun
färg	noun
färga	verb
färgad	adj
färgbild	noun
färgblind	adj
färgblindhet	noun
färgglad	adj
färgglatt	adv
färggradient	noun
färggrann	adj
färghandel	noun
färgig	adj
färglägga	verb
färgläggning	noun
färglös	adj
färglöshet	noun
färgning	noun
färgpenna	noun
färgrik	adj
färgsprakande	noun
färgstark	adj
färgstege	noun
färguppfattning	noun
färgäkta	adj
färgämne	noun
färist	noun
färja	noun,verb
färjebiljett	noun
färjetrafik	noun
färs	noun
färsera	verb
färsk	adj
färskhet	noun
färskost	noun
färskpotatis	noun
färskvara	noun
färskvatten	noun
färöarna	name
färöiska	noun
fäst	adj
fästa	verb
fäste	noun
fästelement	noun
fästfolk	noun
fästing	noun
fästman	noun
fästmö	noun
fästning	noun
fäsör	noun
få	adj,verb
fåfoting	noun
fåfäng	adj
fåfänga	noun
fåfängt	adv
fågel	adv,noun
fågelart	noun
fågelberg	noun
fågelbo	noun
fågelbord	noun
fågelbur	noun
fågelbär	noun
fågelfamilj	noun
fågelfri	adj
fågelfrö	noun
fågelholk	noun
fågelinfluensa	noun
fågelmatare	noun
fågelskrämma	noun
fågelskådare	noun
fågelskådning	noun
fågelspindel	noun
fågelsång	noun
fågelvinge	noun
fågelvägen	noun
fåkunnig	adj
fåkunnighet	noun
fåll	noun
fålla	noun,verb
fåmäldhet	noun
fån	noun
fåna	verb
fåne	noun
fåneri	noun
fång	noun
fånga	verb
fångare	noun
fånge	noun
fången	adj
fångenskap	noun
fångläger	noun
fångst	noun
fångstman	noun
fångstredskap	noun
fångtransport	noun
fångutväxling	noun
fångvaktare	noun
fånighet	noun
fånigt	adv
fånskratt	noun
fånskratta	verb
fåordig	adj
fåordighet	noun
får	noun
fåra	noun,verb
fårad	adj
fåraherde	noun
fårakläder	noun
fåraktig	adj
fårfålla	noun
fårig	adj
fårkött	noun
fårmjölk	noun
fårost	noun
fårskalligt	adv
fårö	name
fåtal	noun
fåtalig	adj
fåtalighet	noun
fåtölj	noun
föda	noun,verb
född	adj
födelse	noun
födelseattest	noun
födelsedag	noun
födelsedagsbarn	noun
födelsedagsfest	noun
födelsedagsfirande	adj,noun
födelsedagskalas	noun
födelsedagspresent	noun
födelsedagstårta	noun
födelsedatum	noun
födelsehemort	noun
födelsemärke	noun
födelseort	noun
födelseregister	noun
födelsestad	noun
födelsetal	noun
födelsevikt	noun
födelseår	noun
födoämne	noun
födsel	noun
föga	adj,adv
föl	noun
följa	verb
följaktligen	adv
följande	adj
följare	noun
följd	noun
följdenligt	adv
följdfråga	noun
följdriktig	adj
följdsats	noun
följdverkan	noun
följe	noun
följeslagare	noun
följetong	noun
följsam	adj
följsamhet	noun
fön	noun
fönster	noun
fönsterbleck	noun
fönsterbord	noun
fönsterbräda	noun
fönsterbåge	noun
fönsterhanterare	noun
fönsterkarm	noun
fönsterlucka	noun
fönsterlös	adj
fönsterputsare	noun
fönsterremsa	noun
fönsterruta	noun
fönstertittare	noun
fönsteröppning	noun
för	adv,noun,prep
föra	verb
förakt	noun
förakta	verb
föraktfull	adj
föraktfullhet	noun
föraktlig	adj
föraning	noun
förankra	verb
förankrad	adj
förankring	noun
föranleda	verb
förarbete	noun
förare	noun
förarga	verb
förargelse	noun
förargelseväckande	adj
förarglig	adj
förarhytt	noun
förarkabin	noun
förarlös	adj
förarsäte	noun
förband	noun
förbandslåda	noun
förbanna	verb
förbannad	adj
förbannat	adv,intj
förbannelse	noun
förbarma	verb
förbaskad	adj
förbaske	verb
förbehåll	noun
förbehålla	verb
förbehållen	adj
förbehållsam	adj
förbehållsamhet	noun
förbehållslös	adj
förbereda	verb
förberedelse	noun
förberedelsestadium	noun
förbeställa	verb
förbetald	adj
förbi	adv
förbigå	verb
förbinda	verb
förbindelse	noun
förbipasserande	adj
förbise	verb
förbiseende	noun
förbistring	noun
förbittra	verb
förbittrad	adj
förbittring	noun
förbjuda	verb
förbjuden	adj
förblekna	verb
förbli	verb
förblinda	verb
förblindelse	noun
förbluffa	verb
förbluffad	adj
förbluffande	adj
förbluffelse	noun
förblöda	verb
förblödd	adj
förblödning	noun
förboka	verb
förbokad	adj
förbruka	verb
förbrukad	adj
förbrukning	noun
förbrylla	verb
förbryllad	adj
förbryllande	adj
förbryllelse	noun
förbrytare	noun
förbrytarfoto	noun
förbrytelse	noun
förbränna	verb
förbränning	noun
förbränningsmotor	noun
förbränningsugn	noun
förbud	noun
förbudsföreläggande	noun
förbudsivrare	noun
förbudsvän	noun
förbund	noun
förbunden	adj
förbundsark	name
förbundsdag	noun
förbundsdagsval	noun
förbundskansler	noun
förbundskapten	noun
förbundsmedlem	noun
förbundsordförande	noun
förbundsrepublik	noun
förbundsstat	noun
förbundsstämma	noun
förbuskad	adj
förbutik	noun
förbygel	noun
förbättra	verb
förbättring	noun
förbättringsbar	adj
förbättringspotential	noun
förbön	noun
fördel	noun
fördela	verb
fördelaktig	adj
fördelaktighet	noun
fördelardosa	noun
fördelning	noun
fördelningscentral	noun
fördelningspolitisk	adj
fördetting	noun
fördjupa	verb
fördjupad	adj
fördjupning	noun
fördold	adj
fördom	noun
fördomsfri	adj
fördomsfrihet	noun
fördomsfritt	adv
fördomsfull	adj
fördomsfullhet	noun
fördomsfullt	adv
fördra	verb
fördrag	noun
fördragsam	adj
fördragsamhet	noun
fördragsbrott	noun
fördragsvidrig	adj
fördrink	noun
fördriva	verb
fördriven	adj
fördrivning	noun
fördröja	verb
fördröjd	adj
fördröjning	noun
fördröjningstaktik	noun
fördubbla	verb
fördubbling	noun
fördumma	verb
fördumning	noun
fördunkla	verb
fördyra	verb
fördämning	noun
fördärv	noun
fördärva	verb
fördärvlig	adj
fördöma	verb
fördömande	noun
fördömd	adj
fördömelse	noun
fördömlig	adj
före	noun,prep
förebild	noun
förebrå	verb
förebrådd	adj
förebråelse	noun
förebud	noun
förebygga	verb
förebyggande	adj
förebåda	verb
föredetting	noun
föredra	verb
föredrag	noun
föredragningslista	noun
föredöme	noun
föredömlig	adj
föredömlighet	noun
förefalla	verb
förefintlig	adj
förefintlighet	noun
förege	verb
föregripa	verb
föregå	verb
föregående	adj
föregångare	noun
föregångsman	noun
förehavande	noun
förehålla	verb
förekomma	verb
förekommande	adj,noun
förekomst	noun
föreligga	verb
förelägga	verb
föreläggande	noun
föreläsa	verb
föreläsare	noun
föreläsning	noun
föreläsningssal	noun
förelöpare	noun
föremål	noun
förena	verb
förenad	adj
förening	noun
föreningsbidrag	noun
föreningsfrihet	noun
föreningsliv	noun
föreningslokal	noun
föreningsmedlem	noun
föreningsstämma	noun
förenkla	verb
förenklad	adj
förenkling	noun
förenlig	adj
förenlighet	noun
förent	adj
föresats	noun
föreskrift	noun
föreskriva	verb
föreslagen	adj
föreslå	verb
förespegla	verb
förespegling	noun
förespråka	verb
förespråkare	noun
förestog	verb
förestogs	verb
föreställa	verb
föreställning	noun
föreställningsvärld	noun
förestå	verb
förestådd	adj
föreståndare	noun
föresväva	verb
föresätta	verb
företa	verb
företag	noun
företagande	noun
företagare	noun
företagsam	adj
företagsamhet	noun
företagsbot	noun
företagscenter	noun
företagsekonom	noun
företagshemlighet	noun
företagsledare	noun
företagsledning	noun
företagsspioneri	noun
företal	noun
förete	verb
företeelse	noun
företräda	verb
företrädare	noun
företräde	noun
företrädesemission	noun
företrädesvis	adv
föreviga	verb
förevisa	verb
förevisning	noun
förevändning	noun
förfader	noun
förfall	noun
förfalla	verb
förfallen	adj
förfallenhet	noun
förfallodag	noun
förfalska	verb
förfalskare	noun
förfalskning	noun
förfara	verb
förfarande	noun
förfaren	adj
förfasa	verb
förfasas	verb
författa	verb
författare	noun
författarförbund	noun
författarskap	noun
författning	noun
författningsdomstol	noun
författningsenlig	adj
författningsrätt	noun
författningstillägg	noun
författningsändring	noun
förfest	noun
förfesta	verb
förfina	verb
förfining	noun
förflacka	verb
förflugen	adj
förflugenhet	noun
förfluten	adj
förflutenhet	noun
förflyta	verb
förflytta	verb
förflyttning	noun
förfoga	verb
förfogande	noun
förfriska	verb
förfriskning	noun
förfrysa	verb
förfrysning	noun
förfrysningsskada	noun
förfrågan	noun
förfrågning	noun
förfula	verb
förfulning	noun
förfädersdyrkan	noun
förfäkta	verb
förfäktare	noun
förfära	verb
förfärad	adj
förfärdiga	verb
förfärdigad	adj
förfärlig	adj
förfärlighet	noun
förfärligt	adv
förfölja	verb
förföljelse	noun
förföljelsemani	noun
förföra	verb
förförbar	adj
förfördela	verb
förfördelad	adj
förförelse	noun
förförerska	noun
förförisk	adj
förföriskhet	noun
förförstärkare	noun
förgasare	noun
förgifta	verb
förgiftning	noun
förgivettagande	noun
förgrena	verb
förgrening	noun
förgreningsdosa	noun
förgripa	verb
förgripelse	noun
förgrund	noun
förgrymmad	adj
förgrämd	adj
förguda	verb
förgudliga	verb
förgudning	noun
förgylla	verb
förgängelse	noun
förgänglig	adj
förgänglighet	noun
förgätmigej	noun
förgäves	adv
förgå	verb
förgången	adj
förgås	verb
förgöra	verb
förgörelse	noun
förgöring	noun
förgöringsbrott	noun
förhala	verb
förhalning	noun
förhalningstaktik	noun
förhand	noun
förhandla	verb
förhandlare	noun
förhandling	noun
förhandlingsbar	adj
förhandlingsbord	noun
förhandlingsförsök	noun
förhandlingsstart	noun
förhandlingstaktik	noun
förhandsbesked	noun
förhandsgranska	verb
förhandsgranskning	noun
förhandsröstning	noun
förhandstippad	adj
förhandsvisning	noun
förhasta	verb
förhastad	adj
förhatlig	adj
förhatlighet	noun
förhinder	noun
förhindra	verb
förhistoria	noun
förhistorisk	adj
förhoppning	noun
förhoppningsvis	adv
förhud	noun
förhuggning	noun
förhänge	noun
förhärda	verb
förhärdelse	noun
förhärdning	noun
förhärliga	verb
förhärligande	noun
förhärska	verb
förhäxa	verb
förhäxning	noun
förhålla	verb
förhållande	noun
förhållandevis	adv
förhållning	noun
förhållningssätt	noun
förhåna	verb
förhöja	verb
förhör	noun
förhöra	verb
förhörsledare	noun
förhörsrum	noun
förindustriell	adj
förinspelad	adj
förinstallera	verb
förinta	verb
förintande	noun
förintare	noun
förintelse	noun
förintelseförnekare	noun
förintelseförnekelse	noun
förintelsekrig	noun
förintelseläger	noun
förintelsen	name
förirra	verb
förjaga	verb
förkalkad	adj
förkalkas	verb
förkalkning	noun
förkasta	verb
förkastelse	noun
förkastlig	adj
förkastlighet	noun
förkastningslinje	noun
förklara	verb
förklaring	noun
förklarlig	adj
förklarlighet	noun
förklena	verb
förklening	noun
förklinga	verb
förklä	verb
förkläde	noun
förklädnad	noun
förknippa	verb
förknippning	noun
förkolna	verb
förkolnad	adj
förkolning	noun
förkorta	verb
förkortning	noun
förkortningsraseri	noun
förkovra	verb
förkovran	noun
förkovrans	noun
förkovring	noun
förkristen	adj
förkroma	verb
förkroppsliga	verb
förkrossa	verb
förkrossad	adj
förkrosselse	noun
förkrympt	adj
förkunna	verb
förkunnare	noun
förkunnelse	noun
förkunskap	noun
förkyld	adj
förkylning	noun
förkämpe	noun
förkänning	noun
förkärlek	noun
förkättrad	adj
förköp	noun
förköpa	verb
förköpsrätt	noun
förlag	noun
förlaga	noun
förlagsbevis	noun
förlagslån	noun
förlama	verb
förlamad	adj
förlamning	noun
förled	noun
förleda	verb
förlegad	adj
förlig	adj
förlika	verb
förlikning	noun
förlikningsavtal	noun
förlisa	verb
förlisning	noun
förlita	verb
förlitan	noun
förljugen	adj
förljugenhet	noun
förlopp	noun
förlora	verb
förlorad	adj
förlorare	noun
förlossning	noun
förlossningsklinik	noun
förlossningstång	noun
förlossningsvård	noun
förlova	verb
förlovad	adj
förlovning	noun
förlovningsring	noun
förlupen	adj
förlust	noun
förlusta	verb
förlustelse	noun
förlustfunktion	noun
förlägen	adj
förlägenhet	noun
förlägga	verb
förläggare	noun
förläggning	noun
förläna	verb
förlänga	verb
förlängning	noun
förläsa	verb
förläst	adj
förlåt	intj,noun
förlåta	verb
förlåtelse	noun
förlåtlig	adj
förlöjliga	verb
förlösa	verb
förmak	noun
förmaksflimmer	noun
förman	noun
förmana	verb
förmaning	noun
förmedla	verb
förmedlare	noun
förmedling	noun
förment	adj
förmiddag	noun
förmildra	verb
förmildrande	adj
förminska	verb
förminskning	noun
förmoda	verb
förmodan	noun
förmodande	noun
förmodligen	adv
förmultna	verb
förmultning	noun
förmyndaraktig	adj
förmyndarattityd	noun
förmyndare	noun
förmyndarmentalitet	noun
förmyndarregering	noun
förmyndarsamhälle	noun
förmyndarskap	noun
förmynderi	noun
förmäten	adj
förmätenhet	noun
förmätet	adv
förmå	verb
förmåga	noun
förmån	noun
förmånlig	adj
förmånlighet	noun
förmånsbil	noun
förmånstagare	noun
förmögen	adj
förmögenhet	noun
förmögenhetsfördelning	noun
förmögenhetsförvaltning	noun
förmögenhetsskada	noun
förmögenhetsskatt	noun
förmögenhetsökning	noun
förmörka	verb
förmörkelse	noun
förna	noun
förnamn	noun
förnedra	verb
förnedring	noun
förneka	verb
förnekare	noun
förnekelse	noun
förnickla	verb
förnimbar	adj
förnimma	verb
förnimmelse	noun
förnuft	noun
förnuftig	adj
förnuftighet	noun
förnuftsenlig	adj
förnuftsmässig	adj
förnuftsmässighet	noun
förnuftsstridig	adj
förnuftsvidrig	adj
förnumstig	adj
förnumstighet	noun
förnya	verb
förnyare	noun
förnybar	adj
förnybart	adv
förnyelse	noun
förnyelsebar	adj
förnäm	adj
förnämlig	adj
förnär	adv
förnärma	verb
förnärmad	adj
förnödenhet	noun
förnöja	verb
förnöjd	adj
förnöjelse	noun
förnöjsam	adj
förnöjsamhet	noun
förnöjsamt	adv
förnöjt	adv
förolyckas	verb
förolämpa	verb
förolämpning	noun
förord	noun
förorda	verb
förordna	verb
förordnande	noun
förordning	noun
förorena	verb
förorening	noun
förorsaka	verb
förort	noun
förortsbana	noun
förortsmiljö	noun
förortsområde	noun
förortsslang	noun
förorätta	verb
förpacka	verb
förpackning	noun
förpackningsföretag	noun
förpackningsindustri	noun
förpassa	verb
förpesta	verb
förplikta	verb
förpliktelse	noun
förpliktiga	verb
förpläga	verb
förplägnad	noun
förpuppa	verb
förr	adv
förra	adj
förresten	adv
förrevolutionär	adj
förrgår	noun
förridare	noun
förringa	verb
förrinna	verb
förromersk	adj
förrum	noun
förruttnelse	noun
förryckt	adj,adv
förryckthet	noun
förrymd	adj
förrädare	noun
förräderi	noun
förrädisk	adj
förrän	conj
förrätt	noun
förrätta	verb
förrättare	noun
förrättning	noun
förråa	verb
förråd	noun
förråda	verb
förrådd	adj
förrådsbyggnad	noun
förrådshus	noun
förrådsrum	noun
förrådsutrymme	noun
förråing	noun
försagd	adj
försagdhet	noun
försaka	verb
försakelse	noun
församla	verb
församling	noun
församlingskyrka	noun
församlingsmedlem	noun
förse	verb
försedd	adj
förseelse	noun
försegla	verb
försena	verb
försenad	adj
försening	noun
förseningsavgift	noun
förseningsbot	noun
försent	adv
försiggå	verb
försigkommen	adj
försigkommenhet	noun
försiktig	adj
försiktighet	noun
försiktighetsprincip	noun
försiktighetsåtgärd	noun
försiktigt	adv
försitta	verb
förskansa	verb
förskansning	noun
förskingra	verb
förskingring	noun
förskingringsbrott	noun
förskjuta	verb
förskjutning	noun
förskogning	noun
förskola	noun
förskollärare	noun
förskona	verb
förskonad	adj
förskoning	noun
förskott	noun
förskrivning	noun
förskräcka	verb
förskräckelse	noun
förskräcklig	adj
förskräcklighet	noun
förskyllan	noun
förskärare	noun
förskärargaffel	noun
försköna	verb
förslag	noun
förslagen	adj
förslagenhet	noun
förslaget	adv
förslagsvis	adv
förslappning	noun
förslava	verb
förslavning	noun
förslita	verb
förslitning	noun
försluta	verb
förslå	verb
förslösa	verb
försmak	noun
försmädlig	adj
försmäkta	verb
försmå	verb
försmådd	adj
försnilla	verb
försnillning	noun
försoffa	verb
försoffning	noun
försokratisk	adj
försommar	noun
försommarväder	noun
försona	verb
försoning	noun
försoningsdag	name
försoningskommission	noun
försoningslära	noun
försoningsoffer	noun
försonlig	adj
försonlighet	noun
försorg	noun
försova	verb
förspel	noun
förspilla	verb
försprång	noun
först	adv
första	num
förstadium	noun
förstagångsväljare	noun
förstahandsalternativ	noun
förstahandsförslag	noun
förstahandshyresgäst	noun
förstahandsinformation	noun
förstahandskontrakt	noun
förstahandsuppgift	noun
förstahandsval	noun
förstainstansrätt	noun
förstaklassbiljett	noun
förstaklasshotell	noun
förstapristagare	noun
förstasida	noun
förstaspråk	noun
förstaspråks	noun
förstatliga	verb
förstautgåva	noun
förstaval	noun
förstelna	verb
förstelning	noun
förstena	verb
förstenad	adj
förstening	noun
försteredaktör	noun
förstfödd	adj
förstföderska	noun
förstfödslorätt	noun
förstklassig	adj
förstog	verb
förstogs	verb
förstone	noun
förstoppa	verb
förstoppad	adj
förstoppning	noun
förstora	verb
förstoring	noun
förstoringsglas	noun
försträcka	verb
försträckning	noun
förströddhet	noun
förströelse	noun
förstrött	adv
förstudie	noun
förstuga	noun
förstulen	adj
förstumma	verb
förställa	verb
förstämd	adj
förstämma	verb
förstämning	noun
förstärka	verb
förstärkare	noun
förstärkarsteg	noun
förstärkning	noun
förstärkningsinlärning	noun
förstärkningsvapen	noun
förstå	verb
förståelig	adj
förståelighet	noun
förståelse	noun
förstånd	noun
förståndig	adj
förståndighet	noun
förståndigt	adv
förståndsmässig	adj
förstås	adv
förstöra	verb
förstörande	adj
förstörbar	adj
förstörd	adj
förstörelse	noun
förstöring	noun
försumbar	adj
försumbart	adv
försumlig	adj
försumlighet	noun
försumma	verb
försummelse	noun
försupen	adj
försupenhet	noun
försura	verb
försurning	noun
försvaga	verb
försvagning	noun
försvar	noun
försvara	verb
försvarare	noun
försvarbar	adj
försvarbarhet	noun
försvarlig	adj
försvarsadvokat	noun
försvarsallians	noun
försvarsanslag	noun
försvarsbudget	noun
försvarsdepartement	noun
försvarsgren	noun
försvarshögskola	noun
försvarsindustri	noun
försvarslinje	noun
försvarslös	adj
försvarsmakt	noun
försvarsminister	noun
försvarspakt	noun
försvarspolitiker	noun
försvarspolitisk	adj
försvarssamarbete	noun
försvarssektor	noun
försvarsskrift	noun
försvarsstyrka	noun
försvarstal	noun
försvarsutgift	noun
försvarsutskott	noun
försvarsvapen	noun
försvenska	verb
försvenskning	noun
försvinn	intj
försvinna	verb
försvunnen	adj
försvåra	verb
försvårande	adj,noun
försvåring	noun
försyn	noun
försyndelse	noun
försynt	adj
försynthet	noun
försäga	verb
försäkra	verb
försäkran	noun
försäkring	noun
försäkringsbar	adj
försäkringsbolag	noun
försäkringskassa	noun
försäkringsrätt	noun
försäkringstagare	noun
försälja	verb
försäljare	noun
försäljning	noun
försäljningsknep	noun
försäljningslista	noun
försäljningspris	noun
försäljningssiffra	noun
försäljningsställe	noun
försäljningstillväxt	noun
försäljningsökning	noun
försämra	verb
försämring	noun
försändelse	noun
försänka	verb
försäsong	noun
försätta	verb
försättsblad	noun
försåt	noun
försåtlig	adj
försåtminera	verb
försåtminering	noun
försåvitt	conj
försök	noun
försöka	verb
försöksanläggning	noun
försöksballong	noun
försöksdjur	noun
försöksgrupp	noun
försöksheat	noun
försökskanin	noun
försöksstadium	noun
försöksverksamhet	noun
försökt	adj
försörja	verb
försörjning	noun
försörjningskedja	noun
försörjningslinje	noun
försörjningsstöd	noun
förta	verb
förtal	noun
förtala	verb
förtalad	adj
förtalskampanj	noun
förtappad	adj
förtecken	noun
förteckna	verb
förteckning	noun
förtegen	adj
förtegenhet	noun
förteget	adv
förtid	noun
förtidsröst	noun
förtidsrösta	verb
förtidsröstning	noun
förtiga	verb
förtigen	adj
förtjocka	verb
förtjockningsmedel	noun
förtjusa	verb
förtjusande	adj
förtjusning	noun
förtjust	adj
förtjäna	verb
förtjänst	noun
förtjänstfull	adj
förtjänstorden	noun
förtjänt	adj
förtorka	verb
förtret	noun
förtretlig	adj
förtretlighet	noun
förtro	verb
förtrodd	adj
förtroende	noun
förtroendefull	adj
förtroendeman	noun
förtroendeomröstning	noun
förtroendeuppdrag	noun
förtroendevald	adj
förtroendevotum	noun
förtrogen	adj
förtrogenhet	noun
förtrolig	adj
förtrolighet	noun
förtrolla	verb
förtrollning	noun
förtrupp	noun
förtryck	noun
förtrycka	verb
förtryckare	noun
förtryckarregim	noun
förtryckt	adj
förtrytelse	noun
förtrytsam	adj
förtrytsamhet	noun
förträfflig	adj
förträfflighet	noun
förtränga	verb
förträngd	adj
förträngning	noun
förtrösta	verb
förtröstan	noun
förtunna	verb
förtur	noun
förtvina	verb
förtvining	noun
förtvivla	verb
förtvivlad	adj
förtvivlan	noun
förtvivlans	noun
förtycka	verb
förtydliga	verb
förtydligande	noun
förtäckt	adj
förtälja	verb
förtänksam	adj
förtänksamhet	noun
förtära	verb
förtärd	adj
förtäring	noun
förtäta	verb
förtätning	noun
förtöja	verb
förtöjd	adj
förtöjning	noun
förtöjningsboj	noun
förtöjningsplats	noun
förtöjningsring	noun
förtöjningstross	noun
förtörna	verb
förunderlig	adj
förundersökning	noun
förundersökningsledare	noun
förundersökningsprotokoll	noun
förundra	verb
förundrad	adj
förundran	noun
förundrans	noun
förundransvärd	adj
förut	adv
förutan	prep
förutbestämd	adj
förutbestämma	verb
förutbestämmelse	noun
förutfattad	adj
förutnämnd	adj
förutom	prep
förutse	verb
förutsebar	adj
förutsebarhet	noun
förutsedd	adj
förutseende	adj,noun
förutspå	verb
förutsäga	verb
förutsägbar	adj
förutsägbarhet	noun
förutsägelse	noun
förutsätta	verb
förutsättning	noun
förutsättningslös	adj
förutsättningslöst	adv
förvalta	verb
förvaltare	noun
förvaltarskap	noun
förvaltning	noun
förvaltningsavdelning	noun
förvaltningschef	noun
förvaltningsdomstol	noun
förvaltningsmyndighet	noun
förvaltningsrätt	noun
förvaltningsrättslig	adj
förvandla	verb
förvandling	noun
förvanska	verb
förvanskning	noun
förvar	noun
förvara	verb
förvaring	noun
förvaringskärl	noun
förvaringsplats	noun
förvaringsrum	noun
förvaringsutrymme	noun
förvarna	verb
förvarning	noun
förveckling	noun
förverka	verb
förverkad	adj
förverkande	noun
förverkandepåföljd	noun
förverkliga	verb
förvetenskaplig	adj
förvilda	verb
förvildad	adj
förvildning	noun
förvilla	verb
förvirra	verb
förvirrad	adj
förvirrande	adj
förvirring	noun
förvirringstillstånd	noun
förvisa	verb
förvisning	noun
förvissa	verb
förvissning	noun
förvisso	adv
förvrida	verb
förvränga	verb
förvrängning	noun
förvuxen	adj
förväg	noun
förvägra	verb
förvälla	verb
förvänd	adj
förvända	verb
förvändhet	noun
förvänta	verb
förväntan	noun
förväntansfull	adj
förväntning	noun
förvärra	verb
förvärring	noun
förvärv	noun
förvärva	verb
förvärvsarbeta	verb
förvärvsinkomst	noun
förvärvskostnad	noun
förväxla	verb
förväxling	noun
förvåna	verb
förvånad	adj
förvånansvärd	adj
förvåning	noun
föryngra	verb
föryngring	noun
förytterlig	adj
förädla	verb
förädling	noun
förälder	noun
föräldraansvar	noun
föräldraförsäkring	noun
föräldralös	adj
föräldrapenning	noun
föräldraskap	noun
förälska	verb
förälskad	adj
förälskelse	noun
föränderlig	adj
föränderlighet	noun
förändra	verb
förändrad	adj
förändring	noun
förära	verb
föräring	noun
föräta	verb
föråkare	noun
föråldra	verb
föråldrad	adj
förånga	verb
förångare	noun
förångas	verb
förångning	noun
föröda	verb
förödande	adj
förödelse	noun
förödmjuka	verb
förödmjukelse	noun
föröka	verb
föröva	verb
förövare	noun
fösa	verb
fösning	noun
fössta	num
g	character
g-punkt	noun
gabardin	noun
gabbe	name
gabon	name
gabones	noun
gabonesisk	adj
gabonesiska	noun
gabriel	name
gabriella	name
gadd	noun
gadda	verb
gadolinium	noun
gaffatejp	noun
gaffel	noun
gaffelformig	adj
gaffeltruck	noun
gagat	noun
gagauz	noun
gagauzien	name
gagauzisk	adj
gagauziska	noun
gagga	verb
gagn	noun
gagna	verb
gal	name
gala	noun,verb
galaklänning	noun
galant	adj,adv
galapetter	noun
galapremiär	noun
galaterbrevet	name
galax	noun
gale	noun
galeas	noun
galeja	noun
galen	adj
galenskap	noun
galgbacke	noun
galge	noun
galgenfrist	noun
galgfågel	noun
galghumor	noun
galgknut	noun
galicien	name
galicier	noun
galicisk	adj
galileisk	adj
galjon	noun
galjonsfigur	noun
galla	noun
gallblåsa	noun
galler	noun
galleri	noun
galleria	noun
gallgång	noun
gallien	name
gallimatias	noun
gallium	noun
gallra	verb
gallring	noun
gallskrik	noun
gallskrika	verb
gallsprängd	adj
gallsprängdhet	noun
gallsten	noun
gallup	noun
galläpple	noun
galning	noun
galon	noun
galonbyxa	noun
galopp	noun
galoppbana	noun
galoppera	verb
galoppering	noun
galoppsport	noun
galosch	noun
galt	noun
galvanisera	verb
galvanisering	noun
galvanisk	adj
galär	noun
galärslav	noun
gam	noun
gambas	noun
gambia	name
gambier	noun
gambiska	noun
game	noun
gameboll	noun
gamlestaden	name
gamma	noun
gammafunktionen	noun
gammal	adj
gammaldags	adj
gammalgrekisk	adj
gammalgrekiska	noun
gammalmodig	adj
gammalmodighet	noun
gammaltestamentlig	adj
gammastrålning	noun
gamme	noun
gammeldans	noun
gammelfarbror	noun
gammelfarfar	noun
gammelfarmor	noun
gammelfaster	noun
gammelgädda	noun
gammelkommunist	noun
gammelmedia	noun
gammelmorbror	noun
gammelmorfar	noun
gammelmormor	noun
gammelmoster	noun
gammelpiga	noun
gammelskog	noun
gamnacke	noun
gamäng	noun
gamängaktig	adj
gangrän	noun
gangster	noun
gangsterrap	noun
gangstersyndikat	noun
ganska	adv
gap	noun
gapa	verb
gaphals	noun
gapig	adj
gapskratt	noun
gapskratta	verb
garage	noun
garagedörr	noun
garant	noun
garantera	verb
garanterat	adv
garanti	noun
garantifond	noun
garde	noun
gardera	verb
garderob	noun
garderobiär	noun
garderobsutrymme	noun
gardin	noun
gardinstång	noun
garn	noun
garnera	verb
garnnystan	noun
garrottera	verb
garrottering	noun
garva	verb
garvning	noun
gas	noun
gasa	verb
gasbinda	noun
gasbolag	noun
gasell	noun
gasellföretag	noun
gasexplosion	noun
gasformig	adj
gasig	adj
gask	noun
gaskammare	noun
gasklocka	noun
gaskromatografi	noun
gasledning	noun
gasmask	noun
gasning	noun
gasol	noun
gasoltub	noun
gaspedal	noun
gass	noun
gassa	verb
gasspis	noun
gast	noun
gasta	verb
gastanker	noun
gastkrama	verb
gastkramande	adj
gastronom	noun
gastronomi	noun
gastronomisk	adj
gastroskop	noun
gastroskopi	noun
gastroskopisk	adj
gastub	noun
gasturbin	noun
gasväv	noun
gata	noun
gatlampa	noun
gatljus	noun
gatlopp	noun
gatlykta	noun
gatpojke	noun
gatsopare	noun
gatsten	noun
gatuadress	noun
gatubarn	noun
gatubelysning	noun
gatubrunn	noun
gatubrunnslock	noun
gatugäng	noun
gatukonst	noun
gatukonstnär	noun
gatukorsning	noun
gatukök	noun
gatumusikant	noun
gatunivå	noun
gatunät	noun
gatuprotest	noun
gatuskylt	noun
gatuslagsmål	noun
gausskurva	noun
gavel	noun
gaviksfjärden	name
gay	adj
gaypornografi	noun
gayporr	noun
gaysex	noun
gazaremsan	name
ge	verb
gebit	noun
gecko	noun
geckoödla	noun
gedigen	adj
gedigenhet	noun
gegga	verb
geggig	adj
gehör	noun
geigermätare	noun
geigerräknare	noun
geisha	noun
geishakula	noun
gejma	verb
gejser	noun
gejserutbrott	noun
gel	noun
gelatin	noun
gelatinartad	adj
gelatinering	noun
gelato	noun
gelike	noun
gem	noun
gemen	adj,noun
gemenhet	noun
gemensam	adj
gemensamt	adv
gemenskap	noun
gemsrot	noun
gemyt	noun
gemytlig	adj
gemytlighet	noun
gemål	noun
gen	adj,noun
gena	verb
genant	adj
genast	adv
gendarm	noun
gendarmeri	noun
gendriva	verb
genealog	noun
genealogisk	adj
genera	verb
generad	adj
general	noun
generalagent	noun
generalangrepp	noun
generaldirektör	noun
generalförsamling	noun
generalguvernement	noun
generalguvernör	noun
generalinspektör	noun
generalisera	verb
generalisering	noun
generalist	noun
generalklausul	noun
generalkonsul	noun
generalkonsulat	noun
generallöjtnant	noun
generalmajor	noun
generalorder	noun
generalpaus	noun
generalrepetition	noun
generalsekretariat	noun
generalsekreterare	noun
generalstab	noun
generalstabschef	noun
generalstrejk	noun
generalöverste	noun
generation	noun
generator	noun
generell	adj
generellt	adv
generera	verb
generositet	noun
generös	adj
generöst	adv
genesis	name
genetik	noun
genetiker	noun
genetisk	adj
genetiskt	adv
genever	noun
genforskare	noun
genforskning	noun
gengas	noun
gengäld	noun
gengälda	verb
gengångare	noun
geni	noun
genial	adj
genialisk	adj
genialitet	noun
genidrag	noun
geniknöl	noun
genitalier	noun
genitalitet	noun
genitiv	noun
genitivändelse	noun
genkäromål	noun
genljud	noun
genljuda	verb
genmanipulation	noun
genmodifiera	verb
genmodifierad	adj
genmodifiering	noun
genmäla	verb
genmäld	adj
genmäle	noun
genocid	noun
genom	adv,noun,prep
genomarbeta	verb
genomarbetad	adj
genomblöt	adj
genomblötning	noun
genombrott	noun
genombrottsfilm	noun
genombrottsroman	noun
genombrottsspänning	noun
genombruten	adj
genomdriva	verb
genomdriven	adj
genomfart	noun
genomföra	verb
genomförande	noun
genomförbar	adj
genomförbarhet	noun
genomförd	adj
genomgripande	adj
genomgå	verb
genomgående	adj,adv
genomgång	noun
genomgångsläger	noun
genomik	noun
genomklappning	noun
genomleva	verb
genomlida	verb
genomlysa	verb
genomlysning	noun
genomresa	verb
genomrutten	adj
genomskinlig	adj
genomskinlighet	noun
genomskinligt	adv
genomskärning	noun
genomskåda	verb
genomslag	noun
genomsläpplig	adj
genomsläpplighet	noun
genomsnitt	noun
genomsnittlig	adj
genomsnittshastighet	noun
genomsnittsinkomst	noun
genomsnittslön	noun
genomströmma	verb
genomsynlig	adj
genomsyra	verb
genomsöka	verb
genomsökning	noun
genomträngande	adj
genomtränglig	adj
genomtränglighet	noun
genomtänkt	adj
genomögning	noun
genpool	noun
genre	noun
genremässig	adj
genrep	noun
gensaga	noun
genskjuta	verb
gensträvig	adj
gensvar	noun
gensägelse	noun
genteknik	noun
gentekniker	noun
genteknisk	adj
gentemot	prep
gentjänst	noun
gentleman	noun
gentlemannamässig	adj
gentlemannamässighet	noun
gentrifiera	verb
gentrifiering	noun
genua	name
genuabukten	name
genuesisk	adj
genuin	adj
genuinitet	noun
genus	noun
genuspedagogik	noun
genusvetenskap	noun
genväg	noun
geocentrisk	adj
geofysik	noun
geofysiker	noun
geograf	noun
geografi	noun
geografibok	noun
geografisk	adj
geolog	noun
geologi	noun
geologisk	adj
geometri	noun
geometriker	noun
geometrisk	adj
geometriskt	adv
geopolitik	noun
geopolitiker	noun
geopolitisk	adj
georg	name
george	name
georgia	name
georgien	name
georgier	noun
georgisk	adj
georgisk-ortodox	adj
georgiska	noun
geotaggning	noun
geoteknik	noun
geotekniker	noun
geoteknisk	adj
geovetare	noun
geovetenskap	noun
gepard	noun
gerbil	noun
gerd	name
gerda	name
gerhard	name
gerilla	noun
gerillakrig	noun
gerillakrigare	noun
gerillakrigföring	noun
gerillataktik	noun
geringssåg	noun
german	noun
germanien	name
germanium	noun
germansk	adj
germanska	noun
germund	name
gerontofil	adj,noun
gerontofili	noun
gert	name
gertrud	name
geschäft	noun
gesims	noun
gess	noun
gest	noun
gestalt	noun
gestalta	verb
gestaltlös	adj
gestaltning	noun
gestikulera	verb
gestikulering	noun
gesäll	noun
get	noun
geting	noun
getingbo	noun
getingsommar	noun
getknullare	noun
getmjölk	noun
getost	noun
getruta	noun
getskägg	noun
getto	noun
gettoisering	noun
getöga	noun
gevär	noun
gevärseld	noun
gevärsgranat	noun
gevärskula	noun
gevärsskott	noun
ghana	name
ghanan	noun
ghanansk	adj
ghananska	noun
ghetto	noun
gibba	verb
gibraltar	name
giffel	noun
gift	adj,noun
gifta	verb
gifte	noun
giftermål	noun
giftfri	adj
giftig	adj
giftighet	noun
giftmördare	noun
giftorm	noun
giftorättsgods	noun
giftskåp	noun
gifttand	noun
gig	noun
giga	noun
gigant	noun
gigantisk	adj
gigarbetare	noun
gigawattimme	noun
gigg	noun
giggare	noun
gigolo	noun
giljotin	noun
giljotinera	verb
giljotinering	noun
gill	adj
gilla	verb
gillas	verb
gille	noun
giller	noun
gillestuga	noun
gillis	name
gillning	noun
gillra	verb
giltig	adj
giltighet	noun
giltighetsområde	noun
giltighetstid	noun
giltigt	adv
gimlet	noun
gimo	name
gin	noun
gino	noun
gips	noun
gipsplatta	noun
gipsskiva	noun
gir	noun
gira	verb
giraff	noun
girera	verb
girig	adj
girigbuk	noun
girighet	noun
girlang	noun
giro	noun
girondist	noun
giss	noun
gissa	verb
gissel	noun
gissla	verb
gisslan	noun
gisslandrama	noun
gisslanförhandlare	noun
gisslantagare	noun
gisslare	noun
gissling	noun
gissning	noun
gissningstävling	noun
gissningsvis	adv
gitarr	noun
gitarrist	noun
gitarrspelare	noun
gitta	verb
gittan	name
giv	noun
giva	noun
givakt	intj,noun
givande	adj,noun
givare	noun
given	adj
givetvis	adv
givmild	adj
givmildhet	noun
givmilt	adv
givning	noun
gjord	adj,noun
gjuta	verb
gjuteri	noun
gjutform	noun
gjutgods	noun
gjutjärn	noun
gjutning	noun
glaciologi	noun
glaciär	noun
glad	adj,name
glada	noun
gladeligen	adv
gladfotboll	noun
gladiator	noun
gladlynt	adj
gladlynthet	noun
gladpack	noun
gladplast	noun
gladporr	noun
glam	noun
glamma	verb
glamorisera	verb
glamorisering	noun
glamorös	adj
glamour	noun
glamourös	adj
glan	name
glans	noun
glansdag	noun
glansig	adj
glansighet	noun
glanslös	adj
glanslöshet	noun
glapp	adj,noun
glappa	verb
glappkontakt	noun
glas	noun
glasaktig	adj
glasartad	adj
glasbit	noun
glasblock	noun
glasblåsare	noun
glasblåsning	noun
glasbruk	noun
glasfiber	noun
glasflaska	noun
glashal	adj
glashus	noun
glashytta	noun
glasig	adj
glasighet	noun
glasklocka	noun
glaskropp	noun
glaskupa	noun
glasmästarsill	noun
glasnudel	noun
glasruta	noun
glass	noun
glassbar	noun
glassbil	noun
glassig	adj
glasskärva	noun
glasskål	noun
glassmaskin	noun
glasspinne	noun
glassplitter	noun
glasstrut	noun
glassväder	noun
glasyr	noun
glasäpple	noun
glasål	noun
glasögon	noun
glasögonbåge	noun
glasögonflugsnappare	noun
glasögonorm	noun
glasögonprydd	adj
glatt	adj,adv
glatthet	noun
glenn	name
gles	adj
glesbefolkad	adj
glesbygd	noun
gleshet	noun
glesna	verb
glest	adv
gletscher	noun
gli	noun
glid	noun
glida	verb
glidbana	noun
glidflygplan	noun
glidmedel	noun
glidning	noun
glidtackling	noun
glidyta	noun
glimma	verb
glimmer	noun
glimra	verb
glimrig	adj
glimt	noun
glimta	verb
glipa	noun,verb
gliring	noun
glitch	noun
glitcha	verb
glitter	noun
glittra	verb
glittrig	adj
glob	noun
global	adj
globalisera	verb
globalisering	noun
globen	name
glock	noun
glokalisering	noun
glopp	noun
gloria	noun
glorifiera	verb
glorifiering	noun
glosa	noun
gloso	noun
glossolali	noun
glosögd	adj
glotal	adj
glugg	noun
glukonsyra	noun
glukos	noun
glunka	verb
glupa	verb
glupsk	adj
glupskhet	noun
glutamat	noun
glutamin	noun
glutaminsyra	noun
gluten	noun
glutenfri	adj
gluttsnäppa	noun
glycin	noun
glykol	noun
glytt	noun
glyttig	adj
glyttighet	noun
glädja	verb
glädjas	verb
glädje	noun
glädjebud	noun
glädjebägare	noun
glädjedödare	noun
glädjefull	adj
glädjefylld	adj
glädjekälla	noun
glädjelös	adj
glädjelöshet	noun
glädjerik	adj
glädjeskutt	noun
glädjesång	noun
glädjetår	noun
glädjeyttring	noun
glädjeämne	noun
gläfs	noun
gläfsa	verb
gläfsning	noun
glänsa	verb
glänt	noun
glänta	noun,verb
glättig	adj
glättighet	noun
glättigt	adv
glåmig	adj
glåmighet	noun
glåpord	noun
glöd	noun
glöda	verb
glödga	verb
glödgning	noun
glödhet	adj
glödlampa	noun
glödtråd	noun
glögg	noun
glögglas	noun
glömma	verb
glömmingetårta	noun
glömsk	adj
glömska	noun
glömskhet	noun
gm	noun
gnabb	noun
gnabbas	verb
gnaga	verb
gnagare	noun
gnagning	noun
gnata	verb
gnejs	noun
gnesta	name
gneta	verb
gnida	verb
gnidare	noun
gniden	adj
gnidig	adj
gnidning	noun
gnidningselektricitet	noun
gnissel	noun
gnissla	verb
gnista	noun
gnistra	verb
gno	verb
gnoding	noun
gnola	verb
gnomon	noun
gnosticism	noun
gnostiker	noun
gnostisk	adj
gnugga	verb
gnuggning	noun
gnussa	verb
gnutta	noun
gny	noun,verb
gnägg	intj,noun
gnägga	verb
gnäggning	noun
gnäll	noun
gnälla	verb
gnällig	adj
gnällighet	noun
gnälligt	adv
go	noun
gobeläng	noun
gocart	noun
god	adj
godahoppsudden	name
godan	adj
godartad	adj
godbit	noun
goddag	intj
goddagens	intj
gode	noun
godhet	noun
godhetssignalering	noun
godhjärtad	adj
godhjärtenhet	noun
godis	noun
godisbutik	noun
godispåse	noun
godisråtta	noun
godkänd	adj
godkänna	verb
godkännande	noun
godlynt	adj
godlynthet	noun
godmodig	adj
godmodighet	noun
godmodigt	adv
godmorgon	intj,noun
godnatt	intj
godnattsaga	noun
gods	noun
godsak	noun
godsint	adj
godsinthet	noun
godstrafik	noun
godståg	noun
godsvagn	noun
godsägare	noun
godta	verb
godtagbar	adj
godtagbarhet	noun
godtrogen	adj
godtrogenhet	noun
godtroget	adv
godtycke	noun
godtycklig	adj
godtycklighet	noun
gokart	noun
gokkun	noun
golanhöjderna	name
golf	noun
golfa	verb
golfare	noun
golfbana	noun
golfboll	noun
golfklubb	noun
golfklubba	noun
golfpeg	noun
golfspelare	noun
golfströmmen	name
golgata	name
goliat	name
gollum	noun
golv	noun
golva	verb
golvbrunn	noun
golvbräda	noun
golvlist	noun
golvmopp	noun
golvning	noun
golvplanka	noun
golvtilja	noun
golvur	noun
golvyta	noun
gom	noun
gomorron	intj,noun
gomsegel	noun
gomspalt	noun
gomspene	noun
gondol	noun
gondoljär	noun
gonggong	noun
googla	verb
gorbatjov	name
gorgonzola	noun
gorilla	noun
gorma	verb
gorå	noun
gosa	verb
gosedjur	noun
gosighet	noun
gospel	noun
gospelkör	noun
gospelmusik	noun
gospelsångare	noun
gossebarn	noun
gosskör	noun
got	noun
gotisk	adj
gotiska	noun
gotland	name
gotländsk	adj
gotländska	noun
gotlänning	noun
gott	adv
gotta	verb
gottfinnande	noun
gottfrid	name
gottgöra	verb
gottgörelse	noun
gottköpslösning	noun
gottköpsvara	noun
gourmand	noun
gourmet	noun
gourmetrestaurang	noun
gp	name
gps	noun
graal	noun
grabba	verb
grabbatag	noun
grabbig	adj
grace	noun
graciös	adj
grad	noun
gradbeteckning	noun
gradera	verb
gradering	noun
gradient	noun
gradientsökning	noun
gradskillnad	noun
gradvis	adj,adv
graf	noun
graffiti	noun
graffitikonstnär	noun
grafik	noun
grafikkort	noun
grafikobjekt	noun
grafisk	adj
grafit	noun
grafström	name
gram	noun
gram-negativ	adj
grammatik	noun
grammatika	noun
grammatikfel	noun
grammis	noun
grammofon	noun
grammofonskiva	noun
grammofonstift	noun
gramse	adj
gran	noun
granat	noun
granatanfall	noun
granatattack	noun
granateld	noun
granatgevär	noun
granatkarbin	noun
granatkastare	noun
granatkrevad	noun
granatröd	adj
granatskärva	noun
granatsplitter	noun
granattillsats	noun
granatäppelkärna	noun
granatäpple	noun
granbarr	noun
grand	noun
grandios	adj
granestrand	name
granit	noun
grankulla	name
grann	adj,noun
granne	noun
grannlaga	adj
grannlagenhet	noun
grannland	noun
grannlåt	noun
grannskap	noun
grannstad	noun
grannsämja	noun
granntyckt	adj
granntyckthet	noun
granplundring	noun
granska	verb
granskning	noun
granskningsnämnd	noun
granskningsrapport	noun
granskog	noun
gransångare	noun
grape	noun
grapefrukt	noun
grassera	verb
gratinera	verb
gratis	adj,adv
gratispassagerare	noun
gratisprogram	noun
gratulation	noun
gratulera	verb
gratulerar	intj
gratäng	noun
grav	adj,noun
grava	verb
gravallvarlig	adj
gravallvarligt	adv
gravand	noun
gravera	verb
graverande	adj
gravfrid	noun
gravhög	noun
gravid	adj
graviditet	noun
graviditetstest	noun
gravitation	noun
gravitationskraft	noun
gravitationsstrålning	noun
gravitationsvåg	noun
gravkammare	noun
gravkapell	noun
gravkummel	noun
gravlax	noun
gravlaxsås	noun
gravlik	adj
gravmonumentsindustrifabrikationsprodukt	noun
gravning	noun
gravplats	noun
gravplundrare	noun
gravplundring	noun
gravröse	noun
gravskändare	noun
gravskändning	noun
gravsten	noun
gravvård	noun
gravyrstickel	noun
gravöl	noun
gray	noun
green	noun
greger	name
gregoriansk	adj
grej	noun
grek	noun
grekcypriot	noun
grekcypriotisk	adj
grekisk	adj
grekisk-katolsk	adj
grekisk-ortodox	adj
grekisk-romersk	adj
grekiska	noun
grekland	name
gren	noun
grena	verb
grenada	name
grenadier	noun
grenadisk	adj
grenadiska	noun
grenadjär	noun
grenbingel	noun
grendosa	noun
grensle	adv
grenuttag	noun
grep	noun
grepp	noun
greppa	verb
greppbräda	noun
greta	name
greuelpropaganda	noun
greve	noun
grevinna	noun
grevskap	noun
griffeltavla	noun
grift	noun
griftefrid	noun
griljera	verb
grill	noun
grilla	verb
grillad	adj
griller	noun
grillfest	noun
grillkol	noun
grillkväll	noun
grillning	noun
grillpanna	noun
grillspett	noun
grillvante	noun
grimas	noun
grimasera	verb
grimma	noun
grimshult	name
grimskaft	noun
grina	verb
grind	noun
grindslant	noun
grindstolpe	noun
grindstuga	noun
grindvakt	noun
grindval	noun
gringo	noun
grinig	adj
grinighet	noun
grip	noun
gripa	verb
gripande	noun
gripdon	noun
griplastare	noun
gris	noun
grisaktig	adj
grisfest	noun
griskulting	noun
griskött	noun
grissla	noun
grisögd	adj
grizzlybjörn	noun
gro	verb
grobar	adj
grobarhet	noun
grobian	noun
groblad	noun
groda	noun
grodd	noun
grodda	verb
groddjur	noun
grodlår	noun
grodman	noun
grodyngel	noun
grogg	noun
groggy	adj
grogrund	noun
groll	noun
grop	noun
gropig	adj
gropighet	noun
gross	noun
grossess	noun
grosshandel	noun
grossist	noun
grossistfirma	noun
grossistföretag	noun
grossistpris	noun
grot	noun
grotesk	adj,noun
groteskt	adv
grotta	noun
grottekvarn	noun
grottinvånare	noun
grottkammare	noun
grottman	noun
grottmänniska	noun
grottmålning	noun
grottrum	noun
grottstadium	noun
grov	adj
grovarbetare	noun
grovarbete	noun
grovgöra	noun
grovhet	noun
grovhuggare	noun
grovhuggen	adj
grovjobb	noun
grovkem	noun
grovkornig	adj
grovkornighet	noun
grovlek	noun
grovlemmad	adj
grovmalen	adj
grovmaskig	adj
grovsmed	noun
grovtarm	noun
growl	noun
growla	verb
grr	intj
grubbel	noun
grubbla	verb
grubblare	noun
grubbleri	noun
gruff	noun
gruffa	verb
grumla	verb
grumlig	adj
grumlighet	noun
grumligt	adv
grumling	noun
grums	noun
grund	adj,noun
grunda	verb
grundad	adj,verb
grundare	noun
grundbult	noun
grundforskning	noun
grundförutsättning	noun
grundlag	noun
grundlagsenlig	adj
grundlagsskyddad	adj
grundlagsvidrig	adj
grundlagsändring	noun
grundlig	adj
grundligen	adv
grundlighet	noun
grundlura	verb
grundlägga	verb
grundläggande	adj,noun
grundläggare	noun
grundlös	adj
grundlöshet	noun
grundmurad	adj
grundnivå	noun
grundorsak	noun
grundpelare	noun
grundprincip	noun
grundsats	noun
grundskola	noun
grundskoleelev	noun
grundsten	noun
grundstötning	noun
grundtal	noun
grundtanke	noun
grundval	noun
grundvatten	noun
grundvattennivå	noun
grundämne	noun
grunka	noun
grunt	adv
grupp	noun
gruppboende	noun
gruppdynamik	noun
gruppera	verb
gruppering	noun
grupperingsfunktion	noun
gruppindelning	noun
gruppledare	noun
gruppmedlem	noun
gruppsex	noun
gruppspel	noun
gruppspelsmatch	noun
gruppteori	noun
gruppterapi	noun
grupptillhörighet	noun
grupptryck	noun
grupptänk	noun
grupptänkande	noun
gruppväljare	noun
gruppvåldtäkt	noun
gruppäktenskap	noun
grus	noun
grusa	verb
grusbana	noun
grusgrop	noun
grushög	noun
grusig	adj
gruskorn	noun
grusplan	noun
grusspelare	noun
grustag	noun
grusväg	noun
gruva	noun,verb
gruvarbetare	noun
gruvbolag	noun
gruvföretag	noun
gruvgas	noun
gruvindustri	noun
gruvlig	adj
gruvlighet	noun
gruvschakt	noun
gruvstolpe	noun
gry	noun,verb
grym	adj
grymhet	noun
grymt	intj,noun
grymta	verb
grymtning	noun
gryn	noun
grynig	adj
grynighet	noun
gryning	noun
gryningsräd	noun
grynkorv	noun
grynna	noun
grynpipig	adj
gryt	noun
gryta	noun
grytlapp	noun
grytlock	noun
grytmaxa	verb
grytstek	noun
grytunderlägg	noun
grytvante	noun
grädda	noun,verb
gräddbulle	noun
grädde	noun
gräddfil	noun
gräddig	adj
gräddigt	adv
gräddkanna	noun
gräddning	noun
gräddsnipa	noun
gräddsnäcka	noun
gräl	noun
gräla	verb
grälaktig	adj
grälig	adj
gräll	adj
grälsjuk	adj
gräma	verb
grämelse	noun
gränd	noun
gräns	noun
gränsa	verb
gränsbevakning	noun
gränsfall	noun
gränsflod	noun
gränskontroll	noun
gränskränkning	noun
gränsland	noun
gränsle	adv
gränslinje	noun
gränslös	adj
gränslöshet	noun
gränsmärke	noun
gränsnytta	noun
gränsområde	noun
gränspassage	noun
gränspolis	noun
gränspostering	noun
gränsröse	noun
gränssnitt	noun
gränsstad	noun
gränssten	noun
gränstrakt	noun
gränstvist	noun
gränsvakt	noun
gränsvärde	noun
gränszon	noun
gränsövergång	noun
gränsöverskridande	adj
gränsöverskridare	noun
gräs	noun
gräsand	noun
gräsbana	noun
gräsbrand	noun
gräshoppa	noun
gräshoppssångare	noun
gräsklippare	noun
gräslig	adj
gräslighet	noun
gräslök	noun
gräsmatta	noun
gräsplan	noun
gräsplätt	noun
gräsrot	noun
gräsrotsdemokrati	noun
gräsrotsnivå	noun
gräsrotsrörelse	noun
grässlätt	noun
grässtrå	noun
grässångare	noun
grästuva	noun
gräsulv	noun
gräsänka	noun
gräsänkling	noun
gräsätare	noun
grätten	adj
grättenhet	noun
gräv	noun
gräva	verb
grävande	noun
grävare	noun
grävling	noun
grävlingsjakt	noun
grävmaskin	noun
grävning	noun
grävskopa	noun
grå	adj
gråaktig	adj
gråal	noun
gråbo	name,noun
gråbroder	noun
gråbrödrakloster	noun
grådask	noun
grådaskig	adj
grådaskighet	noun
gråen	name
gråfibbla	noun
grågam	noun
grågäss	noun
grågås	noun
gråhakedopping	noun
gråhet	noun
gråhäger	noun
gråhårig	adj
gråhårsman	noun
gråkall	adj
gråmalva	noun
gråmes	noun
gråna	verb
gråsiska	noun
gråskägg	noun
gråsparv	noun
gråspett	noun
gråsprängd	adj
gråsugga	noun
gråsäl	noun
gråt	noun
gråta	verb
gråterska	noun
gråtfärdig	adj
gråtjuv	noun
gråtmild	adj
gråtmildhet	noun
gråtmilt	adv
gråtrut	noun
gråzon	noun
gråögd	adj
gröda	noun
grön	adj
grönaktig	adj
grönbena	noun
grönfink	noun
gröngöling	noun
grönholm	name
grönkläder	noun
grönkål	noun
grönköping	name
grönköpingsmässig	adj
grönland	name
grönlandssäl	noun
grönlandsval	noun
grönländare	noun
grönländsk	adj
grönländska	noun
grönlänning	noun
grönmes	noun
grönmynta	noun
grönmåla	verb
grönmålning	noun
grönmögelost	noun
grönpeppar	noun
grönpepparsås	noun
grönroos	name
grönsak	noun
grönsakshandel	noun
grönsakshandlare	noun
grönsaksland	noun
grönsakssoppa	noun
grönsallad	noun
grönsiska	noun
grönska	noun,verb
grönsångare	noun
grönt	noun
grönögd	adj
gröpa	verb
gröpning	noun
gröt	noun
grötaktig	adj
grötig	adj
grötighet	noun
grötigt	adv
grötmyndig	adj
grötmyndighet	noun
grötmyndigt	adv
grötomslag	noun
grötrim	noun
gt	name
guacamole	noun
guatemala	name
guatemalan	noun
guatemalansk	adj
guatemalanska	noun
gubbakvart	noun
gubbfan	noun
gubbjävel	noun
gubbkeps	noun
gubbröra	noun
gubbröst	noun
gubbsjuk	adj
gubbslem	noun
gubbvälde	noun
gucci	adj,name,noun
gud	name,noun
gudabenådad	adj
gudaföderska	name
gudagåva	noun
gudaktig	adj
gudaktighet	noun
gudalik	adj
gudamänniska	name
gudasaga	noun
gudaskymning	noun
gudason	noun
gudavälde	noun
gudbarn	noun
guddotter	noun
gudfader	noun
gudfar	noun
gudfruktig	adj
gudfruktighet	noun
guding	noun
gudinna	noun
gudlös	adj
gudlöshet	noun
gudmoder	noun
gudmor	noun
gudmund	name
gudom	noun
gudomlig	adj
gudomliggöra	verb
gudomliggörelse	noun
gudomlighet	noun
gudomligt	adv
gudrun	name
gudsbevis	noun
gudsdom	noun
gudsfruktan	noun
gudsfruktans	noun
gudsförgäten	adj
gudsförnekare	noun
gudsförnekelse	noun
gudskelov	adv
gudslån	noun
gudsman	noun
gudson	noun
gudstjänst	noun
gudstro	noun
guide	noun
guidning	noun
guinea	name
guinea-bissau	name
guinean	noun
gul	adj,noun
gula	noun
gulaktig	adj
guld	noun
guldbagge	noun
guldbaggegala	noun
guldband	noun
guldblad	noun
guldbrun	noun
guldfasan	noun
guldfavorit	noun
guldfisk	noun
guldföremål	noun
guldgruva	noun
guldheden	name
guldkalv	noun
guldkant	noun
guldkedja	noun
guldklimp	noun
guldkusten	name
guldläge	noun
guldmakare	noun
guldmakrill	noun
guldmalm	noun
guldmedalj	noun
guldmedaljör	noun
guldmynt	noun
guldpeng	noun
guldplätering	noun
guldreserv	noun
guldrusch	noun
guldsmed	noun
guldsmycke	noun
guldstjärna	noun
guldtacka	noun
guldtand	noun
guldtrast	noun
guldvåg	noun
guldäpple	noun
guldåder	noun
guldålder	noun
gulhet	noun
gulhämpling	noun
gulhårig	adj
guling	noun
gulla	verb
gullberg	name
gullbergsvass	name
gullborste	noun
gullfrö	noun
gullgosse	noun
gullregn	noun
gullris	noun
gullviva	noun
gulna	verb
gulnäbb	noun
gulnäbbsintagning	noun
gulp	intj
gulsippa	noun
gulsot	noun
gulsparv	noun
gulsporre	noun
gulsångare	noun
gulärla	noun
gumma	noun
gummera	verb
gummering	noun
gummi	noun
gummiartad	adj
gummiband	noun
gummibjörn	noun
gummiboll	noun
gummibåt	noun
gummigutta	noun
gummikula	noun
gummiraka	noun
gummirep	noun
gummiskrapa	noun
gummisnodd	noun
gummisnopp	noun
gummistropp	noun
gummistövel	noun
gump	noun
gumse	noun
gun	name
gun-britt	name
gunborg	name
gunda	name
gung	noun
gunga	noun,verb
gungbräda	noun
gungfly	noun
gunghäst	noun
gungig	adj
gungning	noun
gungstol	noun
gunhild	name
gunilla	name
gunnar	name
gunnarsson	name
gunnel	name
gunst	noun
gunstling	noun
gunvor	name
gupp	noun
guppa	verb
guppig	adj
gurgel	noun
gurgla	verb
gurgling	noun
gurka	noun
gurkburk	noun
gurkmeja	noun
gurkskiva	noun
gurli	name
gurra	name
guru	noun
guskelov	adv
gusp	noun
gustaf	name
gustafsson	name
gustav	intj,name
gustava	name
gustaviansk	adj
gustavsson	name
gutniska	noun
guvernant	noun
guvernement	noun
guvernör	noun
guvernörskap	noun
guvernörsval	noun
guyana	name
guyanan	noun
guyanansk	adj
guyananska	noun
gyckel	noun
gyckelmakare	noun
gyckla	verb
gydja	noun
gylf	noun
gyllene	adj
gyllenlack	noun
gyllensparv	noun
gylling	noun
gym	noun
gymma	verb
gymnasial	adj
gymnasieelev	noun
gymnasieklass	noun
gymnasieskola	noun
gymnasist	noun
gymnasium	noun
gymnast	noun
gymnastik	noun
gympa	noun
gympadoja	noun
gynekolog	noun
gynekologi	noun
gynekologisk	adj
gynna	verb
gynnare	noun
gynnsam	adj
gynnsamhet	noun
gyro	noun
gyrokompass	noun
gyros	noun
gyroskop	noun
gyroskopisk	adj
gytter	noun
gyttja	noun
gyttjebad	noun
gyttjebrottning	noun
gyttjepöl	noun
gyttjig	adj
gäck	noun
gäcka	verb
gäckande	adj
gäcksam	adj
gädda	noun
gäddfärs	noun
gäddnate	noun
gäl	noun
gäldenär	noun
gäldstuga	noun
gälisk	adj
gäll	adj,noun
gälla	verb
gällande	adj
gällen	adj
gällivare	name
gäng	noun
gänga	noun,verb
gängbrottslighet	noun
gängkrig	noun
gängkriminalitet	noun
gängkriminell	adj
gängledare	noun
gänglig	adj
gängmedlem	noun
gängmord	noun
gängse	adj
gängtillhörighet	noun
gärd	name
gärde	noun
gärdesgård	noun
gärdsgård	noun
gärdsmyg	noun
gärna	adv
gärning	noun
gärningsbeskrivning	noun
gärningsman	noun
gärningsperson	noun
gärs	noun
gärsgård	noun
gäsp	noun
gäspa	verb
gäspning	noun
gässling	noun
gäst	noun
gästa	verb
gästarbetare	noun
gästbok	noun
gästforskare	noun
gästfri	adj
gästfrihet	noun
gästföreläsare	noun
gästgivaregård	noun
gästlista	noun
gästnatt	noun
gästrikland	name
gästriklänning	noun
gästrum	noun
gästskribent	noun
gästspel	noun
gästvänlig	adj
gästvänlighet	noun
gävle	name
gävlebocken	name
gävleborg	name
gå	verb
gående	adj,noun
gåfotboll	noun
gågata	noun
gång	noun
gångare	noun
gångart	noun
gångbana	noun
gångbar	adj
gångbro	noun
gången	adj
gånger	prep
gångfartsområde	noun
gånggrift	noun
gångjärn	noun
gångväg	noun
gåpåaraktig	adj
gåpåare	noun
gård	noun
gårda	name
gårdag	noun
gårdfarihandel	noun
gårdfarihandlare	noun
gårdsförsäljning	noun
gårdsplan	noun
gås	noun
gåsgam	noun
gåshud	noun
gåskarl	noun
gåspenna	noun
gåstol	noun
gåsunge	noun
gåsögon	noun
gåsört	noun
gåta	noun
gåtfull	adj
gåtfullhet	noun
gåtfullt	adv
gåtåg	noun
gåva	noun
gåvobrev	noun
gåvomottagare	noun
gåvoskatt	noun
gåvotagare	noun
göda	verb
gödning	noun
gödsel	noun
gödselhög	noun
gödselstack	noun
gödsla	verb
gödsling	noun
gök	noun
gökklocka	noun
göktyta	noun
gökur	noun
göl	noun
gömd	adj
gömfröig	adj
gömma	noun,verb
gömsle	noun
gömställe	noun
gör-det-själv	noun
göra	noun,verb
göran	name
göransson	name
görare	noun
gördel	noun
görlig	adj
görlighet	noun
göromål	noun
gös	noun
gösta	name
göt	noun
göta	name
götaland	name
göte	name
göteborg	name
göteborgare	noun
göteborgska	noun
göteborgsvits	noun
götene	name
h	character,noun
ha	intj,verb
haag	name
hab	name
habackuk	name
habakuck	name
habakucks	name
habil	adj
hack	noun
hacka	noun,verb
hackare	noun
hackig	adj
hackighet	noun
hackkyckling	noun
hackordning	noun
hackspett	noun
hafnium	noun
hafs	noun
hafsa	verb
hafsig	adj
hafsighet	noun
hafsverk	noun
haga	name
hagalen	adj
hage	noun
hagel	noun
hagelgevär	noun
hagelkorn	noun
hagelskott	noun
hagelstorm	noun
hagg	name
hagga	noun
haggaj	name
hagiografisk	adj
hagla	verb
hagtorn	noun
haha	intj
haiti	name
haitier	noun
haitisk	adj
haitiska	noun
haj	noun
hajattack	noun
hajdare	noun
hajfena	noun
hajfenssoppa	noun
hajmal	noun
hajp	noun
hak	noun
haka	noun,verb
hake	noun
hakkors	noun
haklapp	noun
hakparentes	noun
hal	adj
hala	verb
halal	adj
halalkött	noun
halalslakt	noun
halen	name
halhet	noun
halka	noun,verb
halkig	adj
halkighet	noun
halkning	noun
halksäker	adj
hall	noun
halland	name
halleluja	intj
hallick	noun
hallon	noun
hallonbåt	noun
hallongrotta	noun
hallonkräm	noun
hallonmazarin	noun
hallonsaft	noun
hallonsylt	noun
hallsberg	name
hallucination	noun
hallucinera	verb
hallucinogen	adj,noun
hallänning	noun
hallå	intj
halm	noun
halmbal	noun
halmbock	noun
halmdocka	noun
halmgubbe	noun
halmmadrass	noun
halmstad	name
halmstrå	noun
halning	noun
halo	noun
halogenalkan	noun
halogenering	noun
hals	noun
halsa	verb
halsad	adj
halsband	noun
halsbandsflugsnappare	noun
halsbloss	noun
halsbrytande	adj
halsbränna	noun
halsduk	noun
halsfluss	noun
halshugga	verb
halshuggen	adj
halshuggning	noun
halskota	noun
halsmandel	noun
halspulsåder	noun
halsstarrig	adj
halsstarrighet	noun
halster	noun
halstra	verb
halstrad	adj
halstring	noun
halt	adj,intj,noun
halta	verb
haltning	noun
halv	adj,prep
halva	noun
halvautomatisk	adj
halvblind	adj
halvbroder	noun
halvbror	noun
halvbutelj	noun
halvcirkel	noun
halvcirkelformad	adj
halvcirkelformig	adj
halvdan	adj
halvdant	adv
halvdunkel	adj,noun
halvdussin	noun
halvdöd	adj
halvera	verb
halvfabrikat	noun
halvflaska	noun
halvfull	adj
halvfylld	adj
halvgud	noun
halvgudinna	noun
halvhet	noun
halvhjärtad	adj
halvimperial	noun
halvklot	noun
halvklotformig	adj
halvknäppare	noun
halvkriminell	adj
halvledare	noun
halvlek	noun
halvljus	noun
halvmaraton	noun
halvmesyr	noun
halvmilitär	adj
halvmåne	noun
halvmånformig	adj
halvmörk	adj
halvmörker	noun
halvnaken	adj
halvnot	noun
halvofficiell	adj
halvpension	noun
halvplan	noun
halvprofessionell	adj
halvrim	noun
halvsanning	noun
halvsekel	noun
halvspråkighet	noun
halvsyskon	noun
halvsyster	noun
halvt	adv
halvtid	noun
halvtidspaus	noun
halvtimma	noun
halvtimme	noun
halvtorr	adj
halvvägs	adv
halväten	adj
halvår	noun
halvårsskifte	noun
halvö	noun
halvöken	noun
hamas	name
hambo	noun
hamburg	name
hamburgare	noun
hamburgerkött	noun
hammarby	name
hammare	name,noun
hammarhaj	noun
hammarklaver	noun
hammarskaft	noun
hammarskjöld	name
hammock	noun
hamn	noun
hamna	verb
hamnanläggning	noun
hamnarbetare	noun
hamnavgift	noun
hamneda	name
hamnkaj	noun
hamnkrog	noun
hamnmyndighet	noun
hamnområde	noun
hamnpir	noun
hamnskiftare	noun
hamnstad	noun
hampa	noun
hampus	name
hamra	verb
hamring	noun
hamster	noun
hamstra	verb
hamstring	noun
han	pron
hanblomma	noun
hand	noun
handboja	noun
handbok	noun
handboll	noun
handbollslag	noun
handbollslandskamp	noun
handbollslandslag	noun
handbollsmatch	noun
handbollsplan	noun
handbroms	noun
handduk	noun
handel	noun
handeldvapen	noun
handelsavtal	noun
handelsbolag	noun
handelsdag	noun
handelsembargo	noun
handelsfartyg	noun
handelsflotta	noun
handelsflykt	noun
handelsgata	noun
handelsgödsel	noun
handelshinder	noun
handelshögskola	noun
handelskammare	noun
handelskompani	noun
handelskrig	noun
handelsman	noun
handelsminister	noun
handelsområde	noun
handelspolitik	noun
handelsresande	noun
handelsrätt	noun
handelsrättslig	adj
handelssekreterare	noun
handelsterm	noun
handelsunderskott	noun
handelsvara	noun
handelsöverskott	noun
handfallen	adj
handfallenhet	noun
handfat	noun
handflata	noun
handfull	noun
handfängsel	noun
handgemäng	noun
handgranat	noun
handgriplig	adj
handgripligen	adv
handgången	adj
handhjärta	noun
handhållen	adj
handikapp	noun
handkamera	noun
handklaver	noun
handklove	noun
handkontroll	noun
handla	verb
handlande	adj,noun
handlare	noun
handled	noun
handleda	verb
handledare	noun
handledning	noun
handledsskott	noun
handling	noun
handlingsförlamning	noun
handlingskraft	noun
handlingskraftig	adj
handlingsplan	noun
handlingsprogram	noun
handlov	noun
handlägga	verb
handläggare	noun
handläggning	noun
handläggningstid	noun
handlån	noun
handlöst	adv
handpenning	noun
handpåläggning	noun
handrygg	noun
handräcke	noun
handskakning	noun
handskas	verb
handske	noun
handskfack	noun
handskmakare	noun
handskrift	noun
handslag	noun
handsprit	noun
handsvett	noun
handtag	noun
handtruck	noun
handtryck	noun
handvapen	noun
handvändning	noun
handväska	noun
hane	noun
hangar	noun
hangarfartyg	noun
hangarkryssare	noun
haninge	name
hanka	verb
hankines	noun
hankontakt	noun
hankön	noun
hanna	name
hannah	name
hanne	noun
hannes	name
hanrej	noun
hanreja	verb
hans	name,pron
hansson	name
hantel	noun
hantera	verb
hanterare	noun
hanterbar	adj
hantering	noun
hanterlighet	noun
hantlangare	noun
hantverk	noun
hantverkare	noun
hantverksmässig	adj
hantverksskicklig	adj
hantverksskicklighet	noun
hanö	name
haparanda	name
haptik	noun
hara	verb
harakiri	noun
haraktig	adj
harald	name
haram	adj
harang	noun
hare	noun
harem	noun
harhjärtad	adj
harig	adj
harighet	noun
harjakt	noun
harkla	verb
harkling	noun
harkrank	noun
harm	noun
harmlös	adj
harmlöshet	noun
harmonisera	verb
harmonisering	noun
harmoniskt	adv
harmsen	adj
harmsenhet	noun
harpa	noun
harpist	noun
harpun	noun
harpunera	verb
harr	noun
harriet	name
harry	name
harsyra	noun
hart	adv
hartass	noun
harts	noun
hartsa	verb
hartsartad	adj
harv	noun
has	noun
hasa	verb
hasard	noun
hasardartad	adj
hasardspel	noun
hasardspelare	noun
hasch	noun
haschrökare	noun
hashtabell	noun
hasp	noun
haspelspö	noun
hasse	name
hassel	noun
hasselbackspotatis	noun
hasselmus	noun
hasselnöt	noun
hasselsnok	noun
hassium	noun
hast	noun
hasta	verb
hastig	adj
hastighet	noun
hastighetsgräns	noun
hastighetskamera	noun
hastighetsmätare	noun
hat	noun
hata	verb
hatare	noun
hatbrott	noun
hatfullhet	noun
hatfylld	adj
hatisk	adj
hatiskt	adv
hatkampanj	noun
hatkärlek	noun
hatpropaganda	noun
hatt	noun
hattig	adj
hattmakare	noun
haubits	noun
hausdorffrum	noun
haussa	verb
hausse	noun
hav	noun
havande	adj
havandeskap	noun
havandeskapsförgiftning	noun
havanna	name
have	noun
haver	verb
haverdal	name
haverera	verb
haveri	noun
haverikommission	noun
haverling	name
havre	noun
havregryn	noun
havregrynsgröt	noun
havremjöl	noun
havsanemon	noun
havsbad	noun
havsbaserad	adj
havsbotten	noun
havsgud	noun
havsjungfru	noun
havskatt	noun
havskryssare	noun
havskräfta	noun
havslaxöring	noun
havsmiljö	noun
havsnivå	noun
havsnära	adj
havsområde	noun
havssköldpadda	noun
havsström	noun
havssula	noun
havstrut	noun
havsvatten	noun
havsvik	noun
havsöring	noun
havsörn	noun
havtorn	noun
hawaii	noun
hawaiier	noun
hawaiipizza	noun
hawaiiska	noun
hawaiiskjorta	noun
hb	noun
hbt	noun
hbtq	noun
hbtqi	noun
hd	noun
he	pron
headbanga	verb
healing	noun
heat	noun
heb	name
hebefil	adj,noun
hebefili	noun
hebreerbrevet	name
hebreiska	noun
hed	noun
hedborg	name
hedemora	name
heden	name
hedendom	noun
hedenskog	name
heder	noun
hederlig	adj
hederlighet	noun
hederligt	adv
hedersam	adj
hedersamhet	noun
hedersbetygelse	noun
hedersförtryck	noun
hedersgäst	noun
hederskodex	noun
hederskultur	noun
hederslegion	noun
hedersman	noun
hedersmedborgare	noun
hedersmedlem	noun
hedersmord	noun
hedersord	noun
hedersordförande	noun
hedersskuld	noun
hedersvåld	noun
hedervärd	adj
hedervärt	adv
hedgefond	noun
hedlund	name
hedman	name
hedning	noun
hednisk	adj
hedonism	noun
hedonist	noun
hedonistisk	adj
hedpiplärka	noun
hedra	verb
hedvig	name
hefaistos	name
hehe	intj
heidi	name
heila	verb
hej	intj
heja	intj,verb
hejaklack	noun
hejaklacksledare	noun
hejaramsa	noun
hejare	noun
hejarklack	noun
hejarop	noun
hejd	noun
hejda	verb
hejdlös	adj
hejdlöshet	noun
hejdlöst	adv
hejduk	noun
hejsan	intj
hekatomb	noun
hektar	noun
hektisk	adj
hekto	noun
hektoliter	noun
hektor	name
hel	adj,name
hela	verb
helander	name
helare	noun
helautomatisk	adj
helbrägdagörare	noun
helbrägdagörelse	noun
helbutelj	noun
helen	name
helena	name
helene	name
helenius	name
helfabrikat	noun
helfigursporträtt	noun
helflaska	noun
helg	noun
helga	name,verb
helgardera	verb
helgdag	noun
helge	intj,name
helgedom	noun
helgelse	noun
helgerån	noun
helgon	noun
helgondyrkan	noun
helgondyrkande	adj
helgondyrkans	noun
helgonförklara	verb
helgonförklaring	noun
helgonkult	noun
helgonlik	adj
helgonskrin	noun
helhet	noun
helhetsbedömning	noun
helhetsgrepp	noun
helhetsintryck	noun
helhetsperspektiv	noun
helhetssyn	noun
helhjärtad	adj
helhjärtat	adv
helhjärtenhet	noun
helig	adj
helighet	noun
helikopter	noun
helikopterlina	noun
helikopterolycka	noun
helikoptersnöre	noun
helin	name
heliocentrisk	adj
helium	noun
hellen	noun
hellenism	noun
hellenistisk	adj
hellensk	adj
hellenskt	adv
heller	adv
helljus	noun
hellström	name
helmer	name
helnot	noun
helnykter	adj
helnykterhet	noun
helnykterist	noun
helnöjd	adj
helot	noun
helpension	noun
helsingborg	name
helsingfors	name
helsingör	name
helskinnad	adj
helspänn	adv,noun
helstekt	adj
helsvensk	adj
helt	adv
heltal	noun
heltid	noun
heltidsanställa	verb
heltidsanställning	noun
heltidspolitiker	noun
heltäckande	adj
heltäckningsmatta	noun
helvete	intj,noun
helveteseld	noun
helvetisk	adj
helylle	noun
hem	adv,noun
hemadress	noun
hembesök	noun
hembiträde	noun
hembränd	adj
hembrännare	noun
hembränning	noun
hembränningsapparat	noun
hembränt	noun
hembud	noun
hembygd	noun
hembygdsförening	noun
hembygdsgård	noun
hemelektronik	noun
hemester	noun
hemfalla	verb
hemfrid	noun
hemfridsbrott	noun
hemfärd	noun
hemförlossning	noun
hemförlova	verb
hemgift	noun
hemgjord	adj
hemifrån	adv
hemisfär	noun
hemkalla	verb
hemkomst	noun
hemkörning	noun
hemlagad	adj
hemland	noun
hemleverans	noun
hemlig	adj
hemlighet	noun
hemlighetsfull	adj
hemlighetsfullhet	noun
hemlighetsmakeri	noun
hemlighålla	verb
hemligstämpel	noun
hemligstämpla	verb
hemligstämplad	adj
hemligstämpling	noun
hemlängtan	noun
hemläxa	noun
hemlån	noun
hemlös	adj
hemlöshet	noun
hemma	adj,adv
hemmafest	noun
hemmafru	noun
hemmagjord	adj
hemmahörande	adj
hemmakväll	noun
hemmalag	noun
hemmaman	noun
hemmamatch	noun
hemman	noun
hemmansägare	noun
hemmaodlad	adj
hemmaplan	noun
hemmaseger	noun
hemmasnickrad	adj
hemmastadd	adj
hemmasupporter	noun
hemmavid	adv
hemming	name
hemnummer	noun
hemodlad	adj
hemofili	noun
hemoglobin	noun
hemorrojd	noun
hemort	noun
hemsida	noun
hemsk	adj
hemskhet	noun
hemslöjd	noun
hemsnickrad	adj
hemstad	noun
hemställa	verb
hemställan	noun
hemsöka	verb
hemsökelse	noun
hemsökt	adj
hemtam	adj
hemtrevlig	adj
hemul	noun
hemuppgift	noun
hemvist	noun
hemvärn	noun
hemvärnssoldat	noun
hemåt	adv
hen	pron
henke	name
henne	pron
hennes	det,pron
henning	name
henny	name
henrietta	name
henrik	name
henrika	name
henriksson	name
henry	name,noun
hentai	noun
hepatit	noun
heptan	noun
hera	name
herakles	name
heraldik	noun
heraldiker	noun
heraldisera	verb
heraldisk	adj
heraldiskt	adv
herbert	name
herde	noun
herdefolk	noun
herdekonung	noun
herdestund	noun
herdesångare	noun
here	noun
hereditet	noun
hereditär	adj
heresi	noun
heretiker	noun
heretisk	adj
herkules	name
herkulesarbete	noun
herkulisk	adj
hermafrodit	noun
hermafroditisk	adj
hermafroditism	noun
herman	name
hermansson	name
hermelin	noun
hermeneutik	noun
hermeneutiker	noun
hermeneutisk	adj
hermes	name
hermetisk	adj
heroin	noun
heroinist	noun
heroisera	verb
heroisering	noun
heroisk	adj
heroiskt	adv
herpes	noun
herrans	adv
herravälde	noun
herrbesök	noun
herrbetjänt	noun
herre	name,noun
herregud	intj
herrejävlar	intj
herrejösses	intj
herrelös	adj
herrelöshet	noun
herren	name
herresäte	noun
herrgård	noun
herrgårdstårta	noun
herrlag	noun
herrlandslag	noun
herrparfym	noun
herrskap	noun
herrtoalett	noun
herrum	noun
herrunderkläder	noun
herrur	noun
herrväska	noun
herta	name
hertig	noun
hertigdöme	noun
hertiginna	noun
hertigvapen	noun
hertz	noun
hes	adj,name
hesekiel	name
heshet	noun
hessian	noun
hestia	name
het	adj
heta	verb
hetblodig	adj
heterodoxi	noun
heterofobi	noun
heterogen	adj
heterogenitet	noun
heteronorm	noun
heteronormativ	adj
heteronormativitet	noun
heterosexualitet	noun
heterosexuell	adj
hetlevrad	adj
hets	noun
hetsa	verb
hetsare	noun
hetsig	adj
hetsighet	noun
hetsjakt	noun
hetsporre	noun
hetspropaganda	noun
hetsäta	verb
hetsätare	noun
hetsätning	noun
hetta	noun,verb
hettitiska	noun
hetvägg	noun
hetär	noun
heuristisk	adj
hexagonal	adj
hexan	noun
hibernera	verb
hibernering	noun
hibiskus	noun
hicka	noun,verb
hickning	noun
hierarki	noun
hieroglyf	noun
hieroglyfisk	adj
higgsboson	noun
higgspartikel	noun
hilbertrum	noun
hilda	name
hildegard	name
hilding	name
hildur	name
hillevi	name
hilma	name
himalaya	name
himalayagyllenmes	noun
himla	verb
himladrottning	name
himlafader	name
himlafar	name
himlafäste	noun
himlakropp	noun
himlavalv	noun
himmel	noun
himmelrike	noun
himmelsblå	adj
himmelsfärd	noun
himmelsk	adj
himmelssfär	noun
hin	article,noun
hind	noun
hinder	noun
hinderbana	noun
hinderlöpare	noun
hinderlöpning	noun
hindersprövning	noun
hindra	verb
hindu	noun
hinduisk	adj
hinduism	noun
hinduistisk	adj
hingst	noun
hink	noun
hinka	verb
hinkvis	adv
hinna	noun,verb
hinnaktig	adj
hinnartad	adj
hippa	noun
hippie	noun
hippokrates	name
hippokratisk	adj
hippolog	noun
hippologi	noun
hippologisk	adj
hipster	noun
hird	noun
hiskia	name
hisklig	adj
hisnande	adj
hispaniolakorsnäbb	noun
hispanisera	verb
hiss	noun
hissa	verb
hisschakt	noun
hissdörr	noun
hissnande	adj
hisspitch	noun
hisspojke	noun
histamin	noun
histidin	noun
histiocytom	noun
histogram	noun
historia	noun
historicitet	noun
historieberättare	noun
historieförfalskning	noun
historielös	adj
historielöshet	noun
historierevisionism	noun
historieroman	noun
historieskrivning	noun
historievetenskap	noun
historievetenskaplig	adj
historik	noun
historiografisk	adj
historisering	noun
historisk	adj
historiskhet	noun
hit	adv
hitersta	adj
hithörande	adj
hitintills	adv
hitler	name
hitlerhälsning	noun
hitlerjugend	name
hitlermustasch	noun
hitlista	noun
hitmakare	noun
hitom	prep
hitre	adj
hitta	verb
hittad	adj
hittegods	noun
hittelön	noun
hittills	adv
hitåt	adv
hiv	noun
hiv-positiv	adj
hiva	verb
hivepidemi	noun
hivning	noun
hivpositiv	adj
hivvirus	noun
hjalmar	name
hjelmqvist	name
hjord	noun
hjort	noun
hjorta	verb
hjortdjur	noun
hjorthorn	noun
hjorthornssalt	noun
hjortron	noun
hjortronsalt	noun
hjortronsylt	noun
hjul	noun
hjula	verb
hjulbent	adj
hjulbenthet	noun
hjulboja	noun
hjulformig	adj
hjulgrävare	noun
hjullastare	noun
hjulmakare	noun
hjulning	noun
hjulspår	noun
hjulupphängning	noun
hjulångare	noun
hjälm	noun
hjälmaren	name
hjälmkasuar	noun
hjälp	intj,noun
hjälpa	verb
hjälparbetare	noun
hjälparbete	noun
hjälpbehov	noun
hjälpinsats	noun
hjälplig	adj
hjälpligt	adv
hjälplös	adj
hjälplöshet	noun
hjälpmedel	noun
hjälporganisation	noun
hjälppräst	noun
hjälpreda	noun
hjälpsam	adj
hjälpsamhet	noun
hjälpsändning	noun
hjälpvampyr	noun
hjälpverb	noun
hjälpvetenskap	noun
hjälpvillig	adj
hjälte	noun
hjältebragd	noun
hjältedyrkan	noun
hjältedåd	noun
hjältemodig	adj
hjältinna	noun
hjärna	noun
hjärnaktivitet	noun
hjärnbalk	noun
hjärnbark	noun
hjärnblödning	noun
hjärncell	noun
hjärndöd	adj,noun
hjärnflykt	noun
hjärnhalva	noun
hjärnhinna	noun
hjärnhinneinflammation	noun
hjärninflammation	noun
hjärnkirurg	noun
hjärnkirurgi	noun
hjärnlob	noun
hjärnröta	noun
hjärnskada	noun
hjärnskakning	noun
hjärnskål	noun
hjärnspöke	noun
hjärnstam	noun
hjärnsubstans	noun
hjärntrust	noun
hjärntumör	noun
hjärntvätt	noun
hjärntvätta	verb
hjärntvättad	adj
hjärntvättning	noun
hjärnverksamhet	noun
hjärt-kärlsjukdom	noun
hjärt-lungräddning	noun
hjärta	noun
hjärtansfröjd	noun
hjärtanskär	noun
hjärtattack	noun
hjärtegryn	noun
hjärtekrossare	noun
hjärter	noun
hjärterdam	noun
hjärteress	noun
hjärterknekt	noun
hjärterkung	noun
hjärterstöld	noun
hjärterum	noun
hjärteräss	noun
hjärtesorg	noun
hjärtfel	noun
hjärtinfarkt	noun
hjärtkammare	noun
hjärtkirurgi	noun
hjärtklaff	noun
hjärtklappning	noun
hjärtlig	adj
hjärtlighet	noun
hjärtlös	adj
hjärtlöshet	noun
hjärtmussla	noun
hjärtrytm	noun
hjärtsjukdom	noun
hjärtskärande	adj
hjärtslag	noun
hjärtstartare	noun
hjärtstillestånd	noun
hjärtstopp	noun
hjärtsvikt	noun
hjärtvapen	noun
hjässa	noun
hjässlob	noun
hjördis	name
hk	noun
hlr	adv,noun
hms	noun
ho	noun
hoa	verb
hobby	noun
hockey	noun
hockeyklubba	noun
hogwarts	name
hogwartsliknande	adj
hokuspokus	intj,noun
holaveden	name
holdingbolag	noun
holger	name
holism	noun
holistisk	adj
holk	noun
holland	name
hollandaise	noun
hollandaisesås	noun
holländare	noun
holländsk	adj
holländska	noun
holm	name
holmberg	name
holme	noun
holmgren	name
holmgång	noun
holmium	noun
holmquist	name
holmström	name
holofyletisk	adj
holografisk	adj
hologram	noun
holonym	noun
homeopati	noun
homeopatisk	adj
homeostas	noun
homeostatisk	adj
homerisk	adj
homeros	name
homilet	noun
homiletik	noun
homiletisk	adj
homoerotik	noun
homoerotisk	adj
homoerotiskt	adv
homofob	adj,noun
homofobi	noun
homofobisk	adj
homofon	noun
homogen	adj
homogenisera	verb
homogenisering	noun
homogenitet	noun
homograf	noun
homomorfi	noun
homomorfism	noun
homonym	noun
homonymi	noun
homosex	noun
homosexualitet	noun
homosexuell	adj
homoäktenskap	noun
hon	pron
hona	noun
honblomma	noun
honduran	noun
honduransk	adj
honduranska	noun
honduras	name
hongkong	name
honkontakt	noun
honkön	noun
honnett	adj
honnör	noun
honnörsbord	noun
honom	pron
honung	noun
honungsbi	noun
honungsgrävling	noun
honungslen	adj
honungsmelon	noun
honungsskivling	noun
hoodie	noun
hop	adv,noun
hopa	verb
hopbiten	adj
hopdragning	noun
hopfällbar	adj
hopknyckling	noun
hopkrupen	adj
hoplit	noun
hopp	noun
hoppa	verb
hoppbana	noun
hoppborg	noun
hoppfull	adj
hoppfullhet	noun
hoppfylld	adj
hoppla	intj
hopplös	adj
hopplöshet	noun
hopplöst	adv
hoppning	noun
hopprep	noun
hoppspindel	noun
hoppstjärt	noun
hoppstylta	noun
hopptorn	noun
hopsamla	verb
hopsamling	noun
hopslagning	noun
hora	noun,verb
hord	noun
horeri	noun
horhus	noun
horisont	noun
horisontalitet	noun
horisontallinje	noun
horisontell	adj
hormon	noun
hormonell	adj
horn	noun
hornartad	adj
hornavan	name
horngädda	noun
hornhinna	noun
hornlocke	noun
hornsimpa	noun
hornsugga	noun
hornuggla	noun
hornämne	noun
horoskop	noun
horribel	adj
hortonom	noun
horunge	noun
hos	name,prep
hosea	name
hosjön	name
hospitalisera	verb
host	intj
hosta	noun,verb
hostieskändning	noun
hostmedicin	noun
hostning	noun
hostskydd	noun
hot	noun
hota	verb
hotare	noun
hotbild	noun
hotell	noun
hotellanläggning	noun
hotellgäst	noun
hotelliggare	noun
hotellkapacitet	noun
hotellobby	noun
hotellrum	noun
hotellyrke	noun
hotellägare	noun
hotelse	noun
hotfull	adj
hotnivå	noun
house	noun
hov	noun
hovdjur	noun
hovman	noun
hovmannamässig	adj
hovmästare	noun
hovmästarsås	noun
hovnarr	noun
hovreporter	noun
hovrätt	noun
hovrättsassessor	noun
hovrättsdomare	noun
hovrättsfiskal	noun
hovrättslagman	noun
hovrättspresident	noun
hovrättsråd	noun
hovsam	adj
hovsamhet	noun
hr	noun
huckle	noun
hud	noun
hudbristning	noun
hudcancer	noun
huddinge	name
hudflänga	verb
hudfärg	noun
hudkräm	noun
hudläkare	noun
hudlös	adj
hudlöshet	noun
hudsonspov	noun
hudvård	noun
hugad	adj
hugg	noun
hugga	verb
huggmejsel	noun
huggorm	noun
huggsexa	noun
huggsår	noun
huggtand	noun
huggvapen	noun
hugo	name
hugskott	noun
huk	noun
huka	verb
hukning	noun
huld	adj
hulda	name
huligan	noun
huliganbråk	noun
huliganism	noun
hulka	verb
hull	noun
huller	adv
hulling	noun
hulth	name
human	adj
humaniora	noun
humanisering	noun
humanitet	noun
humanitär	adj
humankapital	noun
humiditet	noun
humidor	noun
humla	noun
humle	noun
hummer	noun
hummerfiskare	noun
hummerfiske	noun
hummergaffel	noun
hummerkött	noun
hummerpremiär	noun
hummersallad	noun
hummerskal	noun
hummersoppa	noun
hummerstjärt	noun
hummersås	noun
hummertina	noun
hummus	noun
humor	noun
humorfri	adj
humorfylld	adj
humorgrupp	noun
humoristisk	adj
humorlös	adj
hump	noun
humus	noun
humör	noun
humörsvängning	noun
hunahär	noun
hund	noun
hundaktig	adj
hundfila	verb
hundfilad	adj
hundhuvud	noun
hundkapplöpning	noun
hundkoja	noun
hundkoppel	noun
hundkäx	noun
hundkött	noun
hundlik	adj
hundloka	noun
hundmat	noun
hundpatrull	noun
hundra	num
hundracka	noun
hundrade	adj
hundradel	noun
hundrafaldig	adj
hundrafaldiga	verb
hundrafalt	adv
hundralapp	noun
hundras	noun
hundratal	noun
hundratals	adv
hundratusen	num
hundratusental	noun
hundratusentals	adv
hundraårsdag	noun
hundraårsregn	noun
hundring	noun
hundsele	noun
hundsim	noun
hundskall	noun
hundskatt	noun
hundskrälle	noun
hundslagsmål	noun
hundsläde	noun
hundstjärnan	name
hundtandsgräs	noun
hundtunga	noun
hundvalp	noun
hundägare	noun
hundöra	noun
hundörad	adj
hunger	noun
hungersnöd	noun
hungerstrejk	noun
hungerstrejka	verb
hungra	verb
hungrig	adj
hunsa	verb
hur	adv
hurdan	pron
huri	noun
hurra	intj,verb
hurrarop	noun
hurril	noun
hursa	intj
hurtbulle	noun
hurtfrisk	adj
hurtig	adj
hurts	noun
huruvida	conj
hurvas	verb
hurven	noun
hus	noun
husa	verb
husande	noun
husar	noun
husband	noun
husbil	noun
husbonde	noun
husdjur	noun
husdjursägare	noun
husera	verb
husfluga	noun
husfolk	noun
husgeråd	noun
husgud	noun
hushåll	noun
hushålla	verb
hushållerska	noun
hushållning	noun
hushållsapparat	noun
hushållsarbete	noun
hushållsassistent	noun
hushållsinkomst	noun
hushållspapper	noun
hushållsutgift	noun
huskarl	noun
husknut	noun
huskur	noun
husköp	noun
husmanskost	noun
husmoder	noun
husmor	noun
husmus	noun
husneger	noun
husnummer	noun
huspostilla	noun
husrannsakan	noun
husrannsakningsorder	noun
husrum	noun
husse	noun
hussit	noun
hussitism	noun
hussvala	noun
hussyrsa	noun
hustavla	name
hustru	noun
hustrumisshandel	noun
hustrumisshandlare	noun
husvagn	noun
husvagnsliv	noun
husägare	noun
hut	intj,noun
huta	verb
hutlös	adj
hutlöshet	noun
hutlöst	adv
huttra	verb
huv	noun
huva	noun
huvtröja	noun
huvud	noun
huvudansvar	noun
huvudbonad	noun
huvudbry	noun
huvuddel	noun
huvuddiagonal	noun
huvuddrag	noun
huvudduk	noun
huvudfoting	noun
huvudfråga	noun
huvudförfattare	noun
huvudförhandling	noun
huvudgata	noun
huvudingång	noun
huvudjägare	noun
huvudkandidat	noun
huvudknopp	noun
huvudkonkurrent	noun
huvudkontor	noun
huvudkudde	noun
huvudkälla	noun
huvudkäromål	noun
huvudled	noun
huvudlus	noun
huvudlös	adj
huvudman	noun
huvudmatch	noun
huvudmotståndare	noun
huvudområde	noun
huvudort	noun
huvudperson	noun
huvudpoäng	noun
huvudproblem	noun
huvudpunkt	noun
huvudredaktör	noun
huvudregel	noun
huvudroll	noun
huvudrollsinnehavare	noun
huvudräkning	noun
huvudrätt	noun
huvudsak	noun
huvudsaklig	adj
huvudsakligen	adv
huvudsats	noun
huvudscenario	noun
huvudsida	noun
huvudskalle	noun
huvudskäl	noun
huvudskål	noun
huvudsponsor	noun
huvudspråk	noun
huvudstad	noun
huvudstol	noun
huvudstupa	adv
huvudsumma	noun
huvudsvål	noun
huvudsynd	noun
huvudsynpunkt	noun
huvudtanke	noun
huvudtränare	noun
huvuduppgift	noun
huvudverk	noun
huvudvittne	noun
huvudvärk	noun
huvudvärkstablett	noun
huvudägare	noun
huvudämne	noun
huvudö	noun
hwc	noun
hy	noun
hyacint	noun
hyalin	adj
hybrid	adj,noun
hybridfordon	noun
hybridisering	noun
hybris	noun
hybristofili	noun
hyckel	noun
hyckla	verb
hycklare	noun
hyckleri	noun
hydda	noun
hydrat	noun
hydrering	noun
hydrobiolog	noun
hydrobiologi	noun
hydrobiologisk	adj
hydrogenering	noun
hydrokultur	noun
hydrometer	noun
hydrostatisk	adj
hydroteknisk	adj
hyena	noun
hyf	noun
hyfs	noun
hyfsa	verb
hyfsad	adj
hyfsat	adv
hygge	noun
hygglig	adj
hygglighet	noun
hygien	noun
hygrometer	noun
hylla	noun,verb
hylle	noun
hyllmeter	noun
hyllning	noun
hyllskänk	noun
hyllvärmare	noun
hylsa	noun
hyltenstam	name
hymla	verb
hymn	noun
hynda	noun
hype	noun
hyperaktiv	adj
hyperaktivitet	noun
hyperbel	noun
hyperbol	noun
hyperbolisk	adj
hyperboreisk	adj
hyperdrift	noun
hyperinflation	noun
hyperkorrektion	noun
hyperlektiker	noun
hyperlektisk	adj
hyperlexi	noun
hyperlänk	noun
hyperortodox	adj
hypersexualisera	verb
hypersexualiserad	adj
hypersexualisering	noun
hypersexualitet	noun
hypersexuell	adj
hyperventilera	verb
hypnagog	adj
hypnos	name,noun
hypnotisera	verb
hypnotisering	noun
hypnotisk	adj
hypnotism	noun
hypnotisör	noun
hypofys	noun
hypokondri	noun
hypokondriker	noun
hypokondrisk	adj
hyponym	noun
hyponymi	noun
hypostas	noun
hypotekslån	noun
hypotenusa	noun
hypotes	noun
hypotetisera	verb
hypotetisk	adj
hypoxifili	noun
hyra	noun,verb
hyrbil	noun
hyrd	adj
hyresavtal	noun
hyresbidrag	noun
hyresbostad	noun
hyresfri	adj
hyresgäst	noun
hyreshus	noun
hyreshöjning	noun
hyresintäkt	noun
hyreskontrakt	noun
hyreskostnad	noun
hyreslägenhet	noun
hyresmarknad	noun
hyresnämnd	noun
hyresreglering	noun
hyresrätt	noun
hyresråd	noun
hyresstegring	noun
hyresstrejk	noun
hyressänkning	noun
hyressättning	noun
hyresvillkor	noun
hyresvärd	noun
hyrkanmes	noun
hysa	verb
hysch	intj
hysch-hysch	noun
hyscha	verb
hyschad	adj
hyschning	noun
hyss	intj,noun
hysteri	noun
hysterika	noun
hysteriker	noun
hysterisk	adj
hysteriskt	adv
hytt	noun
hytta	noun
hyvel	noun
hyvelspån	noun
hyvinge	name
hyvla	verb
häck	noun
häcka	verb
häckla	noun,verb
häcklöpare	noun
häcklöpning	noun
häckning	noun
häcksax	noun
häcksparv	noun
häda	verb
hädanefter	adv
hädanfärd	noun
hädare	noun
hädelse	noun
hädisk	adj
hädiskt	adv
häfta	verb
häftapparat	noun
häfte	noun
häftig	adj
häftklammer	noun
häftmassa	noun
häftorgan	noun
häftpistol	noun
häftstift	noun
häger	noun
hägersten	name
hägg	noun
hägn	noun
hägna	verb
hägnad	noun
hägra	verb
hägring	noun
häkta	verb
häktad	adj
häkte	noun
häktning	noun
häktningsbeslut	noun
häktningsförhandling	noun
häktningstid	noun
häl	noun
häla	verb
hälare	noun
häleri	noun
hälft	noun
hälgångare	noun
häll	noun
hälla	verb
hälleberg	noun
hälleflundra	noun
hällkista	noun
hällregn	noun
hällregna	verb
hällristning	noun
hällörad	adj
hälsa	noun,verb
hälsena	noun
hälsing	noun
hälsning	noun
hälsningsfras	noun
hälsobrunn	noun
hälsocentral	noun
hälsofara	noun
hälsokost	noun
hälsokälla	noun
hälsoråd	noun
hälsosam	adj
hälsosamhet	noun
hälsoskäl	noun
hälsosynpunkt	noun
hälsotillstånd	noun
hälsovetenskap	noun
hälsovådlig	adj
hälsovård	noun
hälsovårdstjänsteman	noun
hälsporre	noun
hälta	noun
hämma	verb
hämmare	noun
hämna	verb
hämnare	noun
hämnas	verb
hämnd	noun
hämndakt	noun
hämndaktion	noun
hämndattack	noun
hämndeakt	noun
hämndgirig	adj
hämndgirighet	noun
hämndgudinna	noun
hämndlysten	adj
hämndlystnad	noun
hämndtull	noun
hämning	noun
hämningslös	adj
hämpling	noun
hämsko	noun
hämta	verb
hämtare	noun
hämtmat	noun
hämtning	noun
hän	adv
hända	verb
händelse	noun
händelseförlopp	noun
händelsehorisont	noun
händelselös	adj
händelselöshet	noun
händelserik	adj
händelsevis	adv
händig	adj
händighet	noun
hänföra	verb
hänförd	adj
hänförelse	noun
hänförlig	adj
hänga	verb
hängbana	noun
hängbro	noun
hängbröst	noun
hängbuk	noun
hänge	noun,verb
hängivelse	noun
hängiven	adj
hängivenhet	noun
hängivet	adv
hänglås	noun
hängmatta	noun
hängning	noun
hängränna	noun
hängsle	noun
hängsnara	noun
hänrycka	verb
hänryckning	noun
hänseende	noun
hänsyn	noun
hänsynsfull	adj
hänsynsfullhet	noun
hänsynslös	adj
hänsynslöshet	noun
hänsynstagande	noun
hänthet	noun
hänvisa	verb
hänvisning	noun
häpen	adj
häpna	verb
häpnad	noun
häpnadsväckande	adj
här	adv,noun
härad	noun
häradshövding	noun
häradsrätt	noun
härav	adv
härborta	adv
härbre	noun
härbärge	noun
härbärgera	verb
härd	noun
härda	verb
härdad	adj
härdighet	noun
härdning	noun
härdsmälta	noun
härefter	adv
härfågel	noun
härför	adv
härförare	noun
häri	adv
härifrån	adv
härigenom	adv
härikring	adv
härinne	adv
härja	verb
härjad	adj
härjedalen	name
härjning	noun
härk	noun
härkomst	noun
härleda	verb
härledbar	adj
härledning	noun
härlig	adj
härlighet	noun
härligt	adv
härma	verb
härmas	verb
härmed	adv
härmsångare	noun
härmtrast	noun
härnere	adv
härnäst	adv
härnösand	name
härodlad	adj
härold	noun
härom	adv
häromdagen	adv
häromkring	adv
häromkvällen	adv
härommorgonen	adv
häromnatten	adv
häromsistens	adv
häromveckan	adv
häromåret	adv
härovan	adv
härpå	adv
härryda	name
härröra	verb
härska	verb
härskare	noun
härskarinna	noun
härskarlater	noun
härskarteknik	noun
härsken	adj
härskenhet	noun
härsklysten	adj
härsklystnad	noun
härskna	verb
härstamma	verb
härstamning	noun
härstädes	adv
härtagen	adj
härtill	adv
härunder	adv
häruppe	adv
härutanför	adv
härute	adv
häruti	adv
härva	noun
härvid	adv
härvidlag	adv
häråt	adv
hässlebrodd	noun
häst	noun
hästfibbla	noun
hästhandlare	noun
hästhoppning	noun
hästhov	noun
hästhovsört	noun
hästhuvud	noun
hästigel	noun
hästkapplöpning	noun
hästkastanj	noun
hästkraft	noun
hästkrake	noun
hästkött	noun
hästpolo	noun
hästsko	noun
hästskojare	noun
hästskötare	noun
hästsport	noun
hästsvans	noun
hästtjuv	noun
hästväg	noun
hästägare	noun
hätsk	adj
hätskhet	noun
hätta	noun
häva	verb
hävarm	noun
hävd	noun
hävda	verb
hävdatecknare	noun
hävdelse	noun
hävdvunnen	adj
hävning	noun
hävstång	noun
hävstångsarm	noun
häxa	noun
häxbrygd	noun
häxdoktor	noun
häxjakt	noun
häxkittel	noun
häxkraft	noun
häxmästare	noun
häxprocess	noun
häxsabbat	noun
häxört	noun
hå	intj
håg	noun
hågad	adj
hågkomst	noun
håglös	adj
håglöshet	noun
håglöst	adv
håhåjaja	intj
håkan	name
håkansson	name
hål	noun
håla	noun,verb
hålfot	noun
hålfotsinlägg	noun
hålighet	noun
hålkort	noun
håll	noun
hålla	verb
hållare	noun
hållbar	adj
hållbarhet	noun
hållfast	adj
hållfasthet	noun
hållhake	noun
hållning	noun
hållningslös	adj
hållningslöshet	noun
hållplats	noun
hållpunkt	noun
hålnan	name
hålremsa	noun
hålrum	noun
hålslag	noun
hålslev	noun
håltimme	noun
hålven	noun
hålögd	adj
hån	noun
håna	verb
hånflin	noun
hånflina	verb
hånfull	adj
hånfullhet	noun
hångla	verb
hånle	verb
hånleende	adj,noun
hånskratt	noun
hånskratta	verb
hår	noun
håravfall	noun
hårbalsam	noun
hårboll	noun
hårborste	noun
hårborttagning	noun
hård	adj,name
hårdbröd	noun
hårdbrödmacka	noun
hårddata	noun
hårddisk	noun
hårdför	adj
hårdförhet	noun
hårdhandskarna	noun
hårdhet	noun
hårdhjärtad	adj
hårdhudad	adj
hårdhänt	adj,adv
hårdkokning	noun
hårdkokt	adj
hårdmacka	noun
hårdna	verb
hårdnackad	adj
hårdplugga	verb
hårdpornografisk	adj
hårdporr	noun
hårdra	verb
hårdrock	noun
hårdrockare	noun
hårdskiva	noun
hårdsmält	adj
hårdvaluta	noun
hårdvara	noun
hårfin	adj
hårfäste	noun
hårfön	noun
hårig	adj
hårighet	noun
hårigt	adv
hårklyveri	noun
hårklämma	noun
hårkors	noun
hårlock	noun
hårlös	adj
hårlöshet	noun
hårnät	noun
hårnål	noun
hårnålskurva	noun
hårresande	adj
hårresare	noun
hårsmån	noun
hårsnodd	noun
hårspray	noun
hårsprej	noun
hårspänne	noun
hårstrå	noun
hårsäck	noun
hårt	adv
hårtork	noun
hårvård	noun
håv	noun
håva	verb
hö	noun
höbal	noun
höft	noun
höfta	verb
höftben	noun
höftled	noun
höftning	noun
höftskott	noun
höftskynke	noun
hög	adj,noun
höga	verb
högaffel	noun
högakta	verb
högaktning	noun
högaktningsfull	adj
högaltare	noun
högavlönad	adj
högberg	name
högborg	noun
högdragen	adj
höge	name
höger	adj,noun
högeraktivist	noun
högerblock	noun
högerdebattör	noun
högerextrem	adj
högerextremism	noun
högerextremist	noun
högerextremistisk	adj
högerfotad	adj
högergrupp	noun
högerhand	noun
högerhänt	adj
högerhänthet	noun
högerjabb	noun
högerjustera	verb
högerklicka	verb
högerkrok	noun
högerliberal	adj,noun
högermajoritet	noun
högerman	noun
högermilis	noun
högerparti	noun
högerperspektiv	noun
högerpolitik	noun
högerpolitiker	noun
högerpopulism	noun
högerpopulist	noun
högerpopulistisk	adj
högerradikal	adj,noun
högerregering	noun
högersidoklass	noun
högersinnad	adj
högersympatier	noun
högersympatisör	noun
högertrafik	noun
högervriden	adj
högerväljare	noun
högfjäll	noun
högform	noun
högfors	name
högfärd	noun
högfärdig	adj
högfärdigt	adv
högfärdshosta	noun
högförräderi	noun
höggradig	adj
höggravid	adj
höggustaviansk	adj
höghastighetståg	noun
höghet	noun
höghjuling	noun
höghus	noun
höghöjdsraket	noun
höginkomst	noun
höginkomstgrupp	noun
höginkomstland	noun
höginkomsttagare	noun
högintressant	adj
högkant	noun
högklackad	adj
högklassig	adj
högkonjunktur	noun
högkultur	noun
högkvalitativ	adj
högkvarter	noun
högkyrka	noun
högkyrklig	adj
högkyrklighet	noun
höglager	noun
högland	noun
högljudd	adj
högljuddhet	noun
högljutt	adv
höglund	name
högländare	noun
högläsa	verb
högläsare	noun
högläsning	noun
högmod	noun
högmodig	adj
högnivåspråk	noun
högoddsare	noun
högrest	adj
högrev	noun
högröd	adj
högsinnad	adj
högsint	adj
högsinthet	noun
högsjöflotta	noun
högskola	noun
högskoleadjunkt	noun
högskolebibliotek	noun
högskoleenhet	noun
högskoleförberedande	adj
högskoleförordning	noun
högskolelag	noun
högskolelektor	noun
högskolepoäng	noun
högskolestyrelse	noun
högskoleutbildning	noun
högskoleverk	noun
högslätt	noun
högsommar	noun
högsommarväder	noun
högspänning	noun
högstadieskola	noun
högstadium	noun
högstubbe	noun
högstämd	adj
högstämdhet	noun
högsvenska	noun
högsäsong	noun
högsäte	noun
högt	adv
högtalare	noun
högtalarsystem	noun
högteknologi	noun
högteknologisk	adj
högtflygande	adj
högtid	noun
högtidlig	adj
högtidligen	adv
högtidlighet	noun
högtidlighålla	verb
högtravande	adj
högtryck	noun
högtrycksrygg	noun
högtryckstvätt	noun
högtyska	noun
högvarv	noun
högvatten	noun
högvattenmärke	noun
högviktig	adj
högvilt	noun
högviltsjakt	noun
högvuxen	adj
höja	verb
höjd	adj,noun
höjdhopp	noun
höjdhoppare	noun
höjdmätare	noun
höjdpunkt	noun
höjdrädd	adj
höjdsjuk	adj
höjdsjuka	noun
höjdskräck	noun
höjning	noun
höjningstecken	noun
hök	noun
hökaktig	adj
hökare	noun
höknatt	noun
höknäsa	noun
höksångare	noun
hökuggla	noun
höljd	adj
hölje	noun
hölster	noun
höna	noun
höns	noun
hönsaktig	adj
hönsarv	noun
hönsbur	noun
hönsbär	noun
hönseri	noun
hönsgård	noun
hönshus	noun
hönsnät	noun
hönssömn	noun
hönsägg	noun
höra	verb
hörande	noun
hörapparat	noun
hörare	noun
hörbarhet	noun
hörbart	adv
hörby	name
hörd	adj
hördu	intj
hörförståelse	noun
hörhåll	noun
hörlur	noun
hörn	noun
hörna	noun
hörnflagga	noun
hörni	intj
hörnrum	noun
hörnspark	noun
hörnsten	noun
hörnstolpe	noun
hörntand	noun
hörsal	noun
hörsamhet	noun
hörsamma	verb
hörsamt	adv
hörsel	noun
hörselben	noun
hörselgång	noun
hörselkåpa	noun
hörselsinne	noun
hörselskadad	adj
hörselskydd	noun
hörselsnäcka	noun
hörslinga	noun
hörsägen	noun
höskulle	noun
hösnuva	noun
höst	noun
höstack	noun
höstadonis	noun
höstaster	noun
höstbudget	noun
höstdag	noun
höstdagjämning	noun
höstfibbla	noun
höstflox	noun
hösthimmel	noun
höstig	adj
höstkantarell	noun
höstkappa	noun
höstkväll	noun
höstlig	adj
höstlik	adj
höstlov	noun
höstlöv	noun
höstmånad	noun
höstmörker	noun
höstregn	noun
höstsession	noun
höstsol	noun
höstsäsong	noun
hösttecken	noun
hösttermin	noun
höstvecka	noun
höstväder	noun
höstäpple	noun
hötorget	name
hötorgskonst	noun
hötorgsskrapa	noun
hötta	verb
hövding	noun
hövdingadöme	noun
hövisk	adj
höviskhet	noun
hövitsman	noun
hövlig	adj
hövlighet	noun
höxter	name
höör	name
i	adv,character,prep,pron
i-landsproblem	noun
iaf	adv
iaktta	verb
iakttagare	noun
iakttagbar	adj
iakttagelse	noun
ianspråkta	verb
iberisk	adj
iberoamerikansk	adj
ibland	adv
icing	noun
icke	adv,noun
icke-binär	adj
icke-händelse	noun
icke-kristen	adj
icke-matematisk	adj
icke-muslim	noun
icke-religiös	adj
icke-rökare	noun
icke-spridning	noun
icke-spridningsavtal	noun
icke-troende	adj
icke-vara	noun
icke-våld	noun
ickebinär	adj
id	noun
id-bricka	noun
ida	name
idag	adv
idas	verb
ide	noun
ideal	adj,noun
idealisera	verb
idealisering	noun
idealisk	adj
idealism	noun
idealist	noun
idealistisk	adj
idealistiskt	adv
idealsamhälle	noun
idealstat	noun
idealt	adv
ideell	adj
idel	adv
idelig	adj
ideligen	adv
idempotent	adj
idensalmi	name
identifiera	verb
identifierad	adj
identifierande	noun
identifierbar	adj
identifiering	noun
identifikation	noun
identifikationsobjekt	noun
identisk	adj
identitet	noun
identitetsbricka	noun
identitetskort	noun
identitetskris	noun
identitetslöshet	noun
identitetsmatris	noun
identitetspolitik	noun
identitär	adj,noun
ideografi	noun
ideografisk	adj
ideolog	noun
ideologi	noun
ideologisera	verb
ideologisk	adj
ideologiskt	adv
idiosynkratisk	adj
idiot	noun
idiotförklara	verb
idioti	noun
idiotisk	adj
idissla	verb
idisslare	noun
idka	verb
idkare	noun
idog	adj
idoghet	noun
idogt	adv
idol	noun
idolatri	noun
idoldyrkan	noun
idolisera	verb
idolisering	noun
idre	name
idrott	noun
idrottare	noun
idrottsaktivitet	noun
idrottsanläggning	noun
idrottsarena	noun
idrottsevenemang	noun
idrottsförbund	noun
idrottsförening	noun
idrottsgren	noun
idrottshall	noun
idrottshistoria	noun
idrottsklubb	noun
idrottskvinna	noun
idrottsledare	noun
idrottsman	noun
idrottsminister	noun
idrottsorganisation	noun
idrottsplats	noun
idrottstävling	noun
idyll	noun
idyllisk	adj
if	noun
ifall	conj
ifatt	adv
ifk	name
ifred	adv
ifrågasätta	verb
ifrågavarande	adj
ifrån	prep
iförd	adj
ig	adj
igel	noun
igelkott	noun
igen	adv
igenimmad	adj
igenkännbar	adj
igenkänning	noun
igenkänningsfaktor	noun
igenkänningstecken	noun
igenkännlig	adj
igenom	adv,prep
igentligen	adv
iglo	noun
igloo	noun
ignatiansk	adj
ignorans	noun
ignorera	verb
igång	adv
igångsättning	noun
igår	adv
ihjäl	adv
ihjälskjuten	adj
ihop	adv
ihärdig	adj
ihärdighet	noun
ihåg	adv
ihågkommen	adj
ihålig	adj
ihålighet	noun
ihållande	adj
ik	noun
ikapp	adv
ikea	name
ikläda	verb
ikon	noun
ikosaeder	noun
ikraftträdande	noun
iktyolog	noun
iktyos	noun
ikväll	adv
ila	verb
ilbud	noun
ilfart	noun
illa	adv
illaluktande	adj
illamående	adj,noun
illasinnad	adj
illasmakande	adj
illavarslande	adj
illdåd	noun
illegal	adj
illegalitet	noun
illegitim	adj
illegitimitet	noun
illegitimt	adv
iller	noun
illfart	noun
illfundighet	noun
illfänas	verb
illgärning	noun
illgärningsman	noun
illikviditet	noun
illinois	name
illistig	adj
illistighet	noun
illmarig	adj
illmarighet	noun
illojal	adj
illojalitet	noun
illröd	adj
illslug	adj
illslughet	noun
illuminering	noun
illusion	noun
illusionist	noun
illusorisk	adj
illustration	noun
illustratör	noun
illustrera	verb
illustrering	noun
illvilja	noun
illvillig	adj
illvillighet	noun
illvilligt	adv
ilning	noun
ilomants	name
ilska	noun
ilsken	adj
ilskna	verb
image	noun
imaginär	adj
imam	noun
imbecillitet	noun
imitatör	noun
imitera	verb
imma	noun,verb
immanuel	name
immaterialitet	noun
immaterialrätt	noun
immateriell	adj
immatrikulering	noun
immigrant	noun
immigration	noun
immigrera	verb
immoralitet	noun
immun	adj
immunförsvar	noun
immunisera	verb
immunisering	noun
immunitet	noun
immunsystem	noun
impala	noun
impediment	noun
imperativ	noun
imperfekt	noun
imperialism	noun
imperialist	noun
imperialistisk	adj
imperialiststat	noun
imperium	noun
implantat	noun
implementera	verb
implicera	verb
implicering	noun
implikation	noun
implodera	verb
implodering	noun
implosion	noun
imponera	verb
impopularitet	noun
impopulär	adj
import	noun
importera	verb
importförbud	noun
impotens	noun
impotent	adj
impregnera	verb
impregnering	noun
impressario	noun
improduktivitet	noun
improvisation	noun
improvisera	verb
improvisering	noun
impuls	noun
impulsiv	adj
in	adv
ina	name,verb
inackordera	verb
inaktiv	adj
inaktivera	verb
inaktivering	noun
inaktivitet	noun
inaktuell	adj
inandas	verb
inandning	noun
inavel	noun
inavlad	adj
inbegripa	verb
inbegripen	adj
inbetala	verb
inbetalning	noun
inbilla	verb
inbillad	adj
inbillning	noun
inbillningskraft	noun
inbillningssjuk	adj
inbilsk	adj
inbilskhet	noun
inbiten	adj
inbjuda	verb
inbjudan	noun
inbjudande	adj
inbjudans	noun
inbjuden	adj
inbjudning	noun
inbjudningslista	noun
inblandad	adj
inblandning	noun
inblick	noun
inbox	noun
inbrott	noun
inbrottsförsök	noun
inbrottslarm	noun
inbrottstjuv	noun
inbrytning	noun
inbuktning	noun
inbyggd	adj
inbäddad	adj
inbördes	adj,adv
inbördeskrig	noun
incest	noun
incestuös	adj
incheckning	noun
incident	noun
incidentberedskap	noun
incidentrapport	noun
incitament	noun
indela	verb
indelning	noun
index	noun
indexera	verb
indexerad	adj
indexering	noun
indexfond	noun
indexlån	noun
indexnivå	noun
indexuppräkning	noun
indian	noun
indiandans	noun
indianhövding	noun
indiankrasse	noun
indiansidensvans	noun
indiansk	adj
indianstam	noun
indicium	noun
indien	name
indier	noun
indignerad	adj
indigo	noun
indikation	noun
indikator	noun
indikatordiagram	noun
indikera	verb
indikerande	adj
indirekt	adj,adv
indisk	adj
indiska	noun
indium	noun
individ	noun
individualanarkism	noun
individualanarkist	noun
individualanarkistisk	adj
individualisera	verb
individualisering	noun
individualism	noun
individualist	noun
individualistisk	adj
individualitet	noun
individuell	adj
individuellt	adv
indoeuropeisk	adj
indoktrinera	verb
indoktrinering	noun
indolens	noun
indones	noun
indonesien	name
indonesier	noun
indonesisk	adj
indonesiska	noun
indrag	noun
indragen	adj
indragning	noun
indriva	verb
indrivare	noun
indrivning	noun
indrivningsman	noun
indränkt	adj
inducera	verb
induktion	noun
induktionsbevis	noun
induktionshäll	noun
industri	noun
industrialisera	verb
industrialisering	noun
industrialiseringsgrad	noun
industrianläggning	noun
industrianpassad	adj
industriarbetare	noun
industribolag	noun
industridesign	noun
industriell	adj
industrifiske	noun
industriföretag	noun
industrihistorisk	adj
industriimperium	noun
industriindex	noun
industrijätte	noun
industrikapacitet	noun
industriområde	noun
industripark	noun
industrisamhälle	noun
industrisemester	noun
industrispion	noun
industrispionage	noun
industristad	noun
ineffektivitet	noun
ines	name
inexakt	adj
inexakthet	noun
inez	name
infall	noun
infalla	verb
infallsvinkel	noun
infanteriförband	noun
infanterist	noun
infantil	adj
infantilisera	verb
infantilisering	noun
infart	noun
infatta	verb
infektera	verb
infektering	noun
infektion	noun
infektionssjukdom	noun
infernalisk	adj
inferno	noun
infertil	adj
infertilitet	noun
infiltration	noun
infiltratör	noun
infiltrera	verb
infiltrering	noun
infinitiv	noun
infinitivmarkör	noun
infinitivmärke	noun
infinna	verb
infix	noun
inflammation	noun
inflammera	verb
inflammerad	adj
inflation	noun
inflationsförväntning	noun
inflationsmål	noun
inflationsprognos	noun
inflationssäker	adj
inflexionspunkt	noun
inflika	verb
inflikning	noun
influensa	noun
influensavaccin	noun
influera	verb
influerare	noun
inflyta	verb
inflytande	adj,noun
inflytelserik	adj
inflytelserikt	adv
inflytelsesfär	noun
inflöde	noun
infoga	verb
infogad	adj
infogning	noun
infologi	noun
infordra	verb
infordran	noun
informatik	noun
information	noun
informationsbärare	noun
informationschef	noun
informationsdesign	noun
informationsdisk	noun
informationsfrihet	noun
informationskampanj	noun
informationskrigföring	noun
informationssekreterare	noun
informator	noun
informatör	noun
informera	verb
infraröd	adj
infrastruktur	noun
infrastrukturminister	noun
infria	verb
infödd	adj
inföding	noun
inför	adv
införa	verb
införande	noun
införliva	verb
införsel	noun
införskaffa	verb
införskaffning	noun
införstådd	adj
ing	name
inga	name
inga-lill	name
ingalill	name
ingalunda	adv
inge	name,verb
ingeborg	name
ingefära	noun
ingefärsdricka	noun
ingegerd	name
ingegärd	name
ingela	name
ingemar	name
ingen	det,pron
ingendera	pron
ingenjör	noun
ingenjörsvetenskap	noun
ingenmansland	noun
ingenstans	adv
ingenting	pron
ingenvart	adv
inger	name
ingermanland	name
ingift	adj
ingifte	noun
ingivelse	noun
ingjuta	verb
inglasa	verb
ingmar	name
ingrediens	noun
ingrepp	noun
ingress	noun
ingrid	name
ingripa	verb
ingripande	noun
ingrodd	adj
ingvar	name
ingvor	name
ingå	verb
ingående	adj,adv
ingång	noun
ingången	adj
inhalator	noun
inhalera	verb
inhalering	noun
inhandla	verb
inhemsk	adj
inhumanitet	noun
inhyrning	noun
inhysa	verb
inhägna	verb
inhägnad	noun
inhämta	verb
inhämtning	noun
inifrån	adv,prep
initialt	adv
initiation	noun
initiationsrit	noun
initiativ	noun
initiativrik	adj
initiativrikt	adv
initiativtagare	noun
initiera	verb
injektera	verb
injektering	noun
injektion	noun
injektiv	adj
injicera	verb
injicerbar	adj
injicering	noun
inkaindian	noun
inkalla	verb
inkallelse	noun
inkallelseorder	noun
inkallning	noun
inkapabel	adj
inkapsla	verb
inkapsling	noun
inkarnation	noun
inkarnera	verb
inkassera	verb
inkasso	noun
inkast	noun
inkastare	noun
inkludera	verb
inkludering	noun
inklusive	adv,prep
inkompatibel	adj
inkompatibilitet	noun
inkompetens	noun
inkompetent	adj
inkomst	noun
inkomstgrupp	noun
inkomstklyfta	noun
inkomstkälla	noun
inkomstminskning	noun
inkomstnivå	noun
inkomstskatt	noun
inkomstuppgift	noun
inkomstökning	noun
inkonsekvens	noun
inkonsekvent	adj
inkontinens	noun
inkontinensskydd	noun
inkontinent	adj
inkopplad	adj
inkorg	noun
inkorporera	verb
inkorporering	noun
inkorrekthet	noun
inkräkta	verb
inkräktare	noun
inkråm	noun
inkrökt	adj
inkunabel	noun
inkunabelsamling	noun
inkurans	noun
inkurant	adj
inkvisition	noun
inkvisitor	noun
inkvisitorisk	adj
inkvotera	verb
inköp	noun
inköpslista	noun
inköpssumma	noun
inköpsvärde	noun
inköpt	adj
inkörsport	noun
inlaga	noun
inlandsis	noun
inleda	verb
inledande	adj
inledning	noun
inledningsvis	adv
inlemma	verb
inlevelse	noun
inline	noun
inlinehockey	noun
inlines	noun
inlinesåkare	noun
inlinesåkning	noun
inloggad	adj
inloggning	noun
inloggningsuppgift	noun
inlopp	noun
inlägg	noun
inläggning	noun
inläggningsättika	noun
inläggssula	noun
inlämning	noun
inländsk	adj
inlärd	adj
inlärning	noun
inlärningsförmåga	noun
inlärningskurva	noun
inlärningssvårighet	noun
inläsning	noun
inläst	adj
inlåsning	noun
inmatning	noun
inmatningsfält	noun
inmatningsrad	noun
inmundiga	verb
inmurning	noun
inn	name
innan	adv,conj
innandöme	noun
innanför	prep
innanlår	noun
innanmäte	noun
innantill	adv
inne	adj,adv
innebandy	noun
innebandylandskamp	noun
inneboende	adj,noun
innebära	verb
innebörd	noun
innefatta	verb
inneha	verb
innehav	noun
innehavare	noun
innehåll	noun
innehålla	verb
innehållsförteckning	noun
innehållslös	adj
innehållslöshet	noun
innehållsmässig	adj
innehållsrik	adj
innerdörr	noun
innerficka	noun
innergård	noun
innerlig	adj
innersta	adj
innerstad	noun
innersula	noun
innertak	noun
innervägg	noun
inneröra	noun
innesluta	verb
inneslutning	noun
innevarande	adj
innevånare	noun
innovation	noun
innovativ	adj
innovatör	noun
innovera	verb
inofficiell	adj
inom	prep
inombords	adv
inomhus	adv
inomhusaktivitet	noun
inomhusarena	noun
inomskärs	adv
inomvärldslig	adj
inoperabel	adj
inordna	verb
inpassering	noun
inplanera	verb
inplastad	adj
inpränta	verb
inpå	prep
inrama	verb
inramning	noun
inre	adj
inreda	verb
inredning	noun
inreseförbud	noun
inrikes	adv
inrikesdepartement	noun
inrikesflyg	noun
inrikeshall	noun
inrikeshandel	noun
inrikesminister	noun
inrikesministerium	noun
inrikespolitik	noun
inrikespolitisk	adj
inrikesreporter	noun
inrikta	verb
inriktad	adj
inriktning	noun
inringa	verb
inringare	noun
inringning	noun
inrista	verb
inristning	noun
inrop	noun
inropa	verb
inropare	noun
inryckning	noun
inrymma	verb
inrätta	verb
inrättning	noun
inrådan	noun
inrökt	adj
insamla	verb
insamlare	noun
insamling	noun
insamlingsstiftelse	noun
insats	noun
insatsbelopp	noun
insatsförband	noun
insatsledare	noun
insatsstyrka	noun
insatt	adj
inse	verb
insegel	noun
insekt	noun
insektsart	noun
insektsmedel	noun
insektsnyckel	noun
insektsätare	noun
inseminera	verb
inseminering	noun
insexnyckel	noun
inshallah	intj
insider	noun
insiderhandel	noun
insignier	noun
insikt	noun
insiktsfull	adj
insiktsfullhet	noun
insinuation	noun
insinuera	verb
insistera	verb
insistering	noun
insjukna	verb
insjuknande	noun
insjö	noun
insjöfiskare	noun
insjöfiske	noun
inskjuta	verb
inskjuten	adj
inskott	noun
inskrift	noun
inskriva	verb
inskriven	adj
inskrivning	noun
inskränka	verb
inskränkning	noun
inskränkthet	noun
inskärpa	verb
inslag	noun
inslagen	adj
inslagning	noun
insläpp	noun
insmickrande	adj
insmord	adj
insnitt	noun
insnärja	verb
insnärjd	adj
insnärjning	noun
insnöad	adj
inspark	noun
inspektera	verb
inspektion	noun
inspektor	noun
inspektör	noun
inspel	noun
inspelning	noun
inspicient	noun
inspiration	noun
inspirationskälla	noun
inspirera	verb
inspirerande	adj
insprängd	adj
instabilitet	noun
installera	verb
instans	noun
instifta	verb
instiftelse	noun
instinkt	noun
instinktiv	adj
instinktmässig	adj
institut	noun
institution	noun
institutionalisera	verb
institutionalisering	noun
institutionell	adj
institutionsprefekt	noun
instruera	verb
instruktion	noun
instruktionsuppsättning	noun
instruktör	noun
instrument	noun
instrumentation	noun
instrumentbräda	noun
instrumentera	verb
instrumentering	noun
instrumentpanel	noun
inströmma	verb
inställa	verb
inställelse	noun
inställning	noun
inställsam	adj
inställsamhet	noun
instämma	verb
instängd	adj
insulin	noun
insyltad	adj
insyn	noun
insändare	noun
insättning	noun
inta	verb
intag	noun
intakthet	noun
intala	verb
inte	adv
inteckningslån	noun
integral	noun
integralkalkyl	noun
integrand	noun
integration	noun
integrationsdepartement	noun
integrationskonstant	noun
integrationsminister	noun
integrera	verb
integrerad	adj
integritet	noun
integritetsintrång	noun
integritetskränkning	noun
integritetspolicy	noun
intellekt	noun
intellektualisera	verb
intellektualisering	noun
intellektualitet	noun
intellektuell	adj
intelligens	noun
intelligenskvot	noun
intelligensnivå	noun
intelligent	adj,adv
intelligentia	noun
intelligentsia	noun
intendent	noun
intensifiera	verb
intensifiering	noun
intensitet	noun
intensiv	adj
intensivvård	noun
intensivvårdsambulans	noun
intensivvårdsavdelning	noun
intensivvårdshelikopter	noun
intention	noun
interagera	verb
interaktion	noun
interaktivitet	noun
interferera	verb
interferon	noun
intergalaktisk	adj
interimistisk	adj
interimspresident	noun
interinstitutionell	adj
interiör	adj,noun
interjektion	noun
interkontinentalrobot	noun
interkulturell	adj
interlingua	noun
intern	adj,noun
internalisera	verb
internalisering	noun
internationalisera	verb
internationalisering	noun
internationell	adj
internatskola	noun
internera	verb
internering	noun
interneringsläger	noun
internet	name,noun
internetabonnemang	noun
internetanslutning	noun
internetanvändare	noun
internetuppkoppling	noun
internflykting	noun
internminne	noun
internskämt	noun
interpolera	verb
interpolering	noun
interpretator	noun
interpretera	verb
intersektionalitet	noun
intervall	noun
intervenera	verb
intervention	noun
intervju	noun
intervjua	verb
intet	pron
intetsägande	adj
intighet	noun
intill	adv,prep
intilliggande	adj
intim	adj
intimitet	noun
intimitetskoordinator	noun
intjäna	verb
intolerabel	adj
intolerans	noun
intolerant	adj
intravenös	adj
intressant	adj
intresse	noun
intresseanmälan	noun
intresseavvägning	noun
intressekonflikt	noun
intressent	noun
intresseområde	noun
intresseorganisation	noun
intressepolitik	noun
intressera	verb
intressesfär	noun
intrig	noun
intrigera	verb
intrigmakare	noun
intrikat	adj
introducera	verb
introducering	noun
introduktion	noun
introvert	adj
intryck	noun
inträda	verb
inträde	noun
inträdesavgift	noun
inträffa	verb
intränga	verb
intrång	noun
intuition	noun
intuitiv	adj
intyg	noun
intyga	verb
intäkt	noun
intäktskälla	noun
intäktsökning	noun
intåg	noun
inuti	adv,prep
invadera	verb
inval	noun
invalidisering	noun
invaliditet	noun
invandra	verb
invandrare	noun
invandring	noun
invandringspolitik	noun
invandringspolitisk	adj
invariabel	adj
invasion	noun
invasionskrig	noun
invasionsstyrka	noun
invecklad	adj
invektiv	noun
inventarium	noun
inventera	verb
inventering	noun
inverka	verb
inverkan	noun
invertera	verb
inverterbar	adj
invertering	noun
investera	verb
investerare	noun
investering	noun
investeringsbank	noun
investeringsbelopp	noun
investeringsbolag	noun
investeringssparkonto	noun
investmentbank	noun
investmentbolag	noun
invid	prep
inviga	verb
invigd	adj
invigning	noun
invigningsceremoni	noun
invigningsrit	noun
invikt	adj
invit	noun
involvera	verb
involverad	adj
involvering	noun
invända	verb
invändig	adj
invändning	noun
invänta	verb
invärmningsugn	noun
invärtes	adj,adv
invånarantal	noun
invånare	noun
inympa	verb
inympning	noun
inäga	noun
inälva	noun
inälvsmat	noun
inåt	adv,prep
inåtvänd	adj
inåtvändhet	noun
inövad	adj
iordningställa	verb
iowa	name
ip-adress	noun
iq	noun
irak	name
irakier	noun
irakiska	noun
iran	name
iranier	noun
iranska	noun
irene	name
iridium	noun
iriomotemes	noun
iris	name
irisera	verb
irisering	noun
irisk	adj
iriska	noun
irland	name
irländare	noun
irländsk	adj
irländska	noun
irma	name
ironi	noun
ironiker	noun
ironisera	verb
ironisk	adj
ironiskt	adv
irra	verb
irrationalitet	noun
irrationell	adj
irrationellt	adv
irrbloss	noun
irreguljär	adj
irrelevant	adj,adv
irreligiositet	noun
irreparabel	adj
irreversibel	adj
irrfärd	noun
irritationsmoment	noun
irritera	verb
irrlära	noun
irrlärig	adj
irrlärighet	noun
is	name,noun
isa	name,verb
isabel	name
isabell	name
isabella	name
isabellastenskvätta	noun
isabellatörnskata	noun
isabelle	name
isac	name
isai	name
isak	name
isaksson	name
isande	adj
isberg	noun
isbergssallad	noun
isbit	noun
isbjörn	noun
isblomma	noun
isblommig	adj
isbrytare	noun
iscensatt	adj
iscensätta	verb
iscensättning	noun
ischoklad	noun
isdubb	noun
isdygn	noun
isebel	name
isf	phrase
isfiske	noun
isflak	noun
isfri	adj
isglass	noun
isglasspinne	noun
ishalka	noun
ishav	noun
ishink	noun
ishizaki	name
ishockey	noun
ishockeymatch	noun
ishockeytränare	noun
isig	adj
isigt	adv
isjakt	noun
isk	noun
iskaffe	noun
iskall	adj
iskallt	adv
isklump	noun
islam	noun
islamisera	verb
islamisering	noun
islamisk	adj
islamism	noun
islamist	noun
islamistisk	adj
islamkännare	noun
islamofob	adj,noun
islamofobi	noun
islamofobisk	adj
islamolog	noun
islamologi	noun
islamsk	adj
island	name
islandshäst	noun
islom	noun
islossning	noun
isländsk	adj
isländska	noun
islänning	noun
ismaskin	noun
ismassa	noun
ismås	noun
isolationistisk	adj
isolator	noun
isolera	verb
isoleucin	noun
isometri	noun
isometrisk	adj
isomorf	adj
isomorfi	noun
isop	noun
isoton	noun
isotop	noun
ispravnik	noun
ispropp	noun
ispåse	noun
israel	name,noun
israelisk	adj
israeliska	noun
israelit	noun
israelitisk	adj
isskrapa	noun
isstadion	noun
issyra	noun
istadig	adj
istadighet	noun
istanbul	name
istapp	noun
iste	noun
ister	noun
isterband	noun
isterhaka	noun
istid	noun
istrum	name
istället	adv
isvak	noun
isväg	noun
isär	adv
isättika	noun
it-bubbla	noun
it-säkerhet	noun
italien	name
italienare	noun
italiensk	adj
italienska	noun
italiker	noun
italisk	adj
item	noun
iterera	verb
iterering	noun
itu	adv
iva	noun
iva-ambulans	noun
iva-helikopter	noun
ivan	name
ivar	intj,name
ivarsson	name
iver	noun
ivorian	noun
ivoriansk	adj
ivpa	noun
ivra	verb
ivran	noun
ivrare	noun
ivrig	adj
ivrighet	noun
ivrigt	adv
iväg	adv
iögonfallande	adj
j	character
j-kurva	noun
ja	adv,noun
ja-sägare	noun
jabb	noun
jabba	verb
jack	name,noun
jacka	noun
jacke	name
jackpott	noun
jackpropp	noun
jacob	name
jacobsson	name
jacuzzi	noun
jadå	intj
jag	noun,pron
jaga	noun,verb
jagare	noun
jagis	noun
jagpsykologi	noun
jaguar	noun
jaha	intj
jahapp	intj
jahve	name
jaja	intj
jak	name,noun
jaka	verb
jakande	adj
jakob	name
jakobsbrevet	name
jakobsson	name
jakobstad	name
jakt	noun
jaktfalk	noun
jaktflyg	noun
jaktflygplan	noun
jaktgevär	noun
jaktgudinna	noun
jakthund	noun
jaktkniv	noun
jaktmark	noun
jaktplan	noun
jaktrobot	noun
jaktvapen	noun
jalusi	noun
jam	noun
jama	verb
jamaica	name
jamaican	noun
jamaicansk	adj
jamaicanska	noun
jamb	noun
james	name
jamning	noun
jamsession	noun
jan	name
jan-erik	name
jane	name
janitsjar	noun
janne	name
jansson	name
jantelag	noun
januari	noun
japan	name,noun
japanare	noun
japanofil	noun
japanolog	noun
japanologi	noun
japansk	adj
japanska	noun
jargong	noun
jargongig	adj
jargongmässig	adj
jarl	name
jarldöme	noun
jasmine	name
jasminris	noun
jason	name
jaspis	noun
jaså	intj
java	name
javanesiska	noun
javanska	noun
javisst	intj
jazz	noun
jazzkapell	noun
jazzklubb	noun
jazzmusiker	noun
jazzsångare	noun
jeanette	name
jeans	noun
jeansjacka	noun
jeep	noun
jeepdunk	noun
jeltsin	name
jemen	name
jemenit	noun
jemenitisk	adj
jemenitiska	noun
jennie	name
jennifer	name
jenny	name
jens	name
jer	name
jeremia	name
jeremiad	noun
jerevan	name
jeriko	name
jerker	name
jerry	name
jerrykanna	noun
jerusalem	name
jes	name
jesaja	name
jesper	name
jessica	name
jessika	name
jesuit	noun
jesus	name
jesusbarn	name
jesusord	noun
jetbränsle	noun
jetdriven	adj
jetflyg	noun
jetflygplan	noun
jeti	noun
jetmotor	noun
jetong	noun
jetplan	noun
jetsetare	noun
jfr	verb
jhvh	name
jiddisch	noun
jihad	noun
jihadism	noun
jihadist	noun
jihadistisk	adj
jim	name
jimmy	name
jippi	intj
jippo	noun
jmf	verb
jmf-pris	noun
jo	intj,noun
joachim	name
joacim	name
joakim	name
job	name
jobb	noun
jobba	verb
jobbannons	noun
jobbansökan	noun
jobbansökans	noun
jobbig	adj
jobbskatteavdrag	noun
jocke	name
jod	noun
joddel	noun
joddla	verb
joddling	noun
jodförgiftning	noun
jodid	noun
jodå	intj
joel	name
jogga	verb
joggare	noun
jogging	noun
joggning	noun
joggningsspår	noun
joh	name
johan	intj,name
johanna	name
johanneberg	name
johanneisk	adj
johannes	name
johannesbrev	name
johannesevangeliet	name
johannesört	noun
johansson	name
john	name
johnny	name
johnson	name
johnsson	name
joint	noun
jojje	name
jojk	noun
jojka	verb
jojo	intj,noun
joker	noun
jokertecken	noun
jokk	noun
jokkmokk	name
joll	noun
jolla	verb
jolle	noun
joller	noun
jollig	adj
jollra	verb
jolmig	adj
jolmighet	noun
jon	name,noun
jona	name
jonas	name
jonasson	name
jonatan	name
jonathan	name
jonbytare	noun
joner	noun
jonfälla	noun
jonglera	verb
jonglering	noun
jonglör	noun
jonier	noun
jonil	noun
jonisation	noun
jonisationskammare	noun
jonisera	verb
joniserbar	adj
jonisering	noun
jonisk	adj
jonna	name
jonny	name
jonosfär	noun
jonsson	name
jonte	name
jord	noun
jorda	verb
jordan	name
jordanien	name
jordanier	noun
jordansk	adj
jordanska	noun
jordbo	noun
jordbruk	noun
jordbrukare	noun
jordbrukarsamhälle	noun
jordbruksarbetare	noun
jordbruksbudget	noun
jordbruksdepartement	noun
jordbruksmark	noun
jordbruksminister	noun
jordbrukspolitik	noun
jordbrukspolitisk	adj
jordbrukssamhälle	noun
jordbruksutskott	noun
jordbunden	adj
jordbävning	noun
jordbävningsoffer	noun
jordbävningsområde	noun
jordbävningssäker	adj
jordegendom	noun
jordekorre	noun
jordfelsbrytare	noun
jordfräs	noun
jordfärg	noun
jordfästa	verb
jordfästning	noun
jordförstöring	noun
jordglob	noun
jordgubb	noun
jordgubbe	noun
jordgubbsjuice	noun
jordgubbskräm	noun
jordgubbssmak	noun
jordgubbssylt	noun
jordig	adj
jordighet	noun
jordigt	adv
jordiskhet	noun
jordklot	noun
jordklump	noun
jordkoka	noun
jordkula	noun
jordkällare	noun
jordledare	noun
jordlukt	noun
jordmandel	noun
jordmassa	noun
jordmån	noun
jordning	noun
jordnära	adj
jordnöt	noun
jordnötsolja	noun
jordnötssmör	noun
jordplätt	noun
jordreform	noun
jordrök	noun
jordskalv	noun
jordskorpa	noun
jordskred	noun
jordskredsseger	noun
jordsvin	noun
jorduggla	noun
jordvarg	noun
jordägare	noun
jordärtskocka	noun
jos	name
josef	name
josefin	name
josefina	name
josefine	name
josefsson	name
josua	name
jota	noun
jour	noun
jourbutik	noun
jourhavande	adj
journal	noun
journalfilm	noun
journalist	noun
journalistik	noun
journalistisk	adj
journalsystem	noun
jovars	intj
jovialisk	adj
jovialitet	noun
jovisst	intj
ju	adv
jubel	noun
jubeldoktor	noun
jubilar	noun
jubilera	verb
jubileum	noun
jubla	verb
jud	name
juda	name
judaisera	verb
judaisering	noun
judas	name
judasbrevet	name
judaskyss	noun
jude	noun
judefientlig	adj
judefientlighet	noun
judefråga	noun
judeförföljelse	noun
judehat	noun
judehatare	noun
judendom	noun
judenhet	noun
judesvin	noun
judiciell	adj
judiciellt	adv
judisk	adj
judiskhet	noun
judit	name
judith	name
judo	noun
judodräkt	noun
judoklubb	noun
judoutövare	noun
jugoslav	noun
jugoslavien	name
jugoslavisk	adj
jugoslaviska	noun
juice	noun
jujutsu	noun
jukkasjärvi	name
jul	noun
julafton	noun
julbegonia	noun
julbelysning	noun
julbock	noun
julbord	noun
juldag	noun
julefrid	noun
juleljus	noun
julfirande	adj,noun
julfrid	noun
julgran	noun
julgransfot	noun
julgranskula	noun
julgransplundring	noun
julgåva	noun
juli	name
julia	name
juliamängd	noun
julihetta	noun
julikonungadömet	name
julimonarkin	name
julius	name
julkalas	noun
julkalender	noun
julklapp	noun
julklappsrim	noun
julklappsutdelning	noun
julkrubba	noun
julkula	noun
julle	name
jullov	noun
julmusik	noun
julmust	noun
julotta	noun
julpudding	noun
julpynt	noun
julpynta	verb
julrim	noun
julskinka	noun
julspel	noun
julstämning	noun
julsång	noun
julsångare	noun
jultid	noun
jultomte	noun
juluppehåll	noun
julväder	noun
julvört	noun
julöl	noun
julön	name
jumbojet	noun
jumboräka	noun
jumper	noun
jungfru	noun
jungfrufärd	noun
jungfrufödelse	noun
jungfrufödsel	noun
jungfrujord	noun
jungfrukammare	noun
jungfrukälla	noun
jungfrulig	adj
jungfrulighet	noun
jungfrumark	noun
jungfrun	name
jungfruresa	noun
jungfruslända	noun
jungfrutal	noun
jungfrutrana	noun
jungfrutur	noun
juni	noun
juninatt	noun
junior	adj,noun
juniormästerskap	noun
juniorvärldsmästare	noun
junta	noun
juntaledare	noun
juntaregim	noun
jupiter	name
juridik	noun
juridisk	adj
jurij	name
jurisdiktion	noun
jurist	noun
jurta	noun
jury	noun
jurybeslut	noun
juryledamot	noun
jurymedlem	noun
juryordförande	noun
jurypris	noun
just	adv
juste	adj
justera	verb
justerbar	adj
justering	noun
justersåg	noun
justina	name
justis	noun
justitiedepartement	noun
justitiekansler	noun
justitieminister	noun
justitiemord	noun
justitieombudsman	noun
justitieråd	noun
justitieutskott	noun
jute	noun
juvel	noun
juvelerare	noun
juvelhandlare	noun
juvelskrin	noun
juvenil	adj
juver	noun
jylland	name
jyllänning	noun
jäderberg	name
jäderen	name
jädern	name
jägare	noun
jägarförband	noun
jägarsnus	noun
jägarstenålder	noun
jägmästare	noun
jäklas	verb
jäkt	noun
jäkta	verb
jäktig	adj
jämbördig	adj
jämbördighet	noun
jämfota	adv
jämfotahopp	noun
jämföra	verb
jämförbar	adj
jämförbarhet	noun
jämförbart	adv
jämförd	adj
jämförelse	noun
jämförelsevis	adv
jämförlig	adj
jämförpris	noun
jämka	verb
jämkning	noun
jämlik	adj
jämlike	noun
jämlikhet	noun
jämlikt	adv
jämmer	noun
jämmerdal	noun
jämmerlig	adj
jämmerrop	noun
jämn	adj
jämna	verb
jämnan	noun
jämngammal	adj
jämnhet	noun
jämnhög	name
jämning	noun
jämnmod	noun
jämnt	adv
jämnvarm	adj
jämnårig	adj
jämra	verb
jämrans	adj,adv,intj
jämsmed	prep
jämställa	verb
jämställd	adj
jämställdhet	noun
jämställdhetsdepartement	noun
jämställdhetsminister	noun
jämt	adj,adv
jämte	noun,prep
jämtland	name
jämtlänning	noun
jämtska	noun
jämvikt	noun
jämviktsarbetslöshet	noun
jämviktsläge	noun
jämväl	adv
jänta	noun
järfälla	name
järn	noun
järnbruk	noun
järndörr	noun
järngrepp	noun
järnhandel	noun
järnhandlare	noun
järnhälsa	noun
järnjungfru	noun
järnkätting	noun
järnmalm	noun
järnnatt	noun
järnridå	noun
järnsparv	noun
järnspett	noun
järntacka	noun
järntråd	noun
järnvaruaffär	noun
järnverk	noun
järnväg	noun
järnvägars	intj
järnvägsbro	noun
järnvägsfrimärke	noun
järnvägsförvaltning	noun
järnvägskorsning	noun
järnvägslinje	noun
järnvägsnät	noun
järnvägsspår	noun
järnvägsstation	noun
järnvägstunnel	noun
järnvåg	noun
järnålder	noun
järpe	noun
järpen	name
järtecken	noun
järv	noun
jäsa	verb
jäsning	noun
jäst	noun
jästig	adj
jätte	noun
jättebra	adj,adv
jättedålig	adj
jätteföretag	noun
jätteförmögenhet	noun
jättelik	adj
jätteliten	adj
jättemyrslok	noun
jätteräka	noun
jättesnabb	adj
jättesteg	noun
jättestinkfloka	noun
jättestor	adj
jättetanker	noun
jättinna	noun
jäv	noun
jäva	verb
jävel	noun
jävelskap	noun
jävig	adj
jävighet	noun
jävla	adj
jävlar	intj
jävlas	verb
jökel	noun
jökelälv	noun
jönköping	name
jöns	name
jönsson	name
jöran	name
jörgen	name
k	character,symbol
k-pist	noun
k-strimma	noun
kabbalistisk	adj
kabel	noun
kabel-tv	noun
kabeltrumma	noun
kabelvax	noun
kabin	noun
kabinbana	noun
kabinett	noun
kabinettssekreterare	noun
kabingolv	noun
kabinpersonal	noun
kabla	verb
kabling	noun
kabul	name
kabyl	noun
kabylisk	adj
kabyss	noun
kackel	noun
kackerlacka	noun
kackla	verb
kad	noun
kadaver	noun
kader	noun
kadmium	noun
kadmiumförgiftning	noun
kafarnaum	name
kafeteria	noun
kaffe	noun
kaffeblandning	noun
kaffeblask	noun
kaffebricka	noun
kaffebryggare	noun
kaffebryggning	noun
kaffebröd	noun
kaffeburk	noun
kaffebuske	noun
kaffeböna	noun
kaffedrickare	noun
kaffefat	noun
kaffefilter	noun
kaffegrädde	noun
kaffegök	noun
kaffehus	noun
kaffekanna	noun
kaffekask	noun
kaffekokare	noun
kaffekopp	noun
kaffekvarn	noun
kaffelank	noun
kaffemaskin	noun
kaffemärke	noun
kaffepanna	noun
kaffepaus	noun
kaffepumpa	noun
kafferep	noun
kaffesump	noun
kaffetips	noun
kafir	noun
kafkaartad	adj
kagge	noun
kain	name
kainsmärke	noun
kairo	name
kaj	name,noun
kaja	noun
kajak	noun
kajkant	noun
kajområde	noun
kajplats	noun
kajsa	name
kajuta	noun
kajutfönster	noun
kaka	noun
kakadua	noun
kakao	noun
kakaolikör	noun
kakaopulver	noun
kakburk	noun
kakel	noun
kakelugn	noun
kakelugnsaska	noun
kakkalas	noun
kakofoni	noun
kaksmula	noun
kaksporre	noun
kaktus	noun
kaktusfikon	noun
kaktång	noun
kal	adj
kalabalik	noun
kalabrien	name
kalamataoliv	noun
kalander	noun
kalanderlärka	noun
kalas	noun
kalasa	verb
kalasbyxa	noun
kalasjnikov	noun
kalcium	noun
kalciumhydroxid	noun
kalciumkarbid	noun
kalciumklorid	noun
kalciumoxid	noun
kaleb	name
kaleidoskopisk	adj
kalejdoskop	noun
kalendarium	noun
kalender	noun
kalenderbitare	noun
kalenderflicka	noun
kalendermånad	noun
kalesch	noun
kalfaktor	noun
kalfatra	verb
kalfatring	noun
kalfjäll	noun
kalhet	noun
kalhygge	noun
kaliber	noun
kalibrera	verb
kalif	noun
kalifat	noun
kalifornien	name
kalifornier	noun
kalikå	noun
kalium	noun
kaliumhydroxid	noun
kaliumsorbat	noun
kalix	name
kalk	noun
kalka	verb
kalkbrott	noun
kalkflis	noun
kalkfärg	noun
kalkljus	noun
kalkon	noun
kalkonbröst	noun
kalkonrulle	noun
kalksten	noun
kalkstensbrott	noun
kalkvatten	noun
kalkyl	noun
kalkylator	noun
kalkylera	verb
kalkylerbar	adj
kalkylering	noun
kall	adj,noun
kalla	verb
kallad	adj
kallbad	noun
kallblodig	adj
kallblodighet	noun
kallblodigt	adv
kallbrand	noun
kalldusch	noun
kalle	intj,name
kallelse	noun
kallgrin	noun
kallgrina	verb
kallhamrad	adj
kallhyra	noun
kalligraf	noun
kalligrafera	verb
kalligrafi	noun
kallna	verb
kallprat	noun
kallprata	verb
kallröka	verb
kallrökt	adj
kallsinne	noun
kallsinnig	adj
kallsinnighet	noun
kallsinnigt	adv
kallskuret	noun
kallskänk	noun
kallskänka	noun
kallsup	noun
kallsvett	noun
kalluft	noun
kallvatten	noun
kallvattenkran	noun
kalmar	name
kalmarit	noun
kalops	noun
kalorifattig	adj
kaloririk	adj
kalott	noun
kalråtta	noun
kalsong	noun
kalsongbombare	noun
kalv	noun
kalva	verb
kalvfärs	noun
kalvinist	noun
kalvkotlett	noun
kalvkött	noun
kalvning	noun
kalvsylta	noun
kam	noun
kamaxel	noun
kambodja	name
kambodjan	noun
kambodjansk	adj
kambodjanska	noun
kambrik	noun
kambrisk	adj
kambrium	name
kambräken	noun
kamel	noun
kameleont	noun
kameleontisk	adj
kamelia	noun
kamelryttare	noun
kamera	noun
kameraobjektiv	noun
kamerasystem	noun
kameraövervakning	noun
kamerun	name
kamerunare	noun
kamerunier	noun
kamerunsk	adj
kamerunska	noun
kamfer	noun
kamikaze	noun
kamikazedrönare	noun
kamikazepilot	noun
kamikazeuppdrag	noun
kamin	noun
kamma	verb
kammare	noun
kammarensemble	noun
kammarjungfru	noun
kammarkör	noun
kammarmusik	noun
kammarorkester	noun
kammarrätt	noun
kammarrättsassessor	noun
kammarrättsfiskal	noun
kammarrättslagman	noun
kammarrättspresident	noun
kammarrättsråd	noun
kammaråklagare	noun
kammussla	noun
kamomill	noun
kamomillte	noun
kamouflage	noun
kamouflera	verb
kamouflering	noun
kamp	noun
kampanda	noun
kampanil	noun
kampanj	noun
kampanja	verb
kampanjande	noun
kampanjarbetare	noun
kampanjbidrag	noun
kampanjkassa	noun
kampanjmöte	noun
kampanjorganisation	noun
kamphund	noun
kamping	noun
kamplysten	adj
kampsport	noun
kampsång	noun
kampuchea	name
kamrat	noun
kamratlig	adj
kamratlighet	noun
kamratskap	noun
kamrer	noun
kamtjatka	name
kamtjatkakrabba	noun
kana	noun,verb
kanada	name
kanadagäss	noun
kanadagås	noun
kanadames	noun
kanadensare	noun
kanadensisk	adj
kanadensiska	noun
kanal	noun
kanalisation	noun
kanalisera	verb
kanalisering	noun
kanalje	noun
kanalsimmare	noun
kanalsimning	noun
kanalväljare	noun
kanariefågel	noun
kanarier	noun
kanarieöarna	name
kanarisk	adj
kancellera	verb
kandelaber	noun
kandidat	noun
kandidatexamen	noun
kandidatlista	noun
kandidera	verb
kanel	noun
kanelbulle	noun
kanelsnäcka	noun
kanik	noun
kanin	noun
kaninfoder	noun
kaninhål	noun
kaninhåla	noun
kaninmat	noun
kaninsvält	noun
kanna	noun
kannibal	noun
kannibalisk	adj
kannibalism	noun
kannstöpare	noun
kanon	intj,noun
kanonad	noun
kanonbåt	noun
kanonbåtsdiplomati	noun
kanoneld	noun
kanonföda	noun
kanonisation	noun
kanonisera	verb
kanonisering	noun
kanonkula	noun
kanonmatch	noun
kanonskott	noun
kanot	noun
kanotist	noun
kanotpaddlare	noun
kanske	adv
kansler	noun
kansli	noun
kanslichef	noun
kansliråd	noun
kanslisekreterare	noun
kansliskrivare	noun
kanslispråk	noun
kanslispråklig	adj
kanslisvenska	noun
kant	noun
kanta	verb
kantad	adj
kantarell	noun
kantat	noun
kantig	adj
kantin	noun
kanton	noun
kantor	noun
kantra	verb
kantring	noun
kantstött	adj
kanyl	noun
kaon	noun
kaos	noun
kaosartad	adj
kaosteori	noun
kaotisk	adj
kap	noun
kapa	verb
kapabel	adj
kapacitans	noun
kapacitet	noun
kapardrama	noun
kapare	noun
kapell	noun
kapellmästare	noun
kapital	adj,noun
kapitalförlust	noun
kapitalförstöring	noun
kapitalinkomst	noun
kapitalintensiv	adj
kapitalisera	verb
kapitalisering	noun
kapitalism	noun
kapitalist	noun
kapitalistisk	adj
kapitalistiskt	adv
kapitalkostnad	noun
kapitalkrävande	adj
kapitalmarknad	noun
kapitaltillgång	noun
kapitaltillväxt	noun
kapitaltäckning	noun
kapitaltäckningsgrad	noun
kapitalvinst	noun
kapitalägare	noun
kapitel	noun
kapitulation	noun
kapitulationsvillkor	noun
kapitulera	verb
kapitäl	noun
kapmes	noun
kapning	noun
kapningsförsök	noun
kapp	adv
kappa	noun
kapplöpning	noun
kapplöpningsbana	noun
kapplöpningshäst	noun
kapprum	noun
kapprusta	verb
kapprustning	noun
kappsegling	noun
kappsäck	noun
kappvändare	noun
kapriciös	adj
kaprifol	noun
kaprifolium	noun
kapris	noun
kapsejsa	verb
kapsejsning	noun
kapsel	noun
kapsla	verb
kapsyl	noun
kapsylöppnare	noun
kapten	noun
kaptensbindel	noun
kapucin	noun
kapun	noun
kapunera	verb
kapunering	noun
kapuschong	noun
kapverdier	noun
kapärla	noun
kar	noun
karabinjär	noun
karaff	noun
karaffpropp	noun
karakterisera	verb
karakterisering	noun
karakteristik	noun
karakteristisk	adj
karaktär	noun
karaktärsbrist	noun
karaktärsdanande	adj
karaktärsdrag	noun
karaktärsfast	adj
karaktärsfasthet	noun
karaktärsfel	noun
karaktärslös	adj
karaktärslöshet	noun
karaktärsmord	noun
karaktärsskådespelare	noun
karaktärsstark	adj
karaktärsstyrka	noun
karaktärssvag	adj
karaktärssvaghet	noun
karaktärsvittne	noun
karamboll	noun
karamell	noun
karamellisera	verb
karantän	noun
karantänssjukhus	noun
karaoke	noun
karaokemaskin	noun
karat	noun
karate	noun
karavan	noun
karavanseraj	noun
karbad	noun
karbamid	noun
karbid	noun
karbin	noun
karbinhake	noun
karbon	noun
karbonpapper	noun
karboxylsyra	noun
karbunkellik	adj
karbunkellikt	adv
karburator	noun
karda	noun,verb
kardan	noun
kardanaxel	noun
kardanknut	noun
kardborre	noun
kardborreband	noun
kardemumma	noun
kardinal	adj,noun
kardinaldygd	noun
kardinalfel	noun
kardinalpunkt	noun
kardinalstreck	noun
kardinalsynd	noun
kardinaltal	noun
kardiolog	noun
kardiologi	noun
kardiologisk	adj
kardiopulmonell	adj
kardus	noun
karelen	name
karens	noun
karensavdrag	noun
karensdag	noun
karenstid	noun
karg	adj
karghet	noun
karikatyr	noun
karikatyrartad	adj
karikatyrmässig	adj
karikatyrtecknare	noun
karikera	verb
karin	name
karina	name
karisma	noun
karismatisk	adj
kark	noun
karka	verb
karl	name,noun
karlakarl	noun
karlaktig	adj
karlaktighet	noun
karlavagnen	name
karlgöra	noun
karljohan	noun
karljohanssvamp	noun
karlsborg	name
karlskoga	name
karlskrona	name
karlslok	noun
karlsson	name
karlstad	name
karltycke	noun
karm	noun
karmelit	noun
karmosinröd	adj
karolin	name,noun
karolina	name
karolinasumphöna	noun
karolinatita	noun
karolinsk	adj
kaross	noun
karosseri	noun
karp	noun
karpaltunnel	noun
karpaterna	name
karriär	noun
karriärist	noun
karriärmöjlighet	noun
karsk	adj
karskhet	noun
kart	noun
karta	noun
kartell	noun
kartera	verb
kartesch	noun
karthago	name
karting	noun
kartlägga	verb
kartläggare	noun
kartläggning	noun
kartmätare	noun
kartograf	noun
kartografi	noun
kartografisk	adj
kartong	noun
kartritare	noun
kartritning	noun
kartskåp	noun
kartusch	noun
karusell	noun
karuselldörr	noun
karve	noun
kasa	verb
kase	noun
kasematt	noun
kasern	noun
kasernförbud	noun
kasino	noun
kasinospel	noun
kask	noun
kaskad	noun
kaskadspy	verb
kaskadspya	noun
kaskelot	noun
kaskelott	noun
kaskelottval	noun
kaskelotval	noun
kaspar	name
kasper	name
kaspisk	adj
kass	noun
kassa	noun
kassaapparat	noun
kassaflöde	noun
kassahage	noun
kassako	noun
kassalinje	noun
kassamedarbetare	noun
kassaskrin	noun
kassaskåp	noun
kassasystem	noun
kassation	noun
kassationsdomstol	noun
kassavalv	noun
kassavärd	noun
kasse	noun
kassera	verb
kasserad	adj
kassett	noun
kassettband	noun
kassettbandspelare	noun
kassettspelare	noun
kassunsjuka	noun
kassör	noun
kassörska	noun
kast	noun
kasta	verb
kastanj	noun
kastanjebrun	adj
kastanjett	noun
kastare	noun
kastilian	noun
kastilianare	noun
kastilien	name
kastlös	adj
kastmaskin	noun
kastning	noun
kastrat	noun
kastration	noun
kastrationskomplex	noun
kastratsångare	noun
kastrera	verb
kastrering	noun
kastrull	noun
kastrullock	noun
kastspjut	noun
kaststjärna	noun
kastsystem	noun
kastvapen	noun
kasuar	noun
kasus	noun
kasusändelse	noun
kat	noun
katabol	adj
katabolism	noun
katakomb	noun
katalan	noun
katalansk	adj
katalanska	noun
katalog	noun
katalogisera	verb
katalogisering	noun
katalonien	name
katalysator	noun
katalysering	noun
katamaran	noun
katana	noun
katapult	noun
katapultera	verb
katapultstol	noun
katarina	name
katarr	noun
katastrof	noun
katastrofal	adj
katastrofartad	adj
katastrofdrabbad	adj
katastroffilm	noun
katastrofläge	noun
katastrofområde	noun
katastrofteori	noun
katastroftillstånd	noun
katedersocialism	noun
katedersocialist	noun
katedral	noun
katedralskola	noun
kategori	noun
kategorisera	verb
kategorisering	noun
kategorisk	adj
kategoriteori	noun
katekes	noun
kateket	noun
kateketisk	adj
katekumen	noun
katet	noun
kateter	noun
katharina	name
katja	name
katmandu	name
katod	noun
katodstråle	noun
katodstråleoscillograf	noun
katodstrålerör	noun
katolicism	noun
katolik	noun
katolisera	verb
katolsk	adj
katrin	name
katrina	name
katrineholm	name
katrinplommon	noun
katt-och-råtta-lek	noun
katta	noun
kattaktig	adj
kattdjur	noun
kattegatt	name
kattguld	noun
kattjävel	noun
kattlucka	noun
kattlåda	noun
kattmat	noun
kattmynta	noun
kattracka	noun
kattras	noun
katträv	noun
kattsand	noun
kattsim	noun
kattskrälle	noun
kattuggla	noun
kattunge	noun
kattvippa	noun
kaukasien	name
kaukasier	noun
kaukasisk	adj
kaukasus	name
kausalitet	noun
kauterisation	noun
kauterisera	verb
kauteriserad	adj
kauterisering	noun
kautschuk	noun
kautschukparagraf	noun
kavaj	noun
kavalkad	noun
kavalleri	noun
kavallerist	noun
kavat	adj
kavathet	noun
kavel	noun
kaviar	noun
kavla	verb
kaxe	noun
kaxig	adj
kaxighet	noun
kazakiska	noun
kazakstan	name
kazakstanier	noun
kb	name
kd	name
ke	symbol
kebab	noun
kebabpizza	noun
kebabrulle	noun
kebabsallad	noun
kebabsås	noun
kebabtallrik	noun
kebnekaise	name
ked	adj
kediv	noun
kedja	noun,verb
kedjebrev	noun
kedjebråk	noun
kedjehus	noun
kedjekurva	noun
kedjereaktion	noun
kedjeröka	verb
kedjerökare	noun
kedjerökning	noun
kedjeskydd	noun
kefas	name
kefir	noun
kejsar	noun
kejsardöme	noun
kejsare	noun
kejsarhummer	noun
kejsarinna	noun
kejsarkrona	noun
kejsarpingvin	noun
kejsarsnitt	noun
kejsartid	noun
kejsarörn	noun
kejserlig	adj
kela	verb
kelgris	noun
kelsjuk	adj
kelt	noun
keltisk	adj
keltiska	noun
kem	noun
kemdykare	noun
kemdykning	noun
kemi	noun
kemikalie	noun
kemipristagare	noun
kemisk	adj
kemist	noun
kemiteknik	noun
kemtvätt	noun
kemtvätta	verb
kemvapen	noun
kennet	name
kenneth	name
kenning	noun
kenny	name
kenotaf	noun
kent	name
kenta	name
kentaur	noun
kenth	name
kenya	name
kenyan	noun
keps	noun
ker	symbol
keramik	noun
keramikverkstad	noun
keratin	noun
kerstin	name
kerub	noun
kes	symbol
kesella	noun
keso	noun
kesusjön	name
ket	symbol
ketamin	noun
ketchup	noun
keton	noun
kevin	name
kex	noun
kexholm	name
key	symbol
keyboard	noun
kg	symbol
kga	symbol
kgb	symbol
kgc	symbol
kh	symbol
khazar	noun
khmer	noun
ki	symbol
kia	name
kick	noun
kicka	verb
kickboxare	noun
kickboxning	noun
kicker	noun
kicki	name
kickoff	noun
kid	noun,symbol
kidnappa	verb
kidnappare	noun
kidnappning	noun
kidnappningsdrama	noun
kidnappningsförsök	noun
kidneyböna	noun
kie	symbol
kiev	name
kih	symbol
kij	symbol
kik	symbol
kika	verb
kikare	noun
kikarsikte	noun
kikbär	noun
kikhosta	noun
kikhostepidemi	noun
kikhostevaccin	noun
kikhostvaccination	noun
kikhål	noun
kikna	verb
kikärt	noun
kil	noun,symbol
kila	verb
kilben	noun
kiliasm	noun
kiliastisk	adj
kilig	adj
killbacill	noun
kille	noun
killgissa	verb
killgissning	noun
killing	noun
kilo	noun
kilocykler	noun
kilogram	noun
kilograms	noun
kilometer	noun
kilovikt	noun
kilowattimme	noun
kilskrift	noun
kilskriftstecken	noun
kilt	noun
kim	name
kimchi	noun
kimitoön	name
kina	name
kinagräs	noun
kinakännare	noun
kinakål	noun
kinamat	noun
kinarestaurang	noun
kinaschack	noun
kind	noun
kindben	noun
kindstrand	name
kines	noun
kinesisk	adj
kinesiska	noun
kinesjävel	noun
kineskrage	noun
kineskrog	noun
kinesmat	noun
kinesrestaurang	noun
kinetik	noun
kinetisk	adj
king	adj
kinin	noun
kinkig	adj
kiosk	noun
kioskvältare	noun
kippa	noun,verb
kirgis	noun
kirgisisk	adj
kirgisiska	noun
kirgiz	noun
kirgizisk	adj
kirgiziska	noun
kirgizistan	name
kirgizistanier	noun
kiribati	name
kiromanti	noun
kiropraktik	noun
kiropraktiker	noun
kiropraktor	noun
kirskål	noun
kiruna	name
kirurg	noun
kirurgi	noun
kirurgisk	adj
kis	noun
kisa	name,verb
kisel	noun
kiss	intj,noun
kissa	verb
kisspaus	noun
kista	noun
kistbärare	noun
kitsch	noun
kitschig	adj
kitslig	adj
kitslighet	noun
kitsune	noun
kittel	noun
kittelflickare	noun
kittla	verb
kittlande	adj
kittlig	adj
kittlighet	noun
kiv	noun
kiva	verb
kivaktig	adj
kivas	verb
kivi	noun
kivifågel	noun
kiwi	noun
kiwifrukt	noun
kjell	name
kjellander	name
kjellberg	name
kjellström	name
kjol	noun
kjoltyg	noun
kkr	noun
klabb	noun
klabba	verb
klabbe	noun
klabbig	adj
klabbsnö	noun
klack	noun
klackspark	noun
kladd	noun
kladda	verb
kladdig	adj
kladdighet	noun
kladdkaka	noun
kladdmassa	noun
klaff	noun
klaffbord	noun
klaffbro	noun
klaffel	noun
klafs	intj,noun
klafsa	verb
klag	name
klaga	verb
klagan	noun
klagande	noun
klagomål	noun
klagorop	noun
klagosång	noun
klagovisa	noun
klagovisorna	name
klammer	noun
klammeri	noun
klammerparentes	noun
klamp	noun
klampa	verb
klamra	verb
klamydia	noun
klan	noun
klander	noun
klanderfri	adj
klandervärd	adj
klandra	verb
klang	noun
klangbotten	noun
klangfull	adj
klangfullhet	noun
klangfärg	noun
klanglåda	noun
klanglös	adj
klanglöshet	noun
klangrik	adj
klangrikedom	noun
klanmedlem	noun
klant	noun
klanta	verb
klantig	adj
klantighet	noun
klapp	noun
klappa	noun,verb
klappbräda	noun
klapper	noun
klappersten	noun
klapperstensfält	noun
klappgröt	noun
klappjakt	noun
klappkräm	noun
klappmyts	noun
klappning	noun
klappra	verb
klappträ	noun
klar	adj
klara	name,verb
klarera	verb
klargöra	verb
klargörande	noun
klargöring	noun
klarhet	noun
klarinett	noun
klarinettist	noun
klarlägga	verb
klarläggning	noun
klarna	verb
klarsignal	noun
klarskinn	noun
klarspråk	noun
klarsynt	adj
klarsynthet	noun
klart	adv
klartecken	noun
klartext	noun
klartänkt	adj
klarvaken	adj
klarögd	adj
klas	name
klase	noun
klasefibbla	noun
klass	noun
klassa	verb
klassamhälle	noun
klassfiende	noun
klassfoto	noun
klasshat	noun
klassicism	noun
klassicistisk	adj
klassificera	verb
klassificering	noun
klassiker	noun
klassisk	adj
klasskamp	noun
klasskamrat	noun
klassklyfta	noun
klasskrig	noun
klasslös	adj
klassmål	noun
klassrum	noun
klasstillhörighet	noun
klatsch	noun
klatscha	verb
klatschig	adj
klatschighet	noun
klaustrofobi	noun
klaustrofobisk	adj
klausul	noun
klav	noun
klave	noun
klaver	noun
klaverinstrument	noun
klavertramp	noun
klaviatur	noun
klavikord	noun
klema	verb
klemighet	noun
klen	adj
klenhet	noun
klenmodig	adj
klenod	noun
klenspänning	noun
klentrogen	adj
klentrogenhet	noun
klenät	noun
kleopatra	name
kleptofili	noun
kleptokrat	noun
kleptokrati	noun
kleptokratisk	adj
kleptolagni	noun
kleptoman	noun
kleptomani	noun
klet	noun
kleta	verb
kletig	adj
klev	noun
kli	noun
klia	verb
klibb	noun
klibba	verb
klibbal	noun
klibbig	adj
klibbighet	noun
klick	noun
klicka	verb
klickbar	adj
klickmagnet	noun
klickning	noun
klient	noun
klientel	noun
klientmedelskonto	noun
klientskap	noun
klientstat	noun
klimakterium	noun
klimat	noun
klimataktivist	noun
klimatanpassningsförordning	noun
klimatflykting	noun
klimatforskare	noun
klimatforskning	noun
klimatförnekare	noun
klimatförändring	noun
klimatkompensation	noun
klimatkonferens	noun
klimatkris	noun
klimatminister	noun
klimatmål	noun
klimatolog	noun
klimatologi	noun
klimatologisk	adj
klimatpolitik	noun
klimatpolitisk	adj
klimatpåverkan	noun
klimatstyrning	noun
klimatångest	noun
klimp	noun
klimpig	adj
klinch	noun
klinga	noun,verb
klingon	noun
klingonska	noun
klinik	noun
klinisk	adj
klinker	noun
klintbergare	noun
klipp	noun
klippa	noun,verb
klippan	name
klippare	noun
klippduva	noun
klippkaja	noun
klippning	noun
klippsparv	noun
klippsvala	noun
klipptid	noun
klippvägg	noun
klipsk	adj
klipskhet	noun
klipskt	adv
klipulver	noun
klirr	noun
klirra	verb
klister	noun
klistermärke	noun
klistra	verb
klistrig	adj
klistring	noun
klitoris	noun
klitorisollon	noun
kliv	noun
kliva	verb
klivare	noun
klk	noun
klo	noun
kloak	noun
kloakdjur	noun
kloakråtta	noun
kloakrör	noun
kloaksystem	noun
kloaköppning	noun
klobb	noun
klocka	noun,verb
klockare	noun
klockarkatt	noun
klockboj	noun
klockgroda	noun
klockning	noun
klockren	adj
klockringning	noun
klockslag	noun
klockstapel	noun
klocktorn	noun
klok	adj
klokhet	noun
klokskap	noun
klokt	adv
klon	noun
klona	verb
kloning	noun
klonken	noun
klor	noun
klordioxid	noun
klorera	verb
klorfluorid	noun
klorid	noun
klormonofluorid	noun
klormonoxid	noun
kloroform	noun
klorofyll	noun
klorpentafluorid	noun
klorsyrlighet	noun
klortrifluorid	noun
kloss	noun
kloster	noun
klosterlig	adj
klosterlik	adj
klosterruin	noun
klot	noun
klotblixt	noun
klotformad	adj
klotformig	adj
klotgrill	noun
klotprick	noun
klotrund	adj
klotter	noun
klottra	verb
klottrare	noun
klottrig	adj
klotytefunktion	noun
klubb	noun
klubba	noun,verb
klubbformad	adj
klubbformig	adj
klubblik	adj
klubbmedlem	noun
klubbordförande	noun
klubbrum	noun
klubbskaft	noun
kluck	noun
klucka	verb
kludd	noun
kludda	verb
kludderi	noun
kluddra	verb
klump	noun
klumpa	verb
klumpanslag	noun
klumpfisk	noun
klumpfot	noun
klumpfotad	adj
klumpförebyggande	adj
klumpig	adj
klumpighet	noun
klumpigt	adv
klumpsumma	noun
klunga	noun
klunk	noun
klunka	verb
kluns	noun
klura	verb
klurig	adj
klurighet	noun
klusil	noun
kluster	noun
klusterbomb	noun
klut	noun
kluven	adj
kluvenhet	noun
klyfta	noun,verb
klyftig	adj
klyftighet	noun
klyka	noun
klyscha	noun
klyschig	adj
klyva	verb
klyvarbom	noun
klyvare	noun
klyvbar	adj
klyvbarhet	noun
klyvning	noun
klä	verb
kläcka	verb
kläckning	noun
klädd	adj
kläde	noun
kläder	noun
klädesplagg	noun
klädgalge	noun
klädhängare	noun
klädkammare	noun
klädnypa	noun
klädsam	adj
klädsel	noun
klädstil	noun
klädstreck	noun
kläm	noun
klämdag	noun
klämma	noun,verb
klämning	noun
klämta	verb
klänga	verb
klänge	noun
klängig	adj
klängning	noun
klängväxt	noun
klänning	noun
klänningsliv	noun
klärobskyr	noun
klärvoajans	noun
klärvoajant	adj
klätt	noun
klättersele	noun
klättersko	noun
klätterställning	noun
klätterträd	noun
klättervägg	noun
klätterväxt	noun
klättra	verb
klättrare	noun
klättring	noun
klå	verb
klåda	noun
klåfingrig	adj
klåfingrighet	noun
klösa	verb
klösmärke	noun
klösning	noun
klöv	noun
klövdjur	noun
klöver	noun
klöverdam	noun
klöveress	noun
klöverknekt	noun
klöverkung	noun
klöverstöld	noun
klöveräss	noun
klövja	verb
kmr	verb
kn	noun,symbol
knacka	verb
knackare	noun
knackning	noun
knaffel	noun
knagg	noun
knaggla	verb
knagglig	adj
knagglighet	noun
knak	noun
knaka	verb
knakning	noun
knall	adj,noun
knalla	verb
knallblå	adj
knalleffekt	noun
knallgas	noun
knallgrön	adj
knallgul	adj
knallhatt	noun
knallpulver	noun
knallpulverpistol	noun
knallrosa	adj
knallröd	adj
knap	noun
knaper	adj
knapersteka	verb
knapp	adj,noun
knappa	verb
knappast	adv,intj
knapphet	noun
knapphändig	adj
knapphändighet	noun
knapphändigt	adv
knapphål	noun
knapplift	noun
knappnål	noun
knappnålshuvud	noun
knappologi	noun
knappsats	noun
knappt	adv
knapptelefon	noun
knapptryck	noun
knapptryckare	noun
knapptryckning	noun
knapra	verb
knaprig	adj
knaprighet	noun
knarkhund	noun
knarkkartell	noun
knarkkung	noun
knarkkvart	noun
knarklangare	noun
knarkmissbrukare	noun
knarkrazzia	noun
knarksmugglare	noun
knarksmuggling	noun
knarr	noun
knarra	verb
knarrig	adj
knarrighet	noun
knarrigt	adv
knarrning	noun
knaster	noun
knastertorr	adj
knasthål	noun
knastra	verb
knattar	noun
knatte	noun
knatter	noun
knattra	verb
kned	noun
knega	verb
knekt	noun
knep	noun
knepig	adj
knepighet	noun
knepigt	adv
knip	noun
knipa	noun,verb
knipkula	noun
knipning	noun
knippa	noun
knippe	noun
knipsa	verb
knipslug	adj
knipslughet	noun
kniptång	noun
kniptångsmanöver	noun
knipövning	noun
kniv	noun
knivdåd	noun
knivhugg	noun
knivhugga	verb
knivhuggen	adj
knivhuggning	noun
knivighet	noun
knivjunkare	noun
knivkastare	noun
knivman	noun
knivmord	noun
knivmussla	noun
knivmörda	verb
knivrygg	noun
knivsegg	noun
knivskaft	noun
knivskarp	adj
knivskuren	adj
knivskära	verb
knivskärare	noun
knivskärning	noun
knivslagsmål	noun
knivspets	noun
knivströmbrytare	noun
knivsudd	noun
knix	noun
knixa	verb
knixig	adj
knjaz	noun
knockdown	noun
knockout	noun
knog	noun
knoga	verb
knoge	noun
knogjärn	noun
knop	noun
knoparmoj	noun
knopp	noun
knoppas	verb
knorr	noun
knorra	verb
knorrhane	noun
knot	noun
knota	noun,verb
knott	noun
knottra	noun,verb
knottrig	adj
knottrighet	noun
knubbig	adj
knubbighet	noun
knubbsäl	noun
knuff	noun
knuffa	verb
knuffning	noun
knull	noun
knulla	verb
knullare	noun
knullbar	adj
knulldocka	noun
knussel	noun
knussla	verb
knusslig	adj
knusslighet	noun
knut	name,noun
knuta	noun
knutpunkt	noun
knutte	name
knyck	noun
knycka	verb
knyckla	verb
knyppeldyna	noun
knyppelpinne	noun
knyppla	verb
knyppling	noun
knyst	noun
knyta	verb
knyte	noun
knytkalas	noun
knytning	noun
knytnäve	noun
knä	noun
knäa	verb
knäbräda	noun
knäböj	noun
knäböja	verb
knäböjning	noun
knäck	noun
knäcka	verb
knäckebröd	noun
knäckfråga	noun
knäckning	noun
knäfall	noun
knäfalla	verb
knähund	noun
knäkudde	noun
knäled	noun
knäpp	adj,noun
knäppa	verb
knäppare	noun
knäppgök	noun
knäppis	noun
knäppskalle	noun
knäppstare	noun
knäpptyst	adj
knäsatt	adj
knäskada	noun
knäskydd	noun
knäskål	noun
knästrumpa	noun
knäsvag	adj
knäsätta	verb
knäveck	noun
knåda	verb
knådbar	adj
knådning	noun
knåp	noun
knåpa	verb
knöl	noun
knölaktig	adj
knölbegonia	noun
knölig	adj
knölnate	noun
knölpåk	noun
knölsvan	noun
knölsvärta	noun
knöltång	noun
knölval	noun
ko	name,noun,symbol
ko-sjukan	noun
koa	symbol
koagulation	noun
koagulera	verb
koai	symbol
koala	noun
koalabjörn	noun
koalitionsregering	noun
koalitionsstyrka	noun
kobbe	noun
kobent	adj
kobolt	noun
koboltmes	noun
kobra	noun
koc	symbol
koca	symbol
kock	noun
kocka	noun
kockkniv	noun
kockmössa	noun
kod	noun
koda	verb
koddaflaska	noun
kodifiera	verb
kodifiering	noun
kodlås	noun
kodnamn	noun
kodning	noun
koefficient	noun
koffe	name
koffein	noun
koffeinfri	adj
koffert	noun
kofot	noun
kofta	noun
kofångare	noun
koger	noun
kognitiv	adj
kohandel	noun
kohort	noun
kohortstudie	noun
kohäger	noun
koj	noun
koja	noun,verb
kok	noun
koka	noun,verb
kokain	noun
kokainhandel	noun
kokainist	noun
kokainmissbrukare	noun
kokard	noun
kokare	noun
kokbanan	noun
kokbok	noun
kokerska	noun
kokett	adj,noun
kokettera	verb
koketteri	noun
kokgrop	noun
kokhet	adj
kokkaffe	noun
koklåda	noun
kokning	noun
kokoppor	noun
kokos	noun
kokosboll	noun
kokosfett	noun
kokosmjölk	noun
kokosnöt	noun
kokosnötsolja	noun
kokosolja	noun
kokospalm	noun
kokott	noun
kokplatta	noun
kokpunkt	noun
koks	noun
koksalt	noun
kokt	adj
kokvrå	noun
kol	name,noun
kola	noun,verb
kolare	noun
kolasås	noun
koldioxid	noun
koldioxidskatt	noun
koldioxidutsläpp	noun
kolera	noun
koleraepidemi	noun
koleravaccin	noun
koleriker	noun
kolerisk	adj
kolesterol	noun
kolgruva	noun
kolhydrat	noun
kolibri	noun
kolik	noun
kolja	noun
kolkraft	noun
kolkraftverk	noun
kolla	verb
kollaboration	noun
kollaboratör	noun
kollaborera	verb
kollagen	noun
kollaps	noun
kollapsa	verb
kollationera	verb
kollega	noun
kollegial	adj
kollegialitet	noun
kollegium	noun
kollektiv	adj,noun
kollektivavtal	noun
kollektivisera	verb
kollektivisering	noun
kollektivism	noun
kollektivist	noun
kollektivtrafik	noun
kolli	noun
kollidera	verb
kollision	noun
kollisionskurs	noun
kollra	verb
kollrig	adj
kolmila	noun
kolmonoxid	noun
kolmården	name
kolning	noun
kolofon	noun
kolon	noun
koloni	noun
kolonial	adj,noun
kolonialisera	verb
kolonialisering	noun
kolonialism	noun
kolonialkrig	noun
kolonialmakt	noun
kolonialvara	noun
kolonialvälde	noun
kolonilott	noun
kolonisation	noun
kolonisatör	noun
kolonisera	verb
kolonist	noun
kolonn	noun
koloradobagge	noun
koloradoskalbagge	noun
kolorism	noun
koloskop	noun
koloskopi	noun
koloskopisk	adj
koloss	noun
kolossal	adj
kolosserbrevet	name
kolostomi	noun
koloxid	noun
koloxidförgiftning	noun
kolpanna	noun
kolportage	noun
kolportageroman	noun
kolportera	verb
kolportör	noun
kolsvart	adj
kolsyra	noun,verb
kolt	noun
koltrast	noun
kolugn	adj,noun
kolumn	noun
kolumnbredd	noun
kolumnist	noun
kolv	noun
kolväte	noun
kolymasnäppa	noun
kom	intj
koma	noun
kombattant	noun
kombination	noun
kombinationsfält	noun
kombinationslås	noun
kombinationstång	noun
kombinatorik	noun
kombinatoriker	noun
kombinera	verb
kombo	noun
komedi	noun
komediartad	adj
komet	noun
kometartad	adj
komfort	noun
komfortabel	adj
komfortzon	noun
komik	noun
komiker	noun
komisk	adj
komjölk	noun
komma	noun,verb
kommande	adj
kommanditbolag	noun
kommanditdelägare	noun
kommanditär	noun
kommando	noun
kommandofönster	noun
kommandoknapp	noun
kommandorad	noun
kommandosoldat	noun
kommandotolk	noun
kommatecken	noun
kommendant	noun
kommendera	verb
kommendering	noun
kommendör	noun
kommendörkapten	noun
kommensurabel	adj
kommentar	noun
kommentarsfält	noun
kommentator	noun
kommentera	verb
kommenterad	adj
kommers	noun
kommersialisera	verb
kommersialisering	noun
kommersiell	adj
kommerskollegium	noun
komminister	noun
kommissariat	noun
kommissarie	noun
kommission	noun
kommissionär	noun
kommun	noun
kommunal	adj
kommunalråd	noun
kommunalval	noun
kommunard	noun
kommunfullmäktig	adj
kommunfullmäktige	noun
kommunhus	noun
kommunicera	verb
kommunikation	noun
kommunikationsanalys	noun
kommunikationschef	noun
kommunikationsmedel	noun
kommunikationssystem	noun
kommunikatör	noun
kommunism	noun
kommunist	noun
kommunistdiktatur	noun
kommunistisk	adj
kommunistparti	noun
kommunistpropaganda	noun
kommunistregim	noun
kommunistskräck	noun
kommuniststat	noun
kommunminister	noun
kommunpolitiker	noun
kommunråd	noun
kommunstyrelse	noun
kommunvapen	noun
kommutativ	adj
kommutativitet	noun
kommutator	noun
kommutera	verb
komocka	noun
komodovaran	noun
komorerna	name
komorier	noun
komoriska	noun
kompakt	adj
kompakthet	noun
kompaktkamera	noun
kompani	noun
kompanichef	noun
kompanjon	noun
kompanjonskap	noun
komparabel	adj
komparativ	adj,noun
kompass	noun
kompasspets	noun
kompatibel	adj
kompatibilitet	noun
kompendium	noun
kompensation	noun
kompensationspendel	noun
kompensera	verb
kompetens	noun
kompetensbrist	noun
kompetensflykt	noun
kompetensförsörjning	noun
kompetensområde	noun
kompetent	adj
kompilation	noun
kompilator	noun
kompilera	verb
kompilering	noun
kompledighet	noun
kompletorium	noun
komplett	adj
komplettera	verb
kompletterande	adj
komplex	adj,noun
komplexitet	noun
komplext	adv
komplicera	verb
komplicerad	adj
komplikation	noun
komplimang	noun
komplott	noun
komponent	noun
komponera	verb
kompositindex	noun
komposition	noun
kompositum	noun
kompositör	noun
kompost	noun
kompostera	verb
komposthög	noun
kompott	noun
kompoundmaskin	noun
komprimator	noun
komprimera	verb
kompromat	noun
kompromettera	verb
kompromettering	noun
kompromiss	noun
kompromissa	verb
kompromissförsök	noun
kompromisslös	adj
kompromisslöshet	noun
kompromisslöst	adv
kon	noun
koncentration	noun
koncentrationsläger	noun
koncentrera	verb
koncentricitet	noun
koncentrisk	adj
koncept	noun
konceptrenovering	noun
konceptualisera	verb
konceptualisering	noun
konceptualism	noun
konceptualist	noun
konceptuell	adj
koncern	noun
koncession	noun
koncilium	noun
koncipiering	noun
koncis	adj
koncishet	noun
koncist	adv
kondensation	noun
kondensationsstrimma	noun
kondensator	noun
kondensera	verb
kondenskraftverk	noun
kondition	noun
konditor	noun
konditori	noun
kondoleans	noun
kondom	noun
kondor	noun
kondottiär	noun
konduktör	noun
kondylom	noun
konfekt	noun
konferencier	noun
konferens	noun
konferensanläggning	noun
konferenscenter	noun
konfidensintervall	noun
konfidentialitet	noun
konfidentiell	adj
konfigurera	verb
konfirmand	noun
konfirmation	noun
konfirmera	verb
konfiskera	verb
konfiskerbar	adj
konfiskering	noun
konflikt	noun
konfliktfri	adj
konfliktfylld	adj
konflikthärd	noun
konfliktlösning	noun
konfliktvarsel	noun
konformad	adj
konformig	adj
konformism	noun
konformist	noun
konformistisk	adj
konformitet	noun
konfrontation	noun
konfrontera	verb
konfundera	verb
konfunderad	adj
konglomerat	noun
kongo	name
kongo-brazzaville	name
kongo-kinshasa	name
kongoles	noun
kongolesiska	noun
kongress	noun
kongressbeslut	noun
kongressförhör	noun
kongressledamot	noun
kongressman	noun
kongressutskott	noun
kongressval	noun
kongruens	noun
kongruent	adj
konicitet	noun
konisk	adj
konjak	noun
konjakskupa	noun
konjugation	noun
konjugera	verb
konjugering	noun
konjunktion	noun
konjunktiv	noun
konjunktur	noun
konjunkturcykel	noun
konkatenera	verb
konkavitet	noun
konklav	noun
konkludent	adj
konkret	adj
konkretisera	verb
konkretisering	noun
konkurrens	noun
konkurrensduglig	adj
konkurrenshinder	noun
konkurrenskraft	noun
konkurrenskraftig	adj
konkurrent	noun
konkurrera	verb
konkurs	noun
konkursa	verb
konkursansökan	noun
konkursbo	noun
konkursförvaltare	noun
konkursgäldenär	noun
konkursmässig	adj
konkursärende	noun
konnektionslinje	noun
konnotation	noun
konnotera	verb
konnässör	noun
konprick	noun
konrad	name
konsekrera	verb
konsekvens	noun
konsekvensutredning	noun
konsekvent	adj
konselj	noun
konsensus	noun
konsert	noun
konsertbesökare	noun
konsertbiljett	noun
konserthall	noun
konserthus	noun
konsertlokal	noun
konserv	noun
konservatism	noun
konservativ	adj
konservbrytare	noun
konservburk	noun
konservera	verb
konserveringsmedel	noun
konservöppnare	noun
konsistens	noun
konsol	noun
konsolidera	verb
konsolidering	noun
konsonant	noun
konsortium	noun
konspiration	noun
konspirationsteoretiker	noun
konspirationsteori	noun
konspiratör	noun
konspirera	verb
konst	noun
konstant	adj,noun
konstantin	name
konstantinopel	name
konstantinopolitan	noun
konstantinopolitansk	adj
konstantinopolitanska	noun
konstart	noun
konstatera	verb
konstaterande	noun
konstbefrukta	verb
konstbefruktning	noun
konstbevattna	verb
konstbevattning	noun
konstbiennal	noun
konstellation	noun
konsternation	noun
konsternera	verb
konstexpert	noun
konstfiber	noun
konstfilosofi	noun
konstform	noun
konstfull	adj
konstfullhet	noun
konstförfalskare	noun
konstgalleri	noun
konstgjord	adj
konstgräs	noun
konstgödsel	noun
konsthall	noun
konsthandel	noun
konsthandlare	noun
konsthantverk	noun
konsthistoria	noun
konsthistoriker	noun
konsthistorisk	adj
konstig	adj
konstighet	noun
konstigt	adv
konstituant	noun
konstituera	verb
konstitution	noun
konstitutionell	adj
konstitutionsutskott	noun
konstitutionsutskottsledamot	noun
konstkritik	noun
konstkritiker	noun
konstkännare	noun
konstlad	adj
konstläder	noun
konstlös	adj
konstlöshet	noun
konstmecenat	noun
konstmuseum	noun
konstnär	noun
konstnärlig	adj
konstnärlighet	noun
konstnärskap	noun
konstpaus	noun
konstprojekt	noun
konstra	verb
konstrecensent	noun
konstrik	adj
konstruera	verb
konstruerad	adj
konstruktion	noun
konstruktionsteknik	noun
konstruktiv	adj
konstruktivism	noun
konstruktor	noun
konstruktör	noun
konstråd	noun
konstsamlare	noun
konstsamling	noun
konstsim	noun
konstsimning	noun
konstskatt	noun
konstsnö	noun
konststycke	noun
konststöld	noun
konstutställning	noun
konstverk	noun
konstvetare	noun
konstvetenskap	noun
konstvetenskaplig	adj
konstvärld	noun
konstyttring	noun
konstälskare	noun
konståkare	noun
konståkning	noun
konsul	noun
konsulinna	noun
konsult	noun
konsultarvode	noun
konsultbolag	noun
konsultera	verb
konsultfirma	noun
konsultföretag	noun
konsulär	adj
konsument	noun
konsumentombudsman	noun
konsumentpanel	noun
konsumentprisindex	noun
konsumera	verb
konsumering	noun
konsumtion	noun
konsumtionsminskning	noun
konsumtionstillväxt	noun
konsumtionsvara	noun
konsumtionsökning	noun
kontakt	noun
kontakta	verb
kontaktannons	noun
kontaktbar	adj
kontaktlins	noun
kontaktlöshet	noun
kontaktpunkt	noun
kontaktuppgift	noun
kontaktyta	noun
kontaminera	verb
kontaminering	noun
kontant	adj,adv
kontantbelopp	noun
kontantbidrag	noun
kontantenhet	noun
kontanter	noun
kontantfri	adj
kontanthantering	noun
kontantinsats	noun
kontantkassa	noun
kontantkort	noun
kontantsystem	noun
kontantuttag	noun
kontemplera	verb
kontenta	noun
konteramiral	noun
kontering	noun
kontext	noun
kontextuell	adj
kontinent	adj,noun
kontinentaleuropeisk	adj
kontinentalplatta	noun
kontinuerlig	adj
kontinuerligt	adv
kontinuitet	noun
kontinuum	noun
kontiolax	name
konto	noun
kontobesked	noun
kontokort	noun
kontonummer	noun
kontor	noun
kontorshus	noun
kontorslandskap	noun
kontorsutrymme	noun
kontouppgift	noun
kontoutdrag	noun
kontra	prep,verb
kontraalt	noun
kontraband	noun
kontrabas	noun
kontrafaktisk	adj
kontrahent	noun
kontrahera	verb
kontrakt	noun
kontraktera	verb
kontraktion	noun
kontraktsbrott	noun
kontraktsenlig	adj
kontraktsmässig	adj
kontraktsprost	noun
kontraorder	noun
kontraproduktiv	adj
kontrarevolution	noun
kontrarevolutionär	adj,noun
kontraspionage	noun
kontrast	noun
kontrastera	verb
kontraterrorism	noun
kontravariant	adj
kontring	noun
kontroll	noun
kontrollant	noun
kontrollera	verb
kontrollerbar	adj
kontrollfråga	noun
kontrollfält	noun
kontrollgrupp	noun
kontrollpanel	noun
kontrollport	noun
kontrollpunkt	noun
kontrollrum	noun
kontrollsystem	noun
kontrolltangent	noun
kontrolltorn	noun
kontrolluppgift	noun
kontrovers	noun
kontroversiell	adj
kontur	noun
konturlös	adj
konturlöshet	noun
konung	noun
konvenansäktenskap	noun
konvent	noun
konvention	noun
konventionell	adj
konventsdelegat	noun
konvergens	noun
konvergent	adj
konvergera	verb
konversabel	adj
konversation	noun
konversera	verb
konvertera	verb
konverterbar	adj
konverterbarhet	noun
konvertering	noun
konvertibel	adj,noun
konvertibilitet	noun
konvertit	noun
konvex	adj
konvexitet	noun
konvoj	noun
konvojera	verb
konvojering	noun
konvolut	noun
kooperativ	adj,noun
koordinat	noun
koordination	noun
koordinator	noun
koordinatsystem	noun
koordinera	verb
koordinering	noun
kopernikansk	adj
kopia	noun
kopiera	verb
kopiering	noun
kopieringsskydd	noun
kopiös	adj
kopp	noun
koppa	noun
koppar	noun
kopparand	noun
koppargruva	noun
kopparorm	noun
kopparslagare	noun
kopparstick	noun
koppartråd	noun
kopparödla	noun
koppel	noun
koppla	verb
kopplad	adj
kopplare	noun
koppleri	noun
koppling	noun
kopplingskåpa	noun
kopplingspedal	noun
koppning	noun
koppsten	noun
koppärr	noun
koppärrig	adj
koprofag	noun
koprofagi	noun
koprofil	adj,noun
koprofili	noun
koprolali	noun
kopt	noun
koptisk	adj
koptiska	noun
kopulation	noun
kopulera	verb
kopulering	noun
kor	noun
kora	verb
koral	noun
korall	noun
korallblekning	noun
koralldjur	noun
korallorm	noun
korallrev	noun
korallrot	noun
koran	noun
koranbrännare	noun
koranbränning	noun
koranen	name
korea	name
koreahalvön	name
korean	noun
koreansk	adj
koreanska	noun
koreografera	verb
koreografi	noun
korg	noun
korgboll	noun
korgmakare	noun
korgosse	noun
korgvide	noun
koriander	noun
korint	noun
korinthier	noun
korinthierbrev	name
korist	noun
kork	noun
korka	verb
korkek	noun
korkmatta	noun
korkpistol	noun
korkskruv	noun
kormästare	noun
korn	noun
kornblå	adj,noun
kornbod	noun
kornea	noun
kornell	noun
kornfält	noun
korngryn	noun
kornig	adj
kornighet	noun
korniska	noun
kornknarr	noun
kornsparv	noun
korollarium	noun
koromgång	noun
korp	noun
korpnäbbsutskott	noun
korpral	noun
korpulent	adj
korpus	noun
korrekt	adj,adv
korrekthet	noun
korrektion	noun
korrekturläsa	verb
korrekturläsare	noun
korrekturläsning	noun
korrelation	noun
korrelera	verb
korrespondens	noun
korrespondent	noun
korrespondera	verb
korresponderande	adj
korridor	noun
korrigera	verb
korrigering	noun
korrodera	verb
korrodering	noun
korrugering	noun
korrumpera	verb
korrumperad	adj
korrumpering	noun
korrupt	adj
korruption	noun
korruptionsanklagelse	noun
korruptionsbekämpning	noun
korruptionsskandal	noun
korruptionsutredning	noun
kors	noun
korsa	verb
korsar	noun
korsband	noun
korsbandsskada	noun
korsben	noun
korsdrag	noun
korseld	noun
korsett	noun
korsfarare	noun
korsfästa	verb
korsfästelse	noun
korsfästning	noun
korsförhör	noun
korsförhöra	verb
korsherre	noun
korshänvisning	noun
korsika	name
korsikan	noun
korsikanare	noun
korskota	noun
korskrank	noun
korsning	noun
korsnäbb	noun
korsord	noun
korsordsordbok	noun
korsriddare	noun
korsrygg	noun
korsstygn	noun
korstecken	noun
korståg	noun
korstågsriddare	noun
korsvis	adj,adv
korsångare	noun
kort	adj,noun
korta	verb
kortbana	noun
kortbetalning	noun
kortbyxor	noun
kortdistans	noun
kortdistansare	noun
kortdistanslöpare	noun
kortdistanslöpning	noun
kortdistansraket	noun
kortdistansrobot	noun
kortege	noun
kortfattad	adj
kortfilm	noun
kortfristig	adj
korthet	noun
korthuggen	adj
korthus	noun
korthårig	adj
kortkassa	noun
kortklippt	adj
kortkort	adj
kortköp	noun
kortlek	noun
kortlivad	adj
kortläsare	noun
kortroman	noun
kortsida	noun
kortsiktig	adj
kortsiktighet	noun
kortsluta	verb
kortslutning	noun
kortspel	noun
kortspelare	noun
kortsynt	adj
kortsynthet	noun
korttidsarbetslöshet	noun
korttidsminne	noun
korttänkt	adj
korttänkthet	noun
korttålärka	noun
kortvarig	adj
kortvarighet	noun
kortvuxen	adj
kortvuxenhet	noun
kortväxt	adj
kortvåg	noun
kortvågig	adj
kortvågssändare	noun
kortända	noun
kortärmad	adj
korum	noun
korus	noun
korv	noun
korva	verb
korvbröd	noun
korvett	noun
korvfest	noun
korvfinger	adj
korvig	adj
korvkiosk	noun
korvskinn	noun
korvspad	noun
korvstoppning	noun
korvstånd	noun
korvträd	noun
kos	noun
kosa	noun
kosack	noun
koschenill	noun
koschenillsköldlus	noun
koscher	adj
koscherkött	noun
koscherslakt	noun
kosherslakt	noun
koskälla	noun
kosläpp	noun
kosmetika	noun
kosmisk	adj
kosmografi	noun
kosmolog	noun
kosmologi	noun
kosmologisk	adj
kosmonaut	noun
kosmos	noun
kosovan	noun
kosovansk	adj
kosovo	name
kosovoalban	noun
kossa	noun
kost	noun
kosta	verb
kostbarhet	noun
koster	noun
kosterbåt	noun
kostfiber	noun
kostnad	noun
kostnadseffektivitet	noun
kostnadsfri	adj
kostnadsförslag	noun
kostnadshöjning	noun
kostnadsminskning	noun
kostnadsmässig	adj
kostnadsreduktion	noun
kostnadsskäl	noun
kostnadsstegring	noun
kostnadssänkning	noun
kostnadsökning	noun
kostnadsöversikt	noun
kostpris	noun
kostrådgivare	noun
kostsam	adj
kostym	noun
kostymdrama	noun
kostymförråd	noun
kota	noun
kotbåge	noun
kotkropp	noun
kotlett	noun
kotpelare	noun
kotte	noun
kotteri	noun
kovända	verb
koxa	verb
koxad	adj
koyot	noun
koögd	adj
kpist	noun
kpr	noun
kr	noun
krabat	noun
krabb	adj
krabba	noun
krabbkött	noun
krabbsallad	noun
krabbskal	noun
krabbsoppa	noun
krabbtaska	noun
krabbtina	noun
krackelera	verb
krafs	noun
krafsa	verb
krafsning	noun
kraft	noun
kraftaggregat	noun
kraftansträngning	noun
kraftbolag	noun
kraftfull	adj
kraftfullhet	noun
kraftfält	noun
kraftföretag	noun
krafthall	noun
kraftig	adj
kraftigt	adv
kraftkabel	noun
kraftkälla	noun
kraftledningsstolpe	noun
kraftlinje	noun
kraftlös	adj
kraftlöshet	noun
kraftmaskin	noun
kraftmätning	noun
kraftnät	noun
kraftproducent	noun
kraftsamla	verb
kraftsamling	noun
kraftstation	noun
krafttag	noun
kraftuttryck	noun
kraftverk	noun
kraftvärmeverk	noun
krage	noun
kragtrapp	noun
krake	noun
kraken	noun
kram	adj,noun
krama	verb
kramare	noun
kramdjur	noun
kramp	noun
krampaktig	adj
krampaktighet	noun
krampartad	adj
kramsjuk	adj
kramsnö	noun
kran	noun
kranium	noun
krans	noun
kransartär	noun
kranskulla	noun
kranskärl	noun
kransnedläggning	noun
kranvatten	noun
krapp	noun
kras	noun
krasa	verb
krasch	noun
krascha	verb
kraschad	adj
kraschlanda	verb
kraschlandning	noun
krass	adj
krasse	noun
krasshet	noun
krasslig	adj
krasst	adv
krater	noun
kraterformig	adj
kraterhål	noun
kraterlandskap	noun
kratersjö	noun
krats	noun
kratta	noun,verb
krattning	noun
krav	noun
kravall	noun
kravallpolis	noun
kravallstaket	noun
kravallstyrka	noun
kravallturist	noun
kravla	verb
kravlös	adj
kravlöshet	noun
krax	intj,noun
kraxa	verb
kreation	noun
kreationism	noun
kreationist	noun
kreationistisk	adj
kreativ	adj
kreativitet	noun
kreatur	noun
kreaturspremiering	noun
kreatör	noun
kreditbetyg	noun
kreditera	verb
kreditexpansion	noun
kreditgivare	noun
kreditinrättning	noun
kreditkort	noun
kreditkris	noun
kredittagare	noun
kreditupplysning	noun
kreditvärdering	noun
kreditvärderingsinstitut	noun
kreditvärdighet	noun
kreditåtstramning	noun
kreera	verb
krematistofili	noun
krematorium	noun
kremera	verb
kremering	noun
kreml	name
kremlolog	noun
kremlologi	noun
krenelering	noun
krepera	verb
krestomati	noun
kreta	name
kretensisk	adj
kretin	noun
krets	noun
kretsa	verb
kretskort	noun
kretslopp	noun
kretsschema	noun
krevad	noun
krevadgrop	noun
krevera	verb
kricka	noun
krig	noun
kriga	verb
krigare	noun
krigarfolk	noun
krigarkast	noun
krigförande	adj
krigföring	noun
krigisk	adj
krigiskhet	noun
krigiskt	adv
krigsansträngning	noun
krigsarkiv	noun
krigsberedskap	noun
krigsbrott	noun
krigsbrud	noun
krigsbyte	noun
krigsdrabbad	adj
krigsfartyg	noun
krigsfilm	noun
krigsflotta	noun
krigsflykting	noun
krigsfånge	noun
krigsfångeläger	noun
krigsförbrytare	noun
krigsförbrytartribunal	noun
krigsförbrytelse	noun
krigsförklaring	noun
krigsgud	noun
krigsgudinna	noun
krigshandling	noun
krigsherre	noun
krigshets	noun
krigshetsare	noun
krigshistoria	noun
krigshistoriker	noun
krigshistorisk	adj
krigshjälte	noun
krigshärjad	adj
krigsivrare	noun
krigskabinett	noun
krigskonst	noun
krigskontraband	noun
krigskorrespondent	noun
krigslist	noun
krigsmakt	noun
krigsmannaed	noun
krigsmannaförsäkran	noun
krigsmanshus	noun
krigsområde	noun
krigsorganisation	noun
krigspropaganda	noun
krigsrum	noun
krigsrätt	noun
krigsskada	noun
krigsskadeersättning	noun
krigsskadestånd	noun
krigsskepp	noun
krigsskådeplats	noun
krigsspel	noun
krigsstig	noun
krigstillstånd	noun
krigstrött	adj
krigströtthet	noun
krigståg	noun
krigsutbrott	noun
krigsvan	adj
krigsveteran	noun
krigszon	noun
krigsänka	noun
krikon	noun
krill	noun
krille	name
krim	adj,name,noun
krimhalvön	name
kriminalare	noun
kriminaldrama	noun
kriminalförfattare	noun
kriminalisera	verb
kriminalisering	noun
kriminalitet	noun
kriminalpolis	noun
kriminalpolitik	noun
kriminalpolitisk	adj
kriminalprocess	noun
kriminalregister	noun
kriminalreporter	noun
kriminalteknik	noun
kriminaltekniker	noun
kriminalteknisk	adj
kriminalvård	noun
kriminalvårdare	noun
kriminell	adj
kriminolog	noun
kriminologi	noun
kriminologisk	adj
krimskrams	noun
krimtatar	noun
krimtatariska	noun
krimtänk	noun
kring	adv,prep
kringflackande	adj
kringgå	verb
kringla	noun
kringresande	adj
kringskuren	adj
kringskära	verb
kringsynt	adj
kringsynthet	noun
kris	noun
krisartad	adj
krishantering	noun
krishjälp	noun
krisinformation	noun
kriskommission	noun
krisläge	noun
krisma	noun
krismöte	noun
krisområde	noun
krispaket	noun
krispig	adj
krispighet	noun
krissituation	noun
kristadelfian	noun
kristadelfiansk	adj
kristall	noun
kristallglas	noun
kristallin	adj
kristallisation	noun
kristallisera	verb
kristallisering	noun
kristallklar	adj
kristallkrona	noun
kristallkula	noun
kristallografi	noun
kristallsjuka	noun
kristdemokrat	noun
kristdemokratisk	adj
kristen	adj
kristendom	noun
kristenhet	noun
krister	name
kristersson	name
kristian	name
kristianstad	name
kristin	name
kristina	name
kristinehamn	name
kristinestad	name
kristlig	adj
kristlighet	noun
kristna	verb
kristofer	name
kristoffer	name
kristus	name
kristusmonogram	noun
krit	noun
krita	noun,verb
kriterium	noun
krithaltigt	adv
kritik	noun
kritiker	noun
kritikerrosad	adj
kritiklös	adj
kritiklöshet	noun
kritikpunkt	noun
kritisera	verb
kritisk	adj
kritiskt	adv
kritta	verb
kritvit	adj
kroat	noun
kroatien	name
kroatisk	adj
kroatiska	noun
krock	noun
krocka	verb
krocket	noun
krockkudde	noun
krocktest	noun
krog	noun
krogbråk	noun
krogliv	noun
krognota	noun
krogrond	noun
krogronda	noun
krogrunda	noun
krogslagsmål	noun
krok	noun
krokan	noun
krokant	noun
krokben	noun
krokett	noun
kroki	noun
krokig	adj
krokighet	noun
kroklinjig	adj
krokna	verb
kroknäsa	noun
kroknäst	adj
krokodil	noun
krokodiltårar	noun
krokryggig	adj
krokslätt	name
krokväg	noun
krom	noun
kroma	verb
kromatisk	adj
kromgul	adj
kromosom	noun
kromosomavvikelse	noun
kromosomfel	noun
kromosomskada	noun
kromosomuppsättning	noun
krona	noun
kronan	name
kronblad	noun
krondike	noun
krondill	noun
kronhjort	noun
kronisk	adj
kroniskt	adv
kronjuvel	noun
kronkvist	name
kronoassistent	noun
kronoberg	name
kronofili	noun
kronofogde	noun
kronologi	noun
kronologisk	adj
kronprins	noun
kronprinsessa	noun
kronqvist	name
krontrana	noun
kronvilt	noun
kronvittne	noun
kronärtskocka	noun
kropp	noun
kroppkaka	noun
kroppsarbetare	noun
kroppsarbete	noun
kroppsbehåring	noun
kroppsbesiktning	noun
kroppsbyggare	noun
kroppsbyggnad	noun
kroppsdel	noun
kroppshydda	noun
kroppskamera	noun
kroppslig	adj
kroppsligen	adv
kroppslighet	noun
kroppslängd	noun
kroppsmålning	noun
kroppsodör	noun
kroppspulsåder	noun
kroppsrörelse	noun
kroppsskada	noun
kroppsstraff	noun
kroppsstyrka	noun
kroppstemperatur	noun
kroppsvikt	noun
kroppsvisitation	noun
kroppsvisitera	verb
kroppsvisitering	noun
kroppsvätska	noun
kroppsvård	noun
kroppås	noun
kross	noun
krossa	verb
krossad	adj
krossning	noun
krossår	noun
krubba	noun
krucifix	noun
kruciverbism	noun
kruciverbist	noun
kruka	noun
krukmakare	noun
krukmakeri	noun
krukväxt	noun
krull	noun
krulla	verb
krullhårig	adj
krullig	adj
krullparentes	noun
krum	adj
krumbukt	noun
krumelur	noun
krumpassare	noun
krumsprång	noun
krumtarm	noun
krupp	noun
krus	noun
krusa	verb
krusbär	noun
kruserlig	adj
kruserlighet	noun
krusidull	noun
krusig	adj
krusmynta	noun
krusning	noun
krut	noun
krutdurk	noun
krutgubbe	noun
krutgumma	noun
krutong	noun
krutrök	noun
krux	noun
kry	adj
krya	verb
krycka	noun
krydda	noun,verb
kryddig	adj
kryddighet	noun
kryddigt	adv
kryddkrasse	noun
kryddmått	noun
kryddnejlika	noun
kryddning	noun
kryddost	noun
kryddpeppar	noun
kryddpepparträd	noun
kryddsalvia	noun
kryddsmör	noun
kryddstark	adj
krylla	verb
krympa	verb
krympflation	noun
krympmån	noun
krympning	noun
kryostat	noun
kryoteknik	noun
kryp	noun
krypa	verb
kryperi	noun
kryphål	noun
krypin	noun
krypning	noun
krypskytt	noun
krypskytte	noun
krypta	noun
kryptera	verb
kryptering	noun
kryptisk	adj
krypto	noun
kryptofascist	noun
kryptogam	adj,noun
kryptografi	noun
kryptogram	noun
kryptokommunist	noun
kryptologi	noun
krypton	noun
kryptonit	noun
kryptonyckel	noun
kryptovaluta	noun
krypven	noun
krypvide	noun
krysantemum	noun
kryss	intj,noun
kryssa	verb
kryssare	noun
kryssfaner	noun
kryssmejsel	noun
kryssmärke	noun
kryssning	noun
kryssningsbåt	noun
kryssningsfartyg	noun
kryssningsmissil	noun
kryssningsrederi	noun
kryssningsrobot	noun
kryssprodukt	noun
kryssruta	noun
kryssvalv	noun
krysta	verb
krystad	adj
krystat	adv
kräfta	noun
kräftan	name
kräftdjur	noun
kräftfiskare	noun
kräftfiske	noun
kräftgång	noun
kräftkalas	noun
kräftmjärde	noun
kräftpremiär	noun
kräftskal	noun
kräftskiva	noun
kräftstjärt	noun
kräftströmming	noun
kräk	noun
kräkas	verb
kräkfärdig	adj
kräkla	noun
kräkmedel	noun
kräkning	noun
kräkreflex	noun
kräkånger	name
kräkångersnoret	name
kräla	verb
kräldjur	noun
kräm	noun
krämaraktig	adj
krämfärgad	adj
krämig	adj
krämighet	noun
krämpa	noun
kränga	verb
krängkula	noun
krängningshämmare	noun
krängpinne	noun
kränka	verb
kränkning	noun
kränkt	adj
kränkthet	noun
kränkthetskultur	noun
kräppning	noun
kräsen	adj
kräsenhet	noun
kräsmagad	adj
kräva	noun,verb
kråka	noun
kråkbär	noun
kråkfötter	noun
kråksång	noun
krångel	noun
krångelmakare	noun
krångla	verb
krånglig	adj
krånglighet	noun
krås	noun
kråsnål	noun
krögare	noun
krök	noun
kröka	verb
krökning	noun
krön	noun
kröna	verb
krönika	noun
krönikebok	name
krönikör	noun
kröning	noun
kröningsceremoni	noun
krönlist	noun
krösa	noun
krösa-maja	noun
krösus	noun
ksp	noun
kt	symbol
ku	symbol
kub	noun
kuba	name
kuban	noun
kubansk	adj
kubb	noun
kubik	noun
kubikmeter	noun
kubikmått	noun
kubikrot	noun
kubisk	adj
kubism	noun
kubist	noun
kubistisk	adj
kuckeliku	intj,noun
kucku	intj,noun
kudde	noun
kuddkrig	noun
kuddvar	noun
kuf	noun
kufisk	adj
kugga	verb
kuggdrev	noun
kugge	noun
kuggfråga	noun
kugghjul	noun
kuiperbältet	name
kujonera	verb
kujonering	noun
kuk	intj,noun
kuka	verb
kukbild	noun
kukbur	noun
kukmätartävling	noun
kukring	noun
kuksugare	noun
kuksugerska	noun
kul	adj
kula	noun
kulblixt	noun
kulbäddsreaktor	noun
kulen	adj
kulform	noun
kulformad	adj
kulfång	noun
kulgevär	noun
kulglass	noun
kulhål	noun
kulinarisk	adj
kuling	noun
kulingstyrka	noun
kuliss	noun
kull	noun
kulla	noun
kullager	noun
kulle	noun
kulled	noun
kullerbytta	noun
kullersten	noun
kullig	adj
kullighet	noun
kullkasta	verb
kullkastning	noun
kulmage	noun
kulmen	noun
kulmination	noun
kulminationspunkt	noun
kulminera	verb
kulminering	noun
kuloar	noun
kulram	noun
kulring	noun
kulspets	noun
kulspetspenna	noun
kulspruta	noun
kulsprutepistol	noun
kulspruteskytt	noun
kulstötare	noun
kulstötning	noun
kult	noun
kultfilm	noun
kultförklarad	adj
kulting	noun
kultivera	verb
kultiverad	adj
kultur	noun
kulturaktivitet	noun
kulturanslag	noun
kulturarbetare	noun
kulturarv	noun
kulturbudget	noun
kulturchock	noun
kulturdebatt	noun
kulturdepartement	noun
kulturelit	noun
kulturell	adj
kulturevenemang	noun
kulturfenomen	noun
kulturfilosof	noun
kulturfilosofi	noun
kulturfolk	noun
kulturfond	noun
kulturförening	noun
kulturföretagande	noun
kulturhistoriker	noun
kulturhistorisk	adj
kulturhändelse	noun
kulturidentitet	noun
kulturimperialism	noun
kulturinsats	noun
kulturinstitution	noun
kulturjournalist	noun
kulturkrig	noun
kulturkritik	noun
kulturkritiker	noun
kulturkrock	noun
kulturlandskap	noun
kulturliv	noun
kulturlös	adj
kulturmiljö	noun
kulturmiljövård	noun
kulturminister	noun
kulturmyndighet	noun
kulturområde	noun
kulturperson	noun
kulturpolitik	noun
kulturpolitiker	noun
kulturpolitisk	adj
kulturproposition	noun
kulturradikal	adj,noun
kulturradikalism	noun
kulturråd	noun
kultursektor	noun
kultursida	noun
kulturskapare	noun
kulturskymning	noun
kulturstubbe	noun
kulturstöd	noun
kultursyn	noun
kulturupplevelse	noun
kulturutredning	noun
kulturutskott	noun
kulturverksamhet	noun
kulturvetare	noun
kulturvetenskap	noun
kulturvetenskaplig	adj
kulturvärde	noun
kulturyttring	noun
kulventil	noun
kulvert	noun
kulör	noun
kulört	adj
kumla	name
kummel	noun
kummin	noun
kumo	name
kumpan	noun
kund	noun
kundbas	noun
kundklubb	noun
kundkorg	noun
kundkort	noun
kundlojalitet	noun
kundnöjdhet	noun
kundregister	noun
kundreskontra	noun
kundservice	noun
kundsläpp	noun
kundtjänst	noun
kundundersökning	noun
kundvagn	noun
kung	noun
kungabesök	noun
kungabok	name
kungadöme	noun
kungafamilj	noun
kungahus	noun
kungamakare	noun
kungamord	noun
kungamördare	noun
kungapar	noun
kungarike	noun
kungaslott	noun
kunglig	adj
kunglighet	noun
kungsbacka	name
kungsfiskare	noun
kungsfågel	noun
kungsfågelsångare	noun
kungskobra	noun
kungskrabba	noun
kungsljus	noun
kungsmynta	noun
kungsportsavenyen	name
kungstanke	noun
kungsvatten	noun
kungsängslilja	noun
kungsörn	noun
kungälv	name
kungöra	verb
kungörelse	noun
kunna	verb
kunnande	noun
kunnig	adj
kunnighet	noun
kunnigt	adv
kunskap	noun
kunskapare	noun
kunskapsflykt	noun
kunskapskälla	noun
kunskapslucka	noun
kunskapsmässig	adj
kunskapsrik	adj
kunskapsteoretisk	adj
kunskapsteori	noun
kunskapstörst	noun
kunskapstörstande	adj
kunskapsutveckling	noun
kupa	noun,verb
kupera	verb
kuperad	adj
kupig	adj
kupighet	noun
kupol	noun
kupolformad	adj
kupolformig	adj
kupong	noun
kupp	noun
kuppförsök	noun
kuppmakare	noun
kur	noun
kura	verb
kurage	noun
kurator	noun
kurbits	noun
kurd	noun
kurdisk	adj
kurdiska	noun
kurdistan	name
kurera	verb
kurfurste	noun
kurfurstendöme	noun
kuria	noun
kuriosakabinett	noun
kuriosasamling	noun
kuriositet	noun
kuriositetssamling	noun
kuriosum	noun
kurort	noun
kurr	noun
kurra	verb
kurragömma	noun
kurre	name,noun
kurs	noun
kursfordran	noun
kursgård	noun
kursiv	adj
kursivera	verb
kurslitteratur	noun
kurt	name
kurtisan	noun
kurtisera	verb
kurva	noun
kurvig	adj
kurvintegral	noun
kurvradie	noun
kuscha	verb
kuschad	adj
kuse	noun
kusin	noun
kusinmamma	noun
kusinpappa	noun
kusinäktenskap	noun
kusk	noun
kuska	verb
kuslig	adj
kuslighet	noun
kust	noun
kustartillerist	noun
kustbevakning	noun
kustbo	noun
kustfiskare	noun
kustlabb	noun
kustlandskap	noun
kustlinje	noun
kustnära	adj
kustområde	noun
kustort	noun
kustpipare	noun
kustremsa	noun
kustsamhälle	noun
kustslätt	noun
kustsnäppa	noun
kuststad	noun
kuststräcka	noun
kut	noun
kutryggig	adj
kutryggighet	noun
kutter	noun
kuttra	verb
kuttrasju	noun
kutym	noun
kuva	verb
kuvert	noun
kuvös	noun
kuwait	name
kuwaitier	noun
kvack	intj,noun
kvacka	verb
kvackare	noun
kvacksalvare	noun
kvaddel	noun
kvadrant	noun
kvadrat	noun
kvadratisk	adj
kvadratkilometer	noun
kvadratmeter	noun
kvadratrot	noun
kvadrera	verb
kvadrering	noun
kvadriljard	num
kvadriljon	num
kval	noun
kvalfull	adj
kvalfylld	adj
kvalgrupp	noun
kvalificera	verb
kvalificerad	adj
kvalifikation	noun
kvalitet	noun
kvalitetsjournalistik	noun
kvalitetsmässig	adj
kvalitetssäkra	verb
kvalitetssäkring	noun
kvalm	noun
kvalmatch	noun
kvalmig	adj
kvalmighet	noun
kvalplats	noun
kvalster	noun
kvantbiologi	noun
kvantfysik	noun
kvantfysiker	noun
kvantifiera	verb
kvantifierbar	adj
kvantifiering	noun
kvantitet	noun
kvantmekanik	noun
kvar	adj
kvarbli	verb
kvardröjande	adj
kvarg	noun
kvarglömd	adj
kvarhålla	verb
kvark	noun
kvarleva	noun
kvarlämnad	adj
kvarlåtenskap	noun
kvarn	noun
kvarnspel	noun
kvarsittning	noun
kvarskatt	noun
kvarstad	noun
kvarstå	verb
kvart	noun
kvartal	noun
kvarter	noun
kvartermästare	noun
kvartersmark	noun
kvarts	noun
kvartsfinal	noun
kvartsfinalist	noun
kvarvarande	adj
kvasar	noun
kvasifilosofisk	adj
kvasiintellektuell	adj
kvasivetenskap	noun
kvasivetenskaplig	adj
kvast	noun
kvastfening	noun
kvastskaft	noun
kvatrin	noun
kvav	adj,noun
kverulant	noun
kverulera	verb
kvick	adj
kvicke	noun
kvickhet	noun
kvickna	verb
kvicksand	noun
kvicksilver	noun
kvickt	adv
kvicktänkt	adj
kvicktänkthet	noun
kvida	verb
kvidd	noun
kviddevitt	intj
kvietism	noun
kvietiv	noun
kviga	noun
kvillajabark	noun
kvillra	verb
kvinna	noun
kvinnlig	adj
kvinnlighet	noun
kvinnofientlighet	noun
kvinnoförbund	noun
kvinnoförtryck	noun
kvinnogöra	noun
kvinnohat	noun
kvinnohatare	noun
kvinnokarl	noun
kvinnonamn	noun
kvinnoorganisation	noun
kvinnotjusare	noun
kvinnotycke	noun
kvintessens	noun
kvintiljard	num
kvintiljon	num
kvirkel	noun
kviss	noun
kvissla	noun
kvisslig	adj
kvist	name,noun
kvisth	name
kvisthål	noun
kvistig	adj
kvistighet	noun
kvitt	adj,intj
kvitta	verb
kvitten	noun
kvittens	noun
kvitter	noun
kvittera	verb
kvittering	noun
kvittning	noun
kvitto	noun
kvittra	verb
kvivitt	intj
kvm	noun
kvorum	noun
kvot	noun
kvotera	verb
kvotering	noun
kvotflykting	noun
kvotplikt	noun
kvotsystem	noun
kväde	noun
kväka	verb
kväkare	noun
kvälja	verb
kväljning	noun
kväll	noun
kvällning	noun
kvällsdopp	noun
kvällsdunkel	adj,noun
kvällskvist	noun
kvällsmat	noun
kvällsmänniska	noun
kvällsmål	noun
kvällsmörker	noun
kvällspass	noun
kvällspromenad	noun
kvällstidning	noun
kvällstidningsord	noun
kvänska	noun
kväsa	verb
kväsning	noun
kväva	verb
kväve	noun
kvävgas	noun
kvävning	noun
kwist	name
ky	symbol
kyckling	noun
kycklingben	noun
kycklingbröst	noun
kycklingburgare	noun
kycklingfoder	noun
kycklingfärs	noun
kycklingklubba	noun
kycklingkött	noun
kycklinglår	noun
kycklingsallad	noun
kycklingsoppa	noun
kye	symbol
kyi	symbol
kyl	noun
kyla	noun,verb
kylare	noun
kylarprydnad	noun
kylbalsam	noun
kylbox	noun
kylfläns	noun
kylig	adj
kylighet	noun
kylklamp	noun
kylknöl	noun
kyllastfartyg	noun
kylning	noun
kylpasta	noun
kylrum	noun
kylskada	noun
kylskåp	noun
kylskåpskall	adj
kylskåpsmagnet	noun
kyltorn	noun
kylväska	noun
kymriska	noun
kynne	noun
kypare	noun
kyrass	noun
kyrka	noun
kyrkby	noun
kyrkbänk	noun
kyrkfönster	noun
kyrkklocka	noun
kyrklig	adj
kyrklighet	noun
kyrkobesökare	noun
kyrkofader	noun
kyrkogård	noun
kyrkoherde	noun
kyrkohistoriker	noun
kyrkoinvigning	noun
kyrkokör	noun
kyrkomöte	noun
kyrkorgel	noun
kyrksam	adj
kyrkslaviska	noun
kyrkslätt	name
kyrktorn	noun
kysk	adj
kyskhet	noun
kyskhetsbälte	noun
kyskhetslöfte	noun
kyskhetsträd	noun
kyss	noun
kyssa	verb
kyvett	noun
käbbel	noun
käbbla	verb
käck	adj
käckhet	noun
käft	intj,noun
käften	intj
kägel	noun
kägelformig	adj
kägelsnitt	noun
kägla	noun
käkben	noun
käke	noun
käkhåla	noun
käkspalt	noun
kälkborgare	noun
kälkborgerlig	adj
kälkborgerlighet	noun
kälke	noun
kälkåkare	noun
källa	noun
källardörr	noun
källare	noun
källarförråd	noun
källarlokal	noun
källarlös	adj
källarplan	noun
källarutrymme	noun
källförteckning	noun
källing	noun
källjungfru	noun
källkod	noun
källkritik	noun
källkritisk	adj
källmaterial	noun
källskatt	noun
källskydd	noun
källsortera	verb
källsortering	noun
källvatten	noun
källört	noun
kämpa	verb
kämpaglöd	noun
kämparanda	noun
kämpe	noun
känd	adj
kändis	noun
kändisjournalistik	noun
kändiskultur	noun
kändisskap	noun
kändisskvaller	noun
känga	noun
känguru	noun
känn	noun
känna	verb
kännare	noun
kännas	verb
kännbar	adj
kännbarhet	noun
kännbart	adv
kännedom	noun
kännetecken	noun
känneteckna	verb
känning	noun
kännspak	adj
känsel	noun
känselspröt	noun
känsla	noun
känslig	adj
känslighet	noun
känslofull	adj
känslofylld	adj
känslokall	adj
känsloliv	noun
känslolös	adj
känslolöshet	noun
känslomässig	adj
känslomässighet	noun
känsloreaktion	noun
känslosam	adj
känslosamhet	noun
känsloskäl	noun
känslosvall	noun
känslotillstånd	noun
känsloutbrott	noun
känsloyttring	noun
käpp	noun
käpphäst	noun
käppi	noun
käpprapp	noun
käpprätt	adv
kär	adj
kära	verb
kärande	noun
käraste	noun
käresta	noun
käring	noun
kärl	noun
kärlek	noun
kärleksaffär	noun
kärleksbarn	noun
kärleksbrev	noun
kärleksdryck	noun
kärleksfull	adj
kärleksfullhet	noun
kärleksgud	noun
kärleksgudinna	noun
kärlekshistoria	noun
kärlekskrank	adj
kärleksliv	noun
kärlekslös	adj
kärlekslöshet	noun
kärleksmåltid	noun
kärleksrik	adj
kärleksroman	noun
kärleksscen	noun
kärleksört	noun
kärlkirurgi	noun
kärlkramp	noun
kärlsjukdom	noun
kärlväxt	noun
kärna	noun,verb
kärnanläggning	noun
kärnavfall	noun
kärnbränsle	noun
kärnbränslecykel	noun
kärnenergi	noun
kärnexplosion	noun
kärnfamilj	noun
kärnforskning	noun
kärnfrisk	adj
kärnfråga	noun
kärnfull	adj
kärnfullhet	noun
kärnfysik	noun
kärnfysiker	noun
kärngubbe	noun
kärngumma	noun
kärnhus	noun
kärnkemi	noun
kärnkraft	noun
kärnkraftsanhängare	noun
kärnkraftsanläggning	noun
kärnkraftsavfall	noun
kärnkraftsindustri	noun
kärnkraftsmotståndare	noun
kärnkraftsomröstning	noun
kärnkraftsproduktion	noun
kärnkraftsreaktor	noun
kärnkraftverk	noun
kärnladdning	noun
kärnmjölk	noun
kärnpartikel	noun
kärnreaktion	noun
kärnreaktor	noun
kärnstridsspets	noun
kärnteknik	noun
kärntekniker	noun
kärnteknisk	adj
kärnuppgift	noun
kärnvapen	noun
kärnvapenanfall	noun
kärnvapenarsenal	noun
kärnvapenavskräckning	noun
kärnvapendoktrin	noun
kärnvapenexplosion	noun
kärnvapenfri	adj
kärnvapenkapacitet	noun
kärnvapenkrig	noun
kärnvapenmakt	noun
kärnvapennedrustning	noun
kärnvapenparaply	noun
kärnvapenprogram	noun
kärnvapenprov	noun
kärnvapenrobot	noun
kärnvapenspridning	noun
kärnvapentest	noun
kärnved	noun
kärnverksamhet	noun
kärnvirke	noun
kärnväljare	noun
kärnvärde	noun
käromål	noun
kärr	noun
kärra	noun
kärrhök	noun
kärrig	adj
kärring	noun
kärrsnäppa	noun
kärrsångare	noun
kärrtistel	noun
kärrtärna	noun
kärv	adj
kärva	verb
kärve	noun
kärvhet	noun
kärvänlig	adj
kättare	noun
kätte	noun
kätteri	noun
kättersk	adj
kätting	noun
kättjefullhet	noun
kå	noun
kåda	noun
kådig	adj
kåk	noun
kåkstad	noun
kål	noun
kåldolme	noun
kålhuvud	noun
kålpudding	noun
kålrabbi	noun
kålrot	noun
kålrotslåda	noun
kålsoppa	noun
kålsupare	noun
kånka	verb
kånna	name
kåpa	noun
kår	noun
kårahult	name
kårahultsjön	name
kåranda	noun
kåre	noun
kårhus	noun
kåsa	noun
kåsera	verb
kåseri	noun
kåseriartad	adj
kåsör	noun
kåta	noun
kåthet	noun
kö	noun
köa	verb
köbildning	noun
kök	noun
kökkenmödding	noun
köksa	noun
köksbord	noun
köksbänk	noun
köksdörr	noun
köksfönster	noun
kökskniv	noun
kökslatin	noun
kökslåda	noun
kökspersonal	noun
köksskåp	noun
kökssoffa	noun
kökssvamp	noun
köksträdgård	noun
köksö	noun
köl	noun
kölapp	noun
köld	noun
köldgrad	noun
köldknäpp	noun
köldrekord	noun
köldskada	noun
kölhala	verb
kölhalning	noun
kölista	noun
köln	name
kölna	noun,verb
kölvatten	noun
kön	noun
könlös	adj
könlöshet	noun
könsakt	noun
könsbestämma	verb
könsbestämning	noun
könsbyte	noun
könscell	noun
könsdrift	noun
könsdysfori	noun
könshormon	noun
könshår	noun
könsidentitet	noun
könskorrigera	verb
könskorrigering	noun
könskromosom	noun
könskvotering	noun
könskörtel	noun
könslig	adj
könsliv	noun
könsmaktsordning	noun
könsmogen	adj
könsmognad	noun
könsneutral	adj
könsnorm	noun
könsord	noun
könsorgan	noun
könsrock	noun
könsroll	noun
könssjukdom	noun
könsstympa	verb
könsstympning	noun
könstest	noun
könstillhörighet	noun
könsumgänge	noun
könsvårta	noun
köp	noun
köpa	verb
köpare	noun
köpcenter	noun
köpcentrum	noun
köpeavtal	noun
köpebrev	noun
köpehandling	noun
köpekontrakt	noun
köpenhamn	name
köpenhamnare	noun
köpenhamnsbo	noun
köpeskilling	noun
köpesumma	noun
köpevillkor	noun
köping	noun
köpkraft	noun
köpman	noun
köpråd	noun
köpslå	verb
köpstad	noun
köpstark	adj
köptempel	noun
kör	noun
köra	verb
körandas	verb
körandning	noun
körbana	noun
körbar	adj
körd	adj
kördirigent	noun
körfält	noun
körkort	noun
körledare	noun
körnare	noun
körnarmärke	noun
körning	noun
körriktningsvisare	noun
körsbär	noun
körsbärskärna	noun
körsbärslikör	noun
körsbärstomat	noun
körsbärsträd	noun
körschema	noun
körskola	noun
körstycke	noun
körsång	noun
körsångare	noun
körtel	noun
körtelfeber	noun
körvel	noun
körverk	noun
kösystem	noun
kötid	noun
kött	noun
köttaffär	noun
köttberg	noun
köttbit	noun
köttbuljong	noun
köttbuljongtärning	noun
köttbulle	noun
köttbutik	noun
köttermometer	noun
köttfluga	noun
köttfärs	noun
köttfärslimpa	noun
köttfärssås	noun
köttig	adj
köttighet	noun
köttindustri	noun
köttklump	noun
köttkvarn	noun
köttmarknad	noun
köttproduktion	noun
köttsaft	noun
köttskatt	noun
köttslamsa	noun
köttslig	adj
köttslighet	noun
köttsår	noun
köttätare	noun
l	character
labb	noun
laber	adj
labial	adj,noun
labialisering	noun
labil	adj
labilitet	noun
labiodental	adj,noun
laboratorietekniker	noun
laboratorium	noun
laborera	verb
labyrint	noun
labyrintartad	adj
labyrintisk	adj
lack	noun
lacka	verb
lackera	verb
lackmus	noun
lackmuspapper	noun
lackmustest	noun
lacknafta	noun
lackviol	noun
lacrosse	noun
lada	noun
ladd	noun
ladda	verb
laddad	adj
laddare	noun
laddbar	adj
laddning	noun
laddram	noun
laddstolpe	noun
ladoga	name
ladugård	noun
ladusvala	noun
lady	noun
ladylik	adj
lag	noun
laga	verb
lagakraftvunnen	adj
lagan	name
laganda	noun
lagarbete	noun
lagbrott	noun
lagbrytare	noun
lagd	adj
lage	name
lagenlig	adj
lager	noun
lagerblad	noun
lagerkrans	noun
lagerkub	noun
lagerkvist	name
lagerlista	noun
lagerlokal	noun
lagerlöf	name
lagfart	noun
lagföra	verb
lagföring	noun
lagförslag	noun
lagg	noun
lagga	verb
laggkärl	noun
lagidrott	noun
laginsats	noun
lagkamrat	noun
lagkapp	noun
lagkappsimning	noun
lagkapten	noun
lagkrav	noun
lagledare	noun
laglig	adj
lagligen	adv
laglighet	noun
lagligt	adv
laglott	noun
laglydig	adj
laglös	adj,noun
laglöshet	noun
lagman	noun
lagmedlem	noun
lagning	noun
lagom	adj,adv
lagra	verb
lagring	noun
lagringskapacitet	noun
lagringsmedium	noun
lagringstid	noun
lagringsutrymme	noun
lagrum	noun
lagrumshänvisning	noun
lagråd	noun
lagrådsremiss	noun
lagspelare	noun
lagsport	noun
lagstifta	verb
lagstiftare	noun
lagstiftning	noun
lagstridig	adj
lagstridighet	noun
lagstöd	noun
lagtempo	noun
lagtext	noun
lagun	noun
laguppställning	noun
lagvidrig	adj
lagändring	noun
lagöverträdare	noun
lagöverträdelse	noun
laholm	name
lahtis	name
laihela	name
laila	name
lajv	noun
lajva	verb
laka	verb
lakan	noun
lake	noun
lakej	noun
lakonisk	adj
lakrits	noun
laktas	noun
laktos	noun
laktosintolerans	noun
laktosintolerant	adj
lakun	noun
lalla	verb
lam	adj
lama	noun
lamhet	noun
laminat	noun
laminera	verb
laminering	noun
lamm	noun
lammfärs	noun
lammgam	noun
lammkotlett	noun
lammkött	noun
lammlik	adj
lampa	noun
lampett	noun
lampskärm	noun
lamslå	verb
lan	noun
lan-party	noun
lana	verb
land	noun
landa	verb
landala	name
landare	noun
landavträdelse	noun
landbacke	noun
landbaserad	adj
landförbindelse	noun
landgång	noun
landhockey	noun
landkrabba	noun
landlös	adj
landmassa	noun
landmina	noun
landmärke	noun
landning	noun
landningsbana	noun
landningsförsök	noun
landningsställ	noun
landningstillstånd	noun
landområde	noun
landremsa	noun
landsarkiv	noun
landsarkivarie	noun
landsbygd	noun
landsbygdsbefolkning	noun
landsbygdsminister	noun
landsbygdsområde	noun
landsdel	noun
landsflykt	noun
landsflykting	noun
landsförrädare	noun
landsförvisa	verb
landsförvisning	noun
landsgräns	noun
landshövding	noun
landshövdingehus	noun
landskamp	noun
landskap	noun
landskapsdjur	noun
landskommun	noun
landskommunsvapen	noun
landskrona	name
landskronit	noun
landslag	noun
landslagsspelare	noun
landsman	noun
landsmaninna	noun
landsmål	noun
landsomfattande	adj
landsort	noun
landsortstidning	noun
landssorg	noun
landstigningsfartyg	noun
landsting	noun
landstingsdirektör	noun
landstingsråd	noun
landstridskrafter	noun
landstrykare	noun
landställ	noun
landsväg	noun
landsvägscykling	noun
landtunga	noun
landverk	name
landå	noun
langa	verb
langare	noun
langning	noun
langust	noun
lankes	noun
lankesisk	adj
lankesiska	noun
lans	noun
lansera	verb
lansering	noun
lanseringsdatum	noun
lansett	noun
lansettfisk	noun
lansettformig	adj
lantan	noun
lantarbetare	noun
lantbrevbärare	noun
lantbruk	noun
lantbrukare	noun
lantbruksskola	noun
lantbruksuniversitet	noun
lantegendom	noun
lanterna	noun
lantgård	noun
lantlig	adj
lantlighet	noun
lantmätare	noun
lantmäteri	noun
lantställe	noun
laos	name
laotier	noun
laotisk	adj
laotiska	noun
lapa	verb
laplaceoperator	noun
laplacetransform	noun
lapp	noun
lappa	verb
lappland	name
lappmes	noun
lappning	noun
lappsparv	noun
lappträsk	name
lapptäcke	noun
lappuggla	noun
lapskojs	noun
laptop	noun
larm	noun
larma	verb
larmbåge	noun
larmnummer	noun
lars	name
larsdotter	name
larsson	name
larv	noun
larva	verb
larvfötter	noun
larvig	adj
larvighet	noun
lasagne	noun
lasarett	noun
lasarettsfartyg	noun
lascivitet	noun
laser	noun
laserbehandling	noun
lasereld	noun
laserelds	noun
laserkanon	noun
laserpekare	noun
laserpenna	noun
laserpistol	noun
lasersikte	noun
laserskrivare	noun
laserstråle	noun
lasra	verb
lass	noun
lasse	name
lasso	noun
last	noun
lasta	verb
lastbil	noun
lastbilschaufför	noun
lastbilsförare	noun
lastbrygga	noun
lastbärare	noun
lastcontainer	noun
lastdjur	noun
lastfar	noun
lastfartyg	noun
lastförskjutningsnät	noun
lastgammal	adj
lastkaj	noun
lastkapacitet	noun
lastning	noun
lastpall	noun
lastrum	noun
lastväxlare	noun
lasyr	noun
lat	adj
lata	verb
latens	noun
latenstid	noun
latent	adj
lateral	adj,noun
latex	noun
lathet	noun
lathund	noun
latifundium	noun
latin	noun
latinamerika	name
latinamerikan	noun
latinamerikansk	adj
latinisering	noun
latinsk	adj
latitud	noun
latmask	noun
latrin	noun
latringrop	noun
lats	noun
latsida	noun
laudes	noun
laukas	name
laura	name
lav	noun
lava	noun
lavalampa	noun
lave	noun
lavemang	noun
lavendel	noun
lavett	noun
lavin	noun
lavinartad	adj
lavinfara	noun
lavoar	noun
lavskrika	noun
lawrencium	noun
lax	noun
laxativ	noun
laxera	verb
laxerande	adj
laxermedel	noun
laxfiske	noun
laxkotlett	noun
laxpastej	noun
laxöring	noun
layout	noun
lbb	noun
le	verb
lea	name
lealös	adj
leander	name
leasing	noun
leasingbolag	noun
leasingkontrakt	noun
leasingtagare	noun
lebeman	noun
led	adj,noun
leda	noun,verb
ledamot	noun
ledamotskap	noun
ledande	adj
ledare	noun
ledarhund	noun
ledarmot	noun
ledarsida	noun
ledarskap	noun
ledarskikt	noun
ledarskribent	noun
ledartröja	noun
ledband	noun
ledbandsskada	noun
ledd	noun
leddjur	noun
lede	noun
ledfossil	noun
ledfyr	noun
ledgångsreumatism	noun
ledig	adj
ledighet	noun
ledkapsel	noun
ledmotiv	noun
ledning	noun
ledningscentral	noun
ledningsschakt	noun
ledningsstolpe	noun
ledsaga	verb
ledsagare	noun
ledsam	adj
ledsamhet	noun
ledsen	adj
ledsenhet	noun
ledsna	verb
ledstjärna	noun
ledstång	noun
ledtid	noun
ledtråd	noun
ledung	noun
ledungsflotta	noun
leende	adj,noun
leg	adj
lega	noun
legal	adj
legalisera	verb
legalisering	noun
legalitet	noun
legat	noun
legatarie	noun
legato	adv,noun
legattagare	noun
legend	noun
legendar	noun
legendarisk	adj
legendomspunnen	adj
legera	verb
legering	noun
legio	adj
legion	noun
legionär	noun
legionärssjuka	noun
legitim	adj
legitimation	noun
legitimera	verb
legitimering	noun
legitimitet	noun
lego	noun
legoknekt	noun
legosoldat	noun
legymer	noun
legymsallad	noun
legär	adj
leia	name
leidenflaska	noun
leif	name
leja	verb
lejd	adj,noun
lejning	noun
lejon	noun
lejonet	name
lejoninna	noun
lejonjakt	noun
lejonkula	noun
lejonpart	noun
lejontämjare	noun
lejonunge	noun
lek	noun
leka	verb
lekamens	noun
lekfull	adj
lekfullhet	noun
lekhage	noun
lekkamrat	noun
lekman	noun
lekmannadomare	noun
lekmannajury	noun
lekmannamässig	adj
lekpark	noun
lekplats	noun
lekrum	noun
leksak	noun
leksaksaffär	noun
leksaksbil	noun
leksaksbutik	noun
leksakshandel	noun
leksakshandlare	noun
leksaksjärnväg	noun
leksakspistol	noun
leksand	name
leksandlåda	noun
lekstuga	noun
lektion	noun
lektor	noun
lektyr	noun
lem	noun
lemlästa	verb
lemlästning	noun
lemma	noun
lemmatisering	noun
lemonad	noun
lemur	noun
len	adj
lena	name
lenhet	noun
leninist	noun
leninistisk	adj
lennart	name
lenne	name
leo	name
leon	name
leopard	noun
lepromatoid	adj
ler	noun
lera	noun
lerduva	noun
lerduveskytte	noun
lergods	noun
lergök	noun
lerig	adj
lerighet	noun
lerklump	noun
lerum	name
lervälling	noun
lesbisk	adj
lesothier	noun
lesotho	name
less	adj
leta	verb
letala	name
letan	noun
lett	noun
lettisk	adj
lettiska	noun
lettland	name
lettländare	noun
lettländsk	adj
lettländska	noun
leucin	noun
leukemi	noun
leukocyt	noun
lev	noun
leva	verb
levande	adj
levanten	name
leve	noun
levebröd	noun
leven	noun
lever	noun
leverans	noun
leveranskedja	noun
leveranstid	noun
leverantör	noun
leverantörskedja	noun
leverantörsreskontra	noun
leverbröd	noun
levercell	noun
levercirros	noun
leverera	verb
levererbar	adj
leverfläck	noun
leverinflammation	noun
leverne	noun
leverpastej	noun
leverskada	noun
leversvikt	noun
levertran	noun
levit	noun
levitation	noun
levitera	verb
leviticus	name
levnad	noun
levnadsbana	noun
levnadslust	noun
levnadsstandard	noun
levnadssätt	noun
levnadsvillkor	noun
levnadsöde	noun
levra	verb
lex	noun
lexem	noun
lexikalisk	adj
lexikograf	noun
lexikografi	noun
lexikografisk	adj
lexikon	noun
lgh	noun
liam	name
lian	noun
libanes	noun
libanesisk	adj
libanesiska	noun
libanon	name
libbsticka	noun
liberal	adj,noun
liberalisera	verb
liberalisering	noun
liberalism	noun
liberalitet	noun
liberia	name
liberian	noun
liberiansk	adj
liberier	noun
libertin	noun
libido	noun
librettoförfattare	noun
libyen	name
libyer	noun
libysk	adj
libyska	noun
licens	noun
licenshavare	noun
licensiera	verb
licensinnehavare	noun
licensjakt	noun
licentiat	noun
licentiatexamen	noun
lid	noun
lida	verb
lidande	adj,adv,noun
lidelse	noun
lidelsefri	adj
lidelsefull	adj
lidelsefullhet	noun
lider	noun
liderlig	adj
liderlighet	noun
lidhult	name
lidingö	name
lidköping	name
lie	noun
liechtenstein	name
liechtensteinare	noun
liemannen	noun
liera	verb
lierad	adj
lieskaft	noun
lift	noun
lifta	verb
liftare	noun
liftkort	noun
liftning	noun
liga	noun
ligacup	noun
ligament	noun
ligatabell	noun
liger	noun
ligga	verb
liggetid	noun
liggsår	noun
liggunderlag	noun
liggvagn	noun
ligist	noun
ligurien	name
ligustersvärmare	noun
lik	adj,noun
lika	adv
likabehandling	noun
likadan	adj
likadant	adv
likafullt	adv
likaledes	adv
likartad	adj
likasinnad	adj
likaså	adv
likbesiktning	noun
likbil	noun
likblek	adj
likbål	noun
likbår	noun
like	noun
likformig	adj
likformighet	noun
likfärd	noun
likgiltig	adj
likgiltighet	noun
likgiltigt	adv
likhet	noun
likhetsfeminism	noun
likhetstecken	noun
likkista	noun
likna	verb
liknande	adj
liknelse	noun
liknöjd	adj
liknöjdhet	noun
likplundrare	noun
likplundring	noun
likrikta	verb
likriktad	adj
likriktare	noun
likriktning	noun
likskändare	noun
likskändning	noun
liksom	adv,conj
likstelhet	noun
likström	noun
likställa	verb
likställdhet	noun
likstämmighet	noun
liksäck	noun
liktor	noun
liktorn	noun
liktydig	adj
liktyding	noun
likvagn	noun
likvaka	noun
likvidation	noun
likvidationsmässig	adj
likviddag	noun
likvidera	verb
likvidering	noun
likviditet	noun
likväl	adv
likvärdig	adj
likvärdighet	noun
likör	noun
lila	adj,noun
lilian	name
liliger	noun
lilja	noun
liljekonvalj	noun
lill	name
lillasyster	noun
lillebror	noun
lillemor	name
lillen	noun
lilleputt	noun
lillfinger	noun
lillgammal	adj
lillpojke	noun
lilltå	noun
lilly	name
lim	noun
lima	name
limburg	name
lime	noun
limefrukt	noun
limegrön	adj
limejuice	noun
limerick	noun
limfärg	noun
limma	verb
limmared	name
limning	noun
limnisk	adj
limousin	noun
limpa	noun
limpistol	noun
limstift	noun
lin	noun
lina	name,noun
linbana	noun
lind	name,noun
linda	name,noun,verb
lindansare	noun
lindberg	name
lindblad	name
lindblom	name
lindelöf	name
lindfors	name
lindgren	name
lindholm	name
lindorm	noun
lindqvist	name
lindra	verb
lindrig	adj
lindrigt	adv
lindring	noun
lindroos	name
lindström	name
lineär	adj
lingon	noun
lingonbuske	noun
lingonris	noun
lingonsylt	noun
lingul	adj
lingvist	noun
lingvistik	noun
lingvistisk	adj
linhårig	adj
linjal	noun
linje	noun
linjedomare	noun
linjekarta	noun
linjelopp	noun
linjenämnd	noun
linjetal	noun
linjär	adj
linjärkombination	noun
linköping	name
linn	name
linnaeus	name
linne	noun
linnea	name
linneförråd	noun
linneskåp	noun
linoleum	noun
linoleumsnitt	noun
lins	noun
linslus	noun
linssoppa	noun
linsvicker	noun
lintott	noun
linus	name
lipa	verb
lipid	noun
lipoproteinlipas	noun
lirka	verb
lisa	name,noun,verb
lisbet	name
lisbeth	name
lise-lott	name
lise-lotte	name
liselott	name
liselotte	name
lisen	name
lisma	verb
lismare	noun
lismeri	noun
lispund	noun
lissabon	name
list	noun
lista	noun,verb
listhud	noun
listig	adj
listighet	noun
listning	noun
listpris	noun
listruta	noun
lisös	noun
lit	noun
lita	verb
litania	noun
litas	noun
litauen	name
litauer	noun
litauisk	adj
litauiska	noun
litchi	noun
lite	adj,adv
liten	adj
litenhet	noun
liter	noun
litium	noun
litografi	noun
littera	noun
litteratur	noun
litteraturagent	noun
litteraturforskare	noun
litteraturförteckning	noun
litteraturhistoria	noun
litteraturhistoriker	noun
litteraturhistorisk	adj
litteraturkritik	noun
litteraturkritiker	noun
litteraturlista	noun
litteraturpristagare	noun
litteraturrecensent	noun
litteraturstöd	noun
litteratursökning	noun
litteraturvetare	noun
litteraturvetenskap	noun
litteraturvetenskaplig	adj
litterär	adj
liturg	noun
liturgi	noun
liturgisk	adj
liv	noun
liva	verb
livad	adj
livaktig	adj
livaktighet	noun
livboj	noun
livegen	adj,noun
livegenskap	noun
livermorium	noun
livfull	adj
livfullhet	noun
livförsäkring	noun
livgarde	noun
livhank	noun
livland	name
livlig	adj
livlighet	noun
livlina	noun
livläkare	noun
livländare	noun
livländsk	adj
livlös	adj
livlöshet	noun
livlöst	adv
livmedikus	noun
livmoder	noun
livmoderhals	noun
livmoderhalscancer	noun
livnära	verb
livrem	noun
livrustkammare	noun
livrädd	adj
livräddare	noun
livränta	noun
livsavgörande	adj
livsbejakande	adj
livsbejakare	noun
livsbejakelse	noun
livscykel	noun
livscykelanalys	noun
livsduglig	adj
livsduglighet	noun
livselixir	noun
livserfaren	adj
livserfarenhet	noun
livsfara	noun
livsfarlig	adj
livsfientlig	adj
livsfrukt	noun
livsföring	noun
livsglädje	noun
livshotande	adj
livsideal	noun
livskraft	noun
livskvalitet	noun
livskänsla	noun
livsleda	noun
livslust	noun
livslängd	noun
livslång	adj
livsmedel	noun
livsmedelsaffär	noun
livsmedelsbrist	noun
livsmedelsbutik	noun
livsmedelsföretag	noun
livsmedelsindustri	noun
livsmedelskedja	noun
livsmedelsproduktion	noun
livsnjutare	noun
livsoduglighet	noun
livsstil	noun
livsstraff	noun
livstecken	noun
livstid	noun
livstidare	noun
livstidsdom	noun
livstidsdömd	adj
livstidsfängelse	noun
livstidsfånge	noun
livstidsstraff	noun
livstycke	noun
livsuppehälle	noun
livsuppgift	noun
livsval	noun
livsvillkor	noun
livsåskådning	noun
livsöde	noun
livvakt	noun
lix	adv
lixom	adv
ljud	noun
ljuda	verb
ljudbang	noun
ljudboj	noun
ljudbok	noun
ljuddämpare	noun
ljudeffekt	noun
ljudfil	noun
ljudhastighet	noun
ljudhärmande	adj
ljudhål	noun
ljudisolera	verb
ljudisolering	noun
ljudklipp	noun
ljudlandskap	noun
ljudlig	adj
ljudlös	adj
ljudlöshet	noun
ljudlöst	adv
ljudnivå	noun
ljudstyrka	noun
ljudtekniker	noun
ljudvall	noun
ljudvolym	noun
ljuga	verb
ljugarbänk	noun
ljum	adj
ljumhet	noun
ljummen	adj
ljumske	noun
ljung	noun
ljungberg	name
ljungby	name
ljungpipare	noun
ljungqvist	name
ljus	adj,noun
ljusblå	adj
ljusdunkel	noun
ljusförorening	noun
ljusglimt	noun
ljusgrön	adj
ljusgul	adj
ljusgård	noun
ljushastighet	noun
ljushyad	adj
ljushyllt	adj
ljushårig	adj
ljusknapp	noun
ljusknippe	noun
ljuskrona	noun
ljuskägla	noun
ljuskälla	noun
ljuslåga	noun
ljusmätare	noun
ljusna	verb
ljusning	noun
ljuspunkt	noun
ljusröd	adj
ljussax	noun
ljusschakt	noun
ljussken	noun
ljusskygg	adj
ljusskygghet	noun
ljusslinga	noun
ljussläckare	noun
ljusstake	noun
ljusstråle	noun
ljusstyrka	noun
ljusäkthet	noun
ljusår	noun
ljuv	adj
ljuvhet	noun
ljuvlig	adj
ljuvlighet	noun
ljuvligt	adv
lma	noun
lma-kort	noun
lo	name,noun
lob	name,noun
lobba	verb
lobbning	noun
lobby	noun
lobbyera	verb
lobbygrupp	noun
lobbying	noun
lobbyism	noun
lobbyist	noun
lobbykampanj	noun
lobbyorganisation	noun
lobotomera	verb
lobotomi	noun
lock	noun
locka	verb
lockande	adj
lockbete	noun
locke	noun
lockelse	noun
lockespindel	noun
lockfågel	noun
lockig	adj
lockighet	noun
lockrop	noun
locktång	noun
lockvara	noun
lod	noun
loda	verb
lodare	noun
lodda	noun
lodjur	noun
lodning	noun
lodrät	adj
lodrätt	adv
loft	noun
logaritm	noun
logdans	noun
loge	noun
logga	verb
logi	noun
logik	noun
logikelement	noun
logion	noun
logisk	adj
logistik	noun
logistisk	adj
logoped	noun
logopedi	noun
logotyp	noun
loj	adj
lojalitet	noun
lojalitetsförklaring	noun
lojalitetskort	noun
lojalitetsprogram	noun
lojhet	noun
lok	noun
lokal	adj,noun
lokalbedöva	verb
lokalbedövning	noun
lokalbo	noun
lokalfrimärke	noun
lokalförening	noun
lokalhistoria	noun
lokalhistoriker	noun
lokalinvånare	noun
lokalisera	verb
lokalisering	noun
lokalitet	noun
lokalkorrespondent	noun
lokalpatriot	noun
lokalpatriotism	noun
lokalpolitiker	noun
lokalsinne	noun
lokaltid	noun
lokaltidning	noun
lokaltåg	noun
lokalval	noun
lokalvårdare	noun
lokatt	noun
loke	name
lokförare	noun
lokomobil	noun
lokomotiv	noun
lola	name
lom	noun
lombard	noun
lombardiet	name
lomhörd	adj
lomhördhet	noun
lomma	verb
lomme	noun
london	name
longitud	noun
longyearbyen	name
lopp	noun
loppa	noun
loppcirkus	noun
loppmarknad	noun
lorensberg	name
lornjett	noun
lort	noun
lortgris	noun
lortig	adj
loska	noun,verb
loss	adv
lossa	verb
losskastning	noun
lossna	verb
lossning	noun
lotion	noun
lotofager	noun
lots	noun
lotsa	verb
lotsbåt	noun
lotsning	noun
lott	noun
lotta	name,noun,verb
lottakår	noun
lottdragning	noun
lotten	name
lotteri	noun
lotteritillstånd	noun
lottlös	adj
lottning	noun
lottnummer	noun
louise	name
lounge	noun
lov	name,noun
lova	name,verb
lovart	adv
love	name,noun
lovikavante	noun
lovikkavante	noun
lovis	name
lovisa	name
lovlig	adj
lovord	noun
lovorda	verb
lovprisa	verb
lovsång	noun
lovvärd	adj
lovvärt	adv
lp-skiva	noun
lr	conj
lsd	noun
lubb	noun
lucas	name
lucia	name,noun
luciadag	noun
luciakrona	noun
luciatärna	noun
luciatåg	noun
lucka	noun
lucker	adj
luckerhet	noun
luckra	verb
lucköppning	noun
ludd	noun
ludda	verb
ludde	name
luddig	adj
luddighet	noun
luden	adj
ludenhet	noun
luder	noun
ludvig	intj,name
ludvika	name
ludwig	name
luffa	verb
luffare	noun
luffarschack	noun
lufsa	noun,verb
luft	noun
lufta	verb
luftanfall	noun
luftangrepp	noun
luftattack	noun
luftballong	noun
luftbombardemang	noun
luftbrisad	noun
luftbubbla	noun
luftburen	adj
luftfarkost	noun
luftfart	noun
luftfartyg	noun
luftflotta	noun
luftfuktare	noun
luftfuktighet	noun
luftförorening	noun
luftförsvar	noun
luftgevär	noun
luftherravälde	noun
lufthunger	noun
lufthål	noun
lufthålspermission	noun
luftig	adj
luftighet	noun
luftkonditionering	noun
luftkrig	noun
luftkudde	noun
luftkuddefartyg	noun
luftkvalitet	noun
luftmadrass	noun
luftmassa	noun
luftmotstånd	noun
luftning	noun
luftpistol	noun
luftrum	noun
lufträd	noun
luftrör	noun
luftrörskatarr	noun
luftskepp	noun
luftslott	noun
luftsluss	noun
luftstridskrafter	noun
luftstrupe	noun
luftstämma	noun
lufttrumma	noun
luftvapen	noun
luftväg	noun
luftvärdighet	noun
luftvärn	noun
luftvärnsrobot	noun
luftöverlägsenhet	noun
lugg	noun
lugga	verb
luggsliten	adj
lugn	adj,noun
lugna	verb
luk	name
lukas	name
lukasevangeliet	name
lukrativ	adj
lukt	noun
lukta	verb
luktfri	adj
luktlös	adj
luktsalt	noun
luktsinne	noun
luktsnus	noun
luleå	name
lull	adv,intj
lulla	verb
lumen	noun
lummig	adj
lummighet	noun
lumpen	adj
lunch	noun
lunchdisco	noun
lunchlåda	noun
lunchpaus	noun
lunchrast	noun
lunchrestaurang	noun
lunchtid	noun
lund	name,noun
lundasångare	noun
lundberg	name
lundensisk	adj
lundgren	name
lundh	name
lundin	name
lundqvist	name
lundström	name
lundsångare	noun
lunga	noun
lungcancer	noun
lunginflammation	noun
lungkapacitet	noun
lungpest	noun
lungsäck	noun
lungsäcksinflammation	noun
lungt	adj,adv
lungödem	noun
lunk	noun
lunka	verb
lunne	noun
lunnefågel	noun
lunta	noun
lupp	noun
lur	noun
lura	verb
luras	verb
lurendrejare	noun
lurendrejeri	noun
lurig	adj
lurighet	noun
lurpassa	verb
lurvig	adj
lurvighet	noun
lus	noun
lusern	noun
luska	verb
lusläsa	verb
luspank	adj
luspudel	noun
lussebulle	noun
lussekatt	noun
lust	noun
lusta	noun
lustfylld	adj
lustgas	noun
lustgård	noun
lusthus	noun
lustig	adj
lustigkurre	noun
lustjakt	noun
lustmord	noun
lustmördare	noun
lut	noun
luta	noun,verb
lutetium	noun
lutfisk	noun
lutheran	noun
lutheransk	adj
lutherdom	noun
luthersk	adj
lutning	noun
lutspelare	noun
luttra	verb
luttrad	adj
luva	noun
luvtröja	noun
lux	noun
luxemburg	name
luxemburgare	noun
luxuös	adj
luxuöst	adv
lya	noun
lybeck	name
lybsk	adj
lycka	noun,verb
lyckad	adj
lyckas	verb
lycklig	adj
lyckligtvis	adv
lyckobringare	noun
lyckohjul	noun
lyckonummer	noun
lyckosam	adj
lyckosökare	noun
lycksalig	adj
lycksalighet	noun
lycksele	name
lycksökare	noun
lycksökerska	noun
lyckt	adj
lyckträff	noun
lyda	verb
lydelse	noun
lydia	name
lydig	adj
lydighet	noun
lydigt	adv
lydkung	noun
lydnad	noun
lydnadsplikt	noun
lydregim	noun
lydrike	noun
lydstat	noun
lyft	adj,noun
lyfta	verb
lyftare	noun
lyftkran	noun
lyftning	noun
lyhörd	adj
lyhördhet	noun
lykta	noun
lyktgubbe	noun
lyktstolpe	noun
lyktört	noun
lymfa	noun
lymfdränage	noun
lymfknuta	noun
lymfkärl	noun
lymfkörtel	noun
lymfocyt	noun
lymfom	noun
lymmel	noun
lymmelaktig	adj
lyncha	verb
lynchmobb	noun
lynchning	noun
lynchstämning	noun
lynne	noun
lynnig	adj
lynnighet	noun
lyon	name
lypsyl	noun
lyra	noun
lyrik	noun
lyriker	noun
lyrisk	adj
lysa	verb
lysande	adj
lysboj	noun
lysdiod	noun
lyse	noun
lysin	noun
lysknapp	noun
lyskraft	noun
lyskraftig	adj
lyskräfta	noun
lysmask	noun
lyspistol	noun
lysräka	noun
lysrör	noun
lyssna	verb
lyssnare	noun
lyssning	noun
lysten	adj
lyster	noun,verb
lystmäte	noun
lystnad	noun
lystra	verb
lystring	intj,noun
lyte	noun
lyteskomik	noun
lyx	noun
lyxa	verb
lyxartikel	noun
lyxbil	noun
lyxbostad	noun
lyxbåt	noun
lyxhotell	noun
lyxig	adj
lyxjakt	noun
lyxkonsumtion	noun
lyxkrog	noun
lyxkryssare	noun
lyxkryssning	noun
lyxrestaurang	noun
lyxskatt	noun
lyxvara	noun
lyxvilla	noun
lyxyacht	noun
lä	adv,noun
läcka	noun,verb
läckage	noun
läcker	adj
läckerbit	noun
läckergom	noun
läckerhet	noun
läder	noun
läderartad	adj
läderhud	noun
läderjacka	noun
läderlapp	noun
lädersko	noun
läge	noun
lägel	noun
lägenhet	noun
lägenhetsbrand	noun
lägenhetsdörr	noun
lägenhetsinbrott	noun
läger	noun
lägereld	noun
lägesbild	noun
lägesenergi	noun
lägg	noun
lägga	verb
läggare	noun
läggdags	adv
läggmatch	noun
läggning	noun
läglig	adj
läka	verb
läkare	noun
läkarintyg	noun
läkarkår	noun
läkarmottagning	noun
läkartäthet	noun
läkarvetenskap	noun
läkarvård	noun
läkbar	adj
läkbarhet	noun
läkekonst	noun
läkemalva	noun
läkemedel	noun
läkemedelsbolag	noun
läkemedelsföretag	noun
läkemedelsförmån	noun
läkemedelsindustri	noun
läkemedelsjätte	noun
läkemedelstillverkare	noun
läkning	noun
läkt	noun
läktare	noun
läm	noun
lämmel	noun
lämmeltåg	noun
lämmen	adj
lämna	verb
lämning	noun
lämpa	noun,verb
lämplig	adj
lämpligen	adv
lämplighet	noun
lämplighetstest	noun
lämpligtvis	adv
län	noun
länd	noun
ländkota	noun
ländrygg	noun
länga	noun
längd	noun
längdgrad	noun
längdhopp	noun
längdhoppare	noun
längdmått	noun
längdskidåkare	noun
längdskidåkning	noun
längdåkare	noun
längdåkning	noun
länge	adv
längesedan	adv
längesen	adv
längs	prep
längst	adv
längta	verb
längtan	noun
längtansfull	adj
länk	noun
länka	verb
länkare	noun
länkning	noun
läns	adj
länsa	noun,verb
länsassessor	noun
länsledning	noun
länsman	noun
länspolismästare	noun
länspump	noun
länsrätt	noun
länsrättsfiskal	noun
länsråd	noun
länsstyrelse	noun
länstol	noun
länsvis	adv
länsväg	noun
länsöverdirektör	noun
läpp	noun
läppbalsam	noun
läppformig	adj
läppglans	noun
läppja	verb
läpprörelse	noun
läppspalt	noun
läppstift	noun
lära	noun,verb
läraktig	adj
läraktighet	noun
lärande	adj,noun
lärare	noun
lärarexamen	noun
lärarinna	noun
lärd	adj
lärdom	noun
lärdomshistoria	noun
lärdomshistoriker	noun
lärdomshistorisk	adj
lärft	noun
lärftskramhandlare	noun
lärftskramhandlarsocietet	noun
lärjungaskap	noun
lärjunge	noun
lärka	noun
lärling	noun
läroanstalt	noun
lärobok	noun
läroboksförfattare	noun
läromedel	noun
lärorik	adj
lärosäte	noun
läroverk	noun
läroämbete	noun
läsa	verb
läsare	noun
läsbar	adj
läsbarhet	noun
läsebok	noun
läsekrets	noun
läsesal	noun
läsesalslån	noun
läsfrämjande	adj
läsförmåga	noun
läsförståelse	noun
läsglasögon	noun
läsida	noun
läsk	noun
läska	verb
läskedryck	noun
läskig	adj
läskighet	noun
läskpapper	noun
läskunnig	adj
läskunnighet	noun
läslig	adj
läslighet	noun
läslista	noun
läslov	noun
läslus	noun
läsning	noun
läsningsgudstjänst	noun
läsordning	noun
läspa	verb
läsplatta	noun
läspning	noun
läst	adj,noun
lästal	noun
lästips	noun
läsuttal	noun
läsvärd	adj
läsår	noun
läsårstider	noun
läte	noun
lätt	adj,adv
lätta	verb
lättantändlig	adj
lättbetong	noun
lätteligen	adv
lättfattlig	adj
lättflytande	adj
lättfotad	adj
lättframkomlig	adj
lättförtjänt	adj
lättgrogg	noun
lätthanterlig	adj
lätthet	noun
lättillgänglig	adj
lätting	noun
lättja	noun
lättjefull	adj
lättjefullhet	noun
lättklädd	adj
lättklöv	noun
lättkränkt	adj
lättledd	adj
lättlurad	adj
lättläst	adj
lättlästhet	noun
lättmetall	noun
lättmetallegering	noun
lättmjölk	noun
lättmjölkspaket	noun
lättna	verb
lättnad	noun
lättpåverkad	adj
lättretlig	adj
lättrogen	adj
lättrogenhet	noun
lättroman	noun
lättrörd	adj
lättrördhet	noun
lättsam	adj
lättsinne	noun
lättsinnig	adj
lättsinnighet	noun
lättsinnigt	adv
lättskrämd	adj
lättskött	adj
lättsmält	adj
lättstött	adj
lättvattenreaktor	noun
lättvikt	noun
lättviktare	noun
lättviktig	adj
lättvindig	adj
lättöl	noun
läxa	noun
låda	noun,verb
lådagram	noun
lådbil	noun
lådkamera	noun
lådvin	noun
låg	adj
låga	noun
lågavlönad	adj
lågbetald	adj
lågbudgetfilm	noun
låghet	noun
låginkomst	noun
låginkomstgrupp	noun
låginkomstland	noun
låginkomsttagare	noun
lågkonjunktur	noun
lågkyrka	noun
lågkyrklig	adj
lågkyrklighet	noun
lågland	noun
lågländare	noun
låglöneföretag	noun
lågmäld	adj
lågmäldhet	noun
lågnivåspråk	noun
lågoddsare	noun
lågpris	noun
lågprisflyg	noun
lågsachsiska	noun
lågsinnad	adj
lågsint	adj
lågstadieskola	noun
lågstadium	noun
lågt	adv
lågtryck	noun
lågtyska	noun
lågvarv	noun
lågvatten	noun
lågvattenmärke	noun
lån	noun
låna	verb
låneansökan	noun
lånebelopp	noun
lånekarusell	noun
lånekort	noun
låneskuld	noun
lånespelare	noun
lånesumma	noun
lång	adj
långa	noun
långben	name
långbensgroda	noun
långdans	noun
långdistans	noun
långdistansare	noun
långdistanslöpare	noun
långdistanslöpning	noun
långdistansraket	noun
långdistansrobot	noun
långdragen	adj
lången	name
långfilm	noun
långfinger	noun
långfranska	noun
långfredag	noun
långfristig	adj
långfärdsskridsko	noun
långfärdsskridskoåkning	noun
långgrund	adj
långhus	noun
långhårig	adj
långivare	noun
långkalsong	noun
långkål	noun
långlivad	adj
långmodig	adj
långmodighet	noun
långpanna	noun
långrandig	adj
långrandighet	noun
långsam	adj
långsamhet	noun
långsamkokare	noun
långsida	noun
långsiktig	adj
långsiktighet	noun
långsiktigt	adv
långsimning	noun
långsint	adj
långsinthet	noun
långskepp	noun
långskepps	adv
långsmal	adj
långstrumpa	noun
långsträckt	adj
långsynt	adj
långsynthet	noun
långsökt	adj
långt	adv
långtgående	adj
långtidsarbetslös	noun
långtidsarbetslöshet	noun
långtidslagring	noun
långtidsminne	noun
långtifrån	adv
långtradarchaufför	noun
långtradare	noun
långtråkig	adj
långtråkighet	noun
långtåsnäppa	noun
långvarig	adj
långvarighet	noun
långväga	adj
långvägare	noun
långvågssändare	noun
långärmad	adj
lånord	noun
låntagare	noun
lår	noun
lårben	noun
lårbenshals	noun
lårbenshuvud	noun
låring	noun
lårkaka	noun
lårskada	noun
lås	noun
låsa	verb
låsbar	adj
låsbricka	noun
låscylinder	noun
låskolv	noun
låsning	noun
låssaskompis	noun
låsskärm	noun
låssmed	noun
låst	adj
låt	noun
låta	verb
låtgåmentalitet	noun
låtgåpolitik	noun
låtlista	noun
låtsas	verb
låtskrivare	noun
löda	verb
lödder	noun
löddra	verb
löddrig	adj
lödig	adj
lödighet	noun
lödkolv	noun
lödning	noun
löfgren	name
löfte	noun
löftesbrott	noun
löftesbrytare	noun
löftesrik	adj
lögn	noun
lögnaktig	adj
lögnaktighet	noun
lögnaktigt	adv
lögnare	noun
lögndetektor	noun
löja	noun
löje	noun
löjeväckande	adj
löjlig	adj
löjlighet	noun
löjligt	adv
löjrom	noun
löjtnant	noun
lök	noun
lökformig	adj
lökkupol	noun
lökpulver	noun
lökring	noun
löksill	noun
lökskal	noun
löksoppa	noun
lömsk	adj
lömskhet	noun
lön	noun
löna	verb
lönearbetare	noun
lönearbete	noun
lönediskriminering	noun
löneförhöjning	noun
löneförmån	noun
lönegap	noun
löneglidning	noun
lönehöjning	noun
lönelista	noun
löneminskning	noun
lönenivå	noun
löneskillnad	noun
löneslav	noun
lönesumma	noun
lönesänkning	noun
löneutrymme	noun
löneökning	noun
lönlös	adj
lönlöshet	noun
lönn	noun
lönndom	noun
lönndörr	noun
lönnfack	noun
lönnfet	adj
lönngång	noun
lönnkrog	noun
lönnlöv	noun
lönnmord	noun
lönnmörda	verb
lönnmördare	noun
lönnrum	noun
lönnruna	noun
lönnsirap	noun
lönsam	adj
lönsamhet	noun
lönt	adj
löntagare	noun
löntagarfond	noun
löp	noun
löpa	verb
löpande	adj
löparbana	noun
löpare	noun
löparsko	noun
löpband	noun
löpe	noun
löpeld	noun
löpgrav	noun
löpknut	noun
löpmage	noun
löpning	noun
löpnummer	noun
löpsedel	noun
löpstark	adj
löpsten	noun
löptid	noun
lör	noun
lördag	noun
lördagsgodis	noun
lördagskväll	noun
lös	adj
lösa	verb
lösare	noun
lösbar	adj
lösdrivare	noun
lösdriveri	noun
lösdriverska	noun
lösen	noun
lösenord	noun
lösensumma	noun
lösfitta	noun
lösgodis	noun
lösgöra	verb
löshet	noun
löshäst	noun
löskokt	adj
löskuk	noun
löslig	adj
löslighet	noun
lösmynt	adj
lösning	noun
lösningsmedel	noun
lösnummer	noun
lösnäsa	noun
lösskägg	noun
lössläppt	adj
lössnus	noun
lössnö	noun
löstagbar	adj
löstand	noun
löste	noun
lösvagina	noun
lösvikt	noun
lösöre	noun
löv	noun
löva	verb
lövbiff	noun
lövblås	noun
lövfällning	noun
lövgroda	noun
lövlös	adj
lövrik	adj
lövruska	noun
lövsele	name
lövskog	noun
lövsåg	noun
lövsångare	noun
lövträd	noun
lövtunn	adj
lövverk	noun
löväng	noun
m	character,name,prep
maa	prep
maas	name
macchiasångare	noun
machete	noun
machiavellisk	adj
machiavelliskt	adv
machismo	noun
machnoist	noun
macho	adj,noun
machoman	noun
mackabeerbok	name
madagaskar	name
madame	noun
madeleine	name
madelene	name
madra	noun
madrass	noun
madrid	name
maestro	noun
maffia	noun
mafioso	noun
magahov	noun
magdalena	name
magdans	noun
magdansös	noun
mage	noun
magenta	noun
mager	adj
magerhet	noun
maggördel	noun
maghjul	noun
magi	noun
magiker	noun
magisk	adj
magister	noun
magkatarr	noun
magknip	noun
magkänsla	noun
magläge	noun
magmun	noun
magmuskel	noun
magna	name
magnat	noun
magnesium	noun
magnesiumhydroxid	noun
magnesiumoxid	noun
magnet	noun
magnetbana	noun
magnetisera	verb
magnetiserbar	adj
magnetisering	noun
magnetisk	adj
magnetism	noun
magnetit	noun
magnetkompass	noun
magnifik	adj
magnifikt	adv
magnitud	noun
magnoliaskogssångare	noun
magnus	name
magnusson	name
magplask	noun
magpumpa	verb
magra	verb
magring	noun
magruta	noun
magsaft	noun
magsmärta	noun
magstark	adj
magsyra	noun
magsäck	noun
magsår	noun
magväska	noun
maharadja	noun
mahjong	noun
mahogny	noun
maivor	name
maizena	noun
maj	name,noun
maj-britt	name
maj-lis	name
maja	name
majblomma	noun
majbrasa	noun
majbritt	name
majestät	noun
majestätisk	adj
majkasa	noun
majken	name
majlis	name
majonnäs	noun
major	noun
majoritet	noun
majoritetsbefolkning	noun
majoritetsbeslut	noun
majoritetsledare	noun
majoritetsregering	noun
majoritetsspråk	noun
majoritetsstyre	noun
majoritetsval	noun
majoritetsägare	noun
majorna	name
majs	noun
majsflinga	noun
majskolv	noun
majskorn	noun
majsolja	noun
majsstärkelse	noun
majstång	noun
majuskel	noun
majvor	name
mak	noun
maka	noun,verb
makaber	adj
makadam	noun
makalös	adj
makare	noun
makaron	noun
makaronilåda	noun
makaronipudding	noun
makassarolja	noun
make	noun
makedonien	name
makedonier	noun
makedonska	noun
makeup	noun
makeupartist	noun
maki	noun
maklig	adj
maklighet	noun
makrill	noun
makro	noun
makroanalytiker	noun
makroekonomi	noun
makroekonomisk	adj
makrofil	adj,noun
makrofili	noun
makron	noun
makroskopisk	adj
makt	noun
maktbalans	noun
maktbas	noun
maktbefogenhet	noun
maktdelning	noun
maktdemonstration	noun
maktfullkomlig	adj
maktfullkomlighet	noun
maktfördelning	noun
maktgalen	adj
makthavare	noun
maktinnehav	noun
maktkamp	noun
maktkoncentration	noun
maktlysten	adj
maktlystnad	noun
maktlös	adj
maktlöshet	noun
maktlöst	adv
maktmedel	noun
maktmissbruk	noun
maktsfär	noun
maktskifte	noun
maktspel	noun
maktspråk	noun
maktutövning	noun
maktövertagande	noun
makulera	verb
makulering	noun
mal	name,noun
mala	verb
malaga	noun
malagassiska	noun
malagavin	noun
malaj	noun
malajbjörn	noun
malajiska	noun
malaki	name
malakit	noun
malakitgrön	adj
malaria	noun
malariaepidemi	noun
malariavaccin	noun
malawi	name
malawier	noun
malax	name
malayalam	noun
malaysia	name
malaysier	noun
maldiverna	name
maldivier	noun
mali	name
malier	noun
malign	adj
malin	name
malkula	noun
mall	noun
mallgroda	noun
mallighet	noun
malm	noun
malmgård	noun
malmhund	noun
malmquist	name
malmström	name
malmö	name
malmöit	noun
malning	noun
malplacerad	adj
malpåse	noun
malström	noun
malsäker	adj
malt	noun
malta	name
malte	name
maltes	noun
maltesare	noun
maltesisk	adj
maltesiska	noun
maltig	adj
maltodextrin	noun
maltos	noun
maltsocker	noun
malva	noun
maläten	adj
malör	noun
malört	noun
mambo	noun
mameluck	noun
mamelucker	noun
mamma	noun
mammografi	noun
mammografisk	adj
mammon	noun
mammonsdyrkan	noun
mammonsdyrkans	noun
mammonsträl	noun
mammut	noun
mamsell	noun
man	name,noun,pron
mana	noun,verb
manad	adj
manchester	noun
mandarin	noun
mandat	noun
mandatperiod	noun
mandeisk	adj
mandeiska	noun
mandeism	noun
mandel	noun
mandelbrotmängd	noun
mandelmassa	noun
mandelolja	noun
mandelpotatis	noun
mandelögd	adj
mandibel	noun
mandom	noun
mandomsanammelse	noun
mandomsprov	noun
mandorla	noun
manege	noun
manet	noun
manfolk	noun
manga	noun
mangan	noun
mange	name
mangel	noun
mangla	verb
mango	noun
mangoernas	noun
mangrant	adv
mangrove	noun
manhaftig	adj
manhaftighet	noun
manhattan	noun
manhål	noun
mani	noun
manierad	adj
manifest	adj,noun
manifestation	noun
manifestera	verb
manikyr	noun
manikyrera	verb
manikyrist	noun
maning	noun
manipulation	noun
manipulera	verb
manipulerbar	adj
manipulering	noun
manisk	adj
manke	noun
mankell	name
mankemang	noun
mankhöjd	noun
manlig	adj
manlighet	noun
mannagryn	noun
mannagrynsgröt	noun
mannaminne	noun
mannamod	noun
mannekäng	noun
manschauvinism	noun
manschauvinist	noun
manschauvinistisk	adj
manschett	noun
manschettbrottsling	noun
manschettknapp	noun
mansgris	noun
manshat	noun
manshatare	noun
manshora	noun
manskap	noun
manskör	noun
manslem	noun
manslukerska	noun
mansnamn	noun
mantel	noun
manual	noun
manuell	adj
manuellt	adv
manus	noun
manusförfattare	noun
manuskript	noun
manuskriptsamling	noun
manöver	noun
manövrera	verb
manövrerbar	adj
manövrerbarhet	noun
manövrering	noun
maoist	noun
maoistisk	adj
maori	noun
maorier	noun
maorisk	adj
maoriska	noun
mapp	noun
mara	noun
maracas	noun
maraton	noun
maratonförhandling	noun
maratonlopp	noun
maratonlöpare	noun
maratontal	noun
maratontalare	noun
marcus	name
mardröm	noun
mardrömsaktig	adj
mardrömslik	adj
mardrömsscenario	noun
mareld	noun
maren	name
margareta	name
margaretha	name
margarin	noun
margarita	noun
margherita	noun
marginal	noun
marginalanteckning	noun
marginalisera	verb
marginalisering	noun
marginalskatt	noun
marginell	adj
marginellt	adv
margit	name
margita	name
margot	name
margret	name
margreta	name
mari	name
maria	name
mariaklocka	noun
mariana	name
marianergraven	name
marianerna	name
mariann	name
marianne	name
marie	name
marie-louise	name
mariehamn	name
mariestad	name
marig	adj
marighet	noun
marijuana	noun
marijuanaodling	noun
marika	name
marin	adj,noun
marina	name,noun
marinad	noun
marinara	noun
marinbas	noun
marinbiolog	noun
marinbiologi	noun
marinbiologisk	adj
marinblå	adj
marinblått	noun
marinera	verb
marinkår	noun
marinkårssoldat	noun
marinofficer	noun
marinsoldat	noun
marinstridskrafter	noun
marion	name
marionett	noun
marionettdocka	noun
marionetteater	noun
marionettregering	noun
marit	name
marita	name
maritim	adj
marja	name
mark	name,noun
markant	adj,adv
markanvändning	noun
markaryd	name
markatta	noun
markera	verb
markerad	adj
markerande	noun
markering	noun
marketenteri	noun
markexploatör	noun
markhackare	noun
markis	noun
markisinna	noun
marklyft	noun
marknad	noun
marknadsanalys	noun
marknadsanalytiker	noun
marknadsandel	noun
marknadsekonomi	noun
marknadsföra	verb
marknadsföring	noun
marknadsföringskampanj	noun
marknadsföringsknep	noun
marknadsplats	noun
marknadspris	noun
marknadsstånd	noun
marknadsvärde	noun
marknivå	noun
markoffensiv	noun
markområde	noun
markstrid	noun
markstridskrafter	noun
markström	name
markstyrka	noun
marksubstans	noun
marktrupp	noun
markus	name
markusevangeliet	name
markvärde	noun
markvärdestegring	noun
markägare	noun
markör	noun
marleka	noun
marlene	name
marmelad	noun
marmeladkonfekt	noun
marmor	noun
marmorbord	noun
marmorera	verb
marmorering	noun
marmorgolv	noun
marmorkräfta	noun
marockan	noun
marockansk	adj
marockanska	noun
marocko	name
marodör	noun
mars	name,noun
marsch	noun
marschera	verb
marshalles	noun
marshallöarna	name
marshmallow	noun
marsian	noun
marsiansk	adj
marsipan	noun
marsipantårta	noun
marskalk	noun
marskalkstav	noun
marsmänniska	noun
marsvin	noun
marta	name
marter	noun
martin	name
martina	name
martinique	name
martinsson	name
martyr	noun
martyrdöd	noun
martyrskap	noun
marulk	noun
marxism	noun
marxist	noun
marxistisk	adj
mary	name
maräng	noun
marängsviss	noun
mas	noun
masa	verb
mascara	noun
mask	noun
maska	noun,verb
maskaron	noun
maskera	verb
maskerad	noun
maskering	noun
maskeringstejp	noun
maskhål	noun
maskin	noun
maskineri	noun
maskingevär	noun
maskininlärning	noun
maskinist	noun
maskinkod	noun
maskinläsbar	adj
maskinmässig	adj
maskinmässighet	noun
maskinpark	noun
maskinskrivare	noun
maskinskriverska	noun
maskinteknik	noun
maskinteknisk	adj
maskinvara	noun
maskmedel	noun
maskningstaktik	noun
maskopi	noun
maskot	noun
maskpalmmård	noun
maskros	noun
maskrosbarn	noun
masktörnskata	noun
maskulin	adj
maskulinisering	noun
maskulinitet	noun
maskulinum	noun
maskäten	adj
maskör	noun
masochism	noun
masochist	noun
masochistisk	adj
masonit	noun
mass	noun
massa	noun
massafabrik	noun
massage	noun
massageolja	noun
massagestav	noun
massaker	noun
massakrera	verb
massakrerad	adj
massakrering	noun
massarbetslöshet	noun
massaved	noun
massavhopp	noun
massavrättning	noun
massbetong	noun
massbrev	noun
masscentrum	noun
masscirkulation	noun
massdefekt	noun
massdistribution	noun
massdöd	noun
massera	verb
massfaxning	noun
massframställning	noun
massförstörelse	noun
massförstörelsevapen	noun
massgrav	noun
masshysteri	noun
massinvandring	noun
massiv	adj,noun
massjukskrivning	noun
masskjutning	noun
masskommunicera	verb
masskonsumtion	noun
masskonsumtionsvara	noun
massmarknad	noun
massmedium	noun
massmord	noun
massmördare	noun
massproducera	verb
masspropaganda	noun
massprotest	noun
massrörelse	noun
masstart	noun
masstransport	noun
massundersökning	noun
massundervisning	noun
massupplaga	noun
massutskick	noun
massvaccinering	noun
massvis	adv
massör	noun
massös	noun
mast	noun
mastcell	noun
masthugget	name
mastodont	noun
mastodontartad	adj
mastodontfilm	noun
mastodontisk	adj
masturbation	noun
masturbera	verb
masturbering	noun
masugn	noun
masurknöl	noun
mat	noun
mata	verb
matador	noun
mataffär	noun
matare	noun
matbanan	noun
matbank	noun
matberedare	noun
matbord	noun
matbricka	noun
matbrist	noun
matbröd	noun
matbutik	noun
match	noun
matcha	noun,verb
matchbild	noun
matchboll	noun
matchfixning	noun
matchklocka	noun
matchning	noun
matchur	noun
matdags	adv
mate	noun
mateblad	noun
matematik	noun
matematiker	noun
matematikprofessor	noun
matematisk	adj
materia	noun
material	noun
materialisera	verb
materialisering	noun
materialism	noun
materialist	noun
materialistisk	adj
materialitet	noun
materialtrötthet	noun
materiel	noun
materiell	adj
matfett	noun
matfisk	noun
matfriare	noun
matfrisk	adj
matfriskhet	noun
matförgifta	verb
matförgiftning	noun
matförråd	noun
matglad	adj
mathandel	noun
mathias	name
mathilda	name
matig	adj
matilda	name
matinköp	noun
matjessill	noun
matjord	noun
matjätte	noun
matkasse	noun
matkoma	noun
matkultur	noun
matlagning	noun
matlåda	noun
matmor	noun
matnyttig	adj
matnyttigt	adv
matolja	noun
matos	noun
matporr	noun
matpris	noun
matproduktion	noun
matrikel	noun
matris	noun
matro	noun
matros	noun
matrum	noun
maträtt	noun
mats	name
matsal	noun
matsalsbord	noun
matsedel	noun
matsked	noun
matsmältning	noun
matsmältningssystem	noun
matspjälkning	noun
matsson	name
matstrupe	noun
matställe	noun
matsäck	noun
matt	adj,name
matta	noun,verb
matte	noun
matteus	name
matteusevangeliet	name
matthet	noun
mattias	name
mattis	name
mattläggare	noun
mattpiska	noun
mattpiskare	noun
matts	name
mattsopare	noun
mattsson	name
mattögd	adj
matupplevelse	noun
matutin	noun
matvana	noun
matvara	noun
matvrå	noun
matäpple	noun
matättika	noun
maud	name
mauretanien	name
mauretanier	noun
mauretansk	adj
mauritier	noun
mauritius	name
mauritz	name
mausoleum	noun
max	adv,name,noun
maxbelopp	noun
maxim	noun
maximal	adj
maximera	verb
maximering	noun
maximibelopp	noun
maximilian	name
maximipris	noun
maximistorlek	noun
maximistraff	noun
maximivärde	noun
maxpris	noun
maxstraff	noun
maxvärde	noun
may	name
mayaindian	noun
mayotte	name
mazarin	noun
mb	noun
mc	noun
mc-klubb	noun
meander	noun
mecenat	noun
mecenatskap	noun
mecka	noun
med	adv,noun,prep
medalj	noun
medaljceremoni	noun
medaljong	noun
medaljsamling	noun
medaljör	noun
medan	conj
medarbetare	noun
medarrangör	noun
medarvinge	noun
medborgare	noun
medborgargarde	noun
medborgarjournalistik	noun
medborgarkrig	noun
medborgarrätt	noun
medborgarrättskämpe	noun
medborgarrättsrörelse	noun
medborgarskap	noun
medborgarskapsceremoni	noun
medborgerlig	adj
medbroder	noun
medbrottsling	noun
meddela	verb
meddelaktig	adj
meddelaktighet	noun
meddelande	noun
meddelare	noun
meddelarfrihet	noun
meddelarskydd	noun
meddelbar	adj
meddelsam	adj
meddelsamhet	noun
meddelägare	noun
meddetsamma	adv
mede	noun
medel	noun
medelbar	adj
medeldistans	noun
medeldistansare	noun
medeldistanslöpare	noun
medeldistansraket	noun
medeldistansrobot	noun
medelengelska	noun
medelhastighet	noun
medelhav	noun
medelhavet	name
medelhavsstenskvätta	noun
medelhavstrut	noun
medelhavsväxt	noun
medelholländska	noun
medelhögtyska	noun
medelinkomst	noun
medelinkomstland	noun
medelinkomsttagare	noun
medelintelligent	adj
medelklass	noun
medellågtyska	noun
medellön	noun
medellös	adj
medellöshet	noun
medelmåtta	noun
medelmåttig	adj
medelmåttighet	noun
medelnedertyska	noun
medelpad	name
medelstor	adj
medelsvensson	noun
medeltid	noun
medeltida	adj
medeltidsaktig	adj
medeltidsborg	noun
medeltidshistoria	noun
medeltidshistoriker	noun
medeltidskyrka	noun
medeltidslatin	noun
medeltidsmässig	adj
medelvardagsdygnstrafik	noun
medelvikt	noun
medelväg	noun
medelvärde	noun
medelålder	noun
medelålders	adj
meder	noun
medfaren	adj
medfinansiera	verb
medfinansiering	noun
medfånge	noun
medfödd	adj
medföra	verb
medförfattare	noun
medge	verb
medgivande	noun
medglädje	noun
medgrundare	noun
medgärningsman	noun
medgång	noun
medgångssupporter	noun
medgörlig	adj
medhavd	adj
medhjälp	noun
medhjälpare	noun
medhåll	noun
medhårs	adv
median	noun
medianinkomst	noun
medianlön	noun
medicin	noun
medicinareberget	name
medicinboll	noun
medicinera	verb
medicinering	noun
medicinförråd	noun
medicinman	noun
medicinpristagare	noun
medicinsk	adj
medicinskåp	noun
medicinteknisk	adj
medieforskare	noun
medieföretag	noun
medikalisering	noun
meditation	noun
meditera	verb
meditering	noun
medium	noun
medkonspiratör	noun
medkontrahent	noun
medkänsla	noun
medla	verb
medlare	noun
medlarskap	noun
medlem	noun
medlemsansökan	noun
medlemsavgift	noun
medlemsförmån	noun
medlemsförteckning	noun
medlemskap	noun
medlemskort	noun
medlemsland	noun
medlemsregister	noun
medlemsstat	noun
medley	noun
medleylagkapp	noun
medlidande	noun
medlidsam	adj
medlidsamhet	noun
medling	noun
medlingsförsök	noun
medlut	noun
medlöpare	noun
medmänniska	noun
medmänsklig	adj
medmänsklighet	noun
medpassagerare	noun
medregent	noun
medresenär	noun
medryckande	adj
medsammansvuren	adj
medskapare	noun
medsols	adv
medspelare	noun
medströms	adv
medsyster	noun
medtagen	adj
medtrafikant	noun
medtävlare	noun
medurs	adv
medusahuvud	noun
medutgivare	noun
medverka	verb
medverkan	noun
medvetande	noun
medveten	adj
medvetenhet	noun
medvetet	adv
medvetslös	adj
medvetslöshet	noun
medvind	noun
medvurst	noun
medägare	noun
medömkan	noun
mefedron	noun
megafon	noun
megalitisk	adj,adv
megalomani	noun
megawatt	noun
meh	adj
meios	noun
meitnerium	noun
mejeri	noun
mejeriprodukt	noun
mejl	noun
mejla	verb
mejlkonto	noun
mejlkorg	noun
mejna	verb
mejram	noun
mejsel	noun
mejsla	verb
mejsling	noun
mekanik	noun
mekaniker	noun
mekanisera	verb
mekanisering	noun
mekanisk	adj
mekanism	noun
mekonium	noun
melanesien	name
melanesier	noun
melanin	noun
melankoli	noun
melankoliker	noun
melankolisk	adj
melankoliskt	adv
melanom	noun
melass	noun
melissa	name
melker	name
melkisedek	name
mellan	prep
mellanamerika	name
mellanamerikan	noun
mellanbarn	noun
mellanboss	noun
mellandagarna	noun
mellaneuropa	name
mellanfolklig	adj
mellanfot	noun
mellanfotsben	noun
mellangärde	noun
mellangård	noun
mellanhand	noun
mellaninkomsttagare	noun
mellankotskiva	noun
mellankrigstid	noun
mellanlanda	verb
mellanlandning	noun
mellanmjölk	noun
mellanmjölkspaket	noun
mellanmänsklig	adj
mellanmål	noun
mellannamn	noun
mellanrum	noun
mellanslag	noun
mellanstadieskola	noun
mellanstadium	noun
mellanstor	adj
mellansvep	noun
mellantid	noun
mellanvikt	noun
mellanviktare	noun
mellanöl	noun
mellanöra	noun
mellanöstern	name
mellanösternpolitik	noun
mellersta	adj
melodi	noun
melodikryss	noun
melodisk	adj
melodiös	adj
melodramatisk	adj
melon	noun
melvin	name
mem	noun
membran	noun
memma	noun
memoar	noun
memoarförfattare	noun
memorandum	noun
memorera	verb
memorering	noun
men	conj,noun
mena	verb
menageri	noun
mendelevium	noun
mened	noun
menedare	noun
menig	adj
mening	noun
meningsbyggnad	noun
meningsfullhet	noun
meningslös	adj
meningslöshet	noun
meningsmotståndare	noun
meningsskiljaktighet	noun
meningsutbyte	noun
meningsyttring	noun
menisk	noun
menlig	adj
menlös	adj
menopaus	noun
mens	noun
menskopp	noun
mensskydd	noun
menstrosa	noun
menstruation	noun
menstruera	verb
mensvärk	noun
mental	adj
mentalesiska	noun
mentalitet	noun
mentalitetshistoria	noun
mentalitetshistoriker	noun
mentalitetshistorisk	adj
mentalsjuk	adj
mentalsjukdom	noun
mentalsjukhus	noun
mentalt	adv
mentol	noun
mentolcigarett	noun
mentor	noun
mentorskap	noun
menuett	noun
meny	noun
menykommando	noun
mera	adj,adv
meridian	noun
merit	name,noun
meritera	verb
meriterad	adj
meritlista	noun
meritokrati	noun
meritokratisk	adj
merkantil	adj
merkantilist	noun
merkantilistisk	adj
merkostnad	noun
merkurius	name
meronym	noun
meronymi	noun
mersmak	noun
mervärde	noun
mervärdesskatt	noun
mes	noun
mesallians	noun
mesig	adj
mesighet	noun
meskalin	noun
mesopotamien	name
mesosfär	noun
mesost	noun
messiansk	adj
messianskt	adv
messias	name
messmör	noun
mestadels	adv
mestbjudande	adj,noun
mestis	noun
meta	verb
metabolism	noun
metadata	noun
metadon	noun
metafor	noun
metaforik	noun
metaforisk	adj
metafysik	noun
metafysiker	noun
metall	noun
metallarbetare	noun
metallbearbetning	noun
metalldetektor	noun
metallgods	noun
metallindustriarbetare	noun
metallindustriarbetareförbund	noun
metallindustriarbetareförbundskongress	noun
metallindustriarbetareförbundsordförande	noun
metallisk	adj
metallrör	noun
metallurg	noun
metallurgi	noun
metallurgisk	adj
metallvikt	noun
metamfetamin	noun
metamorfos	noun
metan	noun
metanol	noun
metansyra	noun
metare	noun
metatablett	noun
metates	noun
metazo	noun
mete	noun
meteor	noun
meteorisk	adj
meteorit	noun
meteoritkrater	noun
meteorolog	noun
meteorologi	noun
meteorologisk	adj
meter	noun
metionin	noun
metkrok	noun
metod	noun
metodik	noun
metodisk	adj
metodlöshet	noun
metonym	noun
metrev	noun
metrisering	noun
metrisk	adj
metro	noun
metrologi	noun
metronom	noun
metropolit	noun
metspö	noun
mexikan	noun
mexikansk	adj
mexikanska	noun
mexiko	name
mezuza	noun
meänkieli	noun
mgm	noun
mhpp	prep_phrase
mia	name
micael	name
michael	name
michaela	name
michelle	name
mick	noun
mickael	name
micke	name
mickel	noun
mickra	verb
middag	noun
middagsbord	noun
middagskaffe	noun
middagslinje	noun
middagstid	noun
midgård	name
midgårdsormen	name
midja	noun
midjeväska	noun
midnatt	noun
midnattsmässa	noun
midnattssol	noun
midsommar	noun
midsommarafton	noun
midsommardag	noun
midsommarfirande	adj,noun
midsommarstång	noun
midvinter	noun
migrant	noun
migration	noun
migrationsminister	noun
migrationspolitik	noun
migrationspolitisk	adj
migrationsverket	name
migrera	verb
migrering	noun
migrän	noun
mik	name
mika	name
mikael	name
mikaela	name
miklagård	name
mikra	verb
mikrob	noun
mikrobiell	adj
mikrobiolog	noun
mikrobiologi	noun
mikrobiologisk	adj
mikrobryggeri	noun
mikrochip	noun
mikrochipp	noun
mikroekonomi	noun
mikroekonomisk	adj
mikroelektronik	noun
mikrofiber	noun
mikrofilm	noun
mikrofilma	verb
mikrofon	noun
mikrokosmos	noun
mikrokredit	noun
mikrokrets	noun
mikronesien	name
mikronesier	noun
mikronova	noun
mikroorganism	noun
mikropenis	noun
mikroprocessor	noun
mikrosekund	noun
mikroskop	noun
mikroskopisk	adj
mikroteknik	noun
mikrovåg	noun
mikrovågsugn	noun
mil	noun
mila	noun
milano	name
mild	adj
milda	name
mildhet	noun
mildra	verb
mildring	noun
mildväder	noun
mildögd	adj
milis	noun
milisgrupp	noun
milisledare	noun
milisman	noun
milissoldat	noun
milisstyrka	noun
militant	adj
militarisera	verb
militariserad	adj
militarisering	noun
militarism	noun
militarist	noun
militaristisk	adj
militär	adj,noun
militärallians	noun
militäranläggning	noun
militärbas	noun
militärdiktatur	noun
militärdomstol	noun
militärflyg	noun
militärfordon	noun
militärförläggning	noun
militärhelikopter	noun
militärhistoria	noun
militärhistoriker	noun
militärhistorisk	adj
militärinsats	noun
militärjunta	noun
militärkupp	noun
militärparad	noun
militärplan	noun
militärpolis	noun
militärregering	noun
militärregim	noun
militärsakkunnig	noun
militärsjukhus	noun
militärstyrka	noun
militärt	adv
militärtjänst	noun
militärtjänstgöring	noun
militärtribunal	noun
militärövning	noun
miljard	num
miljardär	noun
miljon	num
miljonprogram	noun
miljontal	noun
miljontals	adv
miljonte	adj
miljonär	noun
miljö	noun
miljöaktivist	noun
miljöbalk	noun
miljöbil	noun
miljöbild	noun
miljöbov	noun
miljöbra	adj
miljödepartement	noun
miljödomstol	noun
miljöfarlig	adj
miljöfråga	noun
miljöförstöring	noun
miljögift	noun
miljögrupp	noun
miljöhus	noun
miljökatastrof	noun
miljökonferens	noun
miljökonsekvensbeskrivning	noun
miljökontroll	noun
miljökämpe	noun
miljömedicin	noun
miljöminister	noun
miljömässig	adj
miljöombyte	noun
miljöorganisation	noun
miljöparti	noun
miljöpartist	noun
miljöpartistisk	adj
miljöpolitiker	noun
miljöpåverkan	noun
miljörum	noun
miljörörelse	noun
miljöskada	noun
miljöstrateg	noun
miljösynpunkt	noun
miljöteknik	noun
miljöutskott	noun
miljövetenskap	noun
miljövänlig	adj
milkshake	noun
millenniebugg	noun
millennieskifte	noun
millennium	noun
milliliter	noun
millimeter	noun
milsten	noun
milstolpe	noun
milsvid	adj
milt	adv
milton	name
mim	noun
mima	verb
mimare	noun
mimik	noun
mimmi	name
mimosasallad	noun
min	noun,pron
mina	noun
minaret	noun
mindervärd	adj
mindervärdeskomplex	noun
minderårig	adj
minderårighet	noun
mindetektor	noun
mindre	adj
minera	verb
mineral	noun
mineralogi	noun
mineralolja	noun
mineralvatten	noun
minering	noun
minervauggla	noun
minfält	noun
mingel	noun
mingla	verb
miniatyr	noun
miniatyrisera	verb
miniatyrisering	noun
miniboss	noun
minigolf	noun
minigolfbana	noun
minikjol	noun
minimal	adj
minimalism	noun
minimalistisk	adj
minimap	noun
minimera	verb
minimering	noun
minimiavkastning	noun
minimibelopp	noun
minimibemanning	noun
minimikrav	noun
minimilön	noun
miniminivå	noun
minimipris	noun
minimistorlek	noun
minimistraff	noun
minimivärde	noun
minimum	noun
mininovell	noun
miniräknare	noun
minister	noun
ministerium	noun
ministerråd	noun
ministerstyre	noun
ministär	noun
mink	noun
minkfarm	noun
minkowskirum	noun
minnas	verb
minne	noun
minnesallokering	noun
minnesanteckning	noun
minnesbeta	noun
minnesbild	noun
minnesceremoni	noun
minnesdag	noun
minnesförlust	noun
minnesgod	adj
minnesgodhet	noun
minnesgåva	noun
minneskort	noun
minneslucka	noun
minnesläcka	noun
minnesmärke	noun
minnesplats	noun
minnesrik	adj
minnesruna	noun
minnessida	noun
minnesspår	noun
minnesstund	noun
minnesvärd	adj
minnesvärt	adv
minoisk	adj
minoritet	noun
minoritetsbefolkning	noun
minoritetsfolk	noun
minoritetsgrupp	noun
minoritetsledare	noun
minoritetsregering	noun
minoritetsspråk	noun
minoritetsstyre	noun
minoritetsägare	noun
minplog	noun
minröjare	noun
minröjning	noun
minröjningsfartyg	noun
minsann	adv,intj
minsk	name
minska	verb
minskning	noun
minspel	noun
minst	adv
minsvepa	verb
minsvepare	noun
minsvepning	noun
mint	noun
mintgrön	adj
minus	noun,prep
minusgrad	noun
minustecken	noun
minut	noun
minuthandel	noun
minuthandlare	noun
minutiös	adj
minutvisare	noun
mio	name
miombomes	noun
mirabell	noun
mirakel	noun
mirakulöst	adv
miriam	name
mirjam	name
misandri	noun
misandrisk	adj
misantrop	noun
misantropi	noun
misantropisk	adj
mischmasch	noun
miserabel	adj
misogyn	adj
misogyni	noun
misosoppa	noun
miss	noun
missa	verb
missakta	verb
missaktning	noun
missale	noun
missanpassad	adj
missbedöma	verb
missbedömning	noun
missbelåten	adj
missbelåtenhet	noun
missbildad	adj
missbildning	noun
missbruk	noun
missbruka	verb
missbrukare	noun
missbruksproblem	noun
missdåd	noun
missfall	noun
missfoster	noun
missförhållande	noun
missförstå	verb
missförstånd	noun
missgynna	verb
missgynnsam	adj
missgärning	noun
misshag	noun
misshaglig	adj
misshandel	noun
misshandelsoffer	noun
misshandla	verb
misshandlad	adj
misshushålla	verb
misshushållning	noun
misshällighet	noun
missil	noun
missilattack	noun
missilförsvar	noun
mission	noun
missionera	verb
missionär	noun
misskreditera	verb
misskreditering	noun
misskund	noun
missköta	verb
misskötsam	adj
misskötsamhet	noun
misskötsel	noun
misskött	adj
missljud	noun
misslyckad	adj
misslyckande	noun
misslyckas	verb
misslynt	adj
misslynthet	noun
missminna	verb
missmod	noun
missmodig	adj
missnöjd	adj
missnöjdhet	noun
missnöje	noun
missnöjesyttring	noun
misspryda	verb
missriktad	adj
missräkna	verb
missräknad	adj
missräkning	noun
missta	verb
misstag	noun
misstanke	noun
misstolka	verb
misstolkning	noun
misstro	noun,verb
misstroende	noun
misstroendeförklaring	noun
misstroendeomröstning	noun
misstroendevotum	noun
misstrogen	adj
misstrogenhet	noun
misströsta	verb
misströstan	noun
misstycka	verb
misstyda	verb
misstänka	verb
misstänkliggöra	verb
misstänksam	adj
misstänksamhet	noun
misstänksamt	adv
misstänkt	adj
missunna	verb
missunnsam	adj
missunnsamhet	noun
missuppfatta	verb
missuppfattad	adj
missuppfattning	noun
missvisande	adj
missväxt	noun
missämja	noun
missöde	noun
mist	noun
mista	verb
mistel	noun
mistlur	noun
misär	noun
mitella	noun
mitogen	adj,noun
mitokondrie	noun
mitos	noun
mitra	noun
mitt	adv,noun,pron
mittback	noun
mittbena	noun
mittcirkel	noun
mittemellan	adv,prep
mittemot	prep
mittenpolitiker	noun
mittenväljare	noun
mittersta	adj
mittfält	noun
mittfältare	noun
mittfältsspelare	noun
mittfåra	noun
mittlinje	noun
mittpunkt	noun
mitträcke	noun
mittskepp	noun
mixa	verb
mixer	noun
mixerbord	noun
mixerstav	noun
mixtra	verb
mixtur	noun
mjau	intj,noun
mjugg	noun
mjuk	adj
mjuka	verb
mjukbröd	noun
mjukdata	noun
mjukglass	noun
mjukgörande	adj
mjukhet	noun
mjukisbyxa	noun
mjukisdjur	noun
mjukmacka	noun
mjukmedel	noun
mjukna	verb
mjukost	noun
mjukpornografisk	adj
mjukporr	noun
mjukt	adv
mjukvara	noun
mjukvaruföretag	noun
mjäkig	adj
mjäkighet	noun
mjäll	adj,noun
mjällby	name
mjällhet	noun
mjällig	adj
mjällighet	noun
mjällschampo	noun
mjältbrand	noun
mjälte	noun
mjärde	noun
mjöd	noun
mjöl	noun
mjölby	name
mjölig	adj
mjölighet	noun
mjölk	noun
mjölka	verb
mjölkaktig	adj
mjölkchoklad	noun
mjölkdags	adv
mjölke	noun
mjölkglas	noun
mjölkhare	noun
mjölkig	adj
mjölkighet	noun
mjölkkanna	noun
mjölkkartong	noun
mjölkko	noun
mjölkkossa	noun
mjölkkruka	noun
mjölkkörtel	noun
mjölkning	noun
mjölkpaket	noun
mjölkpiga	noun
mjölkprodukt	noun
mjölkproduktion	noun
mjölkpulver	noun
mjölksocker	noun
mjölksyra	noun
mjölktand	noun
mjölktölk	noun
mjölkört	noun
mjölnare	noun
mjölner	name
mjölon	noun
mkt	adv
mm	phrase
mo	noun
moa	name
mobb	noun
mobba	verb
mobbad	adj
mobbare	noun
mobbning	noun
mobil	adj,noun
mobilabonnemang	noun
mobilisera	verb
mobilisering	noun
mobilnummer	noun
mobiloperatör	noun
mobilsamtal	noun
mobilspel	noun
mobiltelefon	noun
mobiltillverkare	noun
mobiltrafik	noun
mocka	noun,verb
mockasin	noun
mod	noun
modal	adj
modd	noun
moddlare	noun
mode	noun
modebloggare	noun
modebloggerska	noun
modedocka	noun
modeindustri	noun
modejournalist	noun
modell	noun
modella	verb
modellagentur	noun
modellera	noun,verb
modellering	noun
modellflyg	noun
modellflygplan	noun
modellplan	noun
modem	noun
moder	noun
moderat	adj,noun
moderator	noun
moderbolag	noun
moderera	verb
moderering	noun
moderfartyg	noun
moderförening	noun
moderföretag	noun
moderiktig	adj
moderkaka	noun
moderklubb	noun
moderkort	noun
moderlig	adj
moderlighet	noun
moderliv	noun
moderlös	adj
moderlöshet	noun
modern	adj
modernhistoriker	noun
modernisera	verb
modernisering	noun
modernism	noun
modernitet	noun
modersfigur	noun
modersgestalt	noun
moderskap	noun
moderskepp	noun
modersmjölk	noun
modersmål	noun
modevisning	noun
modfälld	adj
modfälldhet	noun
modifiera	verb
modifierbar	adj
modifiering	noun
modifikation	noun
modig	adj
modlös	adj
modlöshet	noun
modstulen	adj
modstulenhet	noun
modul	noun
mogen	adj
mogenhet	noun
mogna	verb
mognad	noun
mogul	noun
mojito	noun
mojna	verb
mol	adv,noun
mola	verb
molar	noun
moldavien	name
moldavier	noun
moldavisk	adj
moldaviska	noun
molekyl	noun
molekylär	adj
molekylärbiolog	noun
molekylärbiologi	noun
molekylärformel	noun
moll	noun
mollbergare	noun
mollusk	noun
molly	name
moln	noun
molnfri	adj
molnig	adj
molnighet	noun
molntjänst	noun
moloken	adj
moltonisångare	noun
moltyst	adj
molybden	noun
momang	noun
moment	noun
momentan	adj
momentant	adv
moms	noun
mona	name
mona-lisa	name
monaco	name
monark	noun
monarki	noun
monarkisk	adj
monarkist	noun
monarkistisk	adj
mondän	adj
mondänitet	noun
mondänt	adv
monegask	noun
monetär	adj
mongol	noun
mongoliet	name
mongolisk	adj
mongoliska	noun
mongolpipare	noun
mongolpiplärka	noun
monica	name
monika	name
monism	noun
monke	noun
monoftongera	verb
monoftongering	noun
monofyletisk	adj
monofyli	noun
monogam	adj
monogami	noun
monografi	noun
monogram	noun
monokausal	adj
monokel	noun
monolatri	noun
monolitisk	adj
monolog	noun
monoplan	noun
monopol	noun
monopolisera	verb
monopolisering	noun
monopolistisk	adj
monoteism	noun
monoteist	noun
monoton	adj
monotoni	noun
monotonitet	noun
monsignore	noun
monster	noun
monsterfilm	noun
monsterkuk	noun
monstertruck	noun
monstrositet	noun
monstruös	adj
monsun	noun
monsunregn	noun
montenegrin	noun
montenegro	name
monter	noun
montera	verb
montör	noun
monument	noun
moped	noun
mopedist	noun
mopp	noun
moppa	verb
moppe	noun
moppemustasch	noun
moppning	noun
moppskaft	noun
mops	noun
mopsa	verb
mor	noun
mora	name
morakniv	noun
moral	noun
moralfilosof	noun
moralfilosofi	noun
moralisera	verb
moraliserande	noun
moralisering	noun
moralisk	adj
moraliskt	adv
moralism	noun
moralist	noun
moralistisk	adj
moralkaka	noun
moralkärring	noun
moralpanik	noun
moraltant	noun
moratorium	noun
morbid	adj
morbiditet	noun
morbror	noun
mord	noun
mordbrand	noun
mordbrännare	noun
morddömd	adj
mordförsök	noun
mordhot	noun
mordhota	verb
mordhotad	adj
mordisk	adj
mordiskhet	noun
mordiskt	adv
mordlysten	adj
mordlystnad	noun
mordoffer	noun
mordplats	noun
mordrotel	noun
mordutredning	noun
mordvapen	noun
morfar	noun
morfarsfar	noun
morfarsmor	noun
morfem	noun
morfeus	name
morfin	noun
morfism	noun
morfologi	noun
morfologisk	adj
morförälder	noun
morgan	name
morgon	noun
morgonbön	noun
morgondag	noun
morgondopp	noun
morgongrus	noun
morgongåva	noun
morgonhumör	noun
morgonkaffe	noun
morgonkvist	noun
morgonmänniska	noun
morgonpigg	adj
morgonpromenad	noun
morgonrock	noun
morgonrodnad	noun
morgonsoffa	noun
morgonstjärna	noun
morgonstund	noun
morgonstånd	noun
morgontidning	noun
morgontrött	adj
moring	noun
morisk	adj,noun
morkulla	noun
mormon	noun
mormonism	noun
mormonsk	adj
mormor	noun
mormorsfar	noun
mormorsmor	noun
morot	noun
morotskaka	noun
morr	noun
morra	verb
morrhår	noun
morrning	noun
morse	noun
morsekod	noun
morsk	adj
morskhet	noun
mortel	noun
mortelstöt	noun
mortla	verb
morän	noun
mos	noun
mosa	verb
mosaik	noun
mosaisk	adj
mose	name
mosebok	name,noun
mosig	adj
mosighet	noun
mosippa	noun
moskovitisk	adj
moskovium	noun
moskva	name
moskvabo	noun
mosnäppa	noun
mossa	noun
mossad	name
mosse	noun
mossig	adj
moster	noun
mot	noun,prep
mota	verb
motala	name
motanfall	noun
motangrepp	noun
motanmälan	noun
motarbeta	verb
motarbetad	adj
motargument	noun
motattack	noun
motbevis	noun
motbevisa	verb
motbjudande	adj
motdemonstrant	noun
motdemonstration	noun
motdemonstrera	verb
motdrag	noun
moteld	noun
motell	noun
motett	noun
motfordran	noun
motfråga	noun
motförslag	noun
motgift	noun
motgång	noun
mothårs	adv
motig	adj
motighet	noun
motion	noun
motionera	verb
motionssimning	noun
motionär	noun
motiv	noun
motivation	noun
motivera	verb
motivering	noun
motkraft	noun
motköp	noun
motljus	noun
motlut	noun
motmedel	noun
motocross	noun
motoffensiv	noun
motor	noun
motorbensin	noun
motorbåt	noun
motorcykel	noun
motorcykelförare	noun
motorcykelhjälm	noun
motorcykelklubb	noun
motorcyklist	noun
motorfordon	noun
motorgräsklippare	noun
motorhaveri	noun
motorhuv	noun
motorik	noun
motorisk	adj
motorolja	noun
motorstopp	noun
motorsåg	noun
motorsåga	verb
motorväg	noun
motorvägssträcka	noun
motpart	noun
motpol	noun
motreaktion	noun
motreformation	noun
motrörelse	noun
motsats	noun
motsatsförhållande	noun
motsatt	adj
motskäl	noun
motsols	adv
motspelare	noun
motspänstig	adj
motspänstighet	noun
motstridig	adj
motsträvig	adj
motsträvighet	noun
motsträvigt	adv
motströms	adv
motstycke	noun
motstånd	noun
motståndare	noun
motståndarlag	noun
motståndskraft	noun
motståndskraftig	adj
motståndsman	noun
motståndsrörelse	noun
motsvara	verb
motsvarande	adj
motsvarighet	noun
motsäga	verb
motsägelse	noun
motsägelsebevis	noun
motsägelsefri	adj
motsägelsefull	adj
motsägelsefullhet	noun
motsägelsefullt	adv
motsägelselust	noun
motsägelselös	adj
motsätta	verb
motsättning	noun
mottagande	noun
mottagare	noun
mottagarland	noun
mottaglig	adj
mottaglighet	noun
mottagning	noun
mottagningsbesök	noun
mottagningsbevis	noun
mottagningskök	noun
motto	noun
moturs	adv
motverka	verb
motvikt	noun
motvilja	noun
motvillig	adj
motvillighet	noun
motvind	noun
motvärn	noun
motåtgärd	noun
mousse	noun
moussera	verb
mozartsk	adj
mozzarella	noun
mp	name
mpl	noun
msk	noun
mu	intj,noun
mucka	verb
mudder	noun
muddra	verb
muezzin	noun
muff	noun
muffins	noun
mufti	noun
mugg	noun
mugglare	noun
mugshot	noun
muhammed	name
mujka	noun
mula	noun
mulatt	noun
mule	noun
mulen	adj
mulenhet	noun
muljera	verb
muljering	noun
mull	noun
mulla	noun
mullbär	noun
mullbärsfikon	noun
mullbärsfikonträd	noun
mullbärsträd	noun
muller	noun
mullig	adj
mullra	verb
mullrik	adj
mullvad	noun
mullvadsskinn	noun
mullvadssyrsa	noun
multietnisk	adj
multikulturalism	noun
multikulturalitet	noun
multimiljardär	noun
multimiljonär	noun
multinationell	adj
multipel	adj,noun
multiplicera	verb
multiplicering	noun
multiplikation	noun
multiplikationstabell	noun
multiplikationstecken	noun
multiresistent	adj
multna	verb
mulåsna	noun
mumbojumbo	noun
mumie	noun
mumifiera	verb
mumifiering	noun
mumifikation	noun
mumintroll	noun
mumla	verb
mumma	intj,noun
mummel	noun
mums	intj
mumsa	verb
mumsbit	noun
mun	noun
mundering	noun
munfull	noun
mungböna	noun
mungiga	noun
mungipa	noun
munharpa	noun
munhuggas	verb
municip	noun
municipium	noun
munk	noun
munkavel	noun
munkavle	noun
munkjacka	noun
munknulla	verb
munkorg	noun
munkparakit	noun
munktröja	noun
munsbit	noun
munskydd	noun
munskänk	noun
munskölj	noun
munspel	noun
munstycke	noun
munsår	noun
munter	adj
munterhet	noun
muntert	adv
muntlig	adj
muntligen	adv
muntlighet	noun
muntligt	adv
muntra	verb
munvatten	noun
munvig	adj
munvighet	noun
munväder	noun
mupp	noun
mur	noun
mura	verb
murankare	noun
murare	noun
murarskjorta	noun
murbruk	noun
murbräcka	noun
mureri	noun
murgröna	noun
murken	adj
murkenhet	noun
murkla	noun
murkna	verb
murmeldjur	noun
murning	noun
murpelare	noun
murra	verb
murrig	adj
murrighet	noun
murslev	noun
muräna	noun
mus	noun
musarm	noun
musch	noun
museimässig	adj
museitåg	noun
museum	noun
musicera	verb
musik	noun
musikal	adj,noun
musikalisk	adj
musikalitet	noun
musikallåt	noun
musikant	noun
musiker	noun
musikfestival	noun
musikfrågesport	noun
musikgrupp	noun
musikhistoria	noun
musikhistorisk	adj
musikhögskola	noun
musikindustri	noun
musikinstrument	noun
musikjournalist	noun
musikkritik	noun
musikkritiker	noun
musikkår	noun
musikliv	noun
musiklärare	noun
musikpaviljong	noun
musikproducent	noun
musikrecensent	noun
musikrecension	noun
musikskola	noun
musikstycke	noun
musikterapi	noun
musikvetenskap	noun
musikälskare	noun
musiköra	noun
muskedunder	noun
muskel	noun
muskelbristning	noun
muskelbyggare	noun
muskelcell	noun
muskelknippe	noun
muskelknutte	noun
muskelkoordination	noun
muskelkraft	noun
muskelmassa	noun
muskelminne	noun
muskelryckning	noun
muskelskada	noun
muskelsträckning	noun
muskelstyrka	noun
muskelvävnad	noun
musketör	noun
musknapp	noun
muskot	noun
muskotblomma	noun
muskotnöt	noun
muskotträd	noun
muskulatur	noun
muskulär	adj
muskulös	adj
musköt	noun
muslim	noun
muslimsk	adj
musmatta	noun
muspekare	noun
musseron	noun
mussla	noun
must	noun
mustach	noun
mustasch	noun
mustaschprydd	adj
musteri	noun
mustig	adj
mustighet	noun
muta	noun,verb
mutagen	adj,noun
mutant	noun
mutation	noun
mutbar	adj
mutbarhet	noun
mutbrott	noun
mutera	verb
mutförsök	noun
mutism	noun
mutning	noun
mutskandal	noun
mutter	noun
muttra	verb
mv	noun
mvd	noun
mvh	phrase
mx	noun
my	name,noun
myanmar	name
myanmarier	noun
myckenhet	noun
mycket	adv
mycoplasma	noun
mygg	noun
mygga	noun
myggbett	noun
myggfönster	noun
mygglarv	noun
myggmedel	noun
myggnät	noun
myggsnappare	noun
myggsommar	noun
myggspiral	noun
myggspole	noun
myggspray	noun
myggstift	noun
mygla	verb
mykolog	noun
mykologi	noun
mykologisk	adj
myling	noun
mylla	noun
myller	noun
myllra	verb
myndig	adj
myndighet	noun
myndighetsbeslut	noun
myndighetschef	noun
myndighetsmissbruk	noun
myndighetsutövning	noun
mynna	verb
mynning	noun
mynningsflamma	noun
mynningsladdare	noun
mynt	noun
mynta	noun,verb
myntenhet	noun
myntinkast	noun
myntsamlare	noun
myntsamling	noun
myon	noun
myr	noun
myra	noun
myrdal	name
myresjö	name
myriad	noun
myrlejon	noun
myrlejonslända	noun
myrmark	noun
myrpiggsvin	noun
myrra	noun
myrslok	noun
myrsnäppa	noun
myrspov	noun
myrstack	noun
myrsyra	noun
myrten	noun
mys	noun
mysa	verb
mysfredag	noun
mysig	adj
mysighet	noun
mysk	noun
myskhjort	noun
myskmadra	noun
myskoxe	noun
mysmullig	adj
mysoverall	noun
mysterium	noun
mysteriös	adj
mysticism	noun
mystifiera	verb
mystifiering	noun
mystifikation	noun
mystik	noun
mystiker	noun
mystisk	adj
mystiskt	adv
myt	noun
mytbildning	noun
myteri	noun
myteriförsök	noun
myterist	noun
mytisk	adj
mytiskt	adv
mytkrossare	noun
mytologi	noun
mytologisera	verb
mytologisering	noun
mytologisk	adj
mytoman	noun
mytomani	noun
mytomspunnen	adj
mä	intj
mäkla	verb
mäklare	noun
mäklarfirma	noun
mäkta	verb
mäktig	adj
mäktighet	noun
mälaren	name
mäld	noun
mälta	verb
mänga	verb
mängd	noun
mängdbrott	noun
mängdlära	noun
mängdrabatt	noun
människa	noun
människoapa	noun
människobarn	noun
människoblivande	noun
människobliven	adj
människoblod	noun
människoform	noun
människohamn	noun
människohandel	noun
människohandlare	noun
människohjärta	noun
människohuvud	noun
människokött	noun
människonatur	noun
människooffer	noun
människorov	noun
människorätt	noun
människorättsadvokat	noun
människorättsaktivist	noun
människorättsbrott	noun
människorättsgrupp	noun
människorättskommissarie	noun
människorättskränkning	noun
människorättskämpe	noun
människorättsorganisation	noun
människosmugglare	noun
människosmuggling	noun
människoson	noun
människosonen	noun
människosonens	noun
människosyn	noun
människovän	noun
människovänlig	adj
människovärde	noun
människoätare	noun
mänsklig	adj
mänsklighet	noun
märg	noun
märgben	noun
märgfull	adj
märgfullhet	noun
märgfylld	adj
märglös	adj
märglöshet	noun
märgpipa	noun
märit	name
märka	verb
märkbar	adj
märke	noun
märkesman	noun
märkestrogen	adj
märkesår	noun
märklig	adj
märklighet	noun
märkning	noun
märkt	adj
märkvärdig	adj
märkvärdighet	noun
märla	noun
märlkräfta	noun
märr	noun
märsta	name
märta	name
mäsk	noun
mäska	verb
mässa	noun,verb
mässbok	noun
mässing	noun
mässingskran	noun
mässling	noun
mästare	noun
mästarinna	noun
mäster	noun
mästerlig	adj
mästerskap	noun
mästerskapsmedalj	noun
mästersångare	noun
mästerverk	noun
mästra	verb
mäta	verb
mätare	noun
mätarlarv	noun
mätbar	adj
mätbarhet	noun
mätbart	adv
mätdon	noun
mätfel	noun
mätning	noun
mätperiod	noun
mätstation	noun
mätt	adj
mätta	verb
mättad	adj
mättande	adj
mätthet	noun
mättnad	noun
mättning	noun
må	verb
måbrafilm	noun
måfå	noun
måg	noun
mål	noun
måla	verb
målad	adj
målande	adj
målare	noun
målarfärg	noun
målarkonst	noun
målarpensel	noun
målaskog	name
målbrott	noun
målbur	noun
måleri	noun
målfarlig	adj
målfattig	adj
målfunktion	noun
målgrupp	noun
målgörare	noun
målinriktad	adj
mållinje	noun
mållös	adj
mållöshet	noun
målmedveten	adj
målmedvetenhet	noun
målmängd	noun
målning	noun
målnummer	noun
målområde	noun
målram	noun
målrik	adj
målskillnad	noun
målskytt	noun
målsman	noun
målsnitt	noun
målsnål	adj
målsnöre	noun
målspruta	noun
målstolpe	noun
målsägande	noun
målsägandebiträde	noun
målsägarbiträde	noun
målsägare	noun
målsättning	noun
målsökande	adj
måltavla	noun
måltid	noun
målvakt	noun
mån	adj,noun
måna	verb
månad	noun
månadsinkomst	noun
månadskostnad	noun
månadslön	noun
månadspeng	noun
månadsskifte	noun
månadstidning	noun
månadsvis	adj,adv
månatlig	adj
månatligen	adv
månbassäng	noun
månbelyst	adj
måncykel	noun
måndag	noun
måndagskväll	noun
månde	verb
måne	noun
månförmörkelse	noun
många	pron
mångata	noun
mångdubbla	verb
mångdubbling	noun
mången	pron
mångenstädes	adv
månget	pron
mångetnisk	adj
mångfacetterad	adj
mångfald	noun
mångfaldig	adj
mångfaldiga	verb
mångfasetterad	adj
mångfoting	noun
månggifte	noun
månggudadyrkan	noun
månggudadyrkande	adj
månggudadyrkans	noun
månggudadyrkare	noun
månghövdad	adj
mångkultur	noun
mångkulturalism	noun
mångkulturalitet	noun
mångkulturell	adj
mångkunnig	adj
månglare	noun
mångmiljardär	noun
mångmiljonstad	noun
mångmiljonär	noun
mångnationell	adj
mångordig	adj
mångordighet	noun
mångsidig	adj
mångsidighet	noun
mångsysslare	noun
mångtydig	adj
mångtydighet	noun
mångubbe	noun
mångudinna	noun
mångårig	adj
månlandare	noun
månlandning	noun
månlandskap	noun
månljus	adj,noun
månne	adv
månnedgång	noun
månntro	adv
måns	name
månsa	verb
månsing	noun
månsken	noun
månskära	noun
månsson	name
måntro	adv
månuppgång	noun
måra	noun
mård	noun
mårddjur	noun
mårka	noun
mårten	name
mårtensgås	noun
mårtensson	name
mås	noun
måste	verb
måstematch	noun
måsvinge	noun
måsvingedörr	noun
mått	noun
måtta	noun,verb
måttband	noun
måttbestämd	adj
måttfull	adj
måttfullhet	noun
måttlig	adj
måttlighet	noun
måttlös	adj
måttlöshet	noun
måttstock	noun
måttsystem	noun
möbel	noun
möblemang	noun
möblera	verb
möblerbar	adj
möblering	noun
möda	noun
mödolös	adj
mödom	noun
mödomshinna	noun
mödosam	adj
mödosamhet	noun
mödradödlighet	noun
mögel	noun
mögelgift	noun
mögelost	noun
mögla	verb
möglig	adj
möglighet	noun
möhippa	noun
möjlig	adj
möjligen	adv
möjliggöra	verb
möjlighet	noun
möjligtvis	adv
mölla	noun
mölndal	name
mönja	noun,verb
mönster	noun
mönstergill	adj
mönstergillt	adv
mönsterigenkänning	noun
mönsterkort	noun
mönstermedborgare	noun
mönstersamhälle	noun
mönstra	verb
mönstring	noun
möp	noun
mör	adj
möra	verb
mörbulta	verb
mörda	verb
mördare	noun
mördarsnigel	noun
mördeg	noun
mördegskaka	noun
mörderska	noun
mörhet	noun
mörja	noun
mörk	adj
mörka	verb
mörkblå	adj
mörker	noun
mörkerman	noun
mörkertal	noun
mörkgrön	adj
mörkgul	adj
mörkhyad	adj
mörkhårig	adj
mörklila	adj
mörklägga	verb
mörkläggning	noun
mörkman	noun
mörkna	verb
mörkning	noun
mörkrum	noun
mörkrumslampa	noun
mörkrädd	adj
mörkräddhet	noun
mörkröd	adj
mörksugga	noun
mörkögd	adj
mörsare	noun
mörsarskott	noun
mörskom	name
mört	noun
mössa	noun
möta	verb
mötas	verb
möte	noun
mötesdeltagare	noun
mötesfrihet	noun
möteslokal	noun
mötesordförande	noun
mötesplats	noun
mötesprotokoll	noun
n	character
n-ord	noun
nacka	name,verb
nackdel	noun
nacke	noun
nackhår	noun
nacklob	noun
nackskinn	noun
nackskott	noun
nackspärr	noun
nackstöd	noun
nadja	name
nafs	noun
nafsa	verb
nafsning	noun
naftalin	noun
nagel	noun
nagelbitare	noun
nagelborste	noun
nagelfara	verb
nagelfaring	noun
nagelfil	noun
nagelklippare	noun
nagellack	noun
nagellackborttagningsmedel	noun
nagellacksborttagning	noun
nagelsvamp	noun
nageltrång	noun
nagga	verb
nah	name
nahuatl	noun
nahum	name
naima	name
naimi	name
nairobi	name
naiv	adj
naivitet	noun
najad	noun
naken	adj
nakenbad	noun
nakenbadare	noun
nakenbild	noun
nakenfis	noun
nakenfotografering	noun
nakenfröig	adj
nakenhet	noun
nakenråtta	noun
nalkas	verb
nalle	noun
nallebjörn	noun
namibia	name
namibier	noun
namibiska	noun
namn	noun
namnbricka	noun
namne	noun
namnförbistring	noun
namnge	verb
namngiven	adj
namngivning	noun
namninsamling	noun
namnkristen	adj
namnkunnig	adj
namnkunnighet	noun
namnlapp	noun
namnlista	noun
namnlös	adj
namnsdag	noun
namnskylt	noun
namnteckning	noun
namnunderskrift	noun
namnändring	noun
nangijala	name
nanna	name
nanny	name
nanometer	noun
nanosekund	noun
nanoteknik	noun
nanotekniker	noun
napalm	noun
napoleonbakelse	noun
napolitansk	adj
napp	noun
nappa	noun,verb
nappatag	noun
nappflaska	noun
naprapat	noun
naprapati	noun
narcissism	noun
narcissist	noun
narcissistisk	adj
narcissistiskt	adv
narkolepsi	noun
narkoman	noun
narkos	noun
narkosläkare	noun
narkossköterska	noun
narkotika	noun
narkotikabeslag	noun
narkotikabrott	noun
narkotikahandel	noun
narkotikahandlare	noun
narkotikakartell	noun
narkotikaklassad	adj
narkotikakung	noun
narkotikamissbruk	noun
narkotikapreparat	noun
narkotikarazzia	noun
narkotikasmugglare	noun
narkotikasmuggling	noun
narkotikum	noun
narkotisk	adj
narr	noun
narra	verb
narraktig	adj
narraktighet	noun
narrativ	adj,noun
narrativt	adv
narrkåpa	noun
narrmössa	noun
narrspegel	noun
narval	noun
nasa	verb
nasal	adj,noun
nasalera	verb
nasalering	noun
nasare	noun
nasaret	name
nasir	noun
nassel	noun
natalia	name
natalie	name
natanael	name
nathalie	name
nation	noun
nationalbibliotek	noun
nationaldag	noun
nationalekonom	noun
nationalekonomi	noun
nationalepos	noun
nationalförening	noun
nationalförmögenhet	noun
nationalförsamling	noun
nationalgarde	noun
nationalinkomst	noun
nationalisera	verb
nationalism	noun
nationalist	noun
nationalistisk	adj
nationalistiskt	adv
nationalitet	noun
nationalklenod	noun
nationalmuseum	noun
nationalpark	noun
nationalskald	noun
nationalsocialism	noun
nationalsocialist	noun
nationalsocialistisk	adj
nationalstadspark	noun
nationalstat	noun
nationalsymbol	noun
nationalsång	noun
nationell	adj
nationsflagga	noun
nationsgräns	noun
nativitet	noun
nato	name
natrium	noun
natriumbenzoat	noun
natriumcitrat	noun
natriumcyklamat	noun
natriumditionit	noun
natriumhydroxid	noun
natriumklorid	noun
natriumvätefluorid	noun
natt	noun
natta	verb
nattaktiv	adj
nattarbetare	noun
nattarbete	noun
nattblacka	noun
nattblindhet	noun
nattduksbord	noun
nattetid	adv
nattfjäril	noun
nattfly	noun
nattgäst	noun
natthäger	noun
natthärbärge	noun
nattklubb	noun
nattkräm	noun
nattkärl	noun
nattlig	adj
nattligen	adv
nattlinne	noun
nattliv	noun
nattmangling	noun
nattmörker	noun
nattmössa	noun
nattning	noun
nattportier	noun
nattredaktör	noun
nattskift	noun
nattskjorta	noun
nattskärra	noun
nattsmyg	noun
nattstånden	adj
nattsudd	noun
nattsvart	adj
nattuggla	noun
nattvard	noun
nattviol	noun
nattväktarstat	noun
nattygsbord	noun
nattyxne	noun
nattåg	noun
natur	noun
natura	noun
naturaförmån	noun
naturalisation	noun
naturalisera	verb
naturalisering	noun
naturbarn	noun
naturbegåvning	noun
naturbehov	noun
naturbruk	noun
naturbruksgymnasium	noun
naturbruksprogrammet	noun
naturell	adj
naturfenomen	noun
naturfolk	noun
naturforskare	noun
naturgas	noun
naturgiven	adj
naturhamn	noun
naturhistoria	noun
naturhistorisk	adj
naturism	noun
naturkatastrof	noun
naturlag	noun
naturlandskap	noun
naturlig	adj
naturligen	adv
naturlighet	noun
naturligtvis	adv
naturmystik	noun
naturmystiker	noun
naturresurs	noun
naturrätt	noun
naturskog	noun
naturskydd	noun
naturskön	adj
naturskönhet	noun
natursnö	noun
naturtillgång	noun
naturtillstånd	noun
naturtrogen	adj
naturvetare	noun
naturvetenskap	noun
naturvetenskaplig	adj
naturvetenskapsman	noun
naturvetenskapsprogrammet	noun
naturvidrig	adj
naturvidrigt	adv
naturvård	noun
naturälskare	noun
nauru	name
nautisk	adj
nav	noun
navel	noun
navelludd	noun
navelskådare	noun
navelskådning	noun
navelsträng	noun
naverlönn	noun
navigabel	adj
navigation	noun
navigationssystem	noun
navigatör	noun
navigera	verb
navigerbar	adj
navkapsel	noun
nazifientlig	adj
naziregim	noun
nazism	noun
nazist	noun
nazistisk	adj
nazistregim	noun
nazityskland	name
nbög	noun
neandertalare	noun
neandertalmänniska	noun
neapel	name
nebukadnessar	name
nebulosa	noun
necessär	noun
ned	adv
nedan	adv,noun
nedanför	prep
nedannämnd	adj
nedanstående	adj
nedblodad	adj
nedbrytare	noun
nedbrytbar	adj
nedbrytning	noun
nederbörd	noun
nederbördsmätare	noun
nederdel	noun
nederlag	noun
nederlagstippad	adj
nederländare	noun
nederländerna	name
nederländsk	adj
nederländska	noun
nedfall	noun
nedfallen	adj
nedfirning	noun
nedför	adv,prep
nedförsbacke	noun
nedgradera	verb
nedgradering	noun
nedgrisad	adj
nedgrävd	adj
nedgrävning	noun
nedgång	noun
nedgången	adj
nedifrån	adv,prep
nedkladdad	adj
nedkomst	noun
nedkvark	noun
nedkylning	noun
nedkämpa	verb
nedkämpad	adj
nedköp	noun
nedladdare	noun
nedladdning	noun
nedlagd	adj
nedläggning	noun
nedlåta	verb
nedlåtenhet	noun
nedmontera	verb
nedmontering	noun
nedprioritera	verb
nedprioriterad	adj
nedprioriterande	adj
nedprioriteras	verb
nedrans	adj,adv,intj
nedre	adj
nedrig	adj
nedrusta	verb
nedrustning	noun
nedrustningsförhandling	noun
nedrustningskonferens	noun
nedräkning	noun
nedsabling	noun
nedskjuten	adj
nedskrivning	noun
nedskräpning	noun
nedskärning	noun
nedslag	noun
nedslagen	adj
nedslagenhet	noun
nedslagsplats	noun
nedslå	verb
nedslående	adj
nedsmutsning	noun
nedströms	adv,prep
nedstämd	adj
nedstämdhet	noun
nedsupen	adj
nedsänka	verb
nedsänkning	noun
nedsänkt	adj
nedsätta	verb
nedsättande	adj
nedsättning	noun
nedteckna	verb
nedtrappning	noun
nedtryckt	adj
nedtystning	noun
nedvikt	adj
nedvärdera	verb
nedåt	adv
nedåtgående	adj
negativ	noun
negativitet	noun
negera	verb
negerläpp	noun
negervän	noun
negligera	verb
negligering	noun
negroni	noun
neh	name
nehemja	name
nej	adv,noun
nejd	noun
nejlika	noun
nejonöga	noun
nek	noun
neka	verb
nekande	adj,noun
nekar	noun
nekrofil	adj,noun
nekrofili	noun
nekrokrati	noun
nekrolog	noun
nekromant	noun
nekromanti	noun
nektar	noun
nektarfylld	adj
nektarin	noun
nellie	name
nelly	name
neo	name
neodym	noun
neofascism	noun
neofascist	noun
neofascistisk	adj
neoimperialism	noun
neokonservativ	adj
neolitisk	adj
neologi	noun
neon	noun
neonatal	adj
neongrön	adj
neonlampa	noun
neonljus	noun
neonrör	noun
neonskylt	noun
neopenis	noun
neoteni	noun
neotenisk	adj
neovagina	noun
neovaginal	adj
nepal	name
nepales	noun
nepalesisk	adj
nepalesiska	noun
nepotism	noun
neptunium	noun
neptunus	name
nerblodad	adj
nerbrytbar	adj
nere	adv
nergrisad	adj
nergrävd	adj
nerkladdad	adj
nerkvark	noun
nerkämpa	verb
nerkämpad	adj
nerladdning	noun
nerskjuten	adj
nerskärning	noun
nerslagsplats	noun
nersmutsning	noun
nersupen	adj
nertid	noun
nerv	noun
nervcell	noun
nervgas	noun
nervgift	noun
nervig	adj
nervkittlande	adj
nervklenhet	noun
nervknippe	noun
nervkollaps	noun
nervkrig	noun
nervositet	noun
nervryckning	noun
nervsammanbrott	noun
nervskada	noun
nervskakning	noun
nervsystem	noun
nervvrak	noun
nerväxt	noun
nervös	adj
neråt	adv
neråtgående	adj
neslig	adj
nettan	name
nettoavkastning	noun
nettobelopp	noun
nettoförmögenhet	noun
nettoinkomst	noun
nettointäkt	noun
nettokostnad	noun
nettonuvärde	noun
nettoomsättning	noun
nettoskuld	noun
nettovikt	noun
nettoökning	noun
nettoöverskott	noun
neurobiologi	noun
neurointensivvårdsavdelning	noun
neurokirurg	noun
neurokirurgi	noun
neurokirurgisk	adj
neurolog	noun
neurologi	noun
neurologisk	adj
neuron	noun
neuronnät	noun
neuropsykiatri	noun
neuropsykiatrisk	adj
neurotiker	noun
neurotisering	noun
neurotisk	adj
neurotoxikolog	noun
neurotoxikologi	noun
neurotoxikologisk	adj
neurotypisk	adj
neurovetenskap	noun
neutral	adj
neutralisera	verb
neutralisering	noun
neutralitet	noun
neutralitetspolitik	noun
neutron	noun
neutronbomb	noun
neutronstjärna	noun
neutrum	noun
nevö	noun
newfoundlandshund	noun
newfoundländare	noun
ngn	pron
ngt	adv,pron
ni	pron
nia	noun,verb
nicaragua	name
nicensk	adj
nicensk-konstantinopolitansk	adj
nick	noun
nicka	verb
nicke	name
nickedocka	noun
nickel	noun
nicklas	name
nickmål	noun
niclas	name
nicole	name
nid	noun
nidbild	noun
niding	noun
nidvisa	noun
niece	noun
niellera	verb
nietzschean	noun
nietzscheansk	adj
niga	verb
niger	name
nigerer	noun
nigeria	name
nigerian	noun
nigeriansk	adj
nigerier	noun
nigerisk	adj
nigeriska	noun
nigiri	noun
nigning	noun
nihilism	noun
nihilist	noun
nihilistisk	adj
nihonium	noun
niklas	name
nikolaus	name
nikotin	noun
nikotinism	noun
nikotinist	noun
nilas	name
nilen	name
nilgäss	noun
nilgås	noun
nilkrokodil	noun
nilla	name
nils	name
nilsson	name
nim	adj
nina	name
ninja	noun
ninjafeminism	noun
ninjafeminist	noun
ninjutsu	noun
ninni	name
nintendo	name,noun
nio	num
niob	noun
niohundra	num
niohundratal	noun
nionde	num
niondel	noun
niosvansad	adj
niotiden	noun
nioårig	adj
nioåring	noun
nippertippa	noun
nippofil	noun
niqab	noun
nisch	noun
nischbank	noun
nischföretag	noun
nisse	name,noun
nit	noun
nita	verb
nitförband	noun
nitisk	adj
nitiskhet	noun
nitlott	noun
nitrat	noun
nitrit	noun
nitrocellulosa	noun
nitroglycerin	noun
nittio	num
nittioen	num
nittioett	num
nittiofem	num
nittiofyra	num
nittionde	adj
nittiondedel	noun
nittiondel	noun
nittionio	num
nittiosex	num
nittiosju	num
nittiotal	noun
nittiotre	num
nittiotvå	num
nittioårig	adj
nittioåring	noun
nittioåtta	num
nitton	num
nittonde	num
nittondedel	noun
nittondel	noun
nittonhundratal	noun
nittonårig	adj
nittonåring	noun
nitälskan	noun
niue	name
niuer	noun
niuisk	adj
niva	noun
nivellera	verb
nivellering	noun
nivå	noun
nivåboss	noun
nja	intj
njalla	noun
njugg	adj
njugghet	noun
njurbäcken	noun
njurbäckeninflammation	noun
njure	noun
njurskada	noun
njursten	noun
njursvikt	noun
njurtalg	noun
njuta	verb
njutare	noun
njutbar	adj
njutbarhet	noun
njutning	noun
njutningsfull	adj
njutningsfylld	adj
njutningsrik	adj
nm	noun
nn	noun
no	noun
no-go-zon	noun
noa	name
noah	name
noaord	noun
nobben	noun
nobel	adj,name
nobelium	noun
nobelius	name
nobelpris	noun
nobelpristagare	noun
nock	noun
nockhöjd	noun
nockpanna	noun
noel	name
nog	adv
noga	adj,adv
noggran	adj
noggrann	adj
noggrannhet	noun
nogran	adj
nogrann	adj
nogräknad	adj
nogsam	adj
nogsamhet	noun
nogsamt	adv
nojs	noun
nojsa	verb
noll	num
nolla	noun,verb
nollalternativ	noun
nolledare	noun
nollgrad	noun
nollhundratal	noun
nollkupongare	noun
nollmeridian	noun
nollning	noun
nollnolltal	noun
nollplural	noun
nollpunkt	noun
nollställa	verb
nollställd	adj
nollställe	noun
nollställning	noun
nollsummespel	noun
nollte	num
nolltillväxt	noun
nolltolerans	noun
nollvision	noun
nomad	noun
nomadfolk	noun
nomadisera	verb
nomadisering	noun
nomadisk	adj
nomadstam	noun
nomenklatur	noun
nomenklatura	noun
nominalism	noun
nominalist	noun
nominalistisk	adj
nominallön	noun
nominativ	noun
nominera	verb
nominering	noun
non	noun
nona	noun
nonan	noun
nonchalans	noun
nonchalant	adj
nonchalera	verb
nonfigurativ	adj
noniljon	num
nonkonformistisk	adj
nonsens	noun
noomi	name
noppa	noun,verb
noppig	adj
nopprig	adj
nor	noun
nora	name
norberg	name
nord	adv,noun
nordafrika	name
nordafrikan	noun
nordafrikansk	adj
nordafrikanska	noun
nordamerika	name
nordamerikan	noun
nordamerikansk	adj
nordamerikanska	noun
nordanvind	noun
nordbo	noun
nordcypern	name
norden	name
nordeuropeisk	adj
nordeuropeiska	noun
nordhavsräka	noun
nordin	name
nordirland	name
nordirländare	noun
nordisk	adj
nordiskhet	noun
nordkorea	name
nordkorean	noun
nordkoreansk	adj
nordkoreanska	noun
nordkust	noun
nordlig	adj
nordmakedonien	name
nordmakedonier	noun
nordman	noun
nordmarianerna	name
nordnordost	adv
nordnordostlig	adj
nordnordväst	adv
nordnordvästlig	adj
nordnordöst	adv
nordnordöstlig	adj
nordost	adv,noun
nordostlig	adj
nordpol	noun
nordquist	name
nordqvist	name
nordsamiska	noun
nordsjön	name
nordstaden	name
nordstat	noun
nordström	name
nordsångare	noun
nordväst	adv,noun
nordvästlig	adj
nordvästra	adj
nordön	name
nordöst	adv,noun
nordöstlig	adj
nordöstra	adj
noret	name
norfolkön	name
norge	name
nori	noun
norm	noun
normal	adj,noun
normalfall	noun
normalfördelning	noun
normalgrad	noun
normalinkomsttagare	noun
normalisera	verb
normalisering	noun
normalitet	noun
normalt	adv
normaltillstånd	noun
normand	noun
normandie	name
normandisk	adj
normativ	adj
normbrytande	adj
normera	verb
normering	noun
norna	noun
norr	adv,noun
norra	adj
norrbotten	name
norrköping	name
norrland	name
norrlandskörd	adj
norrländsk	adj
norrländska	noun
norrlänning	noun
norrmalm	name
norrmalmstorgssyndrom	noun
norrman	noun
norrsken	noun
norrtälje	name
norrut	adv
norrön	adj
norröver	adv
nors	noun
norsborg	name
norsk	adj,noun
norska	noun
norskhet	noun
norskspråkig	adj
norsktalande	adj
nos	noun
nosa	verb
nosgrimma	noun
noshörning	noun
noskon	noun
nosspegel	noun
nostalgi	noun
nostalgisk	adj
nostalgivåg	noun
not	noun
nota	noun
notabel	adj
notabilitet	noun
notebook	noun
notera	verb
notificera	verb
notifikation	noun
notis	noun
notorisk	adj
notoriskt	adv
notställ	noun
nottecken	noun
nougat	noun
nova	name
novell	noun
november	noun
novemberdimma	noun
novembermörker	noun
novgorod	name
novgorodsk	adj
novis	noun
novitie	noun
npc	name,noun
npf	noun
nr	noun
nt	adv,name
nu	adv,noun
nubb	noun
nubbe	noun
nubbeglas	noun
nubbevisa	noun
nudda	verb
nudel	noun
nudging	noun
nudism	noun
nudist	noun
nudistläger	noun
nugget	noun
nukleinsyra	noun
nukleon	noun
nukleär	adj
nuklid	noun
nullitet	noun
nullpekare	noun
nuläge	noun
numera	adv
numeri	name
numerisk	adj
numeriskt	adv
numerus	noun
numerär	adj,noun
numerärt	adv
numinös	adj
nummer	noun
nummerföljd	noun
nummerkonto	noun
nummerordning	noun
nummerplåt	noun
nummerskiva	noun
numrera	verb
numrering	noun
nunatak	noun
nunna	noun
nunnestenskvätta	noun
nunneört	noun
nusvenska	noun
nutid	noun
nutida	adj
nutidshistoria	noun
nuvarande	adj
nuvärde	noun
nv	noun
ny	adj
nyanländ	adj
nyans	noun
nyansera	verb
nyansering	noun
nyanställa	verb
nybakad	adj
nyberg	name
nybilda	verb
nybildad	adj
nybliven	adj
nybyggare	noun
nybyggnation	noun
nybäddad	adj
nybög	noun
nybörjare	noun
nybörjarfel	noun
nybörjarstadium	noun
nyck	noun
nyckel	noun
nyckelbarn	noun
nyckelben	noun
nyckelbricka	noun
nyckelfråga	noun
nyckelfärdig	adj
nyckelharpa	noun
nyckelhål	noun
nyckelknippa	noun
nyckelkort	noun
nyckelmatch	noun
nyckelord	noun
nyckelperson	noun
nyckelpiga	noun
nyckelring	noun
nyckelroll	noun
nyckelroman	noun
nyckelskåp	noun
nyckelspelare	noun
nyckeltal	noun
nyckelvittne	noun
nyckfull	adj
nyckfullhet	noun
nyckfullt	adv
nycklen	noun
nydana	verb
nydanande	adj
nyemission	noun
nyexaminerad	adj
nyfascism	noun
nyfascist	noun
nyfascistisk	adj
nyfiken	adj
nyfikenhet	noun
nyfunnen	adj
nyfödd	adj
nyförvärv	noun
nygammal	adj
nygotisk	adj
nygrekisk	adj
nyhebreiska	noun
nyhet	noun
nyhetsankare	noun
nyhetsbyrå	noun
nyhetsflöde	noun
nyhetsgrupp	noun
nyhetsjournalistik	noun
nyhetskanal	noun
nyhetskälla	noun
nyhetsmässig	adj
nyhetsredaktion	noun
nyhetsreporter	noun
nyhetssajt	noun
nyhetsuppgift	noun
nyhetsuppläsare	noun
nyholm	name
nyinflyttad	adj
nying	noun
nykomling	noun
nykter	adj
nykterhet	noun
nykterhetsrörelse	noun
nykterism	noun
nykterist	noun
nyktra	verb
nyköping	name
nyland	name
nyliberal	adj,noun
nyliberalism	noun
nyliberalt	adv
nylig	adj
nyligen	adv
nylinje	noun
nylon	noun
nylonstrumpa	noun
nylund	name
nymald	adj
nymalen	adj
nyman	name
nymarxism	noun
nymejad	adj
nymf	noun
nymfoman	adj,noun
nymfomani	noun
nymålad	adj
nymåne	noun
nynazism	noun
nynazist	noun
nynazistisk	adj
nynna	verb
nynorska	noun
nynäshamn	name
nyord	noun
nyp	noun
nypa	noun,verb
nyplatoniker	noun
nyplatonism	noun
nyplatonsk	adj
nypning	noun
nypon	noun
nyponsoppa	noun
nypotatis	noun
nypsax	noun
nyrik	adj
nyromantik	noun
nyromantiker	noun
nyromantisk	adj
nysa	verb
nysilver	noun
nyskapande	adj
nyslott	name
nysning	noun
nysnö	noun
nyspråk	noun
nyspråklig	adj
nysrötter	noun
nyss	adv
nyssnazist	noun
nyssnazistisk	adj
nyssnämnd	adj
nysta	verb
nystan	noun
nyström	name
nysvenska	noun
nytestamentlig	adj
nytt	adv
nytta	noun
nyttig	adj
nyttiggöra	verb
nyttighet	noun
nyttja	verb
nyttjanderätt	noun
nyttofordon	noun
nytändning	noun
nytänkande	noun
nyval	noun
nyvald	adj
nyzeeländare	noun
nyzeeländsk	adj
nyzeeländska	noun
nyår	noun
nyårsafton	noun
nyårsdag	noun
nyårsfirande	adj,noun
nyårsfyrverkeri	noun
nyårslöfte	noun
näbb	noun
näbbdjur	noun
näbbgädda	noun
näbbighet	noun
näck	adj,noun
näcken	name
näckros	noun
näckrosblad	noun
näder	noun
nädra	noun
näktergal	noun
nämen	intj
nämligen	adv
nämna	verb
nämnare	noun
nämnbar	adj
nämnd	adj,noun
nämndeman	noun
nämnvärd	adj
nämnvärt	adv
nännas	verb
näpen	adj
näppe	noun
näppeligen	adv
näpsa	verb
näpst	noun
när	adv
nära	adj,verb
näradödenupplevelse	noun
närbelägen	adj
närbesläktad	adj
närbild	noun
närbutik	noun
närgången	adj
närhelst	conj
närhet	noun
näring	noun
näringsdepartement	noun
näringsfattig	adj
näringsfrihet	noun
näringsförbud	noun
näringsidkare	noun
näringsliv	noun
näringslivsfrämjande	adj
näringsminister	noun
näringsrik	adj
näringsriktig	adj
näringsutskott	noun
näringsverksamhet	noun
näringsämne	noun
närkamp	noun
närke	name
närkontakt	noun
närliggande	adj
närma	verb
närmande	noun
närmare	adv
närmast	adv
närmevärde	noun
närmiljö	noun
närminne	noun
närodlad	adj
närområde	noun
närpesiska	noun
närstrid	noun
närstridsvapen	noun
närstående	adj,noun
närsynt	adj
närsynthet	noun
närtid	noun
närtrafik	noun
närtåg	noun
närvapen	noun
närvara	verb
närvarande	adj
närvaro	noun
närvarokontroll	noun
närvarolista	noun
näs	noun
näsa	noun
näsblod	noun
näsborre	noun
näsbränna	noun
näsduk	noun
näslös	adj
nässelfeber	noun
nässelsoppa	noun
nässla	noun
nässprej	noun
näst	adv,noun
nästa	adj,noun,verb
nästan	adv
näste	noun
nästföljande	adj
nästintill	adv
nästipp	noun
nästkommande	adj
nästkusin	noun
nästla	verb
nästnästa	adj
nästäppa	noun
näsvinge	noun
näsvis	adj
näsvishet	noun
nät	noun
nätaggregat	noun
nätauktion	noun
nätbaserad	adj
nätbedrägeri	noun
nätbrynja	noun
nätbutik	noun
nätdel	noun
nätfiske	noun
näthat	noun
näthatare	noun
näthinna	noun
nätmage	noun
nätmelon	noun
nätmobbning	noun
nätmäklare	noun
nätsurfning	noun
nätt	adj,adv
nätthet	noun
nätverk	noun
nätverka	verb
nätverkskabel	noun
nätverksprocessor	noun
nätverkstekniker	noun
nätvinge	noun
näver	noun
näverlur	noun
nävrätt	noun
nå	intj,verb
nåbar	adj
nåd	noun
nådaskott	noun
nådastöt	noun
nådd	adj
nåde	verb
nådegåva	noun
nådig	adj
någon	det,pron
någonsin	adv
någonstans	adv
någonstansare	noun
någonting	adv
någorlunda	adj,adv
något	adv,pron
någotsånär	adv
några	pron
nåja	intj
nåjd	noun
nåjde	name
nål	noun
nåldyna	noun
nålginst	noun
nålsöga	noun
nåt	noun
nåväl	intj
nöd	noun
nödbelysning	noun
nödbostad	noun
nödbroms	noun
nödbromssystem	noun
nöddop	noun
nödfall	noun
nödfallsutväg	noun
nödga	verb
nödgas	verb
nödhjälp	noun
nödig	adj
nödlanda	verb
nödlandning	noun
nödläge	noun
nödlögn	noun
nödnummer	noun
nödraket	noun
nödrim	noun
nödrop	noun
nödsakad	adj
nödsamtal	noun
nödsituation	noun
nödställd	adj
nödställdhet	noun
nödsändare	noun
nödtorft	noun
nödtorftig	adj
nödtorftigt	adv
nödtvungen	adj
nödtvång	noun
nödutgång	noun
nödvändig	adj
nödvändighet	noun
nödvändigtvis	adv
nödvärn	noun
nödvärnsexcess	noun
nödvärnsrätt	noun
nöff	intj
nöja	verb
nöjaktig	adj
nöjaktighet	noun
nöjd	adj
nöjdhet	noun
nöje	noun
nöjesanläggning	noun
nöjesfiskare	noun
nöjesfiske	noun
nöjesfält	noun
nöjesjournalist	noun
nöjesjournalistik	noun
nöjespark	noun
nöjessegling	noun
nöjsam	adj
nörd	noun
nördighet	noun
nöt	noun
nöta	verb
nötaktig	adj
nötfärs	noun
nötig	adj
nötighet	noun
nötknäckare	noun
nötknäppare	noun
nötkreatur	noun
nötkråka	noun
nötkärna	noun
nötkött	noun
nötköttsproduktion	noun
nötning	noun
nötskrika	noun
nött	adj
nötväcka	noun
o	character,intj,noun
oacceptabel	adj
oaktat	prep
oaktsam	adj
oaktsamhet	noun
oaktsamhetsbrott	noun
oangenäm	adj
oanmäld	adj
oannonserad	adj
oansenlig	adj
oansenlighet	noun
oanständig	adj
oanständighet	noun
oansvarig	adj
oansvarigt	adv
oantastlig	adj
oantastlighet	noun
oanträffbar	adj
oanträffbarhet	noun
oantändlig	adj
oanvänd	adj
oanvändbar	adj
oanvändbarhet	noun
oaptitlig	adj
oartig	adj
oartighet	noun
oas	noun
oattraktiv	adj
oavbruten	adj
oavgjord	adj
oavgjort	adv
oavhängig	adj
oavhängighet	noun
oavhängighetsförklaring	noun
oavhängighetskrig	noun
oavlåtlig	adj
oavlåtligen	adv
oavlönad	adj
oavsett	prep
oavsiktlig	adj
oavslutad	adj
ob	name,noun
obadja	name
obalans	noun
obalanserad	adj
obarmhärtig	adj
obarmhärtighet	noun
obarmhärtigt	adv
obducent	noun
obducera	verb
obducering	noun
obduktion	noun
obebodd	adj
obeboelig	adj
obefintlig	adj
obefintlighet	noun
obefläckad	adj
obefogad	adj
obefolkad	adj
obegriplig	adj
obegriplighet	noun
obegränsa	adj
obegränsad	adj
obehag	noun
obehaglig	adj
obehaglighet	noun
obehindrad	adj
obehörig	adj
obehörigen	adv
obehörighet	noun
obehövlig	adj
obehövlighet	noun
obekant	adj
obekantskap	noun
obekräftad	adj
obekväm	adj
obekvämhet	noun
obekymrad	adj
obelisk	noun
obemannad	adj
obemärkt	adj
obenägen	adj
obenägenhet	noun
oberoende	adj,noun
oberäknelig	adj
oberäknelighet	noun
oberörd	adj
obeskrivbar	adj
obeskrivbarhet	noun
obeskrivlig	adj
obeskrivlighet	noun
obeslutsam	adj
obeslutsamhet	noun
obesticklig	adj
obesticklighet	noun
obestridd	adj
obestridlig	adj
obestridligen	adv
obestridlighet	noun
obestämbar	adj
obestämbarhet	noun
obestämd	adj
obestämdhet	noun
obeständig	adj
obeständighet	noun
obestånd	noun
obesutten	adj
obesvarad	adj
obetalbar	adj
obetald	adj
obetydlig	adj
obetydlighet	noun
obetänksam	adj
obetänksamhet	noun
obeveklig	adj
obeveklighet	noun
obevisad	adj
obevisbar	adj
obeväpnad	adj
obiblisk	adj
obildad	adj
obillig	adj
objekt	noun
objektfil	noun
objektifiera	verb
objektifiering	noun
objektiv	adj,noun
objektivism	noun
objektivitet	noun
objektkod	noun
objektlist	noun
objektofil	adj,noun
objektofili	noun
objektspråk	noun
oblat	noun
oblid	adj
obligation	noun
obligationslån	noun
obligationsmarknad	noun
obligatorisk	adj
oblodig	adj
oblodigt	adv
oblyg	adj
oblyghet	noun
oboe	noun
oboist	noun
oborstad	adj
obotfärdig	adj
obotfärdighet	noun
obotlig	adj
obotlighet	noun
obrukbar	adj
obrukbarhet	noun
obruten	adj
obrydd	adj
obrytt	adv
obs	verb
obscen	adj
obscenitet	noun
observationsstudie	noun
observatorium	noun
observatör	noun
observatörsgrupp	noun
observatörsstatus	noun
observatörsstyrka	noun
observera	verb
observerbar	adj
obsidian	noun
obskurantism	noun
obskyr	adj
obstetrik	noun
obstetriker	noun
obstruera	verb
obunden	adj
obygd	noun
obäddad	adj
obändig	adj
obändighet	noun
oböjlig	adj
oböjlighet	noun
obönhörlig	adj
obönhörligen	adv
obönhörligt	adv
occidental	adj
occidenten	name
occipitallob	noun
ocean	noun
oceanien	name
oceanisk	adj
oceanograf	noun
ocensurerad	adj
oceremoniell	adj
och	conj
och-tecken	noun
ociviliserad	adj
ock	conj
ockel	noun
ocker	noun
ockerpris	noun
ockerränta	noun
ockra	noun,verb
ockrafärgad	adj
ockrare	noun
också	adv
ockult	adj
ockultation	noun
ockultism	noun
ockultist	noun
ockultistisk	adj
ockupant	noun
ockupation	noun
ockupationsmakt	noun
ockupationsstyrka	noun
ockupationszon	noun
ockupera	verb
odal	adj,noun
odaxelagni	noun
ode	noun
odefinierad	adj
odefinierbar	adj
odelbar	adj
odelbarhet	noun
odemokratisk	adj
odemokratiskt	adv
oden	name
odensjö	name
odifferentierad	adj
odisciplinerad	adj
odiskutabel	adj
odjur	noun
odla	verb
odling	noun
odlingsbar	adj
odlingsröse	noun
odon	noun
odramatisk	adj
odrickbar	adj
odräglig	adj
odräglighet	noun
oduglig	adj
oduglighet	noun
odugling	noun
odygd	noun
odygdig	adj
odygdighet	noun
odåga	noun
odöd	adj
odödlig	adj
odödliggöra	verb
odödlighet	noun
odör	noun
oeftergivlig	adj
oeftergivlighet	noun
oefterhärmlig	adj
oegennytta	noun
oegennyttig	adj
oegennyttighet	noun
oegentlig	adj
oegentlighet	noun
oegentligt	adv
oemotsagd	adj
oemotståndlig	adj
oemotståndlighet	noun
oemotsäglig	adj
oemottaglighet	noun
oenhetlighet	noun
oenig	adj
oenighet	noun
oense	adj
oerfaren	adj
oerfarenhet	noun
oerhörd	adj
oersättlig	adj
oersättlighet	noun
oetisk	adj
ofantlig	adj
ofarbar	adj
ofarlig	adj
ofarlighet	noun
ofattbar	adj
ofelbar	adj
ofelbarhet	noun
offensiv	adj,noun
offentlig	adj
offentliganställd	adj
offentligen	adv
offentligfinansierad	adj
offentliggöra	verb
offentlighet	noun
offentlighetsprincip	noun
offentligrättslig	adj
offer	noun
offeraltare	noun
offerkast	noun
offerkofta	noun
offerlamm	noun
offermentalitet	noun
offert	noun
offertorium	noun
offervilja	noun
offervillighet	noun
officer	noun
officerare	noun
officiant	noun
officiell	adj
officiellt	adv
offra	verb
offside	adv,noun
offsidefälla	noun
offsideregel	noun
ofin	adj
ofinhet	noun
ofinkänslighet	noun
oflyttbar	adj
ofog	noun
ofokuserad	adj
oformlig	adj
oformlighet	noun
oframkomlig	adj
oframkomlighet	noun
ofred	noun
ofreda	verb
ofredande	noun
ofri	adj
ofrihet	noun
ofrivillig	adj
ofruktbar	adj
ofruktbarhet	noun
ofruktsam	adj
ofruktsamhet	noun
ofrälse	adj,noun
ofräsch	adj
ofrånkomlig	adj
ofrånkomligen	adv
ofrånkomlighet	noun
ofta	adv
oftalmi	noun
oftast	adv
ofullbordad	adj
ofullgången	adj
ofullgångenhet	noun
ofullkomlig	adj
ofullkomlighet	noun
ofullständig	adj
ofullständighet	noun
ofulländad	adj
ofärd	noun
ofärdig	adj
ofärdighet	noun
ofödd	adj
oförarglig	adj
oförbehållsam	adj
oförbehållsamhet	noun
oförberedd	adj
oförblommerad	adj
oförbätterlighet	noun
ofördelaktig	adj
ofördragsam	adj
ofördragsamhet	noun
ofördröjligen	adv
oförenlig	adj
oförenlighet	noun
oföretagsam	adj
oföretagsamhet	noun
oförfalskad	adj
oförglömlig	adj
oförglömligt	adv
oförgänglighet	noun
oförhappandes	adv
oförklarlig	adj
oförklarlighet	noun
oförlåtlig	adj
oförminskad	adj
oförmärkt	adj
oförmåga	noun
oförmånlig	adj
oförmögen	adj
oförmögenhet	noun
oförmöget	adv
oförnuft	noun
oförnuftig	adj
oförnuftighet	noun
oförrätt	noun
oförsiktig	adj
oförsiktighet	noun
oförskräckt	adj
oförskräckthet	noun
oförskylld	adj
oförskämd	adj
oförskämdhet	noun
oförsonlig	adj
oförsonlighet	noun
oförståelse	noun
oförstående	adj
oförstånd	noun
oförståndig	adj
oförstörbar	adj
oförstörbarhet	noun
oförstörd	adj
oförsvagad	adj
oförsvarlig	adj
oförsynt	adj
oförsynthet	noun
oförtjänt	adj
oförtruten	adj
oförtövad	adj
oförtövat	adv
oförutsebar	adj
oförutsedd	adj
oförutsägbar	adj
oförutsägbarhet	noun
oförvillad	adj
oförvitlig	adj
oförvitlighet	noun
oförvägen	adj
oförvägenhet	noun
oförytterlig	adj
oföränderlig	adj
oföränderlighet	noun
oförändrad	adj
oganesson	noun
ogenerad	adj
ogenomförbar	adj
ogenomskinlighet	noun
ogenomträngbar	adj
ogenomtränglig	adj
ogenomtränglighet	noun
ogenomtänkt	adj
ogge	name
ogift	adj
ogilla	verb
ogiltig	adj
ogiltigförklara	verb
ogiltighet	noun
ogin	adj
ogjord	adj
oglamorös	adj
oglamourös	adj
ogoogelbar	adj
ogripbar	adj
ogrumlad	adj
ogrundad	adj
ogräs	noun
ogräsmedel	noun
ogudaktig	adj
ogudaktighet	noun
ogynnsam	adj
ogynnsamhet	noun
ogärna	adv
ogärning	noun
ogärningsman	noun
ogästvänlig	adj
ogästvänlighet	noun
ogörlighet	noun
ohanterlighet	noun
ohederlig	adj
ohederlighet	noun
ohederligt	adv
ohejdad	adj
ohejdbar	adj
ohelig	adj
ohemul	adj
ohistorisk	adj
ohjälpsam	adj
ohjälpsamhet	noun
ohm	noun
ohoj	intj
ohotad	adj
ohyfsad	adj
ohygglig	adj
ohygglighet	noun
ohyggligt	adv
ohyra	noun
ohälsa	noun
ohälsosam	adj
ohämmad	adj
ohågad	adj
ohållbar	adj
ohållbarhet	noun
ohöljd	adj
ohörbar	adj
ohörbarhet	noun
ohörsamhet	noun
ohövlig	adj
ohövlighet	noun
oidentifierad	adj
oidentifierbar	adj
oigenkännlig	adj
oigenkännlighet	noun
oinredd	adj
ointaglig	adj
ointaglighet	noun
ointelligent	adj
ointressant	adj
ointresse	noun
ointresserad	adj
oinvigd	adj
oj	intj
oja	intj
ojdå	intj
ojordad	adj
ojordiskhet	noun
ojust	adj
ojuste	adj
ojämförbar	adj
ojämförlig	adj
ojämförlighet	noun
ojämlik	adj
ojämlikhet	noun
ojämn	adj
ojämnhet	noun
ojämställdhet	noun
ojäst	adj
ojävig	adj
ojävighet	noun
ok	adj,adv,intj,noun
oka	verb
okamratlig	adj
okamratlighet	noun
okarina	noun
okastrera	verb
okben	noun
okbensbåge	noun
okbåge	noun
okej	adj,adv,intj
okinawianska	noun
oklanderlig	adj
oklanderlighet	noun
oklar	adj
oklarhet	noun
oklart	adv
oklok	adj
oklokhet	noun
oknytt	noun
okokt	adj
okomplicerad	adj
okonstlad	adj
okontaktbar	adj
okontrollerad	adj
okontrollerbar	adj
okontroversiell	adj
okonventionell	adj
okorrumperad	adj
okristlig	adj
okristlighet	noun
okritisk	adj
okroppslig	adj
okroppslighet	noun
okrossbar	adj
okryddad	adj
okränkbar	adj
okränkbarhet	noun
okrönt	adj
oktaeder	noun
oktagon	noun
oktan	noun
oktant	noun
oktantal	noun
oktav	noun
oktiljon	num
oktober	noun
oktroj	noun
okular	noun
okulär	adj
okulärbesiktiga	verb
okulärbesiktning	noun
okunnig	adj
okunnighet	noun
okunskap	noun
okuvlig	adj
okuvlighet	noun
okvalificerad	adj
okvinnlig	adj
okvinnlighet	noun
okvädingsord	noun
okynne	noun
okynnesringare	noun
okynnessamtal	noun
okynnesäta	verb
okyrklig	adj
okyrklighet	noun
okysk	adj
okyskhet	noun
okysst	adj
okänd	adj
okändhet	noun
okänslig	adj
okänslighet	noun
ola	name
olaglig	adj
olagligen	adv
olaglighet	noun
olagligt	adv
olat	noun
olaus	name
old-fashioned	noun
oldboy	noun
olga	name
olicensierad	adj
olidlig	adj
olidlighet	noun
olidligt	adv
oligark	noun
oligarki	noun
oligarkisk	adj
olik	adj
olika	adv
olikartad	adj
olikformig	adj
olikformighet	noun
olikhet	noun
olikkönad	adj
oliktänkande	adj
oliv	noun
oliver	name
olivfärgad	adj
olivia	name
olivkvist	noun
olivolja	noun
olivträ	noun
olivträd	noun
olja	noun,verb
oljeaktig	adj
oljebaserad	adj
oljeberoende	noun
oljebolag	noun
oljebrist	noun
oljedepå	noun
oljedådra	noun
oljeembargo	noun
oljefat	noun
oljefatsbomb	noun
oljefläck	noun
oljefrö	noun
oljefält	noun
oljefärg	noun
oljeföretag	noun
oljeindustri	noun
oljeinkomst	noun
oljeintäkt	noun
oljejätte	noun
oljekanna	noun
oljekartell	noun
oljekraftverk	noun
oljekris	noun
oljekälla	noun
oljelampa	noun
oljeläckage	noun
oljemålning	noun
oljepalm	noun
oljeplattform	noun
oljepris	noun
oljeproducent	noun
oljeprodukt	noun
oljeproduktion	noun
oljeraffinaderi	noun
oljereserv	noun
oljeskyddsberedskap	noun
oljetank	noun
oljetanker	noun
oljetillgång	noun
oljetorn	noun
oljeutsläpp	noun
oljig	adj
oljighet	noun
oljud	noun
olle	name,noun
ollon	noun
ollonborre	noun
olof	intj,name
olofsmässa	noun
olofsson	name
ologisk	adj
ologiskhet	noun
olov	name
olovlig	adj
olovligen	adv
olsmässa	noun
olsson	name
olust	noun
olustig	adj
olvon	noun
olycka	noun
olycklig	adj
olyckligtvis	adv
olycksalig	adj
olycksbroder	noun
olycksbådande	adj
olycksdiger	adj
olycksfall	noun
olycksfallsförsäkring	noun
olyckshändelse	noun
olyckskorp	noun
olycksplats	noun
olycksprofet	noun
olyckstillbud	noun
olyckstillfälle	noun
olydig	adj
olydighet	noun
olydnad	noun
olympiaby	noun
olympiad	noun
olympiamästare	noun
olympiamästarinna	noun
olympiasegrare	noun
olympiastadion	noun
olympiatrupp	noun
olympier	noun
olympisk	adj
olägenhet	noun
oläglig	adj
oläkbar	adj
olämplig	adj
olämplighet	noun
olämpligt	adv
oländig	adj
oländighet	noun
oläsbar	adj
oläsbarhet	noun
oläslig	adj
oläslighet	noun
oläst	adj
olåst	adj
olönsam	adj
olönsamhet	noun
olösbar	adj
olöslig	adj
olöslighet	noun
olöst	adj
om	conj,particle,prep
omak	noun
omaka	adj
oman	name
omanier	noun
omanlig	adj
omanlighet	noun
omarbeta	verb
omarbetning	noun
ombe	verb
ombegrava	verb
ombesörja	verb
ombilda	verb
ombildning	noun
ombokning	noun
ombokningsbar	adj
ombord	adv
ombryta	verb
ombrytning	noun
ombud	noun
ombudskrig	noun
ombudsman	noun
ombyggnad	noun
ombyggnation	noun
ombyte	noun
ombytlig	adj
ombytlighet	noun
omdana	verb
omdaning	noun
omdebatterad	adj
omdefiniera	verb
omdirigera	verb
omdirigering	noun
omdiskuterad	adj
omdöme	noun
omdömesförmåga	noun
omdömesgill	adj
omdömesgillt	adv
omdömeslös	adj
omdömeslöshet	noun
omedelbar	adj
omedelbarhet	noun
omedelbarligen	adv
omedelbart	adv
omedgörlig	adj
omedgörlighet	noun
omedveten	adj
omedvetenhet	noun
omedvetet	adv
omega	noun
omejkad	adj
omelett	intj,noun
omen	noun
omfamna	verb
omfamning	noun
omfatta	verb
omfattande	adj
omfattning	noun
omforma	verb
omformulera	verb
omfång	noun
omfångsrik	adj
omfördela	verb
omfördelning	noun
omförhandla	verb
omförhandling	noun
omge	verb
omgift	adj
omgifte	noun
omgiv	noun
omgivande	adj
omgivning	noun
omgruppera	verb
omgrupperad	adj
omgruppering	noun
omgärda	verb
omgående	adv
omgång	noun
omhänderta	verb
omhändertaga	verb
omhändertagande	noun
omhändertagen	adj
omild	adj
omildhet	noun
omintetgjord	adj
omintetgöra	verb
ominös	adj
omisskännlig	adj
omisskännligen	adv
omisstänksam	adj
omisstänksamhet	noun
omistlig	adj
omistligt	adv
omkategorisera	verb
omklassificera	verb
omklädningsrum	noun
omkomma	verb
omkommen	adj
omkostnad	noun
omkrets	noun
omkring	prep
omkringliggande	adj
omkull	adv
omkullkasta	verb
omkörning	noun
omljud	noun
omlopp	noun
omloppsbana	noun
omloppstid	noun
omlott	adv
omläggning	noun
omm	conj
ommöblering	noun
omnejd	noun
omnipotens	noun
omnivor	adj,noun
omnumrera	verb
omnumrering	noun
omnämna	verb
omnämnande	noun
omnämnd	adj
omodererad	adj
omodern	adj
omogen	adj
omogenhet	noun
omoget	adv
omognad	noun
omoral	noun
omoralisk	adj
omorganisation	noun
omorganisera	verb
omotiverad	adj
omotståndlig	adj
omplacera	verb
omplacering	noun
omprioritering	noun
ompröva	verb
omprövning	noun
omregistrera	verb
omreglering	noun
omringa	verb
omringning	noun
område	noun
omröstning	noun
oms	noun
omsider	adv
omskaka	verb
omskakad	adj
omskakande	adj
omskapa	verb
omskola	verb
omskolning	noun
omskolningsläger	noun
omskära	verb
omskärelse	noun
omslag	noun
omslagsflicka	noun
omslagspapper	noun
omslingra	verb
omsluta	verb
omsluten	adj
omsorg	noun
omsorgsfull	adj
omsorgsfullhet	noun
omspinna	verb
omspänna	verb
omstridd	adj
omstrukturera	verb
omstrukturering	noun
omställning	noun
omständighet	noun
omständlig	adj
omständlighet	noun
omstörta	verb
omstörtare	noun
omstörtning	noun
omsusad	adj
omsvep	noun
omsätta	verb
omsättning	noun
omsättningsskatt	noun
omsättningstillgång	noun
omtag	noun
omtalad	adj
omtanke	noun
omtumlad	adj
omtumlande	adj
omtvistad	adj
omtvistlig	adj
omtyckt	adj
omtyckthet	noun
omtänksam	adj
omtänksamhet	noun
omtöckna	verb
omtöcknad	adj
omusikalisk	adj
omutbar	adj
omutbarhet	noun
omutlig	adj
omutlighet	noun
omval	noun
omvald	adj
omvalskampanj	noun
omvandla	verb
omvandling	noun
omväg	noun
omvälja	verb
omvälva	verb
omvälvning	noun
omvänd	adj
omvända	verb
omvändelse	noun
omvänt	adv
omvärdera	verb
omvärdering	noun
omvärld	noun
omvärldsanalys	noun
omvärldsanalytiker	noun
omväxlande	adj
omväxling	noun
omvårdnad	noun
omyndig	adj
omyndigförklara	verb
omyndighet	noun
omänniska	noun
omänsklig	adj
omänsklighet	noun
omärklig	adj
omätbar	adj
omätlig	adj
omätlighet	noun
omättlig	adj
omättlighet	noun
omåttlig	adj
omåttlighet	noun
omöblerad	adj
omöjlig	adj
omöjligen	adv
omöjliggöra	verb
omöjlighet	noun
omöjligt	adv
onanera	verb
onanering	noun
onani	noun
onanist	noun
onanistisk	adj
onaturlig	adj
onaturlighet	noun
ond	adj
ondgöra	verb
ondsint	adj
ondsinthet	noun
ondska	noun
ondskefull	adj
ondskefullhet	noun
onekligen	adv
onjutbar	adj
onkolog	noun
onkologi	noun
onkologisk	adj
online	adj
onomastik	noun
onomatopoesi	noun
onomatopoetikon	noun
onomatopoetisk	adj
onormal	adj
onsdag	noun
onsdagskväll	noun
ont	adv
ontologi	noun
ontologisk	adj
onumrerad	adj
onykter	adj
onykterhet	noun
onyttig	adj
onämnbar	adj
onämnd	adj
onåbar	adj
onåd	noun
onödan	noun
onödig	adj
onöjaktig	adj
onöjaktighet	noun
oombedd	adj
oomkullkastlig	adj
oomtvistad	adj
oomtvistlig	adj
oordentlig	adj
oordentlighet	noun
oordning	noun
oorganiserad	adj
oortodox	adj
opacitet	noun
opalisering	noun
opansrad	adj
opartisk	adj
opartiskhet	noun
opassande	adj
opastöriserad	adj
opatriotisk	adj
opera	noun
operamässig	adj
operasångare	noun
operasångerska	noun
operation	noun
operationalisera	verb
operationsbord	noun
operationsförstärkare	noun
operativ	adj
operativsystem	noun
operator	noun
operatör	noun
operatörsansvar	noun
operera	verb
opersonlig	adj
opersonlighet	noun
opiat	noun
opinion	noun
opinionsanalytiker	noun
opinionsbildare	noun
opinionsbildning	noun
opinionsfrihet	noun
opinionsmätning	noun
opinionssiffra	noun
opinionsundersökning	noun
opium	noun
opiumhåla	noun
opolerad	adj
opolitisk	adj
opponera	verb
opportunistisk	adj
opposition	noun
oppositionell	adj
oppositionsborgarråd	noun
oppositionsledare	noun
oppositionsparti	noun
oppositionspolitiker	noun
opraktisk	adj
opraktiskhet	noun
oproblematisk	adj
oprofessionell	adj
oproportionerlig	adj
oprovocerad	adj
oprövad	adj
optik	noun
optimalitet	noun
optimalt	adv
optimera	verb
optimering	noun
optimeringslära	noun
optimism	noun
optimist	noun
optimistisk	adj
optimistjolle	noun
optisk	adj
optofiber	noun
oputsad	adj
opålitlig	adj
opålitlighet	noun
or	noun
orakel	noun
orakelmässig	adj
oral	adj
oralsex	noun
orange	adj,noun
orangutang	noun
oration	noun
orator	noun
oratorium	noun
oravais	name
ord	name,noun
orda	verb
ordagrann	adj
ordalag	noun
ordalydelse	noun
ordbehandlare	noun
ordbehandling	noun
ordbehandlingsprogram	noun
ordbok	noun
orden	noun
ordensgrundare	noun
ordentlig	adj
ordentlighet	noun
ordentligt	adv
order	noun
orderbok	noun
ordfattig	adj
ordföljd	noun
ordförande	noun
ordförandeklubba	noun
ordförandeskap	noun
ordförklaring	noun
ordförråd	noun
ordförståelse	noun
ordinarie	adj
ordination	noun
ordinera	verb
ordinär	adj
ordkarg	adj
ordkarghet	noun
ordklass	noun
ordklyveri	noun
ordknapp	adj
ordknapphet	noun
ordkrig	noun
ordlek	noun
ordlista	noun
ordlös	adj
ordlöshet	noun
ordmoln	noun
ordna	verb
ordning	noun
ordningsam	adj
ordningsföljd	noun
ordningsföreskrift	noun
ordningslag	noun
ordningsmakt	noun
ordningsstörning	noun
ordningstal	noun
ordningsvakt	noun
ordonnans	noun
ordrik	adj
ordrikedom	noun
ordryttare	noun
ordrytteri	noun
ordsmed	noun
ordspråk	noun
ordspråksboken	name
ordval	noun
ordvits	noun
ordväxling	noun
orealiserad	adj
orealiserbar	adj
orealistisk	adj
orealistiskt	adv
oreda	noun
oredig	adj
oredighet	noun
oredlig	adj
oredlighet	noun
oredligt	adv
oregano	noun
oregelbunden	adj
oregelbundenhet	noun
oregelmässig	adj
oregelmässighet	noun
oregerlig	adj
oregerlighet	noun
oreglerad	adj
oren	adj
orenhet	noun
orenlighet	noun
orepresenterad	adj
orera	verb
oresonlig	adj
oresonlighet	noun
oresonligt	adv
orfeus	name
orficism	noun
orfisk	adj
organ	noun
organdonation	noun
organdonator	noun
organell	noun
organhandel	noun
organisation	noun
organisationsförmåga	noun
organisationstillhörighet	noun
organisatoriskt	adv
organisatör	noun
organisera	verb
organisk	adj
organism	noun
organist	noun
organstöld	noun
organsvikt	noun
orgasm	noun
orgasmisk	adj
orgastisk	adj
orgel	noun
orgelläktare	noun
orgelpipa	noun
orgie	noun
orientalisk	adj
orientalist	noun
orienten	name
orientera	verb
orienterare	noun
orientering	noun
orientseglare	noun
orienttalgoxe	noun
orientvadarsvala	noun
origenes	name
origenism	noun
origenist	noun
origenistisk	adj
original	noun
originalitet	noun
originalkälla	noun
originalmanus	noun
originalmedlem	noun
originell	adj
origo	noun
oriktig	adj
oriktighet	noun
orimlig	adj
orimlighet	noun
orimligt	adv
ork	noun
orka	verb
orkan	noun
orkanartad	adj
orkanstyrka	noun
orkansäsong	noun
orkanvind	noun
orkeslös	adj
orkeslöshet	noun
orkester	noun
orkesterledare	noun
orkestrera	verb
orkestrerad	adj
orkestrering	noun
orkestrion	noun
orkneyöarna	name
orm	noun
orma	verb
ormbett	noun
ormblåsa	noun
ormbunke	noun
ormbär	noun
ormgrop	noun
ormlik	adj
ormslå	noun
ormstjärna	noun
ormtjusare	noun
ormtjusning	noun
ormvråk	noun
ormyngel	noun
ormörn	noun
ornament	noun
ornamental	adj
orne	noun
ornitolog	noun
ornitologi	noun
ornitologisk	adj
oro	noun
oroa	verb
orolig	adj
orolighet	noun
oroshärd	noun
orosmoln	noun
orosmoment	noun
oroväckande	adj,adv
orre	noun
orrjakt	noun
orsa	name
orsak	noun
orsaka	verb
orsaksmässig	adj
orsakssamband	noun
orsasjön	name
ort	noun
ortodox	adj
ortodoxi	noun
ortografi	noun
ortografisk	adj
ortoklas	noun
ortolansparv	noun
ortonormerad	adj
ortoped	noun
ortopedi	noun
ortopedisk	adj
ortregister	noun
ortsregister	noun
ortsvektor	noun
orubbad	adj
orubblig	adj
orubblighet	noun
orubbligt	adv
orv	noun
orvar	name
orädd	adj
oräddhet	noun
oräknelig	adj
orätt	noun
orättfärdig	adj
orättfärdighet	noun
orättfärdigt	adv
orättmätig	adj
orättmätighet	noun
orättrådighet	noun
orättvis	adj
orättvisa	noun
oråd	noun
orörd	adj
orördhet	noun
orörlig	adj
orörlighet	noun
os	noun
os-eld	noun
os-fackla	noun
osa	intj,verb
osagd	adj
osaklig	adj
osaklighet	noun
osalig	adj
osaltad	adj
osammanhängande	adj,adv
osams	adj
osann	adj
osannfärdig	adj
osannfärdighet	noun
osanning	noun
osannolik	adj
osannolikhet	noun
osannolikt	adv
oscar	name
oschysst	adj
oschyst	adj
oscillation	noun
oscillering	noun
oscillograf	noun
oscilloskop	noun
osedd	adj
osedlig	adj
osedlighet	noun
osedvanlig	adj
osedvanligt	adv
osegelbar	adj
oseriös	adj
oseriöst	adv
osexig	adj
osjyst	adj
osjälvisk	adj
osjälviskhet	noun
osjälvständig	adj
osjälvständighet	noun
oskadd	adj
oskadlig	adj
oskadliggöra	verb
oskadlighet	noun
oskar	name
oskarp	adj
oskarshamn	name
oskattad	adj
oskattbar	adj
oskick	noun
oskicklig	adj
oskicklighet	noun
oskiljaktig	adj
oskiljbar	adj
oskiljbarhet	noun
oskodd	adj
oskolad	adj
oskriven	adj
oskuld	noun
oskuldsfull	adj
oskuldsfullhet	noun
oskyddad	adj
oskyldig	adj
oskyldighet	noun
oskyldigt	adv
oskälig	adj
oskälighet	noun
oskärpa	noun
oskön	adj
oskönjbar	adj
oslagbar	adj
oslagbarhet	noun
oslipad	adj
oslo	name
osläcklig	adj
osläckt	adj
osmaklig	adj
osmaklighet	noun
osmakligt	adv
osman	noun
osmansk	adj
osmanska	noun
osmart	adj
osmidig	adj
osminkad	adj
osmium	noun
osmos	noun
osmotisk	adj
osmältbar	adj
osnuten	adj
osnygg	adj
osocial	adj
osofistikerad	adj
ospecificerad	adj
ospecifik	adj
ospelbar	adj
ospontan	adj
oss	pron
ossian	name
ost	adv,noun
ostadig	adj
ostadighet	noun
ostasiatisk	adj
ostbricka	noun
ostburgare	noun
ostbåge	noun
osthyvel	noun
ostkaka	noun
ostko	noun
ostkrok	noun
ostkupa	noun
ostkust	noun
ostlig	adj
ostmyssja	noun
ostnordost	adv
ostnordostlig	adj
ostoppbar	adj
ostraciserad	adj
ostracism	noun
ostraffad	adj
ostrategiskt	adv
ostridig	adj
ostron	noun
ostronfiske	noun
ostronskal	noun
ostronskivling	noun
ostronsås	noun
ostskiva	noun
ostsydost	adv
ostsydostlig	adj
ostsås	noun
ostyrig	adj
ostyrighet	noun
ostämd	adj
ostörd	adj
ostördhet	noun
osubventionerad	adj
osund	adj
osundhet	noun
osunt	adv
osvald	name
osvensk	adj
osvuren	adj
osymmetri	noun
osymmetrisk	adj
osympatisk	adj
osynlig	adj
osynliggöra	verb
osynlighet	noun
osyrad	adj
osystematisk	adj
osäker	adj
osäkerhet	noun
osäljbar	adj
osällskaplig	adj
osällskaplighet	noun
osämja	noun
osänkbar	adj
osänkbarhet	noun
osåld	adj
osårbar	adj
osårbarhet	noun
osökt	adj,adv
osötad	adj
otack	noun
otacksam	adj
otacksamhet	noun
otadlig	adj
otadlighet	noun
otagbar	adj
otakt	noun
otal	noun
otalig	adj
otalighet	noun
otalt	adj
oteknisk	adj
otid	noun
otidig	adj
otidsenlig	adj
otillbörlig	adj
otillbörligen	adv
otillbörlighet	noun
otillfredsställande	adj
otillfredsställd	adj
otillfredsställdhet	noun
otillförlitlig	adj
otillförlitlighet	noun
otillgänglig	adj
otillgänglighet	noun
otillräcklig	adj
otillräcklighet	noun
otillräknelig	adj
otillräknelighet	noun
otillåten	adj
otillåtlig	adj
otillåtlighet	noun
otippad	adj
otjänlig	adj
otjänst	noun
otrampad	adj
otrevlig	adj
otrevlighet	noun
otro	noun
otrogen	adj
otrohet	noun
otrolig	adj
otrolighet	noun
otrygg	adj
otrygghet	noun
otrygghetskänsla	noun
oträngd	adj
otröstlig	adj
otröstlighet	noun
otta	noun
ottawa	name
ottilia	name
otto	name
ottoman	noun
ottomansk	adj
otur	intj,noun
oturlig	adj
oturligt	adv
otursam	adj
otursdrabbad	adj
otursförföljd	adj
otvetydig	adj
otvetydighet	noun
otvivelaktig	adj
otvivelaktigt	adv
otvungen	adj
otydlig	adj
otydlighet	noun
otyg	noun
otyglad	adj
otymplig	adj
otymplighet	noun
otäck	adj
otäckhet	noun
otämjbar	adj
otämjbarhet	noun
otänjbar	adj
otänjbarhet	noun
otänkbar	adj
otänkbarhet	noun
otät	adj
otäthet	noun
otålig	adj
otålighet	noun
oumbärlig	adj
oumbärlighet	noun
oundgänglig	adj
oundgänglighet	noun
oundviklig	adj
oundvikligen	adv
oundviklighet	noun
ouppfattbar	adj
ouppfostrad	adj
oupphörlig	adj
oupphörligen	adv
ouppklarad	adj
ouppmärksam	adj
ouppmärksamhet	noun
ouppnåelig	adj
ouppnåelighet	noun
ouppräknelig	adj
oupptäckt	adj
ourskiljbar	adj
outbildad	adj
outforskad	adj
outgrundlig	adj
outgrundlighet	noun
outhärdlig	adj
outhärdlighet	noun
outnyttjad	adj
outplånlig	adj
outplånlighet	noun
outrannsaklig	adj
outrannsaklighet	noun
outredbar	adj
outsagd	adj
outsinlig	adj
outsläcklig	adj
outsourca	verb
outsäglig	adj
outtalbar	adj
outtröttlig	adj
outtröttlighet	noun
outtömlig	adj
outtömlighet	noun
outvecklad	adj
ouvertyr	noun
ovaccinerad	adj
oval	adj,noun
ovan	adj,adv,prep
ovana	noun
ovanför	prep
ovanifrån	adv,prep
ovanlig	adj
ovanlighet	noun
ovanligt	adv
ovanläder	noun
ovannämnd	adj
ovanpå	prep
ovansida	noun
ovanstående	adj
ovarium	noun
ovarsam	adj
ovarsamhet	noun
ovation	noun
ove	name
ovederhäftig	adj
ovederhäftighet	noun
ovedersäglig	adj
ovedersägligen	adv
ovedersäglighet	noun
ovedersägligt	adv
overall	noun
overifierad	adj
overklig	adj
overklighet	noun
overksam	adj
overksamhet	noun
overkställbar	adj
overkställbarhet	noun
ovetande	adj
ovetenskaplig	adj
ovetenskaplighet	noun
ovett	noun
ovidkommande	adj
ovig	adj
ovigd	adj
ovighet	noun
ovikt	adj
oviktad	adj
oviktig	adj
ovilja	noun
ovillig	adj
ovillighet	noun
ovillkorlig	adj
ovillkorligen	adv
ovipar	adj
ovishet	noun
oviss	adj
ovisshet	noun
ovulation	noun
oväder	noun
ovädersmoln	noun
oväldig	adj
ovälkommen	adj
ovän	noun
ovänlig	adj
ovänlighet	noun
ovänskap	noun
oväntad	adj
oväntat	adv
ovärderlig	adj
oväsen	noun
oväsentlig	adj
oväsentlighet	noun
ovårdad	adj
owstonmes	noun
oxalsyra	noun
oxdjur	noun
oxe	noun
oxel	noun
oxen	name
oxhuvud	noun
oxid	noun
oxidation	noun
oxidationstal	noun
oxidera	verb
oxidering	noun
oxkött	noun
oxpiska	noun
oxpytt	noun
oxvecka	noun
oxytocin	noun
ozelot	noun
ozon	noun
ozonhål	noun
ozonlager	noun
oädel	adj
oädelhet	noun
oäkta	adj
oäkthet	noun
oäkting	noun
oälskbar	adj
oändlig	adj
oändlighet	noun
oändlighetstecken	noun
oärlig	adj
oärlighet	noun
oärligt	adv
oätbar	adj
oätlig	adj
oäven	adj
oåterkallelig	adj
oåterkalleligen	adv
oåtkomlig	adj
oåtkomlighet	noun
oöm	adj
oömhet	noun
oönskad	adj
oöverbryggbar	adj
oöverlagd	adj
oöverskådlig	adj
oöverskådlighet	noun
oöverstiglig	adj
oöversättlig	adj
oöversättlighet	noun
oöverträffad	adj
oöverträfflig	adj
oövervinnelig	adj
oövervinnelighet	noun
oövervägd	adj
p	character
p-o	name
p-piller	noun
p-stav	noun
pa	noun
pacemaker	noun
pacificera	verb
pacificerad	adj
pacificering	noun
pacifism	noun
pacifist	noun
pacifistisk	adj
pack	noun
packa	noun,verb
packad	adj
packare	noun
packdjur	noun
packe	noun
packis	noun
packlår	noun
packning	noun
padda	noun
paddel	noun
paddeltag	noun
paddla	verb
paddlare	noun
padel	noun
page	noun
pagefrisyr	noun
pagina	noun
paginera	verb
pagod	noun
paintball	noun
paintboll	noun
paintbollgevär	noun
paj	noun
pajala	name
pajas	noun
pajasaktig	adj
pajdeg	noun
pajkastning	noun
paket	noun
paketcykel	noun
paketera	verb
paketering	noun
pakethållare	noun
paketresa	noun
pakistan	name
pakistanier	noun
pakt	noun
palatal	adj,noun
palatalisera	verb
palatalisering	noun
palats	noun
palatskupp	noun
palatsrevolution	noun
palau	name
palauer	noun
palauisk	adj
palaver	noun
paleontolog	noun
paleontologi	noun
paleontologisk	adj
palestina	name
palestinasjal	noun
palestinier	noun
palestinsk	adj
palestinska	noun
palett	noun
palettkniv	noun
palimpsest	noun
palindrom	noun
palissad	noun
paljett	noun
pall	noun
palladium	noun
pallastare	noun
paller	noun
pallkrage	noun
pallplats	noun
palm	name,noun
palmduva	noun
palme	name
palmolja	noun
palmquist	name
palmqvist	name
palmsocker	noun
palmsöndag	noun
palmvin	noun
palpera	verb
palperad	adj
pals	noun
palsternacka	noun
palt	noun
paltkoma	noun
paludarium	noun
pamflett	noun
pamp	noun
pampighet	noun
panafrikansk	adj
panama	name
panaman	noun
panamansk	adj
panasiatisk	adj
panchatantra	name
panda	noun
pandeiro	noun
pandeism	noun
pandeist	noun
pandemi	noun
pandemisk	adj
pandemonium	noun
pandora	name
panegyriker	noun
panel	noun
paneldebatt	noun
paneldiskussion	noun
panelning	noun
panelsamtal	noun
panelstudie	noun
panelundersökning	noun
panenteism	noun
panenteist	noun
panenteistisk	adj
panera	verb
panering	noun
panflöjt	noun
pang	intj,noun
panikartad	adj
panikattack	noun
panikbromsning	noun
panikrum	noun
panikslagen	adj
panikångest	noun
pank	adj
panka	noun
panna	noun
pannben	noun
pannbiff	noun
pannhåla	noun
pannkaka	noun
pannlampa	noun
pannlapp	noun
pannlob	noun
pannonisk	adj
pannrum	noun
panorama	noun
panoramisk	adj
panpizza	noun
panpsykism	noun
pansar	noun
pansarbil	noun
pansarbrytande	adj
pansarbåt	noun
pansarfisk	noun
pansarfordon	noun
pansarförband	noun
pansargranat	noun
pansarkryssare	noun
pansarskepp	noun
pansarskott	noun
pansarskyttefordon	noun
pansarstyrka	noun
pansarvärn	noun
pansarvärnsrobot	noun
pansexualitet	noun
pansexuell	adj
panslavisk	adj
pansra	verb
pant	noun
panta	verb
pantautomat	noun
pantbank	noun
pantbrev	noun
panteism	noun
panteist	noun
panteistisk	adj
panteon	noun
pantkvitto	noun
pantlånare	noun
pantmaskin	noun
pantoffel	noun
pantomim	noun
pantrum	noun
pantstation	noun
pantsätta	verb
papaya	noun
papegoja	noun
papegojalka	noun
papegojsjuka	noun
papel	noun
papiljott	noun
papillarisk	adj
papp	noun
pappa	noun
pappaskämt	noun
pappenheimare	noun
papper	noun
pappersarbete	noun
pappersark	noun
pappersbaserad	adj
pappersbruk	noun
pappersexercis	noun
pappersflygplan	noun
pappershandel	noun
papperskasse	noun
papperskniv	noun
papperskorg	noun
papperskrig	noun
papperskvalitet	noun
papperslapp	noun
papperslös	adj
pappersmassa	noun
pappersmullbärsträd	noun
papperspåse	noun
papperstallrik	noun
papperstiger	noun
pappersutgåva	noun
pappkartong	noun
papptallrik	noun
paprika	noun
paprikapulver	noun
papuan	noun
papyrologi	noun
papyrus	noun
par	noun
para	verb
parabel	noun
parabol	noun
parabolantenn	noun
paraboloid	noun
parad	adj,noun
paradexempel	noun
paradgren	noun
paradigmskifte	noun
paradis	noun
paradisfågel	noun
paradisisk	adj
paradistrana	noun
paradnummer	noun
paradox	noun
paradoxal	adj
paradoxartad	adj
paraffin	noun
paraffinera	verb
parafil	adj
parafili	noun
parafras	noun
parafrasera	verb
parafyletisk	adj
parafyli	noun
paragraf	noun
paragrafryttare	noun
paragrafrytteri	noun
paragraftecken	noun
paraguay	name
paraguayan	noun
paraguayare	noun
paraguayte	noun
parakit	noun
paralell	adj
paralellt	adv
parallell	adj,noun
parallellepiped	noun
parallellitet	noun
parallellogram	noun
parallellsamhälle	noun
parallellt	adv
parallelltrapets	noun
paralympier	noun
paralys	noun
paralysera	verb
paralysering	noun
paramagnetisk	adj
paramagnetism	noun
parameter	noun
paramilitär	adj,noun
paranoia	noun
paranoid	adj
paranormal	adj
parant	adj
paranöt	noun
parapet	noun
paraply	noun
paraplyorganisation	noun
parapsykologi	noun
parasit	noun
parasitera	verb
parasitisk	adj
parasoll	noun
paravan	noun
pardon	noun
parenkym	noun
parentes	noun
parentestecken	noun
parentetisk	adj
parera	verb
parering	noun
pares	noun
parfait	noun
parfym	noun
parfymera	verb
parfymeri	noun
parfymflaska	noun
pargas	name
parhus	noun
parhäst	noun
pari	noun
paria	noun
parietallob	noun
paris	name
parisare	noun
pariserblått	noun
pariserhjul	noun
parisiska	noun
park	noun
parkbänk	noun
parkera	verb
parkeringsbot	noun
parkeringsbroms	noun
parkeringsförbud	noun
parkeringsgarage	noun
parkeringshus	noun
parkeringsplats	noun
parkeringsvakt	noun
parkett	noun
parkettgolv	noun
parklind	noun
parkolvon	noun
parkour	noun
parkstad	name
parkträd	noun
parlament	noun
parlamentariker	noun
parlamentsledamot	noun
parlamentsval	noun
parlör	noun
parmesan	noun
parmesanost	noun
parning	noun
parodi	noun
parodiera	verb
parodiker	noun
parodisk	adj
paroll	noun
parser	noun
part	noun
parterapi	noun
parti	noun
partibidrag	noun
particip	noun
partiell	adj
partifinansiering	noun
partiföreträdare	noun
partihandel	noun
partihandlare	noun
partiideolog	noun
partikamrat	noun
partikansli	noun
partikelaccelerator	noun
partikelfysik	noun
partikelfysiker	noun
partikelverb	noun
partikollega	noun
partikongress	noun
partikonvent	noun
partikularism	noun
partikularist	noun
partikularistisk	adj
partiledare	noun
partilinje	noun
partilojalitet	noun
partilös	adj
partilöshet	noun
partimedlem	noun
partimöte	noun
partiordförande	noun
partipiska	noun
partiprogram	noun
partisekreterare	noun
partisk	adj
partiskhet	noun
partisprängning	noun
partistrateg	noun
partistyrelse	noun
partistämma	noun
partistöd	noun
partitaktiker	noun
partitillhörighet	noun
partitrogen	adj
partner	noun
partnerskap	noun
partsinlaga	noun
party	noun
partysvensk	noun
partåig	adj
parveny	noun
parvis	adj,adv
pascal	noun
pascha	noun
pass	adv,intj,noun
passa	verb
passabel	adj
passage	noun
passagerarbåt	noun
passagerare	noun
passagerarfartyg	noun
passagerarflyg	noun
passagerarflygplan	noun
passagerarlista	noun
passagerarplan	noun
passagerartåg	noun
passande	adj
passare	noun
passera	verb
passerkort	noun
passgång	noun
passion	noun
passionerad	adj
passionsfrukt	noun
passionsveckan	name
passiv	adj,noun
passivaggressiv	adj
passivisera	verb
passivisering	noun
passivitet	noun
passivt	adv
passivum	noun
passning	noun
passopp	noun
passus	noun
pasta	noun
pastasallad	noun
pastej	noun
pastejkök	noun
pastill	noun
pastisch	noun
pastorat	noun
pastörisera	verb
pastörisering	noun
patent	noun
patentansökan	noun
patentbesvär	noun
patentera	verb
patenterbar	adj
patentintrång	noun
patenttvist	noun
paternoster	noun
paternosterböna	noun
paternosterhiss	noun
patetisk	adj
patetiskt	adv
patient	noun
patientavgift	noun
patrask	noun
patriark	noun
patriarkal	adj
patriarkalisk	adj
patriarkat	noun
patriarkskägg	noun
patricia	name
patricier	noun
patricisk	adj
patrick	name
patrik	name
patriot	noun
patriotisk	adj
patriotism	noun
patristik	noun
patristiker	noun
patristisk	adj
patrologi	noun
patron	noun
patronhylsa	noun
patronvis	adv
patronymikon	noun
patrull	noun
patrullbåt	noun
patrullera	verb
patrullering	noun
patrullfartyg	noun
patt	noun
paul	name
paula	name
paulina	name
paulinsk	adj
paulus	name
pauperisera	verb
pauperisering	noun
paus	noun
pausa	verb
pausfågel	noun
pauträsk	name
paviljong	noun
pavlova	noun
paxa	verb
pbb	noun
pbv	noun
pde	noun
peang	noun
pecorino	noun
pedagog	noun
pedagogik	noun
pedagogisk	adj
pedagogiskt	adv
pedal	noun
pedant	noun
pedanteri	noun
pedantisk	adj
peder	name
pederast	noun
pederasti	noun
pederastisk	adj
pediatriker	noun
pediatrisk	adj
pedikyr	noun
pedikyrist	noun
pedofil	adj,noun
pedofili	noun
peg	noun
pegas	noun
pegging	noun
pehr	name
pehrson	name
pehrsson	name
pejl	noun
pejla	verb
pejling	noun
pejlskiva	noun
peka	verb
pekannöt	noun
pekare	noun
pekdon	noun
pekfinger	noun
pekfingervals	noun
peking	name
pekinganka	noun
pekning	noun
pekoral	noun
pekpinne	noun
pekskärm	noun
pektin	noun
pelagian	noun
pelagianism	noun
pelagiansk	adj
pelagisk	adj
pelagius	name
pelare	noun
pelargonia	noun
pelikan	noun
pelle	name
pellejöns	noun
pellet	noun
pemar	name
pemdas	phrase
pemfigus	noun
pendang	noun
pendel	noun
pendelbåt	noun
pendeltrafik	noun
pendeltåg	noun
pendelur	noun
pendla	verb
pendlare	noun
pendling	noun
penetration	noun
penetrera	verb
penetrering	noun
peng	noun
pengapung	noun
pengatvätt	noun
penibel	adj
penicillin	noun
penis	noun
penisattrapp	noun
penisavund	noun
penisben	noun
penisfraktur	noun
penislös	adj
penislöshet	noun
penisollon	noun
penispump	noun
penisring	noun
penisrot	noun
penkis	noun
penna	noun
pennal	noun
pennfodral	noun
pennfäktare	noun
pennfäkteri	noun
penning	noun
penningbidrag	noun
penningkista	noun
penningknapphet	noun
penningmarknad	noun
penningpolitik	noun
penningpolitisk	adj
penningpung	noun
penningsumma	noun
penningtvätt	noun
penningtvättare	noun
penningvärde	noun
pennkjol	noun
pennkniv	noun
pennskrin	noun
pennvässare	noun
pensel	noun
pension	noun
pensionat	noun
pensionera	verb
pensionering	noun
pensionsbelopp	noun
pensionsmässig	adj
pensionsspara	verb
pensionssparare	noun
pensionstagare	noun
pensionär	noun
pensla	verb
pentagram	noun
pentan	noun
pentanol	noun
pentateuken	name
pentry	noun
penultima	noun
peo	name
peppar	noun
pepparkaka	noun
pepparkaksgubbe	noun
pepparkaksgumma	noun
pepparkakshjärta	noun
pepparkakshus	noun
pepparkorn	noun
pepparkvarn	noun
pepparmynta	noun
pepparrot	noun
pepparsprej	noun
pepparträd	noun
peppra	verb
pepprig	adj
pepprighet	noun
peppring	noun
pepsin	noun
per	name,prep
percy	name
perenn	noun
perfekt	adj,adv,noun
perfektion	noun
perfektionism	noun
perfektionist	noun
perfektionistisk	adj
perfektparticip	noun
perforera	verb
perforerad	adj
perforering	noun
pergament	noun
perifer	adj
periferi	noun
perigeum	noun
period	noun
periodare	noun
periodicitet	noun
periodisk	adj
periodvis	adj,adv
peripatetisk	adj
peripeti	noun
periskop	noun
perklorsyra	noun
perkolator	noun
perkulator	noun
perlon	noun
permafrost	noun
permanens	noun
permanent	adj,noun
permanenta	verb
permeabel	adj
permeabilitet	noun
permission	noun
permittera	verb
permittering	noun
permobil	noun
permutation	noun
permutera	verb
permutering	noun
pernilla	name
perplex	adj
perrong	noun
pers	noun
persedel	noun
persefone	name
perser	noun
persienn	noun
persika	noun
persikoträd	noun
persilja	noun
persiljesmör	noun
persiska	noun
persisktalande	adj
person	name,noun
persona	noun
personal	noun
personalisera	verb
personalisering	noun
personalmöte	noun
personalomsättning	noun
personalreserv	noun
personalstyrka	noun
personaltäthet	noun
personangrepp	noun
personbil	noun
personbästa	noun
persondator	noun
persongalleri	noun
personifiera	verb
personifiering	noun
personifikation	noun
personkult	noun
personlig	adj
personligen	adv
personlighet	noun
personlighetstest	noun
personnamn	noun
personnummer	noun
personregister	noun
personröstning	noun
personskada	noun
personskydd	noun
personsökare	noun
persontåg	noun
personuppgift	noun
personval	noun
personvalskampanj	noun
perspektiv	noun
perspektivlöshet	noun
perspirera	verb
persson	name
peru	name
peruan	noun
peruansk	adj
peruk	noun
perukmakare	noun
perukstock	noun
pervers	adj
perversion	noun
perversitet	noun
perverterad	adj
pessimism	noun
pessimist	noun
pessimistisk	adj
pest	noun
pesto	noun
peta	verb
petard	noun
peter	intj,name
petersson	name
petflaska	noun
petgöra	noun
petig	adj
petighet	noun
petimeter	noun
petimäter	noun
petitess	noun
petning	noun
petnoga	adj
petra	name
petrifiera	verb
petrifiering	noun
petroleum	noun
petronella	name
petrus	name
petrusbrev	name
petter	name
pettersson	name
pg	noun
philip	name
pi	noun
pia	name
piaff	noun
piaffera	verb
piaffering	noun
pianist	noun
piano	adv,noun
pianofinger	adj
pianolärare	noun
pianostämmare	noun
pianotråd	noun
piccolaflöjt	noun
picka	verb
pickelhuva	noun
pickla	verb
picknick	noun
pickup	noun
piercing	noun
pierre	name
pietetsfull	adj
pietetslös	adj
piffa	verb
piffig	adj
piffighet	noun
pigg	adj,noun
pigghaj	noun
pigghet	noun
piggsvin	noun
piggvar	noun
pigkammare	noun
pigment	noun
pigroman	noun
pik	noun
pika	verb
pikant	adj
piket	noun
pikofarad	noun
pikosekund	noun
pikt	noun
pil	noun
pilates	noun
pilbåge	noun
pilfink	noun
pilgiftsgroda	noun
pilgrim	noun
pilgrimsfalk	noun
pilgrimsfärd	noun
pilgrimsmussla	noun
pilgrimsort	noun
pilgrimsstav	noun
pilk	noun
pilka	verb
pilkastning	noun
pilkning	noun
piller	noun
pilot	noun
pilotavsnitt	noun
pilotstudie	noun
pilsner	noun
pilsnerfilm	noun
pilsnerkorv	noun
pilspets	noun
piltangent	noun
piltavla	noun
pilträd	noun
pilört	noun
pimpel	noun
pimpelfiske	noun
pimpelspö	noun
pimpla	verb
pimpling	noun
pin	noun
pina	noun,verb
pinaler	noun
pincett	noun
pincetters	noun
pinfull	adj
pinfärsk	adj
pingel	noun
pingisboll	noun
pingisspelare	noun
pingistävling	noun
pingla	noun,verb
pingpongboll	noun
pingst	noun
pingstdag	noun
pingvin	noun
pinje	noun
pinjekärna	noun
pinjenöt	noun
pinkod	noun
pinkär	adj
pinne	noun
pinocchiotårta	noun
pinoläger	noun
pinoredskap	noun
pinsam	adj
pinsamhet	noun
pintoböna	noun
pinuppbild	noun
pion	noun
pionjär	noun
pip	intj,noun
pipa	noun,verb
pipare	noun
piparsnäppa	noun
pipett	noun
piplärka	noun
pippi	name
piprensare	noun
piprökare	noun
pipskägg	noun
pir	noun
pirat	noun
piratdåd	noun
piratparti	noun
piratpartist	noun
piratskepp	noun
piraya	noun
pirk	noun
pirka	verb
pirog	noun
pirr	noun
pirra	verb
pirrning	noun
piruett	noun
pisang	noun
piska	noun,verb
piskning	noun
piskrapp	noun
pisksnärt	noun
pisksnärtskada	noun
pisksnärtsskada	noun
pissig	adj
pist	noun
pistasch	noun
pistaschnöt	noun
pistill	noun
pistol	noun
pistolattrapp	noun
pistolhot	noun
pistolkula	noun
pistolskott	noun
pistong	noun
pitbullterrier	noun
pitcairnöarna	name
piteå	name
pittoresk	adj
pixel	noun
pizza	noun
pizzabagare	noun
pizzabit	noun
pizzabud	noun
pizzadeg	noun
pizzakartong	noun
pizzaplåt	noun
pizzasallad	noun
pizzaslice	noun
pizzasten	noun
pizzaugn	noun
pizzeria	noun
pjoller	noun
pjollra	verb
pjollrig	adj
pjosk	noun
pjoska	verb
pjoskig	adj
pjunk	noun
pjunka	verb
pjunkig	adj
pjunkighet	noun
pjäs	noun
pjäsförfattare	noun
pjäxa	noun
pjåkig	adj
pjött	noun
pk	adj,noun
placenta	noun
placera	verb
placerare	noun
placering	noun
pladask	adv
pladder	noun
pladdra	verb
pladdrig	adj
pladdrighet	noun
plagg	noun
plagiat	noun
plagiator	noun
plagiera	verb
plagiering	noun
plakat	adj,noun
plan	adj,noun
plana	verb
planekonomi	noun
planenlig	adj
planera	verb
planerare	noun
planerbar	adj
planering	noun
planeringsstadium	noun
planet	noun
planetbana	noun
planetsystem	noun
plank	noun
planka	noun,verb
plankorsning	noun
plankstek	noun
plankton	noun
planlägga	verb
planlös	adj
planlöshet	noun
planlösning	noun
planmässig	adj
planogram	noun
planritning	noun
plansch	noun
planta	noun
plantage	noun
plantageägare	noun
plantera	verb
plantering	noun
plask	intj,noun
plaska	verb
plaskdamm	noun
plaskvåt	adj
plasma	noun
plast	noun
plasta	verb
plastbestick	noun
plastbror	noun
plastflaska	noun
plastfolie	noun
plastförälder	noun
plasticitet	noun
plastig	adj
plastik	noun
plastikkirurg	noun
plastikkirurgi	noun
plastikoperation	noun
plastkapsel	noun
plastkasse	noun
plastkork	noun
plastlock	noun
plastpåse	noun
plaströr	noun
plastskål	noun
plastsyskon	noun
plastsyster	noun
plasttallrik	noun
platina	noun
platon	name
platonisk	adj
platonsk	adj
plats	noun
platsa	verb
platsbrist	noun
platshållare	noun
platt	adj,adv,noun
platta	noun,verb
plattektonik	noun
plattfisk	noun
plattform	noun
plattformsoberoende	adj
plattformsspel	noun
plattfot	noun
plattfotad	adj
platthet	noun
plattityd	noun
plattjordare	noun
plattnäst	adj
plattysk	adj
plattyska	noun
plattång	noun
platå	noun
platåsko	noun
plausibel	adj
playa	noun
playback	noun
plebej	noun
plebejisk	adj
plektrum	noun
plektrumskydd	noun
plenarmöte	noun
plenarsammanträde	noun
plenisal	noun
pleroma	noun
plexiglas	noun
pli	noun
plikt	noun
plikta	verb
pliktförgäten	adj
pliktförgätenhet	noun
pliktkänsla	noun
pliktskyldig	adj
pliktskyldigast	adv
plikttrogen	adj
plikttrogenhet	noun
plikttrohet	noun
plimsollmärke	noun
pling	intj,noun
plinga	verb
plint	noun
plira	verb
plirögd	adj
plissera	verb
plita	verb
plock	noun
plocka	verb
plockepinn	noun
plockmat	noun
plockning	noun
plog	noun
ploga	verb
plogbil	noun
plomb	noun
plombera	verb
plommon	noun
plommonros	noun
plommonstop	noun
plommonträd	noun
plopp	intj,noun
ploppa	verb
plottrig	adj
plottrighet	noun
plu	noun
plufsig	adj
plufsighet	noun
plugg	noun
plugga	verb
plugghäst	noun
plump	adj,noun
plumphet	noun
plumpudding	noun
plums	intj,noun
plumsa	verb
plundra	verb
plundrare	noun
plundring	noun
plundringståg	noun
plunta	noun
plupp	noun
pluralform	noun
pluralis	noun
pluralism	noun
pluralist	noun
pluralistisk	adj
pluralitet	noun
plus	conj,noun
plusgrad	noun
plushofili	noun
pluskvamperfekt	noun
plussig	adj
plussighet	noun
plustecken	noun
pluto	name
plutokrat	noun
plutokrati	noun
plutokratisk	adj
pluton	noun
plutonium	noun
pluttig	adj
plym	noun
plysch	noun
plywood	noun
plädera	verb
plädering	noun
plätera	verb
plätering	noun
plätt	noun
plåga	noun,verb
plågoande	noun
plågoris	noun
plågsam	adj
plågsamhet	noun
plågsamt	adv
plån	noun
plånbok	noun
plånboksfråga	noun
plåster	noun
plåstring	noun
plåt	noun
plåtslagare	noun
plöja	verb
plöjning	noun
plös	noun
plötslig	adj
plötsligen	adv
plötslighet	noun
plötsligt	adv
pm	noun
pneumokonios	noun
po	name
pochera	verb
pocka	verb
pocket	noun
pocketbok	noun
pocketrea	noun
pocketupplaga	noun
pocketutgåva	noun
podcast	noun
podcasta	verb
podd	noun
podda	verb
podium	noun
poem	noun
poesi	noun
poesitävling	noun
poet	noun
poetisk	adj
poetiskt	adv
poff	intj
pogrom	noun
poissonfördelning	noun
pojkaktig	adj
pojkaktighet	noun
pojkband	noun
pojkdröm	noun
pojke	noun
pojkflicka	noun
pojknamn	noun
pojkrum	noun
pojkscout	noun
pojkstreck	noun
pojktokig	adj
pojkvän	noun
pokal	noun
pokeransikte	noun
pokerface	noun
pokerspelare	noun
pol	noun
polack	noun
polarforskning	noun
polarhav	noun
polaris	noun
polarisation	noun
polarisera	verb
polarisering	noun
polarklimat	noun
polaroid	noun
polaroidbild	noun
polaroidfilm	noun
polaroidkamera	noun
polarräv	noun
polarsken	noun
polarvarg	noun
polcirkel	noun
polemik	noun
polemiker	noun
polemisera	verb
polemisk	adj
polemiskt	adv
polen	name
polera	verb
polerbar	adj
polering	noun
polhöjd	noun
policybeslut	noun
polioepidemi	noun
poliovaccin	noun
polis	noun
polisanmäla	verb
polisanmälan	noun
polisanmälans	noun
polisarbete	noun
polisbil	noun
polisbricka	noun
polisbrutalitet	noun
polisbyrå	noun
polisbåt	noun
polisförhör	noun
polishelikopter	noun
polishund	noun
polishus	noun
polisinsats	noun
polisintendent	noun
polisiär	adj
polisjakt	noun
poliskommissarie	noun
poliskälla	noun
polisledning	noun
polisman	noun
polismyndighet	noun
polismästare	noun
polisong	noun
polispatrull	noun
polisrazzia	noun
polisräd	noun
polissekreterare	noun
polisskydd	noun
polisstat	noun
polisstation	noun
polistjänsteman	noun
polisutredning	noun
polisöverintendent	noun
politbyrå	noun
politik	noun
politikerförakt	noun
politikområde	noun
politisera	verb
politisering	noun
politisk	adj
politruk	noun
polka	noun
polkagris	noun
polkagrisrandig	adj
pollen	noun
pollenallergi	noun
pollett	noun
pollettera	verb
pollination	noun
pollinera	verb
pollinering	noun
polonium	noun
polonäs	noun
polospelare	noun
polsk	adj
polsk-ortodox	adj
polska	noun
polskspråkig	adj
polsktalande	adj
polstjärna	noun
polyamori	noun
polyandri	noun
polyeder	noun
polyeten	noun
polygam	adj
polygami	noun
polyglott	adj,noun
polyglottsångare	noun
polygon	noun
polygyni	noun
polymerisera	verb
polymerisering	noun
polynesien	name
polynesier	noun
polynom	noun
polypeptid	noun
polyptyk	noun
polyteism	noun
polyteist	noun
polyteistisk	adj
polyteknisk	adj
polytop	noun
pommern	name
pompa	noun
pompeji	name
pompong	noun
pompös	adj
pomrare	noun
ponera	verb
ponny	noun
ponton	noun
pontonbro	noun
pontus	name
pool	noun
pop	noun
popcorn	noun
popcornfilm	noun
popgrupp	noun
popmusik	noun
poppa	verb
poppel	noun
poppers	noun
popskiva	noun
popsångare	noun
popularisera	verb
popularisering	noun
popularitet	noun
populas	noun
population	noun
populationsgenetik	noun
populistisk	adj
populistiskt	adv
populär	adj
populärförfattare	noun
populärisering	noun
populärkultur	noun
populärvetenskap	noun
populärvetenskaplig	adj
por	noun
porl	noun
porla	verb
pormask	noun
pornograf	noun
pornografi	noun
pornografisk	adj
porositet	noun
porr	noun
porrbild	noun
porrbio	noun
porrbiograf	noun
porrbutik	noun
porrfilm	noun
porrindustri	noun
porrklubb	noun
porrnovell	noun
porrsajt	noun
porrskådespelare	noun
porrstjärna	noun
porrsurfa	verb
porrtidning	noun
porslin	noun
porslinsbutik	noun
porslinsdocka	noun
porslinsfat	noun
porslinskopp	noun
porslinsskål	noun
porslinstallrik	noun
port	noun
porta	verb
portabel	adj
portalparagraf	noun
porten	name
portfölj	noun
portion	noun
portionera	verb
portionssnus	noun
portklapp	noun
portkod	noun
portlak	noun
portmonnä	noun
porto	noun
portokod	noun
porträtt	noun
porträttecknare	noun
porträttera	verb
porträttering	noun
porträttmålare	noun
portugal	name
portugis	noun
portugisisk	adj
portugisiska	noun
portuppgång	noun
portvakt	noun
portvin	noun
portvinsglas	noun
portvinstå	noun
portåder	noun
porös	adj
poröshet	noun
poseidon	name
posera	verb
posering	noun
position	noun
positionera	verb
positionering	noun
positiv	adj,noun
positivitet	noun
positron	noun
post	noun
posta	verb
postapokalyptisk	adj
postare	noun
postavi	noun
postbox	noun
postilla	noun
postindustriell	adj
postkod	noun
postkolonial	adj
postkommunistisk	adj
postkontor	noun
postkvitto	noun
postlåda	noun
postmodern	adj
postmodernism	noun
postombud	noun
postorder	noun
postorderfirma	noun
postorderföretag	noun
postorderkatalog	noun
postort	noun
postrum	noun
poströst	noun
poströsta	verb
poströstande	noun
poströstning	noun
poststrukturalism	noun
poststämpel	noun
postterminal	noun
postulat	noun
postulera	verb
postum	adj
potatis	noun
potatisbulle	noun
potatischips	noun
potatisgratäng	noun
potatiskorv	noun
potatiskräfta	noun
potatismjöl	noun
potatismos	noun
potatisnäsa	noun
potatissallad	noun
potatisskalare	noun
potemkinkuliss	noun
potens	noun
potensmängd	noun
potent	adj
potentat	noun
potential	noun
potentialitet	noun
potentiell	adj
potpurri	noun
pott	noun
potta	noun
pottfrisyr	noun
pottval	noun
pourmokhtari	name
poäng	noun
poänglös	adj
poänglöshet	noun
poängmässig	adj
poängsumma	noun
poängtera	verb
pp	name
pr	adv,noun
pracka	noun
prag	name
pragmatiker	noun
pragmatisk	adj
prakt	noun
praktejder	noun
praktexempel	noun
praktfull	adj
praktfullhet	noun
praktgräl	noun
praktik	noun
praktikant	noun
praktiker	noun
praktisera	verb
praktisk	adj
praktmalva	noun
praktmes	noun
pralin	noun
pralinask	noun
prao	noun
praseodym	noun
prassel	noun
prassla	verb
prat	noun
prata	verb
pratbubbla	noun
pratglad	adj
pratighet	noun
pratigt	adv
pratmakare	noun
pratminus	noun
pratprogram	noun
pratsam	adj
pratsamhet	noun
pratshow	noun
praxis	noun
preambel	noun
prebende	noun
precedensfall	noun
precis	adj,adv
precisera	verb
preciserad	adj
precisering	noun
precision	noun
precisionsur	noun
precisionsvapen	noun
pred	name
predestination	noun
predika	verb
predikament	noun
predikan	noun
predikant	noun
predikaren	name
predikat	noun
predikstol	noun
prediktera	verb
predisponera	verb
predisponerad	adj
predisposition	noun
preexistens	noun
preexistera	verb
prefekt	noun
preferens	noun
prefix	noun
pregnant	adj
preja	verb
prejskott	noun
prejudikat	noun
prekariat	noun
prekarisering	noun
prekursor	noun
prekär	adj
prelat	noun
preliminär	adj
preliminärskatt	noun
preludium	noun
premetro	noun
premie	noun
premiera	verb
premiering	noun
premiär	noun
premiäravsnitt	noun
premiärdatum	noun
premiärmatch	noun
premiärminister	noun
prenumerant	noun
prenumeration	noun
prenumerera	verb
preparat	noun
preparera	verb
preparering	noun
preposition	noun
prepositionsuttryck	noun
presenning	noun
presens	noun
presensparticip	noun
present	noun
presentabel	adj
presentation	noun
presentatör	noun
presentbutik	noun
presentera	verb
presentkort	noun
presentpapper	noun
president	noun
presidented	noun
presidentkampanj	noun
presidentkandidat	noun
presidentkansli	noun
presidentpalats	noun
presidentskap	noun
presidentskifte	noun
presidentstyre	noun
presidentval	noun
presidentvalskampanj	noun
presidentämbete	noun
presidium	noun
preskribera	verb
preskription	noun
preskriptionsförordning	noun
preskriptionstid	noun
press	noun
pressa	verb
pressansvarig	adj
pressarfot	noun
presschef	noun
pressekreterare	noun
pressetik	noun
pressfrihet	noun
pressgurka	noun
presskonferens	noun
pressmeddelande	noun
pressombudsman	noun
pressrum	noun
pressråd	noun
presstalesperson	noun
pressträff	noun
presstöd	noun
pressuppbåd	noun
pressuppgift	noun
pressutskick	noun
prestanda	noun
prestation	noun
prestationsbaserad	adj
prestationsförmåga	noun
prestationsångest	noun
prestera	verb
prestige	noun
prestigefylld	adj
prestigelöshet	noun
prestigeuniversitet	noun
presumera	verb
presumering	noun
presumtion	noun
presumtiv	adj
pretentiös	adj
pretentiöst	adv
pretor	noun
pretorian	noun
pretoriangarde	noun
pretorium	noun
pretzel	noun
preussare	noun
preussen	name
preusseri	noun
preussisk	adj
preussiska	noun
preventiv	adj
preventivkrig	noun
preventivmedel	noun
prick	adv,noun
pricka	verb
prickfri	adj
prickig	adj
prickning	noun
prickskytt	noun
prickskytte	noun
prickskyttegevär	noun
pricksäker	adj
pricksäkerhet	noun
pridefestival	noun
prideparad	noun
pridetåg	noun
prillighet	noun
prima	adj
primadonna	noun
primas	noun
primat	noun
primitiv	adj
primitivistisk	adj
primitivitet	noun
primtal	noun
primär	adj
primärforskning	noun
primärkälla	noun
primärminne	noun
primärstadium	noun
primärt	adv
primärtumör	noun
primärval	noun
primärvård	noun
primör	noun
princip	noun
principal	noun
principfast	adj
principfasthet	noun
principfråga	noun
principiell	adj
principiellt	adv
principlös	adj
principlöshet	noun
principryttare	noun
principöverenskommelse	noun
prins	noun
prinsessa	noun
prinsesstårta	noun
prinsgemål	noun
prinskorv	noun
prioritera	verb
prioriterad	adj
prioriteringsdjävulen	name
prioritet	noun
pris	noun
prisa	verb
prisavdrag	noun
prisbasbelopp	noun
prisbelönt	adj
prisfall	noun
prishöjning	noun
prisindex	noun
prisjury	noun
prisjägare	noun
priskontroll	noun
priskänslig	adj
priskänslighet	noun
prislapp	noun
prislista	noun
prisläge	noun
prisma	noun
prispall	noun
prispeng	noun
prispåslag	noun
prisstabilitet	noun
prisstegring	noun
prissumma	noun
prissänkning	noun
prissätta	verb
prissättning	noun
pristagare	noun
pristak	noun
prisuppgift	noun
prisuppgång	noun
prisutdelning	noun
prisvärd	adj
prisvärdhet	noun
prisökning	noun
privat	adj,adv
privatangelägenhet	noun
privatanställd	adj
privatbana	noun
privatbil	noun
privatbilism	noun
privatbilist	noun
privatbostad	noun
privatchaufför	noun
privatdetektiv	noun
privategendom	noun
privatekonom	noun
privatekonomi	noun
privatekonomisk	adj
privatflyg	noun
privatflygplan	noun
privatförmögenhet	noun
privathet	noun
privatimport	noun
privatisera	verb
privatisering	noun
privatjet	noun
privatklinik	noun
privatkund	noun
privatliv	noun
privatmarknad	noun
privatplan	noun
privaträtt	noun
privaträttslig	adj
privatsak	noun
privatsamlare	noun
privatsamling	noun
privatsamtal	noun
privatsfär	noun
privatsjukhus	noun
privatskola	noun
privatspanare	noun
privatvärd	noun
privilegiera	verb
privilegierad	adj
privilegium	noun
proaktiv	adj
proaktivitet	noun
proband	noun
problem	noun
problematik	noun
problematisera	verb
problematisering	noun
problematisk	adj
problemformuleringsprivilegium	noun
problemlösare	noun
problemlösning	noun
proc	noun
procedur	noun
procent	noun
procentare	noun
procentenhet	noun
procentuell	adj
process	noun
processlysten	adj
processrätt	noun
processrättslig	adj
producent	noun
producera	verb
produkt	noun
produktbild	noun
produktion	noun
produktionsdelningsavtal	noun
produktionsledare	noun
produktionsordbok	noun
produktiv	adj
produktivitet	noun
produktivitetsökning	noun
produktutvecklare	noun
produktutveckling	noun
profan	adj
profant	adv
professionalisera	verb
professionalisering	noun
professionalism	noun
professionalitet	noun
professionell	adj
professionellt	adv
professor	noun
professur	noun
profet	noun
profetera	verb
profetia	noun
profetisk	adj
profetissa	noun
profetsalvia	noun
profetskägg	noun
proffs	noun
proffsboxare	noun
proffsboxning	noun
proffsfotboll	noun
proffsighet	noun
proffsliga	noun
proffspolitiker	noun
profil	noun
profilera	verb
profilstark	adj
profit	noun
profitera	verb
profitör	noun
progesteron	noun
progg	noun
proggare	noun
proggmusik	noun
prognos	noun
prognosmakare	noun
prognosticera	verb
prognostiker	noun
prognostisera	verb
prognostisering	noun
program	noun
programkontor	noun
programledare	noun
programmera	verb
programmerare	noun
programmerbar	adj
programmering	noun
programmeringsspråk	noun
programspråk	noun
programtolk	noun
programvara	noun
progressiv	adj
progressivitet	noun
projekt	noun
projektanslag	noun
projektera	verb
projektil	noun
projektledare	noun
projektor	noun
projektsamordnare	noun
projicera	verb
projicering	noun
proklamation	noun
proklamera	verb
proklamering	noun
prokommunistisk	adj
prokonsul	noun
prokrastinera	verb
prokrastinering	noun
proktolog	noun
proktologi	noun
proktologisk	adj
prolaps	noun
proletariat	noun
proletär	adj,noun
prolin	noun
promemoria	noun
promenad	noun
promenadkäpp	noun
promenadseger	noun
promenadstråk	noun
promenadtakt	noun
promenera	verb
promenoar	noun
prometium	noun
promille	noun
promiskuitet	noun
promiskuös	adj
promota	verb
promovering	noun
prompt	adj,adv,noun
promulgera	verb
promulgerad	adj
promulgering	noun
pronomen	noun
propaganda	noun
propagandakampanj	noun
propagandamakare	noun
propagera	verb
propan	noun
propanol	noun
propedeutik	noun
propedeutisk	adj
propeller	noun
proper	adj
proportion	noun
proportionalitet	noun
proportionell	adj
proportionerlig	adj
proposition	noun
propp	noun
proppa	verb
proppfull	adj
propplösande	adj
propplösare	noun
proppmätt	adj
proppskåp	noun
proppsäkring	noun
propsa	verb
propå	noun
prosa	noun
prosaisk	adj
prosaiskt	adv
prosit	intj
prost	noun
prostata	noun
prostatamassage	noun
prostatit	noun
prostinna	noun
prostituera	verb
prostituerad	adj
prostitution	noun
protagonist	noun
protaktinium	noun
protein	noun
proteinförgiftning	noun
proteinpulver	noun
proteinrik	adj
protektionism	noun
protektionistisk	adj
protes	noun
protest	noun
protestant	noun
protestantisk	adj
protestantism	noun
protestera	verb
protestgrupp	noun
protestmarsch	noun
protestmöte	noun
proteströrelse	noun
protestvåg	noun
protokoll	noun
protokollföra	verb
proton	noun
protonpump	noun
protonpumpshämmare	noun
prov	noun
prova	verb
provdeltagare	noun
provence	name
provencesångare	noun
proveniens	noun
provensal	noun
provhytt	noun
proviant	noun
proviantera	verb
proviantering	noun
provins	noun
provinshuvudstad	noun
provinsiell	adj
provisorisk	adj
provisorium	noun
provköra	verb
provkörning	noun
provning	noun
provocera	verb
provocering	noun
provokation	noun
provokativ	adj
provokatör	noun
provrum	noun
provrör	noun
provrörsbefruktning	noun
provsmaka	verb
provsmakare	noun
provsmakning	noun
provtagning	noun
provtur	noun
provval	noun
provåka	verb
provåkning	noun
proxykrig	noun
proxyserver	noun
prudentlig	adj
prudentlighet	noun
prunka	verb
prunkande	adj
prupp	noun
pruppa	verb
prussiluska	noun
pruta	verb
prutgäss	noun
prutgås	noun
prutta	verb
pruttkudde	noun
pryd	adj
pryda	verb
pryderi	noun
prydhet	noun
prydlig	adj
prydlighet	noun
prydnad	noun
prydno	noun
prygel	noun
prygla	verb
prygling	noun
pryl	noun
prägel	noun
prägla	verb
prägling	noun
präktig	adj
präktighet	noun
pränt	noun
pränta	verb
prärie	noun
präriekatträv	noun
prärielöpare	noun
prärietrana	noun
prärievarg	noun
präst	noun
prästerlig	adj
prästgård	noun
prästinna	noun
prästkrage	noun
prästost	noun
prästviga	verb
prästvigning	noun
prästvälde	noun
pråla	verb
prålig	adj
prålighet	noun
pråm	noun
prång	noun
prångla	verb
pröva	verb
prövning	noun
prövningstillstånd	noun
prövosten	noun
ps	name,phrase
psalm	noun
psalmbok	noun
psaltare	noun
psaltaren	name
pseudohistoria	noun
pseudohändelse	noun
pseudokod	noun
pseudospektral	adj
pseudovetenskap	noun
pseudovetenskaplig	adj
pskov	name
pskovsk	adj
psyke	noun
psykedelisk	adj
psykiater	noun
psykiatri	noun
psykiatriker	noun
psykiatrisk	adj
psykisk	adj
psykoaktiv	adj
psykoanalys	noun
psykoanalysera	verb
psykodrama	noun
psykofysiologi	noun
psykolog	noun
psykologi	noun
psykologisera	verb
psykologisering	noun
psykologisk	adj
psykopat	noun
psykopati	noun
psykopatisk	adj
psykopatologi	noun
psykopatologisk	adj
psykopatologiskt	adv
psykos	noun
psykosocial	adj
psykosocialt	adv
psykosomatisk	adj
psykoterapeut	noun
psykoterapeutisk	adj
psykoterapi	noun
psykotisk	adj
pt	noun
pub	noun
pubertal	adj
pubertet	noun
pubeshår	noun
pubishår	noun
publicera	verb
publicerad	adj
publicerbar	adj
publicering	noun
publiceringsdatum	noun
publicist	noun
publicitet	noun
publik	adj,noun
publikation	noun
publikationsbyrå	noun
publikationshandbok	noun
publikkapacitet	noun
puck	noun
puckel	noun
puckelpist	noun
puckelrygg	noun
puckelryggig	adj
pudding	noun
pudel	noun
puder	noun
pudersnö	noun
pudersocker	noun
pudervippa	noun
pudla	verb
pudra	verb
pudrig	adj
pudring	noun
pueril	adj
puerilitet	noun
puertorican	noun
puff	noun
puffa	verb
puffärm	noun
puh	intj
puka	noun
pukaberg	name
pukeberg	name
puktörne	noun
pukvete	noun
pula	verb
pulka	noun
pull	intj
pulla	verb
pullover	noun
puls	noun
pulsa	verb
pulsar	noun
pulsera	verb
pulsering	noun
pulsåder	noun
pulsåderbråck	noun
pultron	noun
pulver	noun
pulverkaffe	noun
pulvermos	noun
pulversläckare	noun
pulvrisera	verb
pulvrisering	noun
puma	noun
pumdas	phrase
pump	noun
pumpa	noun,verb
pumpafrö	noun
pumpning	noun
pumps	noun
pumpstation	noun
pund	noun
pundare	noun
pundkurs	noun
pung	noun
pungdjur	noun
pungdjävul	noun
pungmes	noun
pungräv	noun
pungråtta	noun
pungslå	verb
pungspark	noun
pungsparka	verb
pungsäck	noun
pungvarg	noun
pungvred	noun
punisk	adj
punk	noun
punkare	noun
punkband	noun
punkrock	noun
punkt	intj,noun
punktbevaka	verb
punktbevakning	noun
punktdiagram	noun
punktera	verb
punktering	noun
punkteringssäker	adj
punktformad	adj
punktformig	adj
punktlig	adj
punktlighet	noun
punktlista	noun
punktmarkera	verb
punktskatt	noun
punktskrift	noun
punktuppställning	noun
punsch	noun
punschbål	noun
punschpatriot	noun
punschpatriotism	noun
punschrulle	noun
punschskål	noun
punschveranda	noun
puntel	noun
pupill	noun
puppa	noun
purfärsk	adj
puritan	noun
puritanism	noun
puritansk	adj
purjo	noun
purjolök	noun
purkenhet	noun
purpur	noun
purpurhäger	noun
purra	verb
pursvenskars	noun
purung	adj
puss	noun
pussa	verb
pussel	noun
pusselbit	noun
pussig	adj
pussighet	noun
pust	intj,noun
pusta	noun,verb
puta	verb
putinisering	noun
puts	noun
putsa	verb
putslustig	adj
putslustighet	noun
putsning	noun
putt	adj,noun
putta	verb
putter	noun
puttra	verb
pv	noun
pyjamas	noun
pyjamasparty	noun
pykniker	noun
pynt	noun
pynta	verb
pyra	verb
pyramid	noun
pyramidspel	noun
pyreneisk	adj
pyroman	noun
pyromani	noun
pyroteknik	noun
pyrotekniker	noun
pyroteknisk	adj
pyrrhusseger	noun
pys	noun
pysa	verb
pyssel	noun
pyssla	verb
pythagoras	name
pythagoreisk	adj
pyton	noun
pytonorm	noun
pytteliten	adj
pyttipanna	noun
pyttis	name
pyttsan	intj
päll	noun
päls	noun
pälsare	noun
pälsdjur	noun
pälsdjursallergi	noun
pälsdjursfarm	noun
pälsfarm	noun
pälsklädd	adj
pälsmössa	noun
pälsverk	noun
pälsänger	noun
pär	name,noun
pärla	noun
pärlande	adj
pärlband	noun
pärlbåt	noun
pärlcollier	noun
pärlemor	noun
pärleport	noun
pärlfiskare	noun
pärlfiske	noun
pärlhalsband	noun
pärlsocker	noun
pärluggla	noun
pärlvit	adj
pärm	noun
päronformad	adj
päronformig	adj
päronjuice	noun
päronträd	noun
pärs	noun
på	adj,prep
påbjuda	verb
påbrå	noun
påbröd	noun
påbrödskort	noun
påbud	noun
påbudsmärke	noun
påbyggnad	noun
påbyggnadslinje	noun
påbörja	verb
påbörjad	adj
pådrag	noun
pådrivare	noun
pådyvla	verb
påfallande	adj,adv
påfart	noun
påflugen	adj
påflugenhet	noun
påfordra	verb
påfrestande	adj
påfrestning	noun
påfund	noun
påfyllning	noun
påfågel	noun
påfågelstjärt	noun
påfågelsättning	noun
påföljd	noun
påföljdseftergift	noun
påg	noun
pågå	verb
pågående	adj
påhejad	adj
påhitt	noun
påhittig	adj
påhittighet	noun
påhopp	noun
påhängsfråga	noun
påhängsvagn	noun
påk	noun
påkalla	verb
påklistrad	adj
påklädare	noun
påkostad	adj
påkörning	noun
pål	name
påla	verb
pålandsvind	noun
påle	noun
pålitlig	adj
pålitlighet	noun
pålkran	noun
pålning	noun
pålsmässa	noun
pålstek	noun
pålverk	noun
pålägg	noun
påläggskalv	noun
påläst	adj
påminna	verb
påminnelse	noun
pånyttföda	verb
pånyttfödd	adj
pånyttfödelse	noun
påpasslig	adj
påpeka	verb
påpetare	noun
påpälsad	adj
pårökt	adj
påse	noun
påsig	adj
påsighet	noun
påsk	noun
påskafton	noun
påskalamm	noun
påskdag	noun
påskfirande	adj,noun
påskfjäder	noun
påskhare	noun
påskina	verb
påskkärring	noun
påsklilja	noun
påsklov	noun
påsklämma	noun
påskmust	noun
påskris	noun
påskynda	verb
påskyndning	noun
påskägg	noun
påslag	noun
påslagen	adj
påslakan	noun
påssjuka	noun
påstigning	noun
påstigningssignal	noun
påstridig	adj
påstridighet	noun
påstå	verb
påstådd	adj
påstående	noun
påstötning	noun
påsvin	noun
påta	verb
påtagen	adj
påtaglig	adj
påtala	verb
påtryckning	noun
påtryckningsmedel	noun
påträffa	verb
påträffad	adj
påträngande	adj
påtvinga	verb
påtår	noun
påve	noun
påvedöme	noun
påvemakt	noun
påver	adj
påverka	verb
påverkad	adj
påverkan	noun
påverkansoperation	noun
påverkbar	adj
påverkbarhet	noun
påvisa	verb
påvlig	adj
påökt	noun
pöbel	noun
pöbelaktig	adj
pöbelaktighet	noun
pöbelupplopp	noun
pöl	noun
pölsa	noun
pölse	noun
pörte	noun
pösa	verb
pösig	adj
pösighet	noun
pösmunk	noun
q-handel	noun
qatar	name
qatarier	noun
qatarisk	adj
qatariska	noun
quattuordeciljon	num
queerteori	noun
quisling	noun
quist	name
quisth	name
quito	name
quorn	noun
quornfärs	noun
qvist	name
qvisth	name
qwist	name
r	character
rabalder	noun
rabarber	noun
rabarberkompott	noun
rabarberkräm	noun
rabatt	noun
rabattera	verb
rabattering	noun
rabattkupong	noun
rabba	noun
rabbemos	noun
rabbi	noun
rabbin	noun
rabbinsk	adj
rabbla	verb
rabiat	adj
rabies	noun
rabiesvaccin	noun
race	noun
racingbana	noun
rack	noun
racka	noun
rackare	noun
rackarns	adj,adv,intj
rackartyg	noun
racket	noun
rad	noun
rada	verb
radar	noun
radarpar	noun
radarspel	noun
radavstånd	noun
radband	noun
radbrytning	noun
radekvivalens	noun
radekvivalent	adj
radera	verb
radergummi	noun
radering	noun
radhus	noun
radian	noun
radiator	noun
radie	noun
radikal	adj,noun
radikalfeminism	noun
radikalfeminist	noun
radikalisera	verb
radikaliserad	adj
radikalisering	noun
radikalism	noun
radikalitet	noun
radikalpacifist	noun
radikalt	adv
radio	noun
radioaktiv	adj
radioaktivitet	noun
radioapparat	noun
radiobil	noun
radiointervju	noun
radiokanal	noun
radiometer	noun
radiostation	noun
radiostyrd	adj
radiosändare	noun
radiotelefoni	noun
radioöverföring	noun
radium	noun
radon	noun
rafael	name
raffinad	noun
raffinaderi	noun
raffinemang	noun
raffinera	verb
raffinerad	adj
raffinering	noun
raffset	noun
ragata	noun
ragg	noun
ragga	verb
raggarballe	noun
raggarbil	noun
raggare	noun
ragge	name
raggmunk	noun
raggsocka	noun
ragla	verb
ragna	name
ragnar	name
ragnarök	name,noun
ragnhild	name
ragnvald	name
rajd	noun
rak	adj
raka	noun,verb
rakapparat	noun
rakblad	noun
rakbladsvass	adj
rakborste	noun
rakel	name
raket	noun
raketanfall	noun
raketangrepp	noun
raketartilleri	noun
raketattack	noun
raketbeskjutning	noun
raketbränsle	noun
raketforskare	noun
raketforskning	noun
raketgevär	noun
raketsteg	noun
rakhet	noun
rakhyvel	noun
rakit	noun
rakitis	noun
rakitisk	adj
rakkniv	noun
rakkräm	noun
raklödder	noun
rakning	noun
rakryggad	adj
raksträcka	noun
rakt	adv
raktvål	noun
rakvatten	noun
ralf	name
raljant	adj
raljera	verb
rallare	noun
rallarros	noun
rallhäger	noun
rally	noun
ram	noun
ram-minne	noun
rama	adj,verb
ramadan	noun
ramaskri	noun
ramavtal	noun
rambeslut	noun
rambokniv	noun
rambutan	noun
ramen	noun
ramism	noun
ramla	verb
ramlag	noun
ramlare	noun
ramma	verb
ramp	noun
rampfeber	noun
rampljus	noun
ramsa	noun,verb
ramslök	noun
ramverk	noun
ranch	noun
ranchdressing	noun
ranchägare	noun
rand	noun
randas	verb
randig	adj
randighet	noun
randomisera	verb
randomisering	noun
randpunkt	noun
randstat	noun
rang	noun
rangla	verb
ranglig	adj
ranglighet	noun
rangordna	verb
rangordning	noun
rangström	name
ranka	noun,verb
rankfoting	noun
rankning	noun
rannsaka	verb
rannsakan	noun
rannsakning	noun
ranson	noun
ransonera	verb
ransonering	noun
rap	noun
rapa	verb
rapartist	noun
rapning	noun
rapp	adj,noun
rappa	verb
rappakalja	noun
rappare	noun
rapphet	noun
rapphöna	noun
rapphöns	noun
rapphönsjakt	noun
rappkäftad	adj
rapport	noun
rapportera	verb
rapportförfattare	noun
rapportserie	noun
rapportör	noun
rappt	adv
rapptungad	adj
raps	noun
rapsodisk	adj
rapsolja	noun
rar	adj
raring	noun
ras	noun
rasa	verb
rasande	adj
rasbiolog	noun
rasbiologi	noun
rasbiologisk	adj
rasdiskriminering	noun
rasera	verb
raserande	adj
raseri	noun
raserianfall	noun
raseriutbrott	noun
rasfördom	noun
rasförrädare	noun
rasförräderi	noun
rasförtryck	noun
rashat	noun
rashets	noun
rashetsare	noun
rashygien	noun
rashygienisk	adj
rasifiera	verb
rasifierad	adj
rasifiering	noun
rasism	noun
rasist	noun
rasistisk	adj
rasistregim	noun
rask	adj,name,noun
rasket	noun
raskhet	noun
raskt	adv
raslig	adj
raslära	noun
rasmassa	noun
rasmus	name
rasmystik	noun
rasmässig	adj
raspa	verb
raspig	adj
raspolitik	noun
rasrenhet	noun
rasrisk	noun
rassel	noun
rassla	verb
rast	noun
rasta	verb
rastgård	noun
rastillhörighet	noun
rastlös	adj
rastlöshet	noun
rastplats	noun
rata	verb
ratatouille	noun
ratificera	verb
ratificering	noun
ratihabera	verb
rationalisera	verb
rationalisering	noun
rationalistisk	adj
rationalistiskt	adv
rationalitet	noun
rationell	adj
rationellt	adv
ratt	noun
rattfylla	noun
rattfylleri	noun
rattfyllerist	noun
rattlina	noun
rattmuff	noun
rattsurfa	verb
rattöverdrag	noun
rauk	noun
raumo	name
rave	noun
raveparty	noun
ravin	noun
ravioli	noun
raymond	name
razzia	noun
rdr	noun
re	noun,verb
rea	noun,verb
reaförlust	noun
reagera	verb
reaktion	noun
reaktionsmotor	noun
reaktionär	adj,noun
reaktiv	adj
reaktivera	verb
reaktivering	noun
reaktivitet	noun
reaktor	noun
reaktorbränsle	noun
real	adj,noun
reale	noun
realia	noun
realinkomst	noun
realisation	noun
realisationsförlust	noun
realisationsvinst	noun
realisationsvinstbeskattning	noun
realisera	verb
realiserbar	adj
realisering	noun
realism	noun
realist	noun
realistisk	adj
realitet	noun
realkapital	noun
realläroverk	noun
reallön	noun
reallönehöjning	noun
reallönesänkning	noun
reallöneökning	noun
realpolitik	noun
realpolitiker	noun
realpolitisk	adj
realpresens	noun
realskola	noun
realskoleexamen	noun
realsocialism	noun
realtid	noun
reamotor	noun
reaplan	noun
reassurera	verb
reavinst	noun
rebecca	name
rebecka	name
rebell	noun
rebellisk	adj
rebellrörelse	noun
rebus	noun
recensent	noun
recensera	verb
recension	noun
recentior	noun
recept	noun
receptbelagd	adj
receptbelägga	verb
receptfri	adj
reception	noun
receptionsordbok	noun
receptivitet	noun
recess	noun
recessiv	adj
recett	noun
recidiv	noun
recidivera	verb
recipiera	verb
reciprocitet	noun
recitativ	noun
recitera	verb
reda	adj,noun,verb
redaktion	noun
redaktionell	adj
redaktionschef	noun
redaktionssekreterare	noun
redaktör	noun
redaktörskap	noun
redan	adv
redare	noun
redarhytt	noun
redbar	adj
redbarhet	noun
redd	noun
rede	noun
rederi	noun
rederiföretag	noun
redgarn	noun
redgarnsstrumpa	noun
redig	adj
redigera	verb
redigerare	noun
redigering	noun
redigeringskonflikt	noun
redigeringskrig	noun
redigeringskriga	verb
redigeringsläge	noun
redighet	noun
redigt	adv
redlig	adj
redlighet	noun
redlös	adj
redlöshet	noun
redning	noun
redo	adj
redogöra	verb
redogörelse	noun
redovisa	verb
redovisning	noun
redovisningssed	noun
redskap	noun
reducera	verb
reducerbar	adj
reducering	noun
reduktion	noun
reduktionist	noun
reduktionistisk	adj
reduplicering	noun
reduplikation	noun
redutt	noun
reell	adj
refektorium	noun
referat	noun
referendum	noun
referens	noun
referensgrupp	noun
referent	noun
referera	verb
reflektera	verb
reflektering	noun
reflektion	noun
reflex	noun
reflexartad	adj
reflexbricka	noun
reflexmässig	adj
reflexrörelse	noun
reflexväst	noun
reform	noun
reformator	noun
reformera	verb
reformering	noun
reformert	adj
reformsinnad	adj
reformutrymme	noun
reformvänlig	adj
refraktär	adj
refräng	noun
refusera	verb
regalier	noun
regatta	noun
regel	noun
regelbrott	noun
regelbunden	adj
regelbundenhet	noun
regelbundet	adv
regellöshet	noun
regelmässig	adj
regelmässighet	noun
regelmässigt	adv
regelrätt	adj
regelverk	noun
regelvidrig	adj
regeländring	noun
regemente	noun
regementskvartermästarbefattning	noun
regenerering	noun
regent	noun
regentskap	noun
regera	verb
regering	noun
regeringsbeslut	noun
regeringsbildning	noun
regeringschef	noun
regeringsförklaring	noun
regeringsförslag	noun
regeringskansli	noun
regeringsmakt	noun
regeringsparti	noun
regeringsrättssekreterare	noun
regeringsråd	noun
regeringssammanträde	noun
regeringsskrivelse	noun
regeringsstyrka	noun
regeringstalesman	noun
regeringstjänsteman	noun
regeringsuppdrag	noun
regeringsår	noun
reggae	noun
reggaeton	noun
regi	noun
regim	noun
regimkritiker	noun
regimmotståndare	noun
regimskifte	noun
regimtrogen	adj
regimvänlig	adj
regina	name
region	noun
regional	adj
regionalisering	noun
regionaltåg	noun
regionval	noun
regissera	verb
regissör	noun
register	noun
registerkontroll	noun
registrator	noun
registrera	verb
registrerbar	adj
registrering	noun
registreringsnummer	noun
registreringsskylt	noun
regla	verb
reglage	noun
reglemente	noun
reglera	verb
reglerad	adj
reglerbar	adj
reglerbarhet	noun
reglerhållplats	noun
reglering	noun
regleringsbrev	noun
reglerteknik	noun
regn	noun
regna	verb
regnavbrott	noun
regnbåge	noun
regnbågsflagga	noun
regnbågsforell	noun
regnbågshinna	noun
regnbågslax	noun
regndiger	adj
regndroppe	noun
regnfattig	adj
regnig	adj
regnjacka	noun
regnkappa	noun
regnkläder	noun
regnmoln	noun
regnmätare	noun
regnområde	noun
regnoväder	noun
regnperiod	noun
regnplagg	noun
regnrock	noun
regnskog	noun
regnskur	noun
regnställ	noun
regnträd	noun
regnvatten	noun
regnväder	noun
regrediera	verb
regressionslinje	noun
regressiv	adj
reguladetri	noun
reguljär	adj
rehabilitera	verb
rehabilitering	noun
rehabiliteringsklinik	noun
reifiera	verb
reine	name
reinhold	name
reinkarnation	noun
reinkarnera	verb
rejv	noun
rejva	verb
rejvare	noun
rejvparty	noun
rejäl	adj
rek	noun
rekapitulering	noun
reklam	noun
reklamaffisch	noun
reklamare	noun
reklamation	noun
reklamavbrott	noun
reklamera	verb
reklamfilm	noun
reklamförbud	noun
reklamkampanj	noun
reklammakare	noun
reklampaus	noun
reklampelare	noun
rekognoscera	verb
rekognosera	verb
rekognosering	noun
rekommendation	noun
rekommendera	verb
rekommenderad	adj
rekommenderbar	adj
rekonstruera	verb
rekord	noun
rekordarbetslöshet	noun
rekordartad	adj
rekorderlig	adj
rekordförsäljning	noun
rekordhållare	noun
rekordhög	adj
rekordlåg	adj
rekordnivå	noun
rekordsnabb	adj
rekordstor	adj
rekordsumma	noun
rekordtid	noun
rekordvärme	noun
rekreation	noun
rekreationsområde	noun
rekryt	noun
rekrytera	verb
rekrytering	noun
rekryteringsföretag	noun
rektal	adj
rektangel	noun
rektangulär	adj
rektor	noun
rektorsämbete	noun
rektoskop	noun
rektoskopi	noun
rektoskopisk	adj
rektum	noun
rekursivitet	noun
rekviem	noun
rekvirera	verb
rekvisita	noun
rekvisition	noun
rekyl	noun
relatera	verb
relation	noun
relativ	adj
relativisera	verb
relativisering	noun
relativitet	noun
relativitetsteori	noun
relativt	adv
relegera	verb
relegerad	adj
relegering	noun
relevans	noun
relevant	adj
reliabel	adj
reliabilitet	noun
relief	noun
reliefkarta	noun
religion	noun
religionsfilosof	noun
religionsfilosofi	noun
religionsfrihet	noun
religionsförtryck	noun
religionshistoria	noun
religionshistoriker	noun
religionskrig	noun
religionstillhörighet	noun
religionsvetare	noun
religionsvetenskap	noun
religionsvetenskaplig	adj
religiositet	noun
religiös	adj
religös	adj
relikskrin	noun
reling	noun
relä	noun
rem	noun
remarkabel	adj
remi	noun
remiss	noun
remittera	verb
remittering	noun
remouladsås	noun
remsa	noun
remsläsare	noun
ren	adj,noun
rena	verb
rendera	verb
rendering	noun
renfana	noun
renfärs	noun
rengöra	verb
rengöring	noun
renhet	noun
renhetsivrare	noun
renhjärtad	adj
renhjärtenhet	noun
renhållning	noun
renhårig	adj
renhårighet	noun
rening	noun
reningsverk	noun
renklo	noun
renko	noun
renlevnad	noun
renlevnadsman	noun
renlighet	noun
renlärig	adj
renlärighet	noun
renlärigt	adv
rennäring	noun
renodla	verb
renodlad	adj
renommerad	adj
renovera	verb
renovräkning	noun
renrasig	adj
renrasighet	noun
rens	noun
rensa	verb
renskav	noun
renskriva	verb
renskötare	noun
renskötsel	noun
renslav	noun
rensning	noun
rensningsoperation	noun
renström	name
rent	adv
rentav	adv
rentjur	noun
rentvå	verb
renägare	noun
renässans	noun
reol	noun
rep	noun
repa	noun,verb
reparabel	adj
reparation	noun
reparera	verb
reparerbar	adj
repatriera	verb
repatriering	noun
repellera	verb
repertoar	noun
repetera	verb
repetergevär	noun
repetition	noun
replift	noun
replik	noun
replikera	verb
replikering	noun
repmånad	noun
reportagebok	noun
reporter	noun
reporterfotograf	noun
reporänta	noun
representant	noun
representanthus	noun
representera	verb
repressalie	noun
repression	noun
repressiv	adj
reprimand	noun
repris	noun
reprisera	verb
reprisering	noun
reproducera	verb
reproducerbar	adj
reproducerbarhet	noun
reproducering	noun
reproduktiv	adj
repstege	noun
reptil	noun
republik	noun
republikan	noun
republikanism	noun
republikansk	adj
resa	noun,verb
resande	noun
rese	noun
research	noun
researcha	verb
researcher	noun
researrangör	noun
reseavdrag	noun
resebyrå	noun
resecentrum	noun
resecheck	noun
resedokument	noun
reseförbud	noun
resegaranti	noun
resehandbok	noun
resehandling	noun
reseledare	noun
resenär	noun
reserv	noun
reservationslös	adj
reservdel	noun
reservera	verb
reservnyckel	noun
reservoar	noun
reservoarpenna	noun
reservofficer	noun
reservplan	noun
reservsystem	noun
reservutrustning	noun
reservvaluta	noun
reseskildring	noun
resgods	noun
residens	noun
residensstad	noun
resistans	noun
resistens	noun
resistent	adj
resistor	noun
reskamrat	noun
reskontra	noun
reslig	adj
reslighet	noun
resmål	noun
resning	noun
resningsansökan	noun
reso	name
resocialisera	verb
resolut	adj,adv
resoluthet	noun
reson	noun
resonabel	adj
resonans	noun
resonansbotten	noun
resonanslåda	noun
resonemang	noun
resonemangsäktenskap	noun
resonera	verb
resonlig	adj
resonlighet	noun
respekt	noun
respektabel	adj
respektabilitet	noun
respektera	verb
respektfull	adj
respektingivande	adj
respektive	adj,adv,noun
respektlös	adj
respektlöshet	noun
respektlöst	adv
respirator	noun
rest	noun
restad	adj
restaurang	noun
restauranganställd	adj
restaurangbesök	noun
restaurangbåt	noun
restaurangkök	noun
restaurangmiljö	noun
restaurangnota	noun
restaurangpersonal	noun
restaurangvagn	noun
restaurangägare	noun
restaurera	verb
restaurering	noun
restavfall	noun
restera	verb
resterande	adj
restid	noun
restriktion	noun
restriktiv	adj
restriktivitet	noun
restskatt	noun
resturang	noun
resultat	noun
resultatlista	noun
resultatlös	adj
resultatlöshet	noun
resultera	verb
resumering	noun
resurs	noun
resursanvändning	noun
resursbrist	noun
resursfördelning	noun
resurskrävande	adj
resursökning	noun
resvagn	noun
resväska	noun
resår	noun
reta	verb
retbar	adj
retbarhet	noun
retfull	adj
rethosta	noun
retinoinsyra	noun
retinol	noun
retirera	verb
retlig	adj
retlighet	noun
retorik	noun
retoriker	noun
retorisk	adj
retroaktiv	adj
retroaktivitet	noun
retroflex	adj,noun
retronym	noun
reträtt	noun
retur	noun
returautomat	noun
returmaskin	noun
returnera	verb
returresa	noun
returstation	noun
returtangent	noun
retuschera	verb
reumatism	noun
rev	noun
reva	noun
revaccinering	noun
revansch	noun
revanschera	verb
revanschism	noun
revanschist	noun
revanschistisk	adj
revben	noun
revbensbrosk	noun
revbensspjäll	noun
reven	noun
revers	noun
reversibel	adj
reversibilitet	noun
revidera	verb
revidering	noun
revir	noun
revision	noun
revisionism	noun
revisionistisk	adj
revisionistiskt	adv
revisionsrätt	noun
revisionssekreterare	noun
revisor	noun
revitalisering	noun
revoltera	verb
revolution	noun
revolutionera	verb
revolutionerande	adj
revolutionär	adj,noun
revolver	noun
revolverman	noun
revolverskott	noun
revy	noun
revär	noun
reykjavik	name
rhen	name
rhenium	noun
rhizoid	noun
ria	noun,verb
ribba	noun
ribbing	name
ribbstol	noun
ribonukleinsyra	noun
richard	name
richterskala	noun
rickard	name
rid	noun
rida	verb
ridanläggning	noun
riddare	noun
riddarsporre	noun
ridderlig	adj
ridderlighet	noun
ridskola	noun
ridsport	noun
ridspö	noun
ridstövel	noun
ridå	noun
riemannyta	noun
riga	name
rigg	noun
rigga	verb
rigiditet	noun
rigmor	name
rigorositet	noun
rigorös	adj
rigoröst	adv
rik	adj
rikard	name
rike	noun
rikedom	noun
riklig	adj
riklighet	noun
rikoschett	noun
rikoschettera	verb
riksantikvarie	noun
riksantikvarieämbete	noun
riksarkiv	noun
riksarkivarie	noun
riksbank	noun
riksbankschef	noun
riksbanksdirektör	noun
riksbibliotekarie	noun
riksdag	noun
riksdagsbeslut	noun
riksdagsdirektör	noun
riksdagskansli	noun
riksdagsledamot	noun
riksdagsman	noun
riksdagsparti	noun
riksdagsuppdrag	noun
riksdagsutskott	noun
riksdagsval	noun
riksdaler	noun
riksförbund	noun
riksförening	noun
riksföreståndare	noun
riksgräns	noun
riksgäld	noun
riksgäldsdirektör	noun
riksgäldskontor	noun
rikshemvärnschef	noun
riksidrottsförbund	noun
riksintresse	noun
rikskansler	noun
riksklenod	noun
rikskronofogde	noun
riksledning	noun
riksmarskalk	noun
riksnorm	noun
riksnyhet	noun
riksomfattande	adj
rikspolischef	noun
riksrevisor	noun
riksrätt	noun
rikssvensk	adj,noun
rikssvenska	noun
riksviktig	adj
riksväg	noun
riksäpple	noun
riksåklagare	noun
rikta	verb
riktad	adj
riktig	adj
riktigt	adv
riktlinje	noun
riktning	noun
riktningsändring	noun
riktnummer	noun
riktpunkt	noun
rim	noun
rimfrost	noun
rimlig	adj
rimligen	adv
rimlighet	noun
rimligtvis	adv
rimma	verb
ring	noun
ringa	adj,verb
ringakta	verb
ringaktad	adj
ringaktning	noun
ringand	noun
ringare	noun
ringberg	name
ringblomma	noun
ringbrynja	noun
ringdans	noun
ringduva	noun
ringfinger	noun
ringhet	noun
ringhörna	noun
ringla	verb
ringled	noun
ringmask	noun
ringmur	noun
ringmuskel	noun
ringmärka	verb
ringmärkning	noun
ringning	noun
ringrostig	adj
ringsignal	noun
ringsvanslemur	noun
ringtrast	noun
ringväg	noun
ringvägen	name
rink	noun
rinkeby	name
rinkebysvenska	noun
rinna	verb
rinnig	adj
rinnighet	noun
ripa	noun
ripjakt	noun
rippel	noun
ris	noun
risa	verb
risgryn	noun
risgrynsgröt	noun
rishög	noun
risig	adj
risk	noun
riska	noun
riskabel	adj
riskaka	noun
riskanalys	noun
riskanalytiker	noun
riskbedömning	noun
riskbenägen	adj
riskbenägenhet	noun
riskera	verb
riskfaktor	noun
riskfri	adj
riskfylld	adj
riskgrupp	noun
riskhantering	noun
riskkapital	noun
riskkapitalbolag	noun
riskkapitalfond	noun
riskminimering	noun
riskokare	noun
riskområde	noun
riskorn	noun
riskpremie	noun
risktagande	noun
risktagare	noun
riskzon	noun
risnudel	noun
risotto	noun
rispa	noun,verb
rispig	adj
rispning	noun
rista	verb
ristare	noun
ristning	noun
rit	noun
rita	name,verb
ritare	noun
ritbord	noun
ritning	noun
ritt	noun
ritteknik	noun
ritual	noun
ritualisera	verb
ritualiserad	adj
ritualisering	noun
ritualistisk	adj
ritualistiskt	adv
ritualmord	noun
ritualmässig	adj
ritualslakt	noun
rituell	adj
rituellt	adv
riva	noun,verb
rival	noun
rivalitet	noun
riviera	noun
rivig	adj
rivjärn	noun
rivning	noun
rivningskula	noun
rivstart	noun
rivstarta	verb
rivsår	noun
rna	noun
ro	noun,verb
roa	verb
road	adj
robert	name
robin	name
robot	noun
robotaktig	adj
robotanfall	noun
robotartad	adj
robotattack	noun
robotdammsugare	noun
robotgräsklippare	noun
robotisering	noun
robotklippare	noun
robotkryssare	noun
robotmässig	adj
robotskott	noun
robust	adj
robusthet	noun
rock	noun
rocka	noun,verb
rockad	noun
rockera	verb
rocketjumpa	verb
rockklubb	noun
rockkonsert	noun
rockring	noun
rockstjärna	noun
rocksångare	noun
rockvaktmästare	noun
rockärm	noun
rodd	adj,noun
roddare	noun
roddbåt	noun
rodel	noun
rodelbana	noun
roden	name
rodeo	noun
roder	noun
roderyta	noun
rodium	noun
rodna	verb
rodnad	noun
rodny	name
rododendron	noun
roffe	name
rofylldhet	noun
roger	name
rogivande	adj
rojalism	noun
rojalist	noun
rojalistisk	adj
rokad	noun
rokoko	noun
roland	name
rolf	name
rolig	adj
rolighet	noun
roll	noun
roll-on	noun
rollator	noun
rollerblades	noun
rollista	noun
rollspel	noun
rom	name,noun
roman	noun
romandebutera	verb
romanförfattare	noun
romani	noun
romanist	noun
romans	noun
romantik	noun
romantiker	noun
romantisera	verb
romantisering	noun
romantisk	adj
romarbrevet	name
romare	noun
romarriket	name
romb	noun
romersk	adj
romersk-katolsk	adj
romsk	adj
ronald	name
rond	noun
rondell	noun
ronja	name
ronneby	name
ronnie	name
ronny	name
roos	name
rop	noun
ropa	verb
rorschachtest	noun
rorsman	noun
ros	name,noun
ros-mari	name
ros-marie	name
rosa	adj,name,noun,verb
rosaaktig	adj
rosad	adj
rosberg	name
rose-marie	name
rosenböna	noun
rosenfink	noun
rosengren	name
rosenkrans	noun
rosenqvist	name
rosenrasande	adj
rosenstare	noun
rosentärna	noun
rosett	noun
rosettfibbla	noun
rosfeber	noun
rosig	adj
rosighet	noun
roska	verb
roskarl	noun
roslagen	name
rosmarin	noun
rospigg	noun
rossig	adj
rossla	verb
rosslig	adj
rost	noun
rosta	verb
rostand	noun
rostbiff	noun
rosteri	noun
rostfläck	noun
rostfri	adj
rostgumpsvala	noun
rostig	adj
rostighet	noun
rostmes	noun
rostning	noun
rostskada	noun
rostskogstrast	noun
rostsparv	noun
rot	noun
rota	verb
rotabagge	noun
rotation	noun
rotationsfält	noun
rotationsyta	noun
rote	noun
rotel	noun
rotera	verb
roterbar	adj
rotering	noun
rotfast	adj
rotfrukt	noun
rotfyllning	noun
rothschild	name
rotlös	adj
rotlöshet	noun
rotmos	noun
rotmärke	noun
rots	noun
rotsak	noun
rotselleri	noun
rotskott	noun
rottecken	noun
rotting	noun
rottweiler	noun
rotvälska	noun
rotvälta	noun
rotända	noun
rouge	noun
rousseauan	noun
rousseauanism	noun
router	noun
rov	noun
rova	noun
rovdjur	noun
rovfågel	noun
rovgirig	adj
rovgirighet	noun
rovlysten	adj
rovlystnad	noun
rovriddare	noun
roxen	name
roy	name
rubba	verb
rubbning	noun
rubel	noun
ruben	name
rubidium	noun
rubin	noun
rubinnäktergal	noun
rubricera	verb
rubricering	noun
rubrik	noun
rucka	verb
ruckel	noun
rudbeck	name
rudimentär	adj
rudolf	intj,name
rudolfsson	name
ruff	noun
ruffa	verb
rufs	noun
rufsa	verb
rufsig	adj
rugby	noun
rugbyboll	noun
rugbyplan	noun
rugga	verb
ruggig	adj
ruggigt	adv
ruggning	noun
ruhrområdet	name
ruin	noun
ruinera	verb
ruinstad	noun
rulla	noun,verb
rullator	noun
rullbar	adj
rullbräda	noun
rulle	noun
rullebör	noun
rullgardin	noun
rullning	noun
rullskridsko	noun
rullsten	noun
rullstensås	noun
rullstol	noun
rullstolsbunden	adj
rullstolswc	noun
rulltrappa	noun
rulltårta	noun
rulta	noun,verb
rum	noun
rumba	noun
rumla	verb
rumpknull	noun
rumpknulla	verb
rumsavlyssning	noun
rumslig	adj
rumsnummer	noun
rumsnyckel	noun
rumsren	adj
rumstera	verb
rumtid	noun
rumän	noun
rumänien	name
rumänsk	adj
rumänsk-ortodox	adj
rumänska	noun
runa	noun
rund	adj,noun
runda	noun,verb
rundabordskonferens	noun
rundabordssamtal	noun
rundel	noun
rundgång	noun
rundhet	noun
rundlagd	adj
rundpipig	adj
rundradio	noun
rundskrivelse	noun
rundögd	adj
rune	name
runga	verb
runk	noun
runka	verb
runkbulle	noun
runkbås	noun
runkning	noun
runkunskap	noun
runologi	noun
runristare	noun
runsten	noun
runsvenska	noun
runt	adv,prep
runtom	adv,prep
runtomkring	adv,prep
ruokolax	name
ruptur	noun
rus	noun
rusa	verb
rusdryck	noun
rusdrycksförbud	noun
rusk	noun
ruska	noun,verb
ruskig	adj
ruskväder	noun
rusmedel	noun
rusning	noun
rusningstid	noun
rusningstrafik	noun
russ	noun
russifiera	verb
russifiering	noun
russin	noun
russofob	noun
russofobi	noun
russofobisk	adj
rusta	verb
rusthåll	noun
rusthållare	noun
rustkammare	noun
rustning	noun
rusttjänst	noun
rut	name
ruta	noun
rutenium	noun
ruter	noun
ruterdam	noun
ruteress	noun
ruterknekt	noun
ruterkung	noun
ruterstöld	noun
ruteräss	noun
rutformig	adj
ruth	name
rutherfordium	noun
rutig	adj
rutin	noun
rutinartad	adj
rutinmässig	adj
rutinmässigt	adv
rutinuppdrag	noun
rutinärende	noun
rutnät	noun
rutscha	verb
rutschbana	noun
rutschkana	noun
rutt	noun
rutten	adj
ruttenhet	noun
ruttna	verb
ruva	noun,verb
ruvare	noun
ruvning	noun
rwanda	name
rwandier	noun
rwc	noun
rya	noun
ryamatta	noun
ryck	noun
rycka	verb
ryckig	adj
ryckighet	noun
ryckning	noun
ryd	name
rydberg	name
rydbäck	name
rydkvist	name
rydqvist	name
rydstedt	name
rydström	name
rydvall	name
rygg	noun
rygga	verb
ryggbiff	noun
ryggborste	noun
ryggdunk	noun
ryggdunkare	noun
ryggfena	noun
ryggkota	noun
ryggläge	noun
ryggmärg	noun
ryggmärgsskada	noun
ryggont	noun
ryggrad	noun
ryggradsdjur	noun
ryggradslös	adj
ryggsim	noun
ryggskada	noun
ryggskott	noun
ryggslut	noun
ryggstöd	noun
ryggsäck	noun
ryggsåg	noun
ryggtavla	noun
ryggvärk	noun
ryka	verb
rykta	verb
ryktas	verb
ryktbar	adj
ryktbarhet	noun
ryktbart	adv
rykte	noun
rymd	noun
rymddräkt	noun
rymdepos	noun
rymdfarare	noun
rymdfarkost	noun
rymdfysik	noun
rymdfärja	noun
rymdinvasion	noun
rymdkapsel	noun
rymdmått	noun
rymdobservatorium	noun
rymdprogram	noun
rymdprojekt	noun
rymdpromenad	noun
rymdraket	noun
rymdsjuka	noun
rymdskepp	noun
rymdskyttel	noun
rymdsond	noun
rymdstation	noun
rymdtekniker	noun
rymdturist	noun
rymdvapen	noun
rymdvarelse	noun
rymdäventyr	noun
rymlig	adj
rymlighet	noun
rymling	noun
rymma	verb
rymmare	noun
rymmen	noun
rymning	noun
rymningsförsök	noun
rymningssäker	adj
rynka	noun,verb
rynkig	adj
rynkighet	noun
rynkning	noun
rysa	verb
rysare	noun
rysk	adj
rysk-ortodox	adj
ryska	noun
ryskhet	noun
rysktalande	adj
ryslig	adj
ryslighet	noun
rysning	noun
ryss	noun
ryssby	name
ryssgubbe	noun
ryssja	noun
rysskräck	noun
ryssland	name
ryssländare	noun
ryssländsk	adj
ryta	verb
rytm	noun
rytmicitet	noun
rytmik	noun
rytmisk	adj
ryttare	noun
ryttberg	name
räcka	noun,verb
räcke	noun
räckhåll	noun
räckvidd	noun
räd	noun
rädas	verb
rädd	adj
rädda	verb
räddare	noun
räddhågad	adj
räddhågsen	adj
räddhågsenhet	noun
räddning	noun
räddningsaktion	noun
räddningsarbetare	noun
räddningsbåt	noun
räddningsdykare	noun
räddningsfartyg	noun
räddningsfordon	noun
räddningsförsök	noun
räddningshelikopter	noun
räddningsinsats	noun
räddningspatrull	noun
räddningspersonal	noun
räddningsplan	noun
räddningsplanka	noun
räddningsstyrka	noun
räddningstjänst	noun
räddningsuppdrag	noun
räddningsväg	noun
rädisa	noun
rädsla	noun
räffla	noun,verb
räfflad	adj
räfsa	noun,verb
räfst	noun
räka	noun
räkchips	noun
räkcocktail	noun
räkenskap	noun
räkenskapsår	noun
räkfrossa	noun
räkmacka	noun
räkna	verb
räknare	noun
räknebar	adj
räkneexempel	noun
räknefel	noun
räknenisse	noun
räkneord	noun
räknesticka	noun
räkning	noun
räksallad	noun
räkskal	noun
räksmörgås	noun
räkstjärt	noun
räkstubbe	noun
räktrålare	noun
rälig	adj
rällingen	name
rällingsberg	name
räls	noun
rämna	noun,verb
ränker	noun
ränkfull	adj
ränksmidare	noun
ränksmideri	noun
ränna	noun,verb
rännflen	noun
rännil	noun
rännsten	noun
ränsel	noun
ränta	noun
räntabel	adj
räntabilitet	noun
ränteanalytiker	noun
ränteavdrag	noun
räntebesked	noun
räntebeslut	noun
räntebetalning	noun
räntebärande	adj
räntefri	adj
räntehöjning	noun
ränteinkomst	noun
ränteintäkt	noun
räntekostnad	noun
räntenetto	noun
räntenivå	noun
ränteprognos	noun
räntepunkt	noun
räntesats	noun
räntestegring	noun
räntesänkning	noun
ränteutgift	noun
rät	adj
räta	noun,verb
rätblock	noun
rätlinjig	adj
rätlinjighet	noun
rätoromanska	noun
rätsida	noun
rätt	adj,adv,noun
rätta	verb
rättare	noun
rättegång	noun
rättegångshinder	noun
rätteligen	adv
rättelse	noun
rättesnöre	noun
rättfram	adj
rättframhet	noun
rättframt	adv
rättfärdig	adj
rättfärdiga	verb
rättfärdiggöra	verb
rättfärdiggörare	noun
rättfärdiggörelse	noun
rättfärdighet	noun
rättfärdigt	adv
rättighet	noun
rättighetsinnehavare	noun
rättika	noun
rättmätig	adj
rättmätighet	noun
rättrogen	adj
rättrogenhet	noun
rättrådig	adj
rättrådighet	noun
rättsakt	noun
rättschef	noun
rättsfall	noun
rättsfråga	noun
rättshandling	noun
rättshaveri	noun
rättshaverist	noun
rättshistoria	noun
rättshistoriker	noun
rättshistorisk	adj
rättshjälp	noun
rättsinnehavare	noun
rättsinnighet	noun
rättsinnigt	adv
rättskaffens	adj
rättskipning	noun
rättskrivning	noun
rättslig	adj
rättsläkare	noun
rättslös	adj
rättslöshet	noun
rättsmedel	noun
rättsmedicin	noun
rättsmedicinsk	adj
rättspolitik	noun
rättspolitisk	adj
rättspraxis	noun
rättsprocess	noun
rättsprövning	noun
rättspsykiater	noun
rättspsykiatri	noun
rättspsykiatrisk	adj
rättssal	noun
rättsskola	noun
rättsstat	noun
rättssystem	noun
rättssäker	adj
rättssäkerhet	noun
rättstavning	noun
rättstavningskontroll	noun
rättstvist	noun
rättsvetenskap	noun
rättsväsen	noun
rättvik	name
rättvis	adj
rättvisa	noun
rättvisepatos	noun
rättvänd	adj
rätvinklig	adj
räv	noun
rävaktig	adj
rävjakt	noun
rävsax	noun
rävspel	noun
rävtik	noun
rävunge	noun
rå	adj,noun
råbarkad	adj
råberg	name
råbiff	noun
råbock	noun
råd	noun
råda	verb
rådande	adj
rådbråka	verb
rådda	verb
rådfråga	verb
rådgivande	adj
rådgivare	noun
rådgivning	noun
rådgöra	verb
rådhus	noun
rådhusrätt	noun
rådig	adj
rådighet	noun
rådigt	adv
rådjur	noun
rådjursfärs	noun
rådjursjakt	noun
rådjurskid	noun
rådlös	adj
rådlöshet	noun
rådman	noun
rådrum	noun
rådslag	noun
rådslå	verb
rådsmedlem	noun
rådsmöte	noun
rådsrepublik	noun
rådström	name
rådulf	name
rådvill	adj
rådvillhet	noun
råg	noun
råga	noun,verb
rågblond	adj
rågbröd	noun
råge	noun
rågkorn	noun
rågång	noun
rågångspåle	noun
råhet	noun
råk	noun
råka	noun,verb
råkas	verb
råkost	noun
råkostare	noun
råma	verb
råmjölk	noun
råmärke	noun
rån	noun
råna	verb
rånare	noun
rånarluva	noun
rånförsök	noun
rånmord	noun
rånmördare	noun
rånock	noun
rånoffer	noun
råolja	noun
råraka	noun
råriva	verb
rårörd	adj
råsocker	noun
råstyrka	noun
rått	adv
råtta	noun
råttbo	noun
råttfälla	noun
råttfångare	noun
råttgift	noun
råttsäker	adj
råvara	noun
röd	adj
rödakorsmärke	noun
rödaktig	adj
rödaktighet	noun
rödbena	noun
rödbeta	noun
rödbetssallad	noun
rödblommig	adj
rödfalk	noun
rödförskjutning	noun
rödgardist	noun
rödgrön	adj
rödhake	noun
rödhakesångare	noun
rödhalsad	adj
rödhet	noun
rödhårig	adj
röding	noun
rödkindad	adj
rödkål	noun
rödlätt	adj
rödlök	noun
rödmosig	adj
rödnäst	adj
rödräv	noun
rödskjorta	noun
rödspov	noun
rödsprit	noun
rödspätta	noun
rödstjärt	noun
rödtrast	noun
rödtunga	noun
rödvarg	noun
rödvin	noun
rödvinge	noun
rödvingetrast	noun
rödvinsglas	noun
rödvinsvänster	noun
rödögd	adj
röja	verb
röjdykare	noun
röjig	adj
röjning	noun
röjningsröse	noun
röjsåg	noun
rök	noun
röka	verb
rökare	noun
rökbomb	noun
rökdetektor	noun
rökdyka	verb
rökdykarbil	noun
rökdykare	noun
rökdykning	noun
rökelse	noun
rökelsekar	noun
rökfackla	noun
rökfri	adj
rökfrihet	noun
rökfritt	phrase
rökfylld	adj
rökfärgad	adj
rökfång	noun
rökförbud	noun
rökgranat	noun
rökgång	noun
rökhandgranat	noun
rökhosta	noun
rökig	adj
rökighet	noun
rökkanal	noun
rökmaskin	noun
rökmoln	noun
rökning	noun
rökpaus	noun
rökpelare	noun
rökplym	noun
rökridå	noun
rökruta	noun
röksignal	noun
rökskada	noun
röksvamp	noun
rökt	adj
rökutveckling	noun
rökverk	noun
rölleka	noun
rön	noun
röna	verb
rönn	noun
rönnbär	noun
rönnbärsfilosofi	noun
röntga	verb
röntgen	noun
röntgenium	noun
röntgenstråle	noun
röntgning	noun
rör	noun
röra	noun,verb
rörande	adj,prep
rörare	noun
rörbomb	noun
rörd	adj
rördrom	noun
rörelse	noun
rörelseenergi	noun
rörelsefrihet	noun
rörelseförlust	noun
rörelsemarginal	noun
rörelsemängd	noun
rörelseresultat	noun
rörelsesjuka	noun
rörelsevinst	noun
rörhöna	noun
rörig	adj
rörighet	noun
rörigt	adv
rörledning	noun
rörlig	adj
rörlighet	noun
rörmokare	noun
rörmokeri	noun
rörsocker	noun
rörsopp	noun
rörsångare	noun
rörtång	noun
rösa	verb
röse	noun
röst	noun
rösta	verb
röstboskap	noun
röstlängd	noun
röstning	noun
röstplikt	noun
rösträtt	noun
röstsamtal	noun
röstsedel	noun
röstsiffra	noun
röstskådespelare	noun
röststyrka	noun
röta	noun
rötmånad	noun
rötmånadshistoria	noun
rötsimpa	noun
rött	noun
rötägg	noun
röv	intj,noun
röva	verb
rövarband	noun
rövare	noun
rövarhistoria	noun
rövarspråk	noun
rövartåg	noun
röveri	noun
rövhål	noun
rövig	adj
rövknull	noun
rövknulla	verb
rövpulla	verb
rövslickare	noun
s	character,name,noun
s-kurva	noun
saab	name
sab	noun
sabbat	noun
sabbatsår	noun
sabel	noun
sabelskrammel	noun
sabeltandad	adj
sabier	noun
sabina	name
sabla	adv,verb
sablar	intj
sabotage	noun
sabotageförsök	noun
sabotera	verb
sabotör	noun
sabrera	verb
sabrering	noun
saccosäck	noun
sachalin	name
sachsare	noun
sachsen	name
sachsisk	adj
sacka	verb
sackaros	noun
sadduceisk	adj
sadduceism	noun
sadel	noun
sadelfilt	noun
sadelmakare	noun
sadelpunkt	noun
sadelstolpe	noun
sadism	noun
sadist	noun
sadistisk	adj
sadla	verb
sadling	noun
sadomasochism	noun
sadomasochist	noun
sadomasochistisk	adj
safari	noun
saffran	noun
safir	noun
saft	noun
saftig	adj
saftighet	noun
saftigt	adv
saftrik	adj
saftsås	noun
saga	name,noun
sagatid	noun
sagd	adj
sagga	verb
sagoaktig	adj
sagoberättare	noun
sagobok	noun
sagoland	noun
sagolik	adj
sagoprins	noun
sagostund	noun
sagu	name
sahlgrenska	noun
sahlin	name
saimenvikare	noun
sajt	noun
sak	name,noun
saka	verb
sakarias	name
sakarja	name
sake	noun
sakfel	noun
sakframställning	noun
sakfråga	noun
sakförhållande	noun
sakförsäkring	noun
sakgranska	verb
sakgranskning	noun
sakkunnig	adj,noun
sakkunnighet	noun
sakkunskap	noun
saklig	adj
saklighet	noun
sakligt	adv
sakna	verb
saknad	adj,noun
sakpolitik	noun
sakpolitisk	adj
sakprosa	noun
sakprövning	noun
sakral	adj
sakrament	noun
sakramental	adj
sakramentalier	noun
sakregister	noun
sakristia	noun
sakrätt	noun
sakrättslig	adj
sakskada	noun
sakta	adj,adv,verb
sakteliga	adv
sakteligen	adv
saktfärdig	adj
saktfärdighet	noun
saktmod	noun
saktmodig	adj
saktmodighet	noun
sakuppgift	noun
sakägare	noun
sal	noun
saladjär	noun
salafism	noun
salafist	noun
salafistisk	adj
salamander	noun
salamitaktik	noun
saldo	noun
saleh	name
salicylsyra	noun
salig	adj
saligförklara	verb
saligförklaring	noun
salighet	noun
saligprisning	noun
saliromani	noun
saliv	noun
salivera	verb
salivsug	noun
sallad	noun
salladskål	noun
salladslök	noun
salladsskål	noun
sallat	noun
sally	name
salmiak	noun
salmonella	noun
salomo	name
salomonier	noun
salomonisk	adj
salomonöarna	name
salong	noun
salongsberusad	adj
salongsbolsjevik	noun
salongsfähig	adj
salongsmässig	adj
salongsmässighet	noun
salongsradikal	adj,noun
saloon	noun
saloondörr	noun
salpetersyra	noun
salpetersyrlighet	noun
salsa	noun
salskrake	noun
salt	adj,noun
salta	verb
saltare	noun
saltbrist	noun
salteri	noun
saltgurka	noun
saltkar	noun
saltlag	noun
saltlakrits	noun
saltning	noun
saltomortal	noun
saltsill	noun
saltsjö	noun
saltströare	noun
saltstång	noun
saltsyra	noun
saltvatten	noun
saltöken	noun
salu	noun
saluföra	verb
salutera	verb
salutorg	noun
salutskott	noun
salva	noun
salvadoran	noun
salvia	noun
samarbeta	verb
samarbete	noun
samarbetsavtal	noun
samarbetsförmåga	noun
samarbetsman	noun
samarbetsområde	noun
samarbetspakt	noun
samarbetsparti	noun
samarbetspartner	noun
samarbetsvillighet	noun
samarien	name
samarier	noun
samarisk	adj
samarit	noun
samarium	noun
samarkand	name,noun
samarrangera	verb
samba	noun
sambafotboll	noun
sambal	noun
samband	noun
sambandsdiagram	noun
sambo	noun,verb
same	noun
sameby	noun
samexistens	noun
samexistera	verb
samfund	noun
samfälld	adj
samfällighet	noun
samfällighetsförening	noun
samförstånd	noun
samhäll	noun
samhälle	noun
samhällelig	adj
samhällelighet	noun
samhällsaktör	noun
samhällsbyggande	noun
samhällsdebatt	noun
samhällsekonomisk	adj
samhällsfarlig	adj
samhällsfrånvänd	adj
samhällsfrånvändhet	noun
samhällsfunktion	noun
samhällsfördrag	noun
samhällsgemenskap	noun
samhällsinformation	noun
samhällsintresse	noun
samhällsklass	noun
samhällskollaps	noun
samhällskontrakt	noun
samhällskritiker	noun
samhällskritisk	adj
samhällskropp	noun
samhällsmedlem	noun
samhällsområde	noun
samhällsproblem	noun
samhällsprogram	noun
samhällssektor	noun
samhällsskick	noun
samhällsskikt	noun
samhällstillvänd	adj
samhällstillvändhet	noun
samhällstjänst	noun
samhällsvetare	noun
samhällsvetenskap	noun
samhällsvetenskaplig	adj
samhällsvetenskapsprogrammet	noun
samhällsviktig	adj
samhörighet	noun
samisk	adj
samiska	noun
samklang	noun
samkväm	noun
samkönad	adj
samköra	verb
samla	verb
samlad	adj
samlag	noun
samlagskula	noun
samlagsställning	noun
samlare	noun
samlarvärde	noun
samlevnad	noun
samling	noun
samlingsalbum	noun
samlingsdokument	noun
samlingslokal	noun
samlingsnamn	noun
samlingsplats	noun
samlingsskiva	noun
samma	adj,pron
samman	adv
sammanbinda	verb
sammanbiten	adj
sammanblanda	verb
sammanblandning	noun
sammanbrott	noun
sammandrabbning	noun
sammandrag	noun
sammanfalla	verb
sammanfatta	verb
sammanfattande	adj
sammanfattning	noun
sammanfattningsvis	adv
sammanfläta	verb
sammanflätning	noun
sammanfoga	verb
sammanföra	verb
sammanhang	noun
sammanhangslös	adj
sammanhangslöshet	noun
sammanhänga	verb
sammanhängande	adj
sammanhållande	adj
sammanhållen	adj
sammanhållning	noun
sammankalla	verb
sammankallad	adj
sammankomst	noun
sammankoppling	noun
sammanlagd	adj
sammanlagt	adv
sammanlikna	verb
sammanlänka	verb
sammanlänkning	noun
sammansatt	adj
sammansatthet	noun
sammanslagning	noun
sammansluta	verb
sammanslutning	noun
sammanstråla	verb
sammanställa	verb
sammanställare	noun
sammanställning	noun
sammanstöta	verb
sammanstötning	noun
sammansvetsad	adj
sammansvuren	adj
sammansvärjning	noun
sammansätta	verb
sammansättning	noun
sammantagen	adj
sammantaget	adv
sammanträda	verb
sammanträde	noun
sammanträdesprotokoll	noun
sammanträdesrum	noun
sammanträffande	noun
sammantvinnad	adj
sammantvinning	noun
sammanväga	verb
sammanvägning	noun
sammanväva	verb
sammanvävning	noun
sammelsurium	noun
sammet	noun
sammetshätta	noun
sammetsklädd	adj
sammetsklänning	noun
sammetsögd	adj
samoa	name
samordna	verb
samordnad	adj
samordnande	adj
samordnare	noun
samordning	noun
samordningsgrupp	noun
samordningsnummer	noun
samriskföretag	noun
samråd	noun
samröre	noun
sams	adj
samsas	verb
samspel	noun
samspela	verb
samstämma	verb
samstämmig	adj
samstämmighet	noun
samsyn	noun
samt	conj
samtal	noun
samtala	verb
samtalsrum	noun
samtalsämne	noun
samtid	noun
samtida	adj
samtidig	adj
samtidighet	noun
samtidigt	adv
samtidshistoria	noun
samtidshistoriker	noun
samtidsroman	noun
samtliga	pron
samtycka	verb
samtycke	noun
samtyckeslag	noun
samuel	name
samuelsbok	name
samuelsson	name
samuraj	noun
samurajfilm	noun
samvaro	noun
samverka	verb
samverkan	noun
samvete	noun
samvetsagg	noun
samvetsbetänkligheter	noun
samvetsfrihet	noun
samvetsfånge	noun
samvetsförebråelse	noun
samvetsgrann	adj
samvetsgrannhet	noun
samvetskval	noun
samvetslös	adj
samvetslöshet	noun
samvetsöm	adj
samvetsömhet	noun
samväldet	name
samäga	verb
samägande	noun
samägare	noun
samåka	verb
sanatorium	noun
sand	noun
sanda	verb
sandal	noun
sandalrem	noun
sandbank	noun
sandberg	name
sandblästra	verb
sandblästring	noun
sanddyn	noun
sandefjord	name
sandefjordsås	noun
sandelin	name
sandell	name
sandelträ	noun
sandhög	noun
sandig	adj
sandkorn	noun
sandkrypare	noun
sandlåda	noun
sandlöpare	noun
sandneger	noun
sandpapper	noun
sandra	name
sandslott	noun
sandsnäppa	noun
sandsten	noun
sandstorm	noun
sandstrand	noun
sandström	name
sandsäck	noun
sandtärna	noun
sandviken	name
sandvita	noun
sandöken	noun
sane	name
sanera	verb
sanering	noun
sangvinisk	adj
sanitet	noun
sanitetsanläggning	noun
sanitär	adj
sank	adj
sankhet	noun
sankmark	noun
sankt	noun
sankta	noun
sanktion	noun
sanktionera	verb
sanktionerad	adj
sanmarinier	noun
sann	adj,noun
sanna	name
sannerligen	adv
sannfärdig	adj
sannfärdighet	noun
sanning	noun
sanningsenlig	adj
sanningsenlighet	noun
sanningshalt	noun
sanningskärlek	noun
sanningslidelse	noun
sanningslös	adj
sanningslöshet	noun
sanningssökare	noun
sanningsvittne	noun
sanningsvärde	noun
sannolik	adj
sannolikhet	noun
sannolikhetsfördelning	noun
sannolikhetskalkyl	noun
sannolikhetslära	noun
sannsaga	noun
sannskyldig	adj
sans	noun
sansa	verb
sanslös	adj
sanslöst	adv
sansning	noun
sap	name
sapfisk	adj
sara	name
sarah	name
sarajevo	name
sard	noun
sardell	noun
sardin	noun
sardinare	noun
sardinien	name
sardinier	noun
sardinisk	adj
sardonisk	adj
sardoniskt	adv
sareptasenap	noun
sarg	noun
sarga	verb
sargassotång	noun
sari	noun
sarkasm	noun
sarkastisk	adj
sarkastiskt	adv
sarkofag	noun
sarv	noun
sashimi	noun
sassa	intj
satan	intj,name
satanisk	adj
sataniskhet	noun
satanism	noun
satanist	noun
satanistisk	adj
satanistiskt	adv
satanskult	noun
satellit	noun
satellitbild	noun
satellitstat	noun
satin	noun
satir	noun
satiriker	noun
satirisering	noun
satirisk	adj
satirtecknare	noun
satkärring	noun
satmara	noun
sats	noun
satsa	verb
satsbräda	noun
satsbräde	noun
satsning	noun
satsuma	noun
satt	adj
saturnalier	noun
saturnus	name
satyr	noun
satyriasis	noun
satäng	noun
saudiarabien	name
saudier	noun
saudiska	noun
sauerkraut	noun
sautera	verb
sauterad	adj
sav	noun
sava	verb
savann	noun
savarin	noun
savaräng	noun
savig	adj
savoir-faire	noun
savojard	noun
savojen	name
savojkål	noun
sax	noun
saxa	verb
saxaulsångare	noun
saxblad	noun
saxning	noun
saxofon	noun
saxofonist	noun
sazerac	noun
scampi	noun
scanna	verb
scanner	noun
scanning	noun
scb	name
scen	noun
scenarbetare	noun
scenkonst	noun
scenografi	noun
scenskräck	noun
sch	intj
schablon	noun
schablonartad	adj
schablonavdrag	noun
schablonbelopp	noun
schablonisera	verb
schablonmässig	adj
schabrak	noun
schack	intj,noun
schacka	verb
schackbräde	noun
schackdrag	noun
schackel	noun
schackklubb	noun
schackpjäs	noun
schackra	verb
schackruta	noun
schackspelare	noun
schackur	noun
schacköppning	noun
schakal	noun
schakt	noun
schakta	verb
schaktmaskin	noun
schaktmassa	noun
schaktning	noun
schaktugn	noun
schalottenlök	noun
schampo	noun
schamponera	verb
scharlakan	noun
scharlakansfeber	noun
scharlakansröd	adj
schas	intj
schasa	verb
schattera	verb
schattering	noun
schatull	noun
schavott	noun
schavottera	verb
schavottering	noun
scheele	name
scheelit	noun
schejk	noun
schejkdöme	noun
schema	noun
schemalägga	verb
schemaläggning	noun
schematisk	adj
schibbolet	noun
schillersk	adj
schillerstövare	noun
schimpans	noun
schism	noun
schismatiker	noun
schismatisk	adj
schizofren	adj
schizofreni	noun
schizoid	adj
schlager	noun
schnitzel	noun
schottis	noun
schram	noun
schvung	noun
schwarzwaldtårta	noun
schweiz	name
schweizare	noun
schweizerfranc	noun
schweizeri	noun
schweizerost	noun
schweizerstil	noun
schweizisk	adj
schweiziska	noun
schyman	name
schysst	adj
schäfer	noun
schäs	noun
sciencefictionfilm	noun
scientolog	noun
scientologi	noun
scientologisk	adj
scooter	noun
scout	noun
screena	verb
scrolla	verb
sd	name
se	verb
seaborgium	noun
seans	noun
seattle	name
sebastian	name
sebbe	name
sec	adj
secondhandbutik	noun
sed	noun
sedan	adv,conj,noun,prep
sedefördärv	noun
sedeförfall	noun
sedel	noun
sedelenhet	noun
sedelpress	noun
sedelära	noun
sedermera	adv
sedesam	adj
sedesamhet	noun
sedeslös	adj
sedeslöshet	noun
sedig	adj
sedighet	noun
sedlig	adj
sedlighet	noun
sedlighetsrotel	noun
sedvana	noun
sedvanemässig	adj
sedvanerätt	noun
sedvanlig	adj
sedvänja	noun
seeda	verb
seedning	noun
sef	name
sefanja	name
sefard	noun
sefardisk	adj
seg	adj
sega	name,noun,verb
segdragen	adj
segel	noun
segelbar	adj
segelbarhet	noun
segelbåt	noun
segelfartyg	noun
segelflyga	verb
segelflygplan	noun
segelhäst	noun
segelmakare	noun
segelplan	noun
segelskepp	noun
seger	noun
segergudinna	noun
segerherre	noun
segerhuva	noun
segerpalm	noun
segerparad	noun
segerrik	adj
segerrus	noun
segerrusig	adj
segertal	noun
segertecken	noun
segertippad	adj
segerviss	adj
segervisshet	noun
seghet	noun
segla	verb
seglare	noun
seglats	noun
segling	noun
seglivad	adj
segmentering	noun
segra	verb
segrare	noun
segrarinna	noun
segregation	noun
segregera	verb
segregering	noun
seismisk	adj
sej	noun
sejd	noun
sejdel	noun
sejour	noun
sekatör	noun
sekel	noun
sekelskifte	noun
sekig	adj
sekin	noun
sekret	noun
sekretariat	noun
sekreterare	noun
sekreterarfågel	noun
sekretess	noun
sekretessavtal	noun
sekretessbelagd	adj
sekretesskäl	noun
sekretär	noun
sekt	noun
sekterisk	adj
sekterism	noun
sekteristisk	adj
sektion	noun
sektionsnämnd	noun
sektledare	noun
sektmedlem	noun
sektor	noun
sektorsövergripande	adj
sekularisation	noun
sekularisera	verb
sekularisering	noun
sekularism	noun
sekulär	adj
sekund	noun
sekunda	adj
sekundant	noun
sekundera	verb
sekundmeter	noun
sekundvisare	noun
sekundär	adj
sekundärinfektion	noun
sekundärkälla	noun
sekundärlitteratur	noun
sekundärminne	noun
sekundärskam	noun
sekundärstadium	noun
sekvestrera	verb
sekvestrering	noun
sela	verb
seldon	noun
sele	noun
selektera	verb
selektiv	adj
selektivitet	noun
selen	noun
selfiepinne	noun
selim	name
selja	verb
selleri	noun
sellerikål	noun
sellström	name
selma	name
selot	noun
selotisk	adj
selotism	noun
seltersvatten	noun
semaforera	verb
semaforering	noun
semantik	noun
semantisk	adj
semester	noun
semesteranläggning	noun
semesterort	noun
semestertid	noun
semesterö	noun
semestra	verb
semi	noun
semifinal	noun
semifinalist	noun
semikolon	noun
seminarium	noun
semination	noun
seminavel	noun
seminera	verb
semiotik	noun
semiotisk	adj
semipelagian	noun
semipelagianism	noun
semipelagiansk	adj
semipermeabel	adj
semipermeabilitet	noun
semit	noun
semitisk	adj
semitrailer	noun
semla	noun
sen	adj
sena	noun
senantik	adj,noun
senap	noun
senapsfrö	noun
senapsgas	noun
senapsgul	adj
senapskorn	noun
senapssill	noun
senarelägga	verb
senareläggning	noun
senast	adv
senat	noun
senator	noun
senatsförhör	noun
senatsledare	noun
senatsplats	noun
senatsutskott	noun
senatsval	noun
sendrag	noun
senegal	name
senegales	noun
senegalesisk	adj
senegalesiska	noun
senfärdig	adj
senfärdighet	noun
senfärdigt	adv
sengrekisk	adj
sengustaviansk	adj
sengångaraktig	adj
sengångare	noun
senig	adj
senighet	noun
senil	adj
senildemens	noun
senildement	adj
senilitet	noun
senior	adj,noun
senioritet	noun
senkapitalism	noun
senkapitalistisk	adj
senkomling	noun
senkommen	adj
senlatin	noun
senmedeltid	noun
sensation	noun
sensationalistisk	adj
sensationellt	adv
sensationsjournalistik	noun
sensationslysten	adj
sensationslystnad	noun
sensibel	adj
sensibilitet	noun
sensmoral	noun
sensommar	noun
sensommarväder	noun
sensor	noun
sensualitet	noun
sensuell	adj
sent	adv
sentens	noun
sentensartad	adj
sentimentalitet	noun
separabel	adj
separation	noun
separatist	noun
separatistgrupp	noun
separatistisk	adj
separatistledare	noun
separatiströrelse	noun
separator	noun
separera	verb
separering	noun
seppuku	noun
sepsis	noun
september	noun
septiljon	num
septisk	adj
serafimerriddare	noun
seralj	noun
serb	noun
serbien	name
serbisk	adj
serbisk-ortodox	adj
serbiska	noun
serbokroatisk	adj
serbokroatiska	noun
serenad	noun
serendipitet	noun
serie	noun
seriealbum	noun
seriehjälte	noun
seriemagasin	noun
seriemördare	noun
serienummer	noun
serietecknare	noun
serietidning	noun
serievåldtäktsman	noun
seriff	noun
serin	noun
seriositet	noun
seriös	adj
serpentin	noun
serva	verb
serve	noun
serveess	noun
servemottagare	noun
server	noun
servera	verb
servering	noun
servett	noun
serveäss	noun
service	noun
serviceverkstad	noun
servilitet	noun
servis	noun
servitris	noun
servitör	noun
servo	noun
servomotor	noun
servostyrning	noun
servosystem	noun
serös	adj
sesam	noun
sesamben	noun
sesamfrö	noun
sesamolja	noun
session	noun
sessionssal	noun
seså	intj
set	name,noun
seta	noun
setboll	noun
seth	name
setter	noun
sevilla	name
sevärd	adj
sevärdhet	noun
sex	noun,num
sexa	noun
sexarbetare	noun
sexarbete	noun
sexbrott	noun
sexbrottsling	noun
sexbutik	noun
sexdocka	noun
sexgud	noun
sexgudinna	noun
sexhandel	noun
sexhundra	num
sexhundratal	noun
sexhörning	noun
sexig	adj
sexighet	noun
sexigt	adv
sexism	noun
sexistisk	adj
sexkantig	adj
sexklubb	noun
sexköp	noun
sexköpare	noun
sexleksak	noun
sexliv	noun
sexmästare	noun
sexnovell	noun
sexolog	noun
sexologi	noun
sexologisk	adj
sexpack	noun
sexscen	noun
sexsekt	noun
sexskandal	noun
sexslav	noun
sexställning	noun
sexsäljare	noun
sext	noun
sextant	noun
sextiden	noun
sextiljon	num
sextio	num
sextioen	num
sextioett	num
sextiofem	num
sextiofyra	num
sextionde	num
sextionio	num
sextiosex	num
sextiosju	num
sextiotal	noun
sextiotre	num
sextiotvå	num
sextioårig	adj
sextioåring	noun
sextioåtta	num
sexton	num
sextonde	num
sextondedel	noun
sextondel	noun
sextondelsnot	noun
sextonhundratal	noun
sextonårig	adj
sextonåring	noun
sexturism	noun
sexturist	noun
sexualakt	noun
sexualbrott	noun
sexualbrottsling	noun
sexualbrottsoffer	noun
sexualdrift	noun
sexualförbrytare	noun
sexualisera	verb
sexualisering	noun
sexualitet	noun
sexualkunskap	noun
sexualliv	noun
sexuell	adj
sexuellt	adv
sexårig	adj
sexåring	noun
seychellerna	name
seychellier	noun
seychellisk	adj
seychelliska	noun
sfinx	noun
sfinxartad	adj
sfs	name
sfär	noun
sfärisk	adj
sgd	noun
shabbes	noun
shah	noun
shampo	noun
sharia	noun
sharialag	noun
shawarma	noun
shejk	noun
shetland	name
shetlandsöarna	name
shiamuslim	noun
shiamuslimsk	adj
shiit	noun
shiitisk	adj
shilling	noun
shit	intj
shogun	noun
shopping	noun
shoppinglista	noun
shoppingvagn	noun
shorts	noun
shot	noun
show	noun
sht	noun
sia	verb
siames	noun
siamesisk	adj
siameskatt	noun
siare	noun
sibirien	name
sibirier	noun
sibirisk	adj
sibylla	name,noun
sibyllinsk	adj
sicilianare	noun
sicilianska	noun
sicilien	name
sid	noun
sida	name,noun,verb
sidbena	noun
sidbrytning	noun
sideboard	noun
sidecar	noun
sidenaktig	adj
sidenklänning	noun
sidensvans	noun
sideros	noun
sidfläsk	noun
sidformatmall	noun
sidfot	noun
sidhuvud	noun
sidled	noun
sidledes	adv
sidlinje	noun
sidmarginal	noun
sidnummer	noun
sidnumrera	verb
sidoackrediterad	adj
sidoaltare	noun
sidoeffekt	noun
sidoform	noun
sidoinkomst	noun
sidokapell	noun
sidoklass	noun
sidoläge	noun
sidoprojekt	noun
sidorum	noun
sidoruta	noun
sidorätt	noun
sidoskepp	noun
sidospår	noun
sidouppdrag	noun
sidovagn	noun
sidoväg	noun
sidsteppa	verb
sidvagn	noun
siemens	noun
sierraleonier	noun
sierraleonsk	adj
sierska	noun
sievert	name,noun
sifferfönster	noun
sifferkod	noun
sifferkombination	noun
siffermässig	adj
sifferuppgift	noun
siffra	noun
sig	pron
sigfrid	name
sigill	noun
sigillring	noun
sigmoidoskop	noun
sigmoidoskopi	noun
sigmoidoskopisk	adj
signal	noun
signal-brusförhållande	noun
signalement	noun
signalera	verb
signalering	noun
signalfel	noun
signalflagga	noun
signalkräfta	noun
signalpistol	noun
signalspaning	noun
signalstyrka	noun
signalsubstans	noun
signatur	noun
signaturmelodi	noun
signatär	noun
signatärmakt	noun
signe	name
signera	verb
signering	noun
signhild	name
signifikant	adj
sigrid	name
sigtuna	name
sigurd	intj,name
sigvard	name
sik	noun
sikangtita	noun
siklöja	noun
siklöjefiske	noun
sikt	noun
sikta	verb
siktad	adj
sikte	noun
siktfart	noun
sil	noun
silhuett	noun
silikat	noun
silikon	noun
silikonbröst	noun
silikos	noun
siljan	name
silke	noun
silkeshäger	noun
silkeslen	adj
silkesvante	noun
sill	noun
sillbord	noun
sillgrissla	noun
sillhaj	noun
sillinläggning	noun
sillkung	noun
sillpudding	noun
sillsallad	noun
sillsalteri	noun
silltrut	noun
sillval	noun
sillåda	noun
silning	noun
silo	noun
silt	noun
siltsten	noun
silver	noun
silverbricka	noun
silverbromid	noun
silverfisk	noun
silvergruva	noun
silverhårig	adj
silvermedalj	noun
silvermedaljör	noun
silvermynt	noun
silverpoppel	noun
silverskrin	noun
silversmed	noun
silversmycke	noun
silvertejp	noun
silvertråd	noun
silvertärna	noun
silverört	noun
silvrig	adj
sim	noun
sim-kort	noun
simbassäng	noun
simborgare	noun
simborgarmärke	noun
simdräkt	noun
simfot	noun
simglasögon	noun
simhall	noun
simhopp	noun
simhoppare	noun
simhoppning	noun
simhud	noun
simklubb	noun
simkunnig	adj
simkunnighet	noun
simlandslag	noun
simlektion	noun
simma	verb
simmagister	noun
simmare	noun
simmarstjärna	noun
simmerska	noun
simmig	adj
simmärke	noun
simning	noun
simon	name
simpa	noun
simpel	adj
simpelhet	noun
simplifiering	noun
simplistisk	adj
simsa	verb
simsalabim	intj
simshyvel	noun
simskola	noun
simsnäppa	noun
simson	name
simsport	noun
simstadion	noun
simsätt	noun
simtag	noun
simtur	noun
simtävling	noun
simulant	noun
simulera	verb
simulering	noun
simultan	adj
simultanförmåga	noun
simultanitet	noun
simultankapacitet	noun
simultanschack	noun
sin	noun,pron
sina	verb
sinekur	noun
sinfonietta	noun
singapore	name
singaporian	noun
singel	adj,noun
singellista	noun
singelolycka	noun
singelspelare	noun
singla	verb
singularform	noun
singularis	noun
singularitet	noun
sinka	noun,verb
sinkadus	noun
sinnad	adj
sinne	noun
sinnebild	noun
sinnebildlig	adj
sinnelag	noun
sinnesfrid	noun
sinnesintryck	noun
sinnesjämvikt	noun
sinneslugn	noun
sinnesnärvaro	noun
sinnesorgan	noun
sinnesro	noun
sinnesrubbad	adj
sinnesrubbning	noun
sinnesrörelse	noun
sinnessjuk	adj
sinnessjukdom	noun
sinnesslö	adj
sinnesslöhet	noun
sinnesstämning	noun
sinnestillstånd	noun
sinnevärld	noun
sinnlig	adj
sinnrik	adj
sinnrikhet	noun
sinolog	noun
sinologi	noun
sinom	adv,pron
sinsemellan	adv
sintra	verb
sinus	noun
sinuskurva	noun
sion	name
sionism	noun
sionist	noun
sionistisk	adj
sionistiskt	adv
sipp	adj,noun
sippa	noun,verb
sipphet	noun
sippra	verb
sira	verb
sirap	noun
sirat	noun
siren	noun
sirensång	noun
siri	name
sirjärn	noun
sirlig	adj
sirp	noun
sirpa	verb
sirpning	noun
sisa	verb
siska	noun
sissela	name
sist	adj,adv
sista	adj
sistnämnd	adj
sistone	noun
sisyfosarbete	noun
sisådär	adv
sitar	noun
sits	noun
sitta	verb
sittben	noun
sittdyna	noun
sittlift	noun
sittplats	noun
sittstrejk	noun
situation	noun
situationskomedi	noun
situationstecken	noun
situerad	adj
siv	name,noun
siv-regel	noun
sivert	name
siw	name
sixten	name
sj	character,name,pron
sjal	noun
sjanghaja	verb
sjaskig	adj
sjaskigt	adv
sjok	noun
sjtjedrin	name
sju	num
sjua	noun
sjuda	verb
sjudning	noun
sjudundrande	adj
sjuhundra	num
sjuhundratal	noun
sjuk	adj
sjuka	noun
sjukamp	noun
sjukampare	noun
sjukanmäla	verb
sjukdag	noun
sjukdom	noun
sjukdomsframkallande	adj
sjukdomsförlopp	noun
sjukdomstecken	noun
sjukersättning	noun
sjukförsäkring	noun
sjukhus	noun
sjukhusområde	noun
sjukhuspersonal	noun
sjukhussäng	noun
sjukintyg	noun
sjuklig	adj
sjuklighet	noun
sjuklövern	noun
sjukna	verb
sjukpenning	noun
sjukresa	noun
sjukskriva	verb
sjukskrivning	noun
sjuksköterska	noun
sjukstuga	noun
sjuksyster	noun
sjukvård	noun
sjukvårdare	noun
sjukvårdsbiträde	noun
sjukvårdsförsäkring	noun
sjukvårdsminister	noun
sjukvårdspersonal	noun
sjukvårdspolitik	noun
sjukvårdspolitiker	noun
sjukvårdsrådgivning	noun
sjukvårdssektor	noun
sjul	name
sjumilaskog	noun
sjumilastövel	noun
sjunde	num
sjundedagsadventist	noun
sjundedel	noun
sjundeå	name
sjunga	verb
sjunka	verb
sjunkbomb	noun
sjur	name
sjurd	name
sjurygg	noun
sjuskeppig	adj
sjusovardag	noun
sjusovare	noun
sjuspaltig	adj
sjusärdeles	adj,adv
sjutiden	noun
sjuttio	num
sjuttioen	num
sjuttioett	num
sjuttiofem	num
sjuttiofyra	num
sjuttionde	adj
sjuttiondel	noun
sjuttionio	num
sjuttiosex	num
sjuttiosju	num
sjuttiotal	noun
sjuttiotre	num
sjuttiotvå	num
sjuttioårig	adj
sjuttioåring	noun
sjuttioåtta	num
sjutton	intj,num
sjuttonde	num
sjuttondedel	noun
sjuttondel	noun
sjuttonhundratal	noun
sjuttonårig	adj
sjuttonåring	noun
sjuårig	adj
sjuåring	noun
själ	noun
själaringning	noun
själasörjare	noun
själavandring	noun
själavård	noun
själavårdande	adj
själavårdare	noun
själfull	adj
själfullhet	noun
själisk	adj
själland	name
själlös	adj
själlöshet	noun
själsadel	noun
själsdödande	adj
själsfrände	noun
själslig	adj
själv	adv,noun,pron
själva	adj,pron
självaktning	noun
självantändlig	adj
självantändning	noun
självaste	adj
självbedrägeri	noun
självbehärskning	noun
självbelåten	adj
självbelåtenhet	noun
självberöm	noun
självbestämmande	noun
självbetitlad	adj
självbetjäning	noun
självbevarelse	noun
självbevarelsedrift	noun
självbild	noun
självbindare	noun
självbiografi	noun
självbiografisk	adj
självcensur	noun
självdestruktivitet	noun
självdistans	noun
självdö	verb
själve	adj
självfallenhet	noun
självfallet	adv
självförakt	noun
självförebråelse	noun
självförnedring	noun
självförnekelse	noun
självförsakelse	noun
självförstörelse	noun
självförsvar	noun
självförsörjande	adj
självförsörjning	noun
självförtroende	noun
självförtröstan	noun
självförverkligande	noun
självförvållad	adj
självgisslare	noun
självgod	adj
självgodhet	noun
självhat	noun
självhjälp	noun
självhjälpsbok	noun
självhjälpslitteratur	noun
självhäftande	adj
självhävdelse	noun
självisk	adj
själviskhet	noun
självklar	adj
självklarhet	noun
självklart	adv
självklok	adj
självklokhet	noun
självkritik	noun
självkritisk	adj
självkännedom	noun
självkänsla	noun
självlysande	adj
självläka	verb
självlärd	adj
självmant	adv
självmedicinera	verb
självmedicinering	noun
självmedveten	adj
självmedvetet	adv
självmord	noun
självmordsattack	noun
självmordsattentat	noun
självmordsbenägen	adj
självmordsbenägenhet	noun
självmordsbomb	noun
självmordsbombare	noun
självmordsbombning	noun
självmordsbrev	noun
självmordsdåd	noun
självmordsförsök	noun
självmordslinje	noun
självmordsstatistik	noun
självmordstal	noun
självmordsuppdrag	noun
självmotsägande	adj
självmotsägelse	noun
självmål	noun
självplågare	noun
självporträtt	noun
självrannsakan	noun
självrannsakans	noun
självreferens	noun
självrespekt	noun
självrisk	noun
självrättfärdig	adj
självrättfärdighet	noun
självrättfärdigt	adv
självrådig	adj
självrådighet	noun
självscanna	verb
självscanning	noun
självspelande	adj
självstympare	noun
självstympning	noun
självstyrande	adj
självstyre	noun
självständig	adj
självständighet	noun
självständighetsdag	noun
självständighetsdeklaration	noun
självständighetsförklaring	noun
självständighetsivrare	noun
självständighetskrig	noun
självständighetsrörelse	noun
självständigt	adv
självsvåld	noun
självsvåldig	adj
självsvåldighet	noun
självsäker	adj
självsäkerhet	noun
självt	pron
självtillit	noun
självtillräcklig	adj
självtillräcklighet	noun
självtvivel	noun
självtänkande	adj
självuppfyllande	adj
självuppoffrande	adj
självuppoffring	noun
självupptagen	adj
självupptagenhet	noun
självupptaget	adv
självutnämnd	adj
självutplånande	adj
självutplåning	noun
självvattnande	adj
självägande	adj
självändamål	noun
självömkan	noun
självömkande	adj
sjätte	num
sjättedel	noun
sjå	noun
sjåpa	verb
sjåpig	adj
sjö	noun
sjöberg	name
sjöbjörn	noun
sjöblom	name
sjöbod	noun
sjöborre	noun
sjöbotten	noun
sjöduglig	adj
sjöduglighet	noun
sjöfarare	noun
sjöfart	noun
sjöfartshistoria	noun
sjöflygplan	noun
sjöfylleri	noun
sjöglimt	noun
sjögren	name
sjögräs	noun
sjögurka	noun
sjögång	noun
sjöhäst	noun
sjöjungfru	noun
sjökapten	noun
sjökort	noun
sjökvist	name
sjölejon	noun
sjölund	name
sjöman	noun
sjömanskap	noun
sjömansmässig	adj
sjömil	noun
sjömina	noun
sjömärke	noun
sjömålsrobot	noun
sjönöd	noun
sjönöt	noun
sjöodjur	noun
sjöoduglig	adj
sjöoduglighet	noun
sjöofficer	noun
sjöorre	noun
sjöovärdig	adj
sjöovärdighet	noun
sjöpung	noun
sjöresa	noun
sjörobot	noun
sjöräddning	noun
sjöräddningsbåt	noun
sjörättslig	adj
sjörövare	noun
sjörövarfartyg	noun
sjöröveri	noun
sjösjuk	adj
sjösjuka	noun
sjöskum	noun
sjöskumspipa	noun
sjöslag	noun
sjöss	noun
sjöstad	noun
sjöstjärna	noun
sjöstridskrafter	noun
sjösäker	adj
sjösäkerhet	noun
sjösänkning	noun
sjösätta	verb
sjötunga	noun
sjövärdig	adj
sjövärdighet	noun
sk	adj,noun
ska	noun,verb
skabb	noun
skabbig	adj
skabbighet	noun
skabrositet	noun
skabrös	adj
skabröst	adv
skada	noun,verb
skadad	adj
skadebesiktning	noun
skadedjur	noun
skadedrabbad	adj
skadeersättning	noun
skadefröjd	noun
skadeglad	adj
skadeglädje	noun
skadegörelse	noun
skadeinsekt	noun
skadekänning	noun
skadereglering	noun
skadeskjuta	verb
skadestånd	noun
skadeståndsansvar	noun
skadeståndsskyldig	adj
skadeståndsskyldighet	noun
skadeutfall	noun
skadeverkan	noun
skadeverkning	noun
skadlig	adj
skadlighet	noun
skadligt	adv
skadskjutning	noun
skaffa	verb
skaffel	noun
skafferi	noun
skaffning	noun
skaft	noun
skaftdammsugare	noun
skagen	name
skagenröra	noun
skagern	name
skaka	verb
skakel	noun
skakig	adj
skakighet	noun
skakning	noun
skakvåld	noun
skal	noun
skala	noun,verb
skalbagge	noun
skalbar	adj
skalbarhet	noun
skalbolag	noun
skald	noun
skalda	verb
skaldekonst	noun
skaldjur	noun
skaldjursallergiker	noun
skaldjurssallad	noun
skaldjurssoppa	noun
skalenlig	adj
skalk	noun
skall	noun
skalla	verb
skalle	noun
skaller	noun
skallerorm	noun
skallgång	noun
skallgångskedja	noun
skallig	adj
skallighet	noun
skallning	noun
skallra	noun,verb
skallring	noun
skallskada	noun
skalm	noun
skalning	noun
skalp	noun
skalpell	noun
skalpera	verb
skalpering	noun
skalprogram	noun
skalskydd	noun
skalv	noun
skalär	adj,noun
skalärfält	noun
skalärprodukt	noun
skam	name,noun
skamfila	verb
skamfilad	adj
skamfläck	noun
skamlig	adj
skamlös	adj
skamlöshet	noun
skampåle	noun
skamsen	adj
skamsenhet	noun
skamset	adv
skamstraff	noun
skamvrå	noun
skandal	noun
skandalartad	adj
skandalisera	verb
skandalisering	noun
skandalmatch	noun
skandalomsusad	adj
skandalös	adj
skandalöst	adv
skandera	verb
skandering	noun
skandinav	noun
skandinavien	name
skandinavisk	adj
skandinaviska	noun
skandium	noun
skank	noun
skans	noun
skapa	verb
skapad	adj
skapande	adj,noun
skapare	noun
skapelse	noun
skaplig	adj
skapligt	adv
skaplynne	noun
skara	name,noun
skare	noun
skarp	adj
skarpblick	noun
skarpen	noun
skarphet	noun
skarpladdad	adj
skarpnäst	adj
skarprättare	noun
skarpsill	noun
skarpsinne	noun
skarpsinnig	adj
skarpsinnighet	noun
skarpsinnigt	adv
skarpskytt	noun
skarpskytte	noun
skarpslipad	adj
skarpsynt	adj
skarpsynthet	noun
skarpögd	adj
skarsgård	name
skarv	noun
skarva	verb
skarvsladd	noun
skata	noun
skatbo	noun
skateboard	noun
skateboarda	verb
skateboardåkare	noun
skateboardåkning	noun
skatgök	noun
skatologi	noun
skatologisk	adj
skatt	noun
skatta	verb
skattebelopp	noun
skattebetalare	noun
skattebortfall	noun
skattebrott	noun
skatteexpert	noun
skatteflykting	noun
skattefri	adj
skattefusk	noun
skatteförmån	noun
skattehöjning	noun
skatteindrivare	noun
skatteintäkt	noun
skatteminskning	noun
skattemyndighet	noun
skattemässig	adj
skattenivå	noun
skatteparadis	noun
skattepliktig	adj
skattepolitik	noun
skattepolitisk	adj
skattereduktion	noun
skatterättslig	adj
skattesats	noun
skatteskuld	noun
skatteskäl	noun
skattesystem	noun
skattesänkning	noun
skattetillägg	noun
skattetryck	noun
skattetröskel	noun
skatteutskott	noun
skatteverk	noun
skatteåterbäring	noun
skatteökning	noun
skattjakt	noun
skattkammare	noun
skattkarta	noun
skattkista	noun
skattmästare	noun
skattning	noun
skattskyldig	adj
skattsökare	noun
skav	noun
skava	verb
skavank	noun
skavfötters	adv
skavning	noun
skavsår	noun
ske	verb
sked	noun
skeda	verb
skedand	noun
skeddrag	noun
skede	noun
skedning	noun
skedskaft	noun
skedstork	noun
skeen	name
skeende	noun
skejta	verb
skela	verb
skelett	noun
skelettartad	adj
skelettmuskulatur	noun
skelettskada	noun
skellefteå	name
skelögd	adj
skelögdhet	noun
sken	noun
skena	noun,verb
skenavrättning	noun
skenavtal	noun
skenbar	adj
skenbarligen	adv
skenben	noun
skendränka	verb
skendränkning	noun
skenfäktning	noun
skengalen	adj
skengraviditet	noun
skenhelig	adj
skenhelighet	noun
skenheligt	adv
skenhändelse	noun
skenkristen	adj
skenkristendom	noun
skenmanöver	noun
skenomröstning	noun
skenrättegång	noun
skenval	noun
skenäktenskap	noun
skepnad	noun
skepp	noun
skeppa	verb
skeppare	noun
skepparkrans	noun
skeppsbrott	noun
skeppsbruten	adj
skeppsbyggnad	noun
skeppsmask	noun
skeppsredare	noun
skeppsregister	noun
skeppsskorpa	noun
skeppssättning	noun
skeppsvrak	noun
skepsis	noun
skepticism	noun
skeptisk	adj
sketch	noun
sketen	adj
skev	adj
skevhet	noun
skevsymmetrisk	adj
skick	noun
skicka	verb
skickad	adj
skickelse	noun
skickelsediger	adj
skicklig	adj
skicklighet	noun
skida	noun,verb
skidbacke	noun
skidhopp	noun
skidhoppning	noun
skidlift	noun
skidort	noun
skidsele	noun
skidsemester	noun
skidskytt	noun
skidskytte	noun
skidstadion	noun
skidstav	noun
skidåkare	noun
skidåkning	noun
skiffer	noun
skifferbrott	noun
skiffermes	noun
skifferolja	noun
skiffertrut	noun
skift	noun
skifta	verb
skiftarbeta	verb
skiftarbetare	noun
skiftarbete	noun
skiftare	noun
skifte	noun
skiftesman	noun
skiftlägeskänslig	adj
skiftlås	noun
skiftlåstangent	noun
skiftning	noun
skiftnyckel	noun
skifttangent	noun
skikt	noun
skikta	verb
skiktgräns	noun
skildra	verb
skildring	noun
skilja	verb
skiljaktig	adj
skiljaktighet	noun
skiljas	verb
skiljbar	adj
skiljbarhet	noun
skilje	noun
skiljeavtal	noun
skiljedom	noun
skiljedomare	noun
skiljedomstol	noun
skiljeförfarande	noun
skiljeklausul	noun
skiljelinje	noun
skiljeman	noun
skiljenämnd	noun
skiljeset	noun
skiljetecken	noun
skilling	noun
skillnad	noun
skilsmässa	noun
skilt	noun
skimmer	noun
skimra	verb
skina	verb
skingra	verb
skingring	noun
skinhead	noun
skinka	noun
skinksallad	noun
skinn	noun
skinna	verb
skinnare	noun
skinneri	noun
skinnhiss	noun
skinnhuvud	noun
skinnskalle	noun
skinntorr	adj
skintigrafi	noun
skipa	verb
skir	adj,noun
skira	verb
skirning	noun
skiss	noun
skissa	verb
skissartad	adj
skissera	verb
skissering	noun
skissning	noun
skit	noun
skita	verb
skitgöra	noun
skithål	noun
skithög	noun
skitig	adj
skitkorv	noun
skitsak	noun
skitstövel	noun
skitväder	noun
skiva	noun,verb
skivaffär	noun
skivbar	adj
skivbolag	noun
skivbroms	noun
skivbutik	noun
skivformig	adj
skivindustri	noun
skivkontrakt	noun
skivling	noun
skivmärke	noun
skivomslag	noun
skivproducent	noun
skivsamlare	noun
skivsamling	noun
skivspelare	noun
skivstång	noun
skjorta	noun
skjul	noun
skjuta	verb
skjutbana	noun
skjutbar	adj
skjutdörr	noun
skjuten	adj
skjutfält	noun
skjutglad	adj
skjuthäst	noun
skjutjärnsjournalistik	noun
skjutmått	noun
skjutning	noun
skjuts	noun
skjutsa	verb
skjutskicklig	adj
skjutskicklighet	noun
skjutvapen	noun
skjuva	verb
skjuvad	adj
skjuvning	noun
skjämt	noun
skleros	noun
sko	noun,verb
skoaffär	noun
skoborste	noun
skock	noun
skocka	noun,verb
skodon	noun
skoflickare	noun
skog	name,noun
skogig	adj
skoglund	name
skoglös	adj
skoglöshet	noun
skogsavverkning	noun
skogsbolag	noun
skogsbrand	noun
skogsbruk	noun
skogsbrukare	noun
skogsbryn	noun
skogsdunge	noun
skogsduva	noun
skogseld	noun
skogsföretag	noun
skogsglänta	noun
skogshallon	noun
skogshuggare	noun
skogshöns	noun
skogslind	noun
skogslämmel	noun
skogslönn	noun
skogsmurmeldjur	noun
skogsolvon	noun
skogsparti	noun
skogspromenad	noun
skogsrå	noun
skogsskövling	noun
skogssnigel	noun
skogssnäppa	noun
skogsstjärna	noun
skogstrakt	noun
skogsträd	noun
skogsvetenskap	noun
skogsvetenskaplig	adj
skogsväg	noun
skogsägare	noun
skogvaktare	noun
skohorn	noun
skoinlägg	noun
skoj	noun
skoja	verb
skojare	noun
skojfrisk	adj
skojfriskhet	noun
skojig	adj
skokräm	noun
skola	noun,verb
skolbarn	noun
skolbespisning	noun
skolbibliotek	noun
skolbildning	noun
skolbok	noun
skolboksexempel	noun
skolbuss	noun
skolbyggnad	noun
skolbänk	noun
skolfartyg	noun
skolflicka	noun
skolflicksaktig	adj
skolflygplan	noun
skolfröken	noun
skolgård	noun
skolion	noun
skolk	noun
skolka	verb
skolkamrat	noun
skolkare	noun
skolklass	noun
skolkning	noun
skolmat	noun
skolmatsal	noun
skolmiljö	noun
skolminister	noun
skolmässig	adj
skolmästare	noun
skolning	noun
skolpojke	noun
skolskepp	noun
skolskjutning	noun
skolskjuts	noun
skoltsamiska	noun
skoluniform	noun
skoluppgift	noun
skolverk	noun
skolväsen	noun
skolår	noun
skolös	adj
skomakare	noun
skomakeri	noun
skona	verb
skonare	noun
skonert	noun
skoningslös	adj
skoningslöshet	noun
skonsam	adj
skonsamhet	noun
skopa	noun,verb
skophjul	noun
skoptofil	adj,noun
skoptofili	noun
skoputsare	noun
skorpa	noun
skorpion	noun
skorpionen	name
skorra	verb
skorsten	noun
skorstensfejare	noun
skorstensmärke	noun
skorstensrök	noun
skorstensseglare	noun
skorv	noun
skorvig	adj
skoskav	noun
skosnöre	noun
skosula	noun
skotare	noun
skoter	noun
skoterled	noun
skotsk	adj
skotska	noun
skott	noun
skotta	verb
skottavla	noun
skottdag	noun
skotte	noun
skottglugg	noun
skotthål	noun
skottkärra	noun
skottland	name
skottlinje	noun
skottlossning	noun
skottning	noun
skottpeng	noun
skottsekund	noun
skottskada	noun,verb
skottsäker	adj
skottsår	noun
skottår	noun
skov	noun
skovel	noun
skovelhjul	noun
skovla	verb
skrake	noun
skral	adj
skraltig	adj
skramla	noun,verb
skrammel	noun
skranglig	adj
skrank	noun
skranka	noun,verb
skrap	noun
skrapa	noun,verb
skraplott	noun
skrapning	noun
skrapsår	noun
skratt	noun
skratta	verb
skrattanfall	noun
skrattattack	noun
skratte	noun
skrattgrop	noun
skrattlust	noun
skrattlysten	adj
skrattlystnad	noun
skrattmås	noun
skrattretande	adj
skrattspegel	noun
skrev	noun
skreva	noun,verb
skri	noun
skria	verb
skribent	noun
skrida	verb
skridsko	noun
skridskoåkare	noun
skridskoåkning	noun
skrift	noun
skriftlig	adj
skriftligen	adv
skriftligt	adv
skriftlärd	adj
skriftspråk	noun
skriftspråklig	adj
skriftställare	noun
skriftsystem	noun
skrik	noun
skrika	noun,verb
skrikhals	noun
skrikig	adj
skrikighet	noun
skrikstrandpipare	noun
skrikörn	noun
skrin	noun
skrinlägga	verb
skrinna	verb
skrinnarbana	noun
skrinnare	noun
skritt	noun
skritta	verb
skriva	verb
skrivare	noun
skrivbok	noun
skrivbord	noun
skrivelse	noun
skriven	adj
skriveri	noun
skrivkramp	noun
skrivkunnig	adj
skrivkunnighet	noun
skrivmaskin	noun
skrivmaskinist	noun
skrivning	noun
skrivregel	noun
skrivsand	noun
skrivstil	noun
skrivtavla	noun
skrock	noun
skrocka	verb
skrockfull	adj
skrockfullhet	noun
skrodera	verb
skrolla	verb
skrot	noun
skrota	verb
skrotmejsel	noun
skrotning	noun
skrott	noun
skrov	noun
skrovlig	adj
skrovlighet	noun
skrovmål	noun
skrubb	noun
skrubba	noun,verb
skrubbning	noun
skrubbskädda	noun
skrubbsår	noun
skrud	noun
skrumpen	adj
skrumplever	noun
skrumpna	verb
skrupel	noun
skrupelfri	adj
skrupelfrihet	noun
skrupellös	adj
skrupulös	adj
skrutt	noun
skruv	noun
skruva	verb
skruvdragare	noun
skruvkork	noun
skruvlinje	noun
skruvmejsel	noun
skruvstäd	noun
skrymdensitet	noun
skrymma	verb
skrymmande	adj
skrymsle	noun
skrymteri	noun
skrynkla	noun,verb
skrynklig	adj
skrynklighet	noun
skrynkling	noun
skryp	adj
skryt	noun
skryta	verb
skrytbygge	noun
skrytighet	noun
skrytsam	adj
skrytsamhet	noun
skräck	noun
skräckblandad	verb
skräckfilm	noun
skräckhistoria	noun
skräckinjagande	adj,noun
skräckkabinett	noun
skräckpropaganda	noun
skräckregim	noun
skräckroman	noun
skräckscenario	noun
skräckslagen	adj
skräckslaget	adv
skräckvälde	noun
skräcködla	noun
skräda	verb
skrädda	verb
skräddare	noun
skräddarsy	verb
skräddarsydd	adj
skräling	noun
skräll	noun
skrälla	verb
skrälle	noun
skrällseger	noun
skrällvinst	noun
skrämd	adj
skrämma	verb
skrämmande	adj
skrämmas	verb
skrämsel	noun
skrämselhicka	noun
skrämselpropaganda	noun
skrämseltaktik	noun
skrän	noun
skräna	verb
skränig	adj
skränighet	noun
skränktång	noun
skräntärna	noun
skräp	noun
skräpa	verb
skräphög	noun
skräpig	adj
skräpighet	noun
skräpmat	noun
skräpobligation	noun
skräppost	noun
skrävel	noun
skrävla	verb
skrävlare	noun
skrå	noun
skråanda	noun
skrål	noun
skråla	verb
skråma	noun
skröna	noun
skröplig	adj
skröplighet	noun
skröpligt	adv
skuff	noun
skuffa	verb
skugga	noun,verb
skuggboxning	noun
skuggfri	adj
skuggig	adj
skuggighet	noun
skuggkabinett	noun
skugglik	adj
skugglös	adj
skuggning	noun
skuggrik	adj
skuggsamhälle	noun
skuggsida	noun
skula	verb
skuld	noun
skuldbelopp	noun
skuldbelägga	verb
skuldbeläggning	noun
skuldberg	noun
skuldebrev	noun
skulderblad	noun
skuldergördel	noun
skulderled	noun
skuldfri	adj
skuldfrihet	noun
skuldfråga	noun
skuldfälla	noun
skuldkomplex	noun
skuldkvot	noun
skuldkänsla	noun
skuldlättnad	noun
skuldlös	adj
skuldlöshet	noun
skuldra	noun
skuldränta	noun
skuldsatt	adj
skuldsätta	verb
skuldsättning	noun
skuldtak	noun
skull	noun
skulle	noun
skulptera	verb
skulptur	noun
skulpturkonst	noun
skulptör	noun
skum	adj,noun
skumbad	noun
skumma	verb
skummig	adj
skumna	verb
skumning	noun
skumpa	verb
skumpig	adj
skumrask	noun
skumraskaffär	noun
skumrulle	noun
skumslev	noun
skumvin	noun
skumögd	adj
skumögdhet	noun
skunk	noun
skur	noun
skura	verb
skurborste	noun
skuren	adj
skurhink	noun
skurk	noun
skurkaktig	adj
skurkaktighet	noun
skurknä	noun
skurkstat	noun
skurkstreck	noun
skurkärring	noun
skursvamp	noun
skurtrasa	noun
skuta	noun
skutt	noun
skutta	verb
skvader	noun
skval	noun
skvala	verb
skvaller	noun
skvalleraktig	adj
skvalleraktighet	noun
skvallerjournalist	noun
skvallerjournalistik	noun
skvallermagasin	noun
skvallerspalt	noun
skvallerspegel	noun
skvallertidning	noun
skvallra	verb
skvallrighet	noun
skvalp	intj,noun
skvalpa	verb
skvalpig	adj
skvatt	adv,noun
skvatter	noun
skvattra	verb
skvimpa	verb
skvätt	noun
skvätta	noun,verb
sky	noun,verb
skydd	noun
skydda	verb
skyddad	adj
skyddare	noun
skyddsdräkt	noun
skyddsglasögon	noun
skyddshandske	noun
skyddshelgon	noun
skyddshjälm	noun
skyddsjakt	noun
skyddsling	noun
skyddslös	adj
skyddslöshet	noun
skyddsmekanism	noun
skyddsnät	noun
skyddsobjekt	noun
skyddsombud	noun
skyddsomslag	noun
skyddspatron	noun
skyddspengar	noun
skyddsrum	noun
skyddsräcke	noun
skyddsstyrka	noun
skyddstid	noun
skyddstillsyn	noun
skyddsvall	noun
skyddsväg	noun
skyddsvärd	adj
skyddsvärde	noun
skyddsängel	noun
skyfall	noun
skyfallsliknande	adj
skyffe	noun
skyffel	noun
skyffelskaft	noun
skyffla	verb
skyffling	noun
skygg	adj
skygglapp	noun
skyhög	adj
skyla	verb
skyldig	adj
skyldighet	noun
skyldra	verb
skylift	noun
skylight	noun
skylla	verb
skylt	noun
skylta	verb
skyltdocka	noun
skyltfönster	noun
skymf	noun
skymfa	verb
skymflig	adj
skymfligen	adv
skymfning	noun
skymford	noun
skymma	verb
skymning	noun
skymningsdunkel	adj,noun
skymningsmörker	noun
skymt	noun
skymta	verb
skymundan	noun
skynda	verb
skyndsam	adj
skyndsamhet	noun
skyndsamt	adv
skynke	noun
skyskrapa	noun
skysås	noun
skyt	noun
skytisk	adj
skytiska	noun
skytt	noun
skytte	noun
skyttegrav	noun
skyttegravskrig	noun
skyttel	noun
skyttelbuss	noun
skytteldiplomati	noun
skytteltrafik	noun
skytten	name
skyttesoldat	noun
skägg	noun
skäggdopping	noun
skäggig	adj
skäggighet	noun
skägglös	adj
skäggmes	noun
skäggprydd	adj
skäggstubb	noun
skäggtärna	noun
skäkta	noun,verb
skäktare	noun
skäktning	noun
skäl	noun
skälig	noun
skäligen	adv
skälighet	noun
skäll	noun
skälla	noun,verb
skällko	noun
skällsord	noun
skälm	noun
skälmaktig	adj
skälmsk	adj
skälmskhet	noun
skälva	noun,verb
skälvning	noun
skämd	adj
skämma	verb
skäms	intj
skämt	noun
skämta	verb
skämtare	noun
skämtsam	adj
skämtsamhet	noun
skämtsamt	adv
skända	verb
skändare	noun
skändlig	adj
skändlighet	noun
skändning	noun
skänk	noun
skänka	verb
skänkel	noun
skänkt	adj
skänninge	name
skäppa	noun
skär	adj,noun
skära	noun,verb
skärbräda	noun
skärfläcka	noun
skärgård	noun
skärgårdsbefolkning	noun
skärgårdsbo	noun
skärgårdskryssare	noun
skärgårdslandskap	noun
skärgårdsmiljö	noun
skärgårdsområde	noun
skärgårdsö	noun
skärhet	noun
skärlöv	name
skärm	noun
skärma	verb
skärmbild	noun
skärmdump	noun
skärmmössa	noun
skärmsläckare	noun
skärmtid	noun
skärmytsling	noun
skärning	noun
skärningspunkt	noun
skärp	noun
skärpa	noun,verb
skärpiplärka	noun
skärpning	intj,noun
skärpt	adj
skärra	noun,verb
skärrad	adj
skärsax	noun
skärseld	noun
skärskada	noun
skärskåda	verb
skärsnäppa	noun
skärsår	noun
skärtorsdag	noun
skärv	noun
skärva	noun
skärvstenshög	noun
skå	noun
skåda	verb
skådare	noun
skådebana	noun
skådebröd	noun
skådeplats	noun
skådeprocess	noun
skådespel	noun
skådespelare	noun
skådespeleri	noun
skådespelsförfattare	noun
skådning	noun
skål	intj,noun
skåla	verb
skålformad	adj
skålformig	adj
skålig	adj
skålla	verb
skållhet	adj
skållning	noun
skålpund	noun
skåne	name
skåning	noun
skånsk	adj
skånska	noun
skåp	noun
skåpbil	noun
skåpdörr	noun
skåpmat	noun
skåpnyckel	noun
skåra	noun,verb
sköld	noun
sköldkörtel	noun
sköldlocke	noun
sköldlus	noun
sköldpadda	noun
sköldpaddssoppa	noun
skölja	verb
sköljmedel	noun
sköljning	noun
skön	adj,noun
skönande	noun
skönandlig	adj
skönhet	noun
skönhetsdrottning	noun
skönhetsdyrkare	noun
skönhetsfläck	noun
skönhetsmedel	noun
skönhetsmiss	noun
skönhetsoperation	noun
skönhetssalong	noun
skönhetssömn	noun
skönhetstävling	noun
skönja	verb
skönjbar	adj
skönlitteratur	noun
skönlitterär	adj
skönlitterärt	adv
skönmåla	verb
skönsjunga	verb
skönsmässig	adj
skönsmässigt	adv
skönstaxering	noun
skönsång	noun
skör	adj
skörbjugg	noun
skörbjuggsört	noun
skörd	noun
skörda	verb
skördare	noun
skördetid	noun
skördetröska	noun
skörhet	noun
skört	noun
sköt	noun
sköta	verb
skötare	noun
sköte	noun
skötebarn	noun
sköterska	noun
skötesynd	noun
skötrum	noun
skötsam	adj
skötsamhet	noun
skötsel	noun
skött	adj
skövde	name
skövla	verb
skövling	noun
sl	name
slabbig	adj
slabbighet	noun
sladd	noun
sladda	verb
sladdbarn	noun
sladderaktig	adj
sladdlös	adj
sladdra	verb
sladdrig	adj
sladdrighet	noun
slafs	noun
slafsa	verb
slafsig	adj
slag	noun
slaga	noun
slaganfall	noun
slagare	noun
slagbar	adj
slagdänga	noun
slagdörr	noun
slagfält	noun
slagfärdig	adj
slagg	noun
slagkraft	noun
slagkraftig	adj
slagkryssare	noun
slagljus	noun
slagning	noun
slagord	noun
slagordning	noun
slagordsmässig	adj
slagpåse	noun
slagruta	noun
slagrörd	adj
slagsida	noun
slagskepp	noun
slagskott	noun
slagskugga	noun
slagskämpe	noun
slagsmål	noun
slagsmålsklubb	noun
slagträ	noun
slagtålig	adj
slaguggla	noun
slagverkare	noun
slak	adj
slakhet	noun
slakna	verb
slakt	noun
slakta	verb
slaktare	noun
slakteri	noun
slakthus	noun
slaktning	noun
slaktvikt	noun
slalom	noun
slalomåkare	noun
slam	noun
slamkrypare	noun
slamma	verb
slammer	noun
slammig	adj
slampa	noun
slampig	adj
slamra	verb
slamsa	noun
slamsug	noun
slamsugare	noun
slamsugning	noun
slang	noun
slanga	verb
slangbella	noun
slanggurka	noun
slangklämma	noun
slangord	noun
slanguttryck	noun
slank	adj
slankhet	noun
slant	noun
slapp	adj
slapphet	noun
slapphänt	adj
slappna	verb
slarv	noun
slarva	noun,verb
slarver	noun
slarvfel	noun
slarvig	adj
slarvighet	noun
slarvpelle	noun
slarvsylta	noun
slask	noun
slaska	verb
slaskig	adj
slasktratt	noun
slatt	noun
slav	noun
slava	verb
slavdrivare	noun
slaveri	noun
slavgöra	noun
slavhandel	noun
slavhandlare	noun
slavinna	noun
slavisk	adj
slaviskhet	noun
slavläger	noun
slavskepp	noun
slavsändare	noun
slavägare	noun
slem	noun
slemhal	adj
slemhinna	noun
slemmig	adj
slemmighet	noun
slemsäck	noun
slentrian	noun
slentrianmässig	adj
slentrianmässigt	adv
slev	noun
sleva	verb
slibbig	adj
slicka	verb
slickepinne	noun
slickepott	noun
slickning	noun
slida	noun
sliddjur	noun
slidkniv	noun
slidkrans	noun
slimma	verb
slimmad	adj
slinga	noun
slingerväxt	noun
slingra	verb
slingrande	adj
slingrig	adj
slingrighet	noun
slinka	noun,verb
slint	noun
slinta	verb
slip	noun
slipa	verb
slipad	adj
slipark	noun
sliper	noun
slipmaskin	noun
slipning	noun
slippa	verb
slipprig	adj
slipprighet	noun
slips	noun
slipsfitta	noun
slipshållare	noun
slipsknut	noun
slipsnål	noun
slipsten	noun
slira	verb
slirig	adj
slirning	noun
slirsäker	adj
slisk	noun
sliskig	adj
sliskighet	noun
slit	noun
slita	verb
slitage	noun
sliten	adj
slitenhet	noun
slitning	noun
slits	noun
slitsam	adj
slitstark	adj
slockna	verb
sloka	verb
slokörad	adj
slom	noun
slopa	verb
slott	noun
slottslik	adj
slottsruin	noun
slovak	noun
slovakien	name
slovakisk	adj
slovakiska	noun
sloven	noun
slovenien	name
slovensk	adj
slovenska	noun
sludder	noun
sluddra	verb
sluddrig	adj
slug	adj
slughet	noun
sluka	verb
slukare	noun
slukhål	noun
slummer	noun
slumområde	noun
slump	noun
slumpa	verb
slumpartad	adj
slumpartikel	noun
slumpmässig	adj
slumpmässighet	noun
slumpmässigt	adv
slumptal	noun
slumptalsgenerator	noun
slumpvis	adj,adv
slumra	verb
slunga	noun,verb
slungning	noun
sluskaktig	adj
sluskig	adj
sluss	noun
slussa	verb
slut	adj,noun
sluta	verb
slutanförande	noun
slutanvändare	noun
slutare	noun
slutattack	noun
slutavverkning	noun
slutbetänkande	noun
slutboss	noun
sluten	adj
slutenhet	noun
slutet	adv
slutföra	verb
slutgiltig	adj
slutgiltighet	noun
slutkläm	noun
slutkörd	adj
slutledning	noun
slutledningsförmåga	noun
slutlig	adj
slutligen	adv
slutmuskel	noun
slutmål	noun
slutomdöme	noun
slutprodukt	noun
slutpunkt	noun
slutrea	noun
slutresultat	noun
slutrim	noun
slutsats	noun
slutsiffra	noun
slutskede	noun
slutspel	noun
slutspelsmatch	noun
slutspurt	noun
slutstation	noun
slutsteg	noun
slutstycke	noun
slutställning	noun
slutsumma	noun
slutsåld	adj
slutta	verb
sluttning	noun
slutversion	noun
slutända	noun
sly	noun
slyna	noun
slyngel	noun
slyngelaktig	adj
slynggaffel	noun
släcka	verb
släckning	noun
släckt	adj
släde	noun
slägga	noun,verb
släggkast	noun
släggkastare	noun
släggkastning	noun
släkt	adj,noun
släkte	noun
släktforska	verb
släktforskare	noun
släktforskning	noun
släkting	noun
släktklenod	noun
släktklubba	noun
släktled	noun
släktsaga	noun
släktskap	noun
släkttavla	noun
släktträd	noun
släktträff	noun
slända	noun
sländtrissa	noun
släng	noun
slänga	verb
slängig	adj
slängighet	noun
slängning	noun
slänt	noun
släntra	verb
släp	noun
släpa	verb
släpig	adj
släpkärra	noun
släplift	noun
släplina	noun
släpp	noun
släppa	verb
släpphänt	adj
släpphänthet	noun
släptåg	noun
släpvagn	noun
slät	adj
släthet	noun
släthårig	adj
slätprick	noun
slätraka	verb
slätstruken	adj
slätt	noun
slätvar	noun
slå	noun,verb
slån	noun
slånbär	noun
slånbärslikör	noun
slåss	verb
slåtter	noun
slåttergubbe	noun
slåttermark	noun
slåttermaskin	noun
slåtteräng	noun
slö	adj
slöa	verb
slödder	noun
slödur	noun
slöfock	noun
slöhet	noun
slöja	noun
slöjd	noun
slöjdkniv	noun
slöjförbud	noun
slöjstjärt	noun
slösa	verb
slösaktig	adj
slösaktighet	noun
slöseri	noun
sm	noun
smack	noun
smacka	verb
smak	noun
smaka	verb
smakad	adj
smakbit	noun
smakfull	adj
smakfullhet	noun
smakförstärkare	noun
smaklig	adj
smaklök	noun
smaklös	adj
smaklöshet	noun
smakprov	noun
smakrik	adj
smakrikt	adv
smaksak	noun
smaksatt	adj
smaksinne	noun
smaksätta	verb
smaksättare	noun
smaksättning	noun
smal	adj
smalben	noun
smalhet	noun
smalna	verb
smaragd	noun
smaragdgrön	adj
smart	adj
smarthet	noun
smartklocka	noun
smaska	verb
smatter	noun
smattra	verb
smed	noun
smedja	noun
smegma	noun
smeka	verb
smekmånad	noun
smeknamn	noun
smekning	noun
smeksam	adj
smet	noun
smeta	verb
smetig	adj
smetighet	noun
smetning	noun
smhi	name
smicker	noun
smickra	verb
smickrande	adj
smickrare	noun
smida	verb
smide	noun
smidig	adj
smil	noun
smila	verb
smilare	noun
smilband	noun
smilfink	noun
smilgrop	noun
smilla	name
smink	noun
sminka	verb
sminkning	noun
sminkör	noun
sminkös	noun
smisk	noun
smiska	verb
smita	verb
smitning	noun
smitta	noun,verb
smittbärare	noun
smittfri	adj
smittkoppor	noun
smittkoppsepidemi	noun
smittkoppsvaccin	noun
smittkurva	noun
smittorisk	noun
smittsam	adj
smittsamhet	noun
smittsamt	adv
smittskydd	noun
smittskyddsläkare	noun
smittspridning	noun
smittspårning	noun
smittämne	noun
smocka	noun,verb
smoking	noun
smolk	noun
smoothie	noun
smord	verb
smorde	name
sms	noun
smuggelförsök	noun
smuggelgods	noun
smuggla	verb
smugglare	noun
smuggleri	noun
smuggling	noun
smugglingsförsök	noun
smula	noun,verb
smuldeg	noun
smulgubbe	noun
smulig	adj
smulpaj	noun
smulpall	noun
smultron	noun
smultronställe	noun
smurf	intj,noun
smussel	noun
smussla	verb
smuts	noun
smutsgam	noun
smutsgöra	noun
smutsig	adj
smutsighet	noun
smutskasta	verb
smutskastning	noun
smutskastningskampanj	noun
smutstitel	noun
smutstvätt	noun
smutt	adv,noun
smutta	verb
smycka	verb
smycke	noun
smyckeskrin	noun
smyga	verb
smygflyga	verb
smygfotografering	noun
smyghål	noun
smyghöja	verb
smyghöjning	noun
smygpremiär	noun
smygpropaganda	noun
smygrasist	noun
smygrökare	noun
smygstarta	verb
smygsupa	verb
smäck	noun
smäcker	adj
smäckfet	adj
smäckfull	adj
smäda	verb
smädekampanj	noun
smädelse	noun
smäkta	verb
smäktande	adj
smälek	noun
smäll	noun
smälla	noun,verb
smällare	noun
smällkaramell	noun
smälta	noun,verb
smältare	noun
smältbar	adj
smältbarhet	noun
smältdegel	noun
smälteri	noun
smältning	noun
smältost	noun
smältpunkt	noun
smältugn	noun
smältvatten	noun
smärre	adj
smärt	adj
smärta	noun,verb
smärtfri	adj
smärtfrihet	noun
smärtgräns	noun
smärtlindring	noun
smärtpunkt	noun
smärtsam	adj
smärtsamhet	noun
smärtsamt	adv
smärtstillande	adj
smärttröskel	noun
småaktig	adj
småaktighet	noun
småbarn	noun
småbit	noun
småbonde	noun
småborgare	noun
småborgerlig	adj
småborgerlighet	noun
småborre	noun
småbrott	noun
småbrottslighet	noun
småbrottsling	noun
småbåt	noun
småbåtshamn	noun
smådel	noun
smådetalj	noun
smådopping	noun
småelak	adj
småfel	noun
småfranska	noun
småfågel	noun
småförbrytare	noun
småföretag	noun
småföretagare	noun
smågrupp	noun
smågräl	noun
smågräla	verb
småhere	noun
småhusområde	noun
småilsken	adj
småkaka	noun
småklubb	noun
småkryp	noun
småkusin	noun
småkär	adj
småkök	noun
småland	name
småle	verb
smålom	noun
småländsk	adj
smålänning	noun
smålån	noun
småningom	adv
småparti	noun
småpartispärr	noun
småplanet	noun
småplätt	noun
småpojke	noun
småpotatis	noun
småprat	noun
småprata	verb
småputtra	verb
småputtrig	adj
småregna	verb
smårolig	adj
småsak	noun
småsinnad	adj
småsint	adj
småsinthet	noun
småskalig	adj
småskrake	noun
småskuren	adj
småskurk	noun
småslug	adj
småsnäppa	noun
småsnål	adj
småsnålhet	noun
småsparare	noun
småspigg	noun
småspov	noun
småspringa	verb
småspydig	adj
småstad	noun
småstadsaktig	adj
småstadsskvaller	noun
småsten	noun
småsur	adj
småtimmarna	noun
småtjuv	noun
småtrapp	noun
småträta	verb
småtråkig	adj
smått	adj,adv
småtting	noun
småtärna	noun
småviktig	adj
småvilt	noun
småviltsjakt	noun
småvuxen	adj
småväxt	adj
småäta	verb
smöjning	noun
smör	noun
smöra	verb
smörberg	noun
smörblomma	noun
smörboll	noun
smördeg	noun
smördegsbröd	noun
smörgås	noun
smörgåsbord	noun
smörgåsgrill	noun
smörgåsgurka	noun
smörgåskrasse	noun
smörgåstårta	noun
smörig	adj
smörighet	noun
smörja	noun,verb
smörjelse	noun
smörjgrop	noun
smörjig	adj
smörjkanna	noun
smörjmedel	noun
smörjning	noun
smörklick	noun
smörklimp	noun
smörkniv	noun
smörpassning	noun
smörrebröd	noun
smörslunga	verb
smörsopp	noun
smörstekt	adj
smörsyra	noun
smörsång	noun
smörsångare	noun
smörtina	noun
sn	noun
snabb	adj
snabba	verb
snabbfotad	adj
snabbgenomgång	noun
snabbhet	noun
snabbinsatsstyrka	noun
snabbkaffe	noun
snabbköp	noun
snabbmat	noun
snabbmatskedja	noun
snabbmatsrestaurang	noun
snabbmeny	noun
snabbnudel	noun
snabbspola	verb
snabbspår	noun
snabbspårväg	noun
snabbsteka	verb
snabbt	adv
snabbtänkt	adj
snabbtänkthet	noun
snabel	noun
snabel-a	noun
snack	noun
snagg	noun
snagga	verb
snappa	verb
snaps	noun
snapsglas	noun
snapsvisa	noun
snar	adj
snara	noun
snarare	adv
snarast	adv
snarfyndighet	noun
snark	intj,noun
snarka	verb
snarkning	noun
snarlik	adj
snarlikhet	noun
snarstucken	adj
snarstuckenhet	noun
snart	adv
snartänkt	adj
snask	noun
snaska	verb
snaskig	adj
snatta	verb
snattare	noun
snatter	noun
snatterand	noun
snatteri	noun
snattra	verb
snattran	noun
snava	verb
snavning	noun
sned	adj
snedda	verb
snedden	noun
snedhet	noun
snedhiss	noun
snedsprång	noun
snedsteg	noun
snedstreck	noun
snedtak	noun
snedvrida	verb
snedvriden	adj
snedvridning	noun
snedögd	adj
snegla	verb
snegling	noun
snel	adj
snellman	name
snett	adv
snibb	noun
snickarbyxa	noun
snickare	noun
snickarglädje	noun
snickarverkstad	noun
snickeri	noun
snickerifabrik	noun
snickra	verb
snida	verb
snideri	noun
sniffa	verb
snigel	noun
snigelaktig	adj
snigelfart	noun
snigelpost	noun
snigla	verb
sniken	adj
snikenhet	noun
snilla	verb
snille	noun
snilleblixt	noun
snilledrag	noun
snillrik	adj
snillrikhet	noun
snillrikt	adv
snip	noun
snipa	noun
snipformad	adj
snipig	adj
snipighet	noun
snirkel	noun
snirklig	adj
sniskan	noun
snitsel	noun
snitsla	verb
snitt	noun
snitta	verb
snittblomma	noun
snitthastighet	noun
snittinkomst	noun
snittkostnad	noun
snittlön	noun
snittning	noun
snittpris	noun
snittprognos	noun
snittränta	noun
snittålder	noun
sno	verb
snobb	noun
snobbaktig	adj
snobbig	adj
snobbighet	noun
snok	noun
snoka	verb
snopen	adj
snopenhet	noun
snopp	noun
snoppa	verb
snoppmätartävling	noun
snor	noun
snora	verb
snorbuse	noun
snorgrön	adj
snorgärs	noun
snorig	adj
snorighet	noun
snorkel	noun
snorkig	adj
snorkla	verb
snorkling	noun
snorloska	noun
snorpapper	noun
snorunge	noun
snowboard	noun
snowboarda	verb
snowboardåkare	noun
snowboardåkning	noun
snowracer	noun
snubbeltråd	noun
snubbla	verb
snubblig	adj
snubblighet	noun
snubbling	noun
snudd	noun
snudda	verb
snurr	noun
snurra	noun,verb
snurrbricka	noun
snurrig	adj
snurrning	noun
snus	noun
snusa	verb
snusare	noun
snusbrun	adj
snusdosa	noun
snusförnuftig	adj
snusig	adj
snusk	noun
snuskburk	noun
snuskig	adj
snuskighet	noun
snusklitteratur	noun
snustorr	adj
snut	noun
snuttefilt	noun
snuva	noun,verb
snuvig	adj
snyft	noun
snyfta	verb
snyftfilm	noun
snyftning	noun
snygg	adj
snygga	verb
snygghet	noun
snylta	verb
snyltare	noun
snyltgäst	noun
snyltning	noun
snyta	verb
snytning	noun
snytpapper	noun
snäcka	noun
snäckformad	adj
snäckformig	adj
snäckskal	noun
snäll	adj
snälla	adv
snällhet	noun
snällism	noun
snällt	adv
snälltåg	noun
snäppa	noun,verb
snärja	noun,verb
snärjd	adj
snärjning	noun
snärt	noun
snärta	verb
snärtig	adj
snäsa	verb
snäsig	adj
snäsighet	noun
snäv	adj
snäva	verb
snävhet	noun
snävt	adv
snål	adj
snåla	verb
snålblåst	noun
snålhet	noun
snåljåp	noun
snålkuk	noun
snålskjuts	noun
snålvarg	noun
snålvatten	noun
snår	noun
snårig	adj
snårskog	noun
snö	noun
snöa	verb
snöbjörn	noun
snöblind	adj
snöblindhet	noun
snöboll	noun
snöbollsbuske	noun
snöbollskrig	noun
snöbrist	noun
snöby	noun
snöd	adj
snödriva	noun
snödroppe	noun
snöfall	noun
snöfattig	adj
snöflinga	noun
snöfläck	noun
snöfri	adj
snöfält	noun
snöglob	noun
snöglopp	noun
snögräns	noun
snögubbe	noun
snöhalka	noun
snöhög	noun
snöhöns	noun
snöig	adj
snökanon	noun
snökedja	noun
snökrabba	noun
snökäpp	noun
snölinje	noun
snölykta	noun
snölös	adj
snömos	noun
snöoväder	noun
snöpa	verb
snöplig	adj
snöpligt	adv
snöplog	noun
snöpt	adj
snöra	verb
snöre	noun
snörhål	noun
snörik	adj
snörpa	verb
snörusk	noun
snörvel	noun
snörvla	verb
snörvlig	adj
snörvling	noun
snöröjning	noun
snörök	noun
snösiska	noun
snösko	noun
snöskoter	noun
snöskottning	noun
snöskovel	noun
snöskyffel	noun
snöslask	noun
snöslunga	noun
snösläde	noun
snösparv	noun
snöstaket	noun
snöstorm	noun
snövall	noun
snövessla	noun
snövit	adj,name
snöväder	noun
snöyra	noun
snöängel	noun
so	noun
sober	adj
social	adj
socialarbetare	noun
socialbidrag	noun
socialdarwinism	noun
socialdemokrat	noun
socialdemokraterna	name
socialdemokrati	noun
socialdemokratisk	adj
socialdepartement	noun
socialfond	noun
socialförsäkring	noun
socialförsäkringsminister	noun
socialförsäkringsutskott	noun
socialgrupp	noun
socialisera	verb
socialism	noun
socialist	noun
socialistisk	adj
socialistiskt	adv
socialistparti	noun
socialiststat	noun
socialkonservatism	noun
socialkonservativ	adj
socialminister	noun
socialpsykiatri	noun
socialpsykiatrisk	adj
socialrealism	noun
socialsekreterare	noun
socialtjänst	noun
socialutskott	noun
socialvetare	noun
socialvetenskap	noun
socialvetenskaplig	adj
socialvård	noun
societet	noun
sociobiolog	noun
sociobiologi	noun
sociografisk	adj
sociolog	noun
sociologi	noun
sociologisk	adj
sock	noun
socka	noun
sockel	noun
socken	noun
sockenkyrka	noun
sockenstämma	noun
socker	noun
sockerbeta	noun
sockerbit	noun
sockerdricka	noun
sockerfri	adj
sockerkaka	noun
sockerlag	noun
sockerpasta	noun
sockerpiller	noun
sockerrik	adj
sockerrör	noun
sockersjuka	noun
sockerskål	noun
sockersöt	adj
sockertillverkning	noun
sockertopp	noun
sockertång	noun
sockervadd	noun
sockiplast	noun
sockra	verb
sockrig	adj
sockring	noun
soda	noun
sodavatten	noun
sodomi	noun
sodomit	noun
soffa	noun
soffgrupp	noun
soffliggare	noun
sofflock	noun
soffpotatis	noun
sofi	name
sofia	name
sofie	name
sofism	noun
sofisteri	noun
sofistikerad	adj
sofistisk	adj
softboll	noun
soja	noun
sojaböna	noun
sojamjölk	noun
sojaolja	noun
sojasås	noun
sokrates	name
sokratisk	adj
sokratiskt	adv
sol	name,noun
sola	verb
solariebädd	noun
solarium	noun
solbada	verb
solbadare	noun
solbelyst	adj
solblekt	adj
solbritt	name
solbränd	adj
solbrändhet	noun
solbränna	noun
solcell	noun
solcykel	noun
soldat	noun
soldis	noun
soldriven	adj
soldräkt	noun
soldränkt	adj
soldyrkan	noun
soldyrkare	noun
soldäck	noun
solenergi	noun
solennitet	noun
solfattig	adj
solfjäder	noun
solfjäderssnäcka	noun
solfläck	noun
solfångare	noun
solförmörkelse	noun
solgass	noun
solgerd	name
solglasögon	noun
solgud	noun
solhjälm	noun
solid	adj,noun
solidarisk	adj
solidariskt	adv
solidaritet	noun
soliditet	noun
solig	adj
solighet	noun
solk	noun
solka	verb
solkatt	noun
solkig	adj
solkigt	adv
solklar	adj
solklänning	noun
solkraft	noun
solkraftverk	noun
solkräm	noun
sollentuna	name
solljus	noun
sollös	adj
solmogen	adj
solna	name
solnedgång	noun
solning	noun
solo	adj,noun
solochvårare	noun
solochvårman	noun
sololja	noun
soloprojekt	noun
solpanel	noun
solpark	noun
solregn	noun
solros	noun
solrosfrö	noun
solroskärna	noun
solrosolja	noun
solrök	noun
solsida	noun
solskada	noun
solsken	noun
solskenshistoria	noun
solskydd	noun
solskyddsfaktor	noun
solskyddskräm	noun
solskyddsmedel	noun
solspray	noun
solsting	noun
solstol	noun
solstråle	noun
solstånd	noun
solsystem	noun
soltempel	noun
soltimma	noun
soltimme	noun
soluppgång	noun
solur	noun
solvarg	noun
solvarm	adj
solveig	name
solvens	noun
solvent	adj
solvig	name
solvind	noun
solvisare	noun
solvärmd	adj
som	adv,conj,pron
somalia	name
somaliames	noun
somalier	noun
somaliska	noun
somatisk	noun
sombrero	noun
somlig	det
sommar	noun
sommar-os	noun
sommaraktig	adj
sommarbostad	noun
sommardäck	noun
sommargylling	noun
sommarhalvår	noun
sommarhetta	noun
sommarhimmel	noun
sommarhus	noun
sommarjobb	noun
sommarjobba	verb
sommarjobbare	noun
sommarkappa	noun
sommarkväll	noun
sommarlandskap	noun
sommarlik	adj
sommarlov	noun
sommarläger	noun
sommarmat	noun
sommarminne	noun
sommarmånad	noun
sommarolympiad	noun
sommarprata	verb
sommarpratare	noun
sommarregn	noun
sommarsemester	noun
sommarskola	noun
sommarsol	noun
sommarsolstånd	noun
sommarspel	noun
sommarsport	noun
sommarstuga	noun
sommarstugeområde	noun
sommarställe	noun
sommarsäsong	noun
sommartal	noun
sommartid	noun
sommartårta	noun
sommaruppehåll	noun
sommarutställning	noun
sommarvecka	noun
sommarvilla	noun
sommarväder	noun
sommarvärme	noun
sommaräpple	noun
sommelier	noun
somna	verb
somrig	adj
son	name,noun
sona	verb
sonar	noun
sonat	noun
sonatform	noun
sonbarn	noun
sond	noun
sondera	verb
sondotter	noun
sondraket	noun
sonett	noun
sonika	adv
sonja	name
sonny	name
sonor	adj
sonoritet	noun
sonson	noun
sop	noun
sopa	noun,verb
sopare	noun
sopbil	noun
sopborste	noun
sopcontainer	noun
sopgubbe	noun
sophia	name
sophie	name
sophink	noun
sophämtare	noun
sophämtning	noun
sophög	noun
sopkorg	noun
sopkvast	noun
sopnedkast	noun
sopp	noun
soppa	noun
soppkök	noun
sopprot	noun
soppåse	noun
soprum	noun
sopsaltare	noun
sopsaltning	noun
sopskyffel	noun
sopsortera	verb
sopsortering	noun
sopsäck	noun
soptipp	noun
soptunna	noun
sorani	noun
sorbat	noun
sorbiska	noun
sordavala	name
sordin	noun
sorg	noun
sorgedag	noun
sorgehus	noun
sorgfylld	adj
sorgfällig	adj
sorgfällighet	noun
sorgkant	noun
sorgklänning	noun
sorglig	adj
sorgligt	adv
sorglös	adj
sorglöshet	noun
sorgmarsch	noun
sorgmodighet	noun
sorgsen	adj
sorgsenhet	noun
sork	noun
sorl	noun
sorla	verb
sorls	noun
sort	noun
sortera	verb
sortering	noun
sorti	noun
sortiment	noun
sos	name,noun
sot	noun
sota	verb
sotare	noun
sotarmössa	noun
sotdöd	noun
soteld	noun
sothöna	noun
sotig	adj
sotji	name
sottärna	noun
sou	noun
soulsångare	noun
sound	noun
soundchecka	verb
souterränghus	noun
souvenir	noun
sova	verb
sovel	noun
sovjet	name,noun
sovjetisk	adj
sovjetrepublik	noun
sovjetunionen	name
sovmorgon	noun
sovra	verb
sovrum	noun
sovsal	noun
sovstad	noun
sovsäck	noun
sovvagn	noun
spa	noun
spaanläggning	noun
spaavdelning	noun
spabehandling	noun
spackel	noun
spackla	verb
spad	noun
spade	noun
spader	noun
spaderdam	noun
spaderess	noun
spaderknekt	noun
spaderkung	noun
spaderstöld	noun
spaderäss	noun
spadtag	noun
spagetti	noun
spagettivästern	noun
spagettiwestern	noun
spaghetti	noun
spaghettivästern	noun
spaghettiwestern	noun
spahandelin	name
spak	adj,noun
spakblock	noun
spakhet	noun
spalt	noun
spalta	verb
spaltbredd	noun
spaltmeter	noun
spam	noun
spamfilter	noun
spamma	verb
spammare	noun
spana	verb
spanare	noun
spandex	noun
spaniel	noun
spanien	name
spaning	noun
spaningsflyg	noun
spaningsflygplan	noun
spaningsmord	noun
spaningsplan	noun
spaningsstyrka	noun
spaningsuppslag	noun
spanjor	noun
spanjorska	noun
spankulera	verb
spann	noun
spannmål	noun
spannmålsproduktion	noun
spansk	adj
spanska	noun
spanskamerika	name
spanskamerikan	noun
spanskamerikansk	adj
spanskspråkig	adj
spanskt	noun
spansktalande	adj
spant	noun
spar	name
spara	verb
sparare	noun
sparbank	noun
sparbeting	noun
sparbössa	noun
spargris	noun
spark	noun
sparka	verb
sparkas	verb
sparkcykel	noun
sparkning	noun
sparkonto	noun
sparkstötting	noun
sparlåga	noun
sparra	verb
sparre	noun
sparring	noun
sparris	noun
sparränta	noun
sparsam	adj
sparsamhet	noun
sparsmakad	adj
sparta	name
spartan	noun
spartansk	adj
spartanskhet	noun
spartanskt	adv
sparv	noun
sparvhök	noun
sparvuggla	noun
spasm	noun
spasmodisk	adj
spastisk	adj
spata	noun
spatel	noun
spatsera	verb
spatserkäpp	noun
spatt	noun
spattig	adj
spe	noun
speaker	noun
special	adj,noun
specialeffekt	noun
specialenhet	noun
specialfall	noun
specialförband	noun
specialisera	verb
specialisering	noun
specialist	noun
specialistsjuksköterska	noun
specialistsjuksköterskeexamen	noun
specialistsjuksköterskeutbildning	noun
specialitet	noun
specialkarta	noun
specialsamling	noun
specialstyrka	noun
specialtecken	noun
speciell	adj
speciellt	adv
specificera	verb
specificering	noun
specifik	adj
speedrun	noun
speedrunna	verb
speedrunnande	noun
speedrunnare	noun
speedrunner	noun
speedrunning	noun
spefull	adj
spefullhet	noun
spefullt	adv
spefågel	noun
spegel	noun
spegelbild	noun
spegelblank	adj
spegelfäkteri	noun
spegla	verb
spegling	noun
speja	verb
spejare	noun
spektakel	noun
spektakulär	adj
spektral	adj
spektralanalys	noun
spektroskop	noun
spektroskopi	noun
spektrum	noun
spekulant	noun
spekulation	noun
spekulera	verb
spel	noun
spela	verb
spelare	noun
spelbar	adj
spelbarhet	noun
spelberoende	adj,noun
spelbolag	noun
spelbricka	noun
speldosa	noun
spelfördelare	noun
spelföretag	noun
spelhall	noun
spelhus	noun
spelhåla	noun
spelifiera	verb
spelifiering	noun
spelindustri	noun
spelkonsol	noun
spelkontroll	noun
spelkonvent	noun
spelkula	noun
spellista	noun
spelman	noun
spelmanslag	noun
spelmark	noun
spelmarknad	noun
spelmissbruk	noun
spelmissbrukare	noun
spelmonopol	noun
spelmässig	adj
spelning	noun
spelnykter	adj
spelnykterist	noun
spelombud	noun
spelpjäs	noun
spelplan	noun
spelregel	noun
spelrum	noun
spelskicklig	adj
spelskicklighet	noun
spelskuld	noun
spelstil	noun
spelteori	noun
speltid	noun
spelutvecklare	noun
spelöppning	noun
spenat	noun
spendera	verb
spenderbyxorna	noun
spendersam	adj
spendersamhet	noun
spene	noun
spenslig	adj
sperma	noun
spermabank	noun
spermadonator	noun
spermie	noun
speta	noun
spets	noun
spetsa	verb
spetsbergsgrissla	noun
spetsbergsgäss	noun
spetsbergsgås	noun
spetsforskning	noun
spetsfundig	adj
spetsfundighet	noun
spetsig	adj
spetsighet	noun
spetskompetens	noun
spetskrage	noun
spetskål	noun
spetsparentes	noun
spetsteknologi	noun
spett	noun
spettekaka	noun
spetälsk	adj
spetälska	noun
spex	noun
spexa	verb
spexig	adj
spigg	noun
spik	noun
spika	verb
spikklubba	noun
spikmatta	noun
spiknykter	adj
spikpiano	noun
spikpistol	noun
spikrak	adj
spilkum	noun
spill	noun
spilla	verb
spillkråka	noun
spillning	noun
spillo	noun
spillra	noun
spillsäker	adj
spilta	noun
spin-off	noun
spindel	noun
spindelapa	noun
spindeldjur	noun
spindelmossa	noun
spindelnät	noun
spindelväv	noun
spinga	noun,verb
spingare	noun
spinkig	adj
spinkighet	noun
spinna	verb
spinnrock	noun
spion	noun
spionage	noun
spionera	verb
spioneri	noun
spioneribrott	noun
spionfilm	noun
spionkamera	noun
spionnät	noun
spionplan	noun
spionprogram	noun
spionroman	noun
spionsatellit	noun
spionthriller	noun
spira	noun,verb
spiral	noun
spiraltrappa	noun
spiritualistisk	adj
spiritualitet	noun
spirituell	adj
spirning	noun
spis	noun
spiselkrans	noun
spiskrok	noun
spiskummin	noun
spisoffer	noun
spisplatta	noun
spjut	noun
spjutformad	adj
spjutformig	adj
spjuth	name
spjutkast	noun
spjutkastare	noun
spjutkastning	noun
spjutskaft	noun
spjutspets	noun
spjutspetsforskning	noun
spjutspetsföretag	noun
spjutspetsteknologi	noun
spjutudd	noun
spjuver	noun
spjuveraktig	adj
spjuveraktighet	noun
spjäla	noun,verb
spjälka	verb
spjäll	noun
spjälsäng	noun
spjärna	verb
splatter	noun
splatterfilm	noun
spleen	noun
splint	noun
splintved	noun
split	noun
splitsa	verb
splitsning	noun
splitt	adv
splitter	adv,noun
splitterbomb	noun
splitterfri	adj
splittergranat	noun
splitterny	adj
splitterskada	noun
splitterskyddsväst	noun
splittra	verb
splittring	noun
spol	noun
spola	verb
spolarvätska	noun
spole	noun
spolglans	noun
sponsor	noun
sponsorsavtal	noun
sponsorskap	noun
sponsra	verb
sponsring	noun
spont	noun
spontan	adj
spontanabort	noun
spontanitet	noun
spor	noun
sporadisk	adj
sporadiskt	adv
sporgömmesamling	noun
sporra	verb
sporre	noun
sport	noun
sporta	verb
sportbil	noun
sportbutik	noun
sportdykare	noun
sportdykning	noun
sportevenemang	noun
sportfisk	noun
sportfiska	verb
sportfiskare	noun
sportfiske	noun
sportig	adj
sportighet	noun
sportjournalist	noun
sportjournalistik	noun
sportlov	noun
sportreporter	noun
sportskytt	noun
sportslighet	noun
sportterm	noun
sporväxt	noun
spott	noun
spotta	verb
spottkopp	noun
spottkörtel	noun
spottloska	noun
spottlåda	noun
spottstyver	noun
spov	noun
spovsnäppa	noun
spraka	verb
sprallig	adj
spratt	noun
sprattel	noun
sprattelgubbe	noun
sprattla	verb
spray	noun
spraya	verb
sprayburk	noun
sprayflaska	noun
sprayfärg	noun
sprejbalsam	noun
sprejfärg	noun
sprejning	noun
spreta	verb
spretig	adj
spricka	noun,verb
sprickfärdig	adj
sprickig	adj
sprickning	noun
spricksäker	adj
sprida	verb
spridare	noun
spridd	adj
spridning	noun
spridningsdiagram	noun
spridningsrisk	noun
spring	noun
springa	noun,verb
springare	noun
springbock	noun
springnota	noun
sprinkler	noun
sprint	noun
sprit	noun
sprita	verb
spritdryck	noun
spritfest	noun
spritkök	noun
spritpenna	noun
sprits	noun
spritsa	verb
spritsig	adj
spritt	adv
spritta	verb
sprudla	verb
sprundtapp	noun
sprut	noun
spruta	noun,verb
sprutbyte	noun
sprutlackera	verb
sprutmåla	verb
sprutnarkoman	noun
sprutorgasm	noun
sprututbyte	noun
spräcka	verb
spräcklig	adj
spräckning	noun
spränga	verb
sprängattentat	noun
sprängbomb	noun
sprängd	adj
sprängdeg	noun
sprängdåd	noun
sprängfull	adj
sprängfylld	adj
spränggranat	noun
spränghandgranat	noun
sprängkapsel	noun
sprängkraft	noun
sprängkåpa	noun
sprängladdning	noun
sprängläsa	verb
sprängmedel	noun
sprängning	noun
sprängskiss	noun
sprängstoff	noun
sprängämne	noun
sprängämnesexpert	noun
sprätt	noun
sprätta	verb
sprättig	adj
språk	noun
språka	verb
språkbarriär	noun
språkfel	noun
språkfilosofi	noun
språkforskare	noun
språkförbistring	noun
språkförbund	noun
språkgranskning	noun
språkhistoria	noun
språkhistorisk	adj
språkinlärning	noun
språkkunskap	noun
språklig	adj
språkmodell	noun
språkområde	noun
språkpolis	noun
språkrör	noun
språksam	adj
språksamhet	noun
språkvetare	noun
språkvetenskap	noun
språkvetenskaplig	adj
språng	noun
språngande	noun
språngartad	adj
språngbräda	noun
språngmarsch	noun
spröd	adj
sprödhet	noun
spröjs	noun
spröt	noun
spurt	noun
spurta	verb
spurtare	noun
spy	verb
spya	noun
spyboll	noun
spydig	adj
spydighet	noun
spyfluga	noun
spyfärdig	adj
spypåse	noun
spä	verb
späck	noun
späcka	verb
späckhuggare	noun
späd	adj
späda	verb
spädbarn	noun
spädbarnsdödlighet	noun
spädgris	noun
spädhet	noun
spädvuxen	adj
späkning	noun
spänd	adj
spändhet	noun
spänna	verb
spännande	adj
spänne	noun
spänning	noun
spänningsfylld	adj
spännvidd	noun
spänst	noun
spänstig	adj
spänstighet	noun
spärr	noun
spärra	verb
spärreld	noun
spärrnät	noun
spärrskikt	noun
spätta	noun
spå	verb
spådam	noun
spådom	noun
spåga	noun
spågubbe	noun
spågumma	noun
spåkvinna	noun
spåkärring	noun
spåman	noun
spån	noun
spåna	verb
spång	noun
spånga	name
spångberg	name
spånskiva	noun
spår	noun
spåra	verb
spårbar	adj
spårbarhet	noun
spårbunden	adj
spårlös	adj
spårlöst	adv
spårning	noun
spårsnö	noun
spårvagn	noun
spårvagnshållplats	noun
spårvagnslinje	noun
spårvagnsspår	noun
spårvagnstrafik	noun
spårväg	noun
spårvägsspår	noun
spåtant	noun
spåtistel	noun
spö	noun
spöka	verb
spökaktig	adj
spökbil	noun
spökdjur	noun
spöke	noun
spökeri	noun
spökförare	noun
spökhistoria	noun
spökhus	noun
spöklik	adj
spöknippa	noun
spöknippe	noun
spökskepp	noun
spökskrivare	noun
spökstad	noun
spöktimme	noun
spöktåg	noun
spökvatten	noun
spöpåle	noun
spörapp	noun
spöregn	noun
spöregna	verb
spörsmål	noun
spöslitning	noun
spöstraff	noun
spöönn	verb
squaredance	noun
squaredans	noun
squaredansare	noun
squash	noun
squashbana	noun
squashboll	noun
squashracket	noun
sr	name
srilankes	noun
srilankesisk	adj
srilankesiska	noun
sriracha	noun
stab	noun
stabbig	adj
stabbighet	noun
stabil	adj
stabilisator	noun
stabilisera	verb
stabilisering	noun
stabiliseringsmedel	noun
stabiliseringspolitik	noun
stabilitet	noun
stabschef	noun
staccato	adv,noun
stachanovit	noun
stack	noun
stackare	noun
stackars	adj
stackatoartad	adj
stad	noun
stadfästa	verb
stadga	noun,verb
stadig	adj
stadighet	noun
stadigvarande	adj,adv
stadion	noun
stadionpublik	noun
stadium	noun
stadsantikvarie	noun
stadsbana	noun
stadsbibliotek	noun
stadsbild	noun
stadsbo	noun
stadsdel	noun
stadshotell	noun
stadshus	noun
stadskärna	noun
stadsmiljö	noun
stadsminister	noun
stadsministern	noun
stadsministerns	noun
stadsministers	noun
stadsministrar	noun
stadsministrarna	noun
stadsministrarnas	noun
stadsministrars	noun
stadsmur	noun
stadspark	noun
stadsplanerare	noun
stadsplanering	noun
stadsstadga	noun
stadsstat	noun
stadsteater	noun
stafett	noun
stafettlopp	noun
stafettläkare	noun
stafettlöpare	noun
stafettlöpning	noun
stafettpinne	noun
staffan	name
staffli	noun
stafylokock	noun
stag	noun
stagediva	verb
stagedivare	noun
stagedive	noun
stagediving	noun
stagflation	noun
stagg	noun
stagnera	verb
stagnering	noun
stajlist	noun
staka	verb
stake	noun
staket	noun
staketstolpe	noun
stakig	adj
stalagmit	noun
stalaktit	noun
stalingrad	name
stalinist	noun
stalinistisk	adj
stalkare	noun
stall	noun
stalla	verb
stallbroder	noun
stalp	noun
stalpig	adj
stam	noun
stambana	noun
stamcell	noun
stamcellsforskare	noun
stamfader	noun
stamfolk	noun
stamgäst	noun
stamkund	noun
stamma	verb
stammare	noun
stamning	noun
stamnät	noun
stamområde	noun
stamp	noun
stampa	verb
stampen	name
stampning	noun
stamtavla	noun
stamträd	noun
stamvörtstyrka	noun
stand-in	noun
standard	noun
standardavtal	noun
standardavvikelse	noun
standardbrev	noun
standardisera	verb
standardisering	noun
standardmjölk	noun
standardmjölkspaket	noun
standardverk	noun
stank	noun
stanna	verb
stans	noun
stansa	verb
stansning	noun
stapel	noun
stapelbädd	noun
stapeldiagram	noun
stapelvara	noun
stapla	verb
stappla	verb
stare	name,noun
stark	adj
starkhet	noun
starksprit	noun
starkt	adv
starkvin	noun
starköl	noun
starrsångare	noun
start	noun
starta	verb
startbana	noun
startblock	noun
startdatum	noun
startelva	noun
startkabel	noun
startklar	adj
startknapp	noun
startlinje	noun
startnyckel	noun
startpall	noun
startpistol	noun
startpunkt	noun
startskott	noun
startsnöre	noun
starur	noun
stas	noun
staspapill	noun
stass	noun
stat	noun
statare	noun
statik	noun
station	noun
stationera	verb
stationsbyggnad	noun
stationshus	noun
stationsinspektor	noun
stationssamhälle	noun
stationär	adj
statisk	adj
statist	noun
statistik	noun
statistikbyrå	noun
statistiker	noun
statistisk	adj
statistiskt	adv
stativ	noun
statlig	adj
statsapparat	noun
statsbana	noun
statsbankrutt	noun
statsbesök	noun
statsbidrag	noun
statsbudget	noun
statschef	noun
statsegendom	noun
statsfiende	noun
statsförvaltning	noun
statsideologi	noun
statsisbrytare	noun
statskassa	noun
statskonst	noun
statskupp	noun
statsledning	noun
statslös	adj
statslöshet	noun
statsmakt	noun
statsman	noun
statsmannakonst	noun
statsmannamässig	adj
statsmedia	noun
statsminister	noun
statsobligation	noun
statspolis	noun
statsrättslig	adj
statsråd	noun
statsrådsberedning	noun
statssekreterare	noun
statsskuld	noun
statstillhörighet	noun
statstjänsteman	noun
statsunderstödd	adj
statsvetare	noun
statsvetenskap	noun
statsvetenskaplig	adj
statsåklagare	noun
statsöverhuvud	noun
statuera	verb
status	noun
statuslist	noun
staty	noun
statyett	noun
stav	noun
stava	verb
stavelse	noun
stavelseväxling	noun
stavfel	noun
stavgång	noun
stavhopp	noun
stavhoppare	noun
stavkyrka	noun
stavmixer	noun
stavning	noun
stavningskontroll	noun
stavningsreform	noun
stavrim	noun
staxäng	name
stearin	noun
stearinljus	noun
steeplechase	noun
stefan	name
stefanos	name
steffe	name
steg	noun
stega	verb
stege	noun
stegel	noun
stegjärn	noun
stegla	verb
steglits	noun
steglitsa	noun
stegpinne	noun
stegra	verb
stegring	noun
stegräknare	noun
stegvis	adj,adv
stek	noun
steka	verb
stekare	noun
stekel	noun
stekfläsk	noun
stekhet	adj
stekning	noun
stekpanna	noun
stekspade	noun
stekt	adj
stel	adj
stelbent	adj
stelfrusen	adj
stelhet	noun
stelkramp	noun
stelkrampsvaccin	noun
stella	name
stellan	name
stelna	verb
stelningspunkt	noun
sten	name,noun
stena	verb
stenbit	noun
stenbitsrom	noun
stenblock	noun
stenbock	noun
stenbocken	name
stenbro	noun
stenbrott	noun
stenbumling	noun
stendamm	noun
stendammslunga	noun
stendum	adj
stendöd	adj
stendös	noun
stendöv	adj
stenfalk	noun
stenfri	adj
stenfrukt	noun
stengods	noun
stenhjärta	noun
stenhuggare	noun
stenhus	noun
stenhård	adj
stenig	adj
stenighet	noun
stening	noun
stenkaj	noun
stenkast	noun
stenkastare	noun
stenkastning	noun
stenknäck	noun
stenkol	noun
stenkross	noun
stenkummel	noun
stenkyrka	noun
stenkärl	noun
stenmurkla	noun
stenograf	noun
stenografi	noun
stenos	noun
stenqvist	name
stenrik	adj
stenros	noun
stenröse	noun
stenskvätta	noun
stensopp	noun
stenstad	noun
stenström	name
stensvala	noun
stensöta	noun
stentavla	noun
stentorsstämma	noun
stentrast	noun
stenungsund	name
stenålder	noun
stereoanläggning	noun
stereotyp	adj,noun
steril	adj
sterilisera	verb
sterilisering	noun
sterilitet	noun
steroid	noun
sth	noun
stia	noun
stick	intj,noun
sticka	noun,verb
stickkontakt	noun
stickling	noun
stickmygga	noun
stickning	noun
stickord	noun
stickpropp	noun
stickprov	noun
stickprovskontroll	noun
stickprovsundersökning	noun
stickreplik	noun
stickskada	noun
stickspår	noun
sticksåg	noun
sticksår	noun
stickvapen	noun
stift	noun
stifta	verb
stiftelse	noun
stiftpenna	noun
stiftsstad	noun
stig	name,noun
stiga	verb
stigande	adj
stigbygel	noun
stigfinnare	noun
stigma	noun
stigmatisera	verb
stigmatisering	noun
stigning	noun
stil	noun
stila	verb
stilbildande	adj
stilbildare	noun
stilett	noun
stilettklack	noun
stilettkäpp	noun
stilgroda	noun
stilig	adj
stilighet	noun
stilisera	verb
stilisering	noun
stilist	noun
stilistisk	adj
stilkänsla	noun
still	adv
stilla	adj,verb
stillastående	adj,noun
stillbild	noun
stilleben	noun
stillestånd	noun
stilleståndsavtal	noun
stilleståndsdag	noun
stilleståndslinje	noun
stilleståndsvillkor	noun
stillhet	noun
stillna	verb
stillsam	adj
stillsamhet	noun
stillsamt	adv
stillös	adj
stillöshet	noun
stilren	adj
stilsäker	adj
stiltje	noun
stim	noun
stimma	verb
stimmig	adj
stimulans	noun
stimulanspaket	noun
stimulera	verb
stimulerad	adj
stimulus	noun
stina	name
stinga	verb
stingpinne	noun
stingslig	adj
stingslighet	noun
stinka	verb
stinkdjur	noun
stinkpadda	noun
stinn	adj
stinnhet	noun
stins	noun
stint	adv
stipendiat	noun
stipendium	noun
stipulera	verb
stipulering	noun
stirra	verb
stirrig	adj
stjäla	verb
stjälk	noun
stjälpa	verb
stjälpbar	adj
stjälpning	noun
stjärna	noun
stjärnanis	noun
stjärnarkitekt	noun
stjärnbaner	noun
stjärnbild	noun
stjärnblomma	noun
stjärnfall	noun
stjärnformig	adj
stjärnfrukt	noun
stjärngosse	noun
stjärnhop	noun
stjärnig	adj
stjärnkarta	noun
stjärnkikare	noun
stjärnkrog	noun
stjärnljus	adj,noun
stjärnlös	adj
stjärnmejsel	noun
stjärnreporter	noun
stjärnsjäl	noun
stjärnskott	noun
stjärnskruvmejsel	noun
stjärnspelare	noun
stjärnspäckad	adj
stjärnsystem	noun
stjärntecken	noun
stjärntydare	noun
stjärntydning	noun
stjärnvittne	noun
stjärnögd	adj
stjärt	noun
stjärtand	noun
stjärterum	noun
stjärtfena	noun
stjärtfjäder	noun
stjärtgosse	noun
stjärtknull	noun
stjärtknulla	verb
stjärtlapp	noun
stjärtlös	adj
stjärtmes	noun
stjärtpenna	noun
sto	noun
stock	noun
stocka	verb
stockblind	adj
stockholm	name
stockholmare	noun
stockholmsk	adj
stockholmska	noun
stockholmsrim	noun
stockholmssyndrom	noun
stockkonservativ	adj
stockning	noun
stockstraff	noun
stocksåg	noun
stod	noun
stoff	noun
stoffe	name
stofil	noun
stoft	noun
stog	verb
stoiker	noun
stoisk	adj
stoiskhet	noun
stoiskt	adv
stoj	noun
stoja	verb
stojig	adj
stokastisk	adj
stol	noun
stolgång	noun
stolle	noun
stolleri	noun
stollift	noun
stollig	adj
stollighet	noun
stolpe	noun
stolpiller	noun
stolpskott	noun
stolpträff	noun
stolsdyna	noun
stolsrygg	noun
stolt	adj,adv
stolthet	noun
stoltsera	verb
stomi	noun
stomioperation	noun
stomipåse	noun
stomme	noun
stop	noun
stopp	noun
stoppa	verb
stopplikt	noun
stoppmärke	noun
stoppning	noun
stoppnål	noun
stoppskylt	noun
stopptecken	noun
stoppur	noun
stor	adj
storartad	adj
storasyster	noun
storbank	noun
storbonde	noun
storbritannien	name
storbråk	noun
stordåd	noun
storebroder	noun
storebror	noun
storebrorssamhälle	noun
storfavorit	noun
storfurste	noun
storfurstendöme	noun
storgata	noun
storgatan	name
storgräl	noun
storgråta	verb
storhandla	verb
storhertig	noun
storhertigdöme	noun
storhertiginna	noun
storhet	noun
storhetstid	noun
storhetsvansinne	noun
storhetsvansinnig	adj
storinkvisitor	noun
stork	noun
storkna	verb
storkonung	noun
storkrig	noun
storkök	noun
storlabb	noun
storlek	noun
storleksmässig	adj
storleksordning	noun
storlom	noun
storm	noun
storma	verb
stormakt	noun
stormaktstid	noun
stormaktstiden	name
stormare	name
stormarknad	noun
stormby	noun
stormflod	noun
stormfri	adj
stormfågel	noun
stormgräl	noun
stormgräla	verb
stormhatt	noun
stormig	adj
stormighet	noun
stormkök	noun
stormläsa	verb
stormläsning	noun
stormning	noun
stormogul	noun
stormstyrka	noun
stormsvala	noun
stormufti	noun
stormvind	noun
stormväder	noun
stormästare	noun
stornäst	adj
storordig	adj
storordighet	noun
storsamlare	noun
storsinnad	adj
storsint	adj
storsinthet	noun
storsjön	name
storskalig	adj
storskarv	noun
storskrake	noun
storslagen	adj
storslagenhet	noun
storslalom	noun
storslägga	noun
storspelare	noun
storspigg	noun
storspov	noun
storstad	noun
storstadsbo	noun
storstadsfenomen	noun
storstadsmiljö	noun
storstadsområde	noun
storstadsregion	noun
storstadsväljare	noun
storstilad	adj
storstjärna	noun
storstrejk	noun
storståtlig	adj
storståtlighet	noun
stort	adv
stortalig	adj
stortalighet	noun
stortrapp	noun
stortå	noun
storverk	noun
storvilt	noun
storviltsjakt	noun
storvulen	adj
storvulenhet	noun
storvuxen	adj
storägare	noun
storögd	adj
straff	noun
straffa	verb
straffad	adj
straffansvar	noun
straffarbete	noun
straffavgörande	noun
straffbar	adj
straffbarhet	noun
straffbestämmelse	noun
straffcirkelbåge	noun
straffeftergift	noun
straffkast	noun
straffknull	noun
straffknulla	verb
straffkoloni	noun
strafflindring	noun
straffläggning	noun
straffmyndig	adj
straffmätning	noun
straffområde	noun
straffpunkt	noun
straffregister	noun
straffrihet	noun
straffrätt	noun
straffrättslig	adj
straffskala	noun
straffskärpning	noun
straffslag	noun
straffspark	noun
strafftull	noun
straffvärde	noun
strafföreläggande	noun
strala	verb
stram	adj
strama	verb
stramhet	noun
strand	name,noun
stranda	verb
strandhugg	noun
strandkant	noun
strandkrabba	noun
strandnära	adj
strandområde	noun
strandpadda	noun
strandpipare	noun
strandpromenad	noun
strandsatt	adj
strandskata	noun
strandsätta	verb
strandtrift	noun
strandvakt	noun
strandvägen	name
strap-on	noun
strapats	noun
strass	noun
strassburgare	noun
strateg	noun
strategi	noun
strategisk	adj
strategispel	noun
stratifiering	noun
stratosfär	noun
strax	adv
streama	verb
streamingtjänst	noun
streamning	noun
streamningstjänst	noun
streber	noun
streberaktig	adj
streck	noun
strecka	verb
streckad	adj
streckare	noun
streckgubbe	noun
streckkod	noun
streckkodsläsare	noun
strejfa	verb
strejk	noun
strejka	verb
strejkbrytare	noun
strejkförbud	noun
strejkvapen	noun
streptokock	noun
stress	noun
stressa	verb
stressfylld	adj
stressnivå	noun
stressreaktion	noun
stresstålighet	noun
stret	noun
streta	verb
stretcha	verb
stretching	noun
stretchning	noun
strf	noun
strid	adj,name,noun
strida	verb
stridbarhet	noun
stridighet	noun
stridsberedskap	noun
stridsfartyg	noun
stridsflyg	noun
stridsflygplan	noun
stridsfordon	noun
stridsfråga	noun
stridsgrupp	noun
stridshelikopter	noun
stridskonst	noun
stridskraft	noun
stridslysten	adj
stridslystnad	noun
stridsmedel	noun
stridspilot	noun
stridsplan	noun
stridsplats	noun
stridsrop	noun
stridssele	noun
stridsspets	noun
stridstupp	noun
stridsvagn	noun
stridsvagnshinder	noun
stridsyxa	noun
stridszon	noun
stridsäpple	noun
stridsåtgärd	noun
strikt	adj
strikthet	noun
stril	name,noun
strila	verb
strimla	noun,verb
strimlig	adj
strimma	noun
strimmig	adj
strindberg	name
string	noun
stringens	noun
stringkalsong	noun
stringtrosa	noun
stripa	noun,verb
stripgås	noun
strippa	verb
strippklubb	noun
stripteasa	verb
striptease	noun
stroboskop	noun
stroboskopi	noun
stroboskopisk	adj
strof	noun
stroke	noun
strontium	noun
stropp	noun
stroppig	adj
stroppighet	noun
strosa	verb
struken	adj
struktur	noun
strukturera	verb
strul	noun
strula	verb
strulig	adj
strumpa	noun
strumpbyxa	noun
strumpeband	noun
strumpebandshållare	noun
strumpläst	noun
strunt	noun
strunta	verb
struntfråga	noun
struntförnäm	adj
struntprat	noun
struntsak	noun
struntsumma	noun
struntviktig	adj
struntviktighet	noun
strupe	noun
strupgrepp	noun
struphuvud	noun
struplock	noun
strupsäck	noun
strupsång	noun
strupsångare	noun
struptag	noun
strut	noun
strutformad	adj
strutformig	adj
struts	noun
strutsfarm	noun
strutsplym	noun
strutsägg	noun
stryk	noun
stryka	verb
strykare	noun
strykbräda	noun
strykjärn	noun
stryknin	noun
strykning	noun
strykpinne	noun
stryktålig	adj
strypa	verb
strypgrepp	noun
strypknut	noun
strypkoppel	noun
strypning	noun
strypsex	noun
stryptag	noun
sträcka	noun,verb
sträckbarhet	noun
sträckbänk	noun
sträckläsa	verb
sträckning	noun
sträng	adj,noun
stränghet	noun
stränginstrument	noun
strängläggare	noun
strängnäs	name
strängteori	noun
sträv	adj
sträva	noun,verb
strävande	noun
strävbåge	noun
strävhet	noun
strävhårig	adj
strävpelare	noun
strävsam	adj
strävsamhet	noun
strå	noun
stråk	noun
stråke	noun
stråkensemble	noun
stråkorkester	noun
stråla	verb
strålande	adj
strålben	noun
strålblomma	noun
stråle	noun
strålföljning	noun
strålkastare	noun
strålkastarljus	noun
strålknippe	noun
strålning	noun
strålningssjuka	noun
strålsjuka	noun
strålskydd	noun
strålspårning	noun
strålsäker	adj
stråt	noun
stråtrövare	noun
stråtröveri	noun
strö	verb
ströare	noun
ströbröd	noun
ströget	name
ströjobb	noun
ström	adj,name,noun
strömand	noun
strömavbrott	noun
strömberg	name
strömbrytare	noun
strömflod	noun
strömförande	adj
strömförbrukning	noun
strömförstärkning	noun
strömkälla	noun
strömlinjeforma	verb
strömlinjeformad	adj
strömlös	adj
strömlöshet	noun
strömma	verb
strömming	noun
strömmätare	noun
strömning	noun
strömningstjänst	noun
strömsnäsbruk	name
strömstare	noun
strömstyrka	noun
strösocker	noun
strössel	noun
strössla	verb
ströva	verb
strövtåg	noun
stubb	noun
stubbe	noun
stubbstjärtseglare	noun
stubin	noun
student	noun
studentförening	noun
studentkår	noun
studentkårsordförande	noun
studentmössa	noun
studentoverall	noun
studentprotest	noun
studera	verb
studerande	noun
studerkammare	noun
studie	noun
studiebesök	noun
studiebidrag	noun
studieförbund	noun
studiemedel	noun
studieplan	noun
studiero	noun
studieskuld	noun
studiestöd	noun
studio	noun
studium	noun
studs	noun
studsa	verb
studsare	noun
studsboll	noun
studsig	adj
studsmatta	noun
studsning	noun
stuga	noun
stugby	noun
stuggolv	noun
stuka	noun,verb
stulen	adj
stum	adj
stumfilm	noun
stumhet	noun
stump	noun
stumpa	noun
stund	noun
stunda	verb
stundom	adv
stundtals	adv
stunt	noun
stuntman	noun
stup	noun
stupa	noun,verb
stupfull	adj
stupiditet	noun
stuprör	noun
stupstock	noun
sture	name
stursk	adj
sturskhet	noun
stuss	noun
stut	noun
stuteri	noun
stuva	verb
stuveriarbetare	noun
stuvning	noun
styck	noun
stycka	verb
styckare	noun
stycke	noun
styckeformatmall	noun
stycken	noun
styckepris	noun
styckmord	noun
styckmörda	verb
styckmördare	noun
styckna	adj
styckning	noun
styckningsdetalj	noun
styckpris	noun
styckprismodell	noun
stygg	adj
styggelse	noun
stygghet	noun
stygisk	adj
stygn	noun
styla	verb
stylist	noun
stylta	noun
styltig	adj
styltlöpare	noun
styltsnäppa	noun
stympa	verb
stympning	noun
styngfluga	noun
styra	verb
styrande	adj
styranordning	noun
styrbarhet	noun
styrbord	adv,noun
styrd	adj
styre	noun
styrekonom	noun
styrelse	noun
styrelsebeslut	noun
styrelseledamot	noun
styrelsemedlem	noun
styrelsemöte	noun
styrelseordförande	noun
styrelserum	noun
styrelsesammanträde	noun
styreoxid	noun
styresman	noun
styrfart	noun
styrgrupp	noun
styrka	noun,verb
styrkekram	noun
styrkelyft	noun
styrketräning	noun
styrkula	noun
styrman	noun
styrmedel	noun
styrmynt	noun
styrning	noun
styrränta	noun
styrsel	noun
styrsystem	noun
styrutrustning	noun
styv	adj
styvbarn	noun
styvbarnbarn	noun
styvbror	noun
styvdotter	noun
styver	noun
styvfamilj	noun
styvfar	noun
styvförälder	noun
styvhet	noun
styvmamma	noun
styvmoderlig	adj
styvmoderligt	adv
styvmor	noun
styvna	verb
styvnackad	adj
styvpappa	noun
styvsint	adj
styvsinthet	noun
styvson	noun
styvsyskon	noun
styvsyster	noun
städ	noun
städa	verb
städad	adj
städare	noun
städbil	noun
städerska	noun
städmaskin	noun
städning	noun
städpatrull	noun
städse	adv
ställ	noun
ställa	verb
ställd	adj
ställe	noun
ställföreträdande	adj
ställföreträdare	noun
ställföreträdarskap	noun
ställighet	noun
ställning	noun
ställningskrig	noun
ställningstagande	noun
ställverk	noun
ställvis	adv
stämband	noun
stämgaffel	noun
stämjärn	noun
stämma	noun,verb
stämmare	noun
stämmobeslut	noun
stämning	noun
stämningsansökan	noun
stämningsfull	adj
stämpel	noun
stämpeldyna	noun
stämpelskatt	noun
stämpelur	noun
stämpla	verb
stämpling	noun
stämskruv	noun
ständig	adj
ständigt	adv
stänga	verb
stängd	adj
stängel	noun
stängning	noun
stängsel	noun
stängselstolpe	noun
stänk	noun
stänka	verb
stänkning	noun
stänkskydd	noun
stänkskärm	noun
stäpp	noun
stäppflyghöna	noun
stäpphök	noun
stäppsångare	noun
stäppvarg	noun
stäppvipa	noun
stäppörn	noun
stärka	verb
stärkelse	noun
stäv	noun
stäva	noun,verb
stävja	verb
stå	verb
stående	adj
ståhl	name
ståhlbrand	name
stål	noun
stålbad	noun
stålbolag	noun
ståldörr	noun
stålhätta	noun
stålindustri	noun
stålmannen	name
stålsätta	verb
ståltråd	noun
stålull	noun
stålvajer	noun
stålverk	noun
stånd	noun
ståndaktig	adj
ståndaktighet	noun
ståndare	noun
ståndpunkt	noun
ståndsmässig	adj
stång	noun
stånga	verb
stångån	name
stånka	noun,verb
ståplats	noun
ståplatsläktare	noun
ståt	noun
ståthållare	noun
ståtlig	adj
ståtlighet	noun
ståuppklubb	noun
ståuppkomik	noun
ståuppkomiker	noun
stöd	noun
stöda	verb
stöddighet	noun
stödhjul	noun
stödja	verb
stödkorv	noun
stödlinje	noun
stödmacka	noun
stödpaket	noun
stödparti	noun
stödpersonal	noun
stödsamtal	noun
stödstrumpa	noun
stök	noun
stöka	verb
stökig	adj
stökighet	noun
stökiometri	noun
stöld	noun
stöldförsäkring	noun
stöldförsök	noun
stöldgods	noun
stöldsäker	adj
stön	noun
stöna	verb
stöp	noun
stöpa	verb
stöpis	noun
stöppla	verb
stöpplare	noun
stöppling	noun
stör	noun
störa	verb
störatom	noun
störd	adj
störmarginal	noun
störning	noun
störningssändare	noun
störnivå	noun
störsändare	noun
stört	adv
störta	verb
störtbomba	verb
störtdyka	verb
störtdykning	noun
störtflod	noun
störtförälskad	adj
störtkär	adj
störtlopp	noun
störtregn	noun
störtregna	verb
störtskur	noun
störämne	noun
störämneskoncentration	noun
stöt	noun
stöta	verb
stötdämpare	noun
stötesten	noun
stötfångare	noun
stötljud	noun
stötning	noun
stötspjut	noun
stött	adj
stötta	noun,verb
stöttepelare	noun
stötvapen	noun
stövare	noun
stövel	noun
stövelknekt	noun
stövla	verb
subarktisk	adj
subatomär	adj
subjekt	noun
subjektiv	adj
subjektivism	noun
subjektivist	noun
subjektivitet	noun
subjunktion	noun
subkontinent	noun
subkultur	noun
sublim	adj
sublimation	noun
sublimera	verb
sublimering	noun
sublimitet	noun
subsidier	noun
subsidiering	noun
subsidiär	adj
substans	noun
substanslös	adj
substansmissbruk	noun
substantiell	adj
substantiv	noun
substantivböjning	noun
substantivera	verb
substituera	verb
substitutionschiffer	noun
substitutvara	noun
substrat	noun
substrateffekt	noun
substratfaktor	noun
subtil	adj
subtilitet	noun
subtrahera	verb
subtraktion	noun
subtraktionstecken	noun
subtröskelström	noun
subventionera	verb
subversion	noun
subversiv	adj
subwoofer	noun
succession	noun
successionsordning	noun
successiv	adj
successivt	adv
succuba	noun
suck	intj,noun
sucka	verb
suckulent	noun
sudan	name
sudanes	noun
sudansk	adj
sudd	noun
sudda	verb
suddgummi	noun
suddig	adj
suddighet	noun
suffix	noun
sufflett	noun
suffragett	noun
sufist	noun
sufistisk	adj
sug	noun
suga	noun,verb
sugare	noun
sugga	noun
suggestibel	adj
suggestionskraft	noun
suggestiv	adj
suggestivitet	noun
sugkopp	noun
sugmärke	noun
sugning	noun
sugpropp	noun
sugrör	noun
suh	phrase
suicid	noun
suicidförsök	noun
sukta	verb
sula	noun,verb
sulfat	noun
sulfit	noun
sulky	noun
sultan	noun
sultanat	noun
sumer	name
summa	noun
summarisk	adj
summera	verb
summering	noun
sumobrottare	noun
sumobrottning	noun
sump	noun
sumpa	verb
sumpcypress	noun
sumpgas	noun
sumphöna	noun
sumpmark	noun
sumprunkare	noun
sumpvipa	noun
sund	adj,noun
sundberg	name
sundbyberg	name
sundhet	noun
sundhetstecken	noun
sundkvist	name
sundqvist	name
sundström	name
sundsvall	name
sune	name
sunnanvind	noun
sunnerbo	name
sunnimuslim	noun
sunnimuslimsk	adj
sunnit	noun
sunnitisk	adj
sup	noun
supa	verb
supande	noun
super	adj
superdator	noun
superhjälte	noun
superhjältefilm	noun
superi	noun
superkraft	noun
superlativ	noun
supermakt	noun
supermodell	noun
superskurk	noun
superstjärna	noun
supertungvikt	noun
supertungviktare	noun
supinum	noun
suppleant	noun
supplement	noun
support	noun
supporter	noun
supporterbråk	noun
supporterklubb	noun
supporterkultur	noun
supporterpolis	noun
supremati	noun
suprematism	noun
supremum	noun
sur	adj
sura	noun,verb
surdeg	noun
surfa	verb
surfare	noun
surfbräda	noun
surfing	noun
surfning	noun
surfplatta	noun
surhet	noun
surhetsmätare	noun
surikat	noun
surinam	name
surinames	noun
surjektion	noun
surjektiv	adj
surkart	noun
surkål	noun
surmjölk	noun
surmulen	adj
surmulenhet	noun
surna	verb
surning	noun
surpuppa	noun
surr	noun
surra	verb
surrealism	noun
surrealist	noun
surrealistisk	adj
surrig	adj
surrogatmödraskap	noun
surströmming	noun
surströmmingsklämma	noun
surströmmingspremiär	noun
surögd	adj
surögdhet	noun
suröl	noun
sus	noun
susa	verb
susann	name
susanna	name
susanne	name
sushi	noun
sushirestaurang	noun
susning	noun
suspekt	adj
suspensoar	noun
sutenör	noun
suterräng	noun
suterränghus	noun
sutur	noun
suturering	noun
suverän	adj,noun
suveränitet	noun
svabbning	noun
svacka	noun
svada	noun
svag	adj
svagdricka	noun
svaghet	noun
svaghetstecken	noun
svagsint	adj
svagsinthet	noun
svagsynt	adj
svagsynthet	noun
svagt	adv
svaj	noun
svaja	verb
svajig	adj
svajighet	noun
svajigt	adv
svajning	noun
svajpa	verb
sval	adj,noun
svala	noun
svale	noun
svalg	noun
svalhet	noun
svalka	noun,verb
svalkande	adj
svalkning	noun
svall	noun
svalla	verb
svallis	noun
svallning	noun
svallvåg	noun
svalna	verb
svalning	noun
svalstjärt	noun
svalört	noun
svamla	verb
svamlig	adj
svamlighet	noun
svammel	noun
svamp	noun
svampaktig	adj
svampartad	adj
svampig	adj
svampighet	noun
svampkännare	noun
svampmoln	noun
svampplockning	noun
svampsoppa	noun
svan	noun
svanesång	noun
svank	noun
svanka	verb
svankrygg	noun
svankryggig	adj
svanmärkt	adj
svans	noun
svansa	verb
svansben	noun
svansföring	noun
svanskota	noun
svanslös	adj
svanslöshet	noun
svansrem	noun
svanstedt	name
svanström	name
svante	name
svantepolk	name
svar	noun
svara	verb
svarande	noun
svaromål	noun
svarslös	adj
svarslöshet	noun
svarstid	noun
svart	adj,noun
svartaktig	adj
svartand	noun
svartbroder	noun
svartbrödrakloster	noun
svartbygge	noun
svartfolk	noun
svartfot	noun
svarthakedopping	noun
svarthandel	noun
svarthet	noun
svarthuvad	adj
svarthätta	noun
svarthårig	adj
svarting	noun
svartis	noun
svartklubb	noun
svartkonst	noun
svartkonstbok	noun
svartkrut	noun
svartkråka	noun
svartlista	verb
svartlistning	noun
svartmes	noun
svartmuskig	adj
svartmåla	verb
svartna	verb
svartpeppar	noun
svartsenap	noun
svartsjuk	adj
svartsjuka	noun
svartskalle	noun
svartskjorta	noun
svartsnäppa	noun
svartsyn	noun
svarttaxi	noun
svarttärna	noun
svartvinbär	noun
svartvinbärslikör	noun
svartvit	adj
svartån	name
svartögd	adj
svarv	noun
svarva	verb
svarvning	noun
svassa	verb
svastika	noun
svavel	noun
svaveldioxid	noun
svavelosande	adj
svavelsticka	noun
svavelsyra	noun
svavelsyrlighet	noun
svaveltrioxid	noun
svavelväte	noun
svavling	noun
svd	name
svea	adj,name
svealand	name
svear	noun
sveda	noun,verb
svedala	name
svedberg	name
sveg	name
svejs	intj
svejsan	intj
svek	noun
svekfri	adj
svekfull	adj
svekfullhet	noun
sveklös	adj
sveklöshet	noun
svemester	noun
sven	name,noun
svendom	noun
svennig	adj
svensexa	noun
svensk	adj,noun
svenska	noun
svenskamerikan	noun
svenskdryck	noun
svenskfinland	name
svenskhet	noun
svenskjävel	noun
svenskspråkig	adj
svensktalande	adj
svenskättling	noun
svensson	name
svepa	verb
svepskäl	noun
sverige	name
sverigebilden	noun
sverigedemokrat	noun
sverigedemokratisk	adj
sverigesvensk	noun
sverigesvenska	noun
sverigevän	noun
sverker	name
svets	noun
svetsa	verb
svetsare	noun
svetsbar	adj
svetsbarhet	noun
svetsfog	noun
svetsförband	noun
svetsning	noun
svett	noun
svettas	verb
svettdroppe	noun
svettfläck	noun
svettig	adj
svettighet	noun
svettkörtel	noun
svettning	noun
svickhål	noun
svida	verb
svidande	adj
svika	verb
svikare	noun
svikt	noun
svikta	verb
svimma	verb
svimning	noun
svin	noun
svinaktighet	noun
svindel	noun
svindla	verb
svindlare	noun
svindleri	noun
svineri	noun
sving	noun
svinga	verb
svingel	noun
svinhufvud	name
svininfluensa	noun
svinn	noun
svinna	verb
svinrygg	noun
svinstia	noun
svinto	noun
svisch	intj,noun
svischa	verb
sviskon	noun
svit	noun
svordom	noun
svorsk	adj
svt	name
svullen	adj
svullna	verb
svullnad	noun
svulst	noun
svulstig	adj
svulstighet	noun
svulstigt	adv
svulten	adj
svultenhet	noun
svunnen	adj
svuren	adj
svägerska	noun
svälja	verb
sväljare	noun
sväljning	noun
svälla	verb
svällkropp	noun
svällning	noun
svält	noun
svälta	verb
svältfödd	adj
svämma	verb
sväng	noun
svänga	verb
svängbar	adj
svängdörr	noun
svängig	adj
svängning	noun
svängningsradie	noun
svängradie	noun
svängrum	noun
svängtapp	noun
svära	verb
svärd	noun
svärdbrev	noun
svärdfisk	noun
svärdotter	noun
svärdslilja	noun
svärdslukare	noun
svärdsslukare	noun
svärfar	noun
svärfarbror	noun
svärfaster	noun
svärförälder	noun
svärm	noun
svärma	verb
svärmare	noun
svärmeri	noun
svärmisk	adj
svärmiskhet	noun
svärmor	noun
svärmorbror	noun
svärmoster	noun
svärson	noun
svärta	noun,verb
svärtning	noun
sväva	verb
svävare	noun
svävning	noun
svåger	noun
svågerpolitik	noun
svål	noun
svångrem	noun
svångremspolitik	noun
svår	adj
svårantändlig	adj
svårartad	adj
svårbedömd	adj
svårbegriplig	adj
svårdefinierad	adj
svårframkomlig	adj
svårförutsägbar	adj
svårhet	noun
svårighet	noun
svårighetsgrad	noun
svårmod	noun
svårmodig	adj
svårmodighet	noun
svårslagen	adj
svårsmält	adj
svårt	adv
svårtillgänglig	adj
svårtillgänglighet	noun
svårtippad	adj
svårtolkad	adj
svårutrotad	adj
swahili	noun
swaziland	name
swaziländare	noun
sweatshirt	noun
swinger	noun
swingerklubb	noun
swinging	noun
swish	name
sy	verb
sybarit	noun
sybaritisk	adj
syd	adv,noun
sydafrika	name
sydafrikan	noun
sydafrikansk	adj
sydafrikanska	noun
sydamerika	name
sydamerikan	noun
sydamerikanska	noun
sydasien	name
sydbo	noun
sydeuropa	name
sydeuropeisk	adj
sydkorea	name
sydkorean	noun
sydkoreansk	adj
sydkoreanska	noun
sydkust	noun
sydnäktergal	noun
sydost	adv,noun
sydostasiatisk	adj
sydostlig	adj
sydpol	noun
sydsamiska	noun
sydshetlandsöarna	name
sydsken	noun
sydstat	noun
sydstatsbo	noun
sydsudan	name
sydsudanes	noun
sydsydost	adv
sydsydostlig	adj
sydsydväst	adv
sydsydvästlig	adj
sydsydöst	adv
sydsydöstlig	adj
sydväst	adv,noun
sydvästlig	adj
sydvästra	adj
sydön	name
sydöst	adv,noun
sydöstlig	adj
sydöstra	adj
syfilis	noun
syfilitiker	noun
syfta	verb
syfte	noun
syftlinje	noun
syftningsfel	noun
syjunta	noun
sykomor	noun
sykomorträd	noun
syl	noun
syll	noun
syllogism	noun
syloti	name
sylt	noun
sylta	noun,verb
syltburk	noun
syltlök	noun
sylvass	adj
sylvia	name
symaskin	noun
symbios	noun
symbiotisk	adj
symbol	noun
symbolhandling	noun
symbolik	noun
symbolisera	verb
symbolisk	adj
symbolism	noun
symbolist	noun
symfoni	noun
symfoniker	noun
symfoniorkester	noun
symfonisk	adj
symmetri	noun
symmetriaxel	noun
symmetribrott	noun
symmetriplan	noun
symmetrisk	adj
sympati	noun
sympatisera	verb
sympatisk	adj
sympatisör	noun
symposium	noun
symptomfri	adj
symtom	noun
symtomatisk	adj
symtomfri	adj
syn	noun
syna	verb
synagoga	noun
synagogföreståndare	noun
synaps	noun
synavstånd	noun
synbar	adj
synbarlig	adj
synbarligen	adv
synd	intj,noun
synda	verb
syndabekännelse	noun
syndabock	noun
syndafall	noun
syndaflod	noun
syndare	noun
syndarn	noun
syndfri	adj
syndfrihet	noun
syndfull	adj
syndfullhet	noun
syndig	adj
syndighet	noun
syndikalism	noun
syndikalist	noun
syndikat	noun
syndrom	noun
synekdoke	noun
synergi	noun
synergism	noun
synergistisk	adj
synfel	noun
synfält	noun
synhåll	noun
synkop	noun
synkope	noun
synkopera	verb
synkretisera	verb
synkretism	noun
synkretist	noun
synkretistisk	adj
synkron	adj
synkronicitet	noun
synkronisera	verb
synkronisering	noun
synkrotron	noun
synlig	adj
synliggöra	verb
synlighet	noun
synnedsättning	noun
synnerhet	noun
synnerlig	adj
synnerligen	adv
synnerv	noun
synnöve	name
synod	noun
synodal	adj
synodisk	adj
synonym	adj,noun
synonymi	noun
synonymordbok	noun
synops	noun
synopsis	noun
synoptiker	noun
synoptisk	adj
synpunkt	noun
synsk	adj
synskada	noun
synskhet	noun
synsätt	noun
syntax	noun
syntes	noun
syntetisera	verb
syntetisk	adj
synthesizer	noun
syntpop	noun
synvilla	noun
synvinkel	noun
synål	noun
syra	noun,verb
syraattack	noun
syre	noun
syrebrist	noun
syren	noun
syresätta	verb
syrgas	noun
syrian	noun
syriansk	adj
syrianska	noun
syrien	name
syrier	noun
syrisk	adj
syrisk-ortodox	adj
syrlig	adj
syrlighet	noun
syrning	noun
syrsa	noun
syskon	noun
syskonbarn	noun
syskonfartyg	noun
syskonförtur	noun
syskonpar	noun
syskonskap	noun
sysselsatt	adj
sysselsätta	verb
sysselsättning	noun
sysselsättningsminskning	noun
sysselsättningsökning	noun
syssla	noun,verb
syssling	noun
sysslolös	adj
sysslolöshet	noun
syssloman	noun
syssna	verb
system	noun
systematisera	verb
systematisering	noun
systematisk	adj
systembolag	noun
systemfel	noun
systemkamera	noun
syster	noun
systerbarn	noun
systerbolag	noun
systerdotter	noun
systerfartyg	noun
systerföretag	noun
systerskap	noun
systerson	noun
systerspråk	noun
syvende	num
syzygie	noun
säck	noun
säcka	verb
säckig	adj
säcklöpning	noun
säckpipa	noun
säckstation	noun
säd	noun
säde	noun
sädesavgång	noun
sädesblåsa	noun
sädescell	noun
sädesfält	noun
sädeskorn	noun
sädesledare	noun
sädesslag	noun
sädesuttömning	noun
sädesvätska	noun
sädesärla	noun
sädgäss	noun
sädgås	noun
säffe	noun
säfferot	noun
säfström	name
säga	verb
sägen	noun
sägenomspunnen	adj
säker	adj
säkerhet	noun
säkerhetsapparat	noun
säkerhetsarbete	noun
säkerhetsarrangemang	noun
säkerhetsavdelning	noun
säkerhetsbedömning	noun
säkerhetsbestämmelse	noun
säkerhetsbrist	noun
säkerhetsbälte	noun
säkerhetschef	noun
säkerhetsdörr	noun
säkerhetsexpert	noun
säkerhetsfråga	noun
säkerhetsfängelse	noun
säkerhetsföreskrift	noun
säkerhetsföretag	noun
säkerhetshot	noun
säkerhetshål	noun
säkerhetsintresse	noun
säkerhetskabinett	noun
säkerhetskedja	noun
säkerhetskonferens	noun
säkerhetskonsult	noun
säkerhetskontroll	noun
säkerhetslina	noun
säkerhetsläge	noun
säkerhetsmarginal	noun
säkerhetsmässig	adj
säkerhetsmål	noun
säkerhetsnivå	noun
säkerhetsnål	noun
säkerhetspolis	noun
säkerhetspolitik	noun
säkerhetspolitisk	adj
säkerhetsrisk	noun
säkerhetsrum	noun
säkerhetsrutin	noun
säkerhetsråd	noun
säkerhetsrådgivare	noun
säkerhetssal	noun
säkerhetssamordnare	noun
säkerhetssele	noun
säkerhetsskydd	noun
säkerhetsskäl	noun
säkerhetsstyrka	noun
säkerhetssynpunkt	noun
säkerhetssystem	noun
säkerhetstjänst	noun
säkerhetständsticka	noun
säkerhetsvakt	noun
säkerhetsventil	noun
säkerhetszon	noun
säkerhetsåtgärd	noun
säkerligen	adv
säkerställa	verb
säkert	adv
säkra	verb
säkring	noun
säkringsskåp	noun
säl	noun
sälg	noun
sälgpipa	noun
sälja	verb
säljakt	noun
säljare	noun
säljbar	adj
säljbarhet	noun
säll	adj
sälla	verb
sällan	adv,intj
sällanköpshandel	noun
sällanköpsvara	noun
sälle	noun
sällhet	noun
sällsam	adj
sällsamhet	noun
sällskap	noun
sällskaplig	adj
sällskaplighet	noun
sällskapsdjur	noun
sällskapshund	noun
sällskapsliv	noun
sällskapssjuk	adj
sällskapsspel	noun
sällspord	adj
sällsynt	adj
sällsynthet	noun
sälta	noun
sämja	noun
sända	verb
sändare	noun
sändebud	noun
sändning	noun
sändningsrättighet	noun
säng	noun
sängbunden	adj
sängdags	adv
sängfösare	noun
sängkammarblick	noun
sängkammare	noun
sängkläder	noun
sängliggande	adj
sängram	noun
sängrökare	noun
sängstolpe	noun
sängväg	noun
sängvätare	noun
sängvätning	noun
sänka	noun,verb
sänkbar	adj
sänkbarhet	noun
sänke	noun
sänkning	noun
sänkningstecken	noun
säpo	name
sära	verb
särart	noun
särartad	adj
särartsfeminism	noun
särbarn	noun
särbegåvning	noun
särbehandla	verb
särbehandling	noun
särbo	noun
särdeles	adj,adv
särdrag	noun
säregen	adj
säregenhet	noun
säreget	adv
särhet	noun
särintresse	noun
särk	noun
särklass	noun
särkullbarn	noun
särkvark	noun
särprägel	noun
särregel	noun
särskild	adj
särskilja	verb
särskiljbar	adj
särskilt	adv
särskriva	verb
särskrivning	noun
särställning	noun
säsong	noun
säsongsarbetare	noun
säsongsarbete	noun
säsongspremiär	noun
säsongsrensad	adj
säsongsvis	adv
säte	noun
säter	name
sätesmuskel	noun
sätt	noun
sätta	verb
sättare	noun
sättning	noun
sättpotatis	noun
säv	noun
sävlig	adj
sävlighet	noun
sävsparv	noun
sävsångare	noun
så	adv,conj,noun,pron,verb
sådan	det
sådd	noun
sådär	adv
såg	noun
såga	verb
sågfisk	noun
sågklinga	noun
sågning	noun
sågspån	noun
sågtand	noun
sågtandad	adj
sågverk	noun
såhär	adv
såja	intj
såklart	adv
såld	adj
således	adv
såll	noun
sålla	verb
sålunda	adv
sån	det
sång	noun
sångare	noun
sångbok	noun
sångerska	noun
sångfågel	noun
sånggudinna	noun
sånglärka	noun
sångröst	noun
sångsparv	noun
sångsvan	noun
sånär	adv
såpa	noun,verb
såpass	adv,intj
såpbubbla	noun
såphal	adj
såplödder	noun
såpnejlika	noun
såpopera	noun
såpört	noun
sår	noun
såra	verb
sårbar	adj
sårbarhet	noun
sårig	adj
sårskada	noun
sårskorpa	noun
sås	noun
såsig	adj
såskopp	noun
såsom	conj
såssnipa	noun
såt	adj,noun
såtillvida	adv
såvida	conj
såvitt	adv,conj
såväl	conj
söder	adv,name,noun
söderberg	name
söderblandning	noun
södergren	name
söderhavet	name
söderköping	name
söderlund	name
södermalm	name
södermanland	name
söderström	name
södertälje	name
söderut	adv
söderöver	adv
södra	adj
söka	verb
sökande	noun
sökare	noun
sökarljus	noun
sökbar	adj
sökhund	noun
sökinsats	noun
sökkriterium	noun
sökljus	noun
sökmotor	noun
sökmotoroptimering	noun
sökning	noun
söknyckel	noun
sökområde	noun
sökord	noun
sökruta	noun
sökt	adj
sökvillkor	noun
sökväg	noun
söl	noun
söla	verb
sölaktig	adj
sölaktighet	noun
sölig	adj
sölighet	noun
sölja	noun
söm	noun
sömlös	adj
sömmerska	noun
sömn	noun
sömnad	noun
sömnaktig	adj
sömnbrist	noun
sömndrucken	adj
sömngrus	noun
sömngubbe	noun
sömngångaraktig	adj
sömngångare	noun
sömnig	adj
sömnighet	noun
sömnigt	adv
sömnlös	adj
sömnlöshet	noun
sömnmedel	noun
sömnpiller	noun
sömntablett	noun
sömntid	noun
sömntuta	noun
sömsmån	noun
söndag	noun
söndagskväll	noun
söndagskörd	adj
söndagsseglare	noun
sönder	adj,adv
sönderbombad	adj
sönderdela	verb
sönderfall	noun
sönderfalla	verb
sönderfallshastighet	noun
sönderslita	verb
sönderslitning	noun
söndra	verb
söndring	noun
sören	name
sörgårdsidyll	noun
sörja	noun,verb
sörjare	noun
sörlänning	noun
sörpla	verb
sörpling	noun
sös	noun
söt	adj
söta	verb
sötad	adj
sötaktig	adj
sötebrödsdagar	noun
söthet	noun
sötkörsbär	noun
sötma	noun
sötmedel	noun
sötning	noun
sötningsmedel	noun
sötnos	noun
sötpotatis	noun
sötsak	noun
sötsliskig	adj
sötsliskighet	noun
sötsug	noun
sötsur	adj
sötsyrlig	adj
sött	adv
sötvatten	noun
sötvattensfiske	noun
söul	name
söva	verb
sövning	noun
t	character,symbol
t-bana	noun
t-ord	noun
t-shirt	noun
t-tröja	noun
ta	verb
tabasco	noun
tabb	noun
tabba	verb
tabbe	noun
tabberas	noun
tabbtangent	noun
tabell	noun
tabelldokument	noun
tabellera	verb
tabellering	noun
tabernakel	noun
tablett	noun
tabloidisering	noun
tablå	noun
tablå-tv	noun
tabu	adj,noun
tabubelagd	adj
tabubelägga	verb
tabuera	verb
tabuering	noun
tabulatur	noun
tack	intj,noun
tacka	noun,verb
tackar	intj
tackel	noun
tackjärn	noun
tackla	verb
tacklös	adj
tacknämlig	adj
tacksam	adj
tacksamhet	noun
tacksamhetsskuld	noun
taco	noun
tacoskal	noun
tadelfri	adj
tadellös	adj
tadzjik	noun
tadzjikisk	adj
tadzjikiska	noun
tadzjikistan	name
tadzjikistanier	noun
tafatt	adj,noun
tafatthet	noun
taffel	noun
taffelland	noun
tafsa	verb
tag	noun
tagare	noun
tage	name
tagel	noun
tagelskjorta	noun
tagen	adj
tagetes	noun
tagg	noun
tagga	verb
taggbuske	noun
taggfening	noun
tagghuding	noun
taggig	adj
taggighet	noun
taggmakrill	noun
taggstjärtseglare	noun
taggsvamp	noun
taggtråd	noun
taggtrådshinder	noun
taggutskott	noun
taggvallmo	noun
tagning	noun
tahitier	noun
tahrirtorget	name
taiwan	name
taiwanes	noun
taiwanesisk	adj
taiwanesiska	noun
taiwanmes	noun
tajders	noun
tajga	noun
tajgablåstjärt	noun
tajgaflugsnappare	noun
tajgasädgäss	noun
tajgasädgås	noun
tajgasångare	noun
tajma	verb
tajmning	noun
tajt	adj
tak	noun
takbox	noun
takeaway	noun
takfläkt	noun
takfot	noun
taklist	noun
taknock	noun
takorganisation	noun
takpanna	noun
takränna	noun
takskägg	noun
takt	noun
taktegel	noun
takterrass	noun
taktfast	adj
taktfull	adj
taktfullhet	noun
taktik	noun
taktiker	noun
taktikröst	noun
taktikröstning	noun
taktisk	adj
taktkänsla	noun
taktlös	adj
taktlöshet	noun
taktpinne	noun
takutsprång	noun
takvåning	noun
takymeter	noun
takås	noun
tal	noun
tala	noun,verb
talan	noun
talande	adj,noun
talang	noun
talangfull	adj
talanglös	adj
talare	noun
talarkonst	noun
talarstol	noun
talbar	adj
talbok	noun
taleskvinna	noun
talesman	noun
talesperson	noun
talesätt	noun
talfel	noun
talformat	noun
talföljd	noun
talför	adj
talförhet	noun
talförvrängare	noun
talg	noun
talgboll	noun
talgkörtel	noun
talgljus	noun
talgoxe	noun
taliban	noun
talibanregim	noun
talibansk	adj
talisman	noun
talk	noun
talko	noun
tall	noun
tallbarr	noun
tallbit	noun
tallgråmes	noun
tallinn	name
tallium	noun
tallkotte	noun
tallkottkörtel	noun
tallrik	adj,noun
tallskog	noun
tallsparv	noun
tallsvärmare	noun
talltita	noun
talman	noun
talmud	name
talmudisk	adj
talmudist	noun
talmystik	noun
talmystiker	noun
talong	noun
talpedagog	noun
talrik	adj
talrikhet	noun
talskrivare	noun
talspråk	noun
talspråklig	adj
talsystem	noun
taltrast	noun
talträngd	adj
talträngdhet	noun
tam	adj
tamagotchi	noun
tamarind	noun
tambur	noun
tamburmajor	noun
tamdjur	noun
tamfår	noun
tamhet	noun
tamil	noun
tamiller	noun
tamkatt	noun
tammerfors	name
tamp	noun
tampas	verb
tamponad	noun
tampong	noun
tana	noun,verb
tand	noun
tanda	verb
tandad	adj
tandagnisslan	noun
tandborste	noun
tandborstmustasch	noun
tandbrygga	noun
tandfe	noun
tandguld	noun
tandkräm	noun
tandkött	noun
tandköttsinflammation	noun
tandläkare	noun
tandlös	adj
tandlöshet	noun
tandlöst	adv
tandpetare	noun
tandprotes	noun
tandskydd	noun
tandsten	noun
tandställning	noun
tandtråd	noun
tandvärk	noun
tandvård	noun
tanga	noun
tangens	noun
tangent	noun
tangentbord	noun
tangentbordskrigare	noun
tangentera	verb
tangentkombination	noun
tangera	verb
tangering	noun
tangeringspunkt	noun
tango	noun
tanig	adj
tanighet	noun
tanja	name
tank	noun
tanka	verb
tankbil	noun
tanke	noun
tankearbete	noun
tankebrott	noun
tankediger	adj
tankedjup	noun
tankeexperiment	noun
tankefel	noun
tankefoster	noun
tankefrihet	noun
tankegång	noun
tankeläsare	noun
tankemässig	adj
tanker	noun
tankerflotta	noun
tankeskärpa	noun
tankesmedja	noun
tankeställare	noun
tankesystem	noun
tankesätt	noun
tankeväckande	adj
tankevärld	noun
tankfartyg	noun
tankfull	adj
tankfullhet	noun
tanklös	adj
tanklöshet	noun
tankspridd	adj
tankspriddhet	noun
tankstreck	noun
tannin	noun
tant	noun
tantal	noun
tantig	adj
tantparkour	noun
tanzania	name
tanzanier	noun
tanzanisk	adj
taoism	noun
taoist	noun
taoistisk	adj
taoistiskt	adv
tapas	noun
tapera	verb
tapering	noun
tapet	noun
tapetborttagare	noun
tapetklister	noun
tapetsera	verb
tapir	noun
tapp	noun
tappa	verb
tapper	adj
tapperhet	noun
tapperhetsmedalj	noun
tappformig	adj
tappning	noun
taravikt	noun
targum	noun
tarm	noun
tarmben	noun
tarmludd	noun
tarmpaket	noun
tarmrörelse	noun
tarmvred	noun
tarot	noun
tarotkort	noun
tarotlek	noun
tars	noun
tarv	noun
tarva	verb
tarvlig	adj
tarvligt	adv
tarzan	name
taskspelare	noun
tasmanien	name
tasmanier	noun
tasmansk	adj
tass	noun
tassa	verb
tassavtryck	noun
tassel	noun
tassemark	noun
tassla	verb
tatar	noun
tatarfalk	noun
tattare	noun
tatuera	verb
tatuerare	noun
tatuering	noun
tatueringsapparat	noun
taurin	noun
tautologi	noun
tavastehus	name
tavelram	noun
tavelsamling	noun
tavelstöld	noun
tavelsudd	noun
taverna	noun
tavla	noun
tax	noun
taxameter	noun
taxeringskalender	noun
taxeringsvärde	noun
taxfree	adj
taxi	noun
taxibana	noun
taxibil	noun
taxibolag	noun
taxichaufför	noun
taxiförare	noun
taxonomi	noun
taxonomisk	adj
taylorserie	noun
tbc	noun
tbx	adv
tchad	name
tchadier	noun
tchadisk	adj
tchadiska	noun
te	noun,prep,verb
team	noun
teater	noun
teateraktig	adj
teaterbesökare	noun
teaterföreställning	noun
teatergrupp	noun
teaterhistorisk	adj
teaterkikare	noun
teaterkritiker	noun
teaterledare	noun
teatermässig	adj
teaterpjäs	noun
teaterrecensent	noun
teatralisk	adj
teatralitet	noun
tebjudning	noun
teblad	noun
tebricka	noun
tecken	noun
teckengrad	noun
teckenigenkänning	noun
teckensnitt	noun
teckenspråk	noun
teckenstorlek	noun
teckensystem	noun
teckentydare	noun
teckentydning	noun
teckenuppsättning	noun
teckna	verb
tecknare	noun
teckning	noun
ted	name
teddybjörn	noun
tedrickare	noun
tee	noun
tefat	noun
teflon	noun
teflonpolitiker	noun
teg	noun
tegel	noun
tegelhus	noun
tegelsten	noun
teheran	name
tehus	noun
tein	noun
teint	noun
teism	noun
teist	noun
teistisk	adj
tejp	noun
tejpa	verb
tejst	noun
tejstefisk	noun
tekaka	noun
tekanna	noun
tekla	name
teknekt	noun
teknetium	noun
teknik	noun
teknikalitet	noun
teknikbolag	noun
tekniker	noun
teknikervälde	noun
teknikföretag	noun
teknikhistoria	noun
teknikjätte	noun
tekniksektor	noun
tekning	noun
teknisk	adj
tekniskt	adv
teknofobi	noun
teknokrat	noun
teknokrati	noun
teknokratisk	adj
teknologi	noun
teknologiskt	adv
tekopp	noun
tektonik	noun
tektonisk	adj
telefem	noun
telefon	noun
telefonbedrägeri	noun
telefonbolag	noun
telefonförsäljare	noun
telefonförsäljning	noun
telefoni	noun
telefonjack	noun
telefonkatalog	noun
telefonkiosk	noun
telefonlur	noun
telefonnummer	noun
telefonnät	noun
telefonröstning	noun
telefonsammanträde	noun
telefonsamtal	noun
telefonsex	noun
telefonsladd	noun
telefonstolpe	noun
telefonsvarare	noun
telefonsystem	noun
telefrag	noun
telefragga	verb
telega	noun
telegraf	noun
telegrafi	noun
telegrafnyckel	noun
telegrafstyrelse	noun
telegram	noun
telegramledes	adv
telekinesi	noun
telekomanalytiker	noun
telekombolag	noun
telekomföretag	noun
telekomsektor	noun
telekonferens	noun
telemarketing	noun
telemetri	noun
teleobjektiv	noun
teleport	noun
teleportera	verb
teleportering	noun
teleskop	noun
teleskopord	noun
television	noun
tellur	noun
telning	noun
telugu	noun
tema	noun
tempel	noun
tempelbyggnad	noun
tempelinvigning	noun
tempelområde	noun
tempelriddare	noun
temperatur	noun
temperaturhöjning	noun
temperaturstegring	noun
temperatursänkning	noun
temperaturökning	noun
tempo	noun
tempolopp	noun
temporallob	noun
temporär	adj
temporärt	adv
tempoväxling	noun
tempus	noun
ten	noun
tendens	noun
tendentiös	adj
tendentiöst	adv
tendera	verb
tenn	noun
tenness	noun
tennis	noun
tennisarm	noun
tennisarmbåge	noun
tennisbana	noun
tennisboll	noun
tennislag	noun
tennismatch	noun
tennisplan	noun
tennisracket	noun
tennisspelare	noun
tennisstadion	noun
tennistränare	noun
tennsoldat	noun
tensor	noun
tensorfält	noun
tensoriell	adj
tensta	name
tentakel	noun
tentakelmonster	noun
tentakelporr	noun
tentamen	noun
teocentrisk	adj
teodor	name
teofobi	noun
teogoni	noun
teokrat	noun
teokrati	noun
teokratisk	adj
teolog	noun
teologi	noun
teologisera	verb
teologisk	adj
teorb	noun
teoretiker	noun
teoretisera	verb
teoretisering	noun
teoretisk	adj
teori	noun
teosofisk	adj
teparty	noun
tepartyrörelse	noun
tepåse	noun
tequila	noun
terapeut	noun
terapeutisk	adj
terapeutiskt	adv
terapi	noun
terapigrupp	noun
terawattimme	noun
terbium	noun
tereksnäppa	noun
terese	name
teresia	name
termbank	noun
termin	noun
terminalglasögon	noun
terminologi	noun
terminologisering	noun
termistor	noun
termit	noun
termodynamik	noun
termoelektricitet	noun
termometer	noun
termonukleär	adj
termos	noun
termosfär	noun
teros	noun
terpentin	noun
terrass	noun
terrassformig	adj
terrester	adj
terrestrisk	adj
terrier	noun
territorialvatten	noun
territoriellt	adv
territorium	noun
terror	noun
terroraktion	noun
terrorangrepp	noun
terrorattack	noun
terrorattentat	noun
terrorbombning	noun
terrorbrott	noun
terrorcell	noun
terrordåd	noun
terrorgrupp	noun
terrorhandling	noun
terrorhot	noun
terrorisera	verb
terroriserande	adj
terrorisering	noun
terrorism	noun
terrorist	noun
terroristangrepp	noun
terroristattack	noun
terroristattentat	noun
terroristbekämpning	noun
terroristbrott	noun
terroristcell	noun
terroristdåd	noun
terroristexpert	noun
terroristgrupp	noun
terroristisk	adj
terroriststämpla	verb
terroriststämpling	noun
terroroffer	noun
terrororganisation	noun
terrorregim	noun
terrorstämpla	verb
terrorstämplad	adj
terrorvälde	noun
terrorvåg	noun
terräng	noun
terrängfordon	noun
terrängförlust	noun
terrängvinst	noun
ters	noun
tes	noun
tesaurering	noun
tesaurus	noun
tesil	noun
tesked	noun
tesla	noun
test	noun
testa	verb
testamente	noun
testamentera	verb
testare	noun
testballong	noun
testdeltagare	noun
testikel	noun
testning	noun
testosteron	noun
testpanel	noun
testuggare	noun
tetanus	noun
tetraeder	noun
tetrahydrocannabinol	noun
tetroxid	noun
teuton	noun
teutonisk	adj
tevagn	noun
tevatten	noun
teve	noun
tex	noun
texas	name
text	noun
text-tv	noun
texta	verb
textblock	noun
textdokument	noun
textformat	noun
textfält	noun
textilier	noun
textilindustri	noun
textilvårdsmaskin	noun
textmarkör	noun
textmeddelande	noun
textram	noun
textäventyr	noun
tf	adj
thaiboxning	noun
thailand	name
thailändare	noun
thailändsk	adj
thailändska	noun
thaimat	noun
thairestaurang	noun
thea	name
themsen	name
theo	name
theodor	name
therese	name
thessalonikerbrev	name
thinner	noun
thobias	name
thomas	name
thomasson	name
thorax	noun
thoraxkirurg	noun
thorbjörn	name
thord	name
thore	name
thriller	noun
thrillerdrama	noun
thunberg	name
thure	name
thymus	noun
thyra	name
thörnqvist	name
tia	noun
tiara	noun
tibast	noun
tibetan	noun
tibetansk	adj
tibetanska	noun
tibro	name
tic	noun
tick	noun
ticka	noun,verb
tickning	noun
tid	noun
tidaholm	name
tidebön	noun
tidegärd	noun
tidelag	noun
tideräkning	noun
tidevarv	noun
tidig	adj
tidighet	noun
tidigt	adv
tidlås	noun
tidlös	adj
tidlöshet	noun
tidlöst	adv
tidning	noun
tidningsanka	noun
tidningsartikel	noun
tidningskorrespondent	noun
tidningsläsare	noun
tidningsman	noun
tidningspapper	noun
tidningsredaktion	noun
tidningsuppgift	noun
tidningsutgivare	noun
tidpunkt	noun
tidsanda	noun
tidsbegränsa	verb
tidsbegränsad	adj
tidsbegränsning	noun
tidsbestämd	adj
tidsdilatation	noun
tidsenlig	adj
tidsfrist	noun
tidsfråga	noun
tidsföljd	noun
tidsfönster	noun
tidsfördriv	noun
tidsgräns	noun
tidshorisont	noun
tidsintervall	noun
tidskapsel	noun
tidskrift	noun
tidskrävande	adj
tidslinje	noun
tidsmaskin	noun
tidsmässig	adj
tidsnöd	noun
tidsoptimist	noun
tidsperiod	noun
tidsplan	noun
tidspress	noun
tidsram	noun
tidsresa	noun
tidsresenär	noun
tidsrymd	noun
tidsschema	noun
tidsskala	noun
tidsskrift	noun
tidstecken	noun
tidszon	noun
tidsålder	noun
tidsödande	adj
tidsöverdrag	noun
tidtabell	noun
tidtagare	noun
tidtagarur	noun
tidvatten	noun
tidvattenkraftverk	noun
tidvattenvåg	noun
tidvis	adv
tifo	noun
tiga	verb
tiger	noun
tigerekonomi	noun
tigerhaj	noun
tigerkaka	noun
tigerräka	noun
tigertrast	noun
tigga	verb
tiggarbrev	noun
tiggare	noun
tiggeri	noun
tigon	noun
tigrinna	noun
tihi	intj
tik	noun
tilda	name
tilde	name
tilja	noun
till	adv,prep
tillaga	verb
tillagning	noun
tillagningskök	noun
tillbaka	adv
tillbakadragen	adj
tillbakadragenhet	noun
tillbakagång	noun
tillbakavisa	verb
tillbe	verb
tillbedjan	noun
tillbedjans	noun
tillbedjansvärd	adj
tillbedjare	noun
tillbehör	noun
tillblivelse	noun
tillbringa	verb
tillbringare	noun
tillbud	noun
tillbörlig	adj
tillbörlighet	noun
tilldela	verb
tilldelning	noun
tillfalla	verb
tillflykt	noun
tillflyktsort	noun
tillflöde	noun
tillfoga	verb
tillfreds	adj
tillfredsställa	verb
tillfredsställande	adj
tillfredsställd	adj
tillfredsställdhet	noun
tillfredsställelse	noun
tillfriskna	verb
tillfråga	verb
tillfrågad	adj
tillfälle	noun
tillfällig	adj
tillfällighet	noun
tillfälligtvis	adv
tillfångata	verb
tillfångatagen	adj
tillföra	verb
tillförlitlig	adj
tillförlitlighet	noun
tillförordna	verb
tillförordnad	adj
tillförsel	noun
tillförsikt	noun
tillförsäkra	verb
tillförsäkran	noun
tillgivenhet	noun
tillgjord	adj
tillgjordhet	noun
tillgodo	adv
tillgodogöra	verb
tillgodose	verb
tillgrepp	noun
tillgreppsbrott	noun
tillgänglig	adj
tillgängliggöra	verb
tillgängliggörande	noun
tillgänglighet	noun
tillgänglighetsinställning	noun
tillgå	verb
tillgång	noun
tillhandahålla	verb
tillhandahållande	noun
tillhopa	adv
tillhygge	noun
tillhåll	noun
tillhöra	verb
tillhörig	adj
tillhörighet	noun
tillika	adv
tillintetgjord	adj
tillintetgöra	verb
tillit	noun
tillitsfull	adj
tillkalla	verb
tillknyckling	noun
tillknäppt	adj
tillkomma	verb
tillkommelse	noun
tillkomst	noun
tillkortakommande	noun
tillkännage	verb
tillkännagivande	noun
tillkännagivelse	noun
tillmäle	noun
tillmäta	verb
tillmötesgå	verb
tillmötesgående	adj,noun
tillnärmelsevis	adv
tillplattad	adj
tillplattning	noun
tillreda	verb
tillrop	noun
tillryggalägga	verb
tillräcklig	adj
tillräcklighet	noun
tillräckligt	adv
tillräknelig	adj
tillräknelighet	noun
tillrättalagd	adj
tillrättavisa	verb
tillrättavisning	noun
tillråda	verb
tillrådlig	adj
tillrådlighet	noun
tills	conj
tillsammans	adv
tillsats	noun
tillse	verb
tillskansa	verb
tillskott	noun
tillskriva	verb
tillskyndare	noun
tillslag	noun
tillsluta	verb
tillstymmelse	noun
tillstyrka	verb
tillstyrkan	noun
tillställning	noun
tillstå	verb
tillstånd	noun
tillståndsansökan	noun
tillståndshavare	noun
tillståndsärende	noun
tillsvidare	adv
tillsvidareanställning	noun
tillsyn	noun
tillsynes	adv
tillsyningsman	noun
tillsynsbesök	noun
tillsynsman	noun
tillsynsmyndighet	noun
tillsynsärende	noun
tillsägelse	noun
tillsätta	verb
tillsättning	noun
tillta	verb
tilltag	noun
tilltagande	adj
tilltagen	adj
tilltagsen	adj
tilltagsenhet	noun
tilltal	noun
tilltala	verb
tilltalad	adj
tilltalande	adj
tilltalsnamn	noun
tilltalsord	noun
tilltro	noun
tillträda	verb
tillträde	noun
tillträdesförbud	noun
tilltufsad	adj
tilltugg	noun
tilltvinga	verb
tilltyga	verb
tilltänkt	adj
tillvara	adv
tillvarata	verb
tillvaratagande	noun
tillvaratagen	adj
tillvaro	noun
tillverka	verb
tillverkare	noun
tillverkning	noun
tillverkningsföretag	noun
tillverkningsnummer	noun
tillverkningsteknik	noun
tillvita	verb
tillvitelse	noun
tillväga	adv
tillvägagångssätt	noun
tillvända	verb
tillväxa	verb
tillväxt	noun
tillväxtekonomi	noun
tillväxttakt	noun
tillväxtökning	noun
tillägg	noun
tillägga	verb
tilläggsavgift	noun
tillägna	verb
tillägnan	noun
tillägnelse	noun
tillämpa	verb
tillämpad	adj
tillämpbar	adj
tillämpbarhet	noun
tillämplig	adj
tillämplighet	noun
tillämpning	noun
tillämpningsföreskrift	noun
tillämpningsområde	noun
tillåta	verb
tillåtelse	noun
tillåten	adj
tillåtlig	adj
tillåtlighet	noun
tillökning	noun
tim	name
timarvode	noun
timbre	noun
time-out	noun
timeout	noun
timglas	noun
timid	adj
timiditet	noun
timjan	noun
timlig	adj
timlön	noun
timme	noun
timmer	noun
timmerflottning	noun
timmerman	noun
timotej	noun
timoteus	name
timotheosbrev	name
timvisare	noun
tina	name,noun,verb
tindra	name,verb
ting	noun
tingeltangel	noun
tingest	noun
tingsfiskal	noun
tingsnotarie	noun
tingsrätt	noun
tinne	noun
tinning	noun
tinninglob	noun
tinnitus	noun
tio	num
tio-i-topp-lista	noun
tiofaldig	adj
tiohundratal	noun
tiokamp	noun
tiokampare	noun
tiokrona	noun
tionde	adj,noun
tiondel	noun
tiotal	noun
tiotals	adv
tiotiden	noun
tiotusen	num
tiotusental	noun
tiotusentals	adv
tioårig	adj
tioåring	noun
tioöring	noun
tipp	noun
tippa	verb
tippex	noun
tippexa	verb
tippning	noun
tipptopp	adj
tips	noun
tipsa	verb
tipsare	noun
tipspromenad	noun
tipsrunda	noun
tirad	noun
tisdag	noun
tisdagskväll	noun
tissel	noun
tissla	verb
tistel	noun
tit	name
tita	noun
titan	name,noun
titel	noun
titelspår	noun
titt	noun
titta	verb
tittare	noun
tittarframgång	noun
tittarpanel	noun
tittarsiffra	noun
titthål	noun
titthålskirurgi	noun
titti	name
tittkö	noun
tittut	intj,noun
titulera	verb
titusbrevet	name
tiveden	name
tivoli	noun
tizian	name
tja	intj
tjafs	noun
tjat	noun
tjata	verb
tjatig	adj
tjatighet	noun
tjatter	noun
tjattra	verb
tjeck	noun
tjeckien	name
tjeckisk	adj
tjeckiska	noun
tjeckoslovak	noun
tjeckoslovakien	name
tjeckoslovakisk	adj
tjejbacill	noun
tjejband	noun
tjejig	adj
tjejtjusare	noun
tjejtokig	adj
tjeka	noun
tjerkess	noun
tjernobyl	name
tjetjen	noun
tjetjenien	name
tjetjensk	adj
tjetjenska	noun
tjock	adj
tjocka	noun
tjockfot	noun
tjockhult	name
tjocklek	noun
tjockna	verb
tjockolja	noun
tjockpannkaka	noun
tjocktarm	noun
tjocktröja	noun
tjoff	noun
tjog	noun
tjogräkning	noun
tjohej	noun
tjoho	intj
tjoller	noun,verb
tjollra	verb
tjuder	noun
tjuga	noun
tjugo	num
tjugoandra	num
tjugoandradel	noun
tjugoen	num
tjugoett	name,num
tjugofem	num
tjugofemte	num
tjugofemtedel	noun
tjugofemöring	noun
tjugofjärde	num
tjugofjärdedel	noun
tjugofyra	num
tjugoförsta	num
tjugoförstadel	noun
tjugohundratal	noun
tjugolapp	noun
tjugonde	num
tjugondedel	noun
tjugondel	noun
tjugonio	num
tjugonionde	num
tjugoniondedel	noun
tjugoniondel	noun
tjugosex	num
tjugosju	num
tjugosjunde	num
tjugosjundedel	noun
tjugosjätte	num
tjugosjättedel	noun
tjugotal	noun
tjugotre	num
tjugotredje	num
tjugotredjedel	noun
tjugotvå	num
tjugoårig	adj
tjugoåring	noun
tjugoåtta	num
tjugoåttonde	num
tjugoåttondedel	noun
tjugoåttondel	noun
tjur	noun
tjura	verb
tjurfäktare	noun
tjurfäktning	noun
tjurfäktningsarena	noun
tjurhuvud	noun
tjurig	adj
tjurighet	noun
tjurrusning	noun
tjurskallig	adj
tjurskalligt	adv
tjusa	verb
tjusig	adj
tjusning	noun
tjut	noun
tjuta	verb
tjuv	noun
tjuvaktig	adj
tjuvaktighet	noun
tjuveri	noun
tjuvfiska	verb
tjuvfiskare	noun
tjuvfiske	noun
tjuvgömmare	noun
tjuvjaga	verb
tjuvjakt	noun
tjuvjägare	noun
tjuvkika	verb
tjuvkoppla	verb
tjuvlarm	noun
tjuvlyssna	verb
tjuvlyssnare	noun
tjuvlyssning	noun
tjuvnyp	noun
tjuvsena	noun
tjuvskjuta	verb
tjuvskytt	noun
tjuvskytte	noun
tjuvstart	noun
tjuvstarta	verb
tjuvsäker	adj
tjuvåkare	noun
tjäder	noun
tjäle	noun
tjälfrusen	adj
tjälknöl	noun
tjäll	noun
tjäna	verb
tjänare	noun
tjänlig	adj
tjänst	noun
tjänsteadel	noun
tjänstefel	noun
tjänsteföretag	noun
tjänsteförslagsnämnd	noun
tjänstekvinna	noun
tjänsteman	noun
tjänstepistol	noun
tjänsteresa	noun
tjänsterum	noun
tjänstesektor	noun
tjänstevapen	noun
tjänstevikt	noun
tjänsteärende	noun
tjänstgöra	verb
tjänstgöring	noun
tjänstledig	adj
tjänstledighet	noun
tjänstvillig	adj
tjänstvillighet	noun
tjära	noun,verb
tjärn	noun
tkr	verb
toalett	noun
toalettborste	noun
toalettpapper	noun
toalettring	noun
toalettrulle	noun
toalettsits	noun
toalettstol	noun
toast	noun
tob	name
tobagier	noun
tobak	noun
tobaksaffär	noun
tobaksautomat	noun
tobaksbagge	noun
tobaksbolag	noun
tobakshandel	noun
tobakshandlare	noun
tobaksindustri	noun
tobakslukt	noun
tobaksmonopol	noun
tobaksodlare	noun
tobaksodling	noun
tobaksplanta	noun
tobaksplantage	noun
tobaksprodukt	noun
tobaksrök	noun
tobaksrökare	noun
tobaksrökning	noun
tobaksskatt	noun
tobbe	name
tobias	name
tobis	noun
tobisgrissla	noun
tobit	name
tocken	pron
toffel	noun
toffeldjur	noun
toffelhjälte	noun
toffla	noun
tofs	noun
tofslunne	noun
tofslärka	noun
tofsmes	noun
tofsvipa	noun
toft	noun
tofu	noun
togo	name
togoles	noun
togolesiska	noun
tok	noun
tokeri	noun
tokhöger	noun
tokig	adj
tokighet	noun
tokrolig	adj
tokrolighet	noun
tokstolle	noun
tokstollig	adj
tokstollighet	noun
tokvänster	noun
tokyo	name
tolerabel	adj
tolerans	noun
tolerant	adj
tolerera	verb
tolererbar	adj
tolfte	num
tolftedel	noun
tolk	noun
tolka	verb
tolkning	noun
tolkningsföreträde	noun
tolkningsutrymme	noun
toltorpsdalen	name
tolv	num
tolva	noun
tolvfingertarm	noun
tolvhundratal	noun
tolvslaget	noun
tolvtiden	noun
tolvårig	adj
tolvåring	noun
tom	adj,name,noun
tomahawk	noun
tomas	name
tomat	noun
tomatsås	noun
tomglas	noun
tomgång	noun
tomhet	noun
tomhylsa	noun
tomhänt	adj
tommy	name
tomrum	noun
tomt	noun
tomta	verb
tomtarm	noun
tomte	noun
tomtebloss	noun
tomtebolycka	noun
tomtefar	noun
tomtegubbe	noun
tomteluva	noun
tomtemor	noun
tomtenisse	noun
ton	noun
tona	verb
tonande	adj
tonart	noun
tonartshöjning	noun
tondöv	adj
tondövhet	noun
tonfall	noun
tonfisk	noun
tonfiskare	noun
tonfiske	noun
tonfisksallad	noun
tonföljd	noun
tonga	name
tongan	noun
tongivande	adj
tongång	noun
tonhöjd	noun
toning	noun
tonläge	noun
tonlös	adj
tonlöshet	noun
tonsill	noun
tonsäker	adj
tonsätta	verb
tonsättare	noun
tonsättning	noun
tonvikt	noun
tonvis	adv
tony	name
tonår	noun
tonårig	adj
tonåring	noun
tonårsabort	noun
tonårsgraviditet	noun
tonårskille	noun
tonårspojke	noun
tonårstjej	noun
topas	noun
topolog	noun
topologi	noun
topologisk	adj
topp	noun
toppa	verb
topphemlig	adj
topphemlighet	noun
toppinkomst	noun
toppkandidat	noun
toppkonsument	noun
toppkvark	noun
topplista	noun
topplock	noun
toppmöte	noun
toppolitiker	noun
topporganisation	noun
toppredning	noun
toppskarv	noun
toppskikt	noun
toppslätskivling	noun
toppuniversitet	noun
tor	name
tora	name,noun
torbjörn	name
tord	name
torde	verb
tordmule	noun
tordyvel	noun
tore	intj,name
torftig	adj
torftighet	noun
torftigt	adv
torg	noun
torgföra	verb
torgils	name
torgmöte	noun
torgny	name
torgskräck	noun
torild	name
torium	noun
torka	noun,verb
torkad	adj
torkare	noun
torkel	name
torkning	noun
torkskåp	noun
torkställning	noun
torktumla	verb
torktumlare	noun
torkvinda	noun
torn	noun
torna	verb
tornado	noun
tornedalen	name
tornedalsfinska	noun
tornering	noun
tornerspel	noun
torneträsk	name
tornfalk	noun
tornister	noun
tornseglare	noun
tornsvala	noun
tornuggla	noun
torp	noun
torpare	noun
torped	noun
torpedera	verb
torr	adj,noun
torrdis	noun
torrdräkt	noun
torrfoder	noun
torrfälla	verb
torrhet	noun
torrhosta	noun,verb
torrklosett	noun
torrlägga	verb
torrläggning	noun
torrsim	noun
torrsimning	noun
torrskaffning	noun
torrskodd	adj
torrt	adv
torrvara	noun
torrvikt	noun
torrögd	adj
torsdag	noun
torsdagskväll	noun
torsion	noun
torsk	noun
torskfiske	noun
torskleverolja	noun
torsten	name
torta	noun
tortera	verb
tortyr	noun
tortyrförbud	noun
tortyrkammare	noun
tortyrmord	noun
tortyroffer	noun
tortyrredskap	noun
torus	noun
torv	noun
torvald	name
torvalds	name
torvbrytning	noun
torvtäkt	noun
tosca	noun
toscabulle	noun
toscakaka	noun
toscapäron	noun
tossda	noun
tota	verb
total	adj
totalbelopp	noun
totalförbud	noun
totalförstöra	verb
totalförsvar	noun
totalitarism	noun
totalitär	adj
totalspråksordbok	noun
totalstopp	noun
totalsumma	noun
totalt	adv
totem	noun
totemistisk	adj
totempåle	noun
tott	noun
touch	noun
toucha	verb
tour	noun
tova	name
tove	name
towern	name
toxicitet	noun
toxikolog	noun
toxikologi	noun
toxikologisk	adj
tp	noun
trackball	noun
tradera	verb
tradition	noun
traditionell	adj
traditionsbunden	adj
traditionsenlig	adj
traditionsenligt	adv
traffickingoffer	noun
trafik	noun
trafikant	noun
trafikera	verb
trafikkon	noun
trafikljus	noun
trafikmärke	noun
trafikolycka	noun
trafikplats	noun
trafikpropp	noun
trafikpulsåder	noun
trafikskola	noun
trafikskylt	noun
trafikstockning	noun
trafikstopp	noun
trafiksäkerhet	noun
trafikutskott	noun
trafikverk	noun
tragedi	noun
tragiker	noun
tragisk	adj
tragiskt	adv
tragöd	noun
trailer	noun
trailerdragare	noun
trakassera	verb
trakasseri	noun
trakt	noun
trakta	verb
traktamente	noun
traktera	verb
traktor	noun
traktorförare	noun
traktör	noun
tralala	intj
tralla	noun,verb
trallpunk	noun
trallvänlig	adj
tramadol	noun
tramp	noun
trampa	noun,verb
trampbil	noun
trampdyna	noun
trampett	noun
trampfartyg	noun
trampmina	noun
trampolin	noun
tramporgel	noun
trams	noun
tramsa	verb
tramsig	adj
tramsigt	adv
trana	noun
tranafton	noun
tranbrev	noun
tranbär	noun
tranchergaffel	noun
tranchering	noun
trandag	noun
tranemo	name
trankilitet	noun
trans	noun
transaktion	noun
transalpin	adj
transalpinsk	adj
transatlantisk	adj
transferera	verb
transferering	noun
transferfönster	noun
transfob	adj,noun
transfobi	noun
transfobisk	adj
transform	noun
transformation	noun
transformator	noun
transformera	verb
transistor	noun
transistorradio	noun
transitiv	adj
transitivitet	noun
transitland	noun
transjö	name
transkonduktans	noun
transkribera	verb
transkribering	noun
transkription	noun
translation	noun
translitteration	noun
translitterera	verb
transman	noun
transmission	noun
transnationell	adj
transparens	noun
transperson	noun
transponat	noun
transponera	verb
transponering	noun
transport	noun
transportera	verb
transportforskning	noun
transportmedel	noun
transportsektor	noun
transportör	noun
transpositionschiffer	noun
transsexualism	noun
transsexuell	adj
transsibirisk	adj
transsubstantiation	noun
transsubstantiationslära	noun
transsubstantiera	verb
transvestism	noun
transvestit	noun
transvård	noun
trapets	noun
trapp	noun
trappa	noun,verb
trappavsats	noun
trappformad	adj
trappformig	adj
trapphus	noun
trapplopp	noun
trapplöp	noun
trappräcke	noun
trappsteg	noun
trappstege	noun
trappstegsformad	adj
trappuppgång	noun
trappuppgångs	noun
traryd	name
trasa	noun,verb
trasdocka	noun
trashank	noun
trasig	adj
trasighet	noun
trasmatta	noun
trassat	noun
trassel	noun
trassent	noun
trassera	verb
trassering	noun
trassla	verb
trasslig	adj
trasslighet	noun
trast	noun
trastsångare	noun
tratt	noun
trattformad	adj
trattformig	adj
trattkantarell	noun
trattprick	noun
trauma	noun
traumatisera	verb
traumatisk	adj
trav	noun
trava	verb
travare	noun
travbana	noun
trave	noun
travestera	verb
travesti	noun
travsport	noun
tre	num
trea	noun
trebent	adj
tredeciljon	num
tredje	num
tredjedel	noun
tredjegradsekvation	noun
tredjegradsfunktion	noun
tredjeland	noun
tredjepristagare	noun
tredskodom	noun
tredubbla	verb
tredubbling	noun
treenig	adj
treenighet	noun
treenighetslära	noun
trefaldig	adj
trefaldighet	noun
trefaldighetskälla	noun
trefalt	adv
trefot	noun
trehjuling	noun
trehundra	num
trehundratal	noun
trehövdad	adj
trekant	noun
trekantig	adj
trekvart	noun
trelleborg	name
trend	noun
trendanalytiker	noun
trendig	adj
trendighet	noun
trendigt	adv
trendkänslig	adj
trendkänslighet	noun
trendmakare	noun
trendsetter	noun
trendsättande	adj
trendsättare	noun
treonin	noun
tresetsmatch	noun
treskeppig	adj
treskift	noun
treskiftsarbetare	noun
trespråkig	adj
tresteg	noun
trestegshopp	noun
trestegshoppare	noun
trestjärnig	adj
tretakt	noun
tretal	noun
tretiden	noun
trettio	num
trettioen	num
trettioett	num
trettiofem	num
trettiofyra	num
trettioförsta	num
trettionde	num
trettiondedel	noun
trettiondel	noun
trettionio	num
trettiosex	num
trettiosju	num
trettiotal	noun
trettiotre	num
trettiotvå	num
trettioårig	adj
trettioåring	noun
trettioåtta	num
tretton	num
trettondag	noun
trettondagsafton	noun
trettonde	num
trettondedel	noun
trettondel	noun
trettonhundratal	noun
trettonårig	adj
trettonåring	noun
tretusen	num
treudd	noun
treva	verb
trevande	adj
treven	adj
trevlig	adj
trevlighet	noun
trevligt	adv
trevnad	noun
treårig	adj
triage	noun
triagera	verb
triangel	noun
triangeldrama	noun
triathlon	noun
triatlet	noun
tribun	noun
tribunal	noun
tridentinsk	adj
trigonometri	noun
trigonometrisk	adj
trikå	noun
triljard	num
triljon	num
trilla	noun,verb
trilling	noun
trilsk	adj
trilskas	verb
trilskhet	noun
trimester	noun
trimma	verb
trimmer	noun
trimning	noun
trind	adj
trinidadier	noun
trinitarie	noun
trinitarisk	adj
triod	noun
triplan	noun
tripp	noun
trippa	verb
trippelfel	noun
trippelmord	noun
trippelpunkt	noun
trippelvaccin	noun
trippmätare	noun
triptyk	noun
triss	noun
trissa	noun,verb
trist	adj
tristess	noun
triteism	noun
triumf	noun
triumfator	noun
triumfatorisk	adj
triumfbåge	noun
triumfera	verb
triumferande	adv
triumvirat	noun
trivas	verb
trivial	adj
trivialisera	verb
trivialisering	noun
trivialitet	noun
triviallitteratur	noun
trivialnamn	noun
trivialt	adv
trivsam	adj
trivsel	noun
tro	noun,verb
troende	adj,noun
troendedop	noun
trofast	adj
trofasthet	noun
trogen	adj
trohet	noun
trohetsed	noun
trohjärtad	adj
trohjärtenhet	noun
trojaborg	noun
trolig	adj
troligen	adv
troligtvis	adv
troll	noun
trolla	verb
trollbinda	verb
trollbälte	noun
trolldom	noun
trolldruva	noun
trolldryck	noun
trolleri	noun
trolleriföreställning	noun
trolleriknep	noun
trolleritrick	noun
trollfabrik	noun
trollformel	noun
trollgröt	noun
trollhare	noun
trollhättan	name
trollkarl	noun
trollkonst	noun
trollkonstnär	noun
trollkunnig	adj
trollmos	noun
trollpacka	noun
trollruna	noun
trollslända	noun
trollspö	noun
trollstav	noun
trolova	verb
trolovning	noun
trolsk	adj
trolös	adj
trolöshet	noun
tromb	noun
trombocyt	noun
trombon	noun
trombonist	noun
trombos	noun
tron	noun
trona	noun,verb
tronarvinge	noun
tronavsägelse	noun
tronföljare	noun
tronföljd	noun
tronföljdskrig	noun
tronsal	noun
tropik	noun
tropikhjälm	noun
tropisk	adj
tropiskt	adv
tropologiskt	adv
tropopaus	noun
troposfär	noun
trosa	noun
trosbekännelse	noun
trosfrihet	noun
tross	noun
trossamfund	noun
trossats	noun
trosslagen	adj
trossystem	noun
trosuppfattning	noun
trotjänare	noun
trots	noun,prep
trotsa	verb
trotsad	adj
trotsig	adj
trotsighet	noun
trotskism	noun
trotskist	noun
trotskistisk	adj
trottoar	noun
trovärdig	adj
trovärdighet	noun
trubadur	noun
trubba	verb
trubbig	adj
trubbighet	noun
trubbnäsa	noun
trubbnäst	adj
truck	noun
truga	noun,verb
trula	verb
trulig	adj
trulighet	noun
truls	name
trumbroms	noun
trumeld	noun
trumfa	verb
trumhinna	noun
trumhåla	noun
trumhålesträng	noun
trumma	noun,verb
trummaskin	noun
trumpen	adj
trumpenhet	noun
trumpet	noun
trumpeta	verb
trumpetare	noun
trumpetstek	noun
trumpetstöt	noun
trumpinne	noun
trumpinnefingrar	noun
trumset	noun
trumskinn	noun
trumslag	noun
trumslagare	noun
trumslagarpojke	noun
trumsolo	noun
trumstock	noun
trumvirvel	noun
trunkera	verb
trunkering	noun
trupp	noun
truppgymnastik	noun
trut	noun
tryck	noun
trycka	verb
tryckande	adj
tryckare	noun
tryckbehållare	noun
tryckeri	noun
tryckfall	noun
tryckfallssjuka	noun
tryckfel	noun
tryckfelsnisse	noun
tryckfrihet	noun
tryckfrihetsförordning	noun
tryckkabin	noun
tryckkammare	noun
tryckknapp	noun
tryckkokare	noun
tryckkärl	noun
tryckluft	noun
tryckmätare	noun
tryckning	noun
tryckstång	noun
tryckt	adj
tryckvattenreaktor	noun
tryckvåg	noun
tryffel	noun
tryffelhund	noun
tryffelolja	noun
tryga	noun
trygg	adj
trygga	verb
trygghet	noun
trygghetskänsla	noun
trygghetssystem	noun
tryggve	name
trymå	noun
tryne	noun
trypofobi	noun
trypofobisk	adj
tryptofan	noun
tryta	verb
trä	noun,verb
träaktig	adj
träaktighet	noun
träbit	noun
träblåsare	noun
träblåsinstrument	noun
träbåt	noun
träck	noun
träd	noun
träda	noun,verb
träddiagram	noun
trädgren	noun
trädgräns	noun
trädgård	noun
trädgårdsdräng	noun
trädgårdsland	noun
trädgårdsmästare	noun
trädgårdssax	noun
trädgårdsskötsel	noun
trädgårdsslang	noun
trädgårdsstad	noun
trädgårdssångare	noun
trädgårdstomte	noun
trädgårdsträdkrypare	noun
trädkoja	noun
trädkramare	noun
trädkrona	noun
trädkrypare	noun
trädlik	adj
trädlärka	noun
trädmås	noun
trädpiplärka	noun
trädslag	noun
trädstam	noun
trädstubbe	noun
trädtopp	noun
trädörr	noun
träfartyg	noun
träff	noun
träffa	verb
träffande	adj
träffas	verb
träffsäker	adj
träffsäkerhet	noun
träffsäkert	adv
träflis	noun
trägen	adj
trägenhet	noun
trägubbe	noun
trähus	noun
träig	adj
träighet	noun
träklot	noun
träkol	noun
träkyrka	noun
träl	noun
träla	verb
trälaktig	adj
träldom	noun
trälgöra	noun
trälåda	noun
trämassa	noun
träna	verb
tränad	adj
tränare	noun
träng	noun
tränga	verb
trängd	adj
trängsel	noun
trängselskatt	noun
trängta	verb
trängtan	noun
träning	noun
träningsbana	noun
träningsläger	noun
träningsmatch	noun
träningsnarkoman	noun
träningsnarkomani	noun
träningsoverall	noun
träningsvärk	noun
träningsåk	noun
träpåle	noun
träsk	noun
träskartad	adj
träskig	adj
träskjul	noun
träsko	noun
träskonäbb	noun
träsksångare	noun
träskål	noun
träslev	noun
träsmak	noun
träsnidare	noun
träsnitt	noun
träsprit	noun
trästolpe	noun
trästycke	noun
träsvärd	noun
träta	noun,verb
trätallrik	noun
trätgirig	adj
trätgirighet	noun
trätlysten	adj
trätlystnad	noun
trävara	noun
trävaruindustri	noun
tråd	noun
trådbuss	noun
tråddragare	noun
trådformig	adj
trådig	adj
trådighet	noun
trådlik	adj
trådlös	adj
trådsmal	adj
trådstartare	noun
trådutlösare	noun
tråg	noun
tråka	verb
tråkig	adj
tråkighet	noun
trål	noun
tråla	verb
trålare	noun
trålfiskare	noun
trålfiske	noun
trålgräns	noun
trållina	noun
trålning	noun
trålvajer	noun
tråna	verb
trång	adj
trångbodd	adj
trångboddhet	noun
trångbröstad	adj
trånghet	noun
trångmål	noun
trångsynt	adj
trångsynthet	noun
trög	adj
trögflytande	adj
tröghet	noun
trögkrypare	noun
trögtänkt	adj
trögtänkthet	noun
tröja	noun
tröska	noun,verb
tröskel	noun
tröskelvärde	noun
tröskverk	noun
tröst	noun
trösta	verb
tröstefull	adj
trösterik	adj
tröstlös	adj
tröstlöshet	noun
tröstmål	noun
tröstpris	noun
tröstäta	verb
trött	adj
trötta	verb
trötthet	noun
trötthetssyndrom	noun
trötthetstecken	noun
tröttna	verb
tröttsam	adj
tröttsamhet	noun
tröttsamt	adv
tröttögd	adj
ts	noun
tsar	noun
tsardöme	noun
tsarinna	noun
tsaritsa	noun
tsm	adv
tsunami	noun
tsunamivarning	noun
tsunamivåg	noun
tuareg	noun
tub	noun
tubaist	noun
tuberkulos	noun
tubkikare	noun
tubsocka	noun
tudela	verb
tudelad	adj
tudelning	noun
tuff	noun
tuffa	verb
tufsa	verb
tugg	noun
tugga	noun,verb
tuggmotstånd	noun
tuggning	noun
tuggtobak	noun
tuggummi	noun
tukan	noun
tukta	verb
tuktan	noun
tukthus	noun
tulium	noun
tulkört	noun
tull	noun
tulla	verb
tullare	noun
tullavtal	noun
tullfri	adj
tullhus	noun
tulltjänsteman	noun
tulta	noun,verb
tum	noun
tumavtryck	noun
tumba	name
tumla	verb
tumlare	noun
tumma	verb
tumme	noun
tumnagel	noun
tumregel	noun
tumsbredd	noun
tumskruv	noun
tumstock	noun
tumstockars	noun
tumult	noun
tumultartad	adj
tumultuarisk	adj
tumultuariskt	adv
tumvante	noun
tumör	noun
tun	noun
tunberg	name
tundra	noun
tundrapiplärka	noun
tundrasnäppa	noun
tundrasparv	noun
tundrasädgäss	noun
tundrasädgås	noun
tundravarg	noun
tung	adj
tunga	noun
tungel	name
tungelfelt	name
tunghäfta	noun
tungkyss	noun
tungomål	noun
tungomålstalande	noun
tungotal	noun
tungsinne	noun
tungsint	adj
tungsinthet	noun
tungspatel	noun
tungspene	noun
tungspets	noun
tungvattenreaktor	noun
tungvikt	noun
tungviktare	noun
tungviktsboxare	noun
tungviktsboxning	noun
tungviktsmästare	noun
tungviktsmöte	noun
tungvrickare	noun
tunis	name
tunisien	name
tunisier	noun
tunisiska	noun
tunn	adj
tunna	noun,verb
tunnbindare	noun
tunnbröd	noun
tunnbrödsrulle	noun
tunnel	noun
tunnelbana	noun
tunnelbanelinje	noun
tunnelbanenedgång	noun
tunnelbanenät	noun
tunnelbanestation	noun
tunnelbanetåg	noun
tunnelbanevagn	noun
tunnelseende	noun
tunnhet	noun
tunnhårig	adj
tunnla	verb
tunnlad	adj
tunnland	noun
tunnstav	noun
tunnsådd	adj
tunntarm	noun
tunnvalv	noun
tupel	noun
tupp	noun
tuppa	verb
tuppfjät	noun
tuppfäktning	noun
tuppkam	noun
tupplur	noun
tur	noun
tura	verb
turas	verb
turban	noun
turbin	noun
turbo	noun
turbodosa	noun
turbojetmotor	noun
turbulens	noun
turbulent	adj
ture	name
turin	name
turism	noun
turist	noun
turista	verb
turistfälla	noun
turistindustri	noun
turistintäkt	noun
turistisk	adj
turistort	noun
turistström	noun
turk	noun
turkcypriot	noun
turkcypriotisk	adj
turkduva	noun
turkestan	name
turkestantörnskata	noun
turkfolk	noun
turkiet	name
turkisk	adj
turkiska	noun
turkmen	noun
turkmenistan	name
turkmenistanier	noun
turkos	adj,noun
turkosfärgad	adj
turkosgrön	adj
turksadel	noun
turkspråk	noun
turlig	adj
turnera	verb
turnering	noun
turneringsseger	noun
tursam	adj
turturduva	noun
tusan	intj
tusby	name
tusch	noun
tuscha	verb
tuschpenna	noun
tusen	num
tusenfoting	noun
tusenkonstnär	noun
tusenlapp	noun
tusensköna	noun
tusental	noun
tusentals	adv
tusenårig	adj
tusenårsrike	noun
tusing	noun
tuss	noun
tussilago	noun
tut	intj,noun
tuta	noun,verb
tutaryd	name
tutt	noun
tutta	verb
tutti	noun
tutu	noun
tuva	name,noun
tuvalu	name
tuvsnäppa	noun
tv	noun
tv-arkiv	noun
tv-kanal	noun
tv-program	noun
tv-programledare	noun
tv-serie	noun
tv-spel	noun
tvagning	noun
tvedräkt	noun
tveeggad	adj
tvegifte	noun
tvehågsen	adj
tvehågsenhet	noun
tvehövdad	adj
tveka	verb
tvekamp	noun
tvekan	noun
tvekluven	adj
tvekluvenhet	noun
tveklös	adj
tveklöshet	noun
tveklöst	adv
tveksam	adj
tveksamhet	noun
tversk	adj
tvestjärt	noun
tvetydig	adj
tvetydighet	noun
tvetydigt	adv
tvi	intj
tvilling	name,noun
tvillingarna	name
tvillingbror	noun
tvillingflicka	noun
tvillinggraviditet	noun
tvillingpar	noun
tvillingpojke	noun
tvillingskap	noun
tvillingstjärna	noun
tvillingsyster	noun
tvina	verb
tving	noun
tvinga	verb
tvinna	verb
tvist	noun
tvista	verb
tvistefråga	noun
tvistefrö	noun
tvistemål	noun
tvistepunkt	noun
tvisteämne	noun
tvistig	adj
tvistighet	noun
tvivel	noun
tvivelaktig	adj
tvivelaktighet	noun
tvivelsam	adj
tvivelsmål	noun
tvivelsutan	adv
tvivla	verb
tvivlare	noun
tvungen	adj
tvär	adj
tvärbalk	noun
tvärbjälke	noun
tvärbrant	adj
tvärbromsa	verb
tvärbromsning	noun
tvären	noun
tvärflöjt	noun
tvärhand	noun
tvärhet	noun
tvärhus	noun
tvärkast	noun
tvärs	adv
tvärskepp	noun
tvärskepps	adv
tvärskuren	adj
tvärslå	noun
tvärsnitt	noun
tvärsnittsstudie	noun
tvärspråklig	adj
tvärstopp	noun
tvärstup	noun
tvärsäker	adj
tvärsäkert	adv
tvärt	adv
tvärtemot	adv,prep
tvärtom	adv
tvärutskott	noun
tvärvetenskaplig	adj
tvärvigg	noun
tvärvända	verb
tvätt	noun
tvätta	verb
tvättbarhet	noun
tvättbjörn	noun
tvättbräda	noun
tvätterska	noun
tvättfat	noun
tvättinrättning	noun
tvättklämma	noun
tvättkorg	noun
tvättlina	noun
tvättmaskin	noun
tvättmedel	noun
tvättning	noun
tvättnota	noun
tvättpelare	noun
tvättpulver	noun
tvättstuga	noun
tvättställ	noun
tvättställning	noun
tvättsvamp	noun
tvättäkta	adj
två	num,verb
tvåa	noun
tvåbent	adj
tvådelad	adj
tvåfaldig	adj
tvåflodslandet	name
tvåfoting	noun
tvåfrontskrig	noun
tvåhjuling	noun
tvåhundra	num
tvåhundralapp	noun
tvåhundratal	noun
tvåhundring	noun
tvåhövdad	adj
tvåkrona	noun
tvål	noun
tvåla	verb
tvålfager	adj
tvålfat	noun
tvållödder	noun
tvålning	noun
tvång	noun
tvångsarbete	noun
tvångsarbetsläger	noun
tvångsförflytta	verb
tvångsförflyttning	noun
tvångsgifte	noun
tvångshandling	noun
tvångslärd	adj
tvångsmata	verb
tvångsmatning	noun
tvångsmedel	noun
tvångsmässig	adj
tvångsmässighet	noun
tvångssterilisera	verb
tvångssterilisering	noun
tvångssvenska	noun
tvångssyndrom	noun
tvångstanke	noun
tvångströja	noun
tvångsvård	noun
tvångsäktenskap	noun
tvångsåtgärd	noun
tvåpar	noun
tvåsam	adj
tvåsamhet	noun
tvåskeppig	adj
tvåspråkig	adj
tvåspråkighet	noun
tvåstatslösning	noun
tvåstavig	adj
tvåstjärnig	adj
tvåtaktare	noun
tvåtaktig	adj
tvåtaktsmotor	noun
tvåtiden	noun
tvåtusental	noun
tvåvinge	noun
tvåäggstvilling	noun
tvåårig	adj
tvååring	noun
tvåöring	noun
tweet	noun
twittra	verb
ty	verb
tycka	verb
tyckare	noun
tycke	noun
tyckmycken	adj
tyda	verb
tydlig	adj
tydligen	adv
tydliggöra	verb
tydlighet	noun
tyfoidfeber	noun
tyfon	noun
tyfusepidemi	noun
tyg	noun
tygel	noun
tygellös	adj
tygellöshet	noun
tygelmes	noun
tygeltärna	noun
tyghandlare	noun
tygkasse	noun
tygla	verb
tygpåse	noun
tygstycke	noun
tyken	adj
tykobrahedag	noun
tyll	noun
tylöskog	name
tympanon	noun
tyna	verb
tynga	verb
tyngd	adj,noun
tyngdkraft	noun
tyngdlag	noun
tyngdlyftare	noun
tyngdlyftning	noun
tyngdlös	adj
tyngdlöshet	noun
tyngdpunkt	noun
typ	noun
typisk	adj
typiskhet	noun
typografi	noun
typsnitt	noun
typvärde	noun
tyr	name
tyra	name
tyrann	noun
tyranni	noun
tyrannisera	verb
tyrannisk	adj
tyrannvälde	noun
tyresö	name
tyristor	noun
tyrosin	noun
tysk	adj,noun
tyska	noun
tyskeri	noun
tyskhet	noun
tyskland	name
tysklönn	noun
tyskspråkig	adj
tysktalande	adj
tyst	adj,adv,intj
tysta	verb
tysthet	noun
tysthetslöfte	noun
tystlåten	adj
tystlåtenhet	noun
tystna	verb
tystnad	noun
tystnadskultur	noun
tystnadsplikt	noun
tyvär	adv,intj
tyvärr	adv,intj
tzatziki	noun
täby	name
täcka	verb
täcke	noun
täckelse	noun
täckmantel	noun
täcknamn	noun
täckning	noun
täckorganisation	noun
täckstift	noun
täkt	noun
tälja	verb
täljare	noun
tält	noun
tälta	verb
tältläger	noun
tältsäng	noun
tämja	verb
tämjbar	adj
tämjbarhet	noun
tämjning	noun
tämligen	adv
tänd	adj
tända	verb
tändare	noun
tändhatt	noun
tändlåga	noun
tändning	noun
tändningsnyckel	noun
tändsticka	noun
tändsticksask	noun
tändstift	noun
tändvätska	noun
tänja	verb
tänjbar	adj
tänjbarhet	noun
tänjning	noun
tänk	intj
tänka	verb
tänkande	noun
tänkare	noun
tänkbar	adj
tänkesätt	noun
tänkt	adj
tänkvärd	adj
täppa	noun,verb
tära	verb
tärna	noun,verb
tärning	noun
tärningsbägare	noun
tärningskast	noun
tärnmås	noun
tät	adj,noun
täta	verb
tätbebyggelse	noun
tätbefolkad	adj
täthet	noun
tätklunga	noun
tätna	verb
tätort	noun
tätt	adv
tätting	noun
tävla	verb
tävlan	noun
tävlande	noun
tävlans	noun
tävlare	noun
tävling	noun
tävlingsbana	noun
tävlingsdeltagare	noun
tävlingsdomare	noun
tävlingsförbud	noun
tävlingsjury	noun
tävlingsledare	noun
tävlingssegling	noun
tå	noun
tåflört	noun
tåflörta	verb
tåg	noun
tåga	noun,verb
tågbiljett	noun
tågbyte	noun
tågfärja	noun
tågfönster	noun
tågklarerare	noun
tågluff	noun
tågluffa	verb
tågolycka	noun
tågpersonal	noun
tågresa	noun
tågstation	noun
tågsätt	noun
tågtrafik	noun
tågtunnel	noun
tågurspårning	noun
tågvagn	noun
tågvarning	noun
tågvirke	noun
tågvärd	noun
tågångare	noun
tåla	verb
tålamod	noun
tålig	adj
tålighet	noun
tålmodig	adj
tålmodighet	noun
tåls	noun
tånagel	noun
tång	noun
tångkrabba	noun
tångräka	noun
tår	noun
tåra	verb
tåras	verb
tårdrypande	adj
tåredal	noun
tårfylld	adj
tårgas	noun
tårkörtel	noun
tårmild	adj
tårta	noun,verb
tårtbit	noun
tårtfat	noun
tårtspade	noun
tårögd	adj
tåspets	noun
tåspetsgångare	noun
tåt	noun
tö	noun
töa	verb
töcken	noun
töja	verb
töjbar	adj
töjbarhet	noun
töjning	noun
tölp	noun
tölpaktig	adj
tölpaktighet	noun
tölpig	adj
tölpighet	noun
tölt	noun
tölta	verb
töm	noun
tömlycka	noun
tömma	verb
tömning	noun
tönt	noun
töntig	adj
töntighet	noun
töntigt	adv
töras	verb
töre	noun
törel	noun
törn	noun
törna	verb
törnbuske	noun
törne	noun
törnekrans	noun
törnekrona	noun
törnekröna	verb
törnros	noun
törnrosa	name
törnrosasömn	noun
törnskata	noun
törnsångare	noun
törst	noun
törsta	verb
törstig	adj
törstsläckare	noun
tösnö	noun
töva	verb
töväder	noun
u	character
u-sväng	noun
ubikvitet	noun
ubåt	noun
ud	noun
udd	noun
udda	adj
uddamål	noun
uddamålsförlust	noun
uddamålsseger	noun
uddatåig	adj
udde	noun
uddevalla	name
uddjaure	name
uddrim	noun
uefa	name
uer	noun
uffe	name
ufo	noun
uganda	name
ugandier	noun
uggla	noun
ugn	noun
ugnsbaka	verb
ugnsform	noun
ugnsgrädda	verb
ugnspannkaka	noun
ugnsplåt	noun
ugnssteka	verb
ugnssäker	adj
uigur	noun
uigurisk	adj
uiguriska	noun
ukas	noun
ukraina	name
ukrainare	noun
ukrainsk	adj
ukrainska	noun
ukulele	noun
ulcerös	adj
uleåborg	name
ulf	name
ull	noun
ulla	name
ullhandskrabba	noun
ullhårig	adj
ullig	adj
ullighet	noun
ullångersfjärden	name
ulrica	name
ulrik	name
ulrika	name
ultimatum	noun
ultrakonservativ	adj
ultraljud	noun
ultraljudsbondning	noun
ultraljudsundersökning	noun
ultramarin	adj,noun
ultranationalistisk	adj
ultraortodox	adj
ultraradikal	adj,noun
ultrastruktur	noun
ultraviolett	adj
ulysses	name
umami	noun
umbrien	name
umbrisk	adj
umbära	verb
umbärande	noun
umbärlig	adj
umbärlighet	noun
umeå	name
umgänge	noun
umgängeskrets	noun
umgängsam	adj
umgås	verb
unbibium	noun
unbiennium	noun
unbihexium	noun
unbikvadium	noun
unbinilium	noun
unbioktium	noun
unbipentium	noun
unbiseptium	noun
unbitrium	noun
unbiunium	noun
undan	adv
undanbe	verb
undandra	verb
undanflykt	noun
undangömd	adj
undanhålla	verb
undanröja	verb
undanröjning	noun
undanskymd	adj
undanstökad	adj
undanta	verb
undantag	noun
undantagen	adj
undantagsfall	noun
undantagslös	adj
undantagslöshet	noun
undantagsregel	noun
undantagstillstånd	noun
undantagsvis	adv
undeciljon	num
unden	name
under	noun,prep
underarm	noun
underavdelning	noun
underbar	adj
underbarn	noun
underbart	adv
underbefolkad	adj
underbemannad	adj
underbemanning	noun
underben	noun
underbetala	verb
underbett	noun
underblåsa	verb
underblåst	adj
underbygga	verb
underdel	noun
underdiffusion	noun
underdog	noun
underdomstol	noun
underdrift	noun
underdånig	adj
underdånighet	noun
underetsning	noun
underfund	adv
underfundig	adj
underförstådd	adj
undergiven	adj
undergivenhet	noun
undergrupp	noun
undergräva	verb
undergång	noun
undergörare	noun
underhandlare	noun
underhud	noun
underhudsfett	noun
underhuggare	noun
underhus	noun
underhåll	noun
underhålla	verb
underhållare	noun
underhållning	noun
underhållningsindustri	noun
underhållningsprogram	noun
underhållningsvåld	noun
underhållsarbete	noun
underhållsbidrag	noun
underhållskostnad	noun
underhållsskyldig	adj
underhållsskyldighet	noun
underifrån	adv,prep
underinstans	noun
underjag	noun
underjordisk	adj
underkant	noun
underkasta	verb
underkastelse	noun
underklass	noun
underkläder	noun
underklänning	noun
underkuva	verb
underkyld	adj
underkylning	noun
underkäke	noun
underkänd	adj
underkänna	verb
underlag	noun
underlakan	noun
underland	noun
underleverantör	noun
underlig	adj
underliggande	adj
underlighet	noun
underligt	adv
underliv	noun
underljudshastighet	noun
underlydande	noun
underläge	noun
underlägg	noun
underlägsen	adj
underlägsenhet	noun
underlätta	verb
underlåta	verb
underlåtelse	noun
underlåtenhet	noun
underlåtenhetssynd	noun
undermedvetande	noun
undermedveten	adj
undermedvetet	adv
undermening	noun
undermeny	noun
underminera	verb
undermänniska	noun
undermålig	adj
undermålighet	noun
undernärd	adj
undernäring	noun
underordna	verb
underordnad	adj
underordning	noun
underpant	noun
underplagg	noun
underprestera	verb
underreaktion	noun
underrede	noun
underrepresenterad	adj
underrubrik	noun
underrätt	noun
underrätta	verb
underrättad	adj
underrättelse	noun
underrättelseofficer	noun
underrättelsetjänst	noun
underrättelseverksamhet	noun
undersam	adj
undersida	noun
underskatta	verb
underskattad	adj
underskattning	noun
underskott	noun
underskrift	noun
underskriven	adj
underskön	adj
underskönt	adv
undersköterska	noun
underst	adv
understa	adj
understiga	verb
understimulerad	adj
understreckare	noun
understryka	verb
understundom	adv
underställ	noun
understå	verb
understöd	noun
understödja	verb
understödstagare	noun
undersätsig	adj
undersöka	verb
undersökning	noun
undersökningstillstånd	noun
undersökt	adj
underteckna	verb
undertecknad	pron
undertitel	noun
underton	noun
undertryck	noun
undertrycka	verb
undertröja	noun
underutnyttja	verb
underutnyttjande	noun
underutskott	noun
underutvecklad	adj
undervattensbåt	noun
undervattenskabel	noun
underverk	noun
undervikt	noun
underviktig	adj
undervisa	verb
undervisning	noun
undervisningsanstalt	noun
undervärdera	verb
undervärdering	noun
underårig	adj
undfallande	adj
undfallenhet	noun
undfly	verb
undfägna	verb
undfå	verb
undgå	verb
undinism	noun
undkomma	verb
undra	verb
undran	noun
undre	adj
undslippa	verb
undsätta	verb
undsättning	noun
undulat	noun
undvara	verb
undvika	verb
undviklig	adj
ung	adj
ungdom	noun
ungdomlig	adj
ungdomlighet	noun
ungdommar	noun
ungdommarna	noun
ungdomsarbetslöshet	noun
ungdomsbok	noun
ungdomsfylleri	noun
ungdomsfängelse	noun
ungdomsförbund	noun
ungdomsförening	noun
ungdomsförfattare	noun
ungdomsgrupp	noun
ungdomsgård	noun
ungdomsklubb	noun
ungdomslag	noun
ungdomslitteratur	noun
ungdomsläger	noun
ungdomsorganisation	noun
ungdomspsykiatrisk	adj
ungdomsroman	noun
ungdomsturnering	noun
ungdomsvård	noun
unge	noun
ungefär	adv
ungefärlig	adj
ungefärligen	adv
ungern	name
ungersk	adj
ungerska	noun
ungkarl	noun
ungkarlsblomma	noun
ungmö	noun
ungrare	noun
ungtupp	noun
unicitet	noun
unifiering	noun
uniform	noun
uniformitet	noun
uniformsklädd	adj
unik	adj
unikhet	noun
unilateral	adj
union	noun
unionsrätt	noun
unionsrättsakt	noun
unison	adj
unitarie	noun
unitarisk	adj
unitarism	noun
universalarvinge	noun
universalitet	noun
universell	adj
universitet	noun
universitetsadjunkt	noun
universitetslektor	noun
universitetsområde	noun
universitetsrektor	noun
universitetssjukhus	noun
universum	noun
unken	adj
unkenhet	noun
unket	adv
unkvadbium	noun
unkvadkvadium	noun
unkvadnilium	noun
unkvadpentium	noun
unkvadtrium	noun
unkvadunium	noun
unna	verb
uno	name
uns	noun
untribium	noun
untriennium	noun
untrihexium	noun
untrikvadium	noun
untrinilium	noun
untrioktium	noun
untripentium	noun
untriseptium	noun
untritrium	noun
untriunium	noun
ununennium	noun
unär	adj
upp	adv,name
upparbeta	verb
upparbetning	noun
uppbjuda	verb
uppblåsbar	adj
uppblåst	adj
uppblåsthet	noun
uppbrott	noun
uppbrottsstämning	noun
uppbruten	adj
uppburen	adj
uppbygga	verb
uppbyggd	adj
uppbygglig	adj
uppbyggnad	noun
uppbära	verb
uppbåd	noun
uppbåda	verb
uppdaga	verb
uppdatera	verb
uppdaterad	adj
uppdatering	noun
uppdela	verb
uppdelbar	adj
uppdelning	noun
uppdikta	verb
uppdiktad	adj
uppdrag	noun
uppdragsgivare	noun
uppdriven	adj
uppe	adv
uppehälle	noun
uppehåll	noun
uppehålla	verb
uppehållstillstånd	noun
uppemot	adv
uppenbar	adj
uppenbara	verb
uppenbarelse	noun
uppenbarelseboken	name
uppenbarligen	adv
uppenbart	adv
uppercut	noun
uppesittarkväll	noun
uppfart	noun
uppfatta	verb
uppfattat	intj
uppfattbar	adj
uppfattning	noun
uppfinna	verb
uppfinnare	noun
uppfinning	noun
uppfinningsrik	adj
uppfinningsrikedom	noun
uppflugen	adj
uppfostra	verb
uppfostran	noun
uppfostring	noun
uppfriskande	adj
uppfylla	verb
uppfyllande	adj
uppfyllelse	noun
uppföda	verb
uppfödare	noun
uppfödning	noun
uppfölja	verb
uppföljare	noun
uppföljning	noun
uppför	adv
uppföra	verb
uppförande	noun
uppförandekod	noun
uppförsbacke	noun
uppge	verb
uppgift	noun
uppgiftslämnare	noun
uppgiven	adj
uppgivenhet	noun
uppgivenhetssyndrom	noun
uppgradera	verb
uppgradering	noun
uppgrävd	adj
uppgå	verb
uppgång	noun
uppgörelse	noun
upphandla	verb
upphandling	noun
upphetsa	verb
upphetsad	adj
upphetsning	noun
upphettning	noun
upphitta	verb
upphittare	noun
upphov	noun
upphovsmakare	noun
upphovsman	noun
upphovsrätt	noun
upphovsrättsbrott	noun
upphovsrättsintrång	noun
upphovsrättslig	adj
upphällningen	noun
upphämtning	noun
upphängning	noun
upphäva	verb
upphävande	noun
upphöja	verb
upphöjd	adj
upphöjdhet	noun
upphöjelse	noun
upphöjning	noun
upphöra	verb
uppifrån	adv,prep
uppiggande	adj
uppjagad	adj
uppkalla	verb
uppkomling	noun
uppkomma	verb
uppkomst	noun
uppkopplad	adj
uppkoppling	noun
uppkvark	noun
uppkäftig	adj
uppkäftighet	noun
uppköp	noun
uppkörning	noun
uppladdad	adj
upplag	noun
upplaga	noun
uppland	name
upplands-bro	name
uppleva	verb
upplevelse	noun
upplivning	noun
upplivningsförsök	noun
upplopp	noun
upploppsmakare	noun
uppluckring	noun
upplupen	adj
upplysa	verb
upplysning	noun
upplysningsfilosof	noun
upplysningsfilosofi	noun
upplysningsvis	adv
upplägg	noun
uppläsare	noun
uppläsning	noun
uppläxning	noun
upplåning	noun
upplåta	verb
upplösa	verb
upplösbar	adj
upplösning	noun
upplösningstillstånd	noun
uppmana	verb
uppmaning	noun
uppmuntra	verb
uppmuntran	noun
uppmärksam	adj
uppmärksamhet	noun
uppmärksamma	verb
uppmärksammande	noun
uppmäta	verb
uppmätbar	adj
uppmätning	noun
uppnosig	adj
uppnå	verb
uppnåelighet	noun
uppochned	adv
uppochnedvänd	adj
uppochner	adv
uppochnervänd	adj
uppoffra	verb
uppoffring	noun
upprabbling	noun
upprepa	verb
upprepning	noun
upprepningsbar	adj
uppriktig	adj
uppriktighet	noun
uppringare	noun
upprinnelse	noun
upprop	noun
uppror	noun
upprorisk	adj
upproriskhet	noun
upprorsmakare	noun
upprorsman	noun
upprusta	verb
upprustning	noun
uppryckning	noun
upprymd	adj
upprymdhet	noun
uppräkna	verb
uppräknelig	adj
uppräkning	noun
uppräkningsordning	noun
upprätt	adj
upprätta	verb
upprättande	noun
upprättelse	noun
upprätthålla	verb
upprätthållande	noun
uppröra	verb
upprörd	adj
upprördhet	noun
uppsagd	adj
uppsala	name
uppsaliensisk	adj
uppsamling	noun
uppsamlingsheat	noun
uppsamlingsläger	noun
uppsats	noun
uppsatsförfattare	noun
uppsatstävling	noun
uppsatt	adj
uppseende	noun
uppseendeväckande	adj
uppsikt	noun
uppsjö	noun
uppskakad	adj
uppskalning	noun
uppskatta	verb
uppskattning	noun
uppskattningsvis	adv
uppskjuten	adj
uppskjutning	noun
uppskov	noun
uppskuren	adj
uppskuret	noun
uppskärare	noun
uppslag	noun
uppslagsbok	noun
uppslagsord	noun
uppslagsrik	adj
uppslagsverk	noun
uppsluka	verb
uppslukande	adj
uppsluppen	adj
uppsluppenhet	noun
uppslutning	noun
uppspelning	noun
uppspelt	adj
uppstickare	noun
uppströms	adv,prep
uppstudsig	adj
uppstudsighet	noun
uppställa	verb
uppställning	noun
uppställningsfält	noun
uppstå	verb
uppståndelse	noun
uppstånden	adj
uppstötning	noun
uppsvullen	adj
uppsvullna	verb
uppsvälld	adj
uppsyn	noun
uppsyningsman	noun
uppsägning	noun
uppsägningstid	noun
uppsättning	noun
uppsåt	noun
uppsåtlig	adj
uppsåtligen	adv
uppsåtlighet	noun
uppsöka	verb
uppta	verb
upptagen	adj
upptagetsignal	noun
upptakt	noun
uppteckna	verb
upptecknare	noun
uppteckning	noun
upptid	noun
upptrappa	verb
upptrappad	adj
upptrappning	noun
upptrissa	verb
upptrissad	adj
upptrissning	noun
uppträda	verb
uppträdande	noun
upptäcka	verb
upptäckare	noun
upptäckt	adj,noun
upptäcktsfärd	noun
upptäcktsresa	noun
upptänklig	adj
upptåg	noun
upptågsmakare	noun
uppvaknande	noun
uppvakningsavdelning	noun
uppvakta	verb
uppvaktning	noun
uppvigla	verb
uppviglare	noun
uppvigling	noun
uppvikt	adj
uppvisa	verb
uppvisning	noun
uppväcka	verb
uppväga	verb
uppvärdera	verb
uppvärma	verb
uppvärmning	noun
uppväxt	adj,noun
uppå	prep
uppåkrakaka	noun
uppåt	adv
ur	noun,prep
uraktlåta	verb
uraktlåtenhet	noun
uralstring	noun
uran	noun
urananrikning	noun
uranos	name
uranproduktion	noun
uranus	name
urarta	verb
urartad	adj
urartning	noun
urban	name
urbefolkning	noun
urberg	noun
urbexare	noun
urbota	adj,adv
urdjur	noun
urdrucken	adj
urea	noun
urgamla	adj
urgammal	adj
urgermanska	noun
urglas	noun
urgröpa	verb
urhav	noun
urhem	noun
urholka	verb
urholkning	noun
urin	noun
urinblåsa	noun
urindoeuropeiska	noun
urinera	verb
urinering	noun
urininkontinens	noun
urinledare	noun
urinoar	noun
urinrör	noun
urinstämma	noun
urinväg	noun
urinvägsinfektion	noun
urinvånare	noun
urinämne	noun
urklipp	noun
urkraft	noun
urkund	noun
urkundsförfalskning	noun
url	noun
urladdning	noun
urmakare	noun
urminnes	adj
urmodig	adj
urna	noun
urnordisk	adj
urnordiska	noun
urofili	noun
urolagni	noun
urolog	noun
urologi	noun
uroxe	noun
urringad	adj
urringning	noun
ursinne	noun
ursinnig	adj
urskilja	verb
urskiljbar	adj
urskiljning	noun
urskiljningslös	adj
urskiljningslöst	adv
urskillning	noun
urskillningsförmåga	noun
urskillningslös	adj
urskillningslöst	adv
urskog	noun
urskulda	verb
ursprung	noun
ursprunglig	adj
ursprungligen	adv
ursprunglighet	noun
ursprungsbefolkning	noun
ursprungskälla	noun
ursprungsland	noun
ursprungsplan	noun
ursprungstanke	noun
urspråk	noun
urspårad	adj
urspårning	noun
ursula	name
ursvallad	adj
ursäkt	noun
ursäkta	intj,verb
urtavla	noun
urtid	noun
urtika	noun
uruguay	name
uruguayan	noun
uruguayansk	adj
uruguayare	noun
urusel	adj
urval	noun
urvalsfönster	noun
urvalskriterium	noun
urvattnad	adj
urverk	noun
urväder	noun
uråkning	noun
uråldrig	adj
uråldrighet	noun
usa	name
usch	intj
usel	adj
uselhet	noun
usk	noun
usling	noun
usp	noun
usur	noun
usurpator	noun
usurpera	verb
ut	adv,intj,postp
utagerande	adj
utan	adv,conj,prep
utandas	verb
utandning	noun
utanför	adv,prep
utanförskap	noun
utanpå	adv
utantill	adv
utarbeta	verb
utarma	verb
utarmning	noun
utarmningsområde	noun
utarmningstransistor	noun
utav	prep
utbetala	verb
utbetalning	noun
utbilda	verb
utbildning	noun
utbildningsbidrag	noun
utbildningsdepartement	noun
utbildningslinje	noun
utbildningsminister	noun
utbildningsmoment	noun
utbildningsnivå	noun
utbildningsplan	noun
utbildningssektor	noun
utbildningsutskott	noun
utbildningsvetenskaplig	adj
utbjuda	verb
utblottad	adj
utbomba	verb
utbombad	adj
utbordare	noun
utbredning	noun
utbringa	verb
utbrista	verb
utbrott	noun
utbryta	verb
utbrytare	noun
utbrytargrupp	noun
utbrytarprovins	noun
utbrytarregion	noun
utbrytarrepublik	noun
utbrytarstat	noun
utbrytning	noun
utbränd	adj
utbrändhet	noun
utbud	noun
utbuktning	noun
utbyggnad	noun
utbyta	verb
utbytbarhet	noun
utbyte	noun
utbytesstudent	noun
utböling	noun
utcheckning	noun
utdelning	noun
utdelningsandel	noun
utdrag	noun
utdragen	adj
utdragsbord	noun
utdöd	adj
ute	adj,adv
utebli	verb
utebliven	adj
utedass	noun
utefter	prep
utegångsförbud	noun
utekväll	noun
uteliggare	noun
uteliv	noun
utelämna	verb
utelämnad	adj
utelämnande	noun
utelämning	noun
utelåst	adj
uteplats	noun
uterum	noun
uteservering	noun
utesluta	verb
uteslutande	adv
uteslutning	noun
utespelare	noun
utestänga	verb
utestående	adj
utetupp	noun
utevaro	noun
utfall	noun
utfart	noun
utfasning	noun
utfattig	adj
utfiska	verb
utfiskning	noun
utflykt	noun
utflytande	adj,adv
utflöde	noun
utfodra	verb
utfodring	noun
utforma	verb
utformning	noun
utforska	verb
utforskare	noun
utfrysning	noun
utfrysningskultur	noun
utfrågare	noun
utfrågning	noun
utfyllnad	noun
utfärda	verb
utfästa	verb
utfästelse	noun
utför	adv,prep
utföra	verb
utförande	noun
utförbar	adj
utförbarhet	noun
utförd	adj
utförlig	adj
utförligt	adv
utförsbacke	noun
utförsel	noun
utförsäljning	noun
utförsåkare	noun
utförsåkning	noun
utge	verb
utgift	noun
utgiftsminskning	noun
utgiftsområde	noun
utgiftsstegring	noun
utgiftstak	noun
utgiftsökning	noun
utgivare	noun
utgiven	adj
utgivning	noun
utgivningsår	noun
utgjuta	verb
utgjutelse	noun
utgrävning	noun
utgå	verb
utgående	adj
utgång	noun
utgångsdatum	noun
utgångshastighet	noun
utgångspunkt	noun
utgåva	noun
utgöra	verb
uthyrare	noun
uthyrbar	adj
uthyrning	noun
uthängning	noun
uthärda	verb
uthärdbar	adj
uthärdlig	adj
uthållig	adj
uthållighet	noun
uthållighetsrekord	noun
utifall	conj
utifrån	adv
utilitarism	noun
utilitaristisk	adj
utilitaristiskt	adv
utjämna	verb
utjämning	noun
utkant	noun
utkast	noun
utkastare	noun
utkik	noun
utkikstorn	noun
utklassa	verb
utklassning	noun
utklassningsseger	noun
utkomma	verb
utkomst	noun
utkomststöd	noun
utkorg	noun
utkräva	verb
utkämpa	verb
utkörning	noun
utland	noun
utlandsfödd	adj
utlandskorrespondent	noun
utlandsresa	noun
utlandssemester	noun
utlandsvistelse	noun
utliggare	noun
utloggad	adj
utloggning	noun
utlopp	noun
utlotta	verb
utlottning	noun
utlova	verb
utlovad	adj
utlysa	verb
utlägg	noun
utlägga	verb
utläggning	noun
utlämna	verb
utlämning	noun
utlämningsavtal	noun
utlämningsärende	noun
utländsk	adj
utlänning	noun
utlänningslag	noun
utlänningsärende	noun
utläsa	verb
utlån	noun
utlånare	noun
utlåning	noun
utlåtande	noun
utlöpare	noun
utlösa	verb
utlösning	noun
utmana	verb
utmanande	adj
utmanare	noun
utmaning	noun
utmanövrera	verb
utmark	noun
utmatta	verb
utmattning	noun
utmattningskrig	noun
utmattningssyndrom	noun
utmed	prep
utmynna	verb
utmärglad	adj
utmärka	verb
utmärkelse	noun
utmärkt	adj,adv,intj
utmärkthet	noun
utmäta	verb
utmätning	noun
utmätningsärende	noun
utmåla	verb
utmönstra	verb
utnyttja	verb
utnyttjande	noun
utnämna	verb
utnämning	noun
utnötning	noun
utnötningskrig	noun
utom	prep
utombiblisk	adj
utombordare	noun
utombords	adv
utombordsmotor	noun
utomeuropeisk	adj
utomhus	adv
utomhusaktivitet	noun
utomhusarena	noun
utomjording	noun
utomjordisk	adj
utomkvedshavandeskap	noun
utomlands	adv
utomordentlig	adj
utomrättslig	adj
utomskärs	adv
utomsocknes	adv
utomstående	adj
utomvetenskaplig	adj
utomvärldslig	adj
utomäktenskaplig	adj
utopi	noun
utopisk	adj
utopiskt	adv
utpeka	verb
utpekad	adj
utpinad	adj
utplacera	verb
utplacering	noun
utplundra	verb
utplundring	noun
utplåna	verb
utplåning	noun
utpressa	verb
utpressning	noun
utpressningsförsök	noun
utpräglad	adj
utprånglad	adj
utradera	verb
utradering	noun
utraderingskultur	noun
utrangera	verb
utrangering	noun
utrangeringsvärde	noun
utreda	verb
utredare	noun
utredning	noun
utredningsåtgärd	noun
utrensning	noun
utrerad	adj
utreseförbud	noun
utrikes	adv
utrikesdepartement	noun
utrikeshall	noun
utrikeshandel	noun
utrikeshändelse	noun
utrikeskorrespondent	noun
utrikesminister	noun
utrikesministerium	noun
utrikesnämnd	noun
utrikespolitik	noun
utrikespolitisk	adj
utrikesreporter	noun
utrikesresa	noun
utrikesråd	noun
utrikesutskott	noun
utrop	noun
utropa	verb
utropande	noun
utropstecken	noun
utrota	verb
utrotad	adj
utrotning	noun
utrotningsläger	noun
utrullning	noun
utrullningslist	noun
utrum	noun
utrusta	verb
utrustad	adj
utrustning	noun
utryck	noun,verb
utrycka	verb
utryckas	verb
utrycken	noun
utryckens	noun
utrycker	verb
utryckes	verb
utrycket	noun
utryckets	noun
utrycklig	adj
utryckliga	adj
utryckligare	adj,adv
utryckligast	adj,adv
utryckligaste	adj
utryckligen	adv
utryckligt	adj,adv
utryckning	noun
utryckningsfordon	noun
utrycks	noun,verb
utryckt	adj,verb
utryckta	adj
utryckts	verb
utrymma	verb
utrymme	noun
utrymning	noun
utrymningsövning	noun
uträknad	adj
uträkning	noun
uträtta	verb
utröna	verb
utsaga	noun
utsago	noun
utsatt	adj
utsatthet	noun
utse	verb
utseende	noun
utseendefixerad	adj
utsikt	noun
utsiktslös	adj
utsiktslöshet	noun
utsiktstorn	noun
utsira	verb
utsirning	noun
utskick	noun
utskjutande	adj
utskott	noun
utskottsförhör	noun
utskottsledamot	noun
utskottsordförande	noun
utskottssammanträde	noun
utskrift	noun
utskällning	noun
utskänkning	noun
utskänkningstillstånd	noun
utslag	noun
utslagning	noun
utslagsfråga	noun
utslagsgivande	adj
utslagsplats	noun
utsliten	adj
utsläcka	verb
utsläckning	noun
utsläpp	noun
utsläppshandel	noun
utsläppsminskning	noun
utsläppsrätt	noun
utsläppsökning	noun
utsmycka	verb
utsmyckning	noun
utspel	noun
utspela	verb
utspisa	verb
utspridd	adj
utsprång	noun
utspädning	noun
utstaka	verb
utstryk	noun
utsträcka	verb
utsträckning	noun
utsträckt	adj
utstråla	verb
utstrålning	noun
utstuderad	adj
utstyrd	adj
utstyrsel	noun
utställa	verb
utställare	noun
utställelse	noun
utställning	noun
utstå	verb
utstående	adj
utstöta	verb
utstötning	noun
utstött	adj
utsuddning	noun
utsuga	verb
utsugare	noun
utsvulten	adj
utsvävande	adj
utsvävning	noun
utsäde	noun
utsädespotatis	noun
utsända	verb
utsätta	verb
utsåld	adj
utsökt	adj
utsökthet	noun
utsöndra	verb
utsöndring	noun
utsövd	adj
uttag	noun
uttagning	noun
uttagningsprov	noun
uttagsautomat	noun
uttal	noun
uttala	verb
uttalad	adj
uttalande	noun
uttalat	adv
uttalbar	adj
uttalsfel	noun
utter	noun
uttjatad	adj
uttolka	verb
uttolkare	noun
uttorkning	noun
uttryck	noun
uttrycka	verb
uttrycklig	adj
uttryckligen	adv
uttrycksfull	adj
uttrycksfullhet	noun
uttryckslös	adj
uttryckslöshet	noun
uttrycksmedel	noun
uttryckt	adj
utträda	verb
utträde	noun
utträdesarbete	noun
utträdesparagraf	noun
uttråkad	adj
uttråkning	noun
uttrötta	verb
uttröttad	adj
uttröttbar	adj
uttröttbarhet	noun
uttröttning	noun
uttåg	noun
utvald	adj
utvaldhet	noun
utvandra	verb
utvandrare	noun
utvandring	noun
utveckla	verb
utvecklad	adj
utvecklare	noun
utveckling	noun
utvecklingsarbete	noun
utvecklingsbar	adj
utvecklingsbiologi	noun
utvecklingsbistånd	noun
utvecklingsfond	noun
utvecklingspsykologi	noun
utvecklingssamarbete	noun
utvecklingssamtal	noun
utvecklingsstörd	adj
utvecklingsstörning	noun
utvidga	verb
utvidgad	adj
utvidgning	noun
utvikning	noun
utvikningsflicka	noun
utvikt	adj
utvilad	adj
utvinna	verb
utvisa	verb
utvisning	noun
utvisningsbeslut	noun
utväg	noun
utvärdera	verb
utvärdering	noun
utväxling	noun
utåt	adv,prep
utåtagerande	adj
utåtriktad	adj
utåtvändhet	noun
utöka	verb
utökning	noun
utöva	verb
utövare	noun
utöver	prep
utövning	noun
uv	noun
uvular	adj,noun
uzbek	noun
uzbekisk	adj
uzbekistan	name
uzbekistanier	noun
uzbekistansk	adj
v	character,name
v-ringning	noun
va	intj,noun
vab	noun
vabba	verb
vaccin	noun
vaccination	noun
vaccinationskampanj	noun
vaccinationskort	noun
vaccinationsprogram	noun
vaccinera	verb
vaccinering	noun
vacker	adj
vackert	adv
vackla	verb
vacklan	noun
vad	noun,pron
vada	verb
vadare	noun
vadbar	adj
vadben	noun
vadd	noun
vaddera	verb
vadehavet	name
vadhållare	noun
vadhållning	noun
vadning	noun
vadslagning	noun
vadstena	name
vadställe	noun
vadå	adv
vag	adj
vagabond	noun
vagel	noun
vagga	noun,verb
vaggad	adj
vaggmedsdekor	noun
vaggsång	noun
vaggtryck	noun
vaggvisa	noun
vaghet	noun
vagina	noun
vaginal	adj
vaginalflatulens	noun
vaginalkula	noun
vaginalsex	noun
vaginalt	adv
vagn	noun
vagnmakare	noun
vagnretur	noun
vagnshjul	noun
vagnsätt	noun
vagt	adv
vaja	noun,verb
vajer	noun
vajerlås	noun
vajerräcke	noun
vak	noun
vaka	noun,verb
vakans	noun
vakanssätta	verb
vaken	adj
vakenhet	noun
vakna	verb
vaksam	adj
vaksamhet	noun
vakt	noun
vakta	verb
vaktavlösning	noun
vaktel	noun
vakthavande	adj
vakthund	noun
vaktmästare	noun
vaktmästeri	noun
vaktpass	noun
vakttorn	noun
vakuum	noun
val	noun
valack	noun
valacka	verb
valaffisch	noun
valallians	noun
valarbetare	noun
valbar	adj
valbarhet	noun
valbarometer	noun
valberedare	noun
valberedning	noun
valborg	name
valborgsmässoafton	noun
vald	adj
valdag	noun
valdebatt	noun
valdeltagande	noun
valdemar	name
valdistrikt	noun
vale	noun
valens	noun
valensband	noun
valensordbok	noun
valentin	name
valfläsk	noun
valforskare	noun
valframgång	noun
valfri	adj
valfrid	name
valfrihet	noun
valfråga	noun
valfusk	noun
valfångare	noun
valfångst	noun
valfångstfartyg	noun
valförlust	noun
valhaj	noun
valhall	name
valhänt	adj
valhänthet	noun
validera	verb
validering	noun
validitet	noun
valin	noun
valjakt	noun
valk	noun
valka	verb
valkampanj	noun
valkare	noun
valkning	noun
valkommission	noun
valkrets	noun
valkretsindelning	noun
valkyria	noun
valkött	noun
vall	noun
valla	noun,verb
vallentuna	name
valletta	name
vallfart	noun
vallfartsort	noun
vallfärd	noun
vallfärda	verb
vallfärdare	noun
vallfärdsort	noun
vallgrav	noun
vallhund	noun
vallmo	noun
vallokal	noun
vallokalsundersökning	noun
vallon	noun
vallängd	noun
vallöfte	noun
vallört	noun
valmöjlighet	noun
valmöte	noun
valnatt	noun
valnöt	noun
valnötskärna	noun
valnötsolja	noun
valnötsträd	noun
valobservatör	noun
valolja	noun
valomgång	noun
valp	noun
valpa	verb
valpaktig	adj
valpig	adj
valplats	noun
valprocess	noun
valprognos	noun
valpropaganda	noun
valrav	noun
valresultat	noun
valrike	noun
valross	noun
valrörelse	noun
vals	noun
valsa	verb
valsedel	noun
valseger	noun
valsegrare	noun
valspråk	noun
valstrateg	noun
valstuga	noun
valsverk	noun
valsystem	noun
valtaktiker	noun
valter	name
valthorn	noun
valthornist	noun
valthornsblåsare	noun
valu	noun
valurna	noun
valuta	noun
valutadag	noun
valutaenhet	noun
valutakrig	noun
valutaområde	noun
valutareserv	noun
valutaunion	noun
valutgång	noun
valv	noun
valvaka	noun
valvinst	noun
valår	noun
valör	noun
valörfrimärke	noun
vampyr	noun
vampyrfilm	noun
van	adj,noun
vana	noun
vanadin	noun
vanagud	noun
vanartad	adj
vanda	name
vandal	noun
vandalisera	verb
vandalisering	noun
vandalism	noun
vandel	noun
vandra	verb
vandrare	noun
vandrarhem	noun
vandring	noun
vandringskänga	noun
vandringsled	noun
vandringsman	noun
vandringsord	noun
vandringspokal	noun
vandringssägen	noun
vandringstrast	noun
vandringsvisseland	noun
vandöd	adj
vanebildande	adj
vanemässig	adj
vanemässigt	adv
vanerökare	noun
vanesak	noun
vanföreställning	noun
vanheder	noun
vanhedra	verb
vanhelga	verb
vanilj	noun
vaniljkräm	noun
vaniljsås	noun
vanja	name
vanka	verb
vankelmod	noun
vankelmodig	adj
vankelmodighet	noun
vankomycin	noun
vanlig	adj
vanligen	adv
vanlighet	noun
vanligtvis	adv
vanmakt	noun
vanmäktig	adj
vann	noun
vanpryda	verb
vanrykte	noun
vansbro	name
vansinne	noun
vansinnesdåd	noun
vansinnig	adj
vansinnighet	noun
vansklig	adj
vansköta	verb
vanskötsel	noun
vansläktas	verb
vanställa	verb
vanställning	noun
vant	noun
vante	noun
vantolka	verb
vantolkning	noun
vantrivas	verb
vantrivsel	noun
vantrogen	adj
vanuatu	name
vanuatuer	noun
vanvett	noun
vanvettig	adj
vanvettighet	noun
vanvetting	noun
vanvård	noun
vanvårda	verb
vanvördig	adj
vanvördighet	noun
vanära	noun,verb
vapen	noun
vapenamnesti	noun
vapenarsenal	noun
vapenattrapp	noun
vapenbeslag	noun
vapenbroder	noun
vapenbrott	noun
vapendragare	noun
vapenembargo	noun
vapenförråd	noun
vapengömma	noun
vapenhandlare	noun
vapenhus	noun
vapenhusdörr	noun
vapenhusvägg	noun
vapenindustri	noun
vapeninnehav	noun
vapenlicens	noun
vapenlobby	noun
vapenlös	adj
vapenmakt	noun
vapenporslin	noun
vapenproduktion	noun
vapensigill	noun
vapensmuggling	noun
vapenstillestånd	noun
vapenstilleståndsförhandling	noun
vapenstilleståndslinje	noun
vapensystem	noun
vapenvila	noun
vapenvägrare	noun
var	adv,conj,det,noun
vara	noun,verb
varaktig	adj
varaktighet	noun
varaktordiod	noun
varan	noun
varande	adj
varandra	pron
varandras	pron
varannan	pron
varannandagsväder	noun
varav	adv
varberg	name
varbygel	noun
varböld	noun
vardag	noun
vardaglig	adj
vardaglighet	noun
vardagsaktig	adj
vardagskläder	noun
vardagsklänning	noun
vardagsliv	noun
vardagspussel	noun
vardagsrum	noun
vardagstryck	noun
varde	noun
vardera	pron
varefter	adv
varelse	noun
varemot	adv
varenda	det
varfågel	noun
varför	adv,conj
varg	noun
vargatid	noun
vargavinter	noun
vargaväder	noun
vargbiten	adj
vargflock	noun
varggrin	noun
varggrop	noun
varghagel	noun
varghund	noun
varginna	noun
vargjakt	noun
vargpar	noun
vargpäls	noun
vargrevir	noun
vargskinn	noun
vargspindel	noun
vargspår	noun
vargstam	noun
vargtass	noun
vargtimme	noun
vargtjut	noun
vargton	noun
vargtörel	noun
vargunge	noun
vargvalp	noun
vari	adv
varia	noun
variabel	adj,noun
variabilitet	noun
variansanalys	noun
variant	noun
variation	noun
variera	verb
varierbar	adj
varifrån	adv
varig	adj
varigenom	adv
varje	det
varken	conj
varligt	adv
varm	adj
varmblodig	adj
varmed	adv
varmhjärtad	adj
varmhjärtenhet	noun
varmhyra	noun
varmkorv	noun
varmluftsugn	noun
varmröka	verb
varmrökt	adj
varmvatten	noun
varmvattenberedare	noun
varmvattenkran	noun
varna	verb
varning	noun
varningsblinker	noun
varningsklocka	noun
varningsmärke	noun
varningsrop	noun
varningssignal	noun
varningsskott	noun
varningstecken	noun
varom	adv
varpankare	noun
varpå	adv
vars	pron
varsam	adj
varsamhet	noun
varse	adj
varsebli	verb
varsel	noun
varselklot	noun
varselpinne	noun
varselväst	noun
varsin	pron
varsko	verb
varsla	verb
varsomhelstare	noun
varstans	adv
varstädes	adv
varsågod	intj
vart	adv
vartefter	adv
vartill	adv
vartåt	adv
varuhus	noun
varukorg	noun
varulager	noun
varulv	noun
varumärke	noun
varumärkesexpert	noun
varumärkesintrång	noun
varumärkesord	noun
varunder	adv
varuti	adv
varutöver	adv
varv	noun
varva	verb
varvid	adv
varvidlag	adv
varvsarbetare	noun
varvtal	noun
varöver	adv
vas	noun
vasa	intj,name
vasall	noun
vasallstat	noun
vasastaden	name
vase	noun
vaselin	noun
vask	noun
vaska	verb
vass	adj,noun
vassbuk	noun
vassle	noun
vassnäst	adj
vassångare	noun
vatikansk	adj
vatikanstaten	name
vatnik	noun
vatten	noun
vattenbad	noun
vattenbaserad	adj
vattenblandare	noun
vattenblomning	noun
vattenbomba	verb
vattenbombning	noun
vattenbrist	noun
vattenbruk	noun
vattenbryn	noun
vattenbuffel	noun
vattendelare	noun
vattendrag	noun
vattendriven	adj
vattendroppe	noun
vattenfall	noun
vattenflaska	noun
vattenflöde	noun
vattenförorening	noun
vattenförsörjning	noun
vattenglas	noun
vattenhjul	noun
vattenhund	noun
vattenhål	noun
vattenkamma	verb
vattenkanna	noun
vattenkanon	noun
vattenkastanj	noun
vattenkastning	noun
vattenkokare	noun
vattenkonst	noun
vattenkraft	noun
vattenkraftverk	noun
vattenkran	noun
vattenkrasse	noun
vattenkvalitet	noun
vattenkvarn	noun
vattenland	noun
vattenledning	noun
vattenmassa	noun
vattenmelon	noun
vattennivå	noun
vattenpass	noun
vattenpipa	noun
vattenpiplärka	noun
vattenpistol	noun
vattenplana	verb
vattenplaning	noun
vattenpolo	noun
vattenpolospelare	noun
vattenpuss	noun
vattenpöl	noun
vattenrall	noun
vattenrutschbana	noun
vattenrutschkana	noun
vattenräkning	noun
vattenrättslig	adj
vattensalamander	noun
vattenseparator	noun
vattensjuk	adj
vattenskada	noun
vattenskida	noun
vattenskidåkare	noun
vattenskidåkning	noun
vattenskoter	noun
vattenslang	noun
vattenspindel	noun
vattensport	noun
vattenspridare	noun
vattenstånd	noun
vattensäker	adj
vattensäkerhet	noun
vattensäng	noun
vattensångare	noun
vattentorn	noun
vattentäkt	noun
vattentät	adj
vattenverk	noun
vattenyta	noun
vattenånga	noun
vattenödla	noun
vattkoppor	noun
vattna	verb
vattnas	verb
vattnig	adj
vattning	noun
vattsten	noun
vattuman	noun
vattumannen	name
vattuskräck	noun
vaudeville	noun
vax	noun
vaxa	verb
vaxartad	adj
vaxdocka	noun
vaxholm	name
vaxkabinett	noun
vaxkaka	noun
vaxljus	noun
vaxpropp	noun
vb	phrase
vd	noun
ve	intj,noun
veck	noun
vecka	noun,verb
veckig	adj
veckla	verb
veckoberedning	noun
veckodag	noun
veckoligen	adv
veckolön	noun
veckopeng	noun
veckoslut	noun
veckotidning	noun
veckovill	adj
veckovis	adv
ved	noun
vedartad	adj
vedbod	noun
vederböra	verb
vederbörande	adj
vederbörlig	adj
vederdöpare	noun
vedergälla	verb
vedergällning	noun
vederhäftig	adj
vederhäftighet	noun
vederhäftigt	adv
vederlag	noun
vederlagd	adj
vederlagslös	adj
vederlägga	verb
vederläggning	noun
vedermöda	noun
vedersakare	noun
vederstyggelse	noun
vedertagen	adj
vedervärdig	adj
vedervärdighet	noun
vedettbåt	noun
vedhuggare	noun
vedhuggning	noun
vedklabbe	noun
vedpinne	noun
vedskjul	noun
vedspis	noun
vedträ	noun
vegan	noun
veganism	noun
vegansk	adj
vegetabilier	noun
vegetabilisk	adj
vegetarian	noun
vegetariana	noun
vegetarianism	noun
vegetarisk	adj
vegetation	noun
vegetera	verb
veiniöun	noun
vek	adj
veke	noun
vekhjärtad	adj
vekling	noun
vektor	noun
vektorfält	noun
vektoriell	adj
vektorprodukt	noun
vektorrum	noun
vela	verb
velar	adj,noun
velig	adj
velighet	noun
velodrom	noun
velour	noun
vem	pron
vemod	noun
vemodig	adj
vems	pron
ven	noun
vendela	name
venedig	name
venerisk	adj
venetian	noun
venetianare	noun
venetiansk	adj
venetianska	noun
venezuela	name
venezuelan	noun
venezuelansk	adj
venezuelanska	noun
venne	contraction
ventil	noun
ventilera	verb
ventilering	noun
venus	name
venusberg	noun
venuspassage	noun
venös	adj
vepa	noun
vera	name
veranda	noun
verb	noun
verbalisera	verb
verbböjning	noun
verifiera	verb
verifierbar	adj
verifierbarhet	noun
verifiering	noun
verifikation	noun
veritabel	adj
verk	noun
verka	verb
verkan	noun
verkanseld	noun
verklig	adj
verkligen	adv
verklighet	noun
verklighetsbild	noun
verklighetsflykt	noun
verklighetsfrämmande	adj
verklighetsförankring	noun
verklighetsintryck	noun
verklighetstrogen	adj
verklighetsuppfattning	noun
verkligt	adv
verklinje	noun
verkning	noun
verkningsfull	adj
verkningsgrad	noun
verkningslös	adj
verksam	adj
verksamhet	noun
verksamhetschef	noun
verksamhetsgranskare	noun
verksamhetsområde	noun
verkshöjd	noun
verkstad	noun
verkstadsföretag	noun
verkstadsindustri	noun
verkstadsutrustning	noun
verkställa	verb
verkställande	adj,noun
verkställare	noun
verkställbar	adj
verkställbarhet	noun
verkställighet	noun
verkställighetshinder	noun
verksynd	noun
verktum	noun
verktyg	noun
verktygslist	noun
verktygslåda	noun
verna	name
verner	name
vernissage	noun
veronica	name
veronika	name
verop	noun
vers	noun
versal	adj,noun
versifiera	verb
version	noun
verslära	noun
versmått	noun
vertikal	adj
vertikalitet	noun
vertikallinje	noun
vesir	noun
vespa	noun
vesper	noun
vessla	noun
vestal	noun
vesuvio	noun
veta	verb
vete	noun
vetebröd	noun
vetegluten	noun
vetegrodd	noun
vetekli	noun
vetekorn	noun
vetemjöl	noun
vetenskap	noun
vetenskaplig	adj
vetenskaplighet	noun
vetenskapsakademi	noun
vetenskapshistoria	noun
vetenskapshistorisk	adj
vetenskapsjournalist	noun
vetenskapsman	noun
veteran	noun
veteranbil	noun
veterinär	adj,noun
veterinärmedicin	noun
veterinärmedicinsk	adj
veterligen	adv
vetestärkelse	noun
veteöl	noun
vetgirig	adj
vetgirighet	noun
vetja	intj
veto	noun
vetorätt	noun
vetskap	noun
vett	noun
vetta	verb
vette	noun
vettefan	intj
vettig	adj
vettlös	adj
vettlöshet	noun
vettskrämd	adj
vettskrämdhet	noun
vettvilling	noun
veum	noun
vev	noun
veva	noun,verb
vevaxel	noun
vevhus	noun
vexillologi	noun
vf	adv
vfr	noun
vg	adj
vgd	phrase
vgn	phrase
vi	noun,pron
via	prep
viadukt	noun
viborg	name
vibrafon	noun
vibrator	noun
vibratoromformare	noun
vibrera	verb
vice	adj
viceamiral	noun
vicekonsul	noun
vicekung	noun
viceordförande	noun
vicepresident	noun
vicepresidentkandidat	noun
vichtis	name
vichyvatten	noun
vicka	verb
vickning	noun
victor	name
victoria	name
victoriafallen	name
vid	adj,prep
vida	adv
vidar	name
vidare	adj,adv,intj
vidarebefordra	verb
vidareutbilda	verb
vidareutbildning	noun
vidareutforska	verb
vidareutveckla	verb
vidbränd	adj
vidbrättad	adj
vidd	noun
vide	noun
video	noun
videoapparat	noun
videoband	noun
videobandspelare	noun
videobevis	noun
videoblogg	noun
videobutik	noun
videofilm	noun
videokassett	noun
videoklipp	noun
videokonferens	noun
videolänk	noun
videosamtal	noun
videovåld	noun
videsparv	noun
videsångare	noun
vidga	verb
vidgad	adj
vidgning	noun
vidgå	verb
vidhäfta	verb
vidhäftande	adj
vidhålla	verb
vidimera	verb
vidja	noun
vidkommande	adj
vidlyftig	adj
vidlyftighet	noun
vidlåda	verb
vidmakthålla	verb
vidrig	adj
vidrighet	noun
vidröra	verb
vidskepelse	noun
vidskeplig	adj
vidskeplighet	noun
vidsträckt	adj
vidsynt	adj
vidsynthet	noun
vidta	verb
vidunder	noun
vidunderlig	adj
vidvinkelobjektiv	noun
vidöppen	adj
vidöstern	name
vietnam	name
vietnames	noun
vietnamesisk	adj
vietnamesiska	noun
vifta	verb
vig	adj
viga	verb
vigg	noun
viggo	name
vighet	noun
vigning	noun
vigsel	noun
vigselring	noun
vigvatten	noun
vik	noun
vika	adv,verb
vikariat	noun
vikarie	noun
vikariera	verb
vikbar	adj
vikbarhet	noun
viken	name
viking	name,noun
vikingaskepp	noun
vikingatid	noun
vikingatåg	noun
vikning	noun
vikt	noun
vikta	verb
viktfördelning	noun
viktförlust	noun
vikthåna	verb
viktig	adj
viktighet	noun
viktigpetter	noun
viktigt	adv
viktklass	noun
viktlös	adj
viktlöshet	noun
viktminskning	noun
viktnedgång	noun
viktning	noun
viktor	intj,name
viktoria	name,noun
viktoriansk	adj
viktproblem	noun
viktualiebroder	noun
viktualievikt	noun
viktuppgång	noun
viktväktare	noun
viktökning	noun
vila	noun,verb
vild	adj
vildblomma	noun
vilddjur	noun
vilde	noun
vildhet	noun
vildkatt	noun
vildman	noun
vildmark	noun
vildsint	adj
vildsinthet	noun
vildsvin	noun
vildögd	adj
vilhelm	name
vilhelmina	name
vilja	noun,verb
viljelös	adj
viljelöshet	noun
viljemål	noun
viljestark	adj
viljestyrka	noun
viljesvag	adj
vilka	pron
vilkas	pron
vilken	adj,det,pron
vilket	pron
villa	noun
villabrand	noun
villaförort	noun
villaidyll	noun
villaområde	noun
villaägare	noun
ville	name
villebråd	noun
villervalla	noun
villfarelse	noun
villiam	name
villig	adj
villighet	noun
villigt	adv
villkor	noun
villkora	verb
villkorlig	adj
villkorlighet	noun
villkorslös	adj
villmanstrand	name
villolära	noun
villospår	noun
villoväg	noun
villrådig	adj
villrådighet	noun
villy	name
vilma	name
vilnius	name
vilodag	noun
vilohem	noun
vilopaus	noun
viloplats	noun
vilopuls	noun
vilopunkt	noun
vilse	adv
vilsekommen	adj
vilseleda	verb
vilseledande	adj
vilsen	adj
vilsenhet	noun
vilstol	noun
vilt	adv,noun
viltkött	noun
viltskada	noun
viltstråk	noun
vimla	verb
vimmel	noun
vimmelkantig	adj
vimpel	noun
vimsig	adj
vimsighet	noun
vin	noun
vina	noun,verb
vinbar	noun
vinbergssnäcka	noun
vinbär	noun
vincent	name
vind	adj,noun
vinda	noun,verb
vindala	name
vindbrygga	noun
vindby	noun
vinddriven	adj
vindenergi	noun
vindfläkt	noun
vindflöjel	noun
vindhål	noun
vindil	noun
vindkraft	noun
vindkraftspark	noun
vindkraftverk	noun
vindla	verb
vindlös	adj
vindpinad	adj
vindpust	noun
vindrickare	noun
vindruta	noun
vindruterapport	noun
vindrutetorkare	noun
vindruva	noun
vindruvsklase	noun
vindskammare	noun
vindskydd	noun
vindspel	noun
vindsrum	noun
vindstilla	adj,noun
vindstyrka	noun
vindstöt	noun
vindsurfa	verb
vindsurfare	noun
vindsurfning	noun
vindsvåning	noun
vindtunnel	noun
vindägg	noun
vindöga	noun
vindögd	adj
vindögdhet	noun
vinflaska	noun
vingbredd	noun
vinge	noun
vingel	noun
vingfjäder	noun
vingklaff	noun
vingklippa	verb
vingla	verb
vinglas	noun
vingleri	noun
vinglig	adj
vinglighet	noun
vingloka	noun
vingpenna	noun
vingslag	noun
vingspegel	noun
vingud	noun
vingummi	noun
vingåker	name
vingård	noun
vinhus	noun
vinjett	noun
vink	noun
vinka	verb
vinkel	noun
vinkelhastighet	noun
vinkelord	noun
vinkelparentes	noun
vinkelrät	adj
vinkelslip	noun
vinkla	verb
vinkling	noun
vinkning	noun
vinkällare	noun
vinkännare	noun
vinlista	noun
vinna	verb
vinnare	noun
vinnarmentalitet	noun
vinning	noun
vinnlägga	verb
vinproducent	noun
vinprovare	noun
vinprovning	noun
vinranka	noun
vinruta	noun
vinröd	adj
vinsch	noun
vinscha	verb
vinst	noun
vinstdelning	noun
vinstgivande	adj
vinstintresse	noun
vinstmarginal	noun
vinstmaximering	noun
vinstmål	noun
vinstprognos	noun
vinstutdelning	noun
vinter	noun
vinter-os	noun
vinterdepression	noun
vinterdvala	noun
vinterdäck	noun
vinterförråd	noun
vintergata	noun
vintergatan	name
vinterhalvår	noun
vinterhimmel	noun
vinterhämpling	noun
vinteridrott	noun
vinterjacka	noun
vinterkappa	noun
vinterkräksjuka	noun
vinterkväll	noun
vinterkänga	noun
vinterlandskap	noun
vinterlik	adj
vinterlov	noun
vintermånad	noun
vintermörker	noun
vinterolympiad	noun
vinterpäls	noun
vinterpäron	noun
vinterrock	noun
vintersemester	noun
vintersol	noun
vintersolstånd	noun
vinterspel	noun
vintersport	noun
vintersportort	noun
vintersäsong	noun
vintertid	noun
vinterträdgård	noun
vinteruppehåll	noun
vintervecka	noun
vinterväder	noun
vinteräpple	noun
vinthund	noun
vintrig	adj
vinyl	noun
vinylskiva	noun
vinylutgåva	noun
vinäger	noun
vinäpple	noun
viol	noun
viola	name
violast	noun
violett	adj
violin	noun
violinist	noun
vipa	noun
vippa	noun,verb
vippen	noun
vips	adv
vira	noun,verb
virdois	name
viril	adj
virilitet	noun
virka	verb
virke	noun
virkesupplag	noun
virknål	noun
virologi	noun
virra	verb
virrig	adj
virrighet	noun
virrvarr	noun
virtuell	adj
virtuos	adj,noun
virtuositet	noun
virtuosmässig	adj
virus	noun
virusforskning	noun
virusinfektion	noun
virussjukdom	noun
virvel	noun
virvelström	noun
virveltrumma	noun
virvelvind	noun
virvla	verb
vis	adj,noun
visa	noun,verb
visad	adj
visare	noun
visartad	adj
visby	name
visdom	noun
visdomsord	noun
visdomstand	noun
vise	noun
visent	noun
vish	name
vishet	noun
vision	noun
visionslös	adj
visionslöshet	noun
visionärt	adv
visir	noun
visitation	noun
visitera	verb
visitering	noun
visitkort	noun
viska	verb
viskleken	noun
viskning	noun
viskositet	noun
viskös	adj
vislanda	name
vismut	name
visning	noun
visp	noun
vispa	verb
vispgrädde	noun
vispgröt	noun
viss	adj
visseland	noun
visselblåsare	noun
visselpipa	noun
vissen	adj
vissenhet	noun
visserligen	adv
visshet	noun
vissla	noun,verb
vissling	noun
vissna	verb
visst	adv,intj
vistas	verb
vistelse	noun
visthusbod	noun
visualisera	verb
visualisering	noun
visuell	adj
visum	noun
visumansökan	noun
vit	adj
vita	noun
vitaktig	adj
vitalism	noun
vitalistisk	adj
vitalistiskt	adv
vitalitet	noun
vitamin	noun
vitamindryck	noun
vitbok	noun
vite	noun
vitesbelopp	noun
vitesföreläggande	noun
vitgumpseglare	noun
vitgumpsnäppa	noun
vithaj	noun
vithet	noun
vithyllt	adj
vithårig	adj
vitkalka	verb
vitklädd	adj
vitkål	noun
vitlök	noun
vitlökspress	noun
vitlökspulver	noun
vitlökssmör	noun
vitlökssås	noun
vitmena	verb
vitmögelost	noun
vitna	verb
vitnos	noun
vitpeppar	noun
vitrin	noun
vitrinskåp	noun
vitrygg	noun
vitryggig	adj
vitrysk	adj
vitryska	noun
vitryss	noun
vitryssland	name
vits	noun
vitsenap	noun
vitsig	adj
vitsighet	noun
vitsippa	noun
vitsord	noun
vitsorda	verb
vitsvanshjort	noun
vitt	adv,noun
vittaryd	name
vitter	adj
vitterhet	noun
vittgående	adj
vittja	verb
vittna	verb
vittne	noun
vittnesbås	noun
vittnesbörd	noun
vittnesed	noun
vittnesförhör	noun
vittnesmål	noun
vittnesuppgift	noun
vittnesutsaga	noun
vittomfattande	adj
vittomspännande	adj
vittra	noun,verb
vittring	noun
vittrut	noun
vitval	noun
vitvara	noun
vitved	noun
vitvin	noun
vivan	name
viveca	name
viveka	name
vivel	noun
vivi	name
vivi-ann	name
vivi-anne	name
vivian	name
viviann	name
vivianne	name
vlogg	noun
vlt	name
vm	noun
vma	noun
vobba	verb
vodka	noun
voff	intj
vokal	adj,noun
vokalbalans	noun
vokalist	noun
vokativ	adj,noun
volang	noun
volatil	adj
volatilitet	noun
volauvent	noun
volfram	noun
voljär	noun
volleyboll	noun
volleybollmatch	noun
volontär	noun
volt	noun
volta	verb
voltmeter	noun
voluminös	adj
volut	noun
volvo	name
volym	noun
vom	noun
vombat	noun
vomera	verb
vomering	noun
von	prep
voodoo	noun
votering	noun
voteringsmaskin	noun
votum	noun
vov	intj
voyeur	noun
voyeurism	noun
vrak	noun
vraka	verb
vrakdel	noun
vrakdykare	noun
vrakdykning	noun
vrakgods	noun
vrakplundrare	noun
vrakplundring	noun
vrakpris	noun
vred	adj,noun
vrede	noun
vredesmod	noun
vredesutbrott	noun
vredgad	adj
vredgas	verb
vrenskas	verb
vresalm	noun
vresig	adj
vresighet	noun
vresros	noun
vret	noun
vrf	adv
vricka	verb
vrickad	adj
vrida	verb
vridbar	adj
vridbarhet	noun
vridmoment	noun
vridning	noun
vridstyvhet	noun
vril	noun
vrist	noun
vräka	verb
vräkig	adj
vräkning	noun
vränga	verb
vrå	name,noun
vråk	noun
vrål	noun
vråla	verb
vrång	adj
vrångsinthet	noun
vrångstrupe	noun
vsg	phrase
vulgarisera	verb
vulgariserad	adj
vulgaritet	noun
vulgär	adj
vulgärlatin	noun
vulgärpropaganda	noun
vulkan	noun
vulkanisera	verb
vulkaniserbar	adj
vulkanisering	noun
vulkanisk	adj
vulkankrater	noun
vulkankägla	noun
vulkanologi	noun
vulkanutbrott	noun
vulkanö	noun
vulva	noun
vurm	noun
vurma	verb
vurmig	adj
vuvuzela	noun
vuxen	adj
vuxenblöja	noun
vuxendop	noun
vuxenhet	noun
vuxenpsykiatri	noun
vuxenpsykiatrisk	adj
vuxenutbildning	noun
vvs	name
vvs-ingenjör	noun
vy	noun
vykort	noun
vyssan	intj
vyssja	verb
vyssjning	noun
väcka	verb
väckarklocka	noun
väckarur	noun
väckbar	adj
väckelse	noun
väckelsemöte	noun
väder	noun
väderballong	noun
väderbiten	adj
väderfenomen	noun
väderflöjel	noun
väderförhållanden	noun
väderkorn	noun
väderkvarn	noun
väderlek	noun
väderleka	noun
väderleksrapport	noun
väderprognos	noun
väderrapport	noun
vädersol	noun
väderspänning	noun
väderstation	noun
vädja	verb
vädjan	noun
vädra	verb
vädur	noun
väduren	name
väg	noun
väga	verb
vägarbetare	noun
vägarbete	noun
vägavgift	noun
vägbana	noun
vägblockad	noun
vägbomb	noun
vägbula	noun
vägen	name
vägfarande	noun
vägg	noun
vägglus	noun
väggplanka	noun
vägguttag	noun
väggyta	noun
väghinder	noun
väghyvel	noun
väghållare	noun
väghållning	noun
vägkant	noun
vägkarta	noun
vägkon	noun
vägkorsning	noun
vägkrog	noun
väglag	noun
vägleda	verb
vägledande	adj
vägledning	noun
vägmärke	noun
vägnar	noun
vägning	noun
vägnät	noun
vägport	noun
vägprojekt	noun
vägra	verb
vägrad	adj
vägran	noun
vägrare	noun
vägren	noun
vägräcke	noun
vägsalt	noun
vägsamfällighet	noun
vägskylt	noun
vägskäl	noun
vägtransport	noun
vägtrumma	noun
vägtunnel	noun
vägunderhåll	noun
vägval	noun
vägvisare	noun
väja	verb
väktare	noun
väl	adv,noun
välaccepterad	adj
välanimerad	adj
välartad	adj
välavvägd	adj
välbalanserad	adj
välbefinnande	noun
välbehag	noun
välbehållen	adj
välbehövlig	adj
välbekant	adj
välbemedlad	adj
välbeställd	adj
välbetald	adj
välboren	adj
välbärgad	adj
välde	noun
väldefinierad	adj
väldeliga	adv
väldig	adj
väldigt	adv
väldoft	noun
väldoftande	adj
välformulerad	adj
välfylld	adj
välfärd	noun
välfärdsstat	noun
välfärdssystem	noun
välförtjänt	adj
välgrundad	adj
välgörande	adj
välgörare	noun
välgörenhet	noun
välgörenhetsauktion	noun
välgörenhetsorganisation	noun
välhängd	adj
välja	verb
väljarbarometer	noun
väljarbas	noun
väljarbeteende	noun
väljargrupp	noun
väljarkategori	noun
väljarkår	noun
väljarstöd	noun
väljartapp	noun
väljarundersökning	noun
väljbar	adj
välklädd	adj
välkommen	adj,intj,noun
välkomna	intj,verb
välkomnad	adj
välkomnande	noun
välkomst	noun
välkomstdrink	noun
välkänd	adj
väll	adv
välla	verb
vällevnad	noun
vällevnadsman	noun
välling	noun
vällovlig	adj
vällukt	noun
välluktande	adj
vällust	noun
vällustig	adj
vällusting	noun
välmatad	adj
välmenande	adj
välment	adj
välmottagen	adj
välmående	adj,noun
väloljad	adj
välordnad	adj
välplanerad	adj
välrenommerad	adj
välsa	verb
välsbleck	noun
välsigna	verb
välsignad	adj
välsignelse	noun
välsituerad	adj
välskriven	adj
välskrivning	noun
välsmakande	adj
välsorterad	adj
välstånd	noun
vält	adj,noun
välta	noun,verb
vältalig	adj
vältalighet	noun
vältaligt	adv
vältra	verb
vältring	noun
väluppfostrad	adj
välutbildad	adj
välutrustad	adj
välutvecklad	adj
välva	verb
välvd	adj
välvilja	noun
välvillig	adj
välvårdad	adj
vämjelig	adj
vämjelighet	noun
vämjelse	noun
vän	noun
vända	noun,verb
vändbar	adj
vändbarhet	noun
vändkors	noun
vändkrets	noun
vändning	noun
vändningsradie	noun
vändpunkt	noun
vändradie	noun
vändteg	noun
vänern	name
vänersborg	name
väninna	noun
vänja	verb
vänkrets	noun
vänlig	adj
vänligen	adv
vänlighet	noun
vänskap	noun
vänskaplig	adj
vänskaplighet	noun
vänskapskorruption	noun
vänskapsmatch	noun
vänslas	verb
vänster	adj,noun
vänsteraktivist	noun
vänsterblock	noun
vänsterdebattör	noun
vänsterextrem	adj
vänsterextremism	noun
vänsterextremist	noun
vänsterextremistisk	adj
vänsterfotad	adj
vänstergrupp	noun
vänsterhand	noun
vänsterhänt	adj
vänsterhänthet	noun
vänsterjabb	noun
vänsterjustera	verb
vänsterklicka	verb
vänsterkrok	noun
vänsterliberal	adj,noun
vänstermajoritet	noun
vänsterman	noun
vänstermilis	noun
vänsterparti	noun
vänsterpartist	noun
vänsterpartistisk	adj
vänsterperspektiv	noun
vänsterpolitik	noun
vänsterpolitiker	noun
vänsterpopulism	noun
vänsterpopulist	noun
vänsterpopulistisk	adj
vänsterradikal	adj,noun
vänsterregering	noun
vänstersidoklass	noun
vänstersinnad	adj
vänstersympatier	noun
vänstersympatisör	noun
vänstertrafik	noun
vänstervriden	adj
vänsterväljare	noun
vänta	verb
väntad	adj
väntan	noun
väntelista	noun
väntetid	noun
väntevärde	noun
väntjänst	noun
väntkur	noun
väntrum	noun
väntsal	noun
väpna	verb
väpnad	adj
väpnare	noun
värd	adj,noun
värde	noun
värdeavi	noun
värdebevis	noun
värdefull	adj
värdeföremål	noun
värdegrund	noun
värdelös	adj
värdelöshet	noun
värdeminskning	noun
värdemängd	noun
värdeomdöme	noun
värdepapper	noun
värdepappersfond	noun
värdepappersinnehav	noun
värdepappersportfölj	noun
värdera	verb
värderad	adj
värderare	noun
värdering	noun
värderingsförmåga	noun
värdesak	noun
värdeskåp	noun
värdestegring	noun
värdesätta	verb
värdetransport	noun
värdeökning	noun
värdig	adj
värdighet	noun
värdinna	noun
värdinneskap	noun
värdland	noun
värdmödraskap	noun
värdnation	noun
värdshus	noun
värdshusvärd	noun
väring	noun
värja	noun,verb
värk	noun
värka	verb
värktablett	noun
värld	noun
världsallt	noun
världsartist	noun
världsbefolkning	noun
världsberömd	adj
världsbild	noun
världscupseger	noun
världsdel	noun
världsekonomi	noun
världsetta	noun
världsfrånvänd	adj
världsfrånvändhet	noun
världsförbättrare	noun
världsförbättrarnit	noun
världsförnuft	noun
världshandel	noun
världshav	noun
världsherravälde	noun
världshistoria	noun
världshistorisk	adj
världshändelse	noun
världskarta	noun
världsklass	noun
världskrig	noun
världsledande	adj
världsledare	noun
världslig	adj
världslitteratur	noun
världsmakt	noun
världsman	noun
världsmarknad	noun
världsmedborgare	noun
världsmästare	noun
världsmästerskap	noun
världsomfattande	adj
världsomsegling	noun
världsomspännande	adj
världsordning	noun
världspolitik	noun
världspremiär	noun
världsproblem	noun
världsrankning	noun
världsrekord	noun
världsrekordförsök	noun
världsrekordhållare	noun
världsrekordinnehavare	noun
världsrekordtid	noun
världsrymd	noun
världssamfund	noun
världsstad	noun
världsstjärna	noun
världstillvänd	adj
världstillvändhet	noun
världströtthet	noun
världsutställning	noun
världsvan	adj
världsvana	noun
världsvid	adj
världsvälde	noun
världsåskådning	noun
värma	verb
värmdö	name
värme	noun
värmebehandla	verb
värmebehandling	noun
värmebölja	noun
värmedyna	noun
värmedöd	noun
värmeenergi	noun
värmegrad	noun
värmekraftverk	noun
värmeljus	noun
värmepanna	noun
värmeplatta	noun
värmepump	noun
värmerekord	noun
värmeresistent	adj
värmeslag	noun
värmestrålning	noun
värmeverk	noun
värmland	name
värmlandskorv	noun
värmländska	noun
värmlänning	noun
värmning	noun
värn	noun
värna	verb
värnamo	name
värnlös	adj
värnlöshet	noun
värnlöst	adv
värnplikt	noun
värnpliktig	adj
värnpliktskonferens	noun
värnpliktskongress	noun
värpa	verb
värstascenario	noun
värva	verb
värvning	noun
väs	intj
väsa	verb
väsen	noun
väsensskild	adj
väsentlig	adj
väsentligen	adv
väsentlighet	noun
väsentligt	adv
väska	noun
väskryckare	noun
väskryckning	noun
väsnas	verb
väsning	noun
vässa	verb
vässning	noun
väst	adv,noun
västafrika	name
västafrikansk	adj
västanvind	noun
västasiatisk	adj
västasien	name
västbanken	name
västberlin	name
västblock	noun
västbo	name
väster	adv,noun
västerbotten	name
västerbottnisk	adj
västergötland	name
västerled	noun
västerländsk	adj
västerlänning	noun
västern	noun
västernfilm	noun
västernorrland	name
västerut	adv
västervik	name
västerås	name
västeröver	adv
västeuropa	name
västeuropeisk	adj
västfront	noun
västgot	noun
västgotisk	adj
västgöte	noun
västindien	name
västindier	noun
västkust	noun
västkustsk	adj
västland	noun
västlig	adj
västmanland	name
västmanlänning	noun
västnordväst	adv
västnordvästlig	adj
västra	adj
västromersk	adj
västsahara	name
västsverige	name
västsydväst	adv
västsydvästlig	adj
västtysk	adj,noun
västtyska	noun
västtyskland	name
västvärld	noun
västvärlden	noun
väståboland	name
väta	noun,verb
väte	noun
vätebindning	noun
vätebomb	noun
väteklorid	noun
vätekärna	noun
väteperoxid	noun
vätgas	noun
vätgasexplosion	noun
vätska	noun
vätskebrist	noun
vätskekultur	noun
vätte	noun
vättern	name
väv	noun
väva	verb
vävd	adj
vävnad	noun
vävning	noun
vävstol	noun
växa	verb
växande	adj,noun
växel	noun
växelkurs	noun
växellåda	noun
växelreglage	noun
växelspak	noun
växelström	noun
växeltunga	noun
växelvarm	adj
växelverkan	noun
växelvis	adj,adv
växjö	name
växla	verb
växling	noun
växlingsrik	adj
växt	noun
växtart	noun
växtbaserad	adj
växtfamilj	noun
växtgeografi	noun
växthus	noun
växthuseffekt	noun
växthusgas	noun
växthusgasutsläpp	noun
växtlighet	noun
växtliv	noun
växtnamn	noun
växtstekel	noun
växtvärk	noun
växtätare	noun
våd	noun
våda	noun
vådaskjuta	verb
vådaskjuten	adj
vådaskott	noun
vådeld	noun
vådlig	adj
vådlighet	noun
våffeldag	noun
våffeljärn	noun
våffelstrut	noun
våffelstuga	noun
våffeltång	noun
våffla	noun,verb
våg	noun
våga	verb
vågad	adj
vågbassäng	noun
vågbrytare	noun
vågdal	noun
vågen	name
vågenergi	noun
vågform	noun
vågfunktion	noun
våghals	noun
våghalsig	adj
våghalsighet	noun
vågig	adj
vågighet	noun
våglängd	noun
vågmaskin	noun
vågmästare	noun
vågmästarstat	noun
vågrät	adj
vågrätt	adv
vågskål	noun
vågspel	noun
vågstycke	noun
vågtal	noun
vågtopp	noun
våld	noun
våldgästa	verb
våldsam	adj
våldsamhet	noun
våldsamt	adv
våldsbejakande	adj
våldsbenägen	adj
våldsbrott	noun
våldsdyrkare	noun
våldsdåd	noun
våldskapital	noun
våldsmonopol	noun
våldspornografi	noun
våldsporr	noun
våldsrotel	noun
våldsskildring	noun
våldsspiral	noun
våldsupptrappning	noun
våldsutövning	noun
våldsverkare	noun
våldsvåg	noun
våldta	verb
våldtagare	noun
våldtäkt	noun
våldtäktsförsök	noun
våldtäktsman	noun
våldtäktsoffer	noun
vålla	verb
vållande	noun
vålnad	noun
våm	noun
vånda	noun
våndas	verb
vång	noun
våning	noun
våningsplan	noun
våningssäng	noun
våp	noun
våpig	adj
våpighet	noun
vår	noun,pron
våra	pron
våradonis	noun
våras	verb
vårberg	name
vårbrodd	noun
vårbudget	noun
vård	noun
vårda	verb
vårdad	adj
vårdagjämning	noun
vårdare	noun
vårdavdelning	noun
vårdbehov	noun
vårdbesök	noun
vårdbiträde	noun
vårdbolag	noun
vårdcentral	noun
vårdföretag	noun
vårdförsäkring	noun
vårdgivare	noun
vårdhem	noun
vårdkase	noun
vårdkö	noun
vårdnad	noun
vårdnadshavare	noun
vårdnadstvist	noun
vårdpersonal	noun
vårdsektor	noun
vårdslös	adj
vårdslöshet	noun
vårdtid	noun
vårfin	adj
vårfrudag	noun
vårförälskelse	noun
vårhimmel	noun
vårig	adj
vårkappa	noun
vårkväll	noun
vårlig	adj
vårlik	adj
vårlök	noun
vårmånad	noun
vårproposition	noun
vårregn	noun
vårrengöring	noun
vårrulle	noun
vårsession	noun
vårsol	noun
vårstädning	noun
vårsäsong	noun
vårta	noun
vårtecken	noun
vårtermin	noun
vårtgård	noun
vårtig	adj
vårting	noun
vårtsvin	noun
vårutställning	noun
vårvecka	noun
vårväder	noun
våt	adj
våtarv	noun
våtdräkt	noun
våtmark	noun
våtservett	noun
völva	noun
vörda	verb
vördig	adj
vördnad	noun
vördnadsbjudande	adj
vördnadsfull	adj
vördnadsvärd	adj
vördnadsvärdhet	noun
vördsam	adj
vördsamhet	noun
vört	noun
vörtbröd	noun
vörtlimpa	noun
vörtstyrka	noun
w	character
w-boson	noun
wagneriansk	adj
wahlroos	name
wahlström	name
wakeboard	noun
wakeboardtorn	noun
wakeboardåkare	noun
wakeboardåkning	noun
waldemar	name
wales	name
walesare	noun
walesisk	adj
walesiska	noun
wallah	intj
wallander	name
wallin	name
wallraffa	verb
walter	name
warszawa	name
wasabi	noun
washington	name
watt	noun
wc	noun
webb	noun
webbaserad	adj
webbkonferens	noun
webbläsare	noun
webbplats	noun
webbredaktör	noun
webbsajt	noun
webbsida	noun
webbsök	noun
weber	noun
weekend	noun
wellpapp	noun
weltervikt	noun
welterviktare	noun
werner	name
westerberg	name
westerlund	name
western	noun
westfalisk	adj
westman	name
wetlook	noun
whiplash	noun
whiplashskada	noun
whisky	noun
whiteboard	noun
whiteboardtavla	noun
who	name
wiccan	noun
wickman	name
widforss	name
wien	name
wienerbröd	noun
wienerschnitzel	noun
wienklassicism	noun
wienklassicist	noun
wienklassicistisk	adj
wiki	noun
wikifiera	verb
wikipedia	name
wikipedian	noun
wikström	name
wiktionary	name
wiktorin	name
wilhelm	intj,name
wilhelmina	name
wille	name
william	name
willy	name
wilma	name
wilsonsimsnäppa	noun
wok	noun
woka	verb
wokpanna	noun
wow	intj
wranå	name
wt	adj,noun
x-axel	noun
x-kromosom	noun
xantippa	noun
xenofob	noun
xenofobi	noun
xenofobisk	adj
xenon	noun
xenonlampa	noun
xerofyt	noun
xhosa	noun
xylofon	noun
xylofonist	noun
y	character
y-kromosom	noun
yacht	noun
yachtklubb	noun
ydre	name
yeti	noun
yggersryd	name
yggersrydsjön	name
yl	noun
yla	verb
ylande	noun
ylle	noun
ylning	noun
ylva	name
ymnig	adj
ymnighet	noun
ymnighetshorn	noun
ymnigt	adv
ymp	noun
ympa	verb
ympning	noun
yngel	noun
yngelröta	noun
yngla	verb
yngling	noun
yngve	intj,name
ynklig	adj
ynklighet	noun
ynkligt	adv
ynkling	noun
ynkrygg	noun
ynnest	noun
yoghurt	noun
yogurt	noun
yppa	verb
yppandeförbud	noun
ypperlig	adj
ypperligt	adv
ypperst	adj
yppig	adj
yppighet	noun
yr	adj,noun
yra	noun,verb
yrhet	noun
yrka	verb
yrkad	adj
yrkande	noun
yrke	noun
yrkesfiskare	noun
yrkesfiske	noun
yrkesförbrytare	noun
yrkesgrupp	noun
yrkeskriminell	adj
yrkesman	noun
yrkesmässig	adj
yrkesmässigt	adv
yrkesmördare	noun
yrkesofficer	noun
yrkespolitiker	noun
yrkesprogram	noun
yrkesskada	noun
yrkesskicklig	adj
yrkesskicklighet	noun
yrkesskola	noun
yrkessoldat	noun
yrkestrafik	noun
yrkesutbildning	noun
yrkesutövning	noun
yrkesval	noun
yrsa	name
yrsel	noun
yrvaken	adj
yrvakenhet	noun
yrväder	noun
ysta	verb
ystad	name
yster	adj
ysterhet	noun
yta	noun
ytbärgare	noun
ytfartyg	noun
ytlig	adj
ytlighet	noun
ytligt	adv
ytmått	noun
ytspänning	noun
ytstridsfartyg	noun
ytter	noun
ytterback	noun
ytterbium	noun
ytterby	name
ytterdörr	noun
ytterkläder	noun
ytterlig	adj
ytterligare	adv
ytterliggare	adv
ytterlighet	noun
ytterlighetsgrupp	noun
ytterligt	adv
yttermera	adj
ytterplagg	noun
ytterst	adv
yttersta	adj
yttertak	noun
yttervägg	noun
ytteröra	noun
yttra	verb
yttrad	adj
yttrande	noun
yttrandefrihet	noun
yttrandefrihetsbrott	noun
yttrandefrihetsgrundlag	noun
yttre	adj
yttring	noun
yttrium	noun
ytvatten	noun
ytved	noun
yuppie	noun
yverboren	adj
yvig	adj
yvighet	noun
yvonne	name
yxa	noun,verb
yxmördare	noun
yxskaft	noun
z	character
z-boson	noun
z-transform	noun
zaire	name
zakarias	name
zambia	name
zambier	noun
zambisk	adj
zambiska	noun
zaporizjzja	name
zebra	noun
zebrafisk	noun
zemfira	name
zemstvo	noun
zenbuddhism	noun
zenbuddism	noun
zenbuddist	noun
zenbuddistisk	adj
zenerdiod	noun
zenit	noun
zenitpunkt	noun
zeppelinare	noun
zest	noun
zeus	name
zigenare	noun
zigenarkapell	noun
zigensk	adj
zimbabwe	name
zimbabwier	noun
zimbabwiska	noun
zink	noun
zirkonium	noun
zlatan	name
zloty	noun
zodiakalljus	noun
zodiaktecken	noun
zombie	noun
zombieaktig	adj
zombifiera	verb
zon	noun
zonindelning	noun
zoo	noun
zoofil	adj,noun
zoofili	noun
zoofobi	noun
zoolog	noun
zoologi	noun
zoologisk	adj
zooma	verb
zoomning	noun
zoomobjektiv	noun
zucchini	noun
zulu	noun
zygot	noun
ä	character
äckel	noun
äckelgubbe	noun
äckla	verb
äcklad	adj
äcklig	adj
äcklighet	noun
ädel	adj
ädelcypress	noun
ädelgas	noun
ädelhet	noun
ädelkräfta	noun
ädelmetall	noun
ädelmod	noun
ädelmodig	adj
ädelost	noun
ädelpapegoja	noun
ädelsten	noun
ädling	noun
äga	noun,verb
ägande	noun
äganderätt	noun
ägare	noun
ägarskap	noun
ägd	adj
ägg	noun
äggakaka	noun
äggcell	noun
äggdonator	noun
äggformad	adj
äggformig	adj
ägghalva	noun
äggkartong	noun
äggkopp	noun
äggledare	noun
ägglikör	noun
ägglossning	noun
äggläggande	adj
äggläggning	noun
äggmacka	noun
äggnudel	noun
äggplanta	noun
äggrätt	noun
äggröra	noun
äggskal	noun
äggstock	noun
äggtoddy	noun
äggula	noun
äggvita	noun
ägiljett	noun
ägna	verb
ägo	noun
ägodel	noun
ägotvist	noun
ägretthäger	noun
äh	intj
äkta	adj,verb
äktenskap	noun
äktenskaplig	adj
äktenskapsbrott	noun
äktenskapsbrytare	noun
äktenskapsbryterska	noun
äktenskapsförord	noun
äktenskapsmäklare	noun
äktenskapsskillnad	noun
äkthet	noun
äkthetsintyg	noun
äldreboende	noun
äldreomsorg	noun
äldste	noun
älg	noun
älga	verb
älgfärs	noun
älgjakt	noun
älgkliv	noun
älgko	noun
älgoxe	noun
älgskylt	noun
älgstudsare	noun
älgtest	noun
älgtjur	noun
älling	noun
älmtaryd	name
älska	verb
älskad	adj
älskan	noun
älskansvärd	adj
älskare	noun
älskarinna	noun
älsklig	adj
älskling	noun
älsklingsförfattare	noun
älsklingsrätt	noun
älsklingsuttryck	noun
älskvärd	adj
älskvärdhet	noun
älta	verb
älv	noun
älva	noun
älvdalen	name
älvdalsk	adj
älvdalska	noun
älvdalskt	adv
älvsbyn	name
älvsjö	name
ämabel	adj
ämbar	noun
ämbete	noun
ämbetsman	noun
ämna	verb
ämnad	adj
ämne	noun
ämnesområde	noun
ämnesomsättning	noun
ämnesråd	noun
ämnessakkunnig	noun
än	adv,conj
ända	adj,adv,noun,verb
ändamål	noun
ändamålsenlig	adj
ändamålslös	adj
ändamålslöshet	noun
ände	noun
ändelse	noun
ändhållplats	noun
ändlig	adj
ändligdimensionell	adj
ändlighet	noun
ändlös	adj
ändlöshet	noun
ändock	adv
ändpunkt	noun
ändra	verb
ändrad	adj
ändrim	noun
ändring	noun
ändstation	noun
ändtarm	noun
ändtarmsöppning	noun
ändå	adv
äng	noun
ängel	noun
ängelholm	name
änggården	name
änglalik	adj
änglamakerska	noun
änglamat	noun
änglatrumpet	noun
änglavakt	noun
ängshök	noun
ängslan	noun
ängslig	adj
ängslighet	noun
ängspiplärka	noun
ängsull	noun
änka	noun
änkeman	noun
änkestånd	noun
änkestöt	noun
änkling	noun
änne	noun
änns	adv
ännu	adj,adv
äntligen	adv,intj
äntra	verb
äntring	noun
äppeljuice	noun
äppelkaka	noun
äppelkart	noun
äppelkräm	noun
äppelkärna	noun
äppelmos	noun
äppelpaj	noun
äppelros	noun
äppelskal	noun
äppelskrott	noun
äppelskrutt	noun
äppelsyra	noun
äppelträd	noun
äpple	noun
ära	noun,verb
äregirig	adj
äregirighet	noun
ärekränka	verb
ärekränkning	noun
ärelysten	adj
ärelystnad	noun
ärelös	adj
ärelöshet	noun
ärende	noun
ärevarv	noun
ärevördig	adj
ärevördighet	noun
ärftlig	adj
ärftlighet	noun
ärftligt	adv
ärja	verb
ärkebiskop	noun
ärkebiskopsdöme	noun
ärkefiende	noun
ärkehertig	noun
ärkehertiginna	noun
ärkekonservativ	adj
ärkenöt	noun
ärkerival	noun
ärkestift	noun
ärkeängel	noun
ärla	noun
ärlig	adj,name
ärlighet	noun
ärm	noun
ärmlös	adj
ärofull	adj
ärofullt	adv
ärofylld	adj
ärorik	adj
ärr	noun
ärra	verb
ärrad	adj
ärt	noun
ärta	noun
ärtbössa	noun
ärtpistol	noun
ärtskocka	noun
ärtsoppa	noun
ärtsångare	noun
ärva	verb
äsch	intj
äska	noun
äsping	noun
äss	noun
ässja	noun
äta	verb
ätbar	adj
ätbarhet	noun
ätlig	adj
ätlighet	noun
ätpinne	noun
ätstörning	noun
ätt	noun
ätteklubba	noun
ättestupa	noun
ättika	noun
ättiksgurka	noun
ättikslag	noun
ättiksprit	noun
ättiksyra	noun
ättling	noun
ätäpple	noun
även	adv
ävensom	conj
äventyr	noun
äventyra	verb
äventyrare	noun
äventyrerska	noun
äventyrlig	adj
äventyrlighet	noun
äventyrligt	adv
äventyrsbad	noun
äventyrsberättelse	noun
äventyrsfilm	noun
äventyrslust	noun
äventyrslusta	noun
äventyrslysten	adj
äventyrslystnad	noun
äventyrsroman	noun
äventyrsspel	noun
äventyrssport	noun
äventyrsturism	noun
ävja	noun
å	character,noun,prep
åb	noun
åberg	name
åberopa	verb
åberopbar	adj
åbo	name
åbrodd	noun
åbäke	noun
åda	noun
ådagalägga	verb
åder	noun
åderbråck	noun
åderförfettning	noun
åderförkalkad	adj
åderförkalkning	noun
åderhinna	noun
åderlåta	verb
åderlåtning	noun
ådra	noun,verb
ådrad	adj
ådrig	adj
ådrighet	noun
ådring	noun
ådöma	verb
åfors	name
ågren	name
åh	intj
åhlström	name
åhöra	verb
åhörare	noun
åja	intj
åk	noun
åka	verb
åkalla	verb
åkallan	noun
åkallelse	noun
åkare	noun
åkdon	noun
åke	intj,name
åker	noun
åkerblom	name
åkerbär	noun
åkergroda	noun
åkeri	noun
åkerinäring	noun
åkerlund	name
åkerman	name
åkermark	noun
åkerren	noun
åkersberga	name
åkerspöke	noun
åkerström	name
åkerstycke	noun
åkertistel	noun
åkesson	name
åklaga	verb
åklagarbeslut	noun
åklagare	noun
åklagarkammare	noun
åklagarvittne	noun
åklapp	noun
åkning	noun
åkomma	noun
åksjuka	noun
ål	noun
åla	verb
ålagille	noun
åland	name
ålandsrot	noun
ålborg	name
ålder	noun
ålderdom	noun
ålderdomlig	adj
ålderdomshem	noun
ålderism	noun
ålderistisk	adj
åldersdiskriminering	noun
åldersgrupp	noun
åldersgräns	noun
åldersskäl	noun
ålderssynt	adj
ålderstigen	adj
åldfru	noun
åldrad	adj
åldrande	noun
åldras	verb
åldrig	adj
åldring	noun
åldringshem	noun
ålfiskare	noun
åligga	verb
ålkupa	noun
ålryssja	noun
ålskinn	noun
åltina	noun
ålägga	verb
ålänning	noun
åm	noun
åminnelse	noun
åmning	noun
åmål	name
ånga	noun
ångare	noun
ångbåt	noun
ångdriven	adj
ånger	noun
ångerfull	adj
ångerfullhet	noun
ångerfullt	adv
ångerfylld	adj
ångerköpt	adj
ångermanland	name
ångermanlänning	noun
ångest	noun
ångestanfall	noun
ångestattack	noun
ångestfull	adj
ångestfylld	adj
ångestrop	noun
ångestskri	noun
ångestsyndrom	noun
ångfartyg	noun
ångkoka	verb
ångkokare	noun
ångkokning	noun
ångkraft	noun
ånglok	noun
ångmaskin	noun
ångpanna	noun
ångra	verb
ångström	name,noun
ångturbin	noun
ångvält	noun
ånnsjön	name
åp-höjd	noun
år	noun
åra	noun
åratal	noun
årder	noun
årfot	noun
årgång	noun
århundrade	noun
århus	name
åring	noun
årlig	adj
årligen	adv
årsabonnemang	noun
årsbok	noun
årsdag	noun
årsfest	noun
årsinkomst	noun
årskull	noun
årskurs	noun
årslön	noun
årsmöte	noun
årsproduktion	noun
årsredovisning	noun
årsskifte	noun
årsstämma	noun
årstad	name
årstakt	noun
årstid	noun
årsvis	adj,adv
årsväxt	noun
årta	noun
årtag	noun
årtal	noun
årtionde	noun
årtusende	noun
ås	noun
åsa	name
åsamka	verb
åsidosätta	verb
åsidosättande	noun
åsikt	noun
åsiktsbrott	noun
åsiktsfrihet	noun
åsiktsförtryck	noun
åsiktskorridor	noun
åsiktsregistrera	verb
åsiktsyttring	noun
åska	noun,verb
åskblå	adj
åskgud	noun
åskledare	noun
åskmoln	noun
åsknedslag	noun
åskoväder	noun
åskskydd	noun
åskslag	noun
åskväder	noun
åskåda	verb
åskådare	noun
åskådarplats	noun
åskådlig	adj
åskådliggöra	verb
åskådning	noun
åslund	name
åsna	noun
åsneaktig	adj
åstadkomma	verb
åstadkommande	noun
åstadkommen	adj
åström	name
åsyfta	verb
åsyn	noun
åt	prep
åta	verb
åtagande	noun
åtal	noun
åtala	verb
åtalad	adj
åtalbar	adj
åtalbarhet	noun
åtalseftergift	noun
åtalsimmunitet	noun
åtalsjury	noun
åtalspunkt	noun
åtanke	noun
åtbörd	noun
åtel	noun
åtelkamera	noun
åter	adv
återanpassa	verb
återanpassning	noun
återanvända	verb
återanvändning	noun
återberätta	verb
återbesök	noun
återbetala	verb
återbetalning	noun
återbud	noun
återbära	verb
återbäring	noun
återbörda	verb
återbördande	noun
återerövra	verb
återerövring	noun
återetablera	verb
återetablering	noun
återfall	noun
återfalla	verb
återfallsförbrytare	noun
återfinna	verb
återfukta	verb
återfuktande	adj
återfå	verb
återföda	verb
återfödd	adj
återfödelse	noun
återföra	verb
återförena	verb
återförening	noun
återföreningsmatch	noun
återförsäkra	verb
återförsäkring	noun
återförsälja	verb
återförsäljare	noun
återförsäljning	noun
återförvisa	verb
återförvisning	noun
återge	verb
återgiva	verb
återgivning	noun
återgälda	verb
återgå	verb
återgång	noun
återhämta	verb
återhämtning	noun
återhålla	verb
återhållsam	adj
återhållsamhet	noun
återhållsamt	adv
återigen	adv
återinföra	verb
återinförande	noun
återintroducera	verb
återinvestera	verb
återinviga	verb
återinvigning	noun
återkalla	verb
återkallelse	noun
återkasta	verb
återkatolisera	verb
återklang	noun
återklinga	verb
återknyta	verb
återkolonisera	verb
återkomma	verb
återkommande	adj
återkomst	noun
återkoppla	verb
återkoppling	noun
återkrav	noun
återkval	noun
återköp	noun
återlämna	verb
återlämning	noun
återlösa	verb
återlösare	name
återlösning	noun
återse	verb
återseende	noun
återskall	noun
återskalla	verb
återskapa	verb
återspegla	verb
återspeglad	adj
återspegling	noun
återstart	noun
återstarta	verb
återstod	noun
återställa	verb
återställare	noun
återställd	adj
återställning	noun
återställningstecken	noun
återstå	verb
återta	verb
återuppbygga	verb
återuppbyggnad	noun
återuppleva	verb
återuppliva	verb
återupplivning	noun
återupplivningsförsök	noun
återuppnå	verb
återupprätta	verb
återupprättelse	noun
återuppstå	verb
återuppståndelse	noun
återuppstånden	adj
återuppta	verb
återupptäcka	verb
återupptäckt	adj,noun
återuppväcka	verb
återuppväckelse	noun
återval	noun
återvalskampanj	noun
återvandra	verb
återvandring	noun
återvinna	verb
återvinning	noun
återvinningsbar	adj
återvinningsstation	noun
återvälja	verb
återvända	verb
återvändare	noun
återvändsgränd	noun
återvätning	noun
återväxa	verb
återväxt	noun
åtfölja	verb
åtgärd	noun
åtgärda	verb
åtgärdsbedömning	noun
åtgå	verb
åtgång	noun
åtgången	adj
åthutning	noun
åthäva	noun
åtkomlig	adj
åtkomlighet	noun
åtkomst	noun
åtkomstkod	noun
åtlyda	verb
åtlöje	noun
åtminstonde	adv
åtminstone	adv
åtnjuta	verb
åtnjutande	noun
åtnjuten	adj
åtrå	noun,verb
åtråvärd	adj
åtsida	noun
åtsittande	adj
åtskilja	verb
åtskillig	adj
åtskilligt	adv
åtskillnad	noun
åtsmitande	adj
åtstramning	noun
åtta	noun,num
åttahundra	num
åttahundratal	noun
åttatiden	noun
åttaårig	adj
åttaåring	noun
åttio	num
åttioen	num
åttioett	num
åttiofem	num
åttiofyra	num
åttioförsta	adj
åttionde	adj
åttiondel	noun
åttionio	num
åttiosex	num
åttiosju	num
åttiotal	noun
åttiotre	num
åttiotvå	num
åttioårig	adj
åttioåring	noun
åttioåtta	num
åttkantig	adj
åttonde	num
åttondedel	noun
åttondel	noun
åttondelsfinal	noun
åttondelsnot	noun
åtvidaberg	name
åverkan	noun
åvila	verb
åävla	noun
ö	character,noun
öb	noun
öberg	name
öbo	noun
öda	verb
öde	adj,noun
ödebygd	noun
ödegård	noun
ödekyrka	noun
ödelägga	verb
ödeläggande	adj
ödeläggelse	noun
ödem	noun
ödemark	noun
ödesbestämd	adj
ödesdiger	adj
ödesfråga	noun
ödesgemenskap	noun
ödesgudinna	noun
ödeshög	name
ödesmättad	adj
ödestro	noun
ödetorp	noun
ödla	noun
ödmjuk	adj
ödmjuka	verb
ödmjukhet	noun
ödsla	verb
ödslig	adj
ödslighet	noun
öga	noun
ögla	noun,verb
ögna	verb
ögonbindel	noun
ögonblick	noun
ögonblicklig	adj
ögonblickligen	adv
ögonblicksbild	noun
ögonbryn	noun
ögonfrans	noun
ögonfärg	noun
ögonglob	noun
ögongrus	noun
ögonhåla	noun
ögonhöjd	noun
ögoninflammation	noun
ögonkast	noun
ögonkontakt	noun
ögonkorall	noun
ögonlapp	noun
ögonlock	noun
ögonläkare	noun
ögonmått	noun
ögonsjukdom	noun
ögonsten	noun
ögontjänare	noun
ögonvita	noun
ögonvittne	noun
ögonvittnesskildring	noun
ögonvrå	noun
ögonöppnare	noun
ögrupp	noun
öh	intj
öht	adv
ök	noun
öka	verb
ökad	adj
ökande	adj,noun
öken	noun
ökenartad	adj
ökenfader	noun
ökenfolk	noun
ökenhetta	noun
ökenkatträv	noun
ökenlandskap	noun
ökenlöpare	noun
ökenmoder	noun
ökennattskärra	noun
ökenpipare	noun
ökenråtta	noun
ökenspridning	noun
ökenstenskvätta	noun
ökenstorm	noun
ökensångare	noun
ökentrumpetare	noun
ökenutbredning	noun
ökenvandring	noun
öknamn	noun
ökning	noun
ökänd	adj
ökändhet	noun
öl	noun
öland	name
ölbryggeri	noun
ölburk	noun
öldrickare	noun
ölflaska	noun
ölglas	noun
ölhall	noun
ölkagge	noun
ölkorv	noun
ölkultur	noun
ölmage	noun
ölsejdel	noun
ölskatt	noun
ölsort	noun
ölstuga	noun
öltält	noun
ölänning	noun
ölöppnare	noun
öm	adj
ömfotad	adj
ömhet	noun
ömhetsbevis	noun
ömhjärtad	adj
ömka	verb
ömkan	noun
ömkansvärd	adj
ömkansvärt	adv
ömklig	adj
ömkligen	adv
ömklighet	noun
ömma	verb
ömmande	adj
ömsa	verb
ömse	adj
ömsesidig	adj
ömsesidighet	noun
ömsevis	adv
ömsinnad	adj
ömsint	adj
ömsinthet	noun
ömsning	noun
ömsom	adv
ömtålig	adj
ömtålighet	noun
önation	noun
önordisk	adj
önska	verb
önskad	adj
önskan	noun
önskedröm	noun
önskelista	noun
önskemål	noun
önsketänk	noun
önsketänka	verb
önsketänkande	adj,noun
önskning	noun
önskvärd	adj
önskvärdhet	noun
öppen	adj
öppenhet	noun
öppenhjärtig	adj
öppenhjärtighet	noun
öppenvård	noun
öppenvårdsmottagning	noun
öppet	adv
öppettid	noun
öppna	verb
öppnare	noun
öppning	noun
öppningsbar	adj
öppningsceremoni	noun
öppningsfilm	noun
öppningsmatch	noun
öppningsspår	noun
öra	noun
öre	noun
örebro	name
öregrund	name
örepublik	noun
öresund	name
öresundsbron	name
örfil	noun
örfila	verb
örhänge	noun
örike	noun
öring	noun
örjan	name
örlogsbas	noun
örlogsfartyg	noun
örlogsflotta	noun
örlogskapten	noun
örlogsman	noun
örlogsskepp	noun
örlogsskola	noun
örn	intj,name,noun
örnbräken	noun
örnfjäder	noun
örngott	noun
örnnäsa	noun
örnnäste	noun
örnsköldsvik	name
örnunge	noun
örnvinge	noun
örnvråk	noun
öronbedövande	adj
örongodis	noun
öronmanet	noun
öronmuff	noun
öronmussla	noun
öronmärka	verb
öronmärkt	adj
öronpropp	noun
öronskydd	noun
öronsnibb	noun
öronspottkörtel	noun
öronsäl	noun
örontrumpet	noun
öronvax	noun
örsnibb	noun
ört	noun
örtagård	noun
örtig	adj
örtighet	noun
örtigt	adv
örtkrydda	noun
örtsmör	noun
örtte	noun
örtug	noun
ösa	verb
ösig	adj
öskar	noun
ösregn	noun
ösregna	verb
öst	adv,noun
östafrika	name
östafrikansk	adj
östanvind	noun
östasiatisk	adj
östasien	name
östat	noun
östberg	name
östberlin	name
östblock	noun
östblocket	noun
östbo	name
östdansk	noun
östen	intj,name
öster	adv,noun
österberg	name
österbotten	name
österbottnisk	adj
österbybruk	name
östergötland	name
österland	name
österled	noun
österländsk	adj
österlänning	noun
östermalm	name
österman	name
östermark	name
österrikare	noun
österrike	name
österrike-ungern	name
österrikisk	adj
österrikiska	noun
östersjön	name
östersund	name
österut	adv
österåker	name
österöver	adv
östeuropa	name
östeuropeisk	adj
östfront	noun
östgot	noun
östgotisk	adj
östgöte	noun
östhammar	name
östkust	noun
östkyrka	noun
östlig	adj
östlund	name
östman	name
östortodox	adj
östpreussen	name
östra	adj
östrogen	noun
östromersk	adj
öststat	noun
östtimor	name
östtimorian	noun
östtimoriansk	adj
östtimorianska	noun
östtysk	adj,noun
östtyska	noun
östtyskland	name
öva	verb
över	adv,postp,prep
överallt	adv
överanalysera	verb
överanstränga	verb
överansträngd	adj
överarbeta	verb
överarbetning	noun
överarm	noun
överarmsben	noun
överbalans	noun
överbefolkad	adj
överbefolkning	noun
överbefälhavare	noun
överbelamrad	adj
överbelasta	verb
överbelastning	noun
överbelastningsattack	noun
överbemanning	noun
överbestämd	adj
överbetald	adj
överbetalning	noun
överbett	noun
överbevisa	verb
överbibliotekarie	noun
överblick	noun
överblicka	verb
överblickbar	adj
överbliven	adj
överbord	adv
överbrygga	verb
överbud	noun
överbudspolitik	noun
överdel	noun
överdirektör	noun
överdomare	noun
överdomstol	noun
överdos	noun
överdosera	verb
överdosering	noun
överdrag	noun
överdragskläder	noun
överdragsplagg	noun
överdrift	noun
överdriva	verb
överdriven	adj
överdåd	noun
överdådig	adj
överdådighet	noun
överdödlighet	noun
överens	adv
överenskommelse	noun
överensstämma	verb
överensstämmelse	noun
överfall	noun
överfalla	verb
överfallen	adj
överfiska	verb
överfiske	noun
överfiskning	noun
överflygla	verb
överflöd	noun
överflöda	verb
överflödig	adj
överflödighet	noun
överfull	adj
överföra	verb
överförbar	adj
överförbarhet	noun
överförd	adj
överföring	noun
överföringshastighet	noun
överge	verb
övergiven	adj
överglänsa	verb
övergrepp	noun
övergripande	adj
övergå	verb
övergång	noun
övergångsbestämmelse	noun
övergångsjacka	noun
övergångsperiod	noun
övergångsregel	noun
övergångsregering	noun
övergångsrit	noun
övergångsställe	noun
övergångsålder	noun
övergöda	verb
övergödning	noun
överhanden	noun
överhet	noun
överhetta	verb
överhettning	noun
överhistorisk	adj
överhud	noun
överhuvud	adv,noun
överhuvudtaget	adv
överhängande	adj
överhöghet	noun
överhöra	verb
överideologi	noun
överila	verb
överilad	adj
överinseende	noun
överintresserad	adj
överjag	noun
överkalix	name
överkant	noun
överkast	noun
överklaga	verb
överklagan	noun
överklass	noun
överklassflicka	noun
överklasspojke	noun
överklocka	verb
överklädd	adj
överkomlig	adj
överkompensera	verb
överkompensering	noun
överkropp	noun
överkurs	noun
överkvalificerad	adj
överkäke	noun
överkänslig	adj
överkänslighet	noun
överkörning	noun
överlag	adv
överlagd	adj
överlapp	noun
överlappa	verb
överlappande	adj,adv,noun
överlasta	verb
överleva	verb
överlevare	noun
överlevnad	noun
överlevnadschans	noun
överlevnadsinstinkt	noun
överlevnadskniv	noun
överliggare	noun
överlista	verb
överlistad	adj
överljudshastighet	noun
överlycklig	adj
överläge	noun
överlägga	verb
överläggning	noun
överlägsen	adj
överlägsenhet	noun
överlämna	verb
överlämning	noun
överlåta	verb
överlåtbar	adj
överlåtelse	noun
överlöpare	noun
övermaga	adj
övermakt	noun
överman	noun
övermanna	verb
övermod	noun
övermodig	adj
övermogen	adj
övermorgon	noun
övermäktig	adj
övermänniska	noun
övermänsklig	adj
övermätt	adj
övermåttan	adv
övernationell	adj
övernatta	verb
övernattning	noun
övernaturlig	adj
övernaturlighet	noun
övernitisk	adj
överordna	verb
överordnad	adj
överpris	noun
överproduktion	noun
överpröva	verb
överraska	verb
överraskande	adj,adv
överraskning	noun
överraskningsmoment	noun
överreagera	verb
överreaktion	noun
överrede	noun
överreklamerad	adj
överrepresenterad	adj
överrock	noun
överrumpla	verb
överrumplad	adj
överrumpling	noun
överräcka	verb
överräckning	noun
överrösta	verb
övers	noun
överse	verb
överseende	noun
översexualisera	verb
översexualisering	noun
översexuell	adj
översida	noun
översikt	noun
översiktlig	adj
översiktlighet	noun
översiktsverk	noun
översinnlighet	noun
översittare	noun
översittarfasoner	noun
översitteri	noun
överskatta	verb
överskattad	adj
överskattning	noun
överskott	noun
överskottsenergi	noun
överskottsyrke	noun
överskrida	verb
överskrift	noun
överskugga	verb
överskådlig	adj
överskådlighet	noun
överslag	noun
överslagsberäkning	noun
överslagsräkning	noun
överspänd	adj
överspänningsskydd	noun
överst	adv
översta	adj
överste	noun
överstelöjtnant	noun
överstepräst	noun
överstiga	verb
överstiglig	adj
överstimulera	verb
överstimulerad	adj
överstinna	noun
överstrykning	noun
överstrykningspenna	noun
överstyr	adv
överstå	verb
överstående	adv
överstökad	adj
översvämma	verb
översvämning	noun
översvämningsdrabbad	adj
översvämningsskada	noun
översyn	noun
översynt	adj
översynthet	noun
översätta	verb
översättare	noun
översättbar	adj
översättning	noun
översättningsfel	noun
översättningslån	noun
översättningsordbok	noun
översållad	adj
överta	verb
övertag	noun
övertala	verb
övertalning	noun
övertalningsförsök	noun
övertid	noun
övertidsarbete	noun
övertolka	verb
övertramp	noun
övertrassera	verb
övertrassering	noun
övertro	noun
övertrumfa	verb
övertryck	noun
överträda	verb
överträdelse	noun
överträdelsesynd	noun
överträffa	verb
övertydlig	adj
övertyga	verb
övertygelse	noun
övertäcka	verb
övertänd	adj
övertändning	noun
övervaka	verb
övervakning	noun
övervakningsbild	noun
övervakningsfilm	noun
övervakningskamera	noun
övervakningsmyndighet	noun
övervakningsstyrka	noun
övervara	verb
övervattensfartyg	noun
övervikt	noun
överviktig	adj
övervinna	verb
övervintra	verb
övervintring	noun
överväga	verb
övervägande	adj,adv,noun
överväldiga	verb
överväldigande	adj
övervärdera	verb
övervärdering	noun
övervåld	noun
övervåning	noun
överända	adv
överåklagare	noun
överösa	verb
överösning	noun
övlig	adj
övning	noun
övningsbil	noun
övningsbok	noun
övningsflygning	noun
övningsfält	noun
övningshäfte	noun
övningsköra	verb
övningsområde	noun
övningsvagn	noun
övre	adj
övrig	adj
