de	1000000	PREPOSITION
je	984947	OTHER
est	822962	VERB
pas	691548	OTHER
le	628946	OTHER
que	602566	OTHER
la	572047	OTHER
vous	533467	OTHER
tu	525733	OTHER
un	516958	OTHER
à	488397	PREPOSITION
et	487317	OTHER
il	477168	OTHER
a	436204	VERB
ne	396327	OTHER
les	361164	OTHER
en	346790	PREPOSITION
on	326748	OTHER
ça	325128	OTHER
une	322141	OTHER
ce	300337	OTHER
pour	293460	PREPOSITION
ai	288900	VERB
des	225510	OTHER
qui	197480	OTHER
mais	194548	ADJECTIVE
dans	178869	PREPOSITION
nous	178346	OTHER
elle	175076	ADJECTIVE
me	171506	OTHER
bien	170482	OTHER
si	167076	OTHER
du	158520	OTHER
y	156561	OTHER
suis	154471	VERB
non	152981	OTHER
avec	148986	PREPOSITION
tout	147363	OTHER
plus	143974	OTHER
mon	141733	OTHER
te	133686	OTHER
au	131508	OTHER
fait	125060	VERB
moi	124324	OTHER
oui	118746	OTHER
va	117302	VERB
était	116866	VERB
as	115542	VERB
faire	114581	VERB
ils	112102	OTHER
sur	111333	PREPOSITION
quoi	106013	OTHER
se	102865	OTHER
comme	102539	OTHER
sais	100970	VERB
être	88108	OTHER
veux	87594	VERB
ici	86003	OTHER
ma	84940	OTHER
toi	83918	OTHER
dit	83148	VERB
lui	81761	OTHER
votre	80255	OTHER
es	78539	VERB
pourquoi	77892	OTHER
où	76291	OTHER
là	76227	OTHER
rien	75639	OTHER
cette	74246	OTHER
sont	72205	VERB
quand	70903	OTHER
peux	70484	VERB
dire	69532	OTHER
son	69375	OTHER
avez	65531	VERB
vais	64321	VERB
alors	64271	OTHER
ton	64067	OTHER
comment	62659	OTHER
par	61579	PREPOSITION
ou	58959	OTHER
chose	58127	OTHER
bon	57300	OTHER
ont	55912	VERB
merci	55883	OTHER
juste	55233	OTHER
très	54806	OTHER
jamais	51789	ADJECTIVE
été	51279	VERB
aussi	50716	OTHER
avoir	50639	VERB
vraiment	50184	OTHER
voir	49765	VERB
même	48751	OTHER
sa	48394	OTHER
oh	48374	OTHER
maintenant	47724	OTHER
tous	47376	OTHER
peut	46611	VERB
deux	46027	ADJECTIVE
ces	46004	OTHER
êtes	44651	VERB
allez	44414	VERB
ta	44271	OTHER
autre	43975	OTHER
peu	42054	OTHER
temps	42004	OTHER
quelque	41912	OTHER
fais	41890	VERB
toujours	40988	OTHER
encore	40588	OTHER
notre	40282	OTHER
mes	39436	OTHER
besoin	39054	OTHER
avait	37943	VERB
accord	37363	OTHER
faut	37107	VERB
dois	36841	VERB
vie	36765	OTHER
peut-être	36368	OTHER
aller	35978	VERB
fois	35289	OTHER
vu	34442	VERB
donc	33426	OTHER
sans	33330	PREPOSITION
monde	32837	OTHER
étais	32767	VERB
parce	32448	OTHER
avant	32328	PREPOSITION
sûr	32131	OTHER
trop	31482	OTHER
parler	31143	VERB
personne	30822	OTHER
avais	30537	VERB
père	30520	OTHER
crois	29821	VERB
après	29681	PREPOSITION
aux	29031	OTHER
dieu	28697	PROPER_NOUN
ouais	28617	ADJECTIVE
ses	28543	OTHER
pense	28497	OTHER
eu	28238	VERB
aime	28177	OTHER
leur	28040	OTHER
homme	28019	OTHER
viens	27649	VERB
vrai	27621	OTHER
femme	27618	OTHER
ok	27042	OTHER
doit	27022	VERB
veut	26929	VERB
ans	26767	OTHER
mal	26066	OTHER
chez	25894	PREPOSITION
déjà	25454	OTHER
depuis	25371	PREPOSITION
beaucoup	25106	OTHER
vos	25022	OTHER
bonne	24846	OTHER
mort	24752	VERB
mieux	24334	ADJECTIVE
vas	24179	VERB
mère	24057	OTHER
sera	24040	VERB
dis	23940	VERB
fille	23891	OTHER
tes	23672	OTHER
gens	23538	OTHER
quel	22989	ADJECTIVE
vois	22952	VERB
désolé	22742	OTHER
ca	22511	OTHER
voilà	22485	OTHER
avons	22143	VERB
petit	22120	OTHER
maison	21935	OTHER
soit	21333	VERB
cela	21029	OTHER
autres	20802	OTHER
toute	20634	OTHER
soir	20458	VERB
passé	20415	OTHER
prendre	20196	VERB
jour	20189	OTHER
monsieur	19555	OTHER
nos	19496	OTHER
savoir	19373	VERB
choses	19346	OTHER
salut	19084	OTHER
cet	19060	OTHER
nom	19032	OTHER
argent	18897	OTHER
bonjour	18529	OTHER
nuit	18468	OTHER
raison	18153	OTHER
moins	18149	OTHER
arrive	18053	ADJECTIVE
maman	17911	OTHER
reste	17818	OTHER
moment	17737	NOUN,OTHER
voulais	17710	VERB
seul	17694	OTHER
aider	17616	VERB
air	17588	OTHER
entre	17476	PREPOSITION
papa	17404	OTHER
passe	17151	OTHER
aurais	16986	VERB
problème	16739	OTHER
ah	16615	OTHER
peur	16576	OTHER
regarde	16361	OTHER
voulez	16290	VERB
gars	16140	OTHER
trouvé	16027	OTHER
fils	15956	OTHER
attends	15902	OTHER
savez	15856	VERB
trouver	15724	VERB
trois	15722	ADJECTIVE
assez	15721	OTHER
famille	15690	OTHER
dû	15655	VERB
eh	15623	OTHER
toutes	15575	OTHER
plaît	15548	OTHER
pourrait	15517	VERB
travail	15442	OTHER
pris	15300	VERB
pu	15284	VERB
tête	15263	OTHER
quelle	15252	ADJECTIVE
sait	15188	VERB
sommes	15140	VERB
appelle	15099	ADJECTIVE
quelques	15059	OTHER
faites	14893	VERB
partir	14851	VERB
vite	14825	OTHER
arrête	14801	OTHER
seule	14761	OTHER
serait	14693	VERB
voiture	14643	OTHER
enfants	14626	OTHER
tuer	14442	VERB
merde	14382	OTHER
hé	14352	OTHER
pendant	14351	PREPOSITION
idée	14305	OTHER
chance	14303	NOUN,OTHER
parle	14266	OTHER
aurait	14247	VERB
part	14221	VERB
elles	14104	OTHER
jours	14042	OTHER
grand	13895	OTHER
venir	13841	VERB
ami	13827	OTHER
demain	13815	ADJECTIVE
hein	13787	OTHER
tard	13650	OTHER
puis	13637	OTHER
truc	13628	OTHER
passer	13599	VERB
petite	13549	OTHER
tant	13504	OTHER
connais	13492	VERB
combien	13422	OTHER
mec	13421	OTHER
sens	13387	OTHER
pouvez	13350	VERB
porte	13070	OTHER
sortir	12958	VERB
super	12919	OTHER
heure	12856	OTHER
contre	12856	PREPOSITION
coup	12810	OTHER
comprends	12789	OTHER
entendu	12776	OTHER
vient	12757	VERB
allons	12631	VERB
ensemble	12572	OTHER
nouveau	12514	OTHER
amour	12388	OTHER
importe	12379	OTHER
sang	12308	OTHER
désolée	12104	OTHER
cas	11927	OTHER
sous	11916	PREPOSITION
rester	11852	VERB
amis	11848	OTHER
prends	11794	VERB
fini	11715	OTHER
hommes	11645	OTHER
tué	11643	OTHER
question	11602	NOUN,OTHER
partie	11592	VERB
histoire	11542	OTHER
devrais	11525	VERB
aide	11448	OTHER
dernière	11431	OTHER
demande	11375	OTHER
chercher	11367	VERB
pensais	11350	ADJECTIVE
genre	11344	OTHER
seulement	11329	OTHER
police	11289	OTHER
car	11252	OTHER
mois	11145	ADJECTIVE
frère	11144	OTHER
laisser	11089	VERB
aucun	11040	OTHER
mettre	11022	VERB
eux	10907	OTHER
laisse	10820	OTHER
chaque	10792	OTHER
ville	10677	OTHER
arrivé	10628	OTHER
devrait	10626	VERB
parlé	10578	OTHER
vont	10510	VERB
longtemps	10505	OTHER
aucune	10382	OTHER
heures	10354	OTHER
bébé	10270	OTHER
place	10261	OTHER
revoir	10202	VERB
putain	10171	ADJECTIVE
compris	10148	OTHER
ni	10075	OTHER
savais	10032	VERB
leurs	9964	OTHER
étaient	9940	VERB
attention	9918	NOUN,OTHER
donner	9890	VERB
affaire	9848	OTHER
endroit	9832	OTHER
pourrais	9789	VERB
corps	9788	OTHER
façon	9771	OTHER
donné	9771	OTHER
voici	9739	OTHER
train	9731	ADJECTIVE
dont	9702	OTHER
écoute	9698	OTHER
yeux	9677	ADJECTIVE
trouve	9658	OTHER
pouvoir	9646	VERB
type	9610	OTHER
perdu	9595	OTHER
premier	9590	OTHER
première	9560	OTHER
côté	9503	OTHER
point	9500	OTHER
tellement	9494	OTHER
main	9479	ADJECTIVE
tiens	9400	VERB
sois	9369	VERB
enfant	9354	OTHER
vieux	9324	ADJECTIVE
matin	9318	OTHER
venu	9156	VERB
pardon	9145	OTHER
là-bas	9087	OTHER
suite	9074	OTHER
vers	9074	PREPOSITION
minutes	9036	OTHER
demandé	9025	OTHER
venez	9013	VERB
devant	9002	VERB,PREPOSITION
dr	8947	OTHER
enfin	8937	OTHER
arrêter	8874	VERB
cause	8861	OTHER
nouvelle	8853	ADJECTIVE
attendez	8844	OTHER
chambre	8842	OTHER
droit	8836	OTHER
parti	8834	VERB
mis	8833	VERB
eau	8804	OTHER
compte	8801	OTHER
dirait	8778	VERB
terre	8776	OTHER
belle	8772	ADJECTIVE
espère	8766	OTHER
aimerais	8764	ADJECTIVE
loin	8746	PREPOSITION
mari	8644	OTHER
donne	8643	OTHER
fin	8629	OTHER
croire	8590	VERB
mme	8580	OTHER
aura	8542	VERB
gros	8520	OTHER
boulot	8477	OTHER
plutôt	8440	OTHER
chérie	8438	OTHER
prêt	8385	OTHER
filles	8348	OTHER
bureau	8338	OTHER
mourir	8313	VERB
hier	8291	OTHER
possible	8285	ADJECTIVE
jouer	8241	VERB
demander	8214	VERB
celui	8201	OTHER
voulait	8174	VERB
beau	8035	OTHER
jeune	8015	OTHER
euh	7989	OTHER
dehors	7984	PREPOSITION
docteur	7976	OTHER
confiance	7948	NOUN,OTHER
appeler	7943	VERB
années	7923	OTHER
vérité	7863	NOUN,OTHER
école	7842	OTHER
chef	7826	OTHER
femmes	7825	OTHER
propos	7815	OTHER
semaine	7756	ADJECTIVE
vivre	7666	VERB
regardez	7656	OTHER
feu	7641	OTHER
journée	7582	OTHER
madame	7523	OTHER
hey	7511	OTHER
téléphone	7445	OTHER
près	7428	PREPOSITION
affaires	7410	OTHER
meilleur	7388	OTHER
devez	7356	VERB
dessus	7353	OTHER
mains	7344	OTHER
penses	7319	OTHER
prie	7267	OTHER
équipe	7252	OTHER
grande	7245	OTHER
manger	7225	VERB
arriver	7210	VERB
dur	7209	OTHER
guerre	7176	OTHER
ait	7152	VERB
appelé	7143	OTHER
marche	7120	OTHER
sécurité	7083	NOUN,OTHER
garçon	7080	OTHER
essaie	7074	OTHER
important	7070	OTHER
dites	7053	VERB
exactement	7046	OTHER
font	7046	VERB
fort	7036	OTHER
presque	7016	OTHER
plein	7009	OTHER
derrière	7001	PREPOSITION
ben	6999	OTHER
mariage	6983	OTHER
parents	6959	OTHER
capitaine	6925	ADJECTIVE
dernier	6923	OTHER
fou	6913	OTHER
ceux	6900	ADJECTIVE
tomber	6831	VERB
attendre	6829	VERB
vue	6803	VERB
pensé	6800	OTHER
souviens	6775	OTHER
envie	6741	OTHER
fête	6717	OTHER
jeu	6706	OTHER
génial	6661	ADJECTIVE
pays	6587	OTHER
garde	6555	OTHER
cours	6506	VERB
bientôt	6460	OTHER
ii	6441	OTHER
numéro	6417	OTHER
personnes	6414	OTHER
cinq	6412	OTHER
parfait	6374	OTHER
laissé	6357	OTHER
ainsi	6345	OTHER
retour	6324	OTHER
semble	6302	OTHER
autant	6294	OTHER
peine	6293	OTHER
minute	6290	OTHER
essayé	6271	OTHER
plan	6268	OTHER
instant	6250	OTHER
serai	6246	VERB
prison	6243	OTHER
penser	6237	VERB
essayer	6205	VERB
prend	6182	VERB
arme	6181	OTHER
mauvais	6178	ADJECTIVE
mot	6177	OTHER
travailler	6142	VERB
quatre	6131	OTHER
rentrer	6110	VERB
regarder	6103	VERB
choix	6047	OTHER
parfois	6012	OTHER
film	5982	OTHER
abord	5965	OTHER
voyez	5951	VERB
faute	5949	OTHER
facile	5929	OTHER
croyais	5926	VERB
bas	5912	OTHER
changer	5900	VERB
entendre	5886	VERB
plaisir	5852	OTHER
heureux	5846	ADJECTIVE
entrer	5818	VERB
voudrais	5816	VERB
propre	5782	OTHER
étiez	5781	VERB
tour	5777	OTHER
fera	5777	VERB
ensuite	5763	OTHER
garder	5748	VERB
agent	5746	OTHER
allait	5737	VERB
lit	5734	VERB
travaille	5713	OTHER
adore	5682	OTHER
amie	5678	OTHER
rendre	5677	VERB
route	5676	OTHER
lieu	5672	OTHER
année	5660	OTHER
voit	5650	VERB
commence	5619	NOUN,OTHER
service	5598	OTHER
devoir	5579	VERB
attend	5568	OTHER
drôle	5562	OTHER
difficile	5532	OTHER
sûre	5522	OTHER
pire	5520	OTHER
pos	5518	OTHER
peuvent	5509	VERB
sujet	5506	OTHER
état	5495	OTHER
ceci	5476	OTHER
impossible	5460	ADJECTIVE
sorte	5450	VERB
perdre	5428	VERB
dollars	5396	OTHER
voulu	5394	VERB
morte	5389	VERB
ira	5382	VERB
faisait	5369	VERB
bizarre	5359	OTHER
oublié	5327	OTHER
arrêtez	5316	OTHER
ferai	5315	VERB
serais	5314	VERB
tôt	5298	OTHER
inquiète	5292	OTHER
payer	5291	VERB
coeur	5287	OTHER
dès	5287	PREPOSITION
pouvais	5279	VERB
reviens	5273	OTHER
chien	5269	ADJECTIVE
suffit	5258	OTHER
prenez	5258	VERB
pensez	5242	OTHER
café	5223	OTHER
calme	5219	OTHER
cherche	5215	OTHER
montrer	5209	VERB
parles	5200	OTHER
photo	5196	OTHER
ferme	5189	OTHER
problèmes	5185	OTHER
the	5181	OTHER
cœur	5179	OTHER
sûrement	5169	OTHER
verre	5164	OTHER
aimes	5154	OTHER
devons	5154	VERB
veulent	5153	VERB
doute	5141	OTHER
musique	5135	OTHER
courant	5128	VERB
sauf	5122	PREPOSITION
moyen	5109	OTHER
nouvelles	5098	OTHER
avis	5076	OTHER
sauver	5071	VERB
hôpital	5070	OTHER
questions	5066	OTHER
meurtre	5052	OTHER
sérieux	5046	ADJECTIVE
seconde	5045	OTHER
trucs	5044	OTHER
comprendre	5038	VERB
allais	5032	VERB
esprit	5019	OTHER
cool	5009	OTHER
mlle	5008	OTHER
marché	5000	OTHER
fous	4999	OTHER
haut	4980	OTHER
salle	4963	OTHER
malade	4949	OTHER
changé	4930	OTHER
gentil	4930	OTHER
allé	4920	VERB
six	4907	OTHER
simple	4898	OTHER
john	4887	OTHER
semaines	4870	OTHER
celle	4869	ADJECTIVE
jack	4866	OTHER
appris	4863	OTHER
seigneur	4858	OTHER
dîner	4851	VERB
sors	4844	VERB
commencé	4843	OTHER
suppose	4824	OTHER
chemin	4800	OTHER
partout	4792	OTHER
bras	4787	OTHER
cul	4772	OTHER
prochaine	4770	ADJECTIVE
visage	4737	OTHER
meilleure	4717	OTHER
face	4711	OTHER
soirée	4700	OTHER
roi	4681	OTHER
surtout	4681	OTHER
retard	4678	OTHER
écrit	4663	VERB
livre	4655	OTHER
rapport	4655	OTHER
chéri	4655	OTHER
message	4652	OTHER
vaut	4629	OTHER
ferais	4624	VERB
morts	4622	OTHER
boire	4617	VERB
soyez	4614	VERB
président	4613	OTHER
plait	4587	OTHER
bois	4573	VERB
sinon	4573	OTHER
erreur	4555	OTHER
new	4546	OTHER
ecoute	4542	OTHER
mr	4533	OTHER
rentre	4530	OTHER
devait	4517	VERB
revenir	4509	VERB
joue	4502	OTHER
pauvre	4498	OTHER
devenir	4494	VERB
rencontrer	4481	VERB
sort	4465	VERB
commencer	4463	VERB
pouvait	4458	VERB
occupe	4448	OTHER
entends	4446	OTHER
souvent	4437	OTHER
pièce	4432	OTHER
reçu	4430	VERB
grave	4429	OTHER
mets	4428	VERB
intérieur	4426	OTHER
honneur	4413	OTHER
dormir	4412	VERB
an	4407	OTHER
faux	4387	ADJECTIVE
messieurs	4367	OTHER
groupe	4356	OTHER
rêve	4344	OTHER
carte	4341	OTHER
aviez	4340	VERB
appel	4322	ADJECTIVE
manque	4319	OTHER
envoyé	4307	OTHER
début	4291	OTHER
sam	4290	OTHER
puisse	4289	VERB
écoutez	4279	OTHER
bonsoir	4267	VERB
content	4267	OTHER
secret	4259	OTHER
venue	4248	VERB
cher	4244	OTHER
effet	4234	OTHER
voyons	4233	VERB
sac	4228	OTHER
continue	4223	OTHER
acheter	4193	VERB
voix	4189	OTHER
certains	4186	OTHER
occuper	4185	VERB
noël	4178	PROPER_NOUN
gagner	4177	VERB
grâce	4164	OTHER
maître	4152	OTHER
prix	4151	OTHER
mauvaise	4134	ADJECTIVE
général	4133	ADJECTIVE
âge	4127	OTHER
long	4122	OTHER
rue	4110	OTHER
tirer	4109	VERB
apprendre	4108	VERB
cheveux	4104	ADJECTIVE
noir	4099	VERB
promis	4086	OTHER
avaient	4083	VERB
patron	4077	OTHER
avocat	4071	OTHER
force	4065	OTHER
accident	4052	OTHER
dix	4048	OTHER
probablement	4045	OTHER
laissez	4031	OTHER
bout	4023	OTHER
ordre	4015	OTHER
armes	4013	OTHER
cru	4002	VERB
déteste	3997	OTHER
retrouver	3993	VERB
millions	3983	OTHER
incroyable	3971	ADJECTIVE
voyage	3967	OTHER
ailleurs	3966	OTHER
oublie	3956	OTHER
ressemble	3953	OTHER
bienvenue	3951	OTHER
disparu	3948	OTHER
protéger	3940	VERB
utiliser	3928	VERB
situation	3923	NOUN,OTHER
petits	3922	OTHER
aurai	3919	VERB
connaissez	3890	VERB
simplement	3885	OTHER
scène	3877	OTHER
sœur	3847	OTHER
prête	3842	OTHER
oncle	3840	OTHER
devriez	3819	VERB
liste	3817	OTHER
soeur	3798	OTHER
complètement	3797	OTHER
dos	3787	OTHER
armée	3786	OTHER
paix	3783	OTHER
battre	3780	VERB
york	3770	OTHER
crime	3768	OTHER
anniversaire	3762	OTHER
finir	3760	VERB
réussi	3760	OTHER
agit	3752	OTHER
retourner	3743	VERB
sale	3743	ADJECTIVE
libre	3742	OTHER
bouge	3741	OTHER
contrôle	3740	OTHER
rappelle	3739	ADJECTIVE
arrêté	3730	OTHER
hôtel	3727	OTHER
idiot	3721	OTHER
okay	3708	OTHER
rencontré	3700	OTHER
restez	3691	OTHER
absolument	3687	OTHER
mots	3675	OTHER
victime	3671	OTHER
impression	3666	NOUN,OTHER
décidé	3658	OTHER
sympa	3654	OTHER
pars	3651	VERB
fasse	3649	VERB
avion	3645	OTHER
bordel	3641	ADJECTIVE
habitude	3637	OTHER
table	3635	ADJECTIVE
rouge	3633	OTHER
système	3630	OTHER
photos	3621	OTHER
médecin	3617	OTHER
seras	3610	VERB
bateau	3603	OTHER
stupide	3602	OTHER
faim	3598	OTHER
autour	3597	PREPOSITION
fond	3596	OTHER
surprise	3595	OTHER
croyez	3589	VERB
devais	3582	VERB
ligne	3555	OTHER
porter	3553	VERB
imagine	3548	OTHER
colère	3537	OTHER
clair	3535	OTHER
seront	3535	VERB
savait	3535	VERB
balle	3517	OTHER
gagné	3512	OTHER
or	3511	OTHER
hors	3509	PREPOSITION
magnifique	3503	ADJECTIVE
risque	3491	OTHER
terminé	3485	OTHER
su	3473	VERB
heureuse	3472	ADJECTIVE
mission	3460	NOUN,OTHER
jolie	3458	OTHER
parlez	3456	OTHER
présent	3456	OTHER
sorti	3455	VERB
cadeau	3454	OTHER
expliquer	3452	VERB
volé	3443	OTHER
plusieurs	3438	OTHER
gauche	3438	OTHER
ferait	3438	VERB
neuf	3437	OTHER
ouvre	3426	VERB
disais	3416	VERB
dedans	3404	PREPOSITION
disent	3401	VERB
pouvons	3392	VERB
suivre	3375	VERB
pourra	3368	VERB
inspecteur	3367	OTHER
réponse	3365	OTHER
lumière	3363	OTHER
pieds	3362	OTHER
pote	3360	OTHER
montre	3360	OTHER
pied	3358	OTHER
marcher	3354	VERB
charlie	3344	OTHER
auras	3342	VERB
envoyer	3340	VERB
vraie	3335	OTHER
espèce	3331	OTHER
doivent	3330	VERB
allô	3318	OTHER
pareil	3308	OTHER
soleil	3298	OTHER
camp	3294	OTHER
fallait	3291	VERB
coin	3288	OTHER
ignore	3287	OTHER
moitié	3286	OTHER
you	3283	OTHER
selon	3283	PREPOSITION
tenir	3282	VERB
grosse	3275	OTHER
vouloir	3274	VERB
michael	3273	ADJECTIVE
vieille	3271	OTHER
devenu	3270	OTHER
continuer	3253	VERB
rend	3240	OTHER
sortie	3236	VERB
recherche	3233	OTHER
arrière	3232	OTHER
lire	3230	VERB
doucement	3217	OTHER
joli	3215	OTHER
avance	3214	NOUN,OTHER
exact	3205	OTHER
disait	3195	VERB
club	3194	OTHER
arrivée	3189	OTHER
tue	3183	OTHER
laquelle	3182	ADJECTIVE
poser	3172	VERB
chaud	3172	OTHER
aimé	3167	OTHER
david	3166	PROPER_NOUN
tom	3159	OTHER
professeur	3156	OTHER
quitter	3155	VERB
loi	3148	OTHER
tueur	3141	OTHER
flics	3137	OTHER
connaître	3136	VERB
lettre	3134	OTHER
forme	3132	OTHER
connaît	3128	VERB
conseil	3120	OTHER
bar	3118	OTHER
normal	3111	ADJECTIVE
danger	3110	OTHER
dangereux	3110	ADJECTIVE
folle	3107	OTHER
jure	3106	OTHER
tiré	3097	OTHER
essaye	3096	OTHER
bonnes	3094	OTHER
offre	3093	OTHER
but	3092	VERB
froid	3086	OTHER
prêts	3066	OTHER
tranquille	3066	OTHER
gamin	3064	OTHER
joe	3059	OTHER
classe	3053	OTHER
joué	3051	OTHER
poste	3050	OTHER
con	3042	OTHER
mike	3033	OTHER
attaque	3028	OTHER
boîte	3027	OTHER
enquête	3012	OTHER
visite	3010	OTHER
juge	3007	OTHER
moi-même	3006	OTHER
bord	3003	OTHER
debout	3002	OTHER
envoie	2997	OTHER
preuve	2989	OTHER
oublier	2983	VERB
bons	2972	OTHER
vivant	2972	VERB
ciel	2970	OTHER
lu	2968	VERB
touche	2964	OTHER
aimer	2960	VERB
télé	2955	OTHER
met	2955	VERB
écouter	2954	VERB
serez	2954	VERB
ll	2950	OTHER
pourtant	2947	OTHER
change	2947	OTHER
triste	2947	OTHER
droite	2947	OTHER
gueule	2946	OTHER
tombe	2943	OTHER
sentir	2941	VERB
ouvrir	2940	VERB
travers	2940	OTHER
santé	2939	OTHER
dossier	2936	OTHER
ie	2935	OTHER
jeunes	2930	OTHER
frank	2926	OTHER
coucher	2925	VERB
cuisine	2922	OTHER
monte	2912	OTHER
signifie	2906	OTHER
entrez	2904	OTHER
relation	2904	NOUN,OTHER
centre	2902	OTHER
dame	2901	OTHER
chacun	2900	OTHER
chanson	2899	OTHER
foutre	2897	OTHER
voler	2896	VERB
blanc	2895	OTHER
george	2893	OTHER
certain	2885	ADJECTIVE
don	2882	OTHER
âme	2869	OTHER
manière	2865	OTHER
flic	2861	OTHER
décision	2850	NOUN,OTHER
mange	2847	OTHER
vit	2842	VERB
compagnie	2841	OTHER
déjeuner	2829	VERB
différent	2828	OTHER
tire	2824	OTHER
ordres	2820	OTHER
clé	2819	OTHER
vaisseau	2818	OTHER
secondes	2818	OTHER
enfer	2812	OTHER
sortez	2806	VERB
vendre	2800	VERB
faisais	2791	VERB
responsable	2789	ADJECTIVE
mecs	2786	OTHER
nulle	2784	OTHER
signe	2779	OTHER
lieutenant	2778	OTHER
aille	2778	VERB
acheté	2773	OTHER
étrange	2773	OTHER
diable	2773	ADJECTIVE
viennent	2773	VERB
monter	2762	VERB
là-dedans	2755	OTHER
capable	2747	ADJECTIVE
emmener	2747	VERB
écrire	2745	VERB
honte	2744	OTHER
bouche	2743	OTHER
préfère	2738	OTHER
coupable	2736	ADJECTIVE
rire	2731	VERB
payé	2726	OTHER
soin	2724	OTHER
milieu	2724	OTHER
appartement	2711	NOUN,OTHER
prochain	2710	ADJECTIVE
cerveau	2707	OTHER
paris	2705	PROPER_NOUN
blague	2699	OTHER
choisi	2698	OTHER
époque	2696	OTHER
aurez	2691	VERB
voie	2683	VERB
réunion	2679	OTHER
connu	2678	VERB
allée	2674	VERB
intérêt	2672	OTHER
cheval	2670	OTHER
combat	2669	OTHER
silence	2666	NOUN,OTHER
coups	2665	OTHER
existe	2662	OTHER
ia	2662	OTHER
retourne	2658	OTHER
tel	2655	OTHER
trou	2651	OTHER
public	2643	OTHER
peter	2638	VERB
oeil	2630	OTHER
pleine	2626	OTHER
cacher	2626	VERB
amoureux	2624	ADJECTIVE
drogue	2622	OTHER
commandant	2622	OTHER
garçons	2616	OTHER
faisons	2614	VERB
paul	2607	OTHER
tient	2601	VERB
prise	2594	VERB
gouvernement	2591	NOUN,OTHER
dirai	2589	VERB
client	2588	OTHER
adresse	2587	OTHER
journal	2586	OTHER
contact	2584	OTHER
dingue	2583	OTHER
sent	2579	OTHER
récupérer	2576	VERB
base	2574	OTHER
preuves	2574	OTHER
présente	2570	OTHER
peau	2568	OTHER
servir	2567	VERB
peuple	2567	OTHER
exemple	2567	OTHER
fiche	2567	OTHER
max	2562	OTHER
promets	2556	OTHER
lequel	2556	ADJECTIVE
blessé	2555	OTHER
société	2552	OTHER
tort	2548	OTHER
sept	2548	OTHER
pourriez	2543	VERB
savent	2541	VERB
ouvert	2539	VERB
héros	2539	OTHER
menti	2532	OTHER
mer	2525	OTHER
contente	2525	OTHER
quitté	2514	OTHER
jeter	2514	VERB
sauvé	2511	OTHER
bière	2508	OTHER
assis	2507	OTHER
robe	2506	OTHER
ecoutez	2506	OTHER
devient	2504	OTHER
félicitations	2501	OTHER
opération	2501	NOUN,OTHER
prévu	2493	OTHER
fut	2491	VERB
tenez	2489	VERB
livres	2489	OTHER
répondre	2488	VERB
seuls	2488	OTHER
pute	2488	OTHER
entrée	2485	OTHER
vol	2484	OTHER
horrible	2479	ADJECTIVE
vin	2476	OTHER
dommage	2475	OTHER
auriez	2471	VERB
colonel	2470	ADJECTIVE
ramener	2468	VERB
règles	2468	OTHER
nez	2467	OTHER
justice	2462	OTHER
fbi	2457	OTHER
découvert	2457	OTHER
départ	2453	OTHER
bruit	2450	OTHER
secours	2449	OTHER
vérifier	2449	VERB
enceinte	2441	OTHER
mise	2439	VERB
témoin	2435	OTHER
dirais	2435	VERB
directeur	2432	OTHER
intéressant	2428	OTHER
excuse	2427	OTHER
environ	2426	OTHER
inutile	2420	OTHER
terrible	2419	ADJECTIVE
danse	2418	OTHER
position	2417	NOUN,OTHER
humain	2416	ADJECTIVE
apparemment	2411	OTHER
avenir	2407	OTHER
rêves	2402	OTHER
œil	2396	OTHER
bête	2394	OTHER
sérieusement	2385	OTHER
bravo	2385	OTHER
approche	2381	OTHER
nourriture	2377	OTHER
fric	2376	OTHER
plupart	2376	OTHER
lycée	2375	OTHER
tas	2375	OTHER
empêcher	2372	VERB
longue	2371	OTHER
sexe	2371	OTHER
niveau	2370	OTHER
banque	2369	OTHER
éviter	2368	VERB
étions	2367	VERB
lune	2366	OTHER
pitié	2364	OTHER
liberté	2363	OTHER
expérience	2361	NOUN,OTHER
procès	2359	OTHER
radio	2359	OTHER
hum	2358	OTHER
verra	2357	VERB
thé	2356	OTHER
partez	2353	VERB
utilisé	2353	OTHER
mur	2352	OTHER
pose	2350	OTHER
revenu	2349	OTHER
deuxième	2348	OTHER
bande	2348	OTHER
certaines	2343	OTHER
ridicule	2342	OTHER
nord	2339	OTHER
appelez	2337	OTHER
copine	2336	OTHER
baiser	2334	VERB
anglais	2334	ADJECTIVE
henry	2328	OTHER
toilettes	2325	OTHER
portes	2323	OTHER
faudra	2323	VERB
occupé	2323	OTHER
grands	2319	OTHER
and	2315	OTHER
dérange	2306	OTHER
rôle	2305	OTHER
censé	2296	OTHER
james	2293	OTHER
reine	2286	OTHER
croit	2285	VERB
cour	2284	OTHER
église	2283	OTHER
vide	2282	OTHER
obtenir	2280	VERB
conneries	2280	OTHER
ennuis	2279	OTHER
personnel	2276	ADJECTIVE
conduire	2275	VERB
tombé	2272	OTHER
sol	2271	OTHER
code	2270	OTHER
huit	2269	OTHER
avions	2269	VERB
espoir	2268	VERB
comprenez	2265	OTHER
spécial	2265	ADJECTIVE
vidéo	2263	OTHER
vêtements	2261	OTHER
défense	2260	OTHER
alex	2256	OTHER
sud	2255	OTHER
grand-mère	2252	OTHER
match	2249	OTHER
bombe	2243	OTHER
intéresse	2239	OTHER
zone	2238	OTHER
tante	2237	OTHER
paraît	2237	OTHER
excuser	2232	VERB
magasin	2227	OTHER
marier	2226	VERB
chère	2226	OTHER
aie	2223	VERB
souvenir	2220	OTHER
proche	2217	OTHER
revient	2213	OTHER
danny	2210	OTHER
douleur	2209	OTHER
arrivera	2208	OTHER
presse	2207	OTHER
merveilleux	2206	ADJECTIVE
asseoir	2202	VERB
ravi	2200	OTHER
aimais	2198	ADJECTIVE
amérique	2195	PROPER_NOUN
fenêtre	2188	OTHER
mien	2188	ADJECTIVE
terrain	2188	ADJECTIVE
sergent	2186	OTHER
projet	2178	OTHER
quartier	2178	OTHER
planète	2177	OTHER
certainement	2176	OTHER
rapide	2174	OTHER
lorsque	2173	OTHER
assurer	2171	VERB
rendu	2165	OTHER
mignon	2165	OTHER
tourne	2163	OTHER
danser	2162	VERB
bob	2162	OTHER
clients	2161	OTHER
petites	2161	OTHER
aimez	2158	OTHER
présenter	2157	VERB
importance	2156	NOUN,OTHER
venus	2156	VERB
jimmy	2154	OTHER
sache	2153	VERB
mérite	2151	OTHER
machine	2148	OTHER
derniers	2145	OTHER
programme	2145	OTHER
mesdames	2140	OTHER
meilleurs	2139	OTHER
honnête	2138	OTHER
essayez	2136	OTHER
irai	2133	VERB
connard	2133	OTHER
occasion	2132	NOUN,OTHER
prouver	2130	VERB
travaillé	2129	OTHER
glace	2128	OTHER
ayez	2127	VERB
parie	2127	OTHER
camion	2125	OTHER
fier	2121	VERB
discuter	2115	VERB
village	2115	OTHER
spectacle	2114	OTHER
nul	2113	OTHER
rose	2112	OTHER
touché	2111	OTHER
mangé	2109	OTHER
vis	2108	VERB
parole	2107	OTHER
rencontre	2105	OTHER
apprécie	2103	OTHER
jane	2102	OTHER
réalité	2102	NOUN,OTHER
savons	2101	VERB
respect	2097	OTHER
remettre	2094	OTHER
vacances	2093	OTHER
détruire	2090	VERB
choisir	2086	VERB
ha	2085	OTHER
découvrir	2084	VERB
idées	2082	OTHER
officier	2077	VERB
frères	2077	OTHER
sert	2076	OTHER
bill	2073	OTHER
solution	2071	NOUN,OTHER
informations	2070	OTHER
attendais	2069	ADJECTIVE
monstre	2064	OTHER
sexy	2062	OTHER
ordinateur	2061	OTHER
retrouvé	2059	OTHER
nature	2052	OTHER
rappeler	2052	VERB
énergie	2050	OTHER
pierre	2050	OTHER
utilise	2049	OTHER
pression	2049	NOUN,OTHER
chaussures	2047	OTHER
faite	2046	VERB
histoires	2044	OTHER
sarah	2042	PROPER_NOUN
marié	2041	OTHER
espace	2039	OTHER
soient	2038	VERB
nick	2031	OTHER
portable	2031	ADJECTIVE
préparer	2029	VERB
nécessaire	2028	OTHER
court	2027	VERB
offrir	2026	VERB
will	2025	OTHER
tony	2020	OTHER
envers	2020	PREPOSITION
bain	2018	ADJECTIVE
charge	2018	OTHER
mary	2018	OTHER
harry	2015	OTHER
jim	2015	OTHER
ennemi	2013	OTHER
arrivent	2011	OTHER
immédiatement	2011	OTHER
finalement	2010	OTHER
énorme	2010	OTHER
grand-père	2009	OTHER
test	2006	OTHER
gagne	2005	OTHER
réfléchir	2000	VERB
victimes	1999	OTHER
chanter	1998	VERB
futur	1996	OTHER
lâche	1995	OTHER
mademoiselle	1991	ADJECTIVE
copain	1988	ADJECTIVE
enlever	1987	VERB
retrouve	1984	OTHER
épouser	1983	VERB
fleurs	1980	OTHER
salope	1978	OTHER
aies	1975	VERB
gosse	1975	OTHER
arranger	1971	VERB
riche	1967	OTHER
faits	1965	VERB
ancien	1963	ADJECTIVE
stop	1961	OTHER
accepter	1961	VERB
restes	1959	OTHER
nouveaux	1958	ADJECTIVE
sauter	1958	VERB
suspect	1957	OTHER
vies	1957	OTHER
durant	1956	PREPOSITION
invité	1949	NOUN,OTHER
politique	1948	OTHER
dents	1948	OTHER
patient	1947	OTHER
repas	1945	OTHER
urgence	1943	NOUN,OTHER
cartes	1939	OTHER
jambes	1937	OTHER
conversation	1934	NOUN,OTHER
telle	1933	ADJECTIVE
bus	1930	VERB
to	1930	OTHER
tourner	1930	VERB
toucher	1929	VERB
mémoire	1929	OTHER
série	1927	OTHER
mariée	1926	OTHER
contraire	1926	OTHER
vent	1924	OTHER
taille	1924	OTHER
trouves	1922	OTHER
celui-là	1921	OTHER
chat	1919	OTHER
continuez	1918	OTHER
contrat	1916	OTHER
couteau	1915	OTHER
double	1908	OTHER
dure	1907	OTHER
carrière	1906	OTHER
ray	1897	OTHER
regardé	1895	OTHER
descendre	1895	VERB
université	1894	NOUN,OTHER
sentiments	1894	OTHER
papier	1891	OTHER
remarqué	1890	OTHER
noms	1890	OTHER
vécu	1889	VERB
courage	1888	OTHER
beauté	1887	OTHER
bu	1885	VERB
après-midi	1882	OTHER
excellent	1874	OTHER
richard	1872	OTHER
propres	1870	OTHER
parmi	1869	PREPOSITION
forte	1868	OTHER
étant	1867	VERB
couple	1864	OTHER
aiment	1863	OTHER
permis	1863	OTHER
différence	1862	NOUN,OTHER
faudrait	1861	VERB
course	1859	OTHER
humains	1859	OTHER
dégage	1858	OTHER
mille	1857	OTHER
accès	1854	OTHER
cible	1854	ADJECTIVE
joyeux	1853	ADJECTIVE
bonheur	1853	OTHER
aimait	1850	OTHER
manqué	1849	OTHER
action	1848	NOUN,OTHER
steve	1840	OTHER
aidé	1840	OTHER
vouliez	1838	VERB
trouvez	1838	OTHER
films	1836	OTHER
emmène	1835	OTHER
marie	1834	PROPER_NOUN
taxi	1830	OTHER
restaurant	1829	OTHER
crise	1826	OTHER
piste	1819	OTHER
dernières	1819	OTHER
puisque	1819	OTHER
blanche	1818	OTHER
coupe	1818	OTHER
secrets	1816	OTHER
prince	1815	OTHER
marrant	1813	OTHER
raisons	1812	OTHER
refuse	1812	OTHER
apporté	1807	OTHER
cassé	1805	OTHER
lors	1805	OTHER
mettez	1805	VERB
dis-lui	1803	OTHER
tuée	1803	OTHER
maladie	1802	OTHER
mienne	1800	ADJECTIVE
rentré	1798	OTHER
week-end	1795	OTHER
excuses	1794	OTHER
km	1794	OTHER
alcool	1788	OTHER
voudrait	1788	VERB
fil	1788	OTHER
rends	1787	OTHER
quitte	1786	OTHER
couché	1786	OTHER
disons	1785	VERB
totalement	1783	OTHER
claire	1782	OTHER
it	1780	OTHER
londres	1778	PROPER_NOUN
remercier	1776	VERB
mêmes	1772	OTHER
partis	1771	VERB
pensait	1770	OTHER
île	1770	OTHER
tommy	1770	OTHER
remercie	1769	OTHER
caméra	1766	OTHER
pensent	1766	OTHER
pleurer	1764	VERB
régler	1762	VERB
ouvrez	1762	VERB
entier	1762	OTHER
foutu	1761	OTHER
types	1759	OTHER
fermer	1759	VERB
animaux	1756	ADJECTIVE
dise	1755	VERB
image	1753	OTHER
étage	1751	OTHER
rejoindre	1749	OTHER
soldats	1745	OTHER
amuser	1745	VERB
points	1744	OTHER
suivi	1743	VERB
oubliez	1742	OTHER
langue	1737	OTHER
direction	1733	NOUN,OTHER
frais	1732	ADJECTIVE
veuillez	1732	VERB
miss	1730	OTHER
soldat	1727	OTHER
couleur	1727	OTHER
bouger	1726	VERB
frappé	1725	OTHER
frapper	1723	VERB
venait	1723	VERB
raté	1722	OTHER
évidemment	1721	OTHER
sacré	1717	OTHER
clés	1715	OTHER
mentir	1714	VERB
épouse	1709	OTHER
troisième	1708	OTHER
johnny	1704	OTHER
amy	1704	OTHER
jésus	1699	PROPER_NOUN
faible	1698	ADJECTIVE
ryan	1697	OTHER
afin	1695	OTHER
bleu	1691	OTHER
failli	1690	OTHER
courir	1689	VERB
américain	1689	ADJECTIVE
détails	1685	OTHER
pont	1679	OTHER
gay	1678	OTHER
jake	1672	OTHER
billy	1672	OTHER
attraper	1672	VERB
papiers	1671	OTHER
poisson	1671	OTHER
lui-même	1671	OTHER
wow	1670	OTHER
chiens	1667	OTHER
date	1667	OTHER
intention	1665	NOUN,OTHER
procureur	1665	OTHER
goût	1664	OTHER
pourras	1663	VERB
shérif	1663	ADJECTIVE
arrêt	1660	OTHER
sourire	1659	VERB
lait	1659	OTHER
chasse	1656	OTHER
signal	1656	OTHER
parlait	1655	OTHER
destin	1655	OTHER
marre	1655	OTHER
français	1653	ADJECTIVE
princesse	1652	OTHER
paie	1651	OTHER
foi	1651	OTHER
chier	1648	VERB
présence	1645	NOUN,OTHER
doigts	1645	OTHER
partenaire	1643	OTHER
quelles	1643	OTHER
daniel	1642	PROPER_NOUN
préféré	1642	OTHER
adieu	1641	OTHER
costume	1641	OTHER
entreprise	1640	OTHER
utile	1640	OTHER
lien	1639	ADJECTIVE
unique	1638	ADJECTIVE
appartient	1637	OTHER
attendant	1636	OTHER
amené	1635	OTHER
moindre	1633	OTHER
quels	1632	OTHER
amener	1631	VERB
amène	1628	OTHER
enfoiré	1628	OTHER
recherches	1626	OTHER
discours	1625	OTHER
données	1625	OTHER
robert	1625	OTHER
art	1623	OTHER
appelles	1620	OTHER
salaud	1620	OTHER
magie	1619	OTHER
bouteille	1618	OTHER
justement	1618	OTHER
raconter	1617	VERB
rapidement	1616	OTHER
bref	1615	OTHER
tribunal	1613	ADJECTIVE
viendra	1613	VERB
passée	1613	OTHER
superbe	1612	OTHER
pourrai	1611	VERB
pièces	1610	OTHER
certaine	1609	ADJECTIVE
obligé	1608	OTHER
formidable	1608	ADJECTIVE
pause	1608	OTHER
identité	1604	NOUN,OTHER
campagne	1603	OTHER
lee	1602	OTHER
auraient	1601	VERB
couper	1601	VERB
mark	1595	OTHER
morceau	1594	OTHER
os	1593	OTHER
lettres	1593	OTHER
nombre	1593	OTHER
intelligent	1592	OTHER
gâteau	1591	OTHER
dépend	1590	OTHER
job	1590	OTHER
jeux	1586	ADJECTIVE
compter	1585	VERB
cou	1584	OTHER
of	1584	OTHER
reprendre	1584	VERB
joie	1581	OTHER
agents	1580	OTHER
gardes	1579	OTHER
star	1579	OTHER
regard	1577	OTHER
demandez	1576	OTHER
balles	1576	OTHER
vendu	1575	OTHER
majesté	1575	OTHER
menace	1575	OTHER
malgré	1574	PREPOSITION
appareil	1572	OTHER
demandais	1572	ADJECTIVE
là-haut	1572	OTHER
privé	1571	OTHER
adam	1569	OTHER
forces	1569	OTHER
fonctionne	1567	OTHER
méchant	1566	OTHER
jambe	1565	OTHER
empreintes	1561	OTHER
ange	1558	OTHER
agir	1556	VERB
noire	1554	OTHER
imbécile	1554	OTHER
gentille	1551	OTHER
labo	1550	OTHER
résultats	1550	OTHER
toi-même	1549	OTHER
cinéma	1548	OTHER
nouvel	1547	ADJECTIVE
malheureusement	1547	OTHER
décider	1545	VERB
né	1543	VERB
importante	1540	OTHER
voulons	1539	VERB
détruit	1539	OTHER
parfaitement	1539	OTHER
martin	1532	OTHER
produit	1531	OTHER
réparer	1531	VERB
chapeau	1531	OTHER
gérer	1530	VERB
adn	1526	OTHER
échange	1524	OTHER
mince	1524	OTHER
bougez	1524	OTHER
parfaite	1523	OTHER
meurt	1520	VERB
fout	1518	OTHER
vitesse	1516	OTHER
fermé	1515	OTHER
succès	1515	OTHER
au-dessus	1515	PREPOSITION
etre	1515	OTHER
souvenirs	1515	OTHER
comprend	1514	OTHER
odeur	1513	OTHER
pain	1513	ADJECTIVE
falloir	1512	VERB
aise	1510	ADJECTIVE
caché	1509	OTHER
règle	1508	OTHER
imaginer	1508	VERB
raconte	1508	OTHER
vus	1507	VERB
accepté	1506	OTHER
trouvée	1505	OTHER
dors	1504	VERB
celui-ci	1504	OTHER
ministre	1504	OTHER
infos	1503	OTHER
vendredi	1502	OTHER
voitures	1502	OTHER
lever	1501	VERB
arbre	1500	OTHER
maire	1499	OTHER
faveur	1497	OTHER
pourraient	1496	VERB
prendra	1496	VERB
surpris	1496	OTHER
jeté	1494	OTHER
également	1493	OTHER
fac	1490	OTHER
apporter	1489	VERB
washington	1488	OTHER
champ	1487	OTHER
comptes	1487	OTHER
échapper	1486	VERB
valeur	1484	OTHER
in	1484	OTHER
réel	1484	ADJECTIVE
couverture	1484	OTHER
million	1483	OTHER
article	1483	OTHER
doux	1483	OTHER
parc	1482	OTHER
toit	1481	OTHER
unité	1481	NOUN,OTHER
resté	1481	OTHER
plage	1479	OTHER
partager	1474	VERB
malin	1473	OTHER
recevoir	1473	VERB
inquiétez	1471	OTHER
attendu	1471	OTHER
charles	1470	OTHER
coffre	1470	OTHER
uh	1470	OTHER
eddie	1470	OTHER
chris	1469	OTHER
celle-là	1469	OTHER
ramène	1467	OTHER
mode	1467	OTHER
folie	1466	OTHER
extérieur	1463	OTHER
van	1463	OTHER
membre	1462	OTHER
prévenir	1461	VERB
cache	1460	OTHER
inquiéter	1459	VERB
hasard	1459	OTHER
concerne	1459	OTHER
réponds	1457	OTHER
génie	1457	OTHER
parlais	1456	ADJECTIVE
parlons	1455	OTHER
jardin	1454	OTHER
saison	1450	OTHER
montré	1449	OTHER
frappe	1447	OTHER
enchanté	1445	OTHER
gosses	1444	OTHER
abandonner	1444	VERB
assure	1443	OTHER
apporte	1443	OTHER
prépare	1439	OTHER
mètres	1434	OTHER
suivant	1434	VERB
souhaite	1432	OTHER
services	1432	OTHER
ouest	1432	OTHER
poids	1429	OTHER
poche	1428	OTHER
faisant	1426	VERB
répondu	1426	OTHER
directement	1425	OTHER
source	1425	OTHER
france	1423	PROPER_NOUN
créer	1423	VERB
samedi	1422	OTHER
univers	1417	OTHER
saura	1416	VERB
réalisé	1416	OTHER
américains	1416	OTHER
perds	1415	OTHER
membres	1414	OTHER
viande	1413	OTHER
bobby	1411	OTHER
amoureuse	1411	ADJECTIVE
grandes	1408	OTHER
changement	1407	NOUN,OTHER
compliqué	1407	OTHER
bal	1404	OTHER
page	1403	OTHER
conduit	1402	OTHER
passage	1400	OTHER
piège	1399	OTHER
kevin	1399	OTHER
ressens	1399	OTHER
accepte	1397	OTHER
grace	1397	OTHER
fais-le	1396	OTHER
amusant	1395	OTHER
dan	1394	OTHER
donnez	1393	OTHER
traces	1393	OTHER
trésor	1393	OTHER
explique	1392	ADJECTIVE
fesses	1391	OTHER
perte	1391	OTHER
fantôme	1390	OTHER
naissance	1390	NOUN,OTHER
retraite	1390	OTHER
regardes	1389	OTHER
franchement	1389	OTHER
côtés	1389	OTHER
larry	1389	OTHER
étranger	1388	OTHER
poulet	1387	OTHER
vienne	1386	VERB
débarrasser	1385	VERB
enlève	1385	OTHER
marque	1385	OTHER
mens	1384	OTHER
fantastique	1380	ADJECTIVE
cent	1379	OTHER
beaux	1379	ADJECTIVE
entendez	1378	OTHER
ouverte	1376	VERB
bâtiment	1375	NOUN,OTHER
devrions	1374	VERB
embrasser	1373	VERB
tombée	1372	OTHER
manquer	1372	VERB
entré	1372	OTHER
san	1369	OTHER
chevaux	1369	ADJECTIVE
habite	1368	OTHER
animal	1366	OTHER
fatigué	1365	OTHER
heureusement	1365	OTHER
billets	1364	OTHER
convaincre	1363	OTHER
appelait	1362	OTHER
rachel	1362	ADJECTIVE
paradis	1361	OTHER
émission	1361	NOUN,OTHER
lance	1359	NOUN,OTHER
nettoyer	1359	VERB
file	1356	OTHER
dimanche	1356	OTHER
agréable	1355	ADJECTIVE
plans	1353	OTHER
conscience	1352	NOUN,OTHER
ennemis	1352	OTHER
disant	1351	OTHER
connaissance	1349	NOUN,OTHER
douce	1348	OTHER
belles	1348	OTHER
sentiment	1347	NOUN,OTHER
bataille	1343	OTHER
perd	1343	OTHER
pourrez	1342	VERB
relations	1342	OTHER
espérais	1341	ADJECTIVE
vôtre	1340	OTHER
servi	1339	OTHER
souci	1339	OTHER
note	1339	OTHER
doigt	1338	OTHER
mensonge	1338	OTHER
volonté	1336	OTHER
walter	1335	VERB
victoire	1334	OTHER
direct	1333	OTHER
abandonné	1332	OTHER
information	1332	NOUN,OTHER
joindre	1332	OTHER
proches	1330	OTHER
brian	1330	OTHER
droits	1329	OTHER
eric	1329	OTHER
nerveux	1328	ADJECTIVE
coupé	1327	OTHER
patients	1326	OTHER
invités	1325	OTHER
arrivés	1324	OTHER
descends	1324	OTHER
pleure	1324	OTHER
traitement	1324	NOUN,OTHER
jerry	1323	OTHER
senti	1323	OTHER
cancer	1323	OTHER
répète	1322	OTHER
reposer	1320	VERB
regrette	1320	OTHER
flingue	1317	OTHER
cousin	1317	OTHER
désormais	1317	ADJECTIVE
vérifié	1316	OTHER
crains	1314	OTHER
douche	1313	OTHER
gaz	1312	OTHER
interdit	1312	OTHER
théorie	1311	OTHER
scott	1310	OTHER
trace	1309	OTHER
contrôler	1307	VERB
signer	1306	VERB
no	1306	OTHER
demandes	1306	OTHER
internet	1305	OTHER
andy	1305	OTHER
cherchez	1303	OTHER
salon	1303	OTHER
pete	1302	OTHER
serons	1301	VERB
appels	1296	OTHER
lancer	1294	VERB
protection	1293	NOUN,OTHER
pantalon	1292	OTHER
rappelles	1291	OTHER
dossiers	1290	OTHER
style	1290	OTHER
ravie	1289	OTHER
semblant	1289	OTHER
yeah	1289	OTHER
kim	1288	OTHER
offert	1288	OTHER
vieil	1288	OTHER
humaine	1286	ADJECTIVE
grandi	1285	OTHER
médicaments	1285	OTHER
acte	1283	OTHER
moyens	1283	OTHER
lois	1281	ADJECTIVE
kate	1281	OTHER
meurs	1278	VERB
laisserai	1278	OTHER
aéroport	1277	OTHER
mauvaises	1275	OTHER
détective	1273	ADJECTIVE
autrement	1273	OTHER
témoins	1273	OTHER
queue	1273	OTHER
coincé	1272	OTHER
mariés	1272	OTHER
sonne	1272	OTHER
innocent	1272	OTHER
dira	1271	VERB
créé	1271	OTHER
jason	1271	OTHER
supporter	1270	VERB
milliers	1269	OTHER
heu	1268	OTHER
infirmière	1267	OTHER
métier	1266	OTHER
crétin	1266	OTHER
retirer	1266	VERB
surveillance	1266	NOUN,OTHER
chances	1265	OTHER
oreilles	1264	OTHER
trouvera	1264	OTHER
suicide	1264	OTHER
militaire	1262	OTHER
atteindre	1260	OTHER
fuir	1258	VERB
casse	1257	OTHER
dormi	1256	VERB
pilote	1256	OTHER
rires	1256	OTHER
appelée	1256	OTHER
risques	1255	OTHER
leçon	1254	OTHER
paquet	1253	OTHER
man	1253	OTHER
défendre	1251	VERB
immeuble	1250	OTHER
récemment	1250	OTHER
chinois	1249	ADJECTIVE
battu	1247	OTHER
aveugle	1247	OTHER
oiseau	1247	OTHER
qu	1246	OTHER
propriétaire	1244	OTHER
ancienne	1243	ADJECTIVE
veste	1243	OTHER
anna	1243	OTHER
simon	1242	OTHER
saviez	1242	VERB
amies	1241	OTHER
cherché	1241	OTHER
tirez	1240	OTHER
al	1240	OTHER
différents	1236	OTHER
gardez	1233	OTHER
feras	1232	VERB
lisa	1229	OTHER
lis	1229	VERB
station	1227	NOUN,OTHER
mandat	1227	OTHER
assassin	1227	OTHER
thomas	1227	PROPER_NOUN
célèbre	1227	OTHER
dort	1226	VERB
bague	1226	OTHER
tente	1225	OTHER
devenue	1224	OTHER
ventre	1223	OTHER
carter	1223	VERB
respire	1223	OTHER
haute	1223	OTHER
connaissais	1222	VERB
genoux	1218	OTHER
terme	1218	OTHER
vert	1217	OTHER
emily	1216	OTHER
refusé	1216	OTHER
hâte	1214	OTHER
réveiller	1214	VERB
commande	1212	OTHER
commun	1211	OTHER
souris	1210	OTHER
partons	1209	VERB
perdue	1209	OTHER
dirige	1209	OTHER
verras	1207	VERB
charmant	1205	OTHER
chante	1205	OTHER
sport	1204	OTHER
celle-ci	1202	OTHER
viré	1201	OTHER
ies	1200	OTHER
fiston	1199	OTHER
étoiles	1198	OTHER
laisses	1197	OTHER
parlant	1196	OTHER
là-dessus	1196	OTHER
signé	1195	OTHER
virer	1195	VERB
permettre	1193	VERB
pouvoirs	1193	OTHER
luke	1193	OTHER
pluie	1191	OTHER
passez	1191	OTHER
vrais	1191	ADJECTIVE
enlevé	1191	OTHER
moments	1191	OTHER
blesser	1191	VERB
ombre	1187	OTHER
rome	1187	OTHER
épisode	1185	OTHER
talent	1184	OTHER
chocolat	1181	OTHER
assurance	1181	NOUN,OTHER
angleterre	1180	OTHER
couche	1180	OTHER
site	1180	OTHER
neige	1179	OTHER
gardé	1178	OTHER
chemise	1178	OTHER
ted	1177	OTHER
voulaient	1175	VERB
emploi	1175	OTHER
précédemment	1174	OTHER
surveiller	1174	VERB
privée	1174	OTHER
entière	1173	OTHER
saint	1172	OTHER
parlent	1172	OTHER
réfléchi	1171	OTHER
my	1170	OTHER
attendent	1170	OTHER
jette	1169	OTHER
facilement	1169	OTHER
joues	1169	OTHER
jury	1168	OTHER
passera	1168	OTHER
voleur	1168	OTHER
véritable	1168	ADJECTIVE
entend	1167	OTHER
chaise	1166	ADJECTIVE
accusé	1166	OTHER
zéro	1165	OTHER
clairement	1165	OTHER
mouvement	1165	NOUN,OTHER
celles	1163	OTHER
sommeil	1163	OTHER
blancs	1161	OTHER
survivre	1161	OTHER
semblait	1159	OTHER
craint	1159	OTHER
traduction	1159	NOUN,OTHER
notes	1157	OTHER
repos	1156	OTHER
siège	1156	OTHER
policier	1156	OTHER
allés	1156	VERB
puissance	1154	NOUN,OTHER
familles	1152	OTHER
second	1152	OTHER
cellule	1152	OTHER
engagé	1152	OTHER
adorable	1150	ADJECTIVE
matt	1148	OTHER
spéciale	1147	ADJECTIVE
violence	1146	NOUN,OTHER
ours	1146	OTHER
gorge	1146	OTHER
examen	1146	OTHER
dieux	1146	ADJECTIVE
major	1145	OTHER
obtenu	1143	OTHER
évident	1143	OTHER
distance	1143	NOUN,OTHER
titre	1143	OTHER
lundi	1142	OTHER
choc	1141	OTHER
différentes	1140	OTHER
théâtre	1139	OTHER
exploser	1139	VERB
rivière	1139	OTHER
paye	1137	OTHER
allo	1137	OTHER
revenez	1133	OTHER
écoutes	1132	OTHER
logique	1132	OTHER
alice	1132	OTHER
miracle	1131	OTHER
lève	1131	OTHER
montagne	1130	OTHER
essayais	1129	ADJECTIVE
pauvres	1129	OTHER
tenu	1129	VERB
chicago	1128	OTHER
auprès	1127	PREPOSITION
lèvres	1125	OTHER
plat	1125	OTHER
lunettes	1125	OTHER
journaux	1122	ADJECTIVE
attaquer	1122	VERB
mine	1122	OTHER
pistolet	1121	OTHER
divorce	1121	OTHER
noirs	1120	OTHER
meurtres	1120	OTHER
premiers	1120	OTHER
forêt	1120	OTHER
respirer	1120	VERB
fortune	1119	OTHER
réponses	1118	OTHER
devraient	1118	VERB
explosion	1117	NOUN,OTHER
reviendra	1117	OTHER
mène	1116	OTHER
doc	1115	OTHER
maria	1115	OTHER
responsabilité	1114	NOUN,OTHER
annie	1113	OTHER
erreurs	1113	OTHER
principal	1113	ADJECTIVE
épée	1112	OTHER
tienne	1111	VERB
travaillait	1110	OTHER
tableau	1109	OTHER
cabinet	1109	OTHER
normale	1109	ADJECTIVE
alerte	1108	OTHER
meurtrier	1107	VERB
whoa	1105	OTHER
libérer	1105	VERB
commis	1102	OTHER
sérieuse	1102	ADJECTIVE
carl	1101	OTHER
sous-titrage	1100	OTHER
rock	1100	OTHER
vision	1100	NOUN,OTHER
réveillé	1100	OTHER
auront	1099	VERB
mesure	1098	OTHER
arthur	1097	OTHER
kyle	1097	OTHER
ed	1096	OTHER
louis	1096	OTHER
secrétaire	1095	OTHER
dave	1094	OTHER
images	1094	OTHER
fuite	1093	OTHER
amitié	1093	OTHER
annonce	1093	OTHER
pousser	1093	VERB
william	1092	OTHER
idiote	1091	OTHER
nombreux	1090	ADJECTIVE
brisé	1090	OTHER
raconté	1089	OTHER
cardiaque	1089	OTHER
minuit	1088	OTHER
humeur	1088	OTHER
physique	1087	OTHER
prof	1086	OTHER
lieux	1086	ADJECTIVE
los	1086	OTHER
seins	1085	OTHER
crier	1084	VERB
top	1084	OTHER
go	1084	OTHER
permission	1083	NOUN,OTHER
romantique	1083	ADJECTIVE
lac	1082	OTHER
vente	1081	OTHER
vache	1081	OTHER
suit	1080	VERB
clark	1079	OTHER
courses	1079	OTHER
casser	1079	VERB
études	1079	OTHER
modèle	1078	OTHER
susan	1078	OTHER
version	1078	NOUN,OTHER
jeff	1077	OTHER
pensées	1077	OTHER
prudent	1076	OTHER
plaisante	1076	OTHER
emmené	1075	OTHER
réfléchis	1075	OTHER
concert	1075	OTHER
blessure	1074	OTHER
tir	1073	OTHER
chauffeur	1073	OTHER
midi	1072	OTHER
souvenez	1072	OTHER
puissant	1072	OTHER
moteur	1071	OTHER
répond	1070	OTHER
hmm	1070	OTHER
city	1070	OTHER
coûte	1070	OTHER
reculez	1070	OTHER
dessous	1070	OTHER
souffle	1069	OTHER
construire	1069	VERB
démon	1069	OTHER
achète	1069	OTHER
smith	1068	OTHER
caméras	1067	OTHER
pousse	1067	OTHER
cesse	1067	OTHER
gare	1066	OTHER
rentrée	1066	OTHER
finit	1065	OTHER
bosse	1065	OTHER
kelly	1064	OTHER
fer	1064	OTHER
couilles	1064	OTHER
quiconque	1063	OTHER
vole	1063	OTHER
ignorais	1063	ADJECTIVE
soutien	1063	ADJECTIVE
usine	1062	OTHER
château	1062	OTHER
garage	1059	OTHER
délicieux	1059	ADJECTIVE
oreille	1059	OTHER
virus	1058	OTHER
réellement	1057	OTHER
posé	1057	OTHER
avancer	1056	VERB
maisons	1056	OTHER
voisins	1056	OTHER
dites-lui	1055	OTHER
deviens	1055	OTHER
sage	1055	OTHER
crédit	1055	OTHER
ambulance	1055	NOUN,OTHER
gamins	1055	OTHER
fière	1055	OTHER
tourné	1054	OTHER
puce	1053	OTHER
finie	1052	OTHER
canon	1052	OTHER
liquide	1052	OTHER
devine	1051	OTHER
particulier	1051	VERB
prennent	1050	VERB
traverser	1050	VERB
rues	1050	OTHER
park	1049	OTHER
criminel	1049	ADJECTIVE
cependant	1047	OTHER
sombre	1046	OTHER
agence	1046	NOUN,OTHER
comportement	1046	NOUN,OTHER
artiste	1043	OTHER
bosser	1043	VERB
gouverneur	1043	OTHER
paroles	1043	OTHER
résoudre	1043	VERB
chut	1043	OTHER
période	1042	OTHER
bat	1042	OTHER
seraient	1041	VERB
bébés	1041	OTHER
cherches	1040	OTHER
donnes	1039	OTHER
préparé	1038	OTHER
soucis	1038	OTHER
traiter	1038	VERB
street	1038	OTHER
différente	1037	OTHER
reconnais	1037	ADJECTIVE
bye	1037	OTHER
fromage	1036	OTHER
essence	1036	NOUN,OTHER
ayant	1035	VERB
côte	1034	OTHER
tenté	1033	OTHER
chaleur	1033	OTHER
tests	1030	OTHER
champagne	1030	OTHER
objet	1030	OTHER
ouai	1029	OTHER
disparaître	1028	VERB
oiseaux	1028	ADJECTIVE
re	1028	OTHER
europe	1027	PROPER_NOUN
supposé	1027	OTHER
supplie	1026	OTHER
tournée	1024	OTHER
résultat	1024	OTHER
roger	1024	VERB
concernant	1023	PREPOSITION
vérifie	1023	OTHER
souffrir	1020	VERB
occupée	1019	OTHER
fusil	1019	OTHER
gardien	1019	ADJECTIVE
déranger	1019	VERB
verrai	1018	VERB
fatiguée	1018	OTHER
vote	1018	OTHER
dégagez	1018	OTHER
anciens	1018	OTHER
voila	1017	OTHER
tués	1017	OTHER
forcément	1016	OTHER
cadeaux	1015	ADJECTIVE
herbe	1015	OTHER
menteur	1015	OTHER
vivante	1014	OTHER
riches	1014	OTHER
vive	1014	VERB
sacrée	1013	OTHER
taylor	1013	OTHER
adulte	1013	OTHER
siècle	1012	OTHER
attente	1012	OTHER
endroits	1012	OTHER
écris	1011	VERB
rapports	1010	OTHER
piscine	1010	OTHER
rentrez	1010	OTHER
lendemain	1009	ADJECTIVE
fumer	1008	VERB
concours	1008	OTHER
ment	1008	OTHER
monté	1007	OTHER
passait	1007	OTHER
vous-même	1007	OTHER
inviter	1006	VERB
coach	1006	OTHER
fausse	1006	OTHER
élevé	1005	OTHER
chair	1005	VERB
magique	1004	ADJECTIVE
chaîne	1003	OTHER
chèque	1003	OTHER
réseau	1003	OTHER
enfance	1002	NOUN,OTHER
mensonges	1001	OTHER
pourrions	1001	VERB
choisis	1000	OTHER
taire	1000	VERB
inquiet	1000	OTHER
enfuir	999	VERB
bel	998	OTHER
profiter	997	VERB
science	997	NOUN,OTHER
revenue	996	OTHER
billet	996	OTHER
crâne	996	OTHER
jaloux	996	OTHER
tien	996	ADJECTIVE
arrestation	995	NOUN,OTHER
laver	994	VERB
nuits	994	OTHER
caisse	993	OTHER
scientifique	993	ADJECTIVE
russe	993	OTHER
cris	992	OTHER
traité	992	NOUN,OTHER
attaqué	991	OTHER
montez	990	OTHER
sean	990	OTHER
promesse	989	OTHER
sénateur	988	OTHER
blessures	988	OTHER
sucre	987	OTHER
murs	987	OTHER
attrape	987	OTHER
représente	987	OTHER
emma	987	OTHER
esprits	986	OTHER
cloche	985	OTHER
phil	984	OTHER
cia	982	OTHER
réputation	981	NOUN,OTHER
étudier	981	VERB
trompe	980	OTHER
chute	980	OTHER
jackson	978	OTHER
demi	978	OTHER
devra	978	VERB
plainte	977	OTHER
grand-chose	977	OTHER
tim	977	OTHER
joey	976	OTHER
sorcière	976	OTHER
venant	975	VERB
alan	975	OTHER
californie	975	OTHER
tenue	974	VERB
journaliste	974	OTHER
soyons	973	VERB
chouette	973	OTHER
karen	971	OTHER
aurons	971	VERB
avocats	971	OTHER
cherchais	970	ADJECTIVE
angeles	970	OTHER
surveille	969	OTHER
département	969	NOUN,OTHER
abandonne	969	OTHER
prendrai	968	VERB
peinture	968	OTHER
refaire	968	OTHER
honnêtement	967	OTHER
opinion	966	OTHER
geste	966	OTHER
gaffe	965	OTHER
empire	965	OTHER
aient	965	VERB
pizza	965	OTHER
seriez	964	VERB
fan	964	OTHER
poitrine	964	OTHER
jenny	964	OTHER
médecins	963	OTHER
remonte	962	OTHER
aventure	962	OTHER
réglé	962	OTHER
mac	960	OTHER
abby	960	OTHER
barre	960	OTHER
foyer	959	VERB
jean	959	OTHER
amuse	959	OTHER
mener	958	VERB
uniforme	958	OTHER
cauchemar	958	OTHER
soupe	957	OTHER
intelligente	956	OTHER
jus	956	OTHER
prêtre	955	OTHER
lily	954	OTHER
trompé	952	OTHER
chuck	952	OTHER
corde	952	OTHER
champion	952	OTHER
somme	951	OTHER
conférence	951	NOUN,OTHER
commissaire	950	OTHER
répondez	949	OTHER
attrapé	949	OTHER
red	949	OTHER
racontes	948	OTHER
deviner	948	VERB
recommencer	948	VERB
complet	948	OTHER
crimes	948	OTHER
maggie	947	OTHER
crème	947	OTHER
construit	947	OTHER
excusez	946	OTHER
entraînement	946	OTHER
centaines	946	OTHER
calmer	945	VERB
joueur	944	OTHER
couloir	944	VERB
horreur	943	OTHER
propriété	943	OTHER
admettre	942	VERB
matériel	942	ADJECTIVE
verrez	941	VERB
foule	941	OTHER
st	941	OTHER
réaction	940	NOUN,OTHER
ennuie	940	OTHER
laura	939	OTHER
pub	937	OTHER
hiver	937	OTHER
manteau	936	OTHER
pis	936	OTHER
débile	935	OTHER
trouverai	935	OTHER
conseiller	933	VERB
humanité	933	NOUN,OTHER
studio	932	OTHER
josh	932	OTHER
lapin	932	OTHER
désert	932	OTHER
combattre	931	VERB
big	930	OTHER
julie	929	OTHER
boutique	929	OTHER
fonds	928	OTHER
voient	927	VERB
états-unis	926	OTHER
reviendrai	925	OTHER
ramené	925	OTHER
discussion	924	NOUN,OTHER
connaissait	923	VERB
vegas	923	OTHER
sir	923	OTHER
fiancée	923	OTHER
remonter	922	VERB
incendie	922	OTHER
arbres	921	OTHER
conseils	921	OTHER
géniale	921	ADJECTIVE
messages	920	OTHER
ex	919	OTHER
surface	918	OTHER
appellent	917	OTHER
atteint	917	OTHER
recommence	916	NOUN,OTHER
curieux	914	ADJECTIVE
lucy	914	OTHER
ascenseur	914	OTHER
mars	913	OTHER
apprend	912	OTHER
abri	911	OTHER
larmes	910	OTHER
impliqué	910	OTHER
répéter	909	VERB
pardonner	909	VERB
donnerai	909	OTHER
soi	909	OTHER
marine	909	OTHER
cadavre	908	OTHER
front	907	OTHER
uniquement	907	OTHER
traîner	906	VERB
rare	906	OTHER
permet	906	OTHER
stan	905	OTHER
parking	905	OTHER
morceaux	905	ADJECTIVE
réussir	904	VERB
morgan	904	OTHER
empêche	904	OTHER
traversé	903	OTHER
américaine	903	ADJECTIVE
hank	903	OTHER
décide	902	OTHER
doué	902	OTHER
gloire	902	OTHER
gang	901	OTHER
communauté	901	OTHER
plaisantes	901	OTHER
déclaration	900	NOUN,OTHER
jones	900	OTHER
portait	900	OTHER
croient	900	VERB
projets	900	OTHER
frontière	900	OTHER
saute	899	OTHER
hais	899	ADJECTIVE
laissée	899	OTHER
prénom	897	OTHER
tenter	897	VERB
liaison	897	OTHER
cérémonie	897	OTHER
fasses	896	VERB
vivent	896	VERB
ho	896	OTHER
océan	896	OTHER
vélo	896	OTHER
aimerait	895	OTHER
réaliser	895	VERB
poupée	894	OTHER
navire	894	OTHER
saches	894	VERB
parties	893	VERB
patrick	893	OTHER
remplacer	892	VERB
prisonnier	891	VERB
ménage	891	OTHER
porté	891	OTHER
employés	890	OTHER
bouton	889	OTHER
acteur	888	OTHER
show	888	OTHER
julia	888	OTHER
mardi	888	OTHER
juré	887	OTHER
barry	887	OTHER
médecine	887	OTHER
restera	886	OTHER
lourd	886	OTHER
chargé	885	OTHER
au-delà	885	PREPOSITION
survécu	885	OTHER
bite	885	OTHER
soudain	885	ADJECTIVE
voyais	884	VERB
travailles	884	OTHER
prévenu	883	OTHER
baisse	883	OTHER
filer	883	VERB
rompu	883	OTHER
véhicule	882	OTHER
sauve	882	OTHER
rencontrés	882	OTHER
emmerde	881	OTHER
estomac	880	OTHER
donna	880	OTHER
couvrir	879	VERB
meilleures	879	OTHER
rater	879	VERB
terminée	878	OTHER
fred	878	OTHER
tâche	878	OTHER
réserve	878	OTHER
brûler	878	VERB
chou	877	OTHER
réveille	876	OTHER
sentez	876	OTHER
ferme-la	876	OTHER
etait	874	OTHER
origine	874	OTHER
rêvé	874	OTHER
gary	872	OTHER
pouviez	872	VERB
poursuivre	872	OTHER
actions	872	OTHER
tapis	871	OTHER
absence	871	NOUN,OTHER
lâcher	871	VERB
tempête	871	OTHER
um	870	OTHER
souffre	869	OTHER
touchez	869	OTHER
cents	869	OTHER
rempli	869	OTHER
écran	869	OTHER
dis-le	869	OTHER
victor	868	OTHER
affreux	868	ADJECTIVE
enterrement	868	OTHER
inconnu	868	OTHER
venger	868	VERB
team	868	OTHER
feriez	867	VERB
sara	867	OTHER
inventé	867	OTHER
installer	867	VERB
ya	865	OTHER
rythme	865	OTHER
étudiants	865	OTHER
pratique	865	OTHER
whisky	865	OTHER
travaillez	864	OTHER
ballon	863	OTHER
équipage	863	OTHER
signes	863	OTHER
élèves	862	OTHER
faites-le	862	OTHER
parlera	861	OTHER
attirer	861	VERB
récompense	860	OTHER
reconnu	860	OTHER
irait	859	VERB
loup	859	OTHER
traite	858	OTHER
vengeance	857	NOUN,OTHER
imaginez	857	OTHER
navré	857	OTHER
feront	856	VERB
finis	856	OTHER
propose	855	OTHER
forcé	855	OTHER
lutte	855	OTHER
opportunité	854	NOUN,OTHER
personnage	854	OTHER
boss	853	OTHER
arrêtes	852	OTHER
convaincu	852	OTHER
accompagner	852	VERB
essayons	852	OTHER
limite	851	OTHER
panique	850	ADJECTIVE
technologie	849	OTHER
brillant	849	OTHER
king	848	OTHER
afrique	848	PROPER_NOUN
nourrir	848	VERB
région	848	OTHER
nathan	847	OTHER
passent	847	OTHER
salaire	846	OTHER
veille	846	OTHER
ceinture	845	OTHER
explication	845	NOUN,OTHER
chansons	845	OTHER
profond	845	OTHER
professionnel	845	ADJECTIVE
possède	845	OTHER
étonnant	844	OTHER
venais	843	VERB
casier	842	VERB
jouez	842	OTHER
roman	842	OTHER
sandwich	841	OTHER
arrives	841	OTHER
nana	841	OTHER
nommé	841	OTHER
incident	841	OTHER
retournez	840	OTHER
sophie	840	OTHER
potes	840	OTHER
comité	840	NOUN,OTHER
chine	837	PROPER_NOUN
technique	837	OTHER
haine	836	ADJECTIVE
identifier	836	VERB
célibataire	835	OTHER
jackie	835	OTHER
annoncer	835	VERB
portée	835	OTHER
fleur	835	OTHER
roule	834	OTHER
palais	834	ADJECTIVE
tromper	834	VERB
lady	833	OTHER
attendait	833	OTHER
jeudi	833	OTHER
abruti	832	OTHER
disiez	832	VERB
normalement	832	OTHER
circonstances	832	OTHER
canapé	832	OTHER
protège	829	OTHER
est-à-dire	829	OTHER
affronter	829	VERB
connait	829	OTHER
élève	829	OTHER
pêche	829	OTHER
masque	828	OTHER
couvert	827	OTHER
extraordinaire	827	OTHER
malheur	826	OTHER
sentais	826	ADJECTIVE
royaume	826	OTHER
porc	826	OTHER
envoyez	825	OTHER
brûle	825	OTHER
entretien	825	ADJECTIVE
vingt	825	OTHER
objets	825	OTHER
gêne	825	OTHER
bloc	825	OTHER
aidera	824	OTHER
final	824	ADJECTIVE
conduis	823	OTHER
excellente	822	OTHER
brûlé	822	OTHER
amanda	822	OTHER
business	822	OTHER
sauté	822	OTHER
trouvent	822	OTHER
ferez	822	VERB
alarme	821	OTHER
laisse-le	821	OTHER
rencard	821	OTHER
concentrer	820	VERB
étoile	820	OTHER
engager	820	VERB
singe	820	OTHER
colle	818	OTHER
ooh	818	OTHER
assistant	817	OTHER
fallu	817	VERB
mm	817	OTHER
central	817	ADJECTIVE
prisonniers	816	OTHER
naturel	816	ADJECTIVE
essayait	815	OTHER
étape	815	OTHER
cage	815	OTHER
davantage	814	OTHER
alliance	813	NOUN,OTHER
collègues	813	OTHER
collier	812	OTHER
rayon	812	OTHER
correct	812	OTHER
jesse	811	OTHER
gâcher	811	VERB
quant	811	OTHER
assassiné	810	OTHER
placard	810	OTHER
soif	810	ADJECTIVE
conditions	810	OTHER
min	810	OTHER
remis	810	OTHER
russes	810	OTHER
miel	809	ADJECTIVE
personnellement	809	OTHER
entièrement	809	OTHER
howard	809	OTHER
impressionnant	808	OTHER
passes	808	OTHER
créature	808	OTHER
black	808	OTHER
lancé	808	OTHER
kilomètres	808	OTHER
sers	808	OTHER
échappé	808	OTHER
parte	807	VERB
prouve	807	OTHER
associé	807	OTHER
monnaie	806	OTHER
dean	806	OTHER
moque	806	OTHER
voisin	806	OTHER
clinique	805	ADJECTIVE
tape	805	OTHER
têtes	804	OTHER
lentement	804	OTHER
classique	804	ADJECTIVE
temple	803	OTHER
steven	803	OTHER
produits	803	OTHER
passion	802	NOUN,OTHER
prenne	802	VERB
échoué	802	OTHER
écouté	802	OTHER
existence	801	NOUN,OTHER
correspond	801	OTHER
analyse	801	OTHER
retire	801	OTHER
mystère	801	OTHER
maîtresse	800	OTHER
port	800	OTHER
tension	799	NOUN,OTHER
qualité	799	NOUN,OTHER
nationale	798	ADJECTIVE
respecte	798	OTHER
vierge	798	OTHER
piano	797	OTHER
secteur	797	OTHER
espérons	797	OTHER
devoirs	797	OTHER
pot	797	OTHER
contacter	797	VERB
secrète	797	OTHER
dispute	796	OTHER
cigarette	796	OTHER
manques	795	OTHER
bouffe	795	OTHER
jugement	795	NOUN,OTHER
idiots	795	OTHER
courageux	795	ADJECTIVE
limites	794	OTHER
bibliothèque	794	OTHER
désir	793	OTHER
condition	793	NOUN,OTHER
sales	792	OTHER
courrier	792	VERB
volant	792	OTHER
merveilleuse	792	ADJECTIVE
fumée	792	OTHER
chanceux	792	ADJECTIVE
expert	791	OTHER
anne	791	OTHER
rick	791	OTHER
tasse	791	OTHER
poussé	791	OTHER
étrangers	790	OTHER
censée	790	OTHER
permettez	788	OTHER
hall	788	OTHER
approcher	787	VERB
that	787	OTHER
greg	787	OTHER
pile	787	OTHER
japonais	787	ADJECTIVE
soigner	786	VERB
urgences	786	OTHER
effets	786	OTHER
essai	785	OTHER
fruits	785	OTHER
yo	785	OTHER
remplir	784	VERB
commençons	784	OTHER
miles	783	OTHER
donnera	783	OTHER
soins	783	OTHER
charlotte	783	OTHER
risqué	783	OTHER
avouer	782	VERB
passés	782	OTHER
épreuve	782	OTHER
vivants	782	OTHER
conduite	782	OTHER
robin	781	OTHER
chffffff	781	OTHER
découvre	781	OTHER
avantage	780	OTHER
retenir	779	VERB
love	778	OTHER
miroir	778	VERB
etat	778	OTHER
procédure	778	OTHER
verres	778	OTHER
copie	777	OTHER
jaune	776	OTHER
dames	775	OTHER
betty	775	OTHER
efforts	774	OTHER
proposé	774	OTHER
blessée	773	OTHER
crie	773	OTHER
voyager	772	VERB
disque	771	OTHER
golf	771	OTHER
annuler	771	VERB
section	770	NOUN,OTHER
catherine	770	OTHER
aube	770	OTHER
précis	769	OTHER
appellerai	769	OTHER
doug	769	OTHER
lumières	768	OTHER
helen	767	OTHER
briser	767	VERB
vampire	766	OTHER
échec	765	OTHER
mexique	764	ADJECTIVE
figure	763	OTHER
repose	763	OTHER
urgent	762	OTHER
profil	762	OTHER
médical	761	ADJECTIVE
chiffres	761	OTHER
carrément	761	OTHER
pointe	761	OTHER
is	761	OTHER
interroger	761	VERB
sauce	760	OTHER
séance	759	NOUN,OTHER
fiancé	759	OTHER
chaude	759	OTHER
sacs	758	OTHER
vivait	757	VERB
aimerai	757	OTHER
alliez	757	VERB
partage	757	OTHER
johnson	756	OTHER
assise	756	OTHER
foot	756	OTHER
accusation	755	NOUN,OTHER
bagages	755	OTHER
boule	755	OTHER
copains	755	OTHER
nu	755	OTHER
patience	754	NOUN,OTHER
suivez	754	VERB
criminels	754	OTHER
poissons	754	OTHER
fermez	752	OTHER
bleue	752	OTHER
tyler	752	VERB
égal	752	ADJECTIVE
organiser	751	VERB
œuvre	751	OTHER
organisation	750	NOUN,OTHER
moto	750	OTHER
parlerai	750	OTHER
texas	749	OTHER
attitude	749	OTHER
documents	749	OTHER
effort	749	OTHER
enchantée	749	OTHER
restent	749	OTHER
diriger	748	VERB
apprends	748	OTHER
proposition	748	NOUN,OTHER
pareille	748	OTHER
terres	747	OTHER
serpent	747	OTHER
all	747	OTHER
audience	747	NOUN,OTHER
info	747	OTHER
voyait	746	VERB
télévision	746	NOUN,OTHER
intéressé	745	OTHER
pattes	745	OTHER
possibilité	745	NOUN,OTHER
football	745	OTHER
poison	745	OTHER
maudit	745	OTHER
cochon	745	OTHER
reconnaître	744	VERB
paire	744	OTHER
your	744	OTHER
condamné	744	OTHER
croyait	743	VERB
sauvage	743	OTHER
maximum	743	OTHER
domaine	742	ADJECTIVE
drogues	742	OTHER
poussière	742	OTHER
visiter	742	VERB
nôtres	742	OTHER
policiers	741	OTHER
rat	741	OTHER
ajouter	740	VERB
chambres	740	OTHER
séparer	739	VERB
valise	739	OTHER
idéal	738	ADJECTIVE
exprès	738	OTHER
cooper	738	VERB
empereur	737	OTHER
forcer	737	VERB
vincent	737	OTHER
juger	736	VERB
montagnes	736	OTHER
printemps	736	OTHER
rebecca	736	OTHER
avoue	736	OTHER
oliver	736	VERB
faisaient	736	VERB
allaient	736	VERB
profondément	735	OTHER
aides	735	OTHER
collègue	734	OTHER
bonbons	734	OTHER
fantômes	734	OTHER
légende	734	OTHER
embrasse	734	OTHER
suffisamment	734	OTHER
disparition	733	NOUN,OTHER
suivante	733	OTHER
commencez	733	OTHER
poule	733	OTHER
semblez	732	OTHER
éducation	732	NOUN,OTHER
restée	732	OTHER
dragon	732	OTHER
plaque	731	OTHER
prenons	731	VERB
auparavant	731	OTHER
mobile	730	OTHER
jamie	730	OTHER
elizabeth	730	OTHER
malades	730	OTHER
molly	730	OTHER
invite	729	OTHER
musée	729	OTHER
connaissent	729	VERB
elle-même	729	OTHER
bijoux	729	OTHER
refuser	729	VERB
chers	728	OTHER
pensée	728	OTHER
andrew	727	OTHER
psy	727	OTHER
saurais	727	VERB
adultes	727	OTHER
préviens	726	OTHER
appart	725	OTHER
chasser	725	VERB
sable	725	ADJECTIVE
balance	724	NOUN,OTHER
critique	724	OTHER
fièvre	724	OTHER
irais	723	VERB
terminer	723	VERB
brown	723	OTHER
monstres	722	OTHER
angela	722	OTHER
leo	722	OTHER
essaies	722	OTHER
coïncidence	722	NOUN,OTHER
charmante	721	OTHER
née	721	VERB
suggère	721	OTHER
raisonnable	720	ADJECTIVE
conséquences	720	OTHER
jouait	720	OTHER
décisions	720	OTHER
lucas	719	OTHER
sensible	719	ADJECTIVE
déposer	719	VERB
imagination	718	NOUN,OTHER
objection	718	NOUN,OTHER
autorisation	717	NOUN,OTHER
chirurgie	717	OTHER
ordinaire	717	OTHER
rouges	716	OTHER
voudra	715	VERB
vieilles	715	OTHER
hollywood	715	OTHER
magazine	715	OTHER
matière	715	OTHER
rentres	715	OTHER
vend	715	OTHER
libéré	714	OTHER
sexuelle	714	ADJECTIVE
posez	714	OTHER
bagarre	713	OTHER
ross	713	OTHER
solide	712	OTHER
lié	712	OTHER
marques	712	OTHER
cercle	712	OTHER
caroline	712	OTHER
sûrs	712	OTHER
sortira	712	VERB
étudiant	711	OTHER
extrêmement	711	OTHER
digne	711	OTHER
cirque	710	OTHER
amen	710	OTHER
carlos	710	OTHER
congé	710	OTHER
roy	709	OTHER
prenait	709	VERB
boston	709	OTHER
meurent	708	VERB
beurre	708	OTHER
émotions	708	OTHER
causé	707	OTHER
sortes	707	VERB
el	707	OTHER
stade	706	OTHER
entraîner	706	VERB
préférée	706	OTHER
allemand	706	OTHER
blonde	705	OTHER
japon	705	PROPER_NOUN
sortis	705	VERB
malheureux	705	ADJECTIVE
personnelle	704	ADJECTIVE
barbara	704	OTHER
épaule	704	OTHER
we	704	OTHER
pigé	704	OTHER
lls	703	OTHER
menacé	703	OTHER
arrivait	703	OTHER
taux	703	ADJECTIVE
tireur	703	OTHER
mamie	703	OTHER
supporte	702	OTHER
lignes	702	OTHER
voyant	702	VERB
examiner	701	VERB
terry	701	OTHER
orange	701	OTHER
nerveuse	701	ADJECTIVE
ouverture	700	OTHER
patiente	700	OTHER
huile	700	OTHER
trouverez	700	OTHER
sire	700	OTHER
mignonne	700	OTHER
parfum	700	OTHER
retourné	700	OTHER
fêter	699	VERB
publique	699	ADJECTIVE
invitée	699	OTHER
incapable	699	ADJECTIVE
cap	699	OTHER
couleurs	699	OTHER
sainte	698	OTHER
accompagne	698	OTHER
demi-heure	698	OTHER
camarade	698	OTHER
éliminer	698	VERB
croix	697	OTHER
large	697	OTHER
moral	697	ADJECTIVE
détail	697	OTHER
wilson	697	OTHER
thérapie	696	OTHER
troupes	696	OTHER
froide	696	OTHER
signature	695	OTHER
pensons	695	OTHER
parker	695	VERB
donnée	695	OTHER
assistante	695	OTHER
éloigner	695	VERB
trahi	694	OTHER
jo	694	OTHER
enterré	694	OTHER
adaptation	694	NOUN,OTHER
brave	693	OTHER
jeunesse	693	OTHER
guérir	693	VERB
officiers	693	OTHER
recule	693	OTHER
toby	693	OTHER
machines	693	OTHER
justin	692	OTHER
sommet	692	OTHER
géant	692	OTHER
démons	692	OTHER
taper	692	VERB
linda	691	OTHER
territoire	691	OTHER
organisé	691	OTHER
portefeuille	691	OTHER
sally	690	OTHER
adorer	690	VERB
scénario	690	OTHER
emprunter	690	VERB
tours	689	OTHER
etes	689	OTHER
nate	689	OTHER
alibi	688	OTHER
respecter	688	VERB
marchera	688	OTHER
tentative	688	ADJECTIVE
décès	688	OTHER
rappelez	687	OTHER
lord	687	OTHER
livrer	687	VERB
blessés	686	OTHER
donnent	686	OTHER
fêtes	686	OTHER
pressé	685	OTHER
frankie	685	OTHER
davis	685	OTHER
supérieur	684	OTHER
précieux	684	ADJECTIVE
poil	684	OTHER
rats	684	OTHER
cave	684	OTHER
progrès	683	OTHER
objectif	683	ADJECTIVE
grosses	683	OTHER
cole	683	OTHER
bruce	683	OTHER
armé	682	OTHER
panne	682	OTHER
iras	681	VERB
bains	681	OTHER
officiellement	681	OTHER
enculé	681	OTHER
difficiles	681	OTHER
renvoyer	680	VERB
miller	680	VERB
invitation	680	NOUN,OTHER
allemagne	680	PROPER_NOUN
loyer	680	VERB
plateau	680	OTHER
trés	680	OTHER
mai	680	OTHER
humour	679	OTHER
marcus	679	OTHER
olivia	679	OTHER
actes	679	OTHER
êtres	679	OTHER
cinglé	679	OTHER
moche	679	OTHER
suffisant	677	OTHER
douée	677	OTHER
obligée	677	OTHER
junior	677	OTHER
boit	677	VERB
juifs	676	OTHER
enfermé	676	OTHER
joseph	676	OTHER
travaux	675	ADJECTIVE
approchez	675	OTHER
jolies	675	OTHER
expression	675	NOUN,OTHER
cherchait	674	OTHER
libres	674	OTHER
jordan	674	OTHER
race	674	OTHER
injuste	673	OTHER
gordon	673	OTHER
plu	673	OTHER
trafic	673	OTHER
eue	673	VERB
déplacer	672	VERB
exercice	672	OTHER
travaillent	672	OTHER
forts	672	OTHER
épousé	672	OTHER
do	671	OTHER
cabine	671	OTHER
miami	671	OTHER
baise	671	ADJECTIVE
tenait	671	VERB
changera	671	OTHER
populaire	671	OTHER
descend	670	OTHER
nager	670	VERB
ferons	670	VERB
énervé	670	OTHER
nôtre	669	OTHER
électrique	669	ADJECTIVE
furieux	668	ADJECTIVE
jessica	668	OTHER
nation	668	NOUN,OTHER
for	667	OTHER
placé	667	OTHER
traître	667	OTHER
juif	666	ADJECTIVE
ouah	666	OTHER
cassette	665	OTHER
péché	665	OTHER
instinct	664	OTHER
katie	664	OTHER
derek	664	OTHER
remise	664	OTHER
allemands	664	OTHER
sexuel	664	ADJECTIVE
excitant	663	OTHER
enregistrement	663	OTHER
foutez	662	OTHER
arrangé	662	OTHER
original	662	ADJECTIVE
agression	661	NOUN,OTHER
rendez	661	OTHER
commandé	661	OTHER
ailes	661	OTHER
employé	661	OTHER
ricky	661	OTHER
boite	661	OTHER
petit-déjeuner	660	VERB
coupez	660	OTHER
angle	659	OTHER
participer	659	VERB
neveu	659	OTHER
activité	659	NOUN,OTHER
coucou	659	OTHER
température	658	OTHER
bleus	658	OTHER
cherchent	658	OTHER
bourse	658	OTHER
reçois	657	VERB
éternité	657	NOUN,OTHER
poubelle	657	ADJECTIVE
harvey	657	OTHER
milliards	657	OTHER
compétition	656	NOUN,OTHER
viol	656	OTHER
marty	656	OTHER
coté	656	OTHER
pouls	655	OTHER
laissez-le	655	OTHER
jay	655	OTHER
illégal	655	ADJECTIVE
termine	654	OTHER
ranger	654	VERB
élever	654	VERB
places	654	OTHER
autorité	653	NOUN,OTHER
échelle	653	ADJECTIVE
commission	653	NOUN,OTHER
tribu	653	OTHER
voleurs	653	OTHER
comédie	652	OTHER
seules	652	OTHER
accueil	652	OTHER
pommes	652	OTHER
premières	652	OTHER
autorisé	652	OTHER
taule	652	OTHER
absurde	651	OTHER
souffrance	651	NOUN,OTHER
rattraper	651	VERB
demi-tour	650	OTHER
indiens	650	OTHER
transformer	650	VERB
mérites	650	OTHER
dégâts	650	OTHER
fermée	650	OTHER
réception	650	NOUN,OTHER
french	650	OTHER
réservé	649	OTHER
annulé	649	OTHER
wayne	648	OTHER
mercredi	648	OTHER
meme	648	OTHER
négatif	648	ADJECTIVE
union	648	OTHER
deviennent	647	OTHER
durer	647	VERB
semblent	647	OTHER
bombes	647	OTHER
ivre	646	OTHER
avancez	646	OTHER
témoigner	646	VERB
bah	646	OTHER
langage	646	OTHER
tunnel	645	ADJECTIVE
chats	645	OTHER
pur	645	OTHER
poudre	645	OTHER
oeuvre	644	OTHER
jour-là	644	OTHER
influence	644	NOUN,OTHER
todd	644	OTHER
méchants	644	OTHER
by	644	OTHER
numéros	643	OTHER
récupéré	643	OTHER
pure	643	OTHER
biens	643	OTHER
garce	643	OTHER
tarte	643	OTHER
tres	642	OTHER
hauteur	642	OTHER
carol	642	OTHER
finale	641	ADJECTIVE
culture	640	OTHER
revienne	640	ADJECTIVE
pensiez	640	OTHER
pénis	640	OTHER
déçu	640	OTHER
production	640	NOUN,OTHER
bible	639	ADJECTIVE
pierres	639	OTHER
gants	639	OTHER
sous-sol	638	OTHER
beth	638	OTHER
oeufs	638	OTHER
nina	638	OTHER
rumeurs	638	OTHER
intérêts	638	OTHER
regardais	637	ADJECTIVE
indice	637	OTHER
ministère	637	OTHER
brad	637	OTHER
témoignage	637	OTHER
œufs	637	OTHER
effrayant	636	OTHER
fouiller	636	VERB
prier	636	VERB
diane	636	OTHER
actrice	636	OTHER
suspects	636	OTHER
soirs	636	OTHER
pisser	635	VERB
causer	635	VERB
finira	635	OTHER
entrepôt	635	OTHER
oxygène	635	OTHER
marshall	634	OTHER
west	634	OTHER
inquiètes	634	OTHER
conclu	633	OTHER
devras	633	VERB
francisco	633	OTHER
salade	632	OTHER
indique	632	ADJECTIVE
matinée	632	OTHER
flotte	632	OTHER
uns	631	OTHER
rage	631	OTHER
amiral	631	ADJECTIVE
perdus	631	OTHER
gagnant	631	OTHER
mettent	631	VERB
national	630	ADJECTIVE
frigo	630	OTHER
christ	630	OTHER
vince	630	OTHER
sachant	630	VERB
opérations	629	OTHER
stress	629	OTHER
tuera	629	OTHER
grant	629	OTHER
lâchez	629	OTHER
commander	629	VERB
guide	629	OTHER
blagues	629	OTHER
chic	628	OTHER
comte	627	OTHER
fauteuil	627	OTHER
prises	627	VERB
vampires	627	OTHER
noble	626	OTHER
apprécier	626	VERB
auteur	626	OTHER
kilos	626	OTHER
tuerai	626	OTHER
séparés	626	OTHER
pouvaient	625	VERB
principale	624	ADJECTIVE
bottes	624	OTHER
semblerait	623	OTHER
miens	623	OTHER
foutue	623	OTHER
espion	623	OTHER
album	623	OTHER
sortent	623	VERB
lou	623	OTHER
violent	623	OTHER
terroristes	622	OTHER
énerve	622	OTHER
voudras	622	VERB
repartir	622	VERB
spencer	622	VERB
teddy	622	OTHER
serment	622	OTHER
unités	622	OTHER
restait	621	OTHER
promotion	621	NOUN,OTHER
sure	621	OTHER
division	621	NOUN,OTHER
ron	621	OTHER
viendrai	621	VERB
foie	620	OTHER
puisses	620	VERB
pardonne	619	OTHER
robot	619	OTHER
relax	619	OTHER
jess	618	OTHER
mères	618	OTHER
ethan	618	OTHER
joueurs	618	OTHER
rejoint	618	OTHER
collection	617	NOUN,OTHER
stupides	617	OTHER
option	617	NOUN,OTHER
communication	617	NOUN,OTHER
bizarres	617	OTHER
rigole	616	OTHER
anges	616	OTHER
vague	616	OTHER
innocents	616	OTHER
lewis	616	OTHER
nombreuses	615	OTHER
laboratoire	614	OTHER
soutenir	614	VERB
naturellement	614	OTHER
vends	614	OTHER
floride	614	OTHER
charme	614	OTHER
ian	614	OTHER
adjoint	614	OTHER
trouvait	613	OTHER
terroriste	613	OTHER
paraître	613	VERB
clan	613	OTHER
livraison	613	OTHER
jalouse	613	OTHER
retiré	613	OTHER
efficace	613	OTHER
revenus	613	OTHER
diplôme	612	OTHER
piégé	612	OTHER
interne	612	OTHER
ennuyeux	612	ADJECTIVE
électricité	611	NOUN,OTHER
ignorer	611	VERB
buvez	611	VERB
pervers	611	OTHER
baby	611	OTHER
gâché	611	OTHER
phase	611	OTHER
trouvés	611	OTHER
repris	610	OTHER
enregistré	610	OTHER
besoins	610	OTHER
révolution	610	NOUN,OTHER
passons	610	OTHER
sein	610	OTHER
valait	609	OTHER
barbe	609	OTHER
pari	609	OTHER
fans	607	OTHER
dylan	607	OTHER
connue	607	VERB
commerce	607	OTHER
formation	607	NOUN,OTHER
habiller	607	VERB
fichu	607	OTHER
renseignements	607	OTHER
bêtises	606	OTHER
michelle	606	ADJECTIVE
parent	606	OTHER
tina	605	OTHER
commissariat	605	OTHER
gratuit	605	OTHER
tuyau	605	OTHER
couvre	605	OTHER
convient	604	OTHER
adoré	604	OTHER
total	604	ADJECTIVE
oû	604	OTHER
nancy	604	OTHER
autrefois	603	OTHER
éteint	603	OTHER
étude	603	OTHER
fenêtres	603	OTHER
actuellement	602	OTHER
écart	602	OTHER
charger	602	VERB
habitants	602	OTHER
comté	602	OTHER
étudié	602	OTHER
bol	602	OTHER
dette	601	OTHER
diner	601	VERB
rêver	601	VERB
interrompre	601	OTHER
micro	601	OTHER
liens	600	OTHER
plastique	600	ADJECTIVE
rompre	600	OTHER
éteindre	600	OTHER
dégoûtant	600	OTHER
deviez	600	VERB
minable	599	ADJECTIVE
égoïste	599	OTHER
casey	599	OTHER
léger	599	OTHER
cigarettes	599	OTHER
sœurs	598	OTHER
edward	598	OTHER
réveillée	598	OTHER
one	598	OTHER
cité	598	OTHER
be	597	OTHER
culpabilité	597	NOUN,OTHER
las	597	OTHER
adorerais	597	ADJECTIVE
pourrons	597	VERB
produire	597	VERB
nucléaire	596	OTHER
russie	596	PROPER_NOUN
rejoins	595	OTHER
tandis	595	OTHER
descendez	595	OTHER
espagnol	595	OTHER
volée	595	OTHER
vaisseaux	595	ADJECTIVE
régime	595	OTHER
pilules	595	OTHER
aïe	595	OTHER
empreinte	594	OTHER
russell	594	OTHER
sain	594	ADJECTIVE
identifié	593	OTHER
évidence	593	NOUN,OTHER
fidèle	593	OTHER
trouveras	593	OTHER
diras	593	VERB
remède	593	OTHER
cimetière	592	OTHER
couler	592	VERB
emporter	592	VERB
fâché	592	OTHER
exécution	592	NOUN,OTHER
evidemment	592	OTHER
porno	592	OTHER
devrez	591	VERB
cellules	591	OTHER
éléments	591	OTHER
rang	591	OTHER
autorités	590	OTHER
laissera	590	OTHER
hannah	590	OTHER
fierté	590	OTHER
vérifiez	590	OTHER
travaillais	590	ADJECTIVE
congrès	589	OTHER
pratiquement	589	OTHER
enfui	589	OTHER
métro	589	OTHER
diamants	588	OTHER
raymond	588	OTHER
façons	588	OTHER
processus	588	OTHER
âmes	588	OTHER
caution	588	NOUN,OTHER
lecture	587	OTHER
rond	587	OTHER
camarades	587	OTHER
ressemblait	587	OTHER
écraser	587	VERB
caractère	587	OTHER
trous	586	OTHER
intelligence	586	NOUN,OTHER
renforts	586	OTHER
résister	586	VERB
sous-titres	586	OTHER
roses	586	OTHER
ressenti	586	OTHER
douze	585	OTHER
gus	585	OTHER
instructions	585	OTHER
gibbs	585	OTHER
plaindre	585	OTHER
voudrez	585	VERB
so	585	OTHER
ali	585	OTHER
exprimer	585	VERB
religion	584	OTHER
survie	584	OTHER
couches	583	OTHER
pourri	583	OTHER
esclave	583	OTHER
septembre	583	OTHER
particulièrement	582	OTHER
tradition	582	NOUN,OTHER
dennis	582	OTHER
aidez	581	OTHER
jusque	581	PREPOSITION
commencent	581	OTHER
stratégie	581	OTHER
chasseur	581	OTHER
intéressante	581	OTHER
walker	580	VERB
quinn	580	OTHER
guitare	580	OTHER
loué	580	OTHER
attaché	580	OTHER
nue	580	OTHER
améliorer	580	VERB
termes	580	OTHER
soeurs	579	OTHER
randy	579	OTHER
vidéos	579	OTHER
amant	579	OTHER
courte	579	OTHER
escalier	579	OTHER
owen	579	OTHER
bêtes	579	OTHER
défi	579	OTHER
gentils	578	OTHER
rentrons	578	OTHER
créatures	578	OTHER
chirurgien	578	ADJECTIVE
dollar	577	OTHER
quatrième	577	OTHER
changent	577	OTHER
accent	577	OTHER
personnalité	576	NOUN,OTHER
durs	576	OTHER
commandement	576	NOUN,OTHER
lampe	576	OTHER
kenny	575	OTHER
crever	575	VERB
ken	575	OTHER
centrale	575	ADJECTIVE
oscar	575	OTHER
espérer	575	VERB
goûter	575	VERB
nerfs	575	OTHER
grandir	574	VERB
préférerais	574	ADJECTIVE
feux	574	ADJECTIVE
dépassé	574	OTHER
tuez	574	OTHER
passant	574	OTHER
totale	573	ADJECTIVE
rencontrée	573	OTHER
pro	573	OTHER
carrie	573	OTHER
méchante	573	OTHER
ressentir	573	VERB
déclaré	572	OTHER
dessin	572	OTHER
généreux	571	ADJECTIVE
attendons	571	OTHER
bourré	571	OTHER
mn	571	OTHER
manuel	571	ADJECTIVE
officiel	570	ADJECTIVE
reconnaissance	570	NOUN,OTHER
boisson	570	OTHER
embrassé	570	OTHER
savaient	569	VERB
appétit	569	OTHER
commandes	569	OTHER
découverte	569	OTHER
risquer	569	VERB
entendue	569	OTHER
excité	569	NOUN,OTHER
rouler	569	VERB
câble	568	OTHER
fume	568	OTHER
phrase	568	OTHER
réveil	567	OTHER
avère	567	OTHER
champs	567	OTHER
disponible	567	ADJECTIVE
levé	566	OTHER
julian	566	OTHER
dose	566	OTHER
coma	566	OTHER
cuisiner	566	VERB
groupes	565	OTHER
envoyée	565	OTHER
dépêche	565	OTHER
sociale	565	ADJECTIVE
assister	565	VERB
comptez	565	OTHER
manières	565	OTHER
mangez	565	OTHER
équipes	565	OTHER
gère	565	OTHER
mortel	564	ADJECTIVE
voies	564	VERB
dick	564	OTHER
événements	564	OTHER
indien	564	ADJECTIVE
enterrer	564	VERB
stylo	564	OTHER
gamine	564	OTHER
homicide	564	OTHER
laissons	563	OTHER
sue	563	VERB
détendre	563	OTHER
dis-leur	563	OTHER
blake	562	OTHER
martha	562	OTHER
regardant	562	OTHER
riz	562	OTHER
aurions	561	VERB
correctement	561	OTHER
ailles	561	VERB
crée	560	OTHER
imagines	560	OTHER
transfert	560	OTHER
complexe	560	OTHER
zut	560	OTHER
accueillir	559	VERB
ongles	559	OTHER
portrait	559	OTHER
criminelle	559	ADJECTIVE
définitivement	558	OTHER
présenté	558	OTHER
remarque	558	OTHER
désastre	558	OTHER
vraies	558	OTHER
métal	558	OTHER
jennifer	558	VERB
traverse	557	OTHER
italie	557	PROPER_NOUN
degrés	557	OTHER
up	556	OTHER
coincée	556	OTHER
masse	556	OTHER
etats-unis	555	OTHER
drapeau	555	OTHER
traîne	555	OTHER
plaire	555	VERB
baisé	554	OTHER
reçoit	553	VERB
liz	553	OTHER
devenus	553	OTHER
noix	553	OTHER
cabane	553	OTHER
lion	553	OTHER
jonathan	552	OTHER
budget	552	OTHER
inde	552	OTHER
malédiction	552	NOUN,OTHER
souffert	552	OTHER
villes	551	OTHER
keith	551	OTHER
lot	551	OTHER
militaires	551	OTHER
escaliers	550	OTHER
rumeur	550	OTHER
serviette	550	OTHER
commercial	550	ADJECTIVE
méthode	550	OTHER
eli	550	OTHER
avenue	550	OTHER
autopsie	549	OTHER
pue	549	OTHER
cliente	549	OTHER
arrange	549	OTHER
venons	549	VERB
descendu	549	OTHER
intervention	548	NOUN,OTHER
arrêtée	548	OTHER
chefs	548	OTHER
priorité	548	NOUN,OTHER
serré	547	OTHER
italien	547	ADJECTIVE
quoique	547	ADJECTIVE
casino	547	OTHER
acteurs	547	OTHER
passeport	546	OTHER
pomme	546	OTHER
sincèrement	546	OTHER
ressources	546	OTHER
environnement	545	NOUN,OTHER
can	544	OTHER
elena	544	OTHER
connor	544	OTHER
louise	544	OTHER
rigoles	544	OTHER
ellen	544	OTHER
menaces	544	OTHER
toast	544	OTHER
bâton	544	OTHER
doutes	543	OTHER
préfères	543	OTHER
thanksgiving	543	OTHER
bail	543	OTHER
réunis	543	OTHER
énormément	542	OTHER
négocier	542	VERB
remets	542	OTHER
sacrifice	542	OTHER
reconnaissant	542	OTHER
williams	542	OTHER
jeremy	542	OTHER
citoyens	541	OTHER
abattu	541	OTHER
habits	541	OTHER
otage	540	OTHER
tatouage	540	OTHER
interview	540	OTHER
couru	540	VERB
héroïne	540	OTHER
opérer	540	VERB
tendance	540	NOUN,OTHER
rupture	540	OTHER
médias	540	OTHER
marqué	539	OTHER
batterie	539	OTHER
enseigne	539	OTHER
manager	539	OTHER
promener	539	VERB
héritage	538	OTHER
écrivain	538	ADJECTIVE
clown	538	OTHER
positif	538	ADJECTIVE
hitler	538	VERB
jungle	538	OTHER
équipement	538	NOUN,OTHER
penny	537	OTHER
complice	537	OTHER
réalise	537	OTHER
préparez	537	OTHER
profite	537	OTHER
assuré	537	OTHER
importantes	537	OTHER
mette	537	VERB
pages	537	OTHER
cousine	536	OTHER
tester	536	VERB
génération	536	NOUN,OTHER
bâtard	536	OTHER
torture	536	OTHER
putains	535	OTHER
creuser	535	VERB
mmm	535	OTHER
jacob	535	OTHER
loyauté	535	OTHER
techniquement	535	OTHER
cravate	534	OTHER
mourra	534	VERB
effacer	533	VERB
t-shirt	533	OTHER
brigade	533	OTHER
événement	533	NOUN,OTHER
rappelé	533	OTHER
dises	533	VERB
étranges	533	OTHER
collège	533	OTHER
leader	533	OTHER
ténèbres	532	OTHER
samantha	532	OTHER
trompes	532	OTHER
associés	532	OTHER
examens	532	OTHER
taré	532	OTHER
bart	532	OTHER
dent	531	OTHER
dangereuse	531	ADJECTIVE
poumons	531	OTHER
holly	531	OTHER
destruction	531	NOUN,OTHER
bateaux	531	ADJECTIVE
trouvais	531	ADJECTIVE
pires	530	OTHER
charité	530	NOUN,OTHER
considère	530	OTHER
révérend	530	OTHER
retrouvée	530	OTHER
girl	530	OTHER
surement	530	OTHER
expériences	530	OTHER
quart	530	OTHER
poches	529	OTHER
désire	529	OTHER
boîtes	529	OTHER
malcolm	529	OTHER
moderne	529	OTHER
résolu	529	OTHER
manges	528	OTHER
mentionné	528	OTHER
pétrole	528	OTHER
solitaire	528	OTHER
essayant	528	OTHER
démarre	527	OTHER
arracher	527	VERB
tendre	527	VERB
sincère	527	OTHER
issue	527	OTHER
saut	527	OTHER
débrouiller	527	VERB
mickey	526	OTHER
regardait	526	OTHER
white	526	OTHER
devaient	526	VERB
timide	526	OTHER
chevalier	526	VERB
précisément	525	OTHER
continues	525	OTHER
halloween	525	OTHER
ordures	525	OTHER
volontaire	525	OTHER
interrogatoire	525	OTHER
trahison	524	OTHER
vomir	524	VERB
tueurs	524	OTHER
travis	524	OTHER
confirmé	524	OTHER
cri	524	OTHER
clay	524	OTHER
cassée	524	OTHER
soucie	524	OTHER
censés	524	OTHER
adrian	523	OTHER
siècles	523	OTHER
cruel	523	ADJECTIVE
plaisantez	523	OTHER
agi	523	OTHER
probable	523	ADJECTIVE
scandale	523	ADJECTIVE
laissent	523	OTHER
otages	523	OTHER
invisible	522	ADJECTIVE
mélange	522	OTHER
responsabilités	522	OTHER
ashley	522	OTHER
harold	522	OTHER
albert	522	OTHER
importants	522	OTHER
attendrai	521	OTHER
déménager	521	VERB
perdez	521	OTHER
visages	521	OTHER
échantillon	521	OTHER
explosé	521	OTHER
jouent	520	OTHER
homer	520	VERB
nan	520	OTHER
flash	519	OTHER
systèmes	519	OTHER
usa	519	OTHER
simples	519	OTHER
christine	519	OTHER
charges	519	OTHER
funérailles	519	OTHER
ressembler	519	VERB
césar	519	OTHER
evan	519	OTHER
jouets	519	OTHER
chaos	518	OTHER
mm-hmm	518	OTHER
green	518	OTHER
outils	518	OTHER
audrey	517	OTHER
résistance	517	NOUN,OTHER
dessert	517	OTHER
cons	517	OTHER
insiste	516	OTHER
veuve	516	OTHER
riley	516	OTHER
effectivement	516	OTHER
dernièrement	516	OTHER
neil	516	OTHER
moyenne	516	OTHER
logan	516	OTHER
contient	515	OTHER
espagne	515	PROPER_NOUN
virée	515	OTHER
épaules	515	OTHER
stone	514	OTHER
altesse	514	OTHER
gênant	514	OTHER
voter	514	VERB
manquait	514	OTHER
laisse-la	514	OTHER
protégé	514	OTHER
esclaves	514	OTHER
arrêtera	514	OTHER
construction	514	NOUN,OTHER
utilisez	513	OTHER
cadavres	513	OTHER
immense	513	OTHER
net	513	OTHER
renvoyé	513	OTHER
population	513	NOUN,OTHER
mondiale	513	ADJECTIVE
juillet	512	OTHER
capacité	512	NOUN,OTHER
sortait	512	VERB
expliqué	512	OTHER
sensation	512	NOUN,OTHER
sien	512	ADJECTIVE
mason	512	OTHER
retenu	512	OTHER
informer	511	VERB
récupère	511	OTHER
ordonné	511	OTHER
potentiel	510	ADJECTIVE
baisser	510	VERB
admire	510	OTHER
morale	510	ADJECTIVE
pasteur	510	OTHER
patrouille	510	OTHER
connerie	510	OTHER
impact	510	OTHER
partant	510	VERB
baseball	509	OTHER
sel	509	OTHER
conducteur	509	OTHER
maintenir	509	VERB
stable	509	ADJECTIVE
motel	508	ADJECTIVE
pourront	508	VERB
poker	508	VERB
abattre	508	VERB
littéralement	508	OTHER
présidente	508	OTHER
hill	508	OTHER
oublierai	508	OTHER
tokyo	508	OTHER
jules	508	OTHER
panneau	508	OTHER
évite	507	OTHER
regardent	507	OTHER
tragédie	507	OTHER
angel	507	ADJECTIVE
serveur	507	OTHER
fruit	507	OTHER
aaron	507	OTHER
marge	506	OTHER
earl	506	OTHER
prière	506	OTHER
activités	506	OTHER
légiste	506	OTHER
impôts	506	OTHER
possession	506	NOUN,OTHER
confirmer	506	VERB
out	506	OTHER
vendeur	506	OTHER
discuté	506	OTHER
dépasse	505	OTHER
apprécié	505	OTHER
combinaison	505	OTHER
joan	505	OTHER
proposer	504	VERB
séjour	504	OTHER
utilisent	504	OTHER
exception	504	NOUN,OTHER
ambassadeur	504	OTHER
lincoln	504	OTHER
craindre	504	OTHER
allison	503	OTHER
boy	503	OTHER
poing	503	OTHER
commences	503	OTHER
chapitre	503	OTHER
four	503	OTHER
rapporte	503	OTHER
association	503	NOUN,OTHER
connaissiez	503	VERB
audition	502	NOUN,OTHER
ordure	502	OTHER
écriture	502	OTHER
publicité	501	NOUN,OTHER
cendres	501	OTHER
motif	501	ADJECTIVE
respiration	501	NOUN,OTHER
quinze	501	OTHER
regretter	500	VERB
avril	500	OTHER
boue	500	OTHER
pleuré	500	OTHER
rita	499	OTHER
pipi	499	OTHER
noté	499	OTHER
sammy	499	OTHER
tv	499	OTHER
cran	499	OTHER
échappe	499	OTHER
veuille	499	VERB
vivez	498	VERB
apparence	498	NOUN,OTHER
principe	498	OTHER
oublies	498	OTHER
essentiel	498	ADJECTIVE
moment-là	498	OTHER
quittez	498	OTHER
sortons	497	VERB
alpha	497	OTHER
gentleman	497	OTHER
gabriel	497	ADJECTIVE
eaux	497	ADJECTIVE
house	497	OTHER
brise	497	OTHER
verte	497	OTHER
boules	497	OTHER
lauren	496	OTHER
canada	496	PROPER_NOUN
demandent	496	OTHER
exige	496	OTHER
règlement	496	NOUN,OTHER
francis	496	OTHER
barney	496	OTHER
aimable	496	ADJECTIVE
habillé	496	OTHER
ann	496	OTHER
symbole	496	OTHER
endormi	496	OTHER
margaret	496	OTHER
marin	495	OTHER
what	495	OTHER
docteurs	495	OTHER
adorent	495	OTHER
revanche	495	OTHER
rarement	495	OTHER
gâteaux	495	ADJECTIVE
parait	495	OTHER
with	494	OTHER
fonce	494	OTHER
satellite	494	OTHER
paige	494	OTHER
dettes	494	OTHER
rembourser	494	VERB
passagers	494	OTHER
luxe	493	OTHER
vallée	493	OTHER
médicale	493	ADJECTIVE
reprend	493	OTHER
transport	493	OTHER
effrayé	493	OTHER
franc	493	OTHER
couronne	492	OTHER
scientifiques	492	OTHER
chacune	492	OTHER
plante	491	OTHER
menu	491	OTHER
revolver	491	VERB
bonhomme	491	OTHER
légal	491	ADJECTIVE
liam	491	OTHER
discute	490	OTHER
bonté	490	OTHER
bières	490	OTHER
complète	490	OTHER
avertissement	490	OTHER
acier	490	VERB
subir	490	VERB
sentait	490	OTHER
berlin	489	OTHER
kitty	489	OTHER
plais	489	ADJECTIVE
planté	489	OTHER
branche	488	OTHER
puissante	488	OTHER
engagement	488	NOUN,OTHER
imaginé	488	OTHER
options	487	OTHER
coûté	487	OTHER
changements	487	OTHER
révéler	487	VERB
mesures	487	OTHER
coordonnées	487	OTHER
contacts	487	OTHER
bip	487	OTHER
producteur	487	OTHER
cessé	487	OTHER
fonction	486	NOUN,OTHER
lame	486	OTHER
donnait	486	OTHER
navrée	486	OTHER
shawn	486	OTHER
cachée	486	OTHER
salopard	485	OTHER
cuir	485	OTHER
monica	485	OTHER
megan	484	OTHER
direz	484	VERB
goutte	484	OTHER
rate	484	OTHER
ticket	484	OTHER
douter	484	VERB
chloé	484	OTHER
fédéral	484	ADJECTIVE
stephen	484	OTHER
maths	483	OTHER
ose	483	OTHER
attaques	482	OTHER
autoroute	482	OTHER
accuser	482	VERB
dealer	482	VERB
déposition	482	NOUN,OTHER
victoria	482	OTHER
étonne	482	OTHER
deuil	482	OTHER
légère	481	OTHER
huh	481	OTHER
avocate	481	OTHER
statue	481	OTHER
excellence	480	NOUN,OTHER
coule	480	OTHER
armés	480	OTHER
piqué	480	OTHER
eva	480	OTHER
pères	480	OTHER
basket	480	OTHER
harris	480	OTHER
ô	479	OTHER
pathétique	479	ADJECTIVE
journalistes	479	OTHER
remarquer	479	VERB
booth	479	OTHER
matthew	479	OTHER
innocente	478	OTHER
fichiers	478	OTHER
casque	478	OTHER
ruiné	478	OTHER
mené	478	OTHER
prime	477	OTHER
bloqué	477	OTHER
faisiez	477	VERB
jenna	477	OTHER
bénisse	477	OTHER
hélas	477	OTHER
sec	477	OTHER
éclater	477	VERB
bienvenu	477	OTHER
aile	477	OTHER
mortes	476	OTHER
combats	475	OTHER
kg	475	OTHER
protocole	475	OTHER
prendrais	475	VERB
chatte	475	OTHER
mouvements	475	OTHER
poignée	475	OTHER
reviennent	475	OTHER
gloria	474	OTHER
nelson	474	OTHER
aah	474	OTHER
vodka	474	OTHER
roue	474	OTHER
oblige	473	OTHER
quartiers	473	OTHER
boucle	473	OTHER
mordu	473	OTHER
fois-ci	473	OTHER
légitime	473	OTHER
délire	473	OTHER
médicament	472	NOUN,OTHER
resto	472	OTHER
trente	472	OTHER
island	472	OTHER
douloureux	472	ADJECTIVE
vues	471	VERB
tonnes	471	OTHER
jersey	471	OTHER
demoiselle	471	ADJECTIVE
attire	471	OTHER
bagnole	471	OTHER
serveuse	471	ADJECTIVE
contacté	471	OTHER
relève	471	OTHER
reprends	471	OTHER
allume	470	OTHER
conflit	470	OTHER
accomplir	470	VERB
bouteilles	470	OTHER
shane	470	OTHER
pensant	470	OTHER
lisez	470	VERB
prêtes	470	OTHER
badge	470	OTHER
little	469	OTHER
pension	469	NOUN,OTHER
déposé	469	OTHER
routine	469	OTHER
crève	469	OTHER
articles	469	OTHER
chagrin	469	OTHER
local	468	ADJECTIVE
saurai	468	VERB
appuie	468	OTHER
filmer	468	VERB
ayons	467	VERB
know	467	OTHER
servent	467	OTHER
réduire	467	VERB
remet	467	OTHER
filé	467	OTHER
courez	466	VERB
rit	466	OTHER
symptômes	466	OTHER
feuilles	466	OTHER
candidat	466	OTHER
vides	466	OTHER
soupirs	466	OTHER
rory	466	OTHER
professionnelle	465	ADJECTIVE
ressemblent	465	OTHER
wade	465	OTHER
sauvages	465	OTHER
organise	465	OTHER
munitions	465	OTHER
cercueil	465	OTHER
cm	465	OTHER
enquêter	465	VERB
disparue	465	OTHER
réelle	464	ADJECTIVE
trône	464	OTHER
ouverts	464	OTHER
planque	464	OTHER
asile	464	OTHER
louer	464	VERB
allumer	464	VERB
craig	463	OTHER
tarder	463	VERB
fausses	463	OTHER
administration	463	NOUN,OTHER
arrangement	463	OTHER
existent	463	OTHER
hop	463	OTHER
juin	462	OTHER
sachez	462	OTHER
contrairement	462	OTHER
wendy	462	OTHER
conseille	462	OTHER
ford	462	OTHER
fabrique	461	ADJECTIVE
mitchell	461	OTHER
obscurité	461	NOUN,OTHER
talents	461	OTHER
enlevez	461	OTHER
informé	461	OTHER
colline	461	OTHER
telles	461	OTHER
horribles	461	OTHER
avoué	461	OTHER
mentez	461	OTHER
réalisateur	461	OTHER
lesquelles	461	OTHER
puits	460	OTHER
octobre	460	OTHER
cherchons	460	OTHER
costumes	460	OTHER
irez	460	VERB
léo	460	OTHER
renoncer	460	VERB
aimée	460	OTHER
république	460	ADJECTIVE
rendent	459	OTHER
longues	459	OTHER
sauvée	459	OTHER
nuit-là	459	OTHER
testament	459	NOUN,OTHER
facture	459	OTHER
domicile	459	OTHER
basse	459	OTHER
transformé	459	OTHER
emmenée	458	OTHER
médaille	458	OTHER
texte	458	OTHER
établir	458	VERB
vanessa	457	OTHER
sienne	457	ADJECTIVE
kong	457	OTHER
record	457	OTHER
connaisse	457	VERB
blé	457	OTHER
guerrier	457	VERB
sms	457	OTHER
entrain	457	ADJECTIVE
quittes	457	OTHER
plantes	457	OTHER
restons	457	OTHER
accéder	457	VERB
suprême	456	OTHER
warren	456	OTHER
installé	456	OTHER
tuent	456	OTHER
décrire	456	OTHER
enveloppe	456	OTHER
manche	456	OTHER
écoles	456	OTHER
batman	456	OTHER
embête	456	OTHER
espèces	455	OTHER
dalle	455	OTHER
auquel	455	ADJECTIVE
mrs	455	OTHER
cadre	455	OTHER
enseigner	455	VERB
maquillage	455	OTHER
fâchée	455	OTHER
restant	455	OTHER
prétend	455	OTHER
demandait	454	OTHER
gris	454	OTHER
levez	454	OTHER
nora	454	OTHER
sépare	454	OTHER
enlèvement	454	OTHER
magicien	454	ADJECTIVE
historique	454	ADJECTIVE
circulation	454	NOUN,OTHER
piquer	454	VERB
stanley	454	OTHER
canard	454	OTHER
lancement	453	OTHER
quantité	453	NOUN,OTHER
gym	453	OTHER
time	453	OTHER
punir	453	VERB
téléphoner	453	VERB
hélicoptère	453	OTHER
dinde	453	OTHER
subi	453	OTHER
énerver	453	VERB
auto	452	OTHER
mêle	452	OTHER
anthony	452	OTHER
placer	452	VERB
réduit	452	OTHER
fédéraux	452	ADJECTIVE
bruits	452	OTHER
sujets	452	OTHER
jetez	451	OTHER
he	451	OTHER
tube	451	OTHER
organes	451	OTHER
poils	451	OTHER
époux	451	OTHER
tendu	451	OTHER
ingénieur	450	OTHER
téléphones	450	OTHER
pape	450	OTHER
routes	450	OTHER
lâché	450	OTHER
portant	450	OTHER
bats	450	OTHER
laissant	450	OTHER
pouce	450	OTHER
infection	450	NOUN,OTHER
faiblesse	450	OTHER
mettra	449	VERB
manhattan	449	OTHER
responsables	449	OTHER
devinez	449	OTHER
remarquable	449	ADJECTIVE
tenais	449	VERB
mérité	449	NOUN,OTHER
collins	449	OTHER
santa	448	OTHER
libération	448	NOUN,OTHER
malentendu	448	OTHER
élément	448	NOUN,OTHER
vaincre	448	OTHER
attiré	448	OTHER
mêler	448	VERB
bouffer	448	VERB
souvient	448	OTHER
profonde	447	OTHER
chaussettes	447	OTHER
morgue	447	OTHER
accuse	447	OTHER
portez	447	OTHER
estime	447	OTHER
soda	446	OTHER
silencieux	446	ADJECTIVE
diana	446	OTHER
faibles	446	OTHER
avertir	446	VERB
côtes	446	OTHER
tournage	446	OTHER
bonnie	445	OTHER
effraction	445	NOUN,OTHER
valises	445	OTHER
atmosphère	445	OTHER
délit	445	OTHER
fui	445	OTHER
menottes	445	OTHER
partenaires	445	OTHER
bureaux	445	ADJECTIVE
this	445	OTHER
requin	444	OTHER
détention	444	NOUN,OTHER
factures	444	OTHER
agissait	444	OTHER
continué	444	OTHER
donne-lui	444	OTHER
observer	443	VERB
visites	443	OTHER
conscient	443	OTHER
condoléances	443	OTHER
maya	443	OTHER
sortant	443	VERB
nicole	443	OTHER
enfermer	443	VERB
vôtres	443	OTHER
tumeur	442	OTHER
marches	442	OTHER
crainte	442	OTHER
panier	442	VERB
ruth	442	OTHER
immunité	442	NOUN,OTHER
terriblement	442	OTHER
compromis	442	OTHER
minimum	442	OTHER
tels	442	OTHER
coûter	442	VERB
revue	442	OTHER
hong	441	OTHER
scotch	441	OTHER
tracy	441	OTHER
repéré	441	OTHER
ruiner	441	VERB
différemment	440	OTHER
violée	440	OTHER
harper	440	VERB
trompez	440	OTHER
salauds	440	OTHER
putes	440	OTHER
clara	440	OTHER
pleins	440	OTHER
come	440	OTHER
personnages	440	OTHER
péchés	440	OTHER
fascinant	439	OTHER
utilisée	439	OTHER
avaler	439	VERB
nièce	438	OTHER
élu	438	OTHER
meubles	438	OTHER
magnifiques	438	OTHER
devienne	438	ADJECTIVE
explose	438	OTHER
portent	438	OTHER
viennes	438	VERB
passerai	438	OTHER
sagesse	438	OTHER
seth	437	OTHER
fouillé	437	OTHER
française	437	ADJECTIVE
janet	437	OTHER
just	437	OTHER
imaginais	437	ADJECTIVE
douzaine	437	ADJECTIVE
fusillade	437	OTHER
intentions	437	OTHER
puissent	437	VERB
serrer	436	VERB
trouble	436	OTHER
sachiez	436	VERB
connexion	436	OTHER
renversé	436	OTHER
voudriez	436	VERB
équilibre	436	OTHER
usage	435	OTHER
rapporter	435	VERB
meure	435	VERB
sydney	435	OTHER
intéresser	435	VERB
sourd	435	OTHER
vaudrait	435	OTHER
industrie	435	OTHER
connus	435	VERB
norman	435	OTHER
soudainement	434	OTHER
états	434	OTHER
brooklyn	434	OTHER
croirait	434	VERB
communiquer	434	VERB
déménagé	434	OTHER
saigne	434	OTHER
longs	434	OTHER
festival	434	OTHER
inconnue	434	OTHER
parliez	434	OTHER
revu	434	OTHER
destinée	433	OTHER
linge	433	OTHER
ressent	433	OTHER
câlin	433	OTHER
trouvons	433	OTHER
promettre	432	VERB
jugé	432	OTHER
fragile	432	OTHER
fabuleux	432	ADJECTIVE
sieste	432	OTHER
conçu	432	OTHER
indices	432	OTHER
obéir	432	VERB
suicider	432	VERB
chant	432	OTHER
simpson	432	OTHER
curiosité	432	NOUN,OTHER
balancer	431	VERB
entraîneur	431	OTHER
judy	431	OTHER
écrasé	431	OTHER
archives	431	OTHER
intimité	431	NOUN,OTHER
demeure	431	OTHER
ambiance	431	NOUN,OTHER
ressembles	431	OTHER
brillante	431	OTHER
ramasser	431	VERB
satisfait	430	OTHER
tara	430	OTHER
karl	430	OTHER
connaitre	430	VERB
hector	430	OTHER
tissu	430	OTHER
viendrais	430	VERB
nuages	430	OTHER
phoebe	429	OTHER
soir-là	429	OTHER
résidence	429	NOUN,OTHER
jouais	429	ADJECTIVE
arriverai	429	OTHER
politiques	429	OTHER
débat	429	OTHER
fonctionner	429	VERB
prostituée	428	OTHER
bo	428	OTHER
homo	428	OTHER
pompiers	428	OTHER
sorcières	428	OTHER
leçons	427	OTHER
rendra	427	OTHER
vic	427	OTHER
naturelle	427	ADJECTIVE
réunions	427	OTHER
implique	427	ADJECTIVE
bracelet	427	OTHER
look	427	OTHER
zoo	427	OTHER
confortable	427	ADJECTIVE
navette	427	OTHER
cervelle	427	ADJECTIVE
baron	426	OTHER
jumeaux	426	ADJECTIVE
genou	426	OTHER
ralph	426	OTHER
may	426	OTHER
mystérieux	426	ADJECTIVE
coincés	426	OTHER
campus	426	OTHER
arriverait	426	OTHER
augmenter	426	VERB
tragique	426	ADJECTIVE
cash	425	OTHER
elliot	425	OTHER
vilain	425	ADJECTIVE
toc	425	OTHER
essaient	425	OTHER
moscou	425	OTHER
heather	425	VERB
destination	425	NOUN,OTHER
grossesse	425	OTHER
foiré	425	OTHER
royal	425	ADJECTIVE
exposition	425	NOUN,OTHER
nid	425	OTHER
artistes	424	OTHER
vise	424	OTHER
merdé	424	OTHER
mafia	424	OTHER
assiette	424	OTHER
finn	424	OTHER
demanderai	424	OTHER
kit	423	OTHER
capables	423	OTHER
aiderait	423	OTHER
par-dessus	423	OTHER
fréquence	423	NOUN,OTHER
ceux-là	423	OTHER
montrent	423	OTHER
caches	422	OTHER
stars	422	OTHER
dépensé	422	OTHER
lane	422	OTHER
méthodes	422	OTHER
boum	422	OTHER
atelier	422	OTHER
passées	422	OTHER
divine	422	OTHER
balade	421	OTHER
passais	421	ADJECTIVE
capitale	421	OTHER
générale	421	ADJECTIVE
hémorragie	421	OTHER
prouvé	421	OTHER
déplacé	421	OTHER
massage	421	OTHER
daisy	421	OTHER
suffira	421	OTHER
emmenez	421	OTHER
ranch	421	OTHER
touchée	420	OTHER
murphy	420	OTHER
draps	420	OTHER
novembre	420	OTHER
dépression	420	NOUN,OTHER
young	420	OTHER
quelconque	420	OTHER
opéra	420	OTHER
prenais	419	VERB
violé	419	OTHER
endormir	419	VERB
prends-le	419	OTHER
échanger	419	VERB
racheter	419	VERB
fillette	419	OTHER
duré	419	OTHER
cessez	418	OTHER
locale	418	ADJECTIVE
punition	418	NOUN,OTHER
juliette	418	OTHER
accrocher	418	VERB
lesquels	418	OTHER
rencontres	418	OTHER
chaussure	418	OTHER
natalie	418	OTHER
rob	418	OTHER
tiroir	418	VERB
accusations	418	OTHER
agis	418	OTHER
abandonnée	418	OTHER
debbie	417	OTHER
devrai	417	VERB
arrivez	417	OTHER
hello	417	OTHER
quête	416	OTHER
arrivais	416	ADJECTIVE
chase	416	OTHER
inquiétude	416	OTHER
sources	416	OTHER
dommages	416	OTHER
allant	416	VERB
fringues	416	OTHER
marco	416	OTHER
grève	415	OTHER
baissez	415	OTHER
scènes	415	OTHER
nettoie	415	OTHER
rendue	415	OTHER
batte	415	OTHER
sauras	415	VERB
menteuse	415	ADJECTIVE
tennis	415	OTHER
rares	415	OTHER
vire	415	OTHER
dale	415	ADJECTIVE
désirez	415	OTHER
culotte	414	OTHER
disques	414	OTHER
oignons	414	OTHER
alicia	414	OTHER
spécialiste	414	OTHER
entraîne	414	OTHER
mitch	414	OTHER
tigre	414	OTHER
foire	414	OTHER
solitude	414	OTHER
chariot	414	OTHER
judiciaire	414	OTHER
deal	414	ADJECTIVE
mannequin	414	OTHER
carla	413	OTHER
localiser	413	VERB
tombent	413	OTHER
cesser	413	VERB
aiguille	413	OTHER
mettons	413	VERB
suisse	413	PROPER_NOUN
allumé	413	OTHER
atterri	413	OTHER
euros	413	OTHER
misérable	412	ADJECTIVE
fournir	412	VERB
juan	412	OTHER
diego	412	OTHER
légumes	412	OTHER
sperme	412	OTHER
confirme	412	OTHER
pneus	411	OTHER
évacuer	411	VERB
ordinateurs	411	OTHER
ex-femme	411	OTHER
crié	411	OTHER
gras	411	OTHER
sembles	411	OTHER
jouet	411	OTHER
citoyen	410	OTHER
plafond	410	OTHER
fiers	410	OTHER
willie	410	OTHER
signaler	410	VERB
pisse	410	OTHER
poème	410	OTHER
pendu	410	OTHER
holmes	410	OTHER
prières	410	OTHER
prêter	410	VERB
resterai	409	OTHER
confier	409	VERB
arrêtés	409	OTHER
voyages	409	OTHER
dégueulasse	409	OTHER
ligue	408	OTHER
voisine	408	OTHER
irons	408	VERB
pique	408	ADJECTIVE
trompée	408	OTHER
fermes	408	OTHER
tiendra	408	VERB
sandy	408	OTHER
périmètre	408	OTHER
dana	408	OTHER
furent	407	VERB
massacre	407	OTHER
kent	407	OTHER
walt	407	OTHER
muscles	407	OTHER
détestes	407	OTHER
aiderai	407	OTHER
bizarrement	407	OTHER
irlandais	407	ADJECTIVE
météo	407	OTHER
veiller	406	VERB
internes	406	OTHER
verrons	406	VERB
description	406	NOUN,OTHER
défaut	406	OTHER
enlevée	406	OTHER
anonyme	406	OTHER
ambassade	406	OTHER
buter	406	VERB
adversaire	406	OTHER
fermeture	406	OTHER
quasiment	406	OTHER
chasseurs	406	OTHER
intervenir	406	VERB
soupir	406	VERB
mangent	405	OTHER
civils	405	OTHER
automne	405	OTHER
excitée	405	OTHER
tranquilles	405	OTHER
partira	405	VERB
refait	405	OTHER
splendide	404	OTHER
accro	404	OTHER
horloge	404	OTHER
moteurs	404	OTHER
bougé	404	OTHER
enverrai	404	OTHER
sentent	403	OTHER
vomi	403	OTHER
économie	403	OTHER
feuille	403	OTHER
colonne	403	OTHER
vagues	403	OTHER
pétrin	403	OTHER
pistes	403	OTHER
dépenser	403	VERB
pipe	403	OTHER
osé	403	OTHER
pirate	403	OTHER
promesses	403	OTHER
frites	403	OTHER
parier	402	VERB
essayes	402	OTHER
envoyés	402	OTHER
peindre	402	OTHER
partent	402	VERB
informatique	402	ADJECTIVE
admets	402	OTHER
doutais	402	ADJECTIVE
dés	402	OTHER
dépose	402	OTHER
ancêtres	402	OTHER
acide	402	OTHER
immobilier	402	VERB
blue	402	OTHER
saisir	402	VERB
mettrai	402	VERB
liés	402	OTHER
patty	402	OTHER
kirk	401	OTHER
obligés	401	OTHER
constamment	401	OTHER
vedette	401	OTHER
marchait	401	OTHER
christian	401	OTHER
aidée	401	OTHER
familier	401	VERB
fixe	400	OTHER
dignité	400	NOUN,OTHER
tirs	400	OTHER
disparaît	400	OTHER
élections	400	OTHER
dessins	400	OTHER
déclare	400	OTHER
catastrophe	400	OTHER
choisit	400	OTHER
prétendre	399	VERB
amenez	399	OTHER
marteau	399	OTHER
jet	399	OTHER
paierai	399	OTHER
cameron	399	OTHER
accorder	399	VERB
volontiers	399	OTHER
affection	399	NOUN,OTHER
disaient	399	VERB
enregistrer	399	VERB
ordonne	399	OTHER
tombes	399	OTHER
saisi	398	OTHER
trouille	398	OTHER
poignardé	398	OTHER
ronnie	398	OTHER
fiches	398	OTHER
scanner	398	OTHER
document	398	NOUN,OTHER
colin	398	OTHER
atterrir	398	VERB
rois	398	ADJECTIVE
transforme	398	OTHER
jill	398	OTHER
échantillons	398	OTHER
serre	398	OTHER
fichier	397	VERB
répétition	397	NOUN,OTHER
gina	397	OTHER
dentiste	397	OTHER
fassiez	397	VERB
occupes	397	OTHER
plairait	397	OTHER
plats	397	OTHER
accorde	397	OTHER
formes	397	OTHER
machin	397	OTHER
christopher	397	VERB
déterminer	397	VERB
ouvriers	396	OTHER
times	396	OTHER
utilisant	396	OTHER
sexuels	396	OTHER
célébrer	395	VERB
allen	395	OTHER
oublions	395	OTHER
montée	395	OTHER
philip	395	OTHER
partirai	395	VERB
civil	395	OTHER
got	395	OTHER
pompes	395	OTHER
marc	395	OTHER
promenade	394	OTHER
entraîné	394	OTHER
jetée	394	OTHER
profit	394	OTHER
tiennent	394	VERB
tache	394	OTHER
franklin	394	OTHER
emporte	394	OTHER
damon	394	OTHER
absent	394	OTHER
désespéré	394	OTHER
burke	393	OTHER
prochaines	393	OTHER
création	393	NOUN,OTHER
cinquième	393	OTHER
ellie	393	OTHER
refuge	393	OTHER
base-ball	393	OTHER
diamant	393	OTHER
coke	393	OTHER
antenne	392	OTHER
satan	392	OTHER
aperçu	392	OTHER
antoine	392	OTHER
réussite	392	OTHER
guère	392	OTHER
provoquer	392	VERB
formule	392	OTHER
fleuve	392	OTHER
recette	392	OTHER
intime	392	OTHER
cordes	392	OTHER
plaie	391	OTHER
réagir	391	VERB
cuire	391	VERB
leslie	391	OTHER
bénédiction	391	NOUN,OTHER
saloperie	391	OTHER
eve	391	OTHER
compassion	391	NOUN,OTHER
brooke	391	OTHER
vaux	391	ADJECTIVE
obsédé	391	OTHER
duc	391	OTHER
curtis	390	OTHER
bidon	390	OTHER
divorcer	390	VERB
relever	390	VERB
sobre	390	OTHER
deviné	389	OTHER
occupés	389	OTHER
sonné	389	OTHER
drogué	389	OTHER
von	389	OTHER
merveille	389	OTHER
flammes	389	OTHER
illusion	389	NOUN,OTHER
anneau	389	OTHER
sauvetage	388	OTHER
comprennent	388	OTHER
madison	388	OTHER
gentiment	388	OTHER
lana	388	OTHER
canal	388	OTHER
pleut	388	OTHER
exposé	388	OTHER
violet	388	OTHER
élevée	388	OTHER
gps	388	OTHER
april	387	OTHER
rapproche	387	OTHER
leonard	387	OTHER
fatigue	387	OTHER
effrayer	387	VERB
dormais	387	VERB
benjamin	387	OTHER
réfléchissez	387	OTHER
get	387	OTHER
like	387	OTHER
lave	387	OTHER
visiteurs	387	OTHER
piéger	387	VERB
péter	387	VERB
occuperai	386	OTHER
pédé	386	OTHER
désordre	386	OTHER
surnom	386	OTHER
palmer	386	VERB
drew	386	OTHER
meg	386	OTHER
range	386	OTHER
structure	386	OTHER
évasion	386	NOUN,OTHER
dites-le	385	OTHER
discret	385	OTHER
petit-fils	385	OTHER
délicat	385	OTHER
appuyer	385	VERB
royale	385	ADJECTIVE
foutus	385	OTHER
photographe	385	OTHER
disputer	385	VERB
supérieure	385	OTHER
raccroche	385	OTHER
ère	385	OTHER
normaux	384	ADJECTIVE
tuerait	384	OTHER
officielle	384	ADJECTIVE
seattle	384	OTHER
marines	384	OTHER
steak	384	OTHER
connaissons	384	VERB
drame	384	OTHER
are	384	OTHER
intense	384	OTHER
svp	384	OTHER
août	384	OTHER
loups	384	OTHER
verdict	384	OTHER
échecs	383	OTHER
considéré	383	OTHER
pirates	383	OTHER
assaut	383	OTHER
écrite	383	VERB
observe	383	OTHER
survivants	383	OTHER
étudie	382	OTHER
explosifs	382	OTHER
tues	382	OTHER
poursuite	382	OTHER
recherché	382	OTHER
singes	382	OTHER
finisse	382	OTHER
téléphoné	382	OTHER
sonnerie	382	OTHER
synchro	381	OTHER
çà	381	OTHER
mouche	381	OTHER
botter	381	VERB
watson	381	OTHER
bingo	381	OTHER
plaques	381	OTHER
clef	381	OTHER
nous-mêmes	381	OTHER
grillé	381	OTHER
peint	380	OTHER
relecture	380	OTHER
décembre	380	OTHER
montrez	380	OTHER
lindsay	380	OTHER
douceur	380	OTHER
fiançailles	380	OTHER
impressionné	380	OTHER
restés	380	OTHER
glisser	380	VERB
allions	380	VERB
faîtes	379	OTHER
neal	379	ADJECTIVE
ned	379	OTHER
vider	379	VERB
fonctions	379	OTHER
michel	379	PROPER_NOUN
capacités	379	OTHER
touches	379	OTHER
reverra	379	OTHER
anderson	379	OTHER
fermés	379	OTHER
bougies	379	OTHER
baignoire	379	OTHER
coincer	378	VERB
familiale	378	ADJECTIVE
donnerais	378	ADJECTIVE
eux-mêmes	378	OTHER
révélé	378	OTHER
international	378	ADJECTIVE
fun	378	OTHER
banques	377	OTHER
émotion	377	NOUN,OTHER
cocaïne	377	OTHER
conversations	377	OTHER
turner	377	VERB
jetons	377	OTHER
relais	377	ADJECTIVE
saleté	377	OTHER
retenue	377	OTHER
kurt	376	OTHER
compétences	376	OTHER
plaisanterie	376	OTHER
longueur	376	OTHER
thème	376	OTHER
magasins	376	OTHER
lutter	376	VERB
viendront	376	VERB
monseigneur	376	OTHER
mourant	376	VERB
contenu	376	OTHER
ennui	375	OTHER
corée	375	OTHER
référence	375	NOUN,OTHER
-ooo--	375	OTHER
cachette	375	OTHER
came	375	OTHER
insectes	375	OTHER
moustache	375	OTHER
certes	375	OTHER
britannique	375	ADJECTIVE
laissez-la	375	OTHER
poésie	375	OTHER
assassinat	375	OTHER
lex	375	OTHER
tabac	374	OTHER
garantie	374	OTHER
couples	374	OTHER
bacon	374	OTHER
apres	374	OTHER
freddy	374	OTHER
hôte	374	OTHER
conclusion	374	NOUN,OTHER
insisté	374	OTHER
personnels	374	OTHER
représentant	373	OTHER
pull	373	OTHER
défoncé	373	OTHER
fraîche	373	OTHER
zach	373	OTHER
donald	373	OTHER
voile	373	OTHER
règne	373	OTHER
venaient	373	VERB
misère	373	OTHER
future	373	OTHER
compliment	372	OTHER
sou	372	OTHER
inverse	372	OTHER
coller	372	VERB
grotte	372	OTHER
élection	372	NOUN,OTHER
fouille	372	OTHER
irak	372	OTHER
deviendra	372	OTHER
tristesse	372	OTHER
orchestre	372	OTHER
suivent	372	VERB
analyses	371	OTHER
portail	371	OTHER
mines	371	OTHER
montres	371	OTHER
spéciales	371	OTHER
possibilités	371	OTHER
puni	371	OTHER
génétique	371	ADJECTIVE
robes	371	OTHER
aimons	371	OTHER
reconnaissez	371	OTHER
soirées	371	OTHER
boissons	371	OTHER
généralement	371	OTHER
planche	371	OTHER
eut	370	VERB
chaînes	370	OTHER
sorcier	370	VERB
lent	370	OTHER
pam	370	OTHER
vivons	370	VERB
nuage	370	OTHER
now	370	OTHER
arrêtent	370	OTHER
divorcé	370	OTHER
payée	370	OTHER
louche	370	OTHER
occupera	370	OTHER
maladies	370	OTHER
biscuits	370	OTHER
connards	370	OTHER
interrogé	369	OTHER
archer	369	VERB
trahir	369	VERB
sous-vêtements	369	OTHER
duke	369	OTHER
saurait	369	VERB
reporter	369	VERB
bazar	369	OTHER
mondes	369	OTHER
antonio	369	OTHER
mail	369	OTHER
boutons	369	OTHER
caporal	369	ADJECTIVE
dites-leur	369	OTHER
développement	369	NOUN,OTHER
quarantaine	368	ADJECTIVE
poursuit	368	OTHER
juges	368	OTHER
tombés	368	OTHER
plains	368	OTHER
nettoyé	368	OTHER
beach	368	OTHER
marchent	368	OTHER
enfuie	368	OTHER
enterprise	368	OTHER
inspecteurs	368	OTHER
demie	368	OTHER
mcgee	368	OTHER
graves	367	OTHER
alison	367	OTHER
enfoirés	367	OTHER
acceptez	367	OTHER
inhabituel	367	ADJECTIVE
tickets	367	OTHER
essaierai	367	OTHER
votes	367	OTHER
détester	367	VERB
han	367	OTHER
rebelles	367	OTHER
descente	367	OTHER
marchandise	366	OTHER
nicky	366	OTHER
confus	366	OTHER
possibles	366	OTHER
shaw	366	OTHER
infirmerie	366	OTHER
savon	366	OTHER
terreur	365	OTHER
innocence	365	NOUN,OTHER
vols	365	OTHER
virginie	365	OTHER
janvier	365	VERB
cheville	365	OTHER
experts	365	OTHER
puissiez	365	VERB
ais	365	OTHER
incroyablement	365	OTHER
plomb	365	OTHER
serions	365	VERB
réparé	365	OTHER
piper	365	VERB
harvard	364	OTHER
galerie	364	OTHER
cristal	364	ADJECTIVE
temporaire	364	OTHER
insensé	364	OTHER
cauchemars	364	OTHER
mettait	364	VERB
prendrait	364	VERB
décharge	364	OTHER
permets	364	OTHER
spécialement	364	OTHER
prêté	364	OTHER
prenant	363	VERB
épuisé	363	OTHER
benny	363	OTHER
blanches	363	OTHER
gravité	363	NOUN,OTHER
attacher	363	VERB
taupe	363	OTHER
centaine	362	ADJECTIVE
cambriolage	362	OTHER
manquent	362	OTHER
bétail	362	OTHER
catholique	362	ADJECTIVE
sacrifier	362	VERB
salue	362	OTHER
e-mail	362	OTHER
naomi	362	OTHER
arts	362	OTHER
inspiration	362	NOUN,OTHER
majorité	361	NOUN,OTHER
blair	361	VERB
malheureuse	361	ADJECTIVE
mel	361	OTHER
coco	361	OTHER
jazz	361	OTHER
kennedy	361	OTHER
surprendre	360	VERB
noyer	360	VERB
surprises	360	OTHER
peut-etre	360	OTHER
relevé	360	OTHER
principes	360	OTHER
jacques	360	OTHER
moquer	360	VERB
rituel	360	ADJECTIVE
biologique	359	ADJECTIVE
énormes	359	OTHER
tordu	359	OTHER
concept	359	OTHER
extra	359	OTHER
nettoyage	359	OTHER
missiles	359	OTHER
syndicat	359	OTHER
bailey	359	OTHER
circuit	359	OTHER
tournoi	359	OTHER
dénoncer	359	VERB
hope	358	OTHER
éternel	358	ADJECTIVE
graham	358	OTHER
laisserais	358	ADJECTIVE
buck	358	OTHER
bond	358	OTHER
éternelle	358	ADJECTIVE
déesse	358	OTHER
fée	358	OTHER
balancé	358	OTHER
fameux	358	ADJECTIVE
ci	358	OTHER
sirène	358	OTHER
pat	358	OTHER
dérangé	358	OTHER
jalousie	357	OTHER
carmen	357	OTHER
dépêcher	357	VERB
rassembler	357	VERB
lesbienne	357	ADJECTIVE
vif	357	OTHER
dégager	357	VERB
cat	357	OTHER
gardiens	357	OTHER
demandons	357	OTHER
boucher	357	VERB
noires	357	OTHER
désirs	356	OTHER
social	356	ADJECTIVE
barbecue	356	OTHER
galaxie	356	OTHER
statut	356	OTHER
carton	356	OTHER
fox	356	OTHER
extrême	356	OTHER
requête	356	OTHER
francs	355	OTHER
planter	355	VERB
troy	355	OTHER
provoqué	355	OTHER
citron	355	OTHER
identification	355	NOUN,OTHER
impressionner	355	VERB
commentaire	355	OTHER
nus	355	OTHER
chantier	355	VERB
déplace	355	OTHER
baker	355	VERB
chemins	355	OTHER
unis	355	OTHER
arnaque	355	OTHER
ultime	355	OTHER
vaches	355	OTHER
feraient	354	VERB
quai	354	OTHER
maïs	354	OTHER
bay	354	OTHER
stark	354	OTHER
cocktail	354	OTHER
pêcher	354	VERB
spécialité	354	NOUN,OTHER
orbite	354	OTHER
étudiante	354	OTHER
correction	354	NOUN,OTHER
comptable	354	ADJECTIVE
arraché	354	OTHER
manny	354	OTHER
stuart	353	OTHER
pénible	353	ADJECTIVE
appelés	353	OTHER
signez	353	OTHER
vain	353	ADJECTIVE
afghanistan	353	OTHER
oreiller	353	VERB
wallace	353	OTHER
éclair	353	VERB
sociaux	353	ADJECTIVE
erica	353	OTHER
tactique	353	ADJECTIVE
alliés	353	OTHER
violer	353	VERB
allergique	352	ADJECTIVE
villa	352	OTHER
croisé	352	OTHER
bang	352	OTHER
cicatrice	352	OTHER
vitre	352	OTHER
postes	352	OTHER
apparaît	352	OTHER
habitué	352	OTHER
codes	352	OTHER
tonnerre	352	OTHER
road	352	OTHER
miracles	352	OTHER
maîtres	351	OTHER
zoe	351	OTHER
sensé	351	OTHER
melle	351	ADJECTIVE
grange	351	OTHER
promo	351	OTHER
donnez-lui	351	OTHER
degré	351	OTHER
cibles	351	OTHER
habillée	351	OTHER
duncan	351	OTHER
espérant	351	OTHER
appartenait	351	OTHER
battus	351	OTHER
flamme	351	OTHER
apportez	351	OTHER
bases	351	OTHER
traînée	350	OTHER
laser	350	OTHER
flipper	350	VERB
katherine	350	OTHER
amateur	350	OTHER
jen	350	OTHER
serpents	350	OTHER
garcia	350	OTHER
élite	350	OTHER
valeurs	350	OTHER
contents	350	OTHER
chantage	350	OTHER
haley	350	OTHER
yang	350	OTHER
poussez	349	OTHER
civile	349	OTHER
amber	349	VERB
ralentir	349	VERB
happy	349	OTHER
prudente	349	OTHER
solaire	349	OTHER
miranda	349	OTHER
rejeté	349	OTHER
psychopathe	349	OTHER
meredith	349	OTHER
comparé	349	OTHER
troubles	349	OTHER
banc	349	OTHER
engin	349	OTHER
amenée	348	OTHER
maillot	348	OTHER
pété	348	OTHER
joy	348	OTHER
trajet	348	OTHER
développer	348	VERB
démarrer	348	VERB
gagnes	348	OTHER
peste	348	OTHER
castle	348	OTHER
viendrait	348	VERB
down	348	OTHER
déconne	348	OTHER
retrouvera	348	OTHER
denise	348	OTHER
habitudes	347	OTHER
confession	347	NOUN,OTHER
académie	347	OTHER
assassins	347	OTHER
inventer	347	VERB
cieux	347	ADJECTIVE
signalé	347	OTHER
avancé	347	OTHER
rapporté	347	OTHER
trevor	347	OTHER
barman	347	OTHER
libère	347	OTHER
tournez	347	OTHER
carnet	347	OTHER
complot	347	OTHER
éloigne	347	OTHER
nier	347	VERB
augmentation	347	NOUN,OTHER
nanas	347	OTHER
pareils	347	OTHER
emmenez-le	347	OTHER
envoient	347	OTHER
dépôt	346	OTHER
mariages	346	OTHER
partagé	346	OTHER
actuelle	346	ADJECTIVE
camions	346	OTHER
sonner	346	VERB
appellera	346	OTHER
physiquement	346	OTHER
reed	346	OTHER
world	346	OTHER
nichons	346	OTHER
registre	346	OTHER
mia	346	OTHER
pompe	346	OTHER
frappée	346	OTHER
veronica	346	OTHER
présentation	346	NOUN,OTHER
fabriquer	346	VERB
gene	346	OTHER
saluer	345	VERB
joint	345	OTHER
ondes	345	OTHER
évolution	345	NOUN,OTHER
augmente	345	OTHER
empoisonné	345	OTHER
grippe	345	OTHER
détresse	345	OTHER
effacé	345	OTHER
chiffre	345	OTHER
guerriers	345	OTHER
battent	345	OTHER
guéri	345	OTHER
hurler	345	VERB
psychiatre	344	OTHER
confié	344	OTHER
fit	344	VERB
when	344	OTHER
orage	344	OTHER
xena	344	OTHER
cavalier	344	VERB
soi-disant	344	OTHER
commettre	344	VERB
déchiré	344	OTHER
énervée	344	OTHER
pendre	344	OTHER
mordre	343	VERB
brosse	343	OTHER
craquer	343	VERB
difficultés	343	OTHER
impatient	343	OTHER
mario	343	OTHER
guy	343	OTHER
pyjama	343	OTHER
flèche	343	OTHER
suivie	343	VERB
hommage	343	OTHER
rentrés	343	OTHER
éclate	343	OTHER
crevé	343	OTHER
ordonnance	343	NOUN,OTHER
anglaise	342	ADJECTIVE
accompli	342	OTHER
boxe	342	OTHER
serviettes	342	OTHER
sèche	342	OTHER
maudite	342	OTHER
décroche	342	OTHER
veniez	342	VERB
rendait	342	OTHER
habituer	342	VERB
intuition	342	NOUN,OTHER
serena	342	OTHER
fondation	342	NOUN,OTHER
consulter	342	VERB
concierge	342	OTHER
rosie	342	OTHER
bêtise	342	OTHER
comptent	342	OTHER
réunir	341	VERB
lâches	341	OTHER
étrangère	341	OTHER
philadelphie	341	OTHER
harrison	341	OTHER
inconscient	341	OTHER
mairie	341	OTHER
poussée	341	OTHER
établi	341	OTHER
vaisselle	341	ADJECTIVE
hélico	341	OTHER
volés	341	OTHER
ronde	341	OTHER
fardeau	341	OTHER
hockey	341	OTHER
choisie	341	OTHER
brille	341	OTHER
ris	341	OTHER
alcoolique	340	ADJECTIVE
doyle	340	OTHER
cuit	340	OTHER
remplie	340	OTHER
entreprises	340	OTHER
ivan	340	OTHER
éteins	340	OTHER
premièrement	340	OTHER
enchères	340	OTHER
pertes	340	OTHER
sous-marin	340	OTHER
rayons	339	OTHER
annule	339	OTHER
kira	339	OTHER
monk	339	OTHER
livré	339	OTHER
intérieure	339	OTHER
standard	338	OTHER
glissé	338	OTHER
annoncé	338	OTHER
civilisation	338	NOUN,OTHER
rentrant	338	OTHER
souper	338	VERB
aprés	338	OTHER
veuilles	338	VERB
institut	338	OTHER
ventes	338	OTHER
filmé	338	OTHER
continuent	338	OTHER
grey	338	OTHER
fracture	338	OTHER
reparti	338	OTHER
demande-lui	338	OTHER
engage	337	OTHER
fine	337	OTHER
dvd	337	OTHER
fusils	337	OTHER
wyatt	337	OTHER
intéressée	337	OTHER
éléphant	337	OTHER
bouclier	337	VERB
avantages	337	OTHER
considérer	337	VERB
chips	337	OTHER
atterrissage	337	OTHER
voyou	337	OTHER
connie	336	OTHER
houston	336	OTHER
fabriqué	336	OTHER
coiffure	336	OTHER
payez	336	OTHER
jusque-là	336	OTHER
ri	336	OTHER
botte	335	OTHER
arrêtait	335	OTHER
député	335	OTHER
stefan	335	OTHER
patronne	335	OTHER
cookies	335	OTHER
barrière	335	OTHER
obtient	335	OTHER
disposition	335	NOUN,OTHER
papillon	335	OTHER
capturé	335	OTHER
attendra	335	OTHER
entrés	335	OTHER
tucker	335	VERB
adorait	334	OTHER
emporté	334	OTHER
dramatique	334	ADJECTIVE
pourvu	334	OTHER
originale	334	ADJECTIVE
accroche	334	OTHER
ras	334	OTHER
superman	334	OTHER
pop	334	OTHER
district	334	OTHER
apprendra	334	OTHER
sorties	334	OTHER
tranquillement	334	OTHER
sharon	333	OTHER
arrières	333	OTHER
préférez	333	OTHER
radar	333	OTHER
halte	333	OTHER
deux-là	333	OTHER
zombie	333	OTHER
grille	333	OTHER
critiques	333	OTHER
soucier	333	VERB
promet	333	OTHER
visiblement	333	OTHER
mâle	333	OTHER
donnant	333	OTHER
ciao	332	OTHER
copines	332	OTHER
brenda	332	OTHER
paniqué	332	OTHER
poète	332	OTHER
licence	332	NOUN,OTHER
sauvés	332	OTHER
col	332	OTHER
titres	332	OTHER
verrais	332	VERB
chan	332	OTHER
valent	332	OTHER
admis	332	OTHER
emprunté	332	OTHER
honnêtes	331	OTHER
attentivement	331	OTHER
techniques	331	OTHER
passerelle	331	ADJECTIVE
melissa	331	OTHER
réalises	331	OTHER
reculer	331	VERB
transmission	331	NOUN,OTHER
drake	331	OTHER
gré	331	OTHER
poignet	331	OTHER
montant	331	OTHER
embarrassant	331	OTHER
beau-père	331	OTHER
maîtrise	331	OTHER
lydia	331	OTHER
remplace	330	OTHER
solo	330	OTHER
toile	330	OTHER
hunter	330	VERB
parrain	330	ADJECTIVE
transmettre	330	VERB
honorable	330	ADJECTIVE
jolis	330	OTHER
aussitôt	330	OTHER
facteur	330	OTHER
pere	330	OTHER
east	330	OTHER
claque	330	OTHER
chloe	330	OTHER
impliquée	330	OTHER
sabre	330	OTHER
filet	330	OTHER
troupe	330	OTHER
henri	330	OTHER
brandon	330	OTHER
onze	330	OTHER
conclure	330	OTHER
claudia	329	OTHER
analyser	329	VERB
antécédents	329	OTHER
pâle	329	OTHER
servira	329	OTHER
investissement	329	OTHER
sentie	329	OTHER
pére	329	OTHER
puissants	329	OTHER
facebook	329	OTHER
vice-président	329	OTHER
bud	329	OTHER
fixer	328	VERB
levée	328	OTHER
paula	328	OTHER
poli	328	OTHER
expliquerai	328	OTHER
day	328	OTHER
surprenant	328	OTHER
shopping	328	OTHER
visuel	328	ADJECTIVE
directrice	328	OTHER
imbéciles	328	OTHER
vulnérable	328	ADJECTIVE
pacifique	327	OTHER
correspondance	327	NOUN,OTHER
retiens	327	OTHER
éliminé	327	OTHER
chienne	327	ADJECTIVE
conte	327	OTHER
compagnon	327	OTHER
difficulté	327	OTHER
fées	327	OTHER
arrivant	327	OTHER
caravane	327	OTHER
da	327	OTHER
disparus	326	OTHER
embêter	326	VERB
balader	326	VERB
pharmacie	326	OTHER
défilé	326	OTHER
ramasse	326	OTHER
âgé	326	OTHER
chanteur	326	OTHER
avery	326	OTHER
précise	326	OTHER
rançon	326	OTHER
infirmières	326	OTHER
bossé	326	OTHER
grayson	326	OTHER
miguel	326	ADJECTIVE
bauer	326	VERB
retient	326	OTHER
étonnerait	325	OTHER
lawrence	325	NOUN,OTHER
miennes	325	OTHER
kidnappé	325	OTHER
souhaitez	325	OTHER
nounou	325	OTHER
adams	325	OTHER
ralentis	325	OTHER
repérer	324	VERB
automatique	324	ADJECTIVE
bowling	324	OTHER
détruite	324	OTHER
emménager	324	VERB
laissés	324	OTHER
comptais	324	ADJECTIVE
us	324	OTHER
dormez	324	VERB
cindy	324	OTHER
sebastian	324	OTHER
gant	324	OTHER
maurice	324	OTHER
discipline	324	OTHER
choisissez	324	OTHER
bisou	324	OTHER
connaissances	324	OTHER
bernard	324	OTHER
paperasse	324	OTHER
essais	323	ADJECTIVE
hauts	323	OTHER
affiche	323	OTHER
pardonné	323	OTHER
dallas	323	OTHER
enfermée	323	OTHER
recevez	323	VERB
good	323	OTHER
fisher	323	VERB
loge	323	OTHER
camionnette	323	OTHER
rocher	323	VERB
transféré	322	OTHER
supérieurs	322	OTHER
héritier	322	VERB
payés	322	OTHER
terribles	322	OTHER
sénat	322	OTHER
polly	322	OTHER
partes	322	VERB
individu	322	OTHER
continuons	322	OTHER
décevoir	322	VERB
fusion	322	NOUN,OTHER
conne	322	OTHER
ado	321	OTHER
crane	321	OTHER
angie	321	OTHER
airs	321	OTHER
traumatisme	321	NOUN,OTHER
pierce	321	OTHER
comtesse	321	OTHER
basé	321	OTHER
défaite	321	OTHER
khan	321	OTHER
rapprocher	321	VERB
assassiner	321	VERB
talons	321	OTHER
œuf	321	OTHER
compté	321	OTHER
rosa	321	OTHER
haricots	320	OTHER
roulé	320	OTHER
fiable	320	ADJECTIVE
voulions	320	VERB
morris	320	OTHER
renfort	320	OTHER
escroc	320	OTHER
fassent	320	VERB
déconner	320	VERB
andré	320	OTHER
céréales	320	OTHER
tit	319	OTHER
bandes	319	OTHER
artistique	319	ADJECTIVE
fins	319	OTHER
georges	319	OTHER
blâmer	319	VERB
perdant	319	OTHER
décédé	319	OTHER
lloyd	319	OTHER
brouillard	319	OTHER
quelques-uns	318	OTHER
caleb	318	OTHER
brute	318	OTHER
cinquante	318	OTHER
calibre	318	OTHER
trottoir	318	VERB
poubelles	318	OTHER
pilule	318	OTHER
portais	318	ADJECTIVE
arabe	318	OTHER
qualités	318	OTHER
voire	318	OTHER
encre	318	OTHER
eus	318	VERB
foudre	317	OTHER
visions	317	OTHER
légèrement	317	OTHER
loupé	317	OTHER
not	317	OTHER
blesse	317	OTHER
fortes	317	OTHER
existait	317	OTHER
cochons	317	OTHER
aimeriez	317	OTHER
shirley	317	OTHER
marchand	317	OTHER
poursuivi	317	OTHER
démocratie	317	OTHER
script	317	OTHER
loyal	317	ADJECTIVE
respirez	317	OTHER
sueur	317	OTHER
espions	317	OTHER
li	317	OTHER
battue	316	OTHER
changez	316	OTHER
précieuse	316	ADJECTIVE
impliquer	316	VERB
empêché	316	OTHER
satisfaire	316	OTHER
plonger	316	VERB
pilotes	316	OTHER
reagan	316	OTHER
toilette	316	OTHER
spéciaux	316	ADJECTIVE
vagin	316	OTHER
décrit	316	OTHER
hanna	316	OTHER
boucles	316	OTHER
coupables	316	OTHER
coupée	315	OTHER
former	315	VERB
typique	315	ADJECTIVE
pleures	315	OTHER
humaines	315	OTHER
faille	315	VERB
alfred	315	OTHER
allure	315	OTHER
sucer	315	VERB
copies	315	OTHER
habiter	315	VERB
raciste	315	OTHER
allonger	314	VERB
ressort	314	OTHER
drôles	314	OTHER
serviteur	314	OTHER
sexuelles	314	OTHER
case	314	OTHER
personnelles	314	OTHER
championnat	314	OTHER
web	314	OTHER
locaux	314	ADJECTIVE
domestique	314	ADJECTIVE
cd	314	OTHER
remplis	314	OTHER
veine	314	OTHER
pa	314	OTHER
ennuyer	314	VERB
ravissante	314	OTHER
honnêteté	313	OTHER
moques	313	OTHER
sid	313	OTHER
thompson	313	OTHER
approprié	313	OTHER
patrie	313	OTHER
canons	313	OTHER
reconnaissante	312	OTHER
nécessaires	312	OTHER
philippe	312	OTHER
monroe	312	OTHER
forcée	311	OTHER
guider	311	VERB
verts	311	OTHER
certificat	311	OTHER
amende	311	OTHER
présume	311	OTHER
pan	311	OTHER
ana	311	OTHER
fusée	311	OTHER
zack	311	OTHER
séparation	311	NOUN,OTHER
jeffrey	311	OTHER
renvoie	311	OTHER
beverly	311	OTHER
sciences	311	OTHER
caca	311	OTHER
désespoir	311	VERB
voeux	311	ADJECTIVE
auberge	311	OTHER
diront	311	VERB
moore	310	OTHER
bishop	310	OTHER
zombies	310	OTHER
boyd	310	OTHER
magazines	310	OTHER
marquer	310	VERB
rechercher	310	VERB
soie	310	OTHER
stella	310	OTHER
chèvre	310	OTHER
hache	310	OTHER
winston	309	OTHER
fraude	309	OTHER
perry	309	OTHER
ignorez	309	OTHER
racontez	309	OTHER
hot	309	OTHER
mont	309	OTHER
carburant	309	OTHER
ve	309	OTHER
tapé	309	OTHER
veines	309	OTHER
méritent	309	OTHER
démissionné	308	OTHER
méritait	308	OTHER
alien	308	ADJECTIVE
médicaux	308	ADJECTIVE
australie	308	OTHER
insulte	308	OTHER
farce	308	OTHER
tires	308	OTHER
appât	308	OTHER
folles	308	OTHER
explorer	308	VERB
instrument	308	NOUN,OTHER
noah	308	OTHER
gage	308	OTHER
concentré	308	OTHER
précédent	308	OTHER
cortex	307	OTHER
curieuse	307	ADJECTIVE
déçue	307	OTHER
âne	307	OTHER
hal	307	OTHER
lt	307	OTHER
scotty	307	OTHER
danseuse	307	ADJECTIVE
corruption	307	NOUN,OTHER
oeuf	307	OTHER
secondaire	307	OTHER
ombres	307	OTHER
who	307	OTHER
économies	307	OTHER
chauve	307	OTHER
reese	307	OTHER
tableaux	307	ADJECTIVE
entouré	307	OTHER
contrats	307	OTHER
sauront	307	VERB
retournes	307	OTHER
fumé	306	OTHER
silver	306	VERB
adopter	306	VERB
comptait	306	OTHER
demandant	306	OTHER
épicerie	306	OTHER
bennett	306	OTHER
applaudissements	306	OTHER
rentrera	306	OTHER
suicidé	306	OTHER
déchets	306	OTHER
installe	305	OTHER
clyde	305	OTHER
inconnus	305	OTHER
souhaiter	305	VERB
gratuitement	305	OTHER
voté	305	OTHER
have	305	OTHER
supermarché	305	OTHER
pleurs	305	OTHER
crache	305	OTHER
rideau	305	OTHER
février	305	VERB
mises	305	VERB
préoccupe	305	OTHER
repousser	305	VERB
roues	305	OTHER
surmonter	305	VERB
cœurs	305	OTHER
exécuter	305	VERB
agneau	305	OTHER
ruby	304	OTHER
syndrome	304	OTHER
mama	304	OTHER
dimension	304	NOUN,OTHER
téléphonique	304	ADJECTIVE
parcours	304	OTHER
excite	304	OTHER
jesus	304	OTHER
becky	304	OTHER
scolaire	303	OTHER
appelons	303	OTHER
dingues	303	OTHER
finissent	303	OTHER
générations	303	OTHER
raser	303	VERB
étages	303	OTHER
rende	303	OTHER
cheminée	303	OTHER
voyous	303	OTHER
saoul	303	OTHER
merdique	303	ADJECTIVE
bell	303	OTHER
sun	302	OTHER
saine	302	ADJECTIVE
nazis	302	OTHER
chiant	302	OTHER
alimentaire	302	OTHER
observation	302	NOUN,OTHER
clean	302	OTHER
grossier	302	VERB
reid	302	OTHER
ajoute	302	OTHER
délicate	301	OTHER
capturer	301	VERB
môme	301	OTHER
calmes	301	OTHER
sullivan	301	OTHER
excepté	301	PREPOSITION
papy	301	OTHER
distraire	301	OTHER
rappellerai	301	OTHER
profondeur	301	OTHER
randall	301	OTHER
chèques	301	OTHER
triple	301	OTHER
regret	300	OTHER
mulder	300	VERB
vulgaire	300	OTHER
jouant	300	OTHER
grain	300	ADJECTIVE
grenier	300	VERB
emplacement	300	OTHER
coopérer	300	VERB
faciles	300	OTHER
torturer	300	VERB
crétins	300	OTHER
aîné	300	OTHER
sembler	300	VERB
journées	300	OTHER
char	300	OTHER
home	299	OTHER
électronique	299	ADJECTIVE
richie	299	OTHER
collé	299	OTHER
infiniment	299	OTHER
retournons	299	OTHER
armées	299	OTHER
aigle	299	OTHER
matelas	299	OTHER
proie	299	OTHER
furieuse	299	ADJECTIVE
angoisse	299	OTHER
traitée	298	OTHER
prévoir	298	VERB
mick	298	OTHER
tais	298	ADJECTIVE
iront	298	VERB
vachement	298	OTHER
barrage	298	OTHER
gays	298	OTHER
éternellement	298	OTHER
coeurs	298	OTHER
buddy	298	OTHER
austin	298	OTHER
marcel	298	ADJECTIVE
stand	298	OTHER
durée	298	OTHER
wells	298	OTHER
robots	298	OTHER
sheila	298	OTHER
vietnam	297	OTHER
peggy	297	OTHER
broadway	297	OTHER
rôles	297	OTHER
crash	297	OTHER
débrouille	297	OTHER
arrache	297	OTHER
diagnostic	297	OTHER
flynn	297	OTHER
texto	297	OTHER
harcèlement	297	OTHER
délai	297	OTHER
reggie	297	OTHER
inscrit	297	OTHER
cassie	297	OTHER
barnes	297	OTHER
arnold	297	OTHER
nègre	297	OTHER
bosses	297	OTHER
vainqueur	297	OTHER
achetée	296	OTHER
manipuler	296	VERB
représenter	296	VERB
sortais	296	VERB
elvis	296	OTHER
araignée	296	OTHER
colonie	296	OTHER
faillite	296	OTHER
pognon	296	OTHER
égalité	296	NOUN,OTHER
honorer	296	VERB
group	296	OTHER
pensaient	296	OTHER
courageuse	296	ADJECTIVE
mentale	296	ADJECTIVE
travaillant	296	OTHER
espoirs	296	OTHER
rideaux	296	ADJECTIVE
renard	295	OTHER
trouveront	295	OTHER
boom	295	OTHER
jon	295	OTHER
vœux	295	OTHER
françois	295	ADJECTIVE
mineurs	295	OTHER
inspire	295	OTHER
douleurs	295	OTHER
défendu	295	OTHER
aimiez	295	OTHER
exister	295	VERB
israël	295	OTHER
tripes	295	OTHER
brésil	295	OTHER
denny	295	OTHER
plaira	295	OTHER
pacte	295	OTHER
réagi	294	OTHER
dons	294	OTHER
choper	294	VERB
honoré	294	OTHER
griffin	294	OTHER
isabelle	294	ADJECTIVE
multiples	294	OTHER
sacrément	294	OTHER
hôpitaux	294	ADJECTIVE
zones	294	OTHER
agressé	294	OTHER
transporter	294	VERB
ambition	294	NOUN,OTHER
colis	294	OTHER
regardons	294	OTHER
grimper	294	VERB
dessiner	294	VERB
mouillé	294	OTHER
édition	294	NOUN,OTHER
chargée	294	OTHER
obsession	294	NOUN,OTHER
mallette	293	OTHER
casquette	293	OTHER
pèse	293	OTHER
purée	293	OTHER
invasion	293	NOUN,OTHER
prétexte	293	OTHER
was	293	OTHER
candidats	293	OTHER
impasse	293	OTHER
cleveland	293	OTHER
tissus	293	OTHER
démissionne	293	OTHER
messe	293	OTHER
revoilà	293	OTHER
vivais	293	VERB
modeste	292	OTHER
cow-boy	292	OTHER
présents	292	OTHER
mona	292	OTHER
vice	292	OTHER
éloigné	292	OTHER
garantis	292	OTHER
saurez	292	VERB
vaincu	292	OTHER
déja	292	OTHER
graisse	292	OTHER
poulets	292	OTHER
stock	292	OTHER
right	292	OTHER
vœu	292	OTHER
kansas	292	OTHER
hunt	292	OTHER
camps	292	OTHER
opposé	292	OTHER
buvons	291	VERB
arc	291	OTHER
niveaux	291	ADJECTIVE
accidents	291	OTHER
inutiles	291	OTHER
gentillesse	291	OTHER
commençait	291	OTHER
taureau	291	OTHER
arrete	291	OTHER
selle	291	ADJECTIVE
na	291	OTHER
missile	291	OTHER
détestent	291	OTHER
inspiré	291	OTHER
banane	291	OTHER
réplique	291	ADJECTIVE
remplacé	290	OTHER
effrayée	290	OTHER
commune	290	OTHER
aspect	290	OTHER
autorise	290	OTHER
thérapeute	290	OTHER
désagréable	290	ADJECTIVE
examiné	290	OTHER
crack	290	OTHER
fédération	290	NOUN,OTHER
comparer	290	VERB
stopper	290	VERB
relevés	290	OTHER
reynolds	290	OTHER
prié	290	OTHER
pressentiment	290	OTHER
matty	289	OTHER
conviction	289	NOUN,OTHER
offres	289	OTHER
assassinée	289	OTHER
emmènes	289	OTHER
saisis	289	OTHER
rein	289	OTHER
lourde	289	OTHER
trouverons	289	OTHER
fontaine	289	ADJECTIVE
flippant	289	OTHER
buffy	289	OTHER
favori	289	OTHER
comprendra	289	OTHER
lits	289	OTHER
religieux	288	ADJECTIVE
glenn	288	OTHER
cal	288	OTHER
ruine	288	OTHER
confidentiel	288	ADJECTIVE
participé	288	OTHER
décoller	288	VERB
déclarer	288	VERB
timing	288	OTHER
publié	288	OTHER
merdes	288	OTHER
ciseaux	288	ADJECTIVE
empirer	288	VERB
south	288	OTHER
attentat	288	OTHER
instable	288	ADJECTIVE
chômage	288	OTHER
renverser	288	VERB
dixon	288	OTHER
mortelle	288	ADJECTIVE
endormie	287	OTHER
apparu	287	OTHER
hésite	287	OTHER
pensions	287	OTHER
balai	287	OTHER
distributeur	287	OTHER
prit	287	VERB
environs	287	OTHER
rapides	287	OTHER
revenons	287	OTHER
aventures	287	OTHER
florence	287	NOUN,OTHER
belle-mère	287	OTHER
isolé	287	OTHER
éthique	287	ADJECTIVE
if	286	OTHER
bars	286	OTHER
détecteur	286	OTHER
aveux	286	ADJECTIVE
commentaires	286	OTHER
bornes	286	OTHER
réussit	286	OTHER
sécurisé	286	OTHER
coca	286	OTHER
utilises	286	OTHER
béton	286	OTHER
tess	286	OTHER
tables	286	OTHER
cachés	286	OTHER
retournée	286	OTHER
fumier	286	VERB
douglas	286	OTHER
baraque	286	OTHER
franchir	286	VERB
tortue	285	OTHER
isaac	285	OTHER
revois	285	ADJECTIVE
fonctionnent	285	OTHER
performance	285	NOUN,OTHER
verront	285	VERB
nage	285	OTHER
clubs	285	OTHER
profession	285	NOUN,OTHER
gâche	285	OTHER
vidé	285	OTHER
glisse	285	OTHER
changes	285	OTHER
valable	284	ADJECTIVE
conditionnelle	284	ADJECTIVE
soupçons	284	OTHER
lessive	284	ADJECTIVE
radios	284	OTHER
urine	284	OTHER
score	284	OTHER
dorénavant	284	OTHER
escorte	284	OTHER
location	284	NOUN,OTHER
fiona	284	OTHER
démissionner	284	VERB
fondre	284	VERB
financier	283	VERB
draguer	283	VERB
outre	283	PREPOSITION
démonstration	283	NOUN,OTHER
diabolique	283	ADJECTIVE
fichez	283	OTHER
moutons	283	OTHER
justifier	283	VERB
supposée	283	OTHER
rasoir	283	VERB
utilisait	283	OTHER
sympathique	283	ADJECTIVE
confirmation	283	NOUN,OTHER
planifié	283	OTHER
latin	283	OTHER
formulaire	283	OTHER
tuyaux	282	ADJECTIVE
chen	282	OTHER
répondeur	282	OTHER
travaillons	282	OTHER
mineur	282	OTHER
active	282	ADJECTIVE
dispositif	282	ADJECTIVE
confusion	282	NOUN,OTHER
alimentation	282	NOUN,OTHER
fuis	282	OTHER
jupe	282	OTHER
plancher	282	VERB
épargner	282	VERB
évacuation	282	NOUN,OTHER
attache	282	OTHER
patates	282	OTHER
partait	282	VERB
dawson	282	OTHER
séquence	281	NOUN,OTHER
jouons	281	OTHER
inévitable	281	ADJECTIVE
violation	281	NOUN,OTHER
brennan	281	OTHER
marina	281	OTHER
intrus	281	OTHER
soulagement	281	OTHER
correspondent	281	OTHER
sortirai	281	VERB
yoga	281	OTHER
cape	281	OTHER
troupeau	281	OTHER
déclenché	281	OTHER
pouvions	281	VERB
abeilles	281	OTHER
fermez-la	281	OTHER
rocky	280	OTHER
rex	280	OTHER
croira	280	VERB
minus	280	OTHER
tueront	280	OTHER
hotel	280	OTHER
cam	280	OTHER
ados	280	OTHER
gin	280	OTHER
traites	280	OTHER
télégramme	280	OTHER
menacer	280	VERB
inscrire	280	OTHER
manoir	280	VERB
contrarié	280	OTHER
concentration	280	NOUN,OTHER
brody	280	OTHER
provoque	280	OTHER
achetez	280	OTHER
jambon	280	OTHER
papi	279	OTHER
cérébrale	279	ADJECTIVE
assistance	279	NOUN,OTHER
brett	279	OTHER
avalé	279	OTHER
professeurs	279	OTHER
rêvais	279	ADJECTIVE
pétasse	279	OTHER
braquage	279	OTHER
chinoise	279	ADJECTIVE
see	279	OTHER
piges	279	OTHER
lci	279	OTHER
lester	279	VERB
tiers	279	OTHER
légalement	279	OTHER
aliens	279	OTHER
suggéré	279	OTHER
dîtes	279	OTHER
déchire	278	OTHER
hypothèse	278	OTHER
dwight	278	OTHER
demandée	278	OTHER
mets-le	278	OTHER
gonna	278	OTHER
pointer	278	VERB
cigare	278	OTHER
adorais	278	ADJECTIVE
serrure	278	OTHER
qg	278	OTHER
marron	278	OTHER
préserver	278	VERB
dépasser	278	VERB
nuls	278	OTHER
accroché	278	OTHER
mikey	278	OTHER
chanté	278	OTHER
surveillez	278	OTHER
anciennes	278	OTHER
dégueu	278	OTHER
raccrocher	278	VERB
billard	278	OTHER
allah	278	OTHER
sauveur	278	OTHER
séduire	278	VERB
coiffeur	278	OTHER
marais	277	ADJECTIVE
conrad	277	OTHER
déclencher	277	VERB
armoire	277	OTHER
glaces	277	OTHER
îles	277	OTHER
habille	277	OTHER
elaine	277	ADJECTIVE
klaus	277	OTHER
vertu	277	OTHER
respecté	277	OTHER
gangs	277	OTHER
campbell	277	OTHER
appelais	277	ADJECTIVE
episode	276	OTHER
détestais	276	ADJECTIVE
cuba	276	OTHER
sonny	276	OTHER
aimerions	276	OTHER
nikki	276	OTHER
sheldon	276	OTHER
récolte	276	OTHER
touristes	276	OTHER
darrin	276	OTHER
media	276	OTHER
maigre	276	OTHER
chandler	276	VERB
sourit	276	OTHER
éveillé	276	OTHER
lola	276	OTHER
langues	276	OTHER
balcon	276	OTHER
cathy	275	OTHER
expédition	275	NOUN,OTHER
freddie	275	OTHER
artie	275	OTHER
trophée	275	OTHER
évaluation	275	NOUN,OTHER
chimique	275	ADJECTIVE
détenu	275	OTHER
donnerait	275	OTHER
pince	275	OTHER
primaire	275	OTHER
regrets	275	OTHER
nations	275	OTHER
kathy	275	OTHER
christina	275	OTHER
plaisantais	275	ADJECTIVE
psychiatrique	275	ADJECTIVE
appareils	275	OTHER
traîné	275	OTHER
enfuit	275	OTHER
capital	275	OTHER
baie	275	OTHER
sandra	275	OTHER
invention	275	NOUN,OTHER
gilet	275	OTHER
croisés	275	OTHER
mexicain	275	ADJECTIVE
vera	275	OTHER
compliquée	274	OTHER
paiement	274	NOUN,OTHER
tueuse	274	ADJECTIVE
fédérale	274	ADJECTIVE
joyeuse	274	ADJECTIVE
deb	274	OTHER
omar	274	OTHER
rappel	274	ADJECTIVE
réservoir	274	VERB
brick	274	OTHER
office	274	OTHER
coopération	274	NOUN,OTHER
trajectoire	274	OTHER
propriétaires	274	OTHER
mi	274	OTHER
hayes	274	OTHER
paiera	274	OTHER
bruno	274	OTHER
mental	274	ADJECTIVE
messager	274	VERB
frangin	273	OTHER
combattu	273	OTHER
souhait	273	OTHER
anton	273	OTHER
carson	273	OTHER
kid	273	OTHER
dépenses	273	OTHER
passerait	273	OTHER
crochet	273	OTHER
naître	273	VERB
age	273	OTHER
exceptionnel	273	ADJECTIVE
rude	273	OTHER
développé	273	OTHER
dee	273	OTHER
fonctionné	273	OTHER
bones	273	OTHER
traquer	273	VERB
samuel	273	ADJECTIVE
teresa	273	OTHER
mêlé	273	OTHER
mettez-le	273	OTHER
chimiques	273	OTHER
addition	273	NOUN,OTHER
transférer	272	VERB
exacte	272	OTHER
gratitude	272	OTHER
baby-sitter	272	VERB
insupportable	272	ADJECTIVE
cargaison	272	OTHER
incroyables	272	OTHER
laissait	272	OTHER
planètes	272	OTHER
préparation	272	NOUN,OTHER
waouh	272	OTHER
passager	272	VERB
camille	272	OTHER
désolés	272	OTHER
authentique	272	ADJECTIVE
jumelles	271	OTHER
burt	271	OTHER
prudents	271	OTHER
guerres	271	OTHER
branché	271	OTHER
hudson	271	OTHER
intéressent	271	OTHER
couteaux	271	ADJECTIVE
jessie	271	OTHER
communications	271	OTHER
matins	271	OTHER
ncis	271	OTHER
raide	271	OTHER
via	271	PREPOSITION
spock	271	OTHER
overdose	271	OTHER
schmidt	271	OTHER
arizona	270	OTHER
craché	270	OTHER
privilège	270	OTHER
professionnels	270	OTHER
navy	270	OTHER
fauché	270	OTHER
destiné	270	OTHER
sévère	270	OTHER
investir	270	VERB
creuse	270	ADJECTIVE
joel	270	ADJECTIVE
grec	270	OTHER
nues	270	OTHER
publier	270	VERB
murray	270	OTHER
foster	270	VERB
viendras	270	VERB
philosophie	270	OTHER
er	270	OTHER
intelligents	270	OTHER
commençais	270	ADJECTIVE
boucliers	270	OTHER
suspendu	269	OTHER
obstacle	269	OTHER
générateur	269	OTHER
peintre	269	OTHER
pourboire	269	OTHER
échangé	269	OTHER
comptoir	269	VERB
raclée	269	OTHER
altitude	269	OTHER
pelle	269	ADJECTIVE
rebelle	269	ADJECTIVE
morphine	269	OTHER
grenouille	269	OTHER
violon	269	OTHER
sacrifices	269	OTHER
montage	269	OTHER
andrea	269	OTHER
offenser	269	VERB
disputés	269	OTHER
gabrielle	268	ADJECTIVE
rhume	268	OTHER
shakespeare	268	OTHER
pablo	268	OTHER
sociétés	268	OTHER
particulière	268	OTHER
tâches	268	OTHER
claude	268	OTHER
attaqués	268	OTHER
gâchis	268	OTHER
charbon	268	OTHER
établissement	268	NOUN,OTHER
psychologique	268	ADJECTIVE
regarde-le	268	OTHER
surprend	268	OTHER
night	268	OTHER
devront	268	VERB
queen	268	OTHER
armure	268	OTHER
déménage	268	OTHER
gwen	268	OTHER
mat	268	OTHER
pourrie	268	OTHER
divin	268	OTHER
ver	268	OTHER
poupées	268	OTHER
raccompagne	268	OTHER
graines	268	OTHER
puzzle	267	OTHER
travailleurs	267	OTHER
roberts	267	OTHER
berger	267	OTHER
alexander	267	VERB
supplémentaires	267	OTHER
montrerai	267	OTHER
donovan	267	OTHER
assumer	267	VERB
beau-frère	267	OTHER
ohio	267	OTHER
perdent	267	OTHER
neuve	267	OTHER
amants	267	OTHER
karma	267	OTHER
stevens	267	OTHER
jeanne	267	OTHER
meuf	267	OTHER
ego	267	OTHER
abus	267	OTHER
agresseur	267	OTHER
donneur	267	OTHER
épreuves	267	OTHER
cousins	266	OTHER
grandit	266	OTHER
hills	266	OTHER
dirigé	266	OTHER
signaux	266	ADJECTIVE
clefs	266	OTHER
wes	266	OTHER
oz	266	OTHER
croisière	266	OTHER
humide	266	OTHER
rio	266	OTHER
régulièrement	266	OTHER
square	266	OTHER
alentours	266	OTHER
vaste	266	OTHER
voisinage	266	OTHER
tiendrai	266	VERB
delta	266	OTHER
dawn	266	OTHER
guérison	266	OTHER
écrivez	266	VERB
paille	266	OTHER
célébrité	266	NOUN,OTHER
indiquent	266	OTHER
gêné	266	OTHER
calculs	266	OTHER
humble	266	OTHER
cachets	266	OTHER
distorsion	266	NOUN,OTHER
accordé	265	OTHER
réclame	265	OTHER
radiations	265	OTHER
canne	265	OTHER
costaud	265	OTHER
ring	265	OTHER
mourrai	265	VERB
proximité	265	NOUN,OTHER
scan	265	OTHER
exposer	265	VERB
actuel	265	ADJECTIVE
foirer	265	VERB
moine	265	OTHER
utiles	265	OTHER
détenus	265	OTHER
familial	265	ADJECTIVE
tirent	265	OTHER
assisté	265	OTHER
peyton	265	OTHER
calendrier	265	VERB
publiques	265	OTHER
litres	265	OTHER
garer	264	VERB
maux	264	ADJECTIVE
traduit	264	OTHER
damien	264	ADJECTIVE
marilyn	264	OTHER
chimie	264	OTHER
fourni	264	OTHER
sons	264	OTHER
redevenir	264	VERB
détente	264	OTHER
sites	264	OTHER
phénomène	264	OTHER
pneu	264	OTHER
limousine	264	OTHER
méritez	264	OTHER
duel	264	ADJECTIVE
nolan	264	OTHER
at	263	OTHER
appartiennent	263	OTHER
braves	263	OTHER
lake	263	OTHER
intégrer	263	VERB
fermier	263	VERB
tronche	263	OTHER
réaliste	263	OTHER
dorment	263	VERB
vapeur	263	OTHER
dormait	263	VERB
fichue	263	OTHER
lions	263	OTHER
missions	263	OTHER
persuadé	262	OTHER
néanmoins	262	OTHER
sixième	262	OTHER
carré	262	OTHER
iris	262	OTHER
alec	262	OTHER
roméo	262	OTHER
pigeon	262	OTHER
planning	262	OTHER
round	262	OTHER
agenda	262	OTHER
communiste	262	OTHER
recours	262	OTHER
renseigner	262	VERB
hamilton	262	OTHER
mouches	262	OTHER
oses	262	OTHER
culot	262	OTHER
cycle	262	OTHER
situations	261	OTHER
mit	261	VERB
ressortir	261	VERB
trains	261	OTHER
ex-mari	261	OTHER
temps-ci	261	OTHER
cachez	261	OTHER
champignons	261	OTHER
amusé	261	OTHER
renoncé	261	OTHER
calvin	261	OTHER
marins	261	OTHER
enregistrements	261	OTHER
habituel	261	ADJECTIVE
musicale	261	ADJECTIVE
claires	261	OTHER
ohh	261	OTHER
retrouvés	261	OTHER
épouses	261	OTHER
collecte	261	OTHER
inspection	261	NOUN,OTHER
devions	261	VERB
jonas	261	OTHER
taches	260	OTHER
laurie	260	OTHER
envisager	260	VERB
affamé	260	OTHER
vendue	260	OTHER
pointé	260	OTHER
ouvertes	260	OTHER
rejetée	260	OTHER
arriveras	260	OTHER
perruque	260	OTHER
pompier	260	VERB
bonus	260	OTHER
directe	260	OTHER
flingues	260	OTHER
obtiens	260	OTHER
gray	260	OTHER
bloque	260	OTHER
ete	260	OTHER
débarquer	259	VERB
prochains	259	OTHER
parts	259	OTHER
modèles	259	OTHER
calcul	259	OTHER
achat	259	OTHER
sombres	259	OTHER
refusez	259	OTHER
volontaires	259	OTHER
débarrasse	259	OTHER
gardent	259	OTHER
life	259	OTHER
gil	259	OTHER
manifestement	259	OTHER
démission	259	NOUN,OTHER
refus	259	OTHER
entrent	259	OTHER
rodney	259	OTHER
caisses	259	OTHER
mousse	259	OTHER
supprimer	259	VERB
chauffer	259	VERB
requins	259	OTHER
stage	259	OTHER
photographie	259	OTHER
remords	258	OTHER
adopté	258	OTHER
suggestion	258	NOUN,OTHER
atroce	258	OTHER
maris	258	OTHER
revivre	258	OTHER
interroge	258	OTHER
foutaises	258	OTHER
exécuté	258	OTHER
hart	258	OTHER
girls	258	OTHER
étouffer	258	VERB
chaises	258	OTHER
comporter	258	VERB
break	258	OTHER
colocataire	258	OTHER
pénétrer	258	VERB
petit-ami	258	OTHER
pige	258	OTHER
trauma	258	OTHER
tonton	258	OTHER
cherchant	258	OTHER
trouvées	258	OTHER
gelée	258	OTHER
ironie	257	OTHER
sanguin	257	OTHER
way	257	OTHER
grimpe	257	OTHER
plume	257	OTHER
perdons	257	OTHER
rogers	257	OTHER
atout	257	OTHER
féliciter	257	VERB
chad	257	OTHER
ramenez	257	OTHER
entende	257	OTHER
erin	257	OTHER
ella	257	OTHER
ouvres	257	VERB
habituellement	257	OTHER
permanence	257	NOUN,OTHER
starfleet	257	OTHER
coulé	257	OTHER
comique	257	ADJECTIVE
procéder	256	VERB
edgar	256	OTHER
dorothy	256	OTHER
décrocher	256	VERB
répare	256	OTHER
ecoutes	256	OTHER
protégée	256	OTHER
réflexion	256	OTHER
parié	256	OTHER
chili	256	OTHER
imposer	256	VERB
logiciel	256	ADJECTIVE
adoption	256	NOUN,OTHER
lavé	256	OTHER
pressée	256	OTHER
formé	256	OTHER
mèche	256	OTHER
mile	256	OTHER
relâcher	255	VERB
guise	255	OTHER
convaincue	255	OTHER
déterminé	255	OTHER
musicien	255	ADJECTIVE
del	255	OTHER
confort	255	OTHER
adapter	255	VERB
refuses	255	OTHER
saucisse	255	OTHER
bouquin	255	OTHER
attachée	255	OTHER
souriez	255	OTHER
etais	255	ADJECTIVE
tristes	255	OTHER
portables	255	OTHER
échouer	255	VERB
evans	255	OTHER
finances	255	OTHER
substance	255	NOUN,OTHER
maîtriser	255	VERB
phoenix	255	OTHER
actif	255	ADJECTIVE
féminin	254	OTHER
préférés	254	OTHER
créateur	254	OTHER
am	254	OTHER
want	254	OTHER
ivrogne	254	OTHER
there	254	OTHER
lapins	254	OTHER
désespérée	254	OTHER
sièges	254	OTHER
gagnez	254	OTHER
prononcer	254	VERB
nés	254	OTHER
insulter	254	VERB
plaint	254	OTHER
blâme	254	OTHER
chevaliers	254	OTHER
ponts	254	OTHER
chewing-gum	254	OTHER
lenny	254	OTHER
boris	254	OTHER
river	254	VERB
frontières	254	OTHER
céder	254	VERB
rigoler	254	VERB
chiottes	253	OTHER
interdis	253	OTHER
minuscule	253	OTHER
extraterrestres	253	OTHER
stewart	253	OTHER
em	253	OTHER
diversion	253	NOUN,OTHER
mentent	253	OTHER
volent	253	OTHER
trouverais	253	ADJECTIVE
tuant	253	OTHER
ignores	253	OTHER
affecte	253	OTHER
béni	253	OTHER
pique-nique	253	ADJECTIVE
concentre	253	OTHER
mentionner	253	VERB
entendent	253	OTHER
appartiens	253	OTHER
ravis	252	OTHER
gars-là	252	OTHER
injection	252	NOUN,OTHER
otto	252	OTHER
hugo	252	OTHER
whoo	252	OTHER
détecteurs	252	OTHER
enregistre	252	OTHER
collines	252	OTHER
soigné	252	OTHER
internationale	252	ADJECTIVE
romains	252	OTHER
compliments	252	OTHER
causes	252	OTHER
décides	252	OTHER
réserves	252	OTHER
permettra	252	OTHER
souffrances	252	OTHER
fantasme	252	OTHER
baleine	252	OTHER
soutient	252	OTHER
kidnapping	252	OTHER
juridique	252	ADJECTIVE
tue-le	252	OTHER
cogné	252	OTHER
gérant	252	OTHER
ressentez	252	OTHER
fraternité	252	NOUN,OTHER
spatial	252	ADJECTIVE
positive	252	ADJECTIVE
conséquence	252	NOUN,OTHER
suspecte	251	OTHER
let	251	OTHER
ruse	251	OTHER
embarquer	251	VERB
imaginaire	251	OTHER
instruments	251	OTHER
torse	251	OTHER
puissions	251	VERB
rusty	251	OTHER
cartel	251	ADJECTIVE
bouges	251	OTHER
âgée	251	OTHER
risquez	251	OTHER
voyagé	251	OTHER
baltimore	251	OTHER
cody	251	OTHER
hans	251	OTHER
autel	251	ADJECTIVE
bénéfices	251	OTHER
chanteuse	251	ADJECTIVE
paient	251	OTHER
extraterrestre	251	OTHER
engagée	251	OTHER
indépendance	251	NOUN,OTHER
eglise	250	OTHER
cloches	250	OTHER
instants	250	OTHER
ow	250	OTHER
alias	250	OTHER
jurés	250	OTHER
vivra	250	VERB
lena	250	OTHER
apprenne	250	OTHER
cinglée	250	OTHER
véhicules	250	OTHER
féminine	250	OTHER
salles	250	OTHER
cyrus	250	OTHER
parfaits	250	OTHER
profitez	250	OTHER
jared	250	OTHER
sync	250	OTHER
perles	250	OTHER
profité	250	NOUN,OTHER
rime	250	OTHER
soûl	250	OTHER
sida	250	OTHER
futé	249	OTHER
littérature	249	OTHER
sasha	249	OTHER
crises	249	OTHER
positions	249	OTHER
ski	249	OTHER
ellis	249	OTHER
piqûre	249	OTHER
baissé	249	OTHER
attaquée	249	OTHER
reconnaît	249	OTHER
acheteur	249	OTHER
apparaître	249	OTHER
express	249	OTHER
prennes	248	VERB
élégant	248	OTHER
seau	248	OTHER
volume	248	OTHER
ajouté	248	OTHER
pète	248	OTHER
enthousiasme	248	OTHER
rendrai	248	OTHER
écho	248	OTHER
bouleversé	248	OTHER
orteils	248	OTHER
tournent	248	OTHER
robbie	248	OTHER
light	248	OTHER
devrons	248	VERB
fidèles	248	OTHER
attaquent	248	OTHER
immigration	248	NOUN,OTHER
they	248	OTHER
tanner	248	VERB
accusée	248	OTHER
souhaité	248	NOUN,OTHER
saigner	248	VERB
gagnent	248	OTHER
fixé	248	OTHER
obliger	248	VERB
aérienne	248	ADJECTIVE
étiquette	248	OTHER
coton	248	OTHER
navires	247	OTHER
alternative	247	ADJECTIVE
embrassée	247	OTHER
révèle	247	OTHER
mandy	247	OTHER
fletcher	247	VERB
virginia	247	OTHER
angelo	247	OTHER
perfection	247	NOUN,OTHER
bandits	247	OTHER
crayon	247	OTHER
écrase	247	OTHER
yes	247	OTHER
bonbon	247	OTHER
bac	247	OTHER
regina	247	OTHER
paysans	247	OTHER
abraham	247	OTHER
cookie	247	OTHER
mettant	247	VERB
réchauffer	247	VERB
briques	247	OTHER
dîne	247	OTHER
rentrerai	247	OTHER
soi-même	247	OTHER
battait	246	OTHER
venues	246	VERB
nuire	246	OTHER
raj	246	OTHER
adresses	246	OTHER
conclusions	246	OTHER
comporte	246	OTHER
hélène	246	OTHER
beckett	246	OTHER
clôture	246	OTHER
mystérieuse	246	ADJECTIVE
enfuis	246	OTHER
ari	246	OTHER
intégrité	246	NOUN,OTHER
parages	246	OTHER
maddie	246	OTHER
cliff	246	OTHER
due	246	VERB
tonne	246	OTHER
marvin	246	OTHER
shelby	246	OTHER
reparlera	246	OTHER
loser	246	VERB
vendent	246	OTHER
investi	246	OTHER
danses	246	OTHER
chrétien	246	ADJECTIVE
plumes	246	OTHER
évité	245	NOUN,OTHER
soulever	245	VERB
macgyver	245	VERB
reverrai	245	OTHER
sapin	245	OTHER
enquêtes	245	OTHER
chanceuse	245	ADJECTIVE
terrifiant	245	OTHER
épidémie	245	OTHER
encourager	245	VERB
comprenne	245	OTHER
cachent	245	OTHER
augmenté	245	OTHER
défoncer	245	VERB
grenade	245	OTHER
wally	245	OTHER
mignons	245	OTHER
fourgon	245	OTHER
enseigné	245	OTHER
cardinal	245	ADJECTIVE
gestion	245	NOUN,OTHER
oubliée	245	OTHER
entretenir	245	VERB
keller	245	VERB
arrêtez-le	245	OTHER
raccroché	245	OTHER
ballet	245	OTHER
défends	245	OTHER
utilisation	245	NOUN,OTHER
menton	245	OTHER
glacé	244	OTHER
prudence	244	NOUN,OTHER
hôtels	244	OTHER
éditeur	244	OTHER
voeu	244	OTHER
prévenue	244	OTHER
pleines	244	OTHER
bla	244	OTHER
profs	244	OTHER
sacrifié	244	OTHER
noyé	244	OTHER
dessiné	244	OTHER
réacteur	244	OTHER
apparition	244	NOUN,OTHER
devenait	244	OTHER
mére	244	OTHER
assemblée	244	OTHER
rangs	244	OTHER
luis	244	OTHER
connecté	244	OTHER
pedro	244	OTHER
débris	244	OTHER
chang	244	OTHER
summer	244	VERB
hyper	243	OTHER
gratuite	243	OTHER
kane	243	OTHER
hangar	243	OTHER
rendrait	243	OTHER
régiment	243	OTHER
buzz	243	OTHER
entrainement	243	OTHER
flux	243	OTHER
noces	243	OTHER
bloquer	243	VERB
arrogant	243	OTHER
brûlée	243	OTHER
mériter	243	VERB
repasser	243	VERB
racines	243	OTHER
sûreté	243	OTHER
averti	243	OTHER
naze	243	OTHER
june	243	OTHER
bœuf	243	OTHER
plaise	242	ADJECTIVE
composé	242	OTHER
nadia	242	OTHER
stevie	242	OTHER
kara	242	OTHER
appartements	242	OTHER
sonde	242	OTHER
noel	242	ADJECTIVE
mimi	242	OTHER
pdg	242	OTHER
burns	242	OTHER
bouts	242	OTHER
plombs	242	OTHER
défauts	242	OTHER
saucisses	242	OTHER
interdite	242	OTHER
convention	242	NOUN,OTHER
condamnation	242	NOUN,OTHER
couvertures	242	OTHER
célèbres	242	OTHER
saints	242	OTHER
testé	242	OTHER
soulager	242	VERB
hétéro	242	OTHER
impatiente	242	OTHER
célibataires	242	OTHER
embauché	241	OTHER
mere	241	OTHER
distrait	241	OTHER
refais	241	ADJECTIVE
déconnes	241	OTHER
déchirer	241	VERB
bush	241	OTHER
vase	241	OTHER
torche	241	OTHER
fuit	240	OTHER
mouillée	240	OTHER
largué	240	OTHER
supplémentaire	240	OTHER
conduisait	240	OTHER
poules	240	OTHER
coins	240	OTHER
superbes	240	OTHER
roulant	240	OTHER
qualifié	240	OTHER
mécanique	240	ADJECTIVE
outil	240	OTHER
accompagné	240	OTHER
reins	240	OTHER
pantalons	240	OTHER
bouleversée	240	OTHER
tuerais	240	ADJECTIVE
vivian	240	OTHER
théories	240	OTHER
lemon	239	OTHER
semblé	239	OTHER
donnés	239	OTHER
coupure	239	OTHER
dog	239	OTHER
goûts	239	OTHER
craqué	239	OTHER
accouchement	239	OTHER
contenir	239	VERB
trip	239	OTHER
hourra	239	OTHER
ouragan	239	OTHER
liée	239	OTHER
spike	239	OTHER
mou	239	OTHER
pic	239	OTHER
haleine	239	OTHER
allongé	239	OTHER
matchs	239	OTHER
espionner	239	VERB
catégorie	239	OTHER
abigail	239	OTHER
arrivées	239	OTHER
dodo	239	OTHER
kay	239	OTHER
barreaux	238	ADJECTIVE
poses	238	OTHER
ruban	238	OTHER
bâtiments	238	OTHER
buffet	238	OTHER
gavin	238	OTHER
romain	238	ADJECTIVE
embuscade	238	OTHER
mo	238	OTHER
musiciens	238	OTHER
garantir	238	VERB
três	238	OTHER
dégagé	238	OTHER
kang	238	OTHER
rudy	238	OTHER
bougie	238	OTHER
valentin	238	OTHER
soutiens	238	OTHER
débarrassé	238	OTHER
magiques	238	OTHER
grise	237	OTHER
felix	237	OTHER
entendus	237	OTHER
déprimé	237	OTHER
masques	237	OTHER
vaccin	237	OTHER
drôlement	237	OTHER
terrorisme	237	NOUN,OTHER
particules	237	OTHER
migraine	237	ADJECTIVE
ressemblez	237	OTHER
val	237	OTHER
coude	237	OTHER
siens	237	OTHER
impliqués	237	OTHER
sauvez	237	OTHER
sur-le-champ	237	OTHER
faisons-le	237	OTHER
vilaine	237	ADJECTIVE
abandonnez	237	OTHER
franck	236	OTHER
artifice	236	OTHER
définition	236	NOUN,OTHER
rico	236	OTHER
domestiques	236	OTHER
sherlock	236	OTHER
isolement	236	OTHER
espionne	236	OTHER
liv	236	OTHER
dynamite	236	OTHER
dj	236	OTHER
reprises	236	OTHER
étouffe	236	OTHER
allemande	236	OTHER
reprocher	236	VERB
boeuf	236	OTHER
country	236	OTHER
pizzas	236	OTHER
idéale	236	ADJECTIVE
pardonnez	236	OTHER
durera	236	OTHER
sylvia	236	OTHER
pâtes	236	OTHER
aspirine	235	OTHER
accidentellement	235	OTHER
recommande	235	OTHER
soigne	235	OTHER
nourrit	235	OTHER
chargement	235	OTHER
emballe	235	OTHER
sanctuaire	235	OTHER
revenait	235	OTHER
merveilles	235	OTHER
conspiration	235	NOUN,OTHER
économiser	235	VERB
raccompagner	235	VERB
convenu	235	OTHER
richesse	235	OTHER
égard	235	OTHER
chassé	235	OTHER
aident	235	OTHER
bilan	235	OTHER
adieux	235	ADJECTIVE
sortiras	235	VERB
architecte	235	OTHER
regardez-le	234	OTHER
trahis	234	OTHER
honteux	234	ADJECTIVE
mater	234	VERB
price	234	OTHER
patrons	234	OTHER
femelle	234	ADJECTIVE
dante	234	OTHER
mini	234	OTHER
démolir	234	VERB
sportif	234	ADJECTIVE
dizaines	234	OTHER
sexuellement	234	OTHER
suivait	234	VERB
pope	234	OTHER
fouet	234	OTHER
introduit	234	OTHER
artère	234	OTHER
constitution	234	NOUN,OTHER
gold	234	OTHER
accélère	233	OTHER
réglo	233	OTHER
apocalypse	233	OTHER
juive	233	ADJECTIVE
mercedes	233	OTHER
chapelle	233	ADJECTIVE
jan	233	OTHER
versé	233	OTHER
provient	233	OTHER
arrêtons	233	OTHER
merlin	233	OTHER
obtenez	233	OTHER
boulots	233	OTHER
arbitre	233	OTHER
lécher	233	VERB
séparé	233	OTHER
ciné	233	OTHER
affecté	233	OTHER
cacahuètes	233	OTHER
hésitez	233	OTHER
exemplaire	233	OTHER
relâche	233	OTHER
programmes	233	OTHER
certitude	233	OTHER
bec	233	OTHER
crevettes	232	OTHER
jin	232	OTHER
perdues	232	OTHER
poursuites	232	OTHER
hamburger	232	VERB
herbes	232	OTHER
transmis	232	OTHER
apprennent	232	OTHER
décor	232	OTHER
parano	232	OTHER
maternelle	232	ADJECTIVE
gai	232	OTHER
négociations	232	OTHER
antidote	232	OTHER
cachait	232	OTHER
revoit	232	OTHER
clarke	232	OTHER
noter	232	VERB
cracher	232	VERB
horizon	232	OTHER
emplois	232	ADJECTIVE
mouchoir	232	VERB
bernie	232	OTHER
agressif	232	ADJECTIVE
modifier	232	VERB
denver	232	VERB
prenez-le	232	OTHER
stacy	232	OTHER
grandeur	232	OTHER
judith	232	OTHER
détestait	232	OTHER
parvenir	232	VERB
leon	232	OTHER
nerf	232	OTHER
accoucher	232	VERB
data	232	OTHER
mètre	232	OTHER
éclat	232	OTHER
hugh	231	OTHER
falaise	231	ADJECTIVE
affreuse	231	ADJECTIVE
logement	231	NOUN,OTHER
adresser	231	VERB
croiser	231	VERB
entrées	231	OTHER
laurel	231	ADJECTIVE
explications	231	OTHER
comprendrais	231	ADJECTIVE
ivy	231	OTHER
cerveaux	231	ADJECTIVE
torturé	231	OTHER
doris	231	OTHER
bridget	231	OTHER
nicholas	231	OTHER
retrait	231	OTHER
back	231	OTHER
cassettes	231	OTHER
épuisée	231	OTHER
ruines	230	OTHER
cv	230	OTHER
chi	230	OTHER
clou	230	OTHER
détesté	230	OTHER
violeur	230	OTHER
brutal	230	ADJECTIVE
illusions	230	OTHER
remplaçant	230	OTHER
tremble	230	OTHER
existé	230	OTHER
nomme	230	OTHER
dansé	230	OTHER
privés	230	OTHER
initiative	230	ADJECTIVE
argument	230	OTHER
scully	230	OTHER
croise	230	ADJECTIVE
sirop	230	OTHER
cicatrices	230	OTHER
end	229	OTHER
sublime	229	OTHER
résiste	229	OTHER
renonce	229	OTHER
économique	229	ADJECTIVE
conséquent	229	OTHER
repart	229	OTHER
rochers	229	OTHER
ruelle	229	ADJECTIVE
prions	229	OTHER
parade	229	OTHER
nain	229	ADJECTIVE
ballons	229	OTHER
élevés	229	OTHER
marijuana	229	OTHER
evelyn	229	OTHER
largement	228	OTHER
manquez	228	OTHER
rampe	228	OTHER
bienvenus	228	OTHER
retrouverai	228	OTHER
inquiets	228	OTHER
patte	228	OTHER
nommée	228	OTHER
écarter	228	VERB
accélérer	228	VERB
tunnels	228	OTHER
sachent	228	VERB
nuque	228	OTHER
doubler	228	VERB
diplômé	228	OTHER
récent	228	OTHER
gala	228	OTHER
here	228	OTHER
aidés	228	OTHER
jefferson	228	OTHER
quotidien	228	OTHER
préfèrerais	227	ADJECTIVE
aérien	227	ADJECTIVE
fortement	227	OTHER
nouilles	227	OTHER
gravement	227	OTHER
trad	227	OTHER
lancez	227	OTHER
hypocrite	227	OTHER
glacée	227	OTHER
enterrée	227	OTHER
rassemblement	227	NOUN,OTHER
valet	227	OTHER
paysage	227	OTHER
mexico	227	OTHER
savions	227	VERB
reprenez	227	OTHER
cruz	227	OTHER
réels	227	OTHER
goûte	227	OTHER
gâchette	227	OTHER
exercices	227	OTHER
cure	227	OTHER
gémissements	227	OTHER
lucky	227	OTHER
ramassé	227	OTHER
répétez	227	OTHER
fosse	227	OTHER
décédée	226	OTHER
reviendras	226	OTHER
lin	226	OTHER
rancune	226	OTHER
disparaissent	226	OTHER
quittée	226	OTHER
sang-froid	226	OTHER
écoutais	226	ADJECTIVE
dance	226	NOUN,OTHER
autographe	226	OTHER
dépense	226	OTHER
hurle	226	OTHER
paisible	226	ADJECTIVE
apollo	226	OTHER
dexter	226	VERB
phillip	226	OTHER
supplier	226	VERB
milo	226	OTHER
cuisinier	226	VERB
ramènes	226	OTHER
weekend	226	OTHER
attrapez-le	226	OTHER
représentation	226	NOUN,OTHER
wall	226	OTHER
séduisant	226	OTHER
renseignement	226	NOUN,OTHER
gouttes	226	OTHER
haïr	226	OTHER
oubliais	226	ADJECTIVE
coloc	226	OTHER
marchez	225	OTHER
banlieue	225	OTHER
évader	225	VERB
corriger	225	VERB
regards	225	OTHER
cuillère	225	OTHER
souffler	225	VERB
éclaté	225	OTHER
beurk	225	OTHER
nombres	225	OTHER
carlton	225	OTHER
imposteur	225	OTHER
sofia	225	OTHER
insigne	225	OTHER
commencement	225	OTHER
visiteur	225	OTHER
caserne	225	OTHER
callie	225	OTHER
lynn	225	OTHER
reportage	225	OTHER
effraie	225	OTHER
délicieuse	225	ADJECTIVE
cartons	225	OTHER
petite-fille	225	OTHER
marianne	225	OTHER
abrutis	225	OTHER
obéis	225	OTHER
sophia	225	OTHER
discrètement	225	OTHER
sympas	225	OTHER
province	225	OTHER
mythe	224	OTHER
envoies	224	OTHER
légale	224	ADJECTIVE
puisqu	224	OTHER
ward	224	OTHER
laissez-les	224	OTHER
uniformes	224	OTHER
sonnette	224	OTHER
enfoncer	224	VERB
muet	224	OTHER
erik	224	OTHER
intéressait	224	OTHER
camping	224	OTHER
posséder	224	VERB
simone	224	OTHER
américaines	224	OTHER
yacht	224	OTHER
prophète	224	OTHER
observé	224	OTHER
contexte	224	OTHER
obligation	224	NOUN,OTHER
encaisser	224	VERB
perspective	224	ADJECTIVE
optimiste	224	OTHER
moon	223	OTHER
mate	223	OTHER
tomates	223	OTHER
cogner	223	VERB
cynthia	223	OTHER
entendait	223	OTHER
sadie	223	OTHER
milan	223	OTHER
consiste	223	OTHER
convoi	223	OTHER
pelouse	223	OTHER
flûte	223	OTHER
nicolas	223	PROPER_NOUN
reviendrais	223	ADJECTIVE
gardait	223	OTHER
dentaire	223	OTHER
modifié	223	OTHER
tequila	223	OTHER
liées	223	OTHER
épouvantable	223	ADJECTIVE
dragons	223	OTHER
confie	223	OTHER
willy	223	OTHER
téléphoniques	223	OTHER
contenter	223	VERB
rassemble	223	OTHER
tracasse	223	OTHER
mourrez	223	VERB
pourrir	223	VERB
combattant	223	OTHER
fiction	223	NOUN,OTHER
attendiez	223	OTHER
jedi	223	OTHER
spirituel	222	ADJECTIVE
organisme	222	NOUN,OTHER
lizzie	222	OTHER
indienne	222	ADJECTIVE
mouton	222	OTHER
supplié	222	OTHER
suzanne	222	OTHER
plaisanter	222	VERB
prés	222	OTHER
sente	222	OTHER
percy	222	OTHER
excès	222	OTHER
idole	222	OTHER
high	222	OTHER
emménagé	222	OTHER
orphelinat	222	OTHER
perturbé	222	OTHER
pois	222	ADJECTIVE
voudront	222	VERB
compagnies	222	OTHER
infecté	222	OTHER
partiez	222	VERB
mettrais	222	VERB
susie	221	OTHER
croissance	221	NOUN,OTHER
relâché	221	OTHER
évanoui	221	OTHER
quelquefois	221	OTHER
doyen	221	OTHER
pearl	221	OTHER
échoue	221	OTHER
slip	221	OTHER
expliquerait	221	OTHER
laisse-les	221	OTHER
griffes	221	OTHER
mesurer	221	VERB
pâques	221	OTHER
contacte	221	OTHER
gestes	221	OTHER
laid	221	OTHER
paies	221	OTHER
avancée	221	OTHER
continent	221	OTHER
nucléaires	221	OTHER
amuses	221	OTHER
mènera	221	OTHER
hait	221	OTHER
amateurs	221	OTHER
pâte	220	OTHER
horaires	220	OTHER
énigme	220	OTHER
est-ce-que	220	OTHER
localisé	220	OTHER
grognements	220	OTHER
poèmes	220	OTHER
josé	220	OTHER
bouquet	220	OTHER
bijou	220	OTHER
majeur	220	OTHER
soutenu	220	OTHER
cellulaire	220	OTHER
yale	220	ADJECTIVE
men	220	OTHER
bassin	220	OTHER
bonnet	220	OTHER
psychologie	220	OTHER
touchant	220	OTHER
courent	220	VERB
demanderais	220	ADJECTIVE
secouer	220	VERB
peurs	220	OTHER
compréhension	220	NOUN,OTHER
plaintes	220	OTHER
nsa	220	OTHER
di	220	OTHER
mènent	220	OTHER
tatouages	220	OTHER
aiguilles	220	OTHER
paniquer	220	VERB
sages	220	OTHER
clairs	220	OTHER
milliard	220	OTHER
donnais	220	ADJECTIVE
joyce	220	OTHER
répété	219	OTHER
aimaient	219	OTHER
pleuvoir	219	VERB
semestre	219	OTHER
becca	219	OTHER
arrivons	219	OTHER
jaunes	219	OTHER
discrétion	219	NOUN,OTHER
cognac	219	OTHER
étonné	219	OTHER
racine	219	OTHER
jurer	219	VERB
débiles	219	OTHER
violente	219	OTHER
gabe	219	OTHER
restaurants	219	OTHER
piloter	219	VERB
médium	219	OTHER
intimes	219	OTHER
post	219	OTHER
soulagé	219	OTHER
bunker	219	VERB
capsule	219	OTHER
éponge	218	OTHER
luther	218	VERB
classes	218	OTHER
rétablir	218	VERB
comprendras	218	OTHER
blues	218	OTHER
nommer	218	VERB
efface	218	OTHER
lavage	218	OTHER
vicki	218	OTHER
hi	218	OTHER
préparent	218	OTHER
mâchoire	218	OTHER
percer	218	VERB
poster	218	OTHER
robinson	218	OTHER
malik	218	OTHER
curé	218	OTHER
adrénaline	218	OTHER
ironique	218	ADJECTIVE
avatar	218	OTHER
tournant	218	OTHER
plonge	218	OTHER
prostituées	218	OTHER
essayent	218	OTHER
viser	218	VERB
isabel	217	ADJECTIVE
sécher	217	VERB
vortex	217	OTHER
conseillé	217	OTHER
parlaient	217	OTHER
thon	217	OTHER
cruelle	217	ADJECTIVE
menacée	217	OTHER
choqué	217	OTHER
tirée	217	OTHER
continuera	217	OTHER
goûté	217	OTHER
maléfique	217	ADJECTIVE
side	217	OTHER
ouf	217	OTHER
toutefois	217	OTHER
égale	217	ADJECTIVE
localisation	217	NOUN,OTHER
garrett	217	OTHER
suffisait	217	OTHER
reproduire	216	OTHER
sports	216	OTHER
rhum	216	OTHER
marshal	216	ADJECTIVE
débarqué	216	OTHER
wesley	216	OTHER
buvait	216	VERB
apparences	216	OTHER
loup-garou	216	OTHER
après-demain	216	ADJECTIVE
servait	216	OTHER
cheryl	216	OTHER
chrétiens	216	OTHER
potter	216	VERB
merdier	216	VERB
brady	216	OTHER
gilbert	216	OTHER
refusent	216	OTHER
mord	216	OTHER
nouvelle-orléans	216	OTHER
réduction	216	NOUN,OTHER
distribution	216	NOUN,OTHER
provisions	215	OTHER
weaver	215	VERB
proprio	215	OTHER
plongée	215	OTHER
meurtrière	215	OTHER
vendez	215	OTHER
ignorait	215	OTHER
pr	215	OTHER
sdf	215	OTHER
porcs	215	OTHER
doive	215	VERB
deuxièmement	215	OTHER
anomalie	215	OTHER
alexis	215	OTHER
fitz	215	OTHER
carbone	215	OTHER
fi	215	OTHER
clinton	215	OTHER
indic	215	OTHER
chelsea	215	OTHER
shepherd	214	OTHER
distances	214	OTHER
einstein	214	OTHER
boys	214	OTHER
barb	214	OTHER
visible	214	ADJECTIVE
prévue	214	OTHER
ava	214	OTHER
fidélité	214	NOUN,OTHER
perde	214	OTHER
sérieuses	214	OTHER
salir	214	VERB
zoé	214	OTHER
gail	214	OTHER
réconfort	214	OTHER
réagit	214	OTHER
croyant	214	VERB
politiciens	214	OTHER
satisfaction	214	NOUN,OTHER
foutent	214	OTHER
signale	214	ADJECTIVE
autorisée	214	OTHER
hôtesse	214	OTHER
remettra	214	OTHER
triomphe	214	OTHER
chargez	213	OTHER
acquis	213	OTHER
soupire	213	OTHER
butin	213	OTHER
concurrence	213	NOUN,OTHER
trait	213	OTHER
atlanta	213	OTHER
informateur	213	OTHER
signification	213	NOUN,OTHER
horaire	213	OTHER
dépit	213	OTHER
vanter	213	VERB
from	213	OTHER
assurances	213	OTHER
chiot	213	OTHER
spa	213	OTHER
coque	213	OTHER
burton	213	OTHER
déguisé	213	OTHER
garé	213	OTHER
aimant	213	OTHER
producteurs	213	OTHER
indiquer	213	VERB
diffusé	213	OTHER
étrangères	213	OTHER
news	213	OTHER
pentagone	212	OTHER
protecteur	212	OTHER
ninja	212	OTHER
forteresse	212	OTHER
brisée	212	OTHER
précision	212	NOUN,OTHER
prononce	212	OTHER
conquérir	212	VERB
parlerons	212	OTHER
mourras	212	VERB
tabasser	212	VERB
bénéfice	212	OTHER
conception	212	NOUN,OTHER
more	212	OTHER
livreur	212	OTHER
entendais	212	ADJECTIVE
recommandé	212	OTHER
plaisait	212	OTHER
défunt	212	OTHER
larguer	212	VERB
potion	211	NOUN,OTHER
parcouru	211	OTHER
baxter	211	VERB
rassurer	211	VERB
cuisses	211	OTHER
gelé	211	OTHER
couverts	211	OTHER
affirme	211	OTHER
toxique	211	ADJECTIVE
hilarant	211	OTHER
barres	211	OTHER
montes	211	OTHER
librement	211	OTHER
invente	211	OTHER
vieillard	211	OTHER
allées	211	VERB
coupes	211	OTHER
brun	211	OTHER
suivis	211	VERB
entrant	211	OTHER
emballer	211	VERB
approuve	211	OTHER
grouille	211	OTHER
addison	211	OTHER
american	211	OTHER
demandez-lui	211	OTHER
sanchez	211	OTHER
occupent	211	OTHER
mails	211	OTHER
débarque	211	OTHER
nasa	211	OTHER
souvienne	210	ADJECTIVE
infini	210	OTHER
ramenée	210	OTHER
bouchée	210	OTHER
condamner	210	VERB
commode	210	OTHER
tammy	210	OTHER
vérification	210	NOUN,OTHER
e-mails	210	OTHER
crystal	210	ADJECTIVE
make	210	OTHER
chauffage	210	OTHER
adores	210	OTHER
merdeux	210	ADJECTIVE
couvent	210	OTHER
réservation	210	NOUN,OTHER
survivant	210	OTHER
documentaire	210	OTHER
diffusion	210	NOUN,OTHER
cross	210	OTHER
greffe	210	OTHER
whitney	210	OTHER
disparais	210	ADJECTIVE
conserver	210	VERB
réfugiés	210	OTHER
exagéré	210	OTHER
nœud	210	OTHER
hormones	210	OTHER
hm	210	OTHER
fiancés	210	OTHER
porteur	210	OTHER
lâche-le	210	OTHER
craignais	210	ADJECTIVE
relié	209	OTHER
droguée	209	OTHER
humilier	209	VERB
carlo	209	OTHER
applique	209	ADJECTIVE
infiltré	209	OTHER
ouaip	209	OTHER
condamnés	209	OTHER
patricia	209	OTHER
ià	209	OTHER
won	209	OTHER
reconnue	209	OTHER
puces	209	OTHER
bourrée	209	OTHER
individus	209	OTHER
péril	209	OTHER
semer	209	VERB
impatience	209	NOUN,OTHER
remonté	209	OTHER
laisseront	209	OTHER
bisous	209	OTHER
alexandre	209	OTHER
espionnage	209	OTHER
géante	209	OTHER
suggérer	209	VERB
calmement	209	OTHER
acceptes	209	OTHER
biscuit	209	OTHER
heurté	209	OTHER
chapeaux	209	ADJECTIVE
appuyez	209	OTHER
prendrez	208	VERB
phrases	208	OTHER
britanniques	208	OTHER
jai	208	OTHER
canyon	208	OTHER
lori	208	OTHER
loterie	208	OTHER
miettes	208	OTHER
pièges	208	OTHER
gates	208	OTHER
violents	208	OTHER
toux	208	OTHER
portland	208	OTHER
par-là	208	OTHER
finch	208	OTHER
jasper	208	VERB
aimera	208	OTHER
take	208	OTHER
majeure	208	OTHER
recul	208	OTHER
dirigeants	208	OTHER
immédiat	208	OTHER
archie	208	OTHER
olive	208	ADJECTIVE
vents	208	OTHER
stu	207	OTHER
trêve	207	OTHER
hérité	207	NOUN,OTHER
visa	207	OTHER
tate	207	OTHER
têtu	207	OTHER
griller	207	VERB
lignée	207	OTHER
défaire	207	OTHER
épave	207	OTHER
italiens	207	OTHER
indispensable	207	ADJECTIVE
meurtriers	207	OTHER
fréquente	207	OTHER
mômes	207	OTHER
brûlures	207	OTHER
municipal	207	ADJECTIVE
améliore	207	OTHER
rich	207	OTHER
petits-enfants	207	OTHER
cote	207	OTHER
étapes	207	OTHER
application	207	NOUN,OTHER
générosité	207	NOUN,OTHER
reçus	207	VERB
soumettre	207	VERB
déception	207	NOUN,OTHER
führer	207	VERB
séminaire	207	OTHER
libérée	207	OTHER
baisers	206	OTHER
défier	206	VERB
briggs	206	OTHER
principalement	206	OTHER
amelia	206	OTHER
redevable	206	ADJECTIVE
sherman	206	OTHER
nourri	206	OTHER
enverra	206	OTHER
ordi	206	OTHER
sal	206	OTHER
meute	206	OTHER
regardée	206	OTHER
yens	206	OTHER
colorado	206	OTHER
aillent	206	VERB
dite	206	VERB
partais	206	VERB
patienter	206	VERB
coq	206	OTHER
œuvres	206	OTHER
secondaires	206	OTHER
minou	206	OTHER
dates	206	OTHER
debra	206	OTHER
emmerder	206	VERB
salopes	206	OTHER
pouces	206	OTHER
créée	206	OTHER
anéantir	206	VERB
rentrait	205	OTHER
fourrure	205	OTHER
demandera	205	OTHER
fût	205	VERB
dong	205	OTHER
mule	205	OTHER
fourmis	205	OTHER
how	205	OTHER
terrasse	205	OTHER
chorale	205	ADJECTIVE
occasions	205	OTHER
cavalerie	205	OTHER
menthe	205	OTHER
préfet	205	OTHER
climat	205	OTHER
installation	205	NOUN,OTHER
verser	205	VERB
holt	205	OTHER
stressé	205	OTHER
solutions	205	OTHER
secte	205	OTHER
détectives	205	OTHER
bradley	204	OTHER
foncé	204	OTHER
corrompu	204	OTHER
frappes	204	OTHER
insecte	204	OTHER
capture	204	OTHER
extrait	204	OTHER
lacey	204	OTHER
prêtres	204	OTHER
bates	204	OTHER
sentence	204	NOUN,OTHER
généreuse	204	ADJECTIVE
religieuse	204	ADJECTIVE
dealers	204	OTHER
matos	204	OTHER
supposer	204	VERB
attrapez	204	OTHER
compagnons	204	OTHER
employée	204	OTHER
new-york	204	OTHER
reproche	204	OTHER
connasse	204	OTHER
scoop	204	OTHER
boucler	204	VERB
bella	204	OTHER
sinistre	204	OTHER
pauvreté	204	OTHER
harriet	204	OTHER
plaider	204	VERB
shannon	204	OTHER
épais	203	ADJECTIVE
bourbon	203	OTHER
obligations	203	OTHER
mortels	203	OTHER
gangster	203	OTHER
tait	203	OTHER
paquets	203	OTHER
cuisinière	203	OTHER
habites	203	OTHER
poings	203	OTHER
bien-être	203	OTHER
appliquer	203	VERB
ignorent	203	OTHER
commencera	203	OTHER
brèche	203	OTHER
chaton	203	OTHER
embarque	203	OTHER
say	203	OTHER
préférable	203	ADJECTIVE
bandit	203	OTHER
wong	203	OTHER
marks	203	OTHER
musulmans	203	OTHER
là-dessous	203	OTHER
clowns	203	OTHER
harmonie	203	OTHER
désintox	203	OTHER
laisserait	203	OTHER
franchi	203	OTHER
insister	203	VERB
héro	203	OTHER
tuez-le	203	OTHER
hostile	203	OTHER
trempé	202	OTHER
woody	202	OTHER
tete	202	OTHER
réalisez	202	OTHER
décroché	202	OTHER
craignez	202	OTHER
intermédiaire	202	OTHER
prophétie	202	OTHER
activé	202	OTHER
utilité	202	NOUN,OTHER
tremblement	202	OTHER
habitait	202	OTHER
utilisés	202	OTHER
cite	202	OTHER
placée	202	OTHER
ally	202	OTHER
hallucinations	202	OTHER
saul	202	OTHER
culs	202	OTHER
pancakes	202	OTHER
filez	202	OTHER
immatriculation	202	NOUN,OTHER
entres	202	OTHER
excitation	202	NOUN,OTHER
allumettes	202	OTHER
décollage	202	OTHER
valley	202	OTHER
embauche	202	OTHER
asie	202	OTHER
sourcils	202	OTHER
close	202	OTHER
dot	202	OTHER
montréal	202	ADJECTIVE
amical	202	ADJECTIVE
quarante	201	OTHER
prendront	201	VERB
vicky	201	OTHER
avances	201	OTHER
froc	201	OTHER
berceau	201	OTHER
mesdemoiselles	201	OTHER
presser	201	VERB
moquez	201	OTHER
powell	201	OTHER
gregory	201	OTHER
glen	201	OTHER
chalet	201	OTHER
heart	201	OTHER
provenant	201	OTHER
danielle	201	ADJECTIVE
apprenez	201	OTHER
bert	201	OTHER
martini	201	OTHER
occupez	201	OTHER
remettez	201	OTHER
envoler	201	VERB
confesser	201	VERB
francine	201	OTHER
vaughn	201	OTHER
endommagé	201	OTHER
harceler	201	VERB
physiques	201	OTHER
napoléon	200	OTHER
cohen	200	OTHER
parlions	200	OTHER
motivation	200	NOUN,OTHER
révélation	200	NOUN,OTHER
tentant	200	OTHER
roland	200	OTHER
indépendant	200	OTHER
prétends	200	OTHER
ernie	200	OTHER
communistes	200	OTHER
serveurs	200	OTHER
piraté	200	OTHER
danseur	200	OTHER
servante	200	OTHER
jadis	200	OTHER
centimètres	200	OTHER
rôti	200	OTHER
anormal	200	ADJECTIVE
sentiras	200	OTHER
gages	200	OTHER
insultes	200	OTHER
émissions	200	OTHER
couverte	200	OTHER
désespérément	200	OTHER
malins	200	OTHER
discussions	200	OTHER
wang	200	OTHER
introduire	200	OTHER
étendre	200	OTHER
glaçons	200	OTHER
mettrait	199	VERB
crawford	199	OTHER
volontairement	199	OTHER
emballé	199	OTHER
électriques	199	OTHER
gotham	199	OTHER
pleurait	199	OTHER
inscription	199	NOUN,OTHER
pitoyable	199	ADJECTIVE
évènement	199	OTHER
muscle	199	OTHER
rendus	199	OTHER
répugnant	199	OTHER
beignets	199	OTHER
secrètes	199	OTHER
programmé	199	OTHER
montgomery	199	OTHER
party	199	OTHER
enfreint	199	OTHER
connaissaient	199	VERB
illégale	199	ADJECTIVE
flou	199	OTHER
irlande	199	OTHER
crédible	199	ADJECTIVE
bd	199	OTHER
esclavage	198	OTHER
preniez	198	VERB
cire	198	OTHER
yep	198	OTHER
coupures	198	OTHER
zero	198	OTHER
gamme	198	OTHER
crue	198	VERB
salutations	198	OTHER
détient	198	OTHER
anonymes	198	OTHER
écharpe	198	OTHER
lier	198	VERB
centime	198	OTHER
brune	198	OTHER
finiras	198	OTHER
jours-ci	198	OTHER
noeud	198	OTHER
librairie	198	OTHER
humiliation	198	NOUN,OTHER
enfermés	198	OTHER
rigolo	198	OTHER
banks	198	OTHER
aveugles	198	OTHER
venise	198	OTHER
foin	198	OTHER
respectable	198	ADJECTIVE
bouddha	197	OTHER
soviétique	197	ADJECTIVE
écoutent	197	OTHER
mépris	197	OTHER
peterson	197	OTHER
récente	197	OTHER
absolue	197	OTHER
bulletin	197	OTHER
gideon	197	OTHER
avale	197	ADJECTIVE
croyons	197	VERB
lionel	197	ADJECTIVE
identiques	197	OTHER
roche	197	OTHER
culte	197	OTHER
endurer	197	VERB
souhaits	197	OTHER
intrusion	197	NOUN,OTHER
ahh	197	OTHER
rejeter	197	VERB
prisonnière	197	OTHER
arrangera	197	OTHER
mentor	197	OTHER
terrifié	197	OTHER
nobles	197	OTHER
évier	197	VERB
county	197	OTHER
helena	197	OTHER
sensibles	196	OTHER
daniels	196	OTHER
similaire	196	OTHER
vivres	196	OTHER
mills	196	OTHER
communiqué	196	OTHER
dures	196	OTHER
ouvrier	196	VERB
tenant	196	VERB
occupait	196	OTHER
onde	196	OTHER
exclu	196	OTHER
moulin	196	OTHER
gagnera	196	OTHER
herr	196	OTHER
prendras	196	VERB
sonia	196	OTHER
semblables	196	OTHER
fugitif	196	ADJECTIVE
chantait	196	OTHER
douzaines	196	OTHER
millie	196	OTHER
dérangerait	196	OTHER
indiqué	196	OTHER
décolle	196	OTHER
plier	196	VERB
raisin	196	OTHER
semblable	196	ADJECTIVE
massacrer	196	VERB
reconstruire	195	OTHER
stp	195	OTHER
passeports	195	OTHER
habituelle	195	ADJECTIVE
surveillé	195	OTHER
gèle	195	OTHER
vicieux	195	ADJECTIVE
citer	195	VERB
trish	195	OTHER
lard	195	OTHER
sidney	195	OTHER
ordinaires	195	OTHER
suffire	195	VERB
inquiétais	195	ADJECTIVE
brien	195	ADJECTIVE
opposition	195	NOUN,OTHER
banquier	195	VERB
brendan	195	OTHER
consoler	195	VERB
amènes	195	OTHER
évaluer	195	VERB
achèterai	195	OTHER
brooks	195	OTHER
springfield	195	OTHER
approché	195	OTHER
frappez	195	OTHER
sherry	195	OTHER
sniper	195	VERB
vega	195	OTHER
impulsion	195	NOUN,OTHER
procurer	195	VERB
fanny	195	OTHER
marée	195	OTHER
joshua	194	OTHER
cliché	194	OTHER
tranche	194	OTHER
valoir	194	VERB
opinions	194	OTHER
tout-puissant	194	OTHER
barbie	194	OTHER
mack	194	OTHER
moelle	194	ADJECTIVE
filme	194	OTHER
évènements	194	OTHER
nourris	194	OTHER
traque	194	OTHER
rush	194	OTHER
allié	194	OTHER
câbles	194	OTHER
never	194	VERB
oeuvres	193	OTHER
dinozzo	193	OTHER
shh	193	OTHER
samouraï	193	OTHER
arrêterai	193	OTHER
asiatique	193	ADJECTIVE
chantent	193	OTHER
volées	193	OTHER
rasé	193	OTHER
craque	193	OTHER
tendue	193	OTHER
horreurs	193	OTHER
maudits	193	OTHER
comble	193	OTHER
abusé	193	OTHER
aborder	193	VERB
inacceptable	193	ADJECTIVE
courtoisie	193	OTHER
arabes	193	OTHER
écureuil	193	OTHER
réparation	193	NOUN,OTHER
rentrent	193	OTHER
supposons	193	OTHER
queens	193	OTHER
scie	193	OTHER
repère	193	OTHER
embaucher	193	VERB
sympathie	193	OTHER
sacrés	193	OTHER
sutton	193	OTHER
atomique	193	ADJECTIVE
fumes	193	OTHER
bataillon	193	OTHER
achètes	192	OTHER
lesbiennes	192	OTHER
oups	192	OTHER
briquet	192	OTHER
timmy	192	OTHER
kenneth	192	OTHER
piégée	192	OTHER
repars	192	OTHER
japonaise	192	ADJECTIVE
old	192	OTHER
ramènera	192	OTHER
explosif	192	ADJECTIVE
esther	192	VERB
blog	192	OTHER
ouh	192	OTHER
complices	192	OTHER
maligne	192	OTHER
traîtres	192	OTHER
mi-temps	192	OTHER
changerait	192	OTHER
quentin	192	OTHER
gibson	192	OTHER
centre-ville	192	OTHER
achever	192	VERB
parapluie	192	OTHER
verrait	192	VERB
disposer	192	VERB
sérum	192	OTHER
reviendront	192	OTHER
priez	192	OTHER
triche	192	OTHER
financière	192	OTHER
franchise	191	OTHER
suce	191	OTHER
contrariée	191	OTHER
devenez	191	OTHER
nazi	191	OTHER
soupçonne	191	OTHER
portera	191	OTHER
teint	191	OTHER
rattrape	191	OTHER
remarques	191	OTHER
écrits	191	OTHER
hanches	191	OTHER
béguin	191	OTHER
vivaient	191	VERB
bulle	191	OTHER
tiennes	191	VERB
extraire	191	OTHER
jouir	191	VERB
burger	191	VERB
chantez	191	OTHER
cordon	191	OTHER
brûlant	191	OTHER
poumon	191	OTHER
tailleur	191	OTHER
abandonnes	191	OTHER
égouts	191	OTHER
intrigue	191	OTHER
impoli	191	OTHER
télécommande	191	OTHER
épargne	190	OTHER
nie	190	OTHER
tubes	190	OTHER
faisions	190	VERB
approuvé	190	OTHER
confiture	190	OTHER
présentes	190	OTHER
pom-pom	190	OTHER
géré	190	OTHER
équitable	190	ADJECTIVE
spatiale	190	ADJECTIVE
ficelles	190	OTHER
tracer	190	VERB
saumon	190	OTHER
jade	190	OTHER
séances	190	OTHER
exercer	190	VERB
hyde	190	OTHER
inventaire	190	OTHER
distribuer	190	VERB
dîné	190	OTHER
inattendu	190	OTHER
briller	190	VERB
affirmatif	190	ADJECTIVE
janice	190	OTHER
verrouillé	190	OTHER
convenable	190	ADJECTIVE
empêchera	189	OTHER
orgueil	189	OTHER
mangeons	189	OTHER
cigares	189	OTHER
jeep	189	OTHER
immeubles	189	OTHER
artillerie	189	OTHER
attraction	189	NOUN,OTHER
gymnase	189	OTHER
mondial	189	ADJECTIVE
trainer	189	VERB
permanente	189	OTHER
franche	189	OTHER
amendement	189	OTHER
disparues	189	OTHER
garderai	189	OTHER
maladroit	189	OTHER
salive	189	ADJECTIVE
kat	189	OTHER
simmons	189	OTHER
allumée	189	OTHER
cuivre	189	OTHER
peigne	189	OTHER
hughes	189	OTHER
espérait	189	OTHER
plombier	189	VERB
cherchiez	189	OTHER
piles	189	OTHER
passionnant	188	OTHER
baigner	188	VERB
villageois	188	ADJECTIVE
ralenti	188	OTHER
investisseurs	188	OTHER
comprenais	188	ADJECTIVE
celles-ci	188	OTHER
solides	188	OTHER
ouvrent	188	VERB
bulles	188	OTHER
eleanor	188	OTHER
soutien-gorge	188	OTHER
gonzesse	188	OTHER
song	188	OTHER
marquis	188	OTHER
drone	188	OTHER
détourner	188	VERB
ugh	188	OTHER
duchesse	188	OTHER
choi	188	OTHER
sirènes	188	OTHER
cargo	188	OTHER
bancaire	188	OTHER
clin	188	OTHER
fuyez	188	OTHER
interrompu	188	OTHER
triché	188	OTHER
batailles	188	OTHER
barré	187	OTHER
limité	187	NOUN,OTHER
torres	187	OTHER
vestiaire	187	OTHER
précaution	187	NOUN,OTHER
graine	187	ADJECTIVE
disponibles	187	OTHER
emmènerai	187	OTHER
participe	187	OTHER
sdi	187	OTHER
ail	187	OTHER
jr	187	OTHER
associée	187	OTHER
prononcé	187	OTHER
session	187	NOUN,OTHER
contribution	187	NOUN,OTHER
chauffe	187	OTHER
itinéraire	187	OTHER
plongé	187	OTHER
maniaque	187	OTHER
marcherait	187	OTHER
gardons	187	OTHER
monty	187	OTHER
dirigent	187	OTHER
basée	187	OTHER
soumis	187	OTHER
millier	187	VERB
objectifs	187	OTHER
étrangler	187	VERB
voudraient	187	VERB
studios	187	OTHER
souviendrai	187	OTHER
distraction	187	NOUN,OTHER
exploiter	187	VERB
chauds	186	OTHER
espéré	186	OTHER
spécifique	186	OTHER
libérez	186	OTHER
disputes	186	OTHER
pratiquer	186	VERB
fâche	186	OTHER
dom	186	OTHER
répandre	186	OTHER
fondu	186	OTHER
lires	186	OTHER
devise	186	OTHER
manifeste	186	OTHER
design	186	OTHER
approchent	186	OTHER
soulève	186	OTHER
pâté	186	OTHER
humilié	186	OTHER
javier	186	VERB
fais-lui	186	OTHER
informe	186	OTHER
pagaille	186	OTHER
virage	186	OTHER
admirer	186	VERB
yankees	186	OTHER
moutarde	186	OTHER
métaphore	186	OTHER
bridge	186	OTHER
bâtir	186	VERB
jardinier	186	VERB
méfier	186	VERB
donnie	186	OTHER
pavillon	186	OTHER
she	186	OTHER
woo	186	OTHER
dévoué	186	OTHER
cafétéria	186	OTHER
globe	186	OTHER
pubs	186	OTHER
débuts	186	OTHER
lente	186	OTHER
arche	186	OTHER
émotionnel	186	ADJECTIVE
deja	186	OTHER
passionné	186	OTHER
remplit	186	OTHER
tricher	185	VERB
éclairer	185	VERB
déclarations	185	OTHER
raccourci	185	OTHER
chemises	185	OTHER
module	185	OTHER
fourchette	185	OTHER
aidait	185	OTHER
contrôles	185	OTHER
restiez	185	OTHER
mexicains	185	OTHER
jenkins	185	OTHER
clous	185	OTHER
tango	185	OTHER
contes	185	OTHER
douces	185	OTHER
consciente	185	OTHER
transition	185	NOUN,OTHER
ignorance	185	NOUN,OTHER
poisse	185	OTHER
avéré	185	OTHER
mangeait	185	OTHER
branches	185	OTHER
cogne	185	OTHER
irresponsable	185	ADJECTIVE
madrid	185	OTHER
ambitieux	185	ADJECTIVE
morsure	185	OTHER
ding	185	OTHER
sainteté	185	OTHER
pigeons	185	OTHER
creusé	185	OTHER
italienne	185	ADJECTIVE
sermon	185	OTHER
diplômes	185	OTHER
alaska	184	OTHER
trent	184	OTHER
grèce	184	OTHER
arriverez	184	OTHER
intéressantes	184	OTHER
yu	184	OTHER
fatigués	184	OTHER
révolutionnaire	184	OTHER
loue	184	OTHER
avertis	184	OTHER
parle-lui	184	OTHER
hospitalité	184	NOUN,OTHER
coût	184	OTHER
melinda	184	OTHER
faveurs	184	OTHER
références	184	OTHER
faucon	184	OTHER
detroit	184	OTHER
fibres	184	OTHER
normales	184	OTHER
poignarder	184	VERB
appuyé	184	OTHER
barrer	184	VERB
traditions	184	OTHER
rangé	184	OTHER
emmerdes	184	OTHER
utérus	184	OTHER
rails	184	OTHER
prévenez	184	OTHER
vexer	184	VERB
maitre	184	OTHER
propriétés	184	OTHER
chaudes	184	OTHER
croyable	184	ADJECTIVE
laissais	184	ADJECTIVE
voleuse	184	ADJECTIVE
cerf	184	OTHER
marion	184	OTHER
contrebande	184	OTHER
astronaute	184	OTHER
poussent	184	OTHER
parasite	184	OTHER
impose	184	OTHER
dôme	184	OTHER
sentirais	184	ADJECTIVE
paresseux	184	ADJECTIVE
enculés	184	OTHER
unir	184	VERB
garée	184	OTHER
prétendu	184	OTHER
mettais	184	VERB
pratt	184	OTHER
frérot	183	OTHER
classée	183	OTHER
pareilles	183	OTHER
vendait	183	OTHER
probleme	183	OTHER
identique	183	ADJECTIVE
tarés	183	OTHER
ignoré	183	OTHER
baskets	183	OTHER
prends-la	183	OTHER
flèches	183	OTHER
statistiques	183	OTHER
musical	183	ADJECTIVE
porte-bonheur	183	OTHER
consultation	183	NOUN,OTHER
invincible	183	ADJECTIVE
bouc	183	OTHER
greene	183	OTHER
freins	183	OTHER
limonade	183	OTHER
aire	183	OTHER
citation	183	NOUN,OTHER
darren	183	OTHER
suture	183	OTHER
perdra	183	OTHER
gênée	183	OTHER
mélanger	183	VERB
résumé	183	OTHER
thèse	183	OTHER
farine	183	OTHER
frankenstein	183	OTHER
enfonce	183	OTHER
absente	183	OTHER
wolf	183	OTHER
perle	182	OTHER
enseignement	182	NOUN,OTHER
magnétique	182	ADJECTIVE
chantes	182	OTHER
naïf	182	OTHER
bavarder	182	VERB
sorcellerie	182	OTHER
envoi	182	OTHER
absolu	182	OTHER
dansez	182	OTHER
assiettes	182	OTHER
hawaï	182	OTHER
intéressés	182	OTHER
notion	182	NOUN,OTHER
mannequins	182	OTHER
labyrinthe	182	OTHER
scout	182	OTHER
fouillez	182	OTHER
boivent	182	VERB
battez	182	OTHER
irm	182	OTHER
contourner	182	VERB
lecteur	182	OTHER
bâti	182	OTHER
coûtera	182	OTHER
kai	182	OTHER
retirez	182	OTHER
entrevue	182	OTHER
mourront	182	VERB
reviendrait	182	OTHER
appui	182	OTHER
boxeur	182	OTHER
reflet	181	OTHER
consentement	181	OTHER
promise	181	OTHER
falls	181	OTHER
vingtaine	181	ADJECTIVE
rabbin	181	OTHER
bio	181	OTHER
dément	181	OTHER
découper	181	VERB
permanent	181	OTHER
terrestre	181	OTHER
criant	181	OTHER
lucifer	181	VERB
phare	181	OTHER
habituée	181	OTHER
candidature	181	OTHER
onu	181	OTHER
bloquée	181	OTHER
principaux	181	ADJECTIVE
voulant	181	VERB
financiers	181	OTHER
moe	181	OTHER
généraux	181	ADJECTIVE
etje	181	OTHER
ra	181	OTHER
mollo	181	OTHER
léon	181	OTHER
homard	181	OTHER
terminale	181	ADJECTIVE
supposés	181	OTHER
évanouie	181	OTHER
hopital	181	ADJECTIVE
toubib	181	OTHER
baguette	181	OTHER
initiales	181	OTHER
lilly	181	OTHER
trésors	181	OTHER
poney	181	OTHER
concerts	181	OTHER
bien-aimée	181	OTHER
malchance	180	NOUN,OTHER
négro	180	OTHER
jeannie	180	OTHER
confiant	180	OTHER
ampoule	180	OTHER
drague	180	OTHER
éteignez	180	OTHER
neill	180	OTHER
parachute	180	OTHER
cafés	180	OTHER
psychologue	180	OTHER
rafraîchir	180	VERB
prétentieux	180	ADJECTIVE
wu	180	OTHER
stups	180	OTHER
armstrong	180	OTHER
gardée	180	OTHER
obligatoire	180	OTHER
persuader	180	VERB
grade	180	OTHER
réactions	180	OTHER
effondre	180	OTHER
punie	180	OTHER
buté	180	OTHER
enregistrée	180	OTHER
gorille	180	OTHER
bourreau	180	OTHER
atteinte	180	OTHER
sas	180	OTHER
neutre	179	OTHER
septième	179	OTHER
sifflet	179	OTHER
abandon	179	OTHER
défend	179	OTHER
déguisement	179	OTHER
hammond	179	OTHER
uh-huh	179	OTHER
north	179	OTHER
edwards	179	OTHER
walsh	179	OTHER
cinglés	179	OTHER
dormant	179	VERB
cadet	179	OTHER
roosevelt	179	OTHER
coffre-fort	179	OTHER
experte	179	OTHER
doublé	179	OTHER
approbation	179	NOUN,OTHER
preston	179	OTHER
google	179	OTHER
mystères	179	OTHER
contrôlé	179	OTHER
cocktails	179	OTHER
michigan	179	OTHER
sloan	179	OTHER
félicite	179	OTHER
présidence	179	NOUN,OTHER
prévenus	179	OTHER
nègres	179	OTHER
people	179	OTHER
holden	179	OTHER
détonateur	179	OTHER
veau	179	OTHER
châtiment	179	OTHER
arriveront	179	OTHER
bad	179	OTHER
détruits	178	OTHER
voyageur	178	OTHER
resteras	178	OTHER
promu	178	OTHER
publics	178	OTHER
adolescent	178	OTHER
étendue	178	OTHER
évanouir	178	VERB
apprête	178	OTHER
punis	178	OTHER
coutume	178	OTHER
obstacles	178	OTHER
pressés	178	OTHER
impressionnée	178	OTHER
capote	178	OTHER
porterai	178	OTHER
polonais	178	ADJECTIVE
cruauté	178	OTHER
arguments	178	OTHER
conduits	178	OTHER
banal	178	ADJECTIVE
appellerais	178	ADJECTIVE
creux	178	ADJECTIVE
morveux	178	ADJECTIVE
envoye	178	OTHER
sieur	178	OTHER
pamela	178	OTHER
mélodie	178	OTHER
négociation	178	NOUN,OTHER
egypte	178	OTHER
consultant	178	OTHER
surf	178	OTHER
wagon	177	OTHER
imprévisible	177	ADJECTIVE
embarqué	177	OTHER
montana	177	OTHER
assieds	177	OTHER
ketchup	177	OTHER
comprennes	177	OTHER
iv	177	OTHER
vétérinaire	177	OTHER
ramon	177	OTHER
probation	177	NOUN,OTHER
cheveu	177	OTHER
fréquenter	177	VERB
coudes	177	OTHER
plaisirs	177	OTHER
légendaire	177	OTHER
ceux-ci	177	OTHER
franco	177	OTHER
gènes	177	OTHER
correcte	177	OTHER
tartes	177	OTHER
déprimant	177	OTHER
revenant	177	OTHER
marta	177	OTHER
traitez	177	OTHER
gardner	177	VERB
fermées	177	OTHER
dewey	177	OTHER
warner	177	VERB
correspondant	177	OTHER
immobile	177	OTHER
arrêtais	177	ADJECTIVE
critiquer	177	VERB
live	177	ADJECTIVE
interdiction	177	NOUN,OTHER
rentrais	177	ADJECTIVE
coéquipier	177	VERB
elderman	177	OTHER
combattants	177	OTHER
douté	177	OTHER
vermine	177	OTHER
ôter	177	VERB
orphelins	176	OTHER
ennemie	176	OTHER
pissé	176	OTHER
romans	176	OTHER
médocs	176	OTHER
privées	176	OTHER
abandonnés	176	OTHER
tuées	176	OTHER
mécanisme	176	NOUN,OTHER
reprenons	176	OTHER
martiale	176	ADJECTIVE
fondé	176	OTHER
retournerai	176	OTHER
darryl	176	OTHER
julien	176	ADJECTIVE
dirigeant	176	OTHER
antibiotiques	176	OTHER
sandwiches	176	OTHER
construite	176	OTHER
batteur	176	OTHER
rigolez	176	OTHER
universitaire	176	OTHER
paru	176	OTHER
mers	176	OTHER
marchant	176	OTHER
palm	176	OTHER
clayton	176	OTHER
visité	176	NOUN,OTHER
ronald	176	OTHER
enthousiaste	176	OTHER
financer	176	VERB
jouera	176	OTHER
sandwichs	176	OTHER
bâtards	176	OTHER
devint	176	OTHER
encourage	175	OTHER
over	175	VERB
blond	175	OTHER
sécurisée	175	OTHER
reproduira	175	OTHER
masculin	175	OTHER
insensible	175	ADJECTIVE
ty	175	OTHER
isoler	175	VERB
bree	175	OTHER
laine	175	ADJECTIVE
analysé	175	OTHER
seigneurs	175	OTHER
exagères	175	OTHER
trouverait	175	OTHER
tanya	175	OTHER
entrons	175	OTHER
anita	175	OTHER
sourde	175	OTHER
réussis	175	OTHER
tombera	175	OTHER
équipier	175	VERB
transaction	175	NOUN,OTHER
gratuits	175	OTHER
mindy	175	OTHER
stellaire	175	OTHER
suspension	175	NOUN,OTHER
détour	175	OTHER
opère	175	OTHER
entendra	175	OTHER
manifestation	175	NOUN,OTHER
saurons	175	VERB
champions	175	OTHER
épousée	175	OTHER
palace	175	OTHER
diriez	175	VERB
spectaculaire	175	OTHER
céleste	174	OTHER
infirmier	174	VERB
saignement	174	OTHER
bien-aimé	174	OTHER
accomplie	174	OTHER
réclamer	174	VERB
pieu	174	OTHER
schéma	174	OTHER
traduire	174	VERB
opposer	174	VERB
indigne	174	OTHER
lorelai	174	OTHER
tapette	174	OTHER
accusés	174	OTHER
fuck	174	OTHER
amenés	174	OTHER
inoffensif	174	ADJECTIVE
élan	174	OTHER
effondrer	174	VERB
rousse	174	OTHER
manches	174	OTHER
tentation	174	NOUN,OTHER
fatal	174	ADJECTIVE
seize	174	OTHER
visez	174	OTHER
pédale	174	ADJECTIVE
recommencé	174	OTHER
gratte	174	OTHER
hamburgers	174	OTHER
profits	174	OTHER
zoey	174	OTHER
devon	174	OTHER
inculper	174	VERB
mouchard	173	OTHER
nikita	173	OTHER
prostitution	173	NOUN,OTHER
strictement	173	OTHER
stephanie	173	OTHER
dark	173	OTHER
prédit	173	OTHER
humiliant	173	OTHER
gène	173	OTHER
jacuzzi	173	OTHER
impeccable	173	ADJECTIVE
rejette	173	OTHER
préfèrent	173	OTHER
lila	173	OTHER
rangers	173	OTHER
cerise	173	OTHER
cha	173	OTHER
orphelin	173	OTHER
entrepreneur	173	OTHER
interprète	173	OTHER
pakistan	173	OTHER
athlète	173	OTHER
relier	173	VERB
occupation	173	NOUN,OTHER
panneaux	173	ADJECTIVE
indépendante	173	OTHER
industries	173	OTHER
crabe	173	OTHER
ridicules	173	OTHER
short	173	OTHER
sugar	173	OTHER
vitamines	173	OTHER
pennsylvanie	173	OTHER
henderson	173	OTHER
précautions	173	OTHER
renvoyée	173	OTHER
choses-là	173	OTHER
lie	173	OTHER
caoutchouc	173	OTHER
injustice	172	OTHER
indiana	172	OTHER
ezra	172	OTHER
jérusalem	172	OTHER
lueur	172	OTHER
étonnes	172	OTHER
stagiaire	172	OTHER
triangle	172	OTHER
orientation	172	NOUN,OTHER
peintures	172	OTHER
canards	172	OTHER
raconterai	172	OTHER
placés	172	OTHER
remuer	172	VERB
stephens	172	OTHER
épisodes	172	OTHER
apprécierais	172	ADJECTIVE
provisoire	172	OTHER
conduisez	172	OTHER
couchée	172	OTHER
retarder	172	VERB
general	172	ADJECTIVE
maintient	172	OTHER
pauline	172	OTHER
dénoncé	172	OTHER
immortel	172	ADJECTIVE
déroule	172	OTHER
elsa	172	OTHER
dangereuses	172	OTHER
accords	172	OTHER
frotter	172	VERB
gerald	172	OTHER
résolution	172	NOUN,OTHER
affiches	172	OTHER
abe	172	OTHER
institution	172	NOUN,OTHER
fatale	171	ADJECTIVE
détacher	171	VERB
baises	171	OTHER
rive	171	ADJECTIVE
montrera	171	OTHER
duo	171	OTHER
mauviette	171	OTHER
sterling	171	OTHER
prendrons	171	VERB
compréhensible	171	ADJECTIVE
auteurs	171	OTHER
sierra	171	OTHER
prétendant	171	OTHER
hayley	171	OTHER
pêcheur	171	OTHER
malaise	171	ADJECTIVE
cavale	171	ADJECTIVE
georgie	171	OTHER
participation	171	NOUN,OTHER
géniaux	171	ADJECTIVE
gratter	171	VERB
saisie	171	OTHER
pologne	171	OTHER
moines	171	OTHER
nécessairement	171	OTHER
touchés	171	OTHER
garde-le	171	OTHER
creek	171	OTHER
talentueux	171	ADJECTIVE
louie	171	OTHER
collaboration	171	NOUN,OTHER
origines	171	OTHER
satané	171	OTHER
lourds	171	OTHER
cafard	171	OTHER
géants	171	OTHER
exagère	171	OTHER
parlement	170	OTHER
comprendrez	170	OTHER
bougent	170	OTHER
pots	170	OTHER
envisage	170	OTHER
croie	170	VERB
amusante	170	OTHER
nash	170	OTHER
conserve	170	OTHER
méprise	170	OTHER
plasma	170	OTHER
récit	170	OTHER
déplacement	170	OTHER
ivresse	170	OTHER
réserver	170	VERB
tribus	170	OTHER
obscur	170	OTHER
cultures	170	OTHER
voudrions	170	VERB
elisabeth	170	OTHER
jarod	170	OTHER
vitrine	170	OTHER
tomate	170	OTHER
donnons	170	OTHER
cassidy	170	OTHER
rebours	170	OTHER
payait	170	OTHER
bruyant	170	OTHER
pourris	170	OTHER
bouffon	170	OTHER
affamés	170	OTHER
wheeler	170	VERB
hui	170	OTHER
nocturne	170	OTHER
protégez	170	OTHER
trembler	170	VERB
relaxe	169	OTHER
courtney	169	OTHER
affirmer	169	VERB
complications	169	OTHER
paranoïaque	169	OTHER
franz	169	OTHER
nécessité	169	NOUN,OTHER
carottes	169	OTHER
habitez	169	OTHER
navigation	169	NOUN,OTHER
seringue	169	OTHER
épargné	169	OTHER
manquera	169	OTHER
fermiers	169	OTHER
cho	169	OTHER
tirés	169	OTHER
biologie	169	OTHER
gagnants	169	OTHER
millionnaire	169	OTHER
iran	169	OTHER
patate	169	OTHER
décidez	169	OTHER
edie	169	OTHER
tessa	169	OTHER
gêner	169	VERB
trompés	169	OTHER
intéressants	169	OTHER
dortoir	169	VERB
marketing	169	OTHER
roberto	169	OTHER
enterre	169	OTHER
protégés	169	OTHER
émeute	169	OTHER
pros	169	OTHER
gueules	169	OTHER
box	169	OTHER
acceptera	169	OTHER
souffrent	169	OTHER
apprendrai	168	OTHER
volcan	168	OTHER
mentait	168	OTHER
tireurs	168	OTHER
sélection	168	NOUN,OTHER
poussin	168	OTHER
marissa	168	OTHER
préoccupé	168	OTHER
squelette	168	OTHER
profondes	168	OTHER
rouleau	168	OTHER
ducon	168	OTHER
achats	168	OTHER
faith	168	OTHER
détecté	168	OTHER
menteurs	168	OTHER
brique	168	ADJECTIVE
recommandation	168	NOUN,OTHER
dope	168	OTHER
inclus	168	OTHER
délires	168	OTHER
acceptée	168	OTHER
vieillir	168	VERB
secrètement	168	OTHER
clarence	168	NOUN,OTHER
shelly	168	OTHER
usines	168	OTHER
malle	168	OTHER
peluche	168	OTHER
employeur	168	OTHER
pouvant	168	VERB
recherchent	168	OTHER
différences	168	OTHER
suivra	168	VERB
kramer	168	VERB
vance	168	NOUN,OTHER
martiaux	168	ADJECTIVE
transcript	168	OTHER
désaccord	168	OTHER
bronze	168	OTHER
interprétation	168	NOUN,OTHER
montre-lui	167	OTHER
écrivait	167	VERB
crichton	167	OTHER
évêque	167	OTHER
écoulé	167	OTHER
visé	167	OTHER
bâtons	167	OTHER
quitterai	167	OTHER
bananes	167	OTHER
chimio	167	OTHER
hanche	167	OTHER
consacrer	167	VERB
andouille	167	OTHER
intact	167	OTHER
grands-parents	167	OTHER
centres	167	OTHER
parceque	167	OTHER
finirai	167	OTHER
chocolats	167	OTHER
contactez	167	OTHER
procédé	167	OTHER
divers	167	OTHER
agité	167	NOUN,OTHER
tournait	167	OTHER
lancée	167	OTHER
gaspiller	167	VERB
exprime	167	OTHER
abdomen	167	OTHER
montent	167	OTHER
traitent	167	OTHER
souhaites	167	OTHER
noyau	167	OTHER
anneaux	167	ADJECTIVE
déshabiller	167	VERB
admirable	167	ADJECTIVE
révolte	166	OTHER
pleinement	166	OTHER
couvre-feu	166	OTHER
finissez	166	OTHER
vendus	166	OTHER
parcourir	166	VERB
examine	166	OTHER
célébrités	166	OTHER
couloirs	166	OTHER
dalton	166	OTHER
villages	166	OTHER
annonces	166	OTHER
électeurs	166	OTHER
hale	166	ADJECTIVE
effondré	166	OTHER
paralysé	166	OTHER
caleçon	166	OTHER
traités	166	OTHER
représentent	166	OTHER
kilo	166	OTHER
resterez	166	OTHER
taxes	166	OTHER
klaxon	166	OTHER
opératoire	166	OTHER
trousses	166	OTHER
solde	166	OTHER
séries	166	OTHER
touchent	166	OTHER
punch	166	OTHER
avortement	166	OTHER
chip	166	OTHER
dani	166	OTHER
sinclair	166	VERB
acceptable	166	ADJECTIVE
amsterdam	166	OTHER
satellites	166	OTHER
faculté	166	OTHER
ragots	166	OTHER
pôle	165	OTHER
expulser	165	VERB
sceau	165	OTHER
battant	165	OTHER
réseaux	165	ADJECTIVE
voyageurs	165	OTHER
ignoble	165	OTHER
offerte	165	OTHER
délibérément	165	OTHER
pop-corn	165	OTHER
croyances	165	OTHER
flatté	165	OTHER
game	165	OTHER
amer	165	VERB
insulté	165	OTHER
worf	165	OTHER
finance	165	NOUN,OTHER
adolescents	165	OTHER
paré	165	OTHER
clientèle	165	OTHER
tracé	165	OTHER
marrante	165	OTHER
transports	165	OTHER
talon	165	OTHER
voyiez	165	VERB
bouchon	165	OTHER
off	165	OTHER
influencer	165	VERB
locales	165	OTHER
coréen	165	OTHER
symboles	165	OTHER
survivra	165	OTHER
registres	165	OTHER
wc	165	OTHER
attentes	165	OTHER
affecter	165	VERB
fournisseur	165	OTHER
theo	165	OTHER
convaincant	165	OTHER
remercions	165	OTHER
traitements	165	OTHER
rajouter	165	VERB
lourdes	165	OTHER
activer	165	VERB
néant	165	OTHER
souvenu	164	OTHER
complétement	164	OTHER
spectateurs	164	OTHER
condamne	164	OTHER
abeille	164	OTHER
embarras	164	OTHER
prisons	164	OTHER
pratiques	164	OTHER
mara	164	OTHER
nevada	164	OTHER
lézard	164	OTHER
wright	164	OTHER
poivre	164	OTHER
infiltrer	164	VERB
lèche	164	OTHER
voiles	164	OTHER
hautes	164	OTHER
tombez	164	OTHER
cest	164	OTHER
déjeune	164	OTHER
criez	164	OTHER
santiago	164	OTHER
déclenche	164	OTHER
négative	164	ADJECTIVE
mourrais	164	VERB
classé	164	OTHER
stéroïdes	164	OTHER
immédiate	164	OTHER
agences	164	OTHER
emparer	164	VERB
lopez	164	OTHER
faites-les	164	OTHER
concurrents	164	OTHER
ennuyeuse	163	ADJECTIVE
lointain	163	ADJECTIVE
massive	163	ADJECTIVE
louper	163	VERB
risquent	163	OTHER
repoussé	163	OTHER
criait	163	OTHER
forcés	163	OTHER
répondent	163	OTHER
kidnapper	163	VERB
bryan	163	OTHER
envahi	163	OTHER
dominer	163	VERB
serve	163	OTHER
anxiété	163	OTHER
sex	163	OTHER
flirter	163	VERB
encontre	163	OTHER
achètent	163	OTHER
oswald	163	OTHER
armement	163	NOUN,OTHER
regarde-la	163	OTHER
gonflé	163	OTHER
enquêteur	163	OTHER
ling	163	OTHER
trompait	163	OTHER
connecter	163	VERB
secoué	163	OTHER
patterson	163	OTHER
mccoy	163	OTHER
maureen	163	OTHER
orgasme	163	OTHER
russ	163	OTHER
kung-fu	163	OTHER
tirera	163	OTHER
transformation	163	NOUN,OTHER
décoration	163	NOUN,OTHER
dévoiler	163	VERB
teste	163	OTHER
town	163	OTHER
vip	163	OTHER
tornade	162	OTHER
etant	162	OTHER
lisais	162	VERB
sains	162	OTHER
congés	162	OTHER
karaté	162	OTHER
frost	162	OTHER
regretteras	162	OTHER
state	162	OTHER
légendes	162	OTHER
chopé	162	OTHER
camper	162	VERB
autobus	162	OTHER
considération	162	NOUN,OTHER
sexualité	162	NOUN,OTHER
retardé	162	OTHER
rébellion	162	OTHER
blouse	162	OTHER
serviteurs	162	OTHER
orteil	162	OTHER
jettes	162	OTHER
piégés	162	OTHER
fossé	162	OTHER
opéré	162	OTHER
régulier	162	VERB
incapables	162	OTHER
hystérique	162	ADJECTIVE
comparaison	162	OTHER
sabrina	162	OTHER
bi	162	OTHER
ji	162	OTHER
évolué	162	OTHER
circuits	162	OTHER
sky	162	OTHER
oppose	162	OTHER
posté	162	OTHER
ragoût	162	OTHER
sentimental	162	ADJECTIVE
paumé	162	OTHER
téléportation	161	NOUN,OTHER
terminal	161	ADJECTIVE
paysan	161	OTHER
juliet	161	OTHER
romance	161	NOUN,OTHER
lorenzo	161	OTHER
coulisses	161	OTHER
coupés	161	OTHER
culottes	161	OTHER
dizaine	161	ADJECTIVE
débuté	161	OTHER
aiden	161	OTHER
terrifiée	161	OTHER
katrina	161	OTHER
faciliter	161	VERB
renforcer	161	VERB
prévoit	161	OTHER
omelette	161	OTHER
priorités	161	OTHER
fran	161	OTHER
imiter	161	VERB
convoqué	161	OTHER
stanford	161	OTHER
déjeuné	161	OTHER
envahir	161	VERB
marathon	161	OTHER
cahier	161	OTHER
baleines	161	OTHER
messire	161	OTHER
éclats	161	OTHER
brillants	161	OTHER
support	161	OTHER
présentée	161	OTHER
toutou	161	OTHER
twitter	161	VERB
florrick	161	OTHER
poignard	161	OTHER
paires	161	OTHER
agitation	161	NOUN,OTHER
réparations	161	OTHER
vitres	161	OTHER
bousillé	161	OTHER
dangers	161	OTHER
impuissant	161	OTHER
escalade	161	OTHER
sans-abri	161	OTHER
classiques	161	OTHER
promène	161	OTHER
constante	161	OTHER
arc-en-ciel	161	ADJECTIVE
mineure	161	OTHER
dirigeait	161	OTHER
jonah	161	OTHER
quittés	161	OTHER
auxquelles	161	OTHER
juridiction	160	NOUN,OTHER
engagés	160	OTHER
cary	160	OTHER
implication	160	NOUN,OTHER
virginité	160	NOUN,OTHER
golden	160	OTHER
compagne	160	OTHER
tenues	160	OTHER
séché	160	OTHER
nixon	160	OTHER
bute	160	OTHER
cherchaient	160	OTHER
étagère	160	OTHER
gun	160	OTHER
tiffany	160	OTHER
assume	160	OTHER
hassan	160	OTHER
pc	160	OTHER
ohé	160	OTHER
geoffrey	160	OTHER
luc	160	OTHER
crêpes	160	OTHER
poteau	160	OTHER
agissez	160	OTHER
projection	160	NOUN,OTHER
benson	160	OTHER
la-bas	160	OTHER
concerné	160	OTHER
étincelle	160	ADJECTIVE
annulée	160	OTHER
fantasmes	160	OTHER
supporté	160	OTHER
cherchée	160	OTHER
bunny	160	OTHER
smoking	160	OTHER
signifiait	160	OTHER
blocs	160	OTHER
réservée	160	OTHER
embrasses	159	OTHER
cowboy	159	OTHER
pick-up	159	OTHER
médicales	159	OTHER
scorpion	159	OTHER
treize	159	OTHER
grandis	159	OTHER
mêlée	159	OTHER
procédures	159	OTHER
volait	159	OTHER
tuteur	159	OTHER
apportera	159	OTHER
courts	159	OTHER
compteur	159	OTHER
verse	159	OTHER
gorgée	159	OTHER
gel	159	OTHER
penserai	159	OTHER
lise	159	VERB
delà	159	OTHER
brent	159	OTHER
amusée	159	OTHER
fritz	159	OTHER
notez	159	OTHER
melanie	159	OTHER
extinction	159	NOUN,OTHER
atlantic	159	OTHER
annuaire	159	OTHER
ghetto	159	OTHER
edith	159	OTHER
soulagée	159	OTHER
exil	159	OTHER
silencieuse	159	ADJECTIVE
rompez	159	OTHER
parasites	159	OTHER
purement	159	OTHER
vitaux	159	ADJECTIVE
sensibilité	159	NOUN,OTHER
lampes	159	OTHER
compromettre	159	OTHER
pirater	159	VERB
tribord	158	OTHER
ascension	158	NOUN,OTHER
axe	158	OTHER
faites-la	158	OTHER
pensera	158	OTHER
drive	158	ADJECTIVE
jude	158	OTHER
ariel	158	ADJECTIVE
débordé	158	OTHER
vanille	158	OTHER
croirais	158	VERB
andre	158	OTHER
roll	158	OTHER
lumineux	158	ADJECTIVE
chester	158	VERB
attendaient	158	OTHER
chères	158	OTHER
animé	158	OTHER
boulettes	158	OTHER
jeans	158	OTHER
ressentais	158	ADJECTIVE
julio	158	OTHER
lances	158	OTHER
infraction	158	NOUN,OTHER
rupert	158	OTHER
minables	158	OTHER
majordome	158	OTHER
réconforter	158	VERB
condamnée	158	OTHER
moniteur	158	OTHER
vocation	158	NOUN,OTHER
gigantesque	158	OTHER
banquet	158	OTHER
mallory	158	OTHER
payent	158	OTHER
allusion	158	NOUN,OTHER
retenez	158	OTHER
défie	158	OTHER
brothers	158	OTHER
sortez-le	157	OTHER
chantant	157	OTHER
audacieux	157	ADJECTIVE
arrestations	157	OTHER
marrer	157	VERB
reviennes	157	OTHER
retrouvent	157	OTHER
reparle	157	OTHER
madeleine	157	OTHER
composition	157	NOUN,OTHER
voles	157	OTHER
retrouvez	157	OTHER
inculpé	157	OTHER
singh	157	OTHER
recherchons	157	OTHER
araignées	157	OTHER
tord	157	OTHER
maintenez	157	OTHER
barque	157	OTHER
heure-ci	157	OTHER
ignorant	157	OTHER
ziva	157	OTHER
trouviez	157	OTHER
ming	157	OTHER
assoir	157	VERB
picard	157	OTHER
ouvrira	157	VERB
divertissement	157	OTHER
obama	157	OTHER
temps-là	157	OTHER
hold-up	157	OTHER
suicidée	157	OTHER
excusé	157	OTHER
impitoyable	157	ADJECTIVE
payes	157	OTHER
songe	157	OTHER
amours	157	OTHER
chants	157	OTHER
fabriques	157	OTHER
casses	157	OTHER
georgia	157	OTHER
réviser	157	VERB
extraction	157	NOUN,OTHER
autoriser	157	VERB
empoisonner	157	VERB
fax	157	OTHER
étroit	157	OTHER
modernes	156	OTHER
comptant	156	OTHER
polo	156	OTHER
phillips	156	OTHER
wanda	156	OTHER
mourante	156	OTHER
pinces	156	OTHER
tank	156	OTHER
motifs	156	OTHER
ostie	156	OTHER
techniciens	156	OTHER
amusés	156	OTHER
diplomatique	156	ADJECTIVE
tétons	156	OTHER
sauvera	156	OTHER
equipe	156	OTHER
planifier	156	VERB
fameuse	156	ADJECTIVE
iui	156	OTHER
disparaisse	156	OTHER
offensé	156	OTHER
suédois	156	ADJECTIVE
vaurien	156	ADJECTIVE
conseillère	156	OTHER
fabrication	156	NOUN,OTHER
darcy	156	OTHER
seuil	156	OTHER
fournit	156	OTHER
entretiens	156	OTHER
rap	156	OTHER
gangsters	156	OTHER
assurée	156	OTHER
poursuivez	156	OTHER
envoyait	156	OTHER
cyril	156	OTHER
vertige	156	OTHER
robinet	156	OTHER
postale	156	ADJECTIVE
confuse	156	OTHER
christy	156	OTHER
trappe	156	OTHER
précises	156	OTHER
batteries	156	OTHER
poursuis	156	OTHER
aw	156	OTHER
marionnette	156	OTHER
frein	156	OTHER
tentez	155	OTHER
comprenons	155	OTHER
détecte	155	OTHER
résidents	155	OTHER
remontez	155	OTHER
hésiter	155	VERB
parlerais	155	ADJECTIVE
débattre	155	OTHER
justes	155	OTHER
console	155	OTHER
coureur	155	OTHER
consommation	155	NOUN,OTHER
textos	155	OTHER
adolescente	155	OTHER
conflits	155	OTHER
autorisés	155	OTHER
pansement	155	OTHER
préciser	155	VERB
mississippi	155	OTHER
fractures	155	OTHER
remerciez	155	OTHER
descendant	155	OTHER
chet	155	OTHER
allumez	155	OTHER
sookie	155	OTHER
inconsciente	155	OTHER
baptême	155	OTHER
norma	155	OTHER
trey	155	OTHER
milles	155	OTHER
pleurez	155	OTHER
communs	155	OTHER
disciples	155	OTHER
baigne	155	OTHER
graal	155	ADJECTIVE
veillerai	155	OTHER
libérés	155	OTHER
sincères	154	OTHER
passe-temps	154	OTHER
oie	154	OTHER
évitez	154	OTHER
comprenait	154	OTHER
clos	154	OTHER
nathalie	154	OTHER
peg	154	OTHER
adorables	154	OTHER
survit	154	OTHER
défiler	154	VERB
grecs	154	OTHER
gretchen	154	OTHER
souhaiterais	154	ADJECTIVE
sheriff	154	OTHER
obsédée	154	OTHER
effectué	154	OTHER
manuscrit	154	OTHER
répondrai	154	OTHER
mangeant	154	OTHER
éléphants	154	OTHER
planches	154	OTHER
cadillac	154	OTHER
chauve-souris	154	OTHER
tambour	154	OTHER
fonctionnaire	154	OTHER
kerry	154	OTHER
accessoires	154	OTHER
fessée	154	OTHER
cornes	154	OTHER
mentalement	154	OTHER
sautez	154	OTHER
posent	154	OTHER
bender	154	VERB
tombeau	154	OTHER
interpol	154	OTHER
exploitation	154	NOUN,OTHER
t-shirts	154	OTHER
attirée	154	OTHER
prototype	154	OTHER
infidèle	154	OTHER
préférence	154	NOUN,OTHER
guérie	154	OTHER
petite-amie	154	OTHER
préparée	154	OTHER
ruisseau	154	OTHER
réjouis	154	OTHER
plaies	154	OTHER
numérique	154	ADJECTIVE
cass	154	OTHER
filtre	154	OTHER
écrirai	154	VERB
travailleur	154	OTHER
ramènerai	154	OTHER
capte	154	OTHER
chancelier	154	VERB
springs	154	OTHER
fabuleuse	154	ADJECTIVE
patrouilles	154	OTHER
mangera	154	OTHER
brouhaha	153	OTHER
chrétienne	153	ADJECTIVE
costa	153	OTHER
cuisse	153	OTHER
bull	153	OTHER
naples	153	OTHER
levier	153	VERB
dévorer	153	VERB
galère	153	OTHER
souliers	153	OTHER
primes	153	OTHER
efficacité	153	NOUN,OTHER
quittera	153	OTHER
connecticut	153	OTHER
hôtes	153	OTHER
jamal	153	ADJECTIVE
réuni	153	OTHER
éclaircir	153	VERB
cassés	153	OTHER
homosexuel	153	ADJECTIVE
recettes	153	OTHER
ginger	153	VERB
santos	153	OTHER
sing	153	OTHER
retrouves	153	OTHER
callen	153	OTHER
luthor	153	OTHER
avant-hier	153	VERB
effectuer	153	VERB
infarctus	153	OTHER
crucial	153	ADJECTIVE
cynique	153	ADJECTIVE
raid	153	OTHER
devenues	153	OTHER
pin	153	OTHER
langley	153	OTHER
expliquez	153	OTHER
clope	152	OTHER
loto	152	OTHER
écurie	152	OTHER
sanders	152	OTHER
faiblesses	152	OTHER
égratignure	152	OTHER
défonce	152	OTHER
fondateur	152	OTHER
ancre	152	OTHER
planqué	152	OTHER
riez	152	OTHER
vital	152	ADJECTIVE
resterais	152	ADJECTIVE
spectre	152	OTHER
séduisante	152	OTHER
surveillent	152	OTHER
jj	152	OTHER
éclairage	152	OTHER
intensifs	152	OTHER
marbre	152	OTHER
lésions	152	OTHER
préférées	152	OTHER
embarquement	152	OTHER
ringard	152	OTHER
trimestre	152	OTHER
tenons	152	VERB
régner	152	VERB
odieux	152	ADJECTIVE
entente	152	OTHER
détourné	152	OTHER
willow	152	OTHER
élimine	152	OTHER
kelso	152	OTHER
montrant	152	OTHER
pair	152	VERB
introuvable	152	ADJECTIVE
doubles	152	OTHER
phyllis	152	OTHER
réalisation	152	NOUN,OTHER
records	152	OTHER
suède	151	OTHER
négatifs	151	OTHER
appelle-le	151	OTHER
cailloux	151	OTHER
apporterai	151	OTHER
neutraliser	151	VERB
moyen-orient	151	OTHER
corbeau	151	OTHER
ferry	151	OTHER
haven	151	OTHER
viendrez	151	VERB
silas	151	OTHER
restais	151	ADJECTIVE
préférais	151	ADJECTIVE
trac	151	OTHER
féroce	151	OTHER
kidnappée	151	OTHER
justifie	151	OTHER
hara	151	OTHER
trafiquant	151	OTHER
bites	151	OTHER
penche	151	OTHER
adversaires	151	OTHER
queje	151	OTHER
atlantis	151	OTHER
fraises	151	OTHER
diaz	151	OTHER
put	151	VERB
deeks	151	OTHER
aveu	151	OTHER
brûlés	151	OTHER
querelle	151	ADJECTIVE
engueuler	151	VERB
oxford	151	OTHER
tarée	151	OTHER
trahie	151	OTHER
utilisons	151	OTHER
enterrés	151	OTHER
bea	151	OTHER
amusez	151	OTHER
agnes	151	OTHER
papillons	151	OTHER
coquille	151	OTHER
suffisante	151	OTHER
cricket	151	OTHER
cuisines	151	OTHER
spirituelle	151	ADJECTIVE
habile	151	OTHER
souffrait	151	OTHER
rafael	151	ADJECTIVE
malone	151	OTHER
rient	151	OTHER
technicien	151	ADJECTIVE
exceptionnelle	151	ADJECTIVE
temporelle	150	ADJECTIVE
beck	150	OTHER
cavaliers	150	OTHER
envisagé	150	OTHER
émetteur	150	OTHER
global	150	ADJECTIVE
traits	150	OTHER
primo	150	OTHER
emprise	150	OTHER
pudding	150	OTHER
pourcentage	150	OTHER
dominic	150	OTHER
bleues	150	OTHER
turc	150	OTHER
mc	150	OTHER
voudrai	150	VERB
caillou	150	OTHER
négligence	150	NOUN,OTHER
aquarium	150	OTHER
collectif	150	ADJECTIVE
décennies	150	OTHER
maximale	150	ADJECTIVE
habitue	150	OTHER
organe	150	OTHER
éprouve	150	OTHER
nickel	150	ADJECTIVE
entrailles	150	OTHER
reprise	150	OTHER
pistolets	150	OTHER
jetés	150	OTHER
rangée	150	OTHER
theresa	150	OTHER
lasse	150	OTHER
fourré	150	OTHER
well	150	OTHER
ur	150	OTHER
beatles	150	OTHER
suffi	150	OTHER
roux	150	OTHER
billie	150	OTHER
craignent	150	OTHER
expo	150	OTHER
simulation	150	NOUN,OTHER
suicidaire	150	OTHER
câlins	150	OTHER
connaissant	150	VERB
découvertes	150	OTHER
ritchie	150	OTHER
cédé	150	OTHER
quasi	150	OTHER
vierges	150	OTHER
turk	150	OTHER
politesse	150	OTHER
aliments	150	OTHER
aviation	150	NOUN,OTHER
emprunte	150	OTHER
cale	150	ADJECTIVE
troublé	149	OTHER
aidais	149	ADJECTIVE
vivrai	149	VERB
fautes	149	OTHER
bryce	149	OTHER
fragments	149	OTHER
étang	149	OTHER
peloton	149	OTHER
hastings	149	OTHER
mexicaine	149	ADJECTIVE
hautement	149	OTHER
garanti	149	OTHER
amélioré	149	OTHER
fonder	149	VERB
anniversaires	149	OTHER
eddy	149	OTHER
contagieux	149	ADJECTIVE
résisté	149	OTHER
croyaient	149	VERB
cries	149	OTHER
futurs	149	OTHER
forment	149	OTHER
rejoignez	149	OTHER
distinguer	149	VERB
trancher	149	VERB
festin	149	OTHER
prue	149	OTHER
eun	149	OTHER
locataire	149	OTHER
dynamique	149	ADJECTIVE
entourage	149	OTHER
brancher	149	VERB
inquiétant	149	OTHER
regagner	149	VERB
maison-blanche	149	OTHER
cook	149	OTHER
flacon	149	OTHER
tardis	149	OTHER
érection	149	NOUN,OTHER
arriverais	149	ADJECTIVE
tyson	149	OTHER
otis	149	OTHER
habitent	149	OTHER
pittsburgh	149	OTHER
nico	149	OTHER
gaze	148	OTHER
sucré	148	OTHER
coquin	148	OTHER
crotte	148	OTHER
développe	148	OTHER
couture	148	OTHER
boulet	148	OTHER
cantine	148	OTHER
étrangement	148	OTHER
excellents	148	OTHER
quittent	148	OTHER
républicain	148	ADJECTIVE
jogging	148	OTHER
bronx	148	OTHER
chaleureux	148	ADJECTIVE
quatorze	148	OTHER
lindsey	148	OTHER
maintenance	148	NOUN,OTHER
email	148	OTHER
détermination	148	NOUN,OTHER
débutant	148	OTHER
résume	148	OTHER
égaux	148	ADJECTIVE
favorite	148	OTHER
prévois	148	ADJECTIVE
reparler	148	VERB
candy	148	OTHER
canot	148	OTHER
détruis	148	OTHER
apercevoir	148	VERB
darling	148	OTHER
shanghai	148	OTHER
bouclé	148	OTHER
opportunités	148	OTHER
réfléchit	148	OTHER
regarderai	148	OTHER
ceintures	148	OTHER
raisonner	148	VERB
gravé	148	OTHER
chiots	148	OTHER
illinois	148	ADJECTIVE
satisfaite	148	OTHER
moïse	148	OTHER
balistique	148	ADJECTIVE
audace	147	OTHER
finirait	147	OTHER
fais-la	147	OTHER
dolly	147	OTHER
rassure	147	OTHER
poignets	147	OTHER
il-te-plaît	147	OTHER
iii	147	OTHER
bénis	147	OTHER
ratée	147	OTHER
perquisition	147	NOUN,OTHER
columbia	147	OTHER
hacker	147	VERB
plâtre	147	OTHER
been	147	OTHER
reconnaissants	147	OTHER
évadé	147	OTHER
vargas	147	OTHER
ash	147	OTHER
coriace	147	OTHER
pet	147	OTHER
récolter	147	VERB
chutes	147	OTHER
passages	147	OTHER
arrogance	147	NOUN,OTHER
baratin	147	OTHER
two	147	OTHER
mature	147	OTHER
dubois	147	ADJECTIVE
étend	147	OTHER
complicité	147	NOUN,OTHER
punk	147	OTHER
osez	147	OTHER
autrui	147	OTHER
boulevard	147	OTHER
mutation	147	NOUN,OTHER
servirait	147	OTHER
soupçon	147	OTHER
inspecter	147	VERB
énerves	147	OTHER
séduit	147	OTHER
créatif	147	ADJECTIVE
esthétique	147	ADJECTIVE
durement	147	OTHER
considérez	147	OTHER
fraise	147	ADJECTIVE
reprendra	147	OTHER
cassées	147	OTHER
abel	147	ADJECTIVE
contrôleur	147	OTHER
mets-la	147	OTHER
sawyer	147	VERB
buster	147	VERB
incidents	147	OTHER
embrouille	147	OTHER
guérit	147	OTHER
entoure	147	OTHER
caitlin	147	OTHER
calculé	147	OTHER
tabassé	147	OTHER
menée	147	OTHER
mémoires	147	OTHER
renée	147	OTHER
frances	146	OTHER
présentés	146	OTHER
écoutera	146	OTHER
julius	146	OTHER
conseillers	146	OTHER
vénus	146	OTHER
sédatif	146	ADJECTIVE
lèvre	146	OTHER
renaissance	146	NOUN,OTHER
naviguer	146	VERB
opérateur	146	OTHER
envoyées	146	OTHER
âgées	146	OTHER
lyle	146	OTHER
involontaire	146	OTHER
about	146	OTHER
magnus	146	OTHER
emmenait	146	OTHER
tacos	146	OTHER
wraith	146	OTHER
doré	146	OTHER
chargeur	146	OTHER
policière	146	OTHER
shelley	146	OTHER
enquêteurs	146	OTHER
tarzan	146	OTHER
aiderais	146	ADJECTIVE
répétitions	146	OTHER
tendresse	146	OTHER
betsy	146	OTHER
mutuellement	146	OTHER
séoul	146	OTHER
incontrôlable	146	ADJECTIVE
drogués	146	OTHER
regretterez	146	OTHER
cachet	146	OTHER
appréciez	146	OTHER
timothy	146	OTHER
recruté	146	OTHER
trentaine	146	ADJECTIVE
appelaient	146	OTHER
wo	146	OTHER
adapté	146	OTHER
républicains	146	OTHER
jt	146	OTHER
manipulé	146	OTHER
tyran	146	OTHER
gagnante	146	OTHER
mécanicien	146	ADJECTIVE
homos	146	OTHER
cece	146	OTHER
grammes	146	OTHER
mâles	146	OTHER
nains	146	OTHER
boone	145	OTHER
agressée	145	OTHER
désigné	145	OTHER
toits	145	OTHER
heureuses	145	OTHER
oubliera	145	OTHER
ciment	145	OTHER
passions	145	OTHER
automobile	145	OTHER
aspirateur	145	OTHER
écroule	145	OTHER
coursier	145	VERB
souviendra	145	OTHER
saoule	145	OTHER
vernon	145	OTHER
chronique	145	ADJECTIVE
furax	145	OTHER
nicki	145	OTHER
attende	145	OTHER
laide	145	OTHER
dutch	145	OTHER
pion	145	OTHER
étendu	145	OTHER
emmènent	145	OTHER
intacte	145	OTHER
ja	145	OTHER
favoris	145	OTHER
représentants	145	OTHER
récents	145	OTHER
feel	145	ADJECTIVE
slogan	145	OTHER
benton	145	OTHER
difficilement	145	OTHER
refusait	145	OTHER
tasha	145	OTHER
ingrédients	145	OTHER
valérie	145	OTHER
mamans	145	OTHER
complique	145	ADJECTIVE
annulation	145	NOUN,OTHER
attendions	145	OTHER
gouvernante	145	OTHER
démarche	145	OTHER
contenait	145	OTHER
abandonnerai	145	OTHER
martinez	145	OTHER
sauriez	145	VERB
consacré	145	OTHER
gallagher	145	VERB
hausse	145	OTHER
circuler	145	VERB
harbor	145	OTHER
entourée	145	OTHER
bancaires	144	OTHER
coudre	144	VERB
hou	144	OTHER
réciproque	144	OTHER
protéines	144	OTHER
échappée	144	OTHER
apprécies	144	OTHER
enquêté	144	OTHER
rédacteur	144	OTHER
salades	144	OTHER
épées	144	OTHER
rappellera	144	OTHER
mae	144	OTHER
cède	144	OTHER
provenance	144	NOUN,OTHER
donny	144	OTHER
rencontrent	144	OTHER
dresser	144	VERB
démarré	144	OTHER
hodgins	144	OTHER
butler	144	VERB
nausée	144	OTHER
files	144	OTHER
repousse	144	OTHER
petit-déj	144	OTHER
casting	144	OTHER
luca	144	OTHER
dérangement	144	OTHER
nice	144	OTHER
gemma	144	OTHER
horatio	144	OTHER
strip-teaseuse	144	ADJECTIVE
confidentialité	144	NOUN,OTHER
pétard	144	OTHER
run	144	OTHER
intéresses	144	OTHER
disparaitre	144	VERB
haut-parleur	144	OTHER
pente	144	OTHER
amusement	144	OTHER
précédente	143	OTHER
identités	143	OTHER
perdants	143	OTHER
emménage	143	OTHER
dessine	143	OTHER
colt	143	OTHER
vagabond	143	OTHER
susceptible	143	ADJECTIVE
grady	143	OTHER
peines	143	OTHER
oprah	143	OTHER
collision	143	NOUN,OTHER
votez	143	OTHER
annuel	143	ADJECTIVE
maternité	143	NOUN,OTHER
give	143	ADJECTIVE
parallèle	143	OTHER
nonne	143	OTHER
kilomètre	143	OTHER
enduré	143	OTHER
comète	143	OTHER
flanc	143	OTHER
débrouilles	143	OTHER
handicapé	143	OTHER
témoignages	143	OTHER
color	143	OTHER
accordée	143	OTHER
saletés	143	OTHER
emprunt	143	OTHER
lang	143	OTHER
ball	143	OTHER
ike	143	OTHER
plate	143	OTHER
générique	143	ADJECTIVE
servez	143	OTHER
bouillir	143	VERB
mangerai	143	OTHER
anesthésie	143	OTHER
scandaleux	143	ADJECTIVE
émotionnellement	143	OTHER
monastère	143	OTHER
relaxer	143	VERB
animation	142	NOUN,OTHER
écoutait	142	OTHER
yaourt	142	OTHER
coussin	142	OTHER
aidan	142	OTHER
toxiques	142	OTHER
fureur	142	OTHER
trek	142	OTHER
edna	142	OTHER
descendue	142	OTHER
soja	142	OTHER
demoiselles	142	OTHER
réessayer	142	VERB
changée	142	OTHER
tell	142	OTHER
délivrer	142	VERB
jupiter	142	VERB
perroquet	142	OTHER
dakota	142	OTHER
echo	142	OTHER
corne	142	OTHER
brutes	142	OTHER
fichus	142	OTHER
travaillaient	142	OTHER
permettent	142	OTHER
drones	142	OTHER
mention	142	NOUN,OTHER
enferme	142	OTHER
accusez	142	OTHER
pédés	142	OTHER
protègent	142	OTHER
aimeraient	142	OTHER
plaqué	142	OTHER
attirant	142	OTHER
victoires	142	OTHER
fourrer	142	VERB
hygiène	142	OTHER
installée	142	OTHER
musulman	142	OTHER
sentier	142	VERB
building	142	OTHER
toiles	142	OTHER
commotion	142	NOUN,OTHER
naïve	142	OTHER
inquiétait	142	OTHER
rusé	142	OTHER
webster	142	VERB
oregon	142	OTHER
invitations	142	OTHER
where	142	OTHER
superviseur	142	OTHER
cendrillon	142	OTHER
commençant	142	OTHER
yankee	142	OTHER
marchandises	142	OTHER
braquer	142	VERB
partirons	142	VERB
traiteur	142	OTHER
caramel	142	ADJECTIVE
soufflé	142	OTHER
suivants	142	OTHER
tampon	142	OTHER
tentes	142	OTHER
faciale	141	ADJECTIVE
thor	141	OTHER
suggestions	141	OTHER
souffres	141	OTHER
temporairement	141	OTHER
obstruction	141	NOUN,OTHER
paulie	141	OTHER
morty	141	OTHER
vocale	141	ADJECTIVE
architecture	141	OTHER
deacon	141	OTHER
similaires	141	OTHER
noie	141	OTHER
etats	141	OTHER
nell	141	OTHER
marcy	141	OTHER
fusées	141	OTHER
pyramide	141	OTHER
enseignant	141	OTHER
pains	141	OTHER
pâtés	141	OTHER
transporte	141	OTHER
brandy	141	OTHER
week-ends	141	OTHER
ingénieurs	141	OTHER
branler	141	VERB
abuser	141	VERB
herman	141	OTHER
room	141	OTHER
définir	141	VERB
daphné	141	OTHER
gens-là	141	OTHER
anéanti	141	OTHER
saloperies	141	OTHER
éloignés	141	OTHER
sweet	141	OTHER
possédé	141	OTHER
chevilles	141	OTHER
elijah	141	OTHER
taverne	141	OTHER
leah	141	OTHER
grincheux	141	ADJECTIVE
mckay	141	OTHER
unes	141	OTHER
chope	141	OTHER
extérieure	141	OTHER
porche	141	OTHER
publiquement	140	OTHER
discrète	140	OTHER
fléau	140	OTHER
babylon	140	OTHER
équivalent	140	OTHER
percé	140	OTHER
adultère	140	OTHER
lancelot	140	OTHER
catalogue	140	OTHER
attentionné	140	OTHER
grandiose	140	OTHER
corrected	140	OTHER
belle-fille	140	OTHER
cobra	140	OTHER
herbert	140	OTHER
dillon	140	OTHER
milice	140	OTHER
photographier	140	VERB
transformée	140	OTHER
touriste	140	OTHER
harley	140	OTHER
agonie	140	OTHER
resteront	140	OTHER
monstrueux	140	ADJECTIVE
redoutable	140	ADJECTIVE
prometteur	140	OTHER
clip	140	OTHER
chargés	140	OTHER
yard	140	OTHER
planquer	140	VERB
manquant	140	OTHER
buissons	140	OTHER
shin	140	OTHER
sanglots	140	OTHER
arreter	140	VERB
amenez-le	140	OTHER
apprécient	140	OTHER
nat	140	OTHER
passerez	140	OTHER
découvrent	140	OTHER
consulté	140	OTHER
ecole	140	OTHER
secs	140	OTHER
coffres	140	OTHER
couchait	140	OTHER
marchés	140	OTHER
unies	140	OTHER
dialogue	140	OTHER
ressemblance	140	NOUN,OTHER
benne	139	OTHER
motion	139	NOUN,OTHER
clandestin	139	OTHER
chaussette	139	OTHER
relie	139	OTHER
réjouir	139	VERB
peuples	139	OTHER
bander	139	VERB
déprime	139	OTHER
repasse	139	OTHER
barrett	139	OTHER
courait	139	VERB
soo	139	OTHER
hawaii	139	OTHER
lo	139	OTHER
glorieux	139	ADJECTIVE
tobias	139	OTHER
skinner	139	VERB
espagnols	139	OTHER
tablette	139	OTHER
attirante	139	OTHER
lâchez-le	139	OTHER
axl	139	OTHER
escorter	139	VERB
cobb	139	OTHER
pardonnera	139	OTHER
venin	139	OTHER
capot	139	OTHER
maréchal	139	ADJECTIVE
contenant	139	OTHER
pointes	139	OTHER
veinard	139	OTHER
emballage	139	OTHER
consulat	139	OTHER
pressing	139	OTHER
atlantique	139	ADJECTIVE
lmpossible	139	ADJECTIVE
racontait	139	OTHER
fouiner	139	VERB
financement	139	NOUN,OTHER
assois	139	ADJECTIVE
miséricorde	139	OTHER
cassandra	139	OTHER
tic	139	OTHER
offrent	139	OTHER
oubli	139	OTHER
loger	139	VERB
diviser	139	VERB
présentent	139	OTHER
bam	139	OTHER
testicules	139	OTHER
forêts	139	OTHER
préparait	139	OTHER
foncer	139	VERB
coop	139	OTHER
hawkins	139	OTHER
milton	139	OTHER
crépuscule	138	OTHER
détestez	138	OTHER
froides	138	OTHER
admettons	138	OTHER
junkie	138	OTHER
terrains	138	OTHER
blouson	138	OTHER
politicien	138	ADJECTIVE
parfaites	138	OTHER
séparément	138	OTHER
tracteur	138	OTHER
proviseur	138	OTHER
scellé	138	OTHER
apportes	138	OTHER
estimé	138	OTHER
stanton	138	OTHER
tousse	138	OTHER
peignoir	138	VERB
recruter	138	VERB
asseyez	138	OTHER
dérangez	138	OTHER
pureté	138	OTHER
priver	138	VERB
scalpel	138	ADJECTIVE
salaires	138	OTHER
ko	138	OTHER
doctorat	138	OTHER
exigences	138	OTHER
réveillera	138	OTHER
assurément	138	OTHER
emmènera	138	OTHER
hantée	138	OTHER
mélangé	138	OTHER
emprisonné	138	OTHER
her	138	OTHER
hésité	138	NOUN,OTHER
morales	138	OTHER
courants	138	OTHER
mosquée	138	OTHER
cérébral	138	ADJECTIVE
limitée	138	OTHER
gaby	138	OTHER
ferment	138	OTHER
improbable	138	ADJECTIVE
convictions	138	OTHER
acheteurs	138	OTHER
gamma	138	OTHER
formulaires	138	OTHER
fonctionnement	138	OTHER
dépendance	138	NOUN,OTHER
croûte	138	OTHER
away	138	OTHER
illégalement	138	OTHER
quittant	137	OTHER
bavard	137	OTHER
prévisible	137	ADJECTIVE
escadron	137	OTHER
aspiration	137	NOUN,OTHER
jardins	137	OTHER
auxquels	137	OTHER
coûtent	137	OTHER
br	137	OTHER
braqué	137	OTHER
pardonnerai	137	OTHER
fluide	137	OTHER
taudis	137	OTHER
listes	137	OTHER
hardy	137	OTHER
préliminaires	137	OTHER
stations	137	OTHER
miam	137	OTHER
celles-là	137	OTHER
felicity	137	OTHER
stérile	137	OTHER
assommé	137	OTHER
newton	137	OTHER
bossait	137	OTHER
hamlet	137	OTHER
allan	137	OTHER
hameçon	137	OTHER
allongée	137	OTHER
stressée	137	OTHER
saboter	137	VERB
grenades	137	OTHER
cuisiné	137	OTHER
revers	137	OTHER
diamond	137	OTHER
divan	137	OTHER
citrouille	137	OTHER
joanna	137	OTHER
acceptent	137	OTHER
donuts	137	OTHER
poêle	137	OTHER
dinosaures	137	OTHER
progresse	137	OTHER
gendre	137	OTHER
bouquins	137	OTHER
mentais	137	ADJECTIVE
phares	137	OTHER
masqué	137	OTHER
évoluer	137	VERB
jumeau	137	OTHER
quelques-unes	137	OTHER
richards	137	OTHER
lawson	137	OTHER
remporté	137	OTHER
intimider	137	VERB
percuté	137	OTHER
spence	137	NOUN,OTHER
lulu	137	OTHER
habitués	137	OTHER
salopards	136	OTHER
apparue	136	OTHER
crapaud	136	OTHER
partageons	136	OTHER
pénétré	136	OTHER
eden	136	OTHER
plaisent	136	OTHER
déménagement	136	OTHER
flippe	136	OTHER
youtube	136	OTHER
curry	136	OTHER
avorter	136	VERB
suivais	136	VERB
fâcher	136	VERB
woods	136	OTHER
remette	136	OTHER
sondages	136	OTHER
irene	136	OTHER
bouillie	136	OTHER
effrayante	136	OTHER
habit	136	OTHER
portière	136	OTHER
firme	136	OTHER
jésus-christ	136	OTHER
zoom	136	OTHER
rechange	136	OTHER
hillary	136	OTHER
vendeurs	136	OTHER
menaçant	136	OTHER
requiert	136	OTHER
stéphanie	136	OTHER
sauves	136	OTHER
oublient	136	OTHER
caverne	136	OTHER
ghost	136	OTHER
explosions	136	OTHER
recevra	136	VERB
moralité	136	NOUN,OTHER
équipé	136	OTHER
sloane	136	OTHER
hosto	136	OTHER
buffalo	136	OTHER
comptabilité	136	NOUN,OTHER
enlèves	136	OTHER
carnaval	136	OTHER
diabète	136	OTHER
tata	136	OTHER
mémé	136	OTHER
posée	136	OTHER
fichent	136	OTHER
exclure	136	OTHER
rufus	136	OTHER
perception	136	NOUN,OTHER
gains	136	OTHER
resterait	136	OTHER
ollie	136	OTHER
spectacles	135	OTHER
daleks	135	OTHER
scarlett	135	OTHER
démoniaque	135	OTHER
paraissait	135	OTHER
velours	135	OTHER
pertinent	135	OTHER
caviar	135	OTHER
préservatifs	135	OTHER
mois-ci	135	OTHER
moya	135	OTHER
terrence	135	NOUN,OTHER
hot-dog	135	OTHER
arsenal	135	ADJECTIVE
songé	135	OTHER
passerais	135	ADJECTIVE
hanson	135	OTHER
broche	135	OTHER
envole	135	OTHER
méfie	135	OTHER
banni	135	OTHER
trouduc	135	OTHER
parce-que	135	OTHER
pneumonie	135	OTHER
recommencez	135	OTHER
racaille	135	OTHER
ba	135	OTHER
déprimée	135	OTHER
fréquences	135	OTHER
clive	135	ADJECTIVE
charley	135	OTHER
crédibilité	135	NOUN,OTHER
brin	135	OTHER
insistez	135	OTHER
angles	135	OTHER
instruction	135	NOUN,OTHER
souri	135	OTHER
rodriguez	135	OTHER
chie	135	OTHER
enceintes	135	OTHER
disputé	135	OTHER
actifs	135	OTHER
saké	135	OTHER
subtil	135	OTHER
imprimer	135	VERB
murmure	135	OTHER
ultra	135	OTHER
agresser	135	VERB
sanguine	135	OTHER
hurlant	135	OTHER
need	135	OTHER
éventuellement	135	OTHER
vatican	135	OTHER
partenariat	135	OTHER
klingon	135	OTHER
suivrai	135	VERB
emmett	135	OTHER
carnage	135	OTHER
attentif	135	ADJECTIVE
flint	135	OTHER
refroidir	135	VERB
diligence	135	NOUN,OTHER
godzilla	135	OTHER
partagent	135	OTHER
vaudou	135	OTHER
suffirait	135	OTHER
floyd	135	OTHER
recrues	135	OTHER
claquer	135	VERB
libby	135	OTHER
gardais	135	ADJECTIVE
résidus	135	OTHER
bloqués	135	OTHER
richmond	134	OTHER
isabella	134	OTHER
équation	134	NOUN,OTHER
brume	134	OTHER
diverses	134	OTHER
déconné	134	OTHER
matthews	134	OTHER
verrou	134	OTHER
noblesse	134	OTHER
mélanie	134	OTHER
vivement	134	OTHER
judas	134	OTHER
arène	134	OTHER
évidente	134	OTHER
témoigne	134	OTHER
siffle	134	OTHER
scénariste	134	OTHER
cascade	134	OTHER
espagnole	134	OTHER
conduira	134	OTHER
industriel	134	ADJECTIVE
strip-tease	134	OTHER
sortirez	134	VERB
méritais	134	ADJECTIVE
attendue	134	OTHER
logo	134	OTHER
call	134	OTHER
douches	134	OTHER
hard	134	OTHER
music	134	OTHER
once	134	OTHER
vins	134	VERB
expertise	134	OTHER
oklahoma	134	OTHER
déçois	134	ADJECTIVE
extraordinaires	134	OTHER
survivor	134	OTHER
bennet	134	OTHER
psychotique	134	ADJECTIVE
employer	134	VERB
décoré	134	OTHER
inférieur	134	OTHER
inapproprié	134	OTHER
éruption	134	NOUN,OTHER
invites	134	OTHER
recouvert	134	OTHER
offense	134	OTHER
combine	134	OTHER
fu	134	OTHER
nécessite	134	OTHER
poux	134	OTHER
totalité	134	NOUN,OTHER
ignorons	134	OTHER
virés	134	OTHER
knight	133	OTHER
quelquechose	133	OTHER
our	133	OTHER
doses	133	OTHER
vernis	133	OTHER
tuez-les	133	OTHER
interdits	133	OTHER
argentine	133	OTHER
prépares	133	OTHER
remue	133	OTHER
willis	133	OTHER
respectent	133	OTHER
ferguson	133	OTHER
hot-dogs	133	OTHER
holà	133	OTHER
grotesque	133	OTHER
repaire	133	OTHER
refusée	133	OTHER
contaminé	133	OTHER
renseigné	133	OTHER
accueille	133	OTHER
baba	133	OTHER
découvrira	133	OTHER
heidi	133	OTHER
annulez	133	OTHER
forge	133	OTHER
centimes	133	OTHER
babe	133	OTHER
espérez	133	OTHER
fa	133	OTHER
dominique	133	ADJECTIVE
oranges	133	OTHER
tsar	133	OTHER
andrews	133	OTHER
camelot	133	OTHER
messagerie	133	OTHER
jung	133	OTHER
portier	133	VERB
crient	133	OTHER
vétérans	133	OTHER
propagande	133	OTHER
malibu	133	OTHER
défoncée	133	OTHER
remercié	133	OTHER
saint-valentin	133	OTHER
malley	133	OTHER
irrésistible	133	ADJECTIVE
débute	133	OTHER
lecteurs	133	OTHER
radiation	133	NOUN,OTHER
miroirs	133	OTHER
espères	133	OTHER
émissaire	133	OTHER
interpréter	133	VERB
rassurant	132	OTHER
emmenés	132	OTHER
carotte	132	OTHER
amitiés	132	OTHER
fondateurs	132	OTHER
toronto	132	OTHER
rogne	132	OTHER
grill	132	OTHER
montrait	132	OTHER
ingénierie	132	OTHER
buts	132	OTHER
trudy	132	OTHER
ferions	132	VERB
sonya	132	OTHER
clichés	132	OTHER
aspects	132	OTHER
gladys	132	OTHER
choquée	132	OTHER
think	132	OTHER
servie	132	OTHER
bette	132	OTHER
revendre	132	OTHER
maine	132	ADJECTIVE
recrue	132	OTHER
suive	132	VERB
blaine	132	ADJECTIVE
occupais	132	ADJECTIVE
étouffé	132	OTHER
trouvez-le	132	OTHER
colonies	132	OTHER
reçue	132	VERB
chirurgiens	132	OTHER
préparés	132	OTHER
tombait	132	OTHER
barreau	132	OTHER
daphne	132	OTHER
bianca	132	OTHER
étalon	132	OTHER
manège	132	OTHER
mourrait	132	VERB
larme	132	OTHER
strict	132	OTHER
lanceur	132	OTHER
jun	132	OTHER
crèche	132	OTHER
bird	132	OTHER
éveillée	132	OTHER
protocoles	132	OTHER
complexes	132	OTHER
reverrons	132	OTHER
légion	132	OTHER
perpétuité	132	NOUN,OTHER
bravoure	132	OTHER
confondre	132	VERB
pincer	132	VERB
kiki	132	OTHER
gentlemen	131	OTHER
douloureuse	131	ADJECTIVE
hollandais	131	ADJECTIVE
appartenant	131	OTHER
carreau	131	OTHER
cox	131	OTHER
génies	131	OTHER
interviewer	131	VERB
mg	131	OTHER
aria	131	OTHER
rase	131	OTHER
racontent	131	OTHER
critères	131	OTHER
approches	131	OTHER
gardera	131	OTHER
colleen	131	OTHER
mathématiques	131	OTHER
topo	131	OTHER
ingrat	131	OTHER
rancard	131	OTHER
dispose	131	OTHER
croquis	131	OTHER
frere	131	OTHER
pousses	131	OTHER
raoul	131	OTHER
stockage	131	OTHER
captain	131	ADJECTIVE
taxis	131	OTHER
premiere	131	OTHER
bracelets	131	OTHER
battement	131	OTHER
désirer	131	VERB
veillez	131	OTHER
choquant	131	OTHER
mi-chemin	131	OTHER
assigné	131	OTHER
éteinte	131	OTHER
maestro	131	OTHER
offrant	131	OTHER
supplément	131	NOUN,OTHER
ampleur	131	OTHER
incendies	131	OTHER
réduite	131	OTHER
précipiter	131	VERB
savant	131	OTHER
continuerai	131	OTHER
battrai	131	OTHER
prédateur	131	OTHER
amicale	131	ADJECTIVE
tac	131	OTHER
tae	131	OTHER
inclut	131	OTHER
interdire	131	OTHER
imitation	131	NOUN,OTHER
antique	131	ADJECTIVE
ramper	131	VERB
écosse	131	OTHER
pike	131	OTHER
cylons	131	OTHER
divertir	131	VERB
traversée	131	OTHER
jax	131	OTHER
kirby	131	OTHER
antiquités	131	OTHER
gracie	131	OTHER
iowa	131	OTHER
apprendras	131	OTHER
cachées	130	OTHER
réveillon	130	OTHER
manning	130	OTHER
facilité	130	NOUN,OTHER
inspirer	130	VERB
interromps	130	OTHER
plaide	130	OTHER
mords	130	OTHER
façade	130	OTHER
golfe	130	OTHER
précédents	130	OTHER
raisins	130	OTHER
remédier	130	VERB
mutuelle	130	ADJECTIVE
pédales	130	OTHER
dansent	130	OTHER
monument	130	NOUN,OTHER
danois	130	ADJECTIVE
héroïque	130	OTHER
clause	130	OTHER
boo	130	OTHER
samson	130	OTHER
vous-mêmes	130	OTHER
bagues	130	OTHER
tarif	130	ADJECTIVE
textes	130	OTHER
hanté	130	OTHER
sensations	130	OTHER
choux	130	OTHER
accompagnes	130	OTHER
achève	130	OTHER
reverras	130	OTHER
rod	130	OTHER
mystique	130	ADJECTIVE
porte-parole	130	OTHER
potentiels	130	OTHER
endors	130	OTHER
locataires	130	OTHER
soul	130	OTHER
entraînés	130	OTHER
steaks	130	OTHER
compare	130	OTHER
mouiller	130	VERB
croiront	130	VERB
secourir	130	VERB
résurrection	130	NOUN,OTHER
bouffé	130	OTHER
caresser	130	VERB
ace	130	OTHER
lucille	130	OTHER
émotionnelle	130	ADJECTIVE
josie	130	OTHER
valentine	130	OTHER
limiter	130	VERB
perturbe	130	OTHER
coleman	130	OTHER
vaguement	130	OTHER
lynette	130	OTHER
médaillon	130	OTHER
auditions	130	OTHER
redire	130	OTHER
kentucky	130	OTHER
écossais	130	ADJECTIVE
crédits	130	OTHER
knox	130	OTHER
dégénéré	130	OTHER
momie	130	OTHER
fais-les	130	OTHER
klein	130	OTHER
gardez-le	130	OTHER
expulsé	130	OTHER
frustrant	130	OTHER
glee	129	OTHER
dévouement	129	OTHER
remerciements	129	OTHER
sultan	129	OTHER
gazon	129	OTHER
lem	129	OTHER
spécialisé	129	OTHER
cueillir	129	VERB
collants	129	OTHER
imminente	129	OTHER
mercure	129	OTHER
décidera	129	OTHER
motivé	129	OTHER
liu	129	OTHER
rendant	129	OTHER
vertébrale	129	ADJECTIVE
témoigné	129	OTHER
écoutons	129	OTHER
lingerie	129	OTHER
saignes	129	OTHER
suspecté	129	OTHER
qi	129	OTHER
recherchez	129	OTHER
enfiler	129	VERB
concevoir	129	VERB
audio	129	OTHER
tournes	129	OTHER
allergie	129	OTHER
doctor	129	OTHER
pencher	129	VERB
assurerai	129	OTHER
concession	129	NOUN,OTHER
grenouilles	129	OTHER
reviendrez	129	OTHER
joker	129	VERB
négocie	129	OTHER
sautes	129	OTHER
travailliez	129	OTHER
newman	129	OTHER
ip	129	OTHER
détecter	129	VERB
reviendrons	129	OTHER
colby	129	OTHER
sournois	129	ADJECTIVE
sud-est	129	OTHER
temporel	129	ADJECTIVE
bikini	129	OTHER
probabilité	129	NOUN,OTHER
transporté	129	OTHER
diffuser	129	VERB
vaudra	129	OTHER
fish	129	OTHER
rival	129	ADJECTIVE
cafards	129	OTHER
écrans	129	OTHER
hors-la-loi	129	OTHER
jouerai	129	OTHER
viril	129	OTHER
clarifier	129	VERB
homicides	128	OTHER
écarte	128	OTHER
partisans	128	OTHER
tailler	128	VERB
agissent	128	OTHER
jennings	128	OTHER
disco	128	OTHER
scouts	128	OTHER
éloignée	128	OTHER
subitement	128	OTHER
rates	128	OTHER
ensembles	128	OTHER
pingouin	128	OTHER
organisée	128	OTHER
ms	128	OTHER
élue	128	OTHER
plaza	128	OTHER
reproches	128	OTHER
produisent	128	OTHER
enculer	128	VERB
envolé	128	OTHER
préliminaire	128	OTHER
maura	128	OTHER
western	128	OTHER
déposée	128	OTHER
saisons	128	OTHER
champignon	128	OTHER
trophées	128	OTHER
chèvres	128	OTHER
il-vous-plaît	128	OTHER
traditionnel	128	ADJECTIVE
giles	128	OTHER
interrupteur	128	OTHER
tapes	128	OTHER
athéna	128	OTHER
clavier	128	OTHER
prescrit	128	OTHER
félix	128	OTHER
thorax	128	OTHER
artificielle	128	ADJECTIVE
trafiquants	128	OTHER
couvrez	128	OTHER
trompette	128	OTHER
fabricant	128	OTHER
réglée	128	OTHER
milliardaire	128	OTHER
retournera	128	OTHER
ferraille	128	OTHER
oubliés	128	OTHER
canadien	128	ADJECTIVE
détroit	128	OTHER
maryland	128	OTHER
dinosaure	128	OTHER
foulard	128	OTHER
questionner	128	VERB
branleur	128	OTHER
informés	127	OTHER
réveilles	127	OTHER
achetés	127	OTHER
thoracique	127	ADJECTIVE
yuri	127	OTHER
paroisse	127	OTHER
obsèques	127	OTHER
tuait	127	OTHER
faufiler	127	VERB
saint-esprit	127	OTHER
remontant	127	OTHER
balise	127	OTHER
pellicule	127	OTHER
tentatives	127	OTHER
apprentissage	127	OTHER
présentez	127	OTHER
wagner	127	VERB
dégoûte	127	OTHER
baver	127	VERB
restau	127	OTHER
médailles	127	OTHER
beethoven	127	OTHER
prédire	127	OTHER
subit	127	OTHER
sorciers	127	OTHER
lorraine	127	ADJECTIVE
réchauffe	127	OTHER
conquis	127	OTHER
dracula	127	OTHER
jettent	127	OTHER
enragé	127	OTHER
préjugés	127	OTHER
campement	127	NOUN,OTHER
lentilles	127	OTHER
expérimenté	127	OTHER
commença	127	OTHER
combler	127	VERB
technologies	127	OTHER
justine	127	OTHER
filons	127	OTHER
humidité	127	NOUN,OTHER
réelles	127	OTHER
expliques	127	OTHER
argo	127	OTHER
passeras	127	OTHER
servant	127	OTHER
élégante	127	OTHER
power	127	VERB
vibrations	127	OTHER
alléluia	127	OTHER
discrets	127	OTHER
loft	127	OTHER
outrage	127	OTHER
observateur	127	OTHER
siennes	127	OTHER
empoisonnée	127	OTHER
asthme	126	OTHER
envies	126	OTHER
mountain	126	ADJECTIVE
hymne	126	OTHER
championne	126	OTHER
abris	126	OTHER
érotique	126	ADJECTIVE
famine	126	OTHER
valerie	126	OTHER
chin	126	OTHER
donne-le	126	OTHER
hetty	126	OTHER
lockhart	126	OTHER
moquent	126	OTHER
disposé	126	OTHER
détendu	126	OTHER
were	126	OTHER
olivier	126	VERB
miriam	126	OTHER
admission	126	NOUN,OTHER
populaires	126	OTHER
abîmé	126	OTHER
manchester	126	VERB
rembourserai	126	OTHER
dea	126	OTHER
offrez	126	OTHER
fraîches	126	OTHER
boutiques	126	OTHER
jorge	126	OTHER
sentes	126	OTHER
faites-lui	126	OTHER
melon	126	OTHER
mackenzie	126	OTHER
assiste	126	OTHER
olga	126	OTHER
conquête	126	OTHER
situe	126	OTHER
concentrée	126	OTHER
amélioration	126	NOUN,OTHER
hippie	126	OTHER
étranglé	126	OTHER
contrôlent	126	OTHER
cristaux	126	ADJECTIVE
dimensions	126	OTHER
nigel	126	ADJECTIVE
catholiques	126	OTHER
exploration	126	NOUN,OTHER
fibre	126	OTHER
tiens-le	126	OTHER
micro-ondes	126	OTHER
quais	126	ADJECTIVE
avise	126	OTHER
tiger	126	VERB
travaillerai	126	OTHER
cartouches	126	OTHER
réponde	126	OTHER
privilèges	126	OTHER
obus	126	OTHER
chambers	126	OTHER
succession	126	NOUN,OTHER
perkins	126	OTHER
dissimuler	126	VERB
dauphin	126	OTHER
derniere	125	OTHER
pourboires	125	OTHER
hercule	125	OTHER
compreniez	125	OTHER
enfoncé	125	OTHER
pêcheurs	125	OTHER
nord-est	125	OTHER
offensive	125	ADJECTIVE
protégera	125	OTHER
mathieu	125	OTHER
partit	125	VERB
tombant	125	OTHER
innocentes	125	OTHER
madeline	125	OTHER
geek	125	OTHER
kgb	125	OTHER
morse	125	OTHER
entre-temps	125	OTHER
facon	125	OTHER
sheridan	125	OTHER
enjeu	125	OTHER
cristina	125	OTHER
réagis	125	OTHER
frit	125	OTHER
chié	125	OTHER
affilée	125	OTHER
chameau	125	OTHER
sociales	125	OTHER
cora	125	OTHER
bobo	125	OTHER
emploie	125	OTHER
regrettable	125	ADJECTIVE
appelant	125	OTHER
marionnettes	125	OTHER
diraient	125	VERB
suivons	125	VERB
contrarier	125	VERB
regarde-les	125	OTHER
abîme	125	OTHER
fermement	125	OTHER
escroquerie	125	OTHER
izzy	125	OTHER
taco	125	OTHER
bien-sûr	125	OTHER
directions	125	OTHER
rejet	125	OTHER
appartenir	125	VERB
jasmine	125	OTHER
astronautes	125	OTHER
mentirais	125	ADJECTIVE
arriva	125	OTHER
sophistiqué	125	OTHER
suspendue	125	OTHER
nord-ouest	125	OTHER
handicap	125	OTHER
prague	125	OTHER
prescription	125	NOUN,OTHER
préservatif	125	ADJECTIVE
grue	125	OTHER
grandissent	125	OTHER
allumette	125	OTHER
natation	125	NOUN,OTHER
exploits	125	OTHER
marseille	125	OTHER
situé	125	OTHER
craignait	125	OTHER
gentilles	124	OTHER
griffith	124	OTHER
empoisonnement	124	OTHER
regardiez	124	OTHER
shit	124	OTHER
bowl	124	OTHER
jensen	124	OTHER
chêne	124	OTHER
sensée	124	OTHER
interprété	124	OTHER
allonge	124	OTHER
bocal	124	ADJECTIVE
violette	124	OTHER
capteurs	124	OTHER
nausées	124	OTHER
romantiques	124	OTHER
gaufres	124	OTHER
doués	124	OTHER
flatteur	124	OTHER
gerry	124	OTHER
doublure	124	OTHER
savage	124	OTHER
négligé	124	OTHER
fry	124	OTHER
natale	124	ADJECTIVE
fez	124	OTHER
amusait	124	OTHER
pendaison	124	OTHER
rossi	124	OTHER
prudemment	124	OTHER
violemment	124	OTHER
soûle	124	OTHER
masters	124	OTHER
shore	124	OTHER
accélérateur	124	OTHER
tranquillité	124	NOUN,OTHER
ingrid	124	OTHER
excités	124	OTHER
apaiser	124	VERB
guillaume	124	OTHER
disciple	124	OTHER
décident	124	OTHER
habillés	124	OTHER
tortues	124	OTHER
ralentit	124	OTHER
contraint	124	OTHER
frissons	124	OTHER
lâ	124	OTHER
ginny	124	OTHER
leurre	124	OTHER
micros	124	OTHER
répondra	124	OTHER
lisait	124	VERB
moquette	124	OTHER
pack	124	OTHER
barbare	124	OTHER
défenses	124	OTHER
pare-brise	124	OTHER
castro	124	OTHER
cacahuète	124	OTHER
projecteurs	124	OTHER
costard	124	OTHER
margot	124	OTHER
revenais	124	ADJECTIVE
ouïe	124	OTHER
croyiez	124	VERB
woman	124	OTHER
donniez	124	OTHER
toni	124	OTHER
enfile	124	OTHER
tantôt	123	OTHER
matériaux	123	ADJECTIVE
recommences	123	OTHER
personnalités	123	OTHER
roxy	123	OTHER
natasha	123	OTHER
honneurs	123	OTHER
flippé	123	OTHER
compenser	123	VERB
commando	123	OTHER
buvais	123	VERB
dérive	123	ADJECTIVE
clone	123	OTHER
retirée	123	OTHER
brûlent	123	OTHER
louisiane	123	OTHER
etrange	123	OTHER
dilemme	123	OTHER
apparaissent	123	OTHER
bug	123	OTHER
crowley	123	OTHER
optique	123	ADJECTIVE
accueilli	123	OTHER
tigres	123	OTHER
strip	123	OTHER
torpilles	123	OTHER
kirsten	123	OTHER
castor	123	OTHER
genève	123	OTHER
jackpot	123	OTHER
stupéfiant	123	OTHER
attachés	123	OTHER
anxieux	123	ADJECTIVE
lèves	123	OTHER
déchiffrer	123	VERB
vêtement	123	NOUN,OTHER
clémence	123	NOUN,OTHER
muffin	123	OTHER
nette	123	OTHER
méprenez	123	OTHER
acompte	123	OTHER
marchons	123	OTHER
motos	123	OTHER
sursis	123	OTHER
regrettes	123	OTHER
joo	123	OTHER
cercles	123	OTHER
vinnie	123	OTHER
greta	123	OTHER
titus	123	OTHER
cube	123	OTHER
lâche-la	123	OTHER
truman	123	OTHER
lisant	123	VERB
leaders	123	OTHER
imprimé	123	OTHER
ram	123	OTHER
signatures	123	OTHER
volez	123	OTHER
trousse	123	OTHER
souhaitons	123	OTHER
rédemption	123	NOUN,OTHER
harlem	123	OTHER
aînée	123	OTHER
hiérarchie	123	OTHER
label	123	ADJECTIVE
exotique	123	ADJECTIVE
proprement	123	OTHER
zeus	122	OTHER
attaquez	122	OTHER
playboy	122	OTHER
décors	122	OTHER
admiration	122	NOUN,OTHER
garant	122	OTHER
too	122	OTHER
sculpture	122	OTHER
scooter	122	VERB
tarde	122	OTHER
déplaît	122	OTHER
eugene	122	OTHER
cuite	122	OTHER
permettant	122	OTHER
expire	122	OTHER
mercenaires	122	OTHER
cambrioleur	122	OTHER
hannibal	122	ADJECTIVE
seymour	122	OTHER
catch	122	OTHER
god	122	OTHER
dre	122	OTHER
faisable	122	ADJECTIVE
invisibles	122	OTHER
égout	122	OTHER
géorgie	122	OTHER
errant	122	OTHER
usb	122	OTHER
lucien	122	ADJECTIVE
flot	122	OTHER
combinaisons	122	OTHER
center	122	VERB
passaient	122	OTHER
permettrait	122	OTHER
soudaine	122	ADJECTIVE
réussie	122	OTHER
bénie	122	OTHER
