word	form
aduk-adukan	
akanlah	akan
alah-mengalahi	
ambil-mengambil	
ambillah	ambil
angkatlah	angkat
antar-mengantar	
antri	
anyam-menganyam	
araklah	arak
atas-mengatasi	
aturlah	atur
awur-awuran	
ayeng-ayengan	
ayun-temayun	
azamatlah	azamat
bacut	
baharulah	baharu
bahu-membahu	
balas-berbalas	
balas-membalas	
bangkitlah	bangkit
bangunlah	bangun
bebercak	membercakkan
bebercak	dibercakkan
bebuyutan	
becermin	mencerminkan
becermin	dicerminkan
bedakan	
bederma	mendermakan
bederma	didermakan
begitulah	begitu
bejermang	
bekerja	mengerjakan
bekerja	dikerjakan
bekerlapan	
bekerlip	mengerlipkan
bekerlip	dikerlipkan
bekernyut	mengernyutkan
bekernyut	dikernyutkan
bekernyutan	
bekersik	mengersikkan
bekersik	dikersikkan
bekertak	mengertakkan
bekertak	dikertakkan
bekertak-kertak	
bekertakan	
belagu	melagukan
belagu	dilagukan
belajar	mengajarkan
belajar	diajarkan
belengset	melengsetkan
belengset	dilengsetkan
belesir	melesirkan
belesir	dilesirkan
beleter	meleterkan
beleter	dileterkan
belunjur	mengunjurkan
belunjur	diunjurkan
bemerger	
bepercikan	
bepergian	
beperhatian	
beperkara	memerkarakan
beperkara	diperkarakan
berabad-abad	
berabang	mengabangkan
berabang	diabangkan
berabarkan	
berabdas	mengabdaskan
berabdas	diabdaskan
berabjad	mengabjadkan
berabjad	diabjadkan
berabonemen	mengabonemenkan
berabonemen	diabonemenkan
berabu	mengakalkan
berabu	diakalkan
berabun-rabun	
beracah-acah	
beracara	mengacarakan
beracara	diacarakan
beracun	meracunkan
beracun	diracunkan
berada	mengadakan
berada	diadakan
berada-ada	
beradab	mengadabkan
beradab	diadabkan
beradak	meradakkan
beradak	diradakkan
beradaptasi	mengadaptasikan
beradaptasi	diadaptasikan
beradat	mengadatkan
beradat	diadatkan
beradegan	mengadegankan
beradegan	diadegankan
beradeh	mengadehkan
beradeh	diadehkan
beradik	mengadikkan
beradik	diadikkan
beradik-berkakak	
beradu	mengadukan
beradu	diadukan
beradun	mengadunkan
beradun	diadunkan
beraerobatik	mengaerobatikkan
beraerobatik	diaerobatikkan
berafiliasi	mengafiliasikan
berafiliasi	diafiliasikan
beraga	mengagakan
beraga	diagakan
beragah	mengagahkan
beragah	diagahkan
beragah-agah	
beragak-agak	
beragam	mengagamkan
beragam	diagamkan
beragam-ragam	
beragama	mengagamakan
beragama	diagamakan
beragan	mengagankan
beragan	diagankan
beragi	meragikan
beragi	diragikan
beragih	mengagihkan
beragih	diagihkan
beragitasi	mengagitasikan
beragitasi	diagitasikan
beragogo	mengagogokan
beragogo	diagogokan
berahasia	merahasiakan
berahasia	dirahasiakan
berair	mengairkan
berair	diairkan
beraja	merajakan
beraja	dirajakan
beraja-raja	
berajojing	mengajojingkan
berajojing	diajojingkan
berakad	mengakadkan
berakad	diakadkan
berakal	mengakalkan
berakal	diakalkan
berakan	mengakankan
berakan	diakankan
berakar	mengakarkan
berakar	diakarkan
berakhir	mengakhirkan
berakhir	diakhirkan
berakhirkan	
berakibat	mengakibatkan
berakibat	diakibatkan
berakibatkan	
berakidah	mengakidahkan
berakidah	diakidahkan
berakikah	mengakikahkan
berakikah	diakikahkan
berakit	merakitkan
berakit	dirakitkan
berakit-rakit	
berakrobat	mengakrobatkan
berakrobat	diakrobatkan
beraksara	mengaksarakan
beraksara	diaksarakan
beraksi	mengaksikan
beraksi	diaksikan
beraku	mengakukan
beraku	diakukan
beraku-akuan	
berakuk	merakukkan
berakuk	dirakukkan
berakumulasi	mengakumulasikan
berakumulasi	diakumulasikan
beralah	mengalahkan
beralah	dialahkan
beralam	mengalamkan
beralam	dialamkan
beralamat	mengalamatkan
beralamat	dialamatkan
beralang	mengalangkan
beralang	dialangkan
beralangan	
beralas	mengalaskan
beralas	dialaskan
beralasan	
beralaskan	
beralat	mengalatkan
beralat	dialatkan
beraliansi	mengaliansikan
beraliansi	dialiansikan
beralih	mengalihkan
beralih	dialihkan
beralu-aluan	
beralun	mengalunkan
beralun	dialunkan
beralun-alun	
beralur	mengalurkan
beralur	dialurkan
beramah-ramah	
beramah-ramahan	
beramai-ramai	
beramal	mengamalkan
beramal	diamalkan
beramanat	mengamanatkan
beramanat	diamanatkan
berambai	merambaikan
berambai	dirambaikan
berambau	mengambaukan
berambau	diambaukan
berambil-ambil	
berambin	mengambinkan
berambin	diambinkan
berambisi	mengambisikan
berambisi	diambisikan
berambut	merambutkan
berambut	dirambutkan
berampai	mengampaikan
berampai	diampaikan
berampus	merampuskan
berampus	dirampuskan
beramuk	mengamukkan
beramuk	diamukkan
beramuk-amukan	
beranak	menganakkan
beranak	dianakkan
berancang	mengancangkan
berancang	diancangkan
berancang-ancang	
berandai-andai	
berandai-randai	
berandam	mengandamkan
berandam	diandamkan
berandau	merandaukan
berandau	dirandaukan
beraneh-aneh	
beraneka	menganekakan
beraneka	dianekakan
berangan-angan	
berangga	menganggakan
berangga	dianggakan
beranggapan	
beranggar	menganggarkan
beranggar	dianggarkan
beranggota	menganggotakan
beranggota	dianggotakan
beranggotakan	
berangguk	menganggukkan
berangguk	dianggukkan
berangguk-angguk	
beranggul	menganggulkan
beranggul	dianggulkan
beranggut	menganggutkan
beranggut	dianggutkan
berangin	menganginkan
berangin	dianginkan
berangin-angin	
berangka	merangkakan
berangka	dirangkakan
berangka-angka	
berangka-angkaan	
berangkai	merangkaikan
berangkai	dirangkaikan
berangkai-rangkai	
berangkap	merangkapkan
berangkap	dirangkapkan
berangkap-rangkapan	
berangkat	mengangkatkan
berangkat	diangkatkan
berangkulan	
berangsur	mengangsurkan
berangsur	diangsurkan
berangsur-angsur	
beranjak	menganjakkan
beranjak	dianjakkan
beranjang	menganjangkan
beranjang	dianjangkan
beranjangkarya	menganjangkaryakan
beranjangkarya	dianjangkaryakan
beranjangsana	menganjangsanakan
beranjangsana	dianjangsanakan
beranjung	menganjungkan
beranjung	dianjungkan
beranjur	menganjurkan
beranjur	dianjurkan
berantai	merantaikan
berantai	dirantaikan
berantai-rantai	
berantam	merantamkan
berantam	dirantamkan
berantar	mengantarkan
berantar	diantarkan
berantara	mengantarakan
berantara	diantarakan
beranting	merantingkan
beranting	dirantingkan
berantisipasi	mengantisipasikan
berantisipasi	diantisipasikan
berantuk	mengantukkan
berantuk	diantukkan
berantukan	
berantun	mengantunkan
berantun	diantunkan
berapat	merapatkan
berapat	dirapatkan
berapi	mengapikan
berapi	diapikan
berapit	mengapitkan
berapit	diapitkan
berapresiasi	mengapresiasikan
berapresiasi	diapresiasikan
berapun	merapunkan
berapun	dirapunkan
berapung-apung	
berapungan	
berarah	mengarahkan
berarah	diarahkan
berarak	mengarakkan
berarak	diarakkan
berarak-arakan	
berarakan	
berargumen	mengargumenkan
berargumen	diargumenkan
berargumentasi	mengargumentasikan
berargumentasi	diargumentasikan
beraris	mengariskan
beraris	diariskan
berarisan	
berariskan	
berarti	mengartikan
berarti	diartikan
berartikulasi	mengartikulasikan
berartikulasi	diartikulasikan
berasa	merasakan
berasa	dirasakan
berasah	mengasahkan
berasah	diasahkan
berasak	mengasakkan
berasak	diasakkan
berasak-asak	
berasak-asakan	
berasal	mengasalkan
berasal	diasalkan
berasan	merasankan
berasan	dirasankan
berasap	mengasapkan
berasap	diasapkan
berasap-asap	
berasas	mengasaskan
berasas	diasaskan
berasaskan	
beraset	mengasetkan
beraset	diasetkan
berasian	
berasimilasi	mengasimilasikan
berasimilasi	diasimilasikan
berasing	mengasingkan
berasing	diasingkan
berasing-asingan	
berasio	merasiokan
berasio	dirasiokan
berasmara	mengasmarakan
berasmara	diasmarakan
berasonansi	mengasonansikan
berasonansi	diasonansikan
berasosiasi	mengasosiasikan
berasosiasi	diasosiasikan
beraspal	mengaspalkan
beraspal	diaspalkan
beraspirasi	mengaspirasikan
beraspirasi	diaspirasikan
berasrama	mengasramakan
berasrama	diasramakan
berastakona	mengastakonakan
berastakona	diastakonakan
berasuransi	mengasuransikan
berasuransi	diasuransikan
beratap	mengatapkan
beratap	diatapkan
beratapkan	
beratur	mengaturkan
beratur	diaturkan
beraturan	
beraudiensi	mengaudiensikan
beraudiensi	diaudiensikan
berawa	merawakan
berawa	dirawakan
berawa-rawa	
berawai	mengawaikan
berawai	diawaikan
berawak	mengawakkan
berawak	diawakkan
berawal	mengawalkan
berawal	diawalkan
berawalan	
berawan	mengawankan
berawan	diawankan
berawang	mengawangkan
berawang	diawangkan
berawas	mengawaskan
berawas	diawaskan
berawas-awas	
berayah	mengayahkan
berayah	diayahkan
berayal-ayalan	
berayun	mengayunkan
berayun	diayunkan
berayun-ayun	
berazam	mengazamkan
berazam	diazamkan
berbabil	membabilkan
berbabil	dibabilkan
berbadai	membadaikan
berbadai	dibadaikan
berbadan	membadankan
berbadan	dibadankan
berbadi	membadikan
berbadi	dibadikan
berbagai	membagaikan
berbagai	dibagaikan
berbagai-bagai	
berbagat	membagatkan
berbagat	dibagatkan
berbagi	membagikan
berbagi	dibagikan
berbahagia	membahagiakan
berbahagia	dibahagiakan
berbahana	membahanakan
berbahana	dibahanakan
berbahas-bahasan	
berbahasa	membahasakan
berbahasa	dibahasakan
berbahasan	
berbaik	membaikkan
berbaik	dibaikkan
berbaik-baikan	
berbaikan	
berbait	membaitkan
berbait	dibaitkan
berbait-bait	
berbaja	membajakan
berbaja	dibajakan
berbaju	membajukan
berbaju	dibajukan
berbakat	membakatkan
berbakat	dibakatkan
berbakti	membaktikan
berbakti	dibaktikan
berbala-bala	
berbalah	membalahkan
berbalah	dibalahkan
berbalam	membalamkan
berbalam	dibalamkan
berbalapan	
berbalas	membalaskan
berbalas	dibalaskan
berbalas-balasan	
berbalik	membalikkan
berbalik	dibalikkan
berbalik-balik	
berbalikan	
berbaling	membalingkan
berbaling	dibalingkan
berbalun-balun	
berbalung	membalungkan
berbalung	dibalungkan
berbandar	membandarkan
berbandar	dibandarkan
berbanding	membandingkan
berbanding	dibandingkan
berbangga	membanggakan
berbangga	dibanggakan
berbangkit	membangkitkan
berbangkit	dibangkitkan
berbangsa	membangsakan
berbangsa	dibangsakan
berbanir	membanirkan
berbanir	dibanirkan
berbanjar	membanjarkan
berbanjar	dibanjarkan
berbanjar-banjar	
berbanjaran	
berbantah	membantahkan
berbantah	dibantahkan
berbantah-bantah	
berbantal	membantalkan
berbantal	dibantalkan
berbanyak	membanyakkan
berbanyak	dibanyakkan
berbanyak-banyak	
berbapak	membapakkan
berbapak	dibapakkan
berbareng	membarengkan
berbareng	dibarengkan
berbarengan	
berbarik-barik	
berbaring	membaringkan
berbaring	dibaringkan
berbaris	membariskan
berbaris	dibariskan
berbarut	membarutkan
berbarut	dibarutkan
berbasah-basah	
berbasis	membasiskan
berbasis	dibasiskan
berbasiskan	
berbasut	membasutkan
berbasut	dibasutkan
berbatas	membataskan
berbatas	dibataskan
berbatasan	
berbataskan	
berbatin	membatinkan
berbatin	dibatinkan
berbatu	membatukan
berbatu	dibatukan
berbatuan	
berbatuk	membatukkan
berbatuk	dibatukkan
berbau	membaukan
berbau	dibaukan
berbaur	membaurkan
berbaur	dibaurkan
berbawaan	
berbawang	membawangkan
berbawang	dibawangkan
berbayang	membayangkan
berbayang	dibayangkan
berbayang-bayang	
berbebar	membebarkan
berbebar	dibebarkan
berbecak-becak	
berbeda	membedakan
berbeda	dibedakan
berbeda-beda	
berbedak	membedakkan
berbedak	dibedakkan
berbedil	membedilkan
berbedil	dibedilkan
berbedil-bedilan	
berbega	membegakan
berbega	dibegakan
berbega-bega	
berbeka	membekakan
berbeka	dibekakan
berbeka-beka	
berbekal	membekalkan
berbekal	dibekalkan
berbekas	membekaskan
berbekas	dibekaskan
berbelah	membelahkan
berbelah	dibelahkan
berbelah-belah	
berbelahan	
berbelakang-belakangan	
berbelang-belang	
berbelanja	membelanjakan
berbelanja	dibelanjakan
berbelaskasihan	
berbelasungkawa	membelasungkawakan
berbelasungkawa	dibelasungkawakan
berbelau-belauan	
berbeli-beli	
berbeli-belian	
berbelian	
berbelimbing	membelimbingkan
berbelimbing	dibelimbingkan
berbelintang	membelintangkan
berbelintang	dibelintangkan
berbelintangan	
berbelit	membelitkan
berbelit	dibelitkan
berbelit-belit	
berbelok	membelokkan
berbelok	dibelokkan
berbelok-belok	
berbelon	membelonkan
berbelon	dibelonkan
berbelongsong	membelongsongkan
berbelongsong	dibelongsongkan
berbelulang	membelulangkan
berbelulang	dibelulangkan
berbelut	membelutkan
berbelut	dibelutkan
berbenah	membenahkan
berbenah	dibenahkan
berbenak	membenakkan
berbenak	dibenakkan
berbenam	membenamkan
berbenam	dibenamkan
berbenang-benang	
berbenar	membenarkan
berbenar	dibenarkan
berbenar-benar	
berbencah	membencahkan
berbencah	dibencahkan
berbencah-bencah	
berbendi	membendikan
berbendi	dibendikan
berbenggil-benggil	
berbengkung	membengkungkan
berbengkung	dibengkungkan
berbenguk	membengukkan
berbenguk	dibengukkan
berbenih	membenihkan
berbenih	dibenihkan
berbenjol	membenjolkan
berbenjol	dibenjolkan
berbentar	membentarkan
berbentar	dibentarkan
berbenteh	membentehkan
berbenteh	dibentehkan
berbenteng	membentengkan
berbenteng	dibentengkan
berbentol-bentol	
berbentrok	membentrokkan
berbentrok	dibentrokkan
berbentrokan	
berbentuk	membentukkan
berbentuk	dibentukkan
berbenturan	
berberaian	
berberani-berani	
berberat	memberatkan
berberat	diberatkan
berberita	memberitakan
berberita	diberitakan
berbesan	membesankan
berbesan	dibesankan
berbesar-besar	
berbeta	membetakan
berbeta	dibetakan
berbeting	membetingkan
berbeting	dibetingkan
berbetulan	
berbiak	membiakkan
berbiak	dibiakkan
berbiau	membiaukan
berbiau	dibiaukan
berbicara	membicarakan
berbicara	dibicarakan
berbidan	membidankan
berbidan	dibidankan
berbiduk	membidukkan
berbiduk	dibidukkan
berbiduk-biduk	
berbiji	membijikan
berbiji	dibijikan
berbiku-biku	
berbilang	membilangkan
berbilang	dibilangkan
berbilas	membilaskan
berbilas	dibilaskan
berbilik-bilik	
berbimbingan	
berbinar-binar	
berbincang	membincangkan
berbincang	dibincangkan
berbincang-bincang	
berbingkah-bingkah	
berbingkai	membingkaikan
berbingkai	dibingkaikan
berbini	membinikan
berbini	dibinikan
berbinikan	
berbintang	membintangkan
berbintang	dibintangkan
berbintang-bintang	
berbintik	membintikkan
berbintik	dibintikkan
berbintik-bintik	
berbintil-bintil	
berbiola	membiolakan
berbiola	dibiolakan
berbiras	membiraskan
berbiras	dibiraskan
berbisa	membisakan
berbisa	dibisakan
berbisik	membisikkan
berbisik	dibisikkan
berbisik-bisik	
berbisnis	membisniskan
berbisnis	dibisniskan
berbisu	membisukan
berbisu	dibisukan
berbisul	membisulkan
berbisul	dibisulkan
berblirik	memblirikkan
berblirik	diblirikkan
berbobot	membobotkan
berbobot	dibobotkan
berboga	membogakan
berboga	dibogakan
berbohong	membohongkan
berbohong	dibohongkan
berbolong-bolong	
berboncengan	
berbondong-bondong	
berbongkah	membongkahkan
berbongkah	dibongkahkan
berbongkah-bongkah	
berborok	memborokkan
berborok	diborokkan
berboyong	memboyongkan
berboyong	diboyongkan
berbuah	membuahkan
berbuah	dibuahkan
berbuai	membuaikan
berbuai	dibuaikan
berbuai-buai	
berbual	membualkan
berbual	dibualkan
berbual-bual	
berbuat	membuatkan
berbuat	dibuatkan
berbucu	membucukan
berbucu	dibucukan
berbudak-budak	
berbudaya	membudayakan
berbudaya	dibudayakan
berbugil	membugilkan
berbugil	dibugilkan
berbuih	membuihkan
berbuih	dibuihkan
berbuka	membukakan
berbuka	dibukakan
berbukan	membukankan
berbukan	dibukankan
berbukit	membukitkan
berbukit	dibukitkan
berbukit-bukit	
berbukti	membuktikan
berbukti	dibuktikan
berbuku	membukukan
berbuku	dibukukan
berbulan	membulankan
berbulan	dibulankan
berbulang	membulangkan
berbulang	dibulangkan
berbulu	membulukan
berbulu	dibulukan
berbumbu	membumbukan
berbumbu	dibumbukan
berbunga	membungakan
berbunga	dibungakan
berbunga-bunga	
berbuntang	membuntangkan
berbuntang	dibuntangkan
berbuntut	membuntutkan
berbuntut	dibuntutkan
berbuntut-buntut	
berbunuh-bunuhan	
berbunyi	
berburai	memburaikan
berburai	diburaikan
berburu	memburukan
berburu	diburukan
berburu-buru	
berburuk	memburukkan
berburuk	diburukkan
berburuk-buruk	
berbusa	membusakan
berbusa	dibusakan
berbusana	membusanakan
berbusana	dibusanakan
berbutir	membutirkan
berbutir	dibutirkan
bercabang	mencabangkan
bercabang	dicabangkan
bercabang-cabang	
bercabiran	
bercabul	mencabulkan
bercabul	dicabulkan
bercabut	mencabutkan
bercabut	dicabutkan
bercacah	mencacahkan
bercacah	dicacahkan
bercacar	mencacarkan
bercacar	dicacarkan
bercacat	mencacatkan
bercacat	dicacatkan
bercaci-cacian	
bercadang	mencadangkan
bercadang	dicadangkan
bercadar	mencadarkan
bercadar	dicadarkan
bercadik	mencadikkan
bercadik	dicadikkan
bercagak	mencagakkan
bercagak	dicagakkan
bercahaya	mencahayakan
bercahaya	dicahayakan
bercakak	mencakakkan
bercakak	dicakakkan
bercakap-cakap	
bercakar-cakaran	
bercakrawala	mencakrawalakan
bercakrawala	dicakrawalakan
bercalar	mencalarkan
bercalar	dicalarkan
bercalit	mencalitkan
bercalit	dicalitkan
bercambang	mencambangkan
bercambang	dicambangkan
bercampur	mencampurkan
bercampur	dicampurkan
bercampuran	
bercamuk	mencamukkan
bercamuk	dicamukkan
bercancut	mencancutkan
bercancut	dicancutkan
bercanda	mencandakan
bercanda	dicandakan
bercangap	mencangapkan
bercangap	dicangapkan
bercanggah	mencanggahkan
bercanggah	dicanggahkan
bercangkuk	mencangkukkan
bercangkuk	dicangkukkan
bercangkung	mencangkungkan
bercangkung	dicangkungkan
bercantik-cantik	
bercantum	mencantumkan
bercantum	dicantumkan
bercap	mengecapkan
bercap	dicapkan
bercarah	mencarahkan
bercarah	dicarahkan
bercaran	mencarankan
bercaran	dicarankan
bercarang	mencarangkan
bercarang	dicarangkan
bercari	mencarikan
bercari	dicarikan
bercari-cari	
bercari-carian	
bercarik-carik	
bercarut	mencarutkan
bercarut	dicarutkan
bercarut-carut	
bercat	mengecatkan
bercat	dicatkan
bercatur	mencaturkan
bercatur	dicaturkan
bercatut	mencatutkan
bercatut	dicatutkan
bercawak	mencawakkan
bercawak	dicawakkan
bercawat	mencawatkan
bercawat	dicawatkan
bercebak	mencebakkan
bercebak	dicebakkan
bercebok	mencebokkan
bercebok	dicebokkan
bercecah	mencecahkan
bercecah	dicecahkan
berceceran	
bercedera	mencederakan
bercedera	dicederakan
bercekah	mencekahkan
bercekah	dicekahkan
bercekak	mencekakkan
bercekak	dicekakkan
bercekakakan	
bercekcok	mencekcokkan
bercekcok	dicekcokkan
bercekcokan	
bercekik	mencekikkan
bercekik	dicekikkan
bercekikikan	
bercela	mencelakan
bercela	dicelakan
bercelah	mencelahkan
bercelah	dicelahkan
bercelak	mencelakkan
bercelak	dicelakkan
bercelana	mencelanakan
bercelana	dicelanakan
berceloteh	mencelotehkan
berceloteh	dicelotehkan
bercelur	mencelurkan
bercelur	dicelurkan
bercemar	mencemarkan
bercemar	dicemarkan
bercemas	mencemaskan
bercemas	dicemaskan
bercemburu	mencemburukan
bercemburu	dicemburukan
bercemburuan	
bercemetuk	mencemetukkan
bercemetuk	dicemetukkan
bercencang	mencencangkan
bercencang	dicencangkan
bercendawan	mencendawankan
bercendawan	dicendawankan
bercenduai	mencenduaikan
bercenduai	dicenduaikan
bercengangan	
bercengkerama	mencengkeramakan
bercengkerama	dicengkeramakan
bercengkih	mencengkihkan
bercengkih	dicengkihkan
bercengkung	mencengkungkan
bercengkung	dicengkungkan
bercepat-cepat	
berceracak	menceracakkan
berceracak	diceracakkan
bercerai	menceraikan
bercerai	diceraikan
bercerai-cerai	
berceraian	
bercerak	mencerakkan
bercerak	dicerakkan
berceramah	menceramahkan
berceramah	diceramahkan
bercerancangan	
berceranggah	menceranggahkan
berceranggah	diceranggahkan
berceratuk	menceratukkan
berceratuk	diceratukkan
berceratukan	
bercericau	mencericaukan
bercericau	dicericaukan
bercerita	menceritakan
bercerita	diceritakan
berceroteh	mencerotehkan
berceroteh	dicerotehkan
bercetak	mencetakkan
bercetak	dicetakkan
berciap-ciap	
bercikun-cikun	
bercinta	mencintakan
bercinta	dicintakan
bercinta-cintaan	
bercintakan	
berciri	mencirikan
berciri	dicirikan
bercirikan	
bercita-cita	
berciuman	
berciut-ciut	
bercoang	mencoangkan
bercoang	dicoangkan
bercoangan	
bercocok	mencocokkan
bercocok	dicocokkan
bercokol	mencokolkan
bercokol	dicokolkan
berconteng-conteng	
bercorak	mencorakkan
bercorak	dicorakkan
bercoreng	mencorengkan
bercoreng	dicorengkan
bercoreng-coreng	
bercoreng-moreng	
bercuatan	
bercucu	mencucukan
bercucu	dicucukan
bercucuran	
bercuit-cuit	
bercukai	mencukaikan
bercukai	dicukaikan
bercuki	mencukikan
bercuki	dicukikan
bercukur	mencukurkan
bercukur	dicukurkan
bercumbu	mencumbukan
bercumbu	dicumbukan
bercumbu-cumbu	
bercumbu-cumbuan	
bercunduk	mencundukkan
bercunduk	dicundukkan
bercuping	mencupingkan
bercuping	dicupingkan
bercura	mencurakan
bercura	dicurakan
bercura-bura	
bercura-cura	
bercuriga	mencurigakan
bercuriga	dicurigakan
bercuti	mencutikan
bercuti	dicutikan
berdabung	mendabungkan
berdabung	didabungkan
berdabus	mendabuskan
berdabus	didabuskan
berdada	mendadakan
berdada	didadakan
berdada-dadaan	
berdadu	mendadukan
berdadu	didadukan
berdadung	mendadungkan
berdadung	didadungkan
berdagang	mendagangkan
berdagang	didagangkan
berdaging	mendagingkan
berdaging	didagingkan
berdahak	mendahakkan
berdahak	didahakkan
berdahan	mendahankan
berdahan	didahankan
berdahanam	mendahanamkan
berdahanam	didahanamkan
berdahulu-dahuluan	
berdaki	mendakikan
berdaki	didakikan
berdakwa	mendakwakan
berdakwa	didakwakan
berdakwah	mendakwahkan
berdakwah	didakwahkan
berdalam-dalam	
berdalih	mendalihkan
berdalih	didalihkan
berdalih-dalih	
berdalil	mendalilkan
berdalil	didalilkan
berdamai	mendamaikan
berdamai	didamaikan
berdamar	mendamarkan
berdamar	didamarkan
berdambin	mendambinkan
berdambin	didambinkan
berdampak	mendampakkan
berdampak	didampakkan
berdampil	mendampilkan
berdampil	didampilkan
berdamping	mendampingkan
berdamping	didampingkan
berdampingan	
berdampung-dampung	
berdandan	mendandankan
berdandan	didandankan
berdangdut	mendangdutkan
berdangdut	didangdutkan
berdangkung	mendangkungkan
berdangkung	didangkungkan
berdanguk	mendangukkan
berdanguk	didangukkan
berdansa	mendansakan
berdansa	didansakan
berdansanak	mendansanakkan
berdansanak	didansanakkan
berdapat	mendapatkan
berdapat	didapatkan
berdarah	mendarahkan
berdarah	didarahkan
berdarmawisata	mendarmawisatakan
berdarmawisata	didarmawisatakan
berdasar	mendasarkan
berdasar	didasarkan
berdasarkan	
berdasi	mendasikan
berdasi	didasikan
berdatangan	
berdatuk	mendatukkan
berdatuk	didatukkan
berdaun	mendaunkan
berdaun	didaunkan
berdawai	mendawaikan
berdawai	didawaikan
berdawat	mendawatkan
berdawat	didawatkan
berdayung	mendayungkan
berdayung	didayungkan
berdebar	mendebarkan
berdebar	didebarkan
berdebar-debar	
berdebat	mendebatkan
berdebat	didebatkan
berdebu	mendebukan
berdebu	didebukan
berdebuk	mendebukkan
berdebuk	didebukkan
berdebum	mendebumkan
berdebum	didebumkan
berdebur	mendeburkan
berdebur	dideburkan
berdebus	mendebuskan
berdebus	didebuskan
berdebut	mendebutkan
berdebut	didebutkan
berdecak-decak	
berdecap-decap	
berdecit	mendecitkan
berdecit	didecitkan
berdecup	mendecupkan
berdecup	didecupkan
berdecup-decup	
berdecut	mendecutkan
berdecut	didecutkan
berdecut-decut	
berdedak	mendedakkan
berdedak	didedakkan
berdedikasi	mendedikasikan
berdedikasi	didedikasikan
berdefile	mendefilekan
berdefile	didefilekan
berdegam	mendegamkan
berdegam	didegamkan
berdegap	mendegapkan
berdegap	didegapkan
berdegap-degap	
berdegar-degar	
berdeging	mendegingkan
berdeging	didegingkan
berdegum	mendegumkan
berdegum	didegumkan
berdeham	mendehamkan
berdeham	didehamkan
berdeham-deham	
berdekah-dekah	
berdekak-dekak	
berdekam	mendekamkan
berdekam	didekamkan
berdekap	mendekapkan
berdekap	didekapkan
berdekap-dekapan	
berdekat	mendekatkan
berdekat	didekatkan
berdekat-dekat	
berdekatan	
berdeklamasi	mendeklamasikan
berdeklamasi	dideklamasikan
berdeku	mendekukan
berdeku	didekukan
berdekus	mendekuskan
berdekus	didekuskan
berdekut	mendekutkan
berdekut	didekutkan
berdelan	mendelankan
berdelan	didelankan
berdelat-delat	
berdembai-dembai	
berdembam	mendembamkan
berdembam	didembamkan
berdembun	mendembunkan
berdembun	didembunkan
berdembun-dembun	
berdemonstrasi	mendemonstrasikan
berdemonstrasi	didemonstrasikan
berdempak	mendempakkan
berdempak	didempakkan
berdempang-dempang	
berdempet	mendempetkan
berdempet	didempetkan
berdempet-dempet	
berdempetan	
berdempok	mendempokkan
berdempok	didempokkan
berdencing-dencing	
berdendam	mendendamkan
berdendam	didendamkan
berdendam-dendaman	
berdendang	mendendangkan
berdendang	didendangkan
berdengap	mendengapkan
berdengap	didengapkan
berdengar	mendengarkan
berdengar	didengarkan
berdenging	mendengingkan
berdenging	didengingkan
berdengkang-dengkang	
berdengki	mendengkikan
berdengki	didengkikan
berdengking	mendengkingkan
berdengking	didengkingkan
berdengkung	mendengkungkan
berdengkung	didengkungkan
berdengkur	mendengkurkan
berdengkur	didengkurkan
berdengkus	mendengkuskan
berdengkus	didengkuskan
berdengu	mendengukan
berdengu	didengukan
berdengung	mendengungkan
berdengung	didengungkan
berdengus	mendenguskan
berdengus	didenguskan
berdengut	mendengutkan
berdengut	didengutkan
berdengut-dengut	
berdentam	mendentamkan
berdentam	didentamkan
berdentang	mendentangkan
berdentang	didentangkan
berdentang-dentang	
berdenting	mendentingkan
berdenting	didentingkan
berdentum	mendentumkan
berdentum	didentumkan
berdentum-dentum	
berdentuman	
berdentung	mendentungkan
berdentung	didentungkan
berdentung-dentung	
berdenyar	mendenyarkan
berdenyar	didenyarkan
berdenyar-denyar	
berdenyit	mendenyitkan
berdenyit	didenyitkan
berdenyut	mendenyutkan
berdenyut	didenyutkan
berdenyut-denyut	
berdepak-depak	
berdepan-depan	
berderai	menderaikan
berderai	dideraikan
berderai-derai	
berderak	menderakkan
berderak	diderakkan
berderak-derak	
berderam	menderamkan
berderam	dideramkan
berderam-deram	
berderang	menderangkan
berderang	diderangkan
berderap	menderapkan
berderap	diderapkan
berderau	menderaukan
berderau	dideraukan
berderau-derau	
berderet	menderetkan
berderet	dideretkan
berderik	menderikkan
berderik	diderikkan
berderik-derik	
berdering	menderingkan
berdering	dideringkan
berdering-dering	
berderis	menderiskan
berderis	dideriskan
berderit	menderitkan
berderit	dideritkan
berderuk	menderukkan
berderuk	diderukkan
berderum	menderumkan
berderum	diderumkan
berderung-derung	
berderus-derus	
berdesah	mendesahkan
berdesah	didesahkan
berdesain	mendesainkan
berdesain	didesainkan
berdesak	mendesakkan
berdesak	didesakkan
berdesak-desakan	
berdesar	mendesarkan
berdesar	didesarkan
berdesau	mendesaukan
berdesau	didesaukan
berdesik-desik	
berdesing	mendesingkan
berdesing	didesingkan
berdesing-desing	
berdesingan	
berdesir	mendesirkan
berdesir	didesirkan
berdesus	mendesuskan
berdesus	didesuskan
berdesus-desus	
berdetak	mendetakkan
berdetak	didetakkan
berdetar	mendetarkan
berdetar	didetarkan
berdetas	mendetaskan
berdetas	didetaskan
berdetik	mendetikkan
berdetik	didetikkan
berdetus	mendetuskan
berdetus	didetuskan
berdialog	mendialogkan
berdialog	didialogkan
berdiam	mendiamkan
berdiam	didiamkan
berdiang	mendiangkan
berdiang	didiangkan
berdiet	mendietkan
berdiet	didietkan
berdikit-dikit	
berdinas	mendinaskan
berdinas	didinaskan
berdinding	mendindingkan
berdinding	didindingkan
berdingkit-dingkit	
berdiplomasi	mendiplomasikan
berdiplomasi	didiplomasikan
berdiri	mendirikan
berdiri	didirikan
berdisiplin	mendisiplinkan
berdisiplin	didisiplinkan
berdiskusi	mendiskusikan
berdiskusi	didiskusikan
berdoa	mendoakan
berdoa	didoakan
berdogol	mendogolkan
berdogol	didogolkan
berdokar	mendokarkan
berdokar	didokarkan
berdomisili	mendomisilikan
berdomisili	didomisilikan
berdompak	mendompakkan
berdompak	didompakkan
berdompol	mendompolkan
berdompol	didompolkan
berdosa	mendosakan
berdosa	didosakan
berdosis	mendosiskan
berdosis	didosiskan
berduel	menduelkan
berduel	diduelkan
berduet	menduetkan
berduet	diduetkan
berduka	mendukakan
berduka	didukakan
berdukacita	mendukacitakan
berdukacita	didukacitakan
berdukun	mendukunkan
berdukun	didukunkan
berdukung	mendukungkan
berdukung	didukungkan
berduli	mendulikan
berduli	didulikan
berdurasi	mendurasikan
berdurasi	didurasikan
berdurhaka	mendurhakakan
berdurhaka	didurhakakan
berduri	mendurikan
berduri	didurikan
berduru	mendurukan
berduru	didurukan
berduru-duru	
berdusta	mendustakan
berdusta	didustakan
berdwifungsi	mendwifungsikan
berdwifungsi	didwifungsikan
bereaksi	mereaksikan
bereaksi	direaksikan
berebab	merebabkan
berebab	direbabkan
berebana	merebanakan
berebana	direbanakan
berebesan	
berebut	merebutkan
berebut	direbutkan
berebut-rebut	
berebut-rebutan	
berebutan	
bereda	meredakan
bereda	diredakan
beredar	mengedarkan
beredar	diedarkan
berefraksi	merefraksikan
berefraksi	direfraksikan
beregang-regang	
beregu	meregukan
beregu	diregukan
berekan	merekankan
berekan	direkankan
berekonomi	mengekonomikan
berekonomi	diekonomikan
berekor	mengekorkan
berekor	diekorkan
berekreasi	merekreasikan
berekreasi	direkreasikan
berekskursi	mengekskursikan
berekskursi	diekskursikan
berekspansi	mengekspansikan
berekspansi	diekspansikan
bereluk	merelukkan
bereluk	direlukkan
beremas	mengemaskan
beremas	diemaskan
berembuk	merembukkan
berembuk	dirembukkan
berembun	mengembunkan
berembun	diembunkan
berembus	mengembuskan
berembus	diembuskan
berembut-rembut	
beremigrasi	mengemigrasikan
beremigrasi	diemigrasikan
berempak	merempakkan
berempak	dirempakkan
berempap	mengempapkan
berempap	diempapkan
berempati	mengempatikan
berempati	diempatikan
berenak-enak	
berenang	merenangkan
berenang	direnangkan
berenangan	
berencana	merencanakan
berencana	direncanakan
berencel-encel	
berenceng	merencengkan
berenceng	direncengkan
berenda	merendakan
berenda	direndakan
berendam	merendamkan
berendam	direndamkan
berendeng	merendengkan
berendeng	direndengkan
berenggil	mengenggilkan
berenggil	dienggilkan
berengkau	mengengkaukan
berengkau	diengkaukan
berengsaan	
berengsel	mengengselkan
berengsel	diengselkan
berenteng-renteng	
berentet	merentetkan
berentet	direntetkan
berentetan	
berenyah	merenyahkan
berenyah	direnyahkan
bererakan	
berereksi	mengereksikan
berereksi	diereksikan
bererot	mengerotkan
bererot	dierotkan
bererotan	
beresa-esaan	
beresah-resah	
beresok	mengesokkan
beresok	diesokkan
berevakuasi	mengevakuasikan
berevakuasi	dievakuasikan
berevolusi	mengevolusikan
berevolusi	dievolusikan
berfaedah	memfaedahkan
berfaedah	difaedahkan
berfalsafah	memfalsafahkan
berfalsafah	difalsafahkan
berfantasi	memfantasikan
berfantasi	difantasikan
berfatwa	memfatwakan
berfatwa	difatwakan
berfirman	memfirmankan
berfirman	difirmankan
berfitrah	memfitrahkan
berfitrah	difitrahkan
berfluktuasi	memfluktuasikan
berfluktuasi	difluktuasikan
berfokus	memfokuskan
berfokus	difokuskan
berfoto	memfotokan
berfoto	difotokan
berfoya-foya	
berfungsi	memfungsikan
berfungsi	difungsikan
berfusi	memfusikan
berfusi	difusikan
bergabung	menggabungkan
bergabung	digabungkan
bergadai	menggadaikan
bergadai	digadaikan
bergading	menggadingkan
bergading	digadingkan
bergaduh	menggaduhkan
bergaduh	digaduhkan
bergaduk	menggadukkan
bergaduk	digadukkan
bergagah-gagahan	
bergagap-gagap	
bergagau-gagau	
bergairah	menggairahkan
bergairah	digairahkan
bergaji	menggajikan
bergaji	digajikan
bergala	menggalakan
bergala	digalakan
bergalah	menggalahkan
bergalah	digalahkan
bergalang	menggalangkan
bergalang	digalangkan
bergalat	menggalatkan
bergalat	digalatkan
bergalau	menggalaukan
bergalau	digalaukan
bergalur-galur	
bergamat	menggamatkan
bergamat	digamatkan
bergambar	menggambarkan
bergambar	digambarkan
bergambuh	menggambuhkan
bergambuh	digambuhkan
bergamit	menggamitkan
bergamit	digamitkan
bergamitan	
berganda	menggandakan
berganda	digandakan
bergandeng	menggandengkan
bergandeng	digandengkan
bergandeng-gandeng	
bergandengan	
berganding	menggandingkan
berganding	digandingkan
bergandingan	
berganduh	mengganduhkan
berganduh	diganduhkan
bergandung	menggandungkan
bergandung	digandungkan
berganggang	mengganggangkan
berganggang	diganggangkan
berganjak	mengganjakkan
berganjak	diganjakkan
berganjal	mengganjalkan
berganjal	diganjalkan
berganjur	mengganjurkan
berganjur	diganjurkan
berganjur-ganjur	
berganti	menggantikan
berganti	digantikan
berganti-ganti	
bergantung	menggantungkan
bergantung	digantungkan
bergantungan	
bergapaian	
bergarah	menggarahkan
bergarah	digarahkan
bergarah-garah	
bergaram	menggaramkan
bergaram	digaramkan
bergaransi	menggaransikan
bergaransi	digaransikan
bergarau	menggaraukan
bergarau	digaraukan
bergaris	menggariskan
bergaris	digariskan
bergaruk-garuk	
bergasing	menggasingkan
bergasing	digasingkan
bergaul	menggaulkan
bergaul	digaulkan
bergaun	menggaunkan
bergaun	digaunkan
bergaung	menggaungkan
bergaung	digaungkan
bergaya	menggayakan
bergaya	digayakan
bergaya-gaya	
bergayuh	menggayuhkan
bergayuh	digayuhkan
bergayung	menggayungkan
bergayung	digayungkan
bergayut	menggayutkan
bergayut	digayutkan
bergayutan	
bergeduyut	menggeduyutkan
bergeduyut	digeduyutkan
bergegar	menggegarkan
bergegar	digegarkan
bergegas	menggegaskan
bergegas	digegaskan
bergegas-gegas	
bergejolak	menggejolakkan
bergejolak	digejolakkan
bergelagar	menggelagarkan
bergelagar	digelagarkan
bergelagaran	
bergelambir	menggelambirkan
bergelambir	digelambirkan
bergelandangan	
bergelang-gelang	
bergelanggang	menggelanggangkan
bergelanggang	digelanggangkan
bergelantung	menggelantungkan
bergelantung	digelantungkan
bergelantungan	
bergelap-gelap	
bergelar	
bergelas-gelasan	
bergelayangan	
bergelayut	
bergelayutan	
bergeleberan	
bergelegak	menggelegakkan
bergelegak	digelegakkan
bergelegar	
bergelembung	
bergelemprang	
bergelendot	menggelendotkan
bergelendot	digelendotkan
bergelendotan	
bergeleng	menggelengkan
bergeleng	digelengkan
bergeleng-geleng	
bergeleparan	
bergelimang	menggelimangkan
bergelimang	digelimangkan
bergelimpang	menggelimpangkan
bergelimpang	digelimpangkan
bergelimpangan	
bergelimun	menggelimunkan
bergelimun	digelimunkan
bergelindingan	
bergelingsir	menggelingsirkan
bergelingsir	digelingsirkan
bergelintin	menggelintinkan
bergelintin	digelintinkan
bergelombang	menggelombangkan
bergelombang	digelombangkan
bergelonggong	menggelonggongkan
bergelonggong	digelonggongkan
bergelora	menggelorakan
bergelora	digelorakan
bergelugut	menggelugutkan
bergelugut	digelugutkan
bergelundungan	
bergelung	menggelungkan
bergelung	digelungkan
bergelut	menggelutkan
bergelut	digelutkan
bergema	menggemakan
bergema	digemakan
bergemar	menggemarkan
bergemar	digemarkan
bergembira	menggembirakan
bergembira	digembirakan
bergembleng	menggemblengkan
bergembleng	digemblengkan
bergembok	menggembokkan
bergembok	digembokkan
bergembung	menggembungkan
bergembung	digembungkan
bergembut-gembut	
bergempa	menggempakan
bergempa	digempakan
bergemuruh	menggemuruhkan
bergemuruh	digemuruhkan
bergenang	menggenangkan
bergenang	digenangkan
bergendak	menggendakkan
bergendak	digendakkan
bergendakan	
bergendang	menggendangkan
bergendang	digendangkan
bergenggam	menggenggamkan
bergenggam	digenggamkan
bergengsi	menggengsikan
bergengsi	digengsikan
bergenre	menggenrekan
bergenre	digenrekan
bergentar	menggentarkan
bergentar	digentarkan
bergentayangan	
bergerak	menggerakkan
bergerak	digerakkan
bergerak-gerak	
bergerapu	menggerapukan
bergerapu	digerapukan
bergerayangan	
bergerepes	menggerepeskan
bergerepes	digerepeskan
bergeretak	menggeretakkan
bergeretak	digeretakkan
bergerigi	menggerigikan
bergerigi	digerigikan
bergerilya	menggerilyakan
bergerilya	digerilyakan
bergerincing	menggerincingkan
bergerincing	digerincingkan
bergerobok	menggerobokkan
bergerobok	digerobokkan
bergerocok	menggerocokkan
bergerocok	digerocokkan
bergerombol	menggerombolkan
bergerombol	digerombolkan
bergesa-gesa	
bergesek	menggesekkan
bergesek	digesekkan
bergesel	menggeselkan
bergesel	digeselkan
bergeser	menggeserkan
bergeser	digeserkan
bergeseran	
bergetah	menggetahkan
bergetah	digetahkan
bergetar	menggetarkan
bergetar	digetarkan
bergiat	menggiatkan
bergiat	digiatkan
bergidik	menggidikkan
bergidik	digidikkan
bergigi	menggigikan
bergigi	digigikan
bergilir	menggilirkan
bergilir	digilirkan
bergilir-gilir	
bergiliran	
bergincu	menggincukan
bergincu	digincukan
bergiwang	menggiwangkan
bergiwang	digiwangkan
bergizi	menggizikan
bergizi	digizikan
bergocoh	menggocohkan
bergocoh	digocohkan
bergojek	menggojekkan
bergojek	digojekkan
bergolak	menggolakkan
bergolak	digolakkan
bergolak-golak	
bergolek	menggolekkan
bergolek	digolekkan
bergolek-golek	
bergolekan	
bergoler	menggolerkan
bergoler	digolerkan
bergolok	menggolokkan
bergolok	digolokkan
bergolong-golong	
bergonjong	menggonjongkan
bergonjong	digonjongkan
bergontai	menggontaikan
bergontai	digontaikan
bergontok	menggontokkan
bergontok	digontokkan
bergontokan	
bergores	menggoreskan
bergores	digoreskan
bergosip	menggosipkan
bergosip	digosipkan
bergosok	menggosokkan
bergosok	digosokkan
bergosokan	
bergosong	menggosongkan
bergosong	digosongkan
bergoyah	menggoyahkan
bergoyah	digoyahkan
bergoyang	menggoyangkan
bergoyang	digoyangkan
bergoyang-goyang	
bergranula	menggranulakan
bergranula	digranulakan
berguam	mengguamkan
berguam	diguamkan
berguguran	
bergugus-gugus	
bergula	menggulakan
bergula	digulakan
bergulat	menggulatkan
bergulat	digulatkan
berguling	menggulingkan
berguling	digulingkan
bergulingan	
bergulir	menggulirkan
bergulir	digulirkan
bergulung	menggulungkan
bergulung	digulungkan
bergulung-gulung	
bergulut	menggulutkan
bergulut	digulutkan
bergumam	menggumamkan
bergumam	digumamkan
bergumpal	menggumpalkan
bergumpal	digumpalkan
bergumpal-gumpal	
bergumul	menggumulkan
bergumul	digumulkan
berguna	menggunakan
berguna	digunakan
berguncang	mengguncangkan
berguncang	diguncangkan
bergundu	menggundukan
bergundu	digundukan
bergunduk-gunduk	
bergundul	menggundulkan
bergundul	digundulkan
bergunjing	menggunjingkan
bergunjing	digunjingkan
bergunung-gunung	
bergurah	menggurahkan
bergurah	digurahkan
bergurau	mengguraukan
bergurau	diguraukan
bergurindam	menggurindamkan
bergurindam	digurindamkan
berguru	menggurukan
berguru	digurukan
berguselan	
bergusti	menggustikan
bergusti	digustikan
berguyub	mengguyubkan
berguyub	diguyubkan
berhabis	menghabiskan
berhabis	dihabiskan
berhad	menghadkan
berhad	dihadkan
berhadap-hadapan	
berhadiah	menghadiahkan
berhadiah	dihadiahkan
berhajat	menghajatkan
berhajat	dihajatkan
berhaji	menghajikan
berhaji	dihajikan
berhak	menghakkan
berhak	dihakkan
berhakim	menghakimkan
berhakim	dihakimkan
berhal	menghalkan
berhal	dihalkan
berhala	menghalakan
berhala	dihalakan
berhalalbihalal	menghalalbihalalkan
berhalalbihalal	dihalalbihalalkan
berhalangan	
berhaluan	menghaluankan
berhaluan	dihaluankan
berhamba	menghambakan
berhamba	dihambakan
berhamburan	
berhamun-hamun	
berhandai-handai	
berhantam	menghantamkan
berhantam	dihantamkan
berhantar	menghantarkan
berhantar	dihantarkan
berhantaran	
berhantu	menghantukan
berhantu	dihantukan
berhanyut	menghanyutkan
berhanyut	dihanyutkan
berhanyut-hanyut	
berharap	mengharapkan
berharap	diharapkan
berharapan	
berharapkan	
berharga	menghargakan
berharga	dihargakan
berhari	mengharikan
berhari	diharikan
berharta	menghartakan
berharta	dihartakan
berhasil	menghasilkan
berhasil	dihasilkan
berhasrat	menghasratkan
berhasrat	dihasratkan
berhati	menghatikan
berhati	dihatikan
berhati-hati	
berhawa	menghawakan
berhawa	dihawakan
berhektare-hektare	
berhelai	menghelaikan
berhelai	dihelaikan
berhelat	menghelatkan
berhelat	dihelatkan
berhemat	menghematkan
berhemat	dihematkan
berhembalang	menghembalangkan
berhembalang	dihembalangkan
berhias	menghiaskan
berhias	dihiaskan
berhiaskan	
berhidangan	
berhidung	menghidungkan
berhidung	dihidungkan
berhikayat	menghikayatkan
berhikayat	dihikayatkan
berhikmah	menghikmahkan
berhikmah	dihikmahkan
berhilau	menghilaukan
berhilau	dihilaukan
berhilau-hilau	
berhiliran	
berhimpun	menghimpunkan
berhimpun	dihimpunkan
berhina	menghinakan
berhina	dihinakan
berhindu	menghindukan
berhindu	dihindukan
berhingga	menghinggakan
berhingga	dihinggakan
berhipotesis	menghipotesiskan
berhipotesis	dihipotesiskan
berhitung	menghitungkan
berhitung	dihitungkan
berhoki	menghokikan
berhoki	dihokikan
berhormat	menghormatkan
berhormat	dihormatkan
berhormat-hormat	
berhubung	menghubungkan
berhubung	dihubungkan
berhubungan	
berhujah	menghujahkan
berhujah	dihujahkan
berhujan	menghujankan
berhujan	dihujankan
berhujan-hujan	
berhukum	menghukumkan
berhukum	dihukumkan
berhulu	menghulukan
berhulu	dihulukan
berhulukan	
berhuma	menghumakan
berhuma	dihumakan
berhuni	menghunikan
berhuni	dihunikan
berhuruf	menghurufkan
berhuruf	dihurufkan
beri-memberi	
beria	mengiakan
beria	diiakan
beria-ia	
beria-ria	
beriak	meriakkan
beriak	diriakkan
beriak-riak	
berias	meriaskan
berias	diriaskan
beriba-iba	
beribadah	mengibadahkan
beribadah	diibadahkan
beribadat	mengibadatkan
beribadat	diibadatkan
beribarat	mengibaratkan
beribarat	diibaratkan
beribu	mengibukan
beribu	diibukan
beridentitas	mengidentitaskan
beridentitas	diidentitaskan
berideologi	mengideologikan
berideologi	diideologikan
berigi-rigi	merigi-rigikan
berigi-rigi	dirigi-rigikan
berihat	merihatkan
berihat	dirihatkan
berihram	mengihramkan
berihram	diihramkan
berijab	mengijabkan
berijab	diijabkan
berijazah	mengijazahkan
berijazah	diijazahkan
berijmak	mengijmakkan
berijmak	diijmakkan
berijtihad	mengijtihadkan
berijtihad	diijtihadkan
berikan	mengikankan
berikan	diikankan
berikat	mengikatkan
berikat	diikatkan
berikhtiar	mengikhtiarkan
berikhtiar	diikhtiarkan
beriklim	mengiklimkan
beriklim	diiklimkan
berikrar	mengikrarkan
berikrar	diikrarkan
beriktikad	mengiktikadkan
beriktikad	diiktikadkan
berikut	mengikutkan
berikut	diikutkan
berilah	mengilahkan
berilah	diilahkan
berilmu	mengilmukan
berilmu	diilmukan
berima	merimakan
berima	dirimakan
beriman	mengimankan
beriman	diimankan
berimankan	
berimbang	mengimbangkan
berimbang	diimbangkan
berimbas	mengimbaskan
berimbas	diimbaskan
berimbuhan	
berimigrasi	mengimigrasikan
berimigrasi	diimigrasikan
berimpit	mengimpitkan
berimpit	diimpitkan
berimpit-impit	
berimpitan	
berimplikasi	mengimplikasikan
berimplikasi	diimplikasikan
berimprovisasi	mengimprovisasikan
berimprovisasi	diimprovisasikan
berinai	menginaikan
berinai	diinaikan
berinaian	
berindap-indap	
berindikasi	mengindikasikan
berindikasi	diindikasikan
berinduk	mengindukkan
berinduk	diindukkan
berinfiltrasi	menginfiltrasikan
berinfiltrasi	diinfiltrasikan
berinfleksi	menginfleksikan
berinfleksi	diinfleksikan
beringat	mengingatkan
beringat	diingatkan
beringat-ingat	
beringgit-ringgit	
beringsut	mengingsutkan
beringsut	diingsutkan
berinisial	menginisialkan
berinisial	diinisialkan
berinisiatif	menginisiatifkan
berinisiatif	diinisiatifkan
berinkarnasi	menginkarnasikan
berinkarnasi	diinkarnasikan
berinsang	menginsangkan
berinsang	diinsangkan
berintegrasi	mengintegrasikan
berintegrasi	diintegrasikan
berinteraksi	menginteraksikan
berinteraksi	diinteraksikan
berintik-rintik	
berintrospeksi	mengintrospeksikan
berintrospeksi	diintrospeksikan
berinvasi	menginvasikan
berinvasi	diinvasikan
berinvestasi	menginvestasikan
berinvestasi	diinvestasikan
beripar	mengiparkan
beripar	diiparkan
beripuh	mengipuhkan
beripuh	diipuhkan
berirama	mengiramakan
berirama	diiramakan
beriring	mengiringkan
beriring	diiringkan
beriring-iring	
beriring-iringan	
berisi	mengisikan
berisi	diisikan
beristibdad	mengistibdadkan
beristibdad	diistibdadkan
beristigfar	mengistigfarkan
beristigfar	diistigfarkan
beristikharah	mengistikharahkan
beristikharah	diistikharahkan
beristinja	mengistinjakan
beristinja	diistinjakan
beristirahat	mengistirahatkan
beristirahat	diistirahatkan
beristri	mengistrikan
beristri	diistrikan
beristrikan	
beriuran	
beriwayat	meriwayatkan
beriwayat	diriwayatkan
berjabat	menjabatkan
berjabat	dijabatkan
berjabatan	
berjabir-jabir	
berjaga	menjagakan
berjaga	dijagakan
berjaga-jaga	
berjagal	menjagalkan
berjagal	dijagalkan
berjagung-jagung	
berjahat	menjahatkan
berjahat	dijahatkan
berjaipong	menjaipongkan
berjaipong	dijaipongkan
berjaja	menjajakan
berjaja	dijajakan
berjajan	menjajankan
berjajan	dijajankan
berjajar	menjajarkan
berjajar	dijajarkan
berjalan	menjalankan
berjalan	dijalankan
berjalan-jalan	
berjalar-jalar	
berjalaran	
berjalin	menjalinkan
berjalin	dijalinkan
berjalin-jalin	
berjalinan	
berjalur	menjalurkan
berjalur	dijalurkan
berjalur-jalur	
berjambar	menjambarkan
berjambar	dijambarkan
berjambul	menjambulkan
berjambul	dijambulkan
berjampi	menjampikan
berjampi	dijampikan
berjamrah	menjamrahkan
berjamrah	dijamrahkan
berjamu	menjamukan
berjamu	dijamukan
berjamur	menjamurkan
berjamur	dijamurkan
berjangka	menjangkakan
berjangka	dijangkakan
berjangkit	menjangkitkan
berjangkit	dijangkitkan
berjangkitan	
berjanjang	menjanjangkan
berjanjang	dijanjangkan
berjanji	menjanjikan
berjanji	dijanjikan
berjantan	menjantankan
berjantan	dijantankan
berjantang	menjantangkan
berjantang	dijantangkan
berjantung	menjantungkan
berjantung	dijantungkan
berjarak	menjarakkan
berjarak	dijarakkan
berjaram	menjaramkan
berjaram	dijaramkan
berjarum	menjarumkan
berjarum	dijarumkan
berjasa	menjasakan
berjasa	dijasakan
berjasad	menjasadkan
berjasad	dijasadkan
berjatuh	menjatuhkan
berjatuh	dijatuhkan
berjatuhan	
berjauh	menjauhkan
berjauh	dijauhkan
berjauh-jauhan	
berjauhan	
berjawab	menjawabkan
berjawab	dijawabkan
berjawat	menjawatkan
berjawat	dijawatkan
berjawatan	
berjaya	menjayakan
berjaya	dijayakan
berjebah	menjebahkan
berjebah	dijebahkan
berjebai	menjebaikan
berjebai	dijebaikan
berjeda	menjedakan
berjeda	dijedakan
berjejak	menjejakkan
berjejak	dijejakkan
berjejal	menjejalkan
berjejal	dijejalkan
berjejal-jejal	
berjela	menjelakan
berjela	dijelakan
berjela-jela	
berjelaga	menjelagakan
berjelaga	dijelagakan
berjelapak	menjelapakkan
berjelapak	dijelapakkan
berjelapakan	
berjelejehan	
berjeluk	menjelukkan
berjeluk	dijelukkan
berjelum	menjelumkan
berjelum	dijelumkan
berjemaah	menjemaahkan
berjemaah	dijemaahkan
berjempalitan	
berjemput	menjemputkan
berjemput	dijemputkan
berjemur	menjemurkan
berjemur	dijemurkan
berjenaka	menjenakakan
berjenaka	dijenakakan
berjendul	menjendulkan
berjendul	dijendulkan
berjengkek-jengkek	
berjengkeng	menjengkengkan
berjengkeng	dijengkengkan
berjengkengan	
berjengket	
berjengkot	menjengkotkan
berjengkot	dijengkotkan
berjenjang	menjenjangkan
berjenjang	dijenjangkan
berjentera	menjenterakan
berjentera	dijenterakan
berjerabai	menjerabaikan
berjerabai	dijerabaikan
berjerait	menjeraitkan
berjerait	dijeraitkan
berjeramah	menjeramahkan
berjeramah	dijeramahkan
berjerambai	menjerambaikan
berjerambai	dijerambaikan
berjerangkang	menjerangkangkan
berjerangkang	dijerangkangkan
berjerawat	menjerawatkan
berjerawat	dijerawatkan
berjerempak	menjerempakkan
berjerempak	dijerempakkan
berjerih	menjerihkan
berjerih	dijerihkan
berjermang	
berjerumat	menjerumatkan
berjerumat	dijerumatkan
berjetera	menjeterakan
berjetera	dijeterakan
berjibaku	menjibakukan
berjibaku	dijibakukan
berjibun	menjibunkan
berjibun	dijibunkan
berjihad	menjihadkan
berjihad	dijihadkan
berjilid	menjilidkan
berjilid	dijilidkan
berjilid-jilid	
berjimat	menjimatkan
berjimat	dijimatkan
berjinak-jinak	
berjingkat	menjingkatkan
berjingkat	dijingkatkan
berjingkat-jingkat	
berjingkik	menjingkikkan
berjingkik	dijingkikkan
berjingkik-jingkik	
berjingkrak	menjingkrakkan
berjingkrak	dijingkrakkan
berjingkrak-jingkrak	
berjinjang	menjinjangkan
berjinjang	dijinjangkan
berjinjit	menjinjitkan
berjinjit	dijinjitkan
berjiran	menjirankan
berjiran	dijirankan
berjiwa	menjiwakan
berjiwa	dijiwakan
berjodoh	menjodohkan
berjodoh	dijodohkan
berjogar	menjogarkan
berjogar	dijogarkan
berjoget	menjogetkan
berjoget	dijogetkan
berjolak	menjolakkan
berjolak	dijolakkan
berjompak	menjompakkan
berjompak	dijompakkan
berjompakan	
berjongkok	menjongkokkan
berjongkok	dijongkokkan
berjongkok-jongkok	
berjoran	menjorankan
berjoran	dijorankan
berjotos	menjotoskan
berjotos	dijotoskan
berjuak	menjuakkan
berjuak	dijuakkan
berjual	menjualkan
berjual	dijualkan
berjualan	
berjuang	menjuangkan
berjuang	dijuangkan
berjubel	menjubelkan
berjubel	dijubelkan
berjubel-jubel	
berjudi	menjudikan
berjudi	dijudikan
berjudul	menjudulkan
berjudul	dijudulkan
berjujuh	menjujuhkan
berjujuh	dijujuhkan
berjujut-jujutan	
berjulai	menjulaikan
berjulai	dijulaikan
berjulai-julai	
berjulat	menjulatkan
berjulat	dijulatkan
berjumbai	menjumbaikan
berjumbai	dijumbaikan
berjumbaian	
berjumlah	menjumlahkan
berjumlah	dijumlahkan
berjumpa	menjumpakan
berjumpa	dijumpakan
berjumpalit	menjumpalitkan
berjumpalit	dijumpalitkan
berjungkir	menjungkirkan
berjungkir	dijungkirkan
berjunjungan	
berjuntai	menjuntaikan
berjuntai	dijuntaikan
berjuntai-juntai	
berjuntaian	
berjupang	menjupangkan
berjupang	dijupangkan
berjurai	menjuraikan
berjurai	dijuraikan
berjurai-jurai	
berjuraian	
berkabar	mengabarkan
berkabar	dikabarkan
berkabilan	
berkabung	mengabungkan
berkabung	dikabungkan
berkabut	mengabutkan
berkabut	dikabutkan
berkaca	mengacakan
berkaca	dikacakan
berkacak	mengacakkan
berkacak	dikacakkan
berkacamata	mengacamatakan
berkacamata	dikacamatakan
berkacau	mengacaukan
berkacau	dikacaukan
berkafan	mengafankan
berkafan	dikafankan
berkain	mengainkan
berkain	dikainkan
berkaing-kaing	
berkait	mengaitkan
berkait	dikaitkan
berkait-kaitan	
berkaitan	
berkajang	mengajangkan
berkajang	dikajangkan
berkakak	
berkakakan	
berkaki	mengakikan
berkaki	dikakikan
berkala	mengalakan
berkala	dikalakan
berkala-kala	
berkalang	mengalangkan
berkalang	dikalangkan
berkaliber	mengaliberkan
berkaliber	dikaliberkan
berkalung	mengalungkan
berkalung	dikalungkan
berkamar	mengamarkan
berkamar	dikamarkan
berkambi	mengambikan
berkambi	dikambikan
berkamit-kamit	
berkampai	mengampaikan
berkampai	dikampaikan
berkampaian	
berkampanye	mengampanyekan
berkampanye	dikampanyekan
berkampuh	mengampuhkan
berkampuh	dikampuhkan
berkamu	mengamukan
berkamu	dikamukan
berkamuflase	mengamuflasekan
berkamuflase	dikamuflasekan
berkandul	mengandulkan
berkandul	dikandulkan
berkandung	mengandungkan
berkandung	dikandungkan
berkandungan	
berkang	mengangkan
berkang	dikangkan
berkanjang	menganjangkan
berkanjang	dikanjangkan
berkanjar	menganjarkan
berkanjar	dikanjarkan
berkanji	menganjikan
berkanji	dikanjikan
berkantaran	
berkantong	mengantongkan
berkantong	dikantongkan
berkantor	mengantorkan
berkantor	dikantorkan
berkaok-kaok	
berkapak	mengapakkan
berkapak	dikapakkan
berkapal	mengapalkan
berkapal	dikapalkan
berkapang	mengapangkan
berkapang	dikapangkan
berkapar	mengaparkan
berkapar	dikaparkan
berkaparan	
berkapas	mengapaskan
berkapas	dikapaskan
berkapasitas	mengapasitaskan
berkapasitas	dikapasitaskan
berkapital	mengapitalkan
berkapital	dikapitalkan
berkapitulasi	mengapitulasikan
berkapitulasi	dikapitulasikan
berkarang	mengarangkan
berkarang	dikarangkan
berkaraoke	mengaraokekan
berkaraoke	dikaraokekan
berkarat	mengaratkan
berkarat	dikaratkan
berkarau	mengaraukan
berkarau	dikaraukan
berkarib	mengaribkan
berkarib	dikaribkan
berkarier	mengarierkan
berkarier	dikarierkan
berkarpet	mengarpetkan
berkarpet	dikarpetkan
berkaru	mengarukan
berkaru	dikarukan
berkarung	mengarungkan
berkarung	dikarungkan
berkarut	mengarutkan
berkarut	dikarutkan
berkarya	mengaryakan
berkarya	dikaryakan
berkasan	mengasankan
berkasan	dikasankan
berkasidah	mengasidahkan
berkasidah	dikasidahkan
berkasih	mengasihkan
berkasih	dikasihkan
berkasih-kasihan	
berkasihan	mengasihankan
berkasihan	dikasihankan
berkata	mengatakan
berkata	dikatakan
berkata-kata	
berkatak-katak	
berkategori	mengategorikan
berkategori	dikategorikan
berkaul	mengaulkan
berkaul	dikaulkan
berkaum	mengaumkan
berkaum	dikaumkan
berkaus	mengauskan
berkaus	dikauskan
berkaveling	mengavelingkan
berkaveling	dikavelingkan
berkawal	mengawalkan
berkawal	dikawalkan
berkawan	mengawankan
berkawan	dikawankan
berkawin	mengawinkan
berkawin	dikawinkan
berkayau	mengayaukan
berkayau	dikayaukan
berkayu	mengayukan
berkayu	dikayukan
berkayuh	mengayuhkan
berkayuh	dikayuhkan
berkeadilan	
berkeahlian	
berkebaya	mengebayakan
berkebaya	dikebayakan
berkeberatan	
berkebetulan	
berkebun	
berkebyaran	
berkecai-kecai	
berkecak	mengecakkan
berkecak	dikecakkan
berkecambah	mengecambahkan
berkecambah	dikecambahkan
berkecamuk	mengecamukkan
berkecamuk	dikecamukkan
berkecandan	mengecandankan
berkecandan	dikecandankan
berkecapi	mengecapikan
berkecapi	dikecapikan
berkecek-kecek	
berkecenderungan	
berkecepatan	
berkeciak	mengeciakkan
berkeciak	dikeciakkan
berkecibakan	
berkecil-kecil	
berkecil-kecilan	
berkecimpung	mengecimpungkan
berkecimpung	dikecimpungkan
berkecipak	mengecipakkan
berkecipak	dikecipakkan
berkecondongan	
berkecuali	mengecualikan
berkecuali	dikecualikan
berkecukupan	
berkecumik	mengecumikkan
berkecumik	dikecumikkan
berkedai	mengedaikan
berkedai	dikedaikan
berkedal	mengedalkan
berkedal	dikedalkan
berkedip	mengedipkan
berkedip	dikedipkan
berkedip-kedip	
berkedok	mengedokkan
berkedok	dikedokkan
berkedudukan	
berkedut	mengedutkan
berkedut	dikedutkan
berkegiatan	
berkehendak	
berkeinginan	
berkejai	mengejaikan
berkejai	dikejaikan
berkejang	mengejangkan
berkejang	dikejangkan
berkejang-kejang	
berkejap	mengejapkan
berkejap	dikejapkan
berkejap-kejap	
berkejar-kejaran	
berkejaran	
berkeji	mengejikan
berkeji	dikejikan
berkejut	mengejutkan
berkejut	dikejutkan
berkejutan	
berkekalan	
berkekurangan	
berkelabang	mengelabangkan
berkelabang	dikelabangkan
berkeladak	mengeladakkan
berkeladak	dikeladakkan
berkelahi	mengelahikan
berkelahi	dikelahikan
berkelainan	
berkelakar	mengelakarkan
berkelakar	dikelakarkan
berkelam	mengelamkan
berkelam	dikelamkan
berkelambu	mengelambukan
berkelambu	dikelambukan
berkelamin	mengelaminkan
berkelamin	dikelaminkan
berkelana	mengelanakan
berkelana	dikelanakan
berkelanjaran	
berkelanjutan	
berkelar	mengelarkan
berkelar	dikelarkan
berkelar-kelar	
berkelas	mengelaskan
berkelas	dikelaskan
berkelebat	mengelebatkan
berkelebat	dikelebatkan
berkelebatan	
berkelebihan	
berkelejat	mengelejatkan
berkelejat	dikelejatkan
berkelelot	mengelelotkan
berkelelot	dikelelotkan
berkelemban	mengelembankan
berkelemban	dikelembankan
berkelembapan	
berkelepai	mengelepaikan
berkelepai	dikelepaikan
berkelepai-kelepai	
berkeletah	mengeletahkan
berkeletah	dikeletahkan
berkeliaran	
berkelibang	mengelibangkan
berkelibang	dikelibangkan
berkelibangan	
berkelijak	mengelijakkan
berkelijak	dikelijakkan
berkeliling	mengelilingkan
berkeliling	dikelilingkan
berkelim	mengelimkan
berkelim	dikelimkan
berkelindan	mengelindankan
berkelindan	dikelindankan
berkelintaran	
berkelip	mengelipkan
berkelip	dikelipkan
berkelip-kelip	
berkelit	mengelitkan
berkelit	dikelitkan
berkelit-kelit	
berkelocak	mengelocakkan
berkelocak	dikelocakkan
berkelok	mengelokkan
berkelok	dikelokkan
berkelok-kelok	
berkelompok	mengelompokkan
berkelompok	dikelompokkan
berkelompok-kelompok	
berkelong	mengelongkan
berkelong	dikelongkan
berkelopak	mengelopakkan
berkelopak	dikelopakkan
berkeloyak	mengeloyakkan
berkeloyak	dikeloyakkan
berkeluarga	mengeluargakan
berkeluarga	dikeluargakan
berkeluh	mengeluhkan
berkeluh	dikeluhkan
berkeluk	mengelukkan
berkeluk	dikelukkan
berkelukur	mengelukurkan
berkelukur	dikelukurkan
berkelukuran	
berkelumun	mengelumunkan
berkelumun	dikelumunkan
berkelun-kelun	
berkeluyuran	
berkemah	mengemahkan
berkemah	dikemahkan
berkemal	mengemalkan
berkemal	dikemalkan
berkemampuan	
berkemas	mengemaskan
berkemas	dikemaskan
berkemban	
berkembang	mengembangkan
berkembang	dikembangkan
berkembar	mengembarkan
berkembar	dikembarkan
berkembur-kembur	
berkemeja	mengemejakan
berkemeja	dikemejakan
berkemendang	mengemendangkan
berkemendang	dikemendangkan
berkementam	mengementamkan
berkementam	dikementamkan
berkemih	mengemihkan
berkemih	dikemihkan
berkempul-kempul	
berkemu	mengemukan
berkemu	dikemukan
berkemudi	mengemudikan
berkemudi	dikemudikan
berkena-kenaan	
berkenaan	
berkenal-kenalan	
berkenalan	
berkenan	mengenankan
berkenan	dikenankan
berkencan	mengencankan
berkencan	dikencankan
berkendara	mengendarakan
berkendara	dikendarakan
berkendaraan	
berkendur-kendur	
berkenduri	mengendurikan
berkenduri	dikendurikan
berkentut	mengentutkan
berkentut	dikentutkan
berkeok-keok	
berkeokan	
berkepak	mengepakkan
berkepak	dikepakkan
berkepak-kepak	
berkepala	mengepalakan
berkepala	dikepalakan
berkepang	mengepangkan
berkepang	dikepangkan
berkepentingan	
berkeping-keping	
berkepit	mengepitkan
berkepit	dikepitkan
berkepuk	mengepukkan
berkepuk	dikepukkan
berkepul	mengepulkan
berkepul	dikepulkan
berkepul-kepul	
berkepung	mengepungkan
berkepung	dikepungkan
berkeputusan	
berkerabat	mengerabatkan
berkerabat	dikerabatkan
berkerabu	mengerabukan
berkerabu	dikerabukan
berkerah	mengerahkan
berkerah	dikerahkan
berkerak	mengerakkan
berkerak	dikerakkan
berkeramas	mengeramaskan
berkeramas	dikeramaskan
berkerang	mengerangkan
berkerang	dikerangkan
berkeras	mengeraskan
berkeras	dikeraskan
berkeras-kerasan	
berkeredong	mengeredongkan
berkeredong	dikeredongkan
berkereket	mengereketkan
berkereket	dikereketkan
berkereta	mengeretakan
berkereta	dikeretakan
berkeriapan	
berkericau	mengericaukan
berkericau	dikericaukan
berkericauan	
berkering-kering	
berkeringat	mengeringatkan
berkeringat	dikeringatkan
berkeriput	mengeriputkan
berkeriput	dikeriputkan
berkeris	mengeriskan
berkeris	dikeriskan
berkerisik	mengerisikkan
berkerisik	dikerisikkan
berkeritik-keritik	
berkeriuk	mengeriukkan
berkeriuk	dikeriukkan
berkeriut	mengeriutkan
berkeriut	dikeriutkan
berkeriutan	
berkeroncongan	
berkerotak	mengerotakkan
berkerotak	dikerotakkan
berkerubung	mengerubungkan
berkerubung	dikerubungkan
berkerudung	mengerudungkan
berkerudung	dikerudungkan
berkeruh	mengeruhkan
berkeruh	dikeruhkan
berkeruit-keruit	
berkerumuk	mengerumukkan
berkerumuk	dikerumukkan
berkerumun	mengerumunkan
berkerumun	dikerumunkan
berkerunyut	mengerunyutkan
berkerunyut	dikerunyutkan
berkerut	mengerutkan
berkerut	dikerutkan
berkerut-kerut	
berkeruyuk	mengeruyukkan
berkeruyuk	dikeruyukkan
berkesampaian	
berkesan	mengesankan
berkesan	dikesankan
berkesempatan	
berkesesuaian	
berkeset	mengesetkan
berkeset	dikesetkan
berkesimpulan	
berkesinambungan	
berkesiur	mengesiurkan
berkesiur	dikesiurkan
berkesiuran	
berkesot	mengesotkan
berkesot	dikesotkan
berkesungguhan	
berketai-ketai	
berketak	mengetakkan
berketak	diketakkan
berketak-ketak	
berketak-ketik	
berketakutan	
berketam	mengetamkan
berketam	diketamkan
berketap-ketip	
berketar-ketar	
berketentuan	
berketetapan	
berketil-ketil	
berketua	mengetuakan
berketua	diketuakan
berketuk	mengetukkan
berketuk	diketukkan
berketuk-ketak	
berketul-ketul	
berketur	mengeturkan
berketur	diketurkan
berkewajiban	
berkeyakinan	
berkhalwat	mengkhalwatkan
berkhalwat	dikhalwatkan
berkhamir	mengkhamirkan
berkhamir	dikhamirkan
berkhasiat	mengkhasiatkan
berkhasiat	dikhasiatkan
berkhayal	mengkhayalkan
berkhayal	dikhayalkan
berkhianat	mengkhianatkan
berkhianat	dikhianatkan
berkhidmat	mengkhidmatkan
berkhidmat	dikhidmatkan
berkhitan	mengkhitankan
berkhitan	dikhitankan
berkhotbah	mengkhotbahkan
berkhotbah	dikhotbahkan
berkial	mengialkan
berkial	dikialkan
berkial-kial	
berkias	mengiaskan
berkias	dikiaskan
berkias-kias	
berkias-kiasan	
berkiat	mengiatkan
berkiat	dikiatkan
berkibar	mengibarkan
berkibar	dikibarkan
berkibar-kibar	
berkibaran	
berkiblat	mengiblatkan
berkiblat	dikiblatkan
berkicau	mengicaukan
berkicau	dikicaukan
berkicuh	mengicuhkan
berkicuh	dikicuhkan
berkicut	mengicutkan
berkicut	dikicutkan
berkikikan	
berkikir	mengikirkan
berkikir	dikikirkan
berkilah	mengilahkan
berkilah	dikilahkan
berkilah-kilah	
berkilap	mengilapkan
berkilap	dikilapkan
berkilap-kilap	
berkilat	mengilatkan
berkilat	dikilatkan
berkilat-kilat	
berkilatan	
berkilau	mengilaukan
berkilau	dikilaukan
berkilau-kilauan	
berkilauan	
berkimbang-kimbang	
berkincir	mengincirkan
berkincir	dikincirkan
berkinerja	menginerjakan
berkinerja	dikinerjakan
berkinja-kinja	
berkinte	mengintekan
berkinte	dikintekan
berkipas	mengipaskan
berkipas	dikipaskan
berkipas-kipas	
berkiprah	mengiprahkan
berkiprah	dikiprahkan
berkira-kira	
berkirai	mengiraikan
berkirai	dikiraikan
berkirim	mengirimkan
berkirim	dikirimkan
berkirim-kiriman	
berkiriman	
berkirung	mengirungkan
berkirung	dikirungkan
berkisah	mengisahkan
berkisah	dikisahkan
berkisar	mengisarkan
berkisar	dikisarkan
berkisar-kisar	
berkisaran	
berkisi	mengisikan
berkisi	dikisikan
berkitab	mengitabkan
berkitab	dikitabkan
berkitar	mengitarkan
berkitar	dikitarkan
berkoak-koak	
berkoalisi	mengoalisikan
berkoalisi	dikoalisikan
berkoar	mengoarkan
berkoar	dikoarkan
berkoar-koar	
berkobar	mengobarkan
berkobar	dikobarkan
berkobar-kobar	
berkobok	mengobokkan
berkobok	dikobokkan
berkobok-kobok	
berkocak	mengocakkan
berkocak	dikocakkan
berkocak-kocak	
berkokok	mengokokkan
berkokok	dikokokkan
berkolaborasi	mengolaborasikan
berkolaborasi	dikolaborasikan
berkolek-kolek	
berkolokasi	mengolokasikan
berkolokasi	dikolokasikan
berkolusi	mengolusikan
berkolusi	dikolusikan
berkombinasi	mengombinasikan
berkombinasi	dikombinasikan
berkomentar	mengomentarkan
berkomentar	dikomentarkan
berkompanyon	mengompanyonkan
berkompanyon	dikompanyonkan
berkomplot	mengomplotkan
berkomplot	dikomplotkan
berkompromi	mengompromikan
berkompromi	dikompromikan
berkomunikasi	mengomunikasikan
berkomunikasi	dikomunikasikan
berkongsi	mengongsikan
berkongsi	dikongsikan
berkonsultasi	mengonsultasikan
berkonsultasi	dikonsultasikan
berkontak	mengontakkan
berkontak	dikontakkan
berkontemplasi	mengontemplasikan
berkontemplasi	dikontemplasikan
berkontraksi	mengontraksikan
berkontraksi	dikontraksikan
berkooperasi	mengooperasikan
berkooperasi	dikooperasikan
berkoordinasi	mengoordinasikan
berkoordinasi	dikoordinasikan
berkop	mengekopkan
berkop	dikopkan
berkopah-kopah	
berkoperasi	mengoperasikan
berkoperasi	dikoperasikan
berkoran	mengorankan
berkoran	dikorankan
berkorban	mengorbankan
berkorban	dikorbankan
berkorelasi	mengorelasikan
berkorelasi	dikorelasikan
berkoreng	mengorengkan
berkoreng	dikorengkan
berkorespondensi	mengorespondensikan
berkorespondensi	dikorespondensikan
berkorong	mengorongkan
berkorong	dikorongkan
berkostum	mengostumkan
berkostum	dikostumkan
berkotak-kotak	
berkotek	mengotekkan
berkotek	dikotekkan
berkreasi	mengreasikan
berkreasi	dikreasikan
berkuah	menguahkan
berkuah	dikuahkan
berkuala	mengualakan
berkuala	dikualakan
berkualifikasi	mengualifikasikan
berkualifikasi	dikualifikasikan
berkualitas	mengualitaskan
berkualitas	dikualitaskan
berkuasa	menguasakan
berkuasa	dikuasakan
berkuat-kuat	
berkuat-kuatan	
berkubah	mengubahkan
berkubah	dikubahkan
berkubak	mengubakkan
berkubak	dikubakkan
berkubang	mengubangkan
berkubang	dikubangkan
berkubu	mengubukan
berkubu	dikubukan
berkubur	menguburkan
berkubur	dikuburkan
berkucak	mengucakkan
berkucak	dikucakkan
berkucur	mengucurkan
berkucur	dikucurkan
berkuda	mengudakan
berkuda	dikudakan
berkudis	mengudiskan
berkudis	dikudiskan
berkudung	mengudungkan
berkudung	dikudungkan
berkujut	mengujutkan
berkujut	dikujutkan
berkuku	mengukukan
berkuku	dikukukan
berkukuh	mengukuhkan
berkukuh	dikukuhkan
berkukus	mengukuskan
berkukus	dikukuskan
berkulai	mengulaikan
berkulai	dikulaikan
berkulaian	
berkulat	mengulatkan
berkulat	dikulatkan
berkuli	mengulikan
berkuli	dikulikan
berkuliah	menguliahkan
berkuliah	dikuliahkan
berkulimat	mengulimatkan
berkulimat	dikulimatkan
berkulit	mengulitkan
berkulit	dikulitkan
berkulup	mengulupkan
berkulup	dikulupkan
berkumai	mengumaikan
berkumai	dikumaikan
berkumandang	mengumandangkan
berkumandang	dikumandangkan
berkumis	mengumiskan
berkumis	dikumiskan
berkumpai	mengumpaikan
berkumpai	dikumpaikan
berkumpul	mengumpulkan
berkumpul	dikumpulkan
berkumur	mengumurkan
berkumur	dikumurkan
berkumur-kumur	
berkundang	mengundangkan
berkundang	dikundangkan
berkunjung	mengunjungkan
berkunjung	dikunjungkan
berkunjung-kunjungan	
berkupak	mengupakkan
berkupak	dikupakkan
berkuping	mengupingkan
berkuping	dikupingkan
berkurai	menguraikan
berkurai	dikuraikan
berkurang	mengurangkan
berkurang	dikurangkan
berkurap	mengurapkan
berkurap	dikurapkan
berkurban	mengurbankan
berkurban	dikurbankan
berkurik-kurik	
berkurung	mengurungkan
berkurung	dikurungkan
berkusik	mengusikkan
berkusik	dikusikkan
berkusu-kusu	
berkusuk	mengusukkan
berkusuk	dikusukkan
berkusut-kusut	
berkuta	mengutakan
berkuta	dikutakan
berkutat	mengutatkan
berkutat	dikutatkan
berkuteks	mengutekskan
berkuteks	dikutekskan
berkutik	mengutikkan
berkutik	dikutikkan
berkuting-kuting	
berkutu	mengutukan
berkutu	dikutukan
berkutu-kutuan	
berkutub	mengutubkan
berkutub	dikutubkan
berlaba	melabakan
berlaba	dilabakan
berlabel	melabelkan
berlabel	dilabelkan
berlabuh	melabuhkan
berlabuh	dilabuhkan
berlabun-labun	
berladang	meladangkan
berladang	diladangkan
berladung	meladungkan
berladung	diladungkan
berlaga	melagakan
berlaga	dilagakan
berlagak	melagakkan
berlagak	dilagakkan
berlagu	melagukan
berlagu	dilagukan
berlahar	melaharkan
berlahar	dilaharkan
berlain-lainan	
berlainan	
berlaju-laju	
berlajur	melajurkan
berlajur	dilajurkan
berlaki	melakikan
berlaki	dilakikan
berlakon	melakonkan
berlakon	dilakonkan
berlalai-lalai	
berlalu	melalukan
berlalu	dilalukan
berlambai-lambai	
berlambak	melambakkan
berlambak	dilambakkan
berlambak-lambak	
berlambang	melambangkan
berlambang	dilambangkan
berlambangkan	
berlambat	melambatkan
berlambat	dilambatkan
berlampang	melampangkan
berlampang	dilampangkan
berlampang-lampang	
berlampar	melamparkan
berlampar	dilamparkan
berlamparan	
berlampu	melampukan
berlampu	dilampukan
berlancang	melancangkan
berlancang	dilancangkan
berlancing	melancingkan
berlancing	dilancingkan
berlandasan	
berlandaskan	
berlangau	melangaukan
berlangau	dilangaukan
berlanggan	melanggankan
berlanggan	dilanggankan
berlangganan	
berlanggar-langgar	
berlanggaran	
berlangir	melangirkan
berlangir	dilangirkan
berlangkah	melangkahkan
berlangkah	dilangkahkan
berlanglang	melanglangkan
berlanglang	dilanglangkan
berlangsi	melangsikan
berlangsi	dilangsikan
berlangsung	melangsungkan
berlangsung	dilangsungkan
berlanjut	melanjutkan
berlanjut	dilanjutkan
berlanjutan	
berlantai	melantaikan
berlantai	dilantaikan
berlantas	melantaskan
berlantas	dilantaskan
berlantasan	
berlanting	melantingkan
berlanting	dilantingkan
berlantung	melantungkan
berlantung	dilantungkan
berlapak	melapakkan
berlapak	dilapakkan
berlapar	melaparkan
berlapar	dilaparkan
berlapih	melapihkan
berlapih	dilapihkan
berlapik	melapikkan
berlapik	dilapikkan
berlapis	melapiskan
berlapis	dilapiskan
berlapis-lapis	
berlapuk	melapukkan
berlapuk	dilapukkan
berlapuk-lapuk	
berlapur	melapurkan
berlapur	dilapurkan
berlarah-larah	
berlarasan	
berlarat-larat	
berlari	melarikan
berlari	dilarikan
berlari-lari	
berlari-larian	
berlarian	
berlarih-larih	
berlarik	melarikkan
berlarik	dilarikkan
berlarik-larik	
berlatih	melatihkan
berlatih	dilatihkan
berlauk	melaukkan
berlauk	dilaukkan
berlawak-lawak	
berlawan	melawankan
berlawan	dilawankan
berlawanan	
berlayap-layapan	
berlayapan	
berlayar	melayarkan
berlayar	dilayarkan
berlebih	melebihkan
berlebih	dilebihkan
berlebihan	
berlecah	melecahkan
berlecah	dilecahkan
berlegung	melegungkan
berlegung	dilegungkan
berlekas-lekasan	
berlekat	melekatkan
berlekat	dilekatkan
berlekat-lekat	
berlekatan	
berlekuk	melekukkan
berlekuk	dilekukkan
berlekuk-lekuk	
berlela	melelakan
berlela	dilelakan
berlelehan	
berleleran	
berlelewa	melelewakan
berlelewa	dilelewakan
berleluasa	meleluasakan
berleluasa	dileluasakan
berlelucon	meleluconkan
berlelucon	dileluconkan
berlemak	melemakkan
berlemak	dilemakkan
berlembaga	melembagakan
berlembaga	dilembagakan
berlempaian	
berlempar-lemparan	
berlempuk	melempukkan
berlempuk	dilempukkan
berlena	melenakan
berlena	dilenakan
berlena-lena	
berlengah-lengah	
berlenggak-lenggok	
berlenggang	melenggangkan
berlenggang	dilenggangkan
berlenggek	melenggekkan
berlenggek	dilenggekkan
berlenggek-lenggek	
berlenggok-lenggok	
berlengkap	melengkapkan
berlengkap	dilengkapkan
berlengkapan	
berlengket	melengketkan
berlengket	dilengketkan
berlengkok	melengkokkan
berlengkok	dilengkokkan
berlengkokan	
berlenso	melensokan
berlenso	dilensokan
berlenting	melentingkan
berlenting	dilentingkan
berlepas	melepaskan
berlepas	dilepaskan
berlepotan	
berlereng	melerengkan
berlereng	dilerengkan
berleret	meleretkan
berleret	dileretkan
berleret-leret	
berlerot	melerotkan
berlerot	dilerotkan
berlesehan	
berlesir	melesirkan
berlesir	dilesirkan
berletih	meletihkan
berletih	diletihkan
berletih-letih	
berleting	meletingkan
berleting	diletingkan
berlewatan	
berlezat	melezatkan
berlezat	dilezatkan
berliang-liuk	
berlibat	melibatkan
berlibat	dilibatkan
berlibat-libat	
berlibur	meliburkan
berlibur	diliburkan
berlidah	melidahkan
berlidah	dilidahkan
berligar-ligar	
berlik	mengelikkan
berlik	dilikkan
berliku-liku	
berlikut	melikutkan
berlikut	dilikutkan
berlilit	melilitkan
berlilit	dililitkan
berlimau	melimaukan
berlimau	dilimaukan
berlimpa	melimpakan
berlimpa	dilimpakan
berlimpah-limpah	
berlimpap	melimpapkan
berlimpap	dilimpapkan
berlimpap-limpap	
berlinang	melinangkan
berlinang	dilinangkan
berlindung	melindungkan
berlindung	dilindungkan
berlingkar	melingkarkan
berlingkar	dilingkarkan
berlinyak	melinyakkan
berlinyak	dilinyakkan
berlipat	melipatkan
berlipat	dilipatkan
berlipat-lipat	
berlistrik	melistrikkan
berlistrik	dilistrikkan
berliur	meliurkan
berliur	diliurkan
berlokakarya	melokakaryakan
berlokakarya	dilokakaryakan
berlokasi	melokasikan
berlokasi	dilokasikan
berlomba	melombakan
berlomba	dilombakan
berlomba-lomba	
berlompatan	
berloncat-loncatan	
berloncatan	
berlonggok	melonggokkan
berlonggok	dilonggokkan
berlonggok-longgok	
berlontaran	
berlopak	melopakkan
berlopak	dilopakkan
berlopak-lopak	
berlorong	melorongkan
berlorong	dilorongkan
berlubang	melubangkan
berlubang	dilubangkan
berlubang-lubang	
berludah	meludahkan
berludah	diludahkan
berluk	melukkan
berluk	dilukkan
berluluk	melulukkan
berluluk	dilulukkan
berlulut	melulutkan
berlulut	dilulutkan
berlumang	melumangkan
berlumang	dilumangkan
berlumar	melumarkan
berlumar	dilumarkan
berlumpur	melumpurkan
berlumpur	dilumpurkan
berlumur	melumurkan
berlumur	dilumurkan
berlumuran	
berlumus	melumuskan
berlumus	dilumuskan
berlumut	melumutkan
berlumut	dilumutkan
berlumutan	
berlunjur	melunjurkan
berlunjur	dilunjurkan
berlurah	melurahkan
berlurah	dilurahkan
berlutut	melututkan
berlutut	dilututkan
berluyutan	
bermaaf-maafan	
bermabuk-mabukan	
bermacam	memacamkan
bermacam	dimacamkan
bermadah	memadahkan
bermadah	dimadahkan
bermadat	memadatkan
bermadat	dimadatkan
bermadu	memadukan
bermadu	dimadukan
bermagang	memagangkan
bermagang	dimagangkan
bermahkota	memahkotakan
bermahkota	dimahkotakan
bermain	memainkan
bermain	dimainkan
bermain-main	
bermainkan	
bermakam	memakamkan
bermakam	dimakamkan
bermakmum	memakmumkan
bermakmum	dimakmumkan
bermakrifat	memakrifatkan
bermakrifat	dimakrifatkan
bermaksud	memaksudkan
bermaksud	dimaksudkan
bermalaikan	
bermalam	memalamkan
bermalam	dimalamkan
bermalam-malam	
bermalas-malas	
bermalu	memalukan
bermalu	dimalukan
bermamai	memamaikan
bermamai	dimamaikan
bermanah	memanahkan
bermanah	dimanahkan
bermandi	memandikan
bermandi	dimandikan
bermandikan	
bermanfaat	memanfaatkan
bermanfaat	dimanfaatkan
bermanik-manik	
bermanis	memaniskan
bermanis	dimaniskan
bermanis-manis	
bermanja-manja	
bermanjau	memanjaukan
bermanjau	dimanjaukan
bermantel	memantelkan
bermantel	dimantelkan
bermanuver	memanuverkan
bermanuver	dimanuverkan
bermara	memarakan
bermara	dimarakan
bermarkas	memarkaskan
bermarkas	dimarkaskan
bermartabat	memartabatkan
bermartabat	dimartabatkan
bermasak-masak	
bermasyarakat	memasyarakatkan
bermasyarakat	dimasyarakatkan
bermata	mematakan
bermata	dimatakan
bermatakan	
bermatian	
bermatikan	
bermaulid	memaulidkan
bermaulid	dimaulidkan
bermaulidurasul	memaulidurasulkan
bermaulidurasul	dimaulidurasulkan
bermayang	memayangkan
bermayang	dimayangkan
bermazhab	memazhabkan
bermazhab	dimazhabkan
bermazmur	memazmurkan
bermazmur	dimazmurkan
bermeditasi	memeditasikan
bermeditasi	dimeditasikan
bermegah	memegahkan
bermegah	dimegahkan
bermegah-megah	
bermekaran	
bermenantu	memenantukan
bermenantu	dimenantukan
bermenantukan	
bermengkal	memengkalkan
bermengkal	dimengkalkan
bermenung	memenungkan
bermenung	dimenungkan
bermenung-menung	
bermerek	memerekkan
bermerek	dimerekkan
bermerger	
bermesin	memesinkan
bermesin	dimesinkan
bermesra-mesraan	
bermesraan	
bermesum	memesumkan
bermesum	dimesumkan
bermetamorfosis	memetamorfosiskan
bermetamorfosis	dimetamorfosiskan
bermeterai	memeteraikan
bermeterai	dimeteraikan
bermewah-mewah	
bermewah-mewahan	
bermigrasi	memigrasikan
bermigrasi	dimigrasikan
bermimpi	memimpikan
bermimpi	dimimpikan
berminat	meminatkan
berminat	diminatkan
berminggu-minggu	
bermini	meminikan
bermini	diminikan
berminta	memintakan
berminta	dimintakan
berminta-minta	
berminyak	meminyakkan
berminyak	diminyakkan
berminyak-minyak	
bermiripan	
bermisai	memisaikan
bermisai	dimisaikan
bermitra	memitrakan
bermitra	dimitrakan
bermobil	memobilkan
bermobil	dimobilkan
bermodal	memodalkan
bermodal	dimodalkan
bermodalkan	
bermohon	memohonkan
bermohon	dimohonkan
bermohonkan	
bermoncong	memoncongkan
bermoncong	dimoncongkan
bermongkok	memongkokkan
bermongkok	dimongkokkan
bermonolog	memonologkan
bermonolog	dimonologkan
bermoral	memoralkan
bermoral	dimoralkan
bermotif	memotifkan
bermotif	dimotifkan
bermotor	memotorkan
bermotor	dimotorkan
bermuara	memuarakan
bermuara	dimuarakan
bermuatan	
bermuda	memudakan
bermuda	dimudakan
bermuda-muda	
bermudah-mudah	
bermudarat	memudaratkan
bermudarat	dimudaratkan
bermudun	memudunkan
bermudun	dimudunkan
bermufakat	memufakatkan
bermufakat	dimufakatkan
bermuka	memukakan
bermuka	dimukakan
bermuka-muka	
bermukah	memukahkan
bermukah	dimukahkan
bermukim	memukimkan
bermukim	dimukimkan
bermula	memulakan
bermula	dimulakan
bermuluk-muluk	
bermulut	memulutkan
bermulut	dimulutkan
bermulut-mulut	
bermunajat	memunajatkan
bermunajat	dimunajatkan
bermunculan	
bermuram	memuramkan
bermuram	dimuramkan
bermusik	memusikkan
bermusik	dimusikkan
bermusim	memusimkan
bermusim	dimusimkan
bermusuh	memusuhkan
bermusuh	dimusuhkan
bermusuhan	
bermusyawarah	memusyawarahkan
bermusyawarah	dimusyawarahkan
bermutu	memutukan
bermutu	dimutukan
bermuwajahah	memuwajahahkan
bermuwajahah	dimuwajahahkan
bernada	menadakan
bernada	dinadakan
bernafas	menafaskan
bernafas	dinafaskan
bernafiri	menafirikan
bernafiri	dinafirikan
bernafsi-nafsi	
bernafsu	menafsukan
bernafsu	dinafsukan
bernaka-naka	
bernala-nala	
bernalam	menalamkan
bernalam	dinalamkan
bernalar	menalarkan
bernalar	dinalarkan
bernama	menamakan
bernama	dinamakan
bernanah	menanahkan
bernanah	dinanahkan
bernanti-nanti	
bernantian	
bernapas	menapaskan
bernapas	dinapaskan
bernapaskan	
bernasib	menasibkan
bernasib	dinasibkan
bernasyid	menasyidkan
bernasyid	dinasyidkan
bernaung	menaungkan
bernaung	dinaungkan
bernazar	menazarkan
bernazar	dinazarkan
bernegara	menegarakan
bernegara	dinegarakan
berniaga	meniagakan
berniaga	diniagakan
berniat	meniatkan
berniat	diniatkan
berniat-niat	
bernilai	menilaikan
bernilai	dinilaikan
bernitrogen	menitrogenkan
bernitrogen	dinitrogenkan
bernoda	menodakan
bernoda	dinodakan
bernomor	menomorkan
bernomor	dinomorkan
bernostalgia	menostalgiakan
bernostalgia	dinostalgiakan
bernubuat	menubuatkan
bernubuat	dinubuatkan
bernyala	menyalakan
bernyala	dinyalakan
bernyala-nyala	
bernyali	menyalikan
bernyali	dinyalikan
bernyanyi	menyanyikan
bernyanyi	dinyanyikan
bernyawa	menyawakan
bernyawa	dinyawakan
berobat	mengobatkan
berobat	diobatkan
beroda	merodakan
beroda	dirodakan
berodi	merodikan
berodi	dirodikan
beroksigen	mengoksigenkan
beroksigen	dioksigenkan
berolah	mengolahkan
berolah	diolahkan
berolak	mengolakkan
berolak	diolakkan
beroleh	mengolehkan
beroleh	diolehkan
beroleng-oleng	
berolok-olok	
berombak	mengombakkan
berombak	diombakkan
beromong-omong	
beromzet	mengomzetkan
beromzet	diomzetkan
berona	meronakan
berona	dironakan
berondok	mengondokkan
berondok	diondokkan
berongga	meronggakan
berongga	dironggakan
beronggok-onggok	
berongkol	merongkolkan
berongkol	dirongkolkan
beroperasi	mengoperasikan
beroperasi	dioperasikan
beroplah	mengoplahkan
beroplah	dioplahkan
berorang-orang	
berorasi	mengorasikan
berorasi	diorasikan
berorganisasi	mengorganisasikan
berorganisasi	diorganisasikan
berorientasi	mengorientasikan
berorientasi	diorientasikan
berotak	mengotakkan
berotak	diotakkan
berotan	merotankan
berotan	dirotankan
berotasi	merotasikan
berotasi	dirotasikan
berotonomi	mengotonomikan
berotonomi	diotonomikan
beroyal-royal	
berpacangan	memacangankan
berpacangan	dipacangankan
berpacaran	
berpacek	memacekkan
berpacek	dipacekkan
berpacu	memacukan
berpacu	dipacukan
berpada-pada	
berpadan	memadankan
berpadan	dipadankan
berpadanan	
berpadang	memadangkan
berpadang	dipadangkan
berpadi	memadikan
berpadi	dipadikan
berpadu	memadukan
berpadu	dipadukan
berpadu-padu	
berpagar	memagarkan
berpagar	dipagarkan
berpagut	memagutkan
berpagut	dipagutkan
berpagutan	
berpahala	memahalakan
berpahala	dipahalakan
berpaham	memahamkan
berpaham	dipahamkan
berpahat	memahatkan
berpahat	dipahatkan
berpahit-pahit	
berpair-pair	
berpakai	memakaikan
berpakai	dipakaikan
berpakaian	
berpakan	memakankan
berpakan	dipakankan
berpakankan	
berpakansi	memakansikan
berpakansi	dipakansikan
berpakat	memakatkan
berpakat	dipakatkan
berpaksi	memaksikan
berpaksi	dipaksikan
berpaku	memakukan
berpaku	dipakukan
berpal-pal	
berpaling	memalingkan
berpaling	dipalingkan
berpalis	memaliskan
berpalis	dipaliskan
berpalit	memalitkan
berpalit	dipalitkan
berpalu-palu	
berpalu-paluan	
berpalun-palun	
berpalut	memalutkan
berpalut	dipalutkan
berpaman	memamankan
berpaman	dipamankan
berpameran	
berpamitan	
berpamor	memamorkan
berpamor	dipamorkan
berpanas	memanaskan
berpanas	dipanaskan
berpanas-panas	
berpancaran	
berpanco	memancokan
berpanco	dipancokan
berpancuran	
berpandai-pandai	
berpandang-pandangan	
berpandangan	
berpandu	memandukan
berpandu	dipandukan
berpandukan	
berpangkal	memangkalkan
berpangkal	dipangkalkan
berpangkalan	
berpangkas	memangkaskan
berpangkas	dipangkaskan
berpangkat	memangkatkan
berpangkat	dipangkatkan
berpangku	memangkukan
berpangku	dipangkukan
berpangsa	memangsakan
berpangsa	dipangsakan
berpangsi	memangsikan
berpangsi	dipangsikan
berpanjang	memanjangkan
berpanjang	dipanjangkan
berpantang	memantangkan
berpantang	dipantangkan
berpantingan	
berpantun	memantunkan
berpantun	dipantunkan
berpantun-pantun	
berpapah	memapahkan
berpapah	dipapahkan
berpapakan	
berpapasan	
berparade	memaradekan
berparade	diparadekan
berparak	memarakkan
berparak	diparakkan
berparap	memarapkan
berparap	diparapkan
berpariwisata	memariwisatakan
berpariwisata	dipariwisatakan
berpartai	memartaikan
berpartai	dipartaikan
berpartisipasi	memartisipasikan
berpartisipasi	dipartisipasikan
berpartner	memartnerkan
berpartner	dipartnerkan
berparut	memarutkan
berparut	diparutkan
berpasang	memasangkan
berpasang	dipasangkan
berpasang-pasangan	
berpaspor	memasporkan
berpaspor	dipasporkan
berpasrah	memasrahkan
berpasrah	dipasrahkan
berpasu	memasukan
berpasu	dipasukan
berpasuk-pasuk	
berpatam	mematamkan
berpatam	dipatamkan
berpatroli	mematrolikan
berpatroli	dipatrolikan
berpatuk	mematukkan
berpatuk	dipatukkan
berpatungan	
berpatutan	
berpaut	memautkan
berpaut	dipautkan
berpawai	memawaikan
berpawai	dipawaikan
berpaya	memayakan
berpaya	dipayakan
berpayah-payah	
berpayudara	memayudarakan
berpayudara	dipayudarakan
berpayung	memayungkan
berpayung	dipayungkan
berpecah	memecahkan
berpecah	dipecahkan
berpecahan	
berpedoman	memedomankan
berpedoman	dipedomankan
berpegangan	
berpelajaran	
berpelana	memelanakan
berpelana	dipelanakan
berpelatuk	memelatukkan
berpelatuk	dipelatukkan
berpelayaran	
berpelepah	memelepahkan
berpelepah	dipelepahkan
berpelesir	memelesirkan
berpelesir	dipelesirkan
berpelitur	memeliturkan
berpelitur	dipeliturkan
berpeluang	memeluangkan
berpeluang	dipeluangkan
berpeluh	memeluhkan
berpeluh	dipeluhkan
berpeluh-peluh	
berpeluk	memelukkan
berpeluk	dipelukkan
berpeluk-pelukan	
berpelukan	
berpematang	memematangkan
berpematang	dipematangkan
berpembawaan	
berpembuluh	
berpemerintahan	
berpenampilan	
berpenaruhan	
berpenat-penat	
berpencar	memencarkan
berpencar	dipencarkan
berpencar-pencar	
berpencaran	
berpendar	memendarkan
berpendar	dipendarkan
berpendar-pendar	
berpendaran	
berpending	memendingkan
berpending	dipendingkan
berpendirian	
berpenerangan	
berpenetrasi	memenetrasikan
berpenetrasi	dipenetrasikan
berpengairan	
berpengalaman	
berpengantin	memengantinkan
berpengantin	dipengantinkan
berpengaruh	memengaruhkan
berpengaruh	dipengaruhkan
berpengetahuan	
berpenggal-penggal	
berpenggalan	
berpengharapan	
berpenghuni	
berpentas	mementaskan
berpentas	dipentaskan
berpentingan	
berpentol	mementolkan
berpentol	dipentolkan
berpepat	memepatkan
berpepat	dipepatkan
berperahu	memerahukan
berperahu	diperahukan
berperai-perai	
berperam	memeramkan
berperam	diperamkan
berperan	memerankan
berperan	diperankan
berperang	memerangkan
berperang	diperangkan
berperang-perangan	
berperangai	memerangaikan
berperangai	diperangaikan
berperata	memeratakan
berperata	diperatakan
berperawakan	
berpergian	
berperhatian	
berperi	memerikan
berperi	diperikan
berperikemanusiaan	
berperistiwa	memeristiwakan
berperistiwa	diperistiwakan
berperut	memerutkan
berperut	diperutkan
berpesan	memesankan
berpesan	dipesankan
berpesawat	
berpesiar	memesiarkan
berpesiar	dipesiarkan
berpesta	memestakan
berpesta	dipestakan
berpesta-pesta	
berpesuk-pesuk	
berpetak	memetakkan
berpetak	dipetakkan
berpetam	memetamkan
berpetam	dipetamkan
berpetaruh	
berpetuah	memetuahkan
berpetuah	dipetuahkan
berpetualang	menualangkan
berpetualang	ditualangkan
berpialang	memialangkan
berpialang	dipialangkan
berpiama	memiamakan
berpiama	dipiamakan
berpicing	memicingkan
berpicing	dipicingkan
berpidana	memidanakan
berpidana	dipidanakan
berpidato	memidatokan
berpidato	dipidatokan
berpihak	memihakkan
berpihak	dipihakkan
berpihak-pihak	
berpijak	memijakkan
berpijak	dipijakkan
berpijar	memijarkan
berpijar	dipijarkan
berpijar-pijar	
berpikauan	
berpikir	memikirkan
berpikir	dipikirkan
berpikir-pikir	
berpikiran	
berpiknik	memiknikkan
berpiknik	dipiknikkan
berpilih-pilih	
berpilin	memilinkan
berpilin	dipilinkan
berpilin-pilin	
berpilis	memiliskan
berpilis	dipiliskan
berpilu	memilukan
berpilu	dipilukan
berpimpin	memimpinkan
berpimpin	dipimpinkan
berpinak	meminakkan
berpinak	dipinakkan
berpinar-pinar	
berpindah	memindahkan
berpindah	dipindahkan
berpindah-pindah	
berpinggang	meminggangkan
berpinggang	dipinggangkan
berpingit	memingitkan
berpingit	dipingitkan
berpinta	memintakan
berpinta	dipintakan
berpintal	memintalkan
berpintal	dipintalkan
berpintal-pintal	
berpirau	memiraukan
berpirau	dipiraukan
berpirau-pirau	
berpisah	memisahkan
berpisah	dipisahkan
berpisah-pisah	
berpita	memitakan
berpita	dipitakan
berpiutang	memiutangkan
berpiutang	dipiutangkan
berpokok	memokokkan
berpokok	dipokokkan
berpola	memolakan
berpola	dipolakan
berpolah-polah	
berpolemik	memolemikkan
berpolemik	dipolemikkan
berpoligami	memoligamikan
berpoligami	dipoligamikan
berpolitik	memolitikkan
berpolitik	dipolitikkan
berpolok-polok	
berpondong	memondongkan
berpondong	dipondongkan
berpongah-pongah	
berponi	memonikan
berponi	diponikan
berporah-porah	
berpori	memorikan
berpori	diporikan
berpose	memosekan
berpose	diposekan
berpotensi	memotensikan
berpotensi	dipotensikan
berpotong	memotongkan
berpotong	dipotongkan
berpotong-potong	
berpotong-potongan	
berpotongan	
berpotret	memotretkan
berpotret	dipotretkan
berprakarsa	memprakarsakan
berprakarsa	diprakarsakan
berpraktik	mempraktikkan
berpraktik	dipraktikkan
berprestasi	memprestasikan
berprestasi	diprestasikan
berprestise	memprestisekan
berprestise	diprestisekan
berpretensi	mempretensikan
berpretensi	dipretensikan
berprihatin	memprihatinkan
berprihatin	diprihatinkan
berprinsip	memprinsipkan
berprinsip	diprinsipkan
berproduksi	memproduksikan
berproduksi	diproduksikan
berprofesi	memprofesikan
berprofesi	diprofesikan
berpropaganda	mempropagandakan
berpropaganda	dipropagandakan
berproses	memproseskan
berproses	diproseskan
berpuak-puak	
berpuaka	memuakakan
berpuaka	dipuakakan
berpual-pual	
berpuan	memuankan
berpuan	dipuankan
berpuasa	memuasakan
berpuasa	dipuasakan
berpucuk	memucukkan
berpucuk	dipucukkan
berpugak-pugak	
berpuing-puing	
berpuisi	memuisikan
berpuisi	dipuisikan
berpukas	memukaskan
berpukas	dipukaskan
berpukas-pukas	
berpulang	memulangkan
berpulang	dipulangkan
berpulasan	
berpumpun	memumpunkan
berpumpun	dipumpunkan
berpuntal-puntal	
berpunuk	memunukkan
berpunuk	dipunukkan
berpunya	memunyakan
berpunya	dipunyakan
berpupuh	memupuhkan
berpupuh	dipupuhkan
berpupur	memupurkan
berpupur	dipupurkan
berpuput	memuputkan
berpuput	dipuputkan
berpuru	memurukan
berpuru	dipurukan
berpusaka	memusakakan
berpusaka	dipusakakan
berpusar	memusarkan
berpusar	dipusarkan
berpusar-pusar	
berpusat	memusatkan
berpusat	dipusatkan
berpusing	memusingkan
berpusing	dipusingkan
berpusing-pusing	
berpusu	memusukan
berpusu	dipusukan
berpusu-pusu	
berputar	memutarkan
berputar	diputarkan
berputar-putar	
berputik	memutikkan
berputik	diputikkan
berputra	memutrakan
berputra	diputrakan
berputrakan	
berputusan	
berpuyan	memuyankan
berpuyan	dipuyankan
berrumpun-rumpun	
bersabar	menyabarkan
bersabar	disabarkan
bersabda	menyabdakan
bersabda	disabdakan
bersabuk	menyabukkan
bersabuk	disabukkan
bersabun	menyabunkan
bersabun	disabunkan
bersabung	menyabungkan
bersabung	disabungkan
bersadai	menyadaikan
bersadai	disadaikan
bersadau	menyadaukan
bersadau	disadaukan
bersado	menyadokan
bersado	disadokan
bersafari	menyafarikan
bersafari	disafarikan
bersagar	menyagarkan
bersagar	disagarkan
bersahabat	menyahabatkan
bersahabat	disahabatkan
bersahaja	menyahajakan
bersahaja	disahajakan
bersahap	menyahapkan
bersahap	disahapkan
bersahut	menyahutkan
bersahut	disahutkan
bersahut-sahutan	
bersahutan	
bersaing	menyaingkan
bersaing	disaingkan
bersaingan	
bersajak	menyajakkan
bersajak	disajakkan
bersaji	menyajikan
bersaji	disajikan
bersakit-sakit	
bersaksi	menyaksikan
bersaksi	disaksikan
bersalah	menyalahkan
bersalah	disalahkan
bersalah-salahan	
bersalahan	
bersalai	menyalaikan
bersalai	disalaikan
bersalam	menyalamkan
bersalam	disalamkan
bersalam-salaman	
bersalaman	
bersalat	menyalatkan
bersalat	disalatkan
bersalin	menyalinkan
bersalin	disalinkan
bersalin-salin	
bersalip-salipan	
bersalju	menyaljukan
bersalju	disaljukan
bersalto	menyaltokan
bersalto	disaltokan
bersaluir	menyaluirkan
bersaluir	disaluirkan
bersaluk	menyalukkan
bersaluk	disalukkan
bersalung	menyalungkan
bersalung	disalungkan
bersalut	menyalutkan
bersalut	disalutkan
bersama	menyamakan
bersama	disamakan
bersama-sama	
bersamaan	
bersambang	menyambangkan
bersambang	disambangkan
bersambar-sambaran	
bersambaran	
bersambat	menyambatkan
bersambat	disambatkan
bersambung	menyambungkan
bersambung	disambungkan
bersambung-sambung	
bersambungan	
bersambut	menyambutkan
bersambut	disambutkan
bersambut-sambutan	
bersambutan	
bersampan	menyampankan
bersampan	disampankan
bersampan-sampan	
bersamping	menyampingkan
bersamping	disampingkan
bersampingan	
bersampiran	
bersamplok	menyamplokkan
bersamplok	disamplokkan
bersampuk	menyampukkan
bersampuk	disampukkan
bersampul	menyampulkan
bersampul	disampulkan
bersanak	menyanakkan
bersanak	disanakkan
bersanat	menyanatkan
bersanat	disanatkan
bersandal	menyandalkan
bersandal	disandalkan
bersandar	menyandarkan
bersandar	disandarkan
bersandarkan	
bersanding	menyandingkan
bersanding	disandingkan
bersandiwara	menyandiwarakan
bersandiwara	disandiwarakan
bersangai	menyangaikan
bersangai	disangaikan
bersangatan	
bersangga	menyanggakan
bersangga	disanggakan
bersanggakan	
bersanggama	menyanggamakan
bersanggama	disanggamakan
bersanggit	menyanggitkan
bersanggit	disanggitkan
bersanggul	menyanggulkan
bersanggul	disanggulkan
bersangka	menyangkakan
bersangka	disangkakan
bersangkak	menyangkakkan
bersangkak	disangkakkan
bersangkal	menyangkalkan
bersangkal	disangkalkan
bersangkar	menyangkarkan
bersangkar	disangkarkan
bersangkut	menyangkutkan
bersangkut	disangkutkan
bersangkutan	
bersanksi	menyanksikan
bersanksi	disanksikan
bersantai	menyantaikan
bersantai	disantaikan
bersantai-santai	
bersantan	menyantankan
bersantan	disantankan
bersantap	menyantapkan
bersantap	disantapkan
bersapa	menyapakan
bersapa	disapakan
bersapa-sapaan	
bersapaan	
bersara	menyarakan
bersara	disarakan
bersarak	menyarakkan
bersarak	disarakkan
bersarang	menyarangkan
bersarang	disarangkan
bersarang-sarang	
bersarasehan	menyarasehankan
bersarasehan	disarasehankan
bersarung	menyarungkan
bersarung	disarungkan
bersarungkan	
bersasak	menyasakkan
bersasak	disasakkan
bersasaran	
bersatu	menyatukan
bersatu	disatukan
bersaudara	menyaudarakan
bersaudara	disaudarakan
bersauh	menyauhkan
bersauh	disauhkan
bersaur	menyaurkan
bersaur	disaurkan
bersawah	menyawahkan
bersawah	disawahkan
bersawala	menyawalakan
bersawala	disawalakan
bersayap	menyayapkan
bersayap	disayapkan
berseakan	mengakankan
berseakan	diakankan
berseba	menyebakan
berseba	disebakan
bersebab	menyebabkan
bersebab	disebabkan
bersebadan	
bersebambangan	
bersebar	menyebarkan
bersebar	disebarkan
bersebaran	
bersebelahan	
berseberangan	
bersecepat	
bersedan-sedan	
bersedekah	menyedekahkan
bersedekah	disedekahkan
bersedekap	menyedekapkan
bersedekap	disedekapkan
bersedia	menyediakan
bersedia	disediakan
bersedia-sedia	
bersedih	menyedihkan
bersedih	disedihkan
bersedu	menyedukan
bersedu	disedukan
bersedu-sedu	
bersegeh	menyegehkan
bersegeh	disegehkan
bersegel	menyegelkan
bersegel	disegelkan
bersegera	menyegerakan
bersegera	disegerakan
bersegi	menyegikan
bersegi	disegikan
bersegmen	menyegmenkan
bersegmen	disegmenkan
bersehadap	
bersejarah	menyejarahkan
bersejarah	disejarahkan
bersejengket	
bersejingkat	
bersejuk	menyejukkan
bersejuk	disejukkan
bersejuk-sejuk	
berseka	menyekakan
berseka	disekakan
bersekat	menyekatkan
bersekat	disekatkan
bersekat-sekat	
berseketiduran	
bersekolah	menyekolahkan
bersekolah	disekolahkan
bersekongkol	menyekongkolkan
bersekongkol	disekongkolkan
bersekresi	menyekresikan
bersekresi	disekresikan
bersekutu	menyekutukan
bersekutu	disekutukan
bersel	menyelkan
bersel	diselkan
bersela	menyelakan
bersela	diselakan
berselaju	menyelajukan
berselaju	diselajukan
berselam	menyelamkan
berselam	diselamkan
berselamatan	
berselancar	menyelancarkan
berselancar	diselancarkan
berselang	menyelangkan
berselang	diselangkan
berselang-selang	
berselang-tenggang	
berselaput	menyelaputkan
berselaput	diselaputkan
berselawat	menyelawatkan
berselawat	diselawatkan
berselekeh	menyelekehkan
berselekeh	diselekehkan
berselekoh	menyelekohkan
berselekoh	diselekohkan
berseleleran	
berselempang	menyelempangkan
berselempang	diselempangkan
berselendang	menyelendangkan
berselendang	diselendangkan
berselepat	menyelepatkan
berselepat	diselepatkan
berselera	menyelerakan
berselera	diselerakan
berselerak	menyelerakkan
berselerak	diselerakkan
berselesa	menyelesakan
berselesa	diselesakan
berselibut	menyelibutkan
berselibut	diselibutkan
berselimut	menyelimutkan
berselimut	diselimutkan
berselimutkan	
berseling	menyelingkan
berseling	diselingkan
berselingkit	menyelingkitkan
berselingkit	diselingkitkan
berselingkuh	menyelingkuhkan
berselingkuh	diselingkuhkan
berselirat	menyeliratkan
berselirat	diseliratkan
berselisih	menyelisihkan
berselisih	diselisihkan
berselit-selit	
berseliweran	
berseloka	menyelokakan
berseloka	diselokakan
berselonjor	menyelonjorkan
berselonjor	diselonjorkan
berseloroh	menyelorohkan
berseloroh	diselorohkan
berseloyong	menyeloyongkan
berseloyong	diseloyongkan
berseluar	menyeluarkan
berseluar	diseluarkan
berselubung	menyelubungkan
berselubung	diselubungkan
berseluk	menyelukkan
berseluk	diselukkan
berselulup	menyelulupkan
berselulup	diselulupkan
berselumu	menyelumukan
berselumu	diselumukan
berseluncur	
berselurus	
bersemadi	menyemadikan
bersemadi	disemadikan
bersemak	menyemakkan
bersemak	disemakkan
bersemangat	menyemangatkan
bersemangat	disemangatkan
bersemarak	menyemarakkan
bersemarak	disemarakkan
bersemayam	menyemayamkan
bersemayam	disemayamkan
bersembah	menyembahkan
bersembah	disembahkan
bersembahyang	menyembahyangkan
bersembahyang	disembahyangkan
bersembayan	menyembayankan
bersembayan	disembayankan
bersemboyan	menyemboyankan
bersemboyan	disemboyankan
bersembunyi	menyembunyikan
bersembunyi	disembunyikan
bersembunyi-sembunyian	
bersembur-semburan	
bersemburan	
bersemburit	menyemburitkan
bersemburit	disemburitkan
bersememeh	menyememehkan
bersememeh	disememehkan
bersemen	menyemenkan
bersemen	disemenkan
bersemenda	menyemendakan
bersemenda	disemendakan
bersemi	menyemikan
bersemi	disemikan
bersemir	menyemirkan
bersemir	disemirkan
bersempang	menyempangkan
bersempang	disempangkan
bersempena	menyempenakan
bersempena	disempenakan
bersempit-sempit	
bersemprong	menyemprongkan
bersemprong	disemprongkan
bersempuras	menyempuraskan
bersempuras	disempuraskan
bersemuka	
bersenam	menyenamkan
bersenam	disenamkan
bersenandung	menyenandungkan
bersenandung	disenandungkan
bersenang	menyenangkan
bersenang	disenangkan
bersenang-senang	
bersenang-senangkan	
bersenapan	menyenapankan
bersenapan	disenapankan
bersendel	menyendelkan
bersendel	disendelkan
bersendeng	menyendengkan
bersendeng	disendengkan
bersendengan	
bersendi	menyendikan
bersendi	disendikan
bersendi-sendi	
bersendikan	
bersendiri	menyendirikan
bersendiri	disendirikan
bersendorongan	
bersendu	menyendukan
bersendu	disendukan
bersengaja	menyengajakan
bersengaja	disengajakan
bersengat	menyengatkan
bersengat	disengatkan
bersenggama	menyenggamakan
bersenggama	disenggamakan
bersenggang	menyenggangkan
bersenggang	disenggangkan
bersenggang-senggang	
bersenggat	menyenggatkan
bersenggat	disenggatkan
bersenggau-senggau	
bersenggayut	menyenggayutkan
bersenggayut	disenggayutkan
bersenggayutan	
bersenggol	menyenggolkan
bersenggol	disenggolkan
bersenggolan	
bersenggulung	menyenggulungkan
bersenggulung	disenggulungkan
bersengkarut	menyengkarutkan
bersengkarut	disengkarutkan
bersengkela	menyengkelakan
bersengkela	disengkelakan
bersengkeling	menyengkelingkan
bersengkeling	disengkelingkan
bersengkelit	menyengkelitkan
bersengkelit	disengkelitkan
bersengketa	menyengketakan
bersengketa	disengketakan
berseni	menyenikan
berseni	disenikan
bersenjata	menyenjatakan
bersenjata	disenjatakan
bersenjatakan	
bersenoyong	menyenoyongkan
bersenoyong	disenoyongkan
bersentosa	menyentosakan
bersentosa	disentosakan
bersentuh	menyentuhkan
bersentuh	disentuhkan
bersentuhan	
bersenyawa	
bersenyum	menyenyumkan
bersenyum	disenyumkan
bersepadan	
bersepah	menyepahkan
bersepah	disepahkan
bersepah-sepah	
bersepai	menyepaikan
bersepai	disepaikan
bersepaian	
bersepak-sepakan	
bersepakat	menyepakatkan
bersepakat	disepakatkan
bersepan	menyepankan
bersepan	disepankan
bersepatu	menyepatukan
bersepatu	disepatukan
bersepeda	menyepedakan
bersepeda	disepedakan
bersepi-sepi	
bersepuh	menyepuhkan
bersepuh	disepuhkan
berserabut	menyerabutkan
berserabut	diserabutkan
berseragam	menyeragamkan
berseragam	diseragamkan
berserah	menyerahkan
berserah	diserahkan
berserak	menyerakkan
berserak	diserakkan
berserakan	
berserama	menyeramakan
berserama	diseramakan
berseran	menyerankan
berseran	diserankan
berserang	menyerangkan
berserang	diserangkan
berseranggung	menyeranggungkan
berseranggung	diseranggungkan
berseranjang	
berserat	menyeratkan
berserat	diseratkan
berseregang	menyeregangkan
berseregang	diseregangkan
berserengam	menyerengamkan
berserengam	diserengamkan
berserenjang	menyerenjangkan
berserenjang	diserenjangkan
berseri	menyerikan
berseri	diserikan
berseri-seri	
berserikat	menyerikatkan
berserikat	diserikatkan
berserobok	menyerobokkan
berserobok	diserobokkan
berseru	menyerukan
berseru	diserukan
berseru-seru	
berserudi	menyerudikan
berserudi	diserudikan
berserunda	menyerundakan
berserunda	diserundakan
berserupa	
bersesah	menyesahkan
bersesah	disesahkan
bersesak-sesak	
bersesal	menyesalkan
bersesal	disesalkan
bersesalan	
bersesaran	
bersesat	menyesatkan
bersesat	disesatkan
bersesuai	
bersesuaian	
bersetai-setai	
bersetekan	
bersetelan	
berseteru	menyeterukan
berseteru	diseterukan
bersetia	menyetiakan
bersetia	disetiakan
bersetrika	menyetrikakan
bersetrika	disetrikakan
bersetrip	menyetripkan
bersetrip	disetripkan
bersetubuh	
bersetuju	
bersetujuan	
bersetumpu	
bersetunggang	
bersetungging	
bersiaga	menyiagakan
bersiaga	disiagakan
bersiah	menyiahkan
bersiah	disiahkan
bersiakon	menyiakonkan
bersiakon	disiakonkan
bersialang	menyialangkan
bersialang	disialangkan
bersiang	menyiangkan
bersiang	disiangkan
bersiap	menyiapkan
bersiap	disiapkan
bersiap-siap	
bersiasat	menyiasatkan
bersiasat	disiasatkan
bersibak	menyibakkan
bersibak	disibakkan
bersibar	menyibarkan
bersibar	disibarkan
bersibaran	
bersibunuh	
bersicakar	
bersicengang	
bersicepat	
bersidahulu	
bersidang	menyidangkan
bersidang	disidangkan
bersiduga	menyidugakan
bersiduga	disidugakan
bersifat	menyifatkan
bersifat	disifatkan
bersigai	menyigaikan
bersigai	disigaikan
bersigap	menyigapkan
bersigap	disigapkan
bersijengket	
bersijundai	
bersikap	menyikapkan
bersikap	disikapkan
bersikat	menyikatkan
bersikat	disikatkan
bersikejar	
bersikeras	
bersiku	menyikukan
bersiku	disikukan
bersikudidi	
bersikut-sikutan	
bersikutan	
bersila	menyilakan
bersila	disilakan
bersilaju	
bersilang	menyilangkan
bersilang	disilangkan
bersilangan	
bersilap	menyilapkan
bersilap	disilapkan
bersilat	menyilatkan
bersilat	disilatkan
bersilaturahmi	menyilaturahmikan
bersilaturahmi	disilaturahmikan
bersilengah	menyilengahkan
bersilengah	disilengahkan
bersilih	menyilihkan
bersilih	disilihkan
bersilir-silir	
bersimaharajalela	
bersimbah	menyimbahkan
bersimbah	disimbahkan
bersimbang	menyimbangkan
bersimbang	disimbangkan
bersimbol	menyimbolkan
bersimbol	disimbolkan
bersimbur	menyimburkan
bersimbur	disimburkan
bersimbur-simburan	
bersimpai	menyimpaikan
bersimpai	disimpaikan
bersimpang	menyimpangkan
bersimpang	disimpangkan
bersimpangan	
bersimpati	menyimpatikan
bersimpati	disimpatikan
bersimpuh	menyimpuhkan
bersimpuh	disimpuhkan
bersinambung	menyinambungkan
bersinambung	disinambungkan
bersinar	menyinarkan
bersinar	disinarkan
bersinergi	menyinergikan
bersinergi	disinergikan
bersinetron	menyinetronkan
bersinetron	disinetronkan
bersinggah	menyinggahkan
bersinggah	disinggahkan
bersinggit	menyinggitkan
bersinggit	disinggitkan
bersinggung	menyinggungkan
bersinggung	disinggungkan
bersinggungan	
bersintuk	menyintukkan
bersintuk	disintukkan
bersiram	menyiramkan
bersiram	disiramkan
bersirip	menyiripkan
bersirip	disiripkan
bersirobok	
bersiru	menyirukan
bersiru	disirukan
bersisa	menyisakan
bersisa	disisakan
bersisalak	menyisalakkan
bersisalak	disisalakkan
bersisi	menyisikan
bersisi	disisikan
bersisian	
bersisik	menyisikkan
bersisik	disisikkan
bersisir	menyisirkan
bersisir	disisirkan
bersistem	menyistemkan
bersistem	disistemkan
bersisurut	menyisurutkan
bersisurut	disisurutkan
bersitabik	
bersitegang	
bersiteguh	
bersiul	menyiulkan
bersiul	disiulkan
bersiung	menyiungkan
bersiung	disiungkan
bersiut	menyiutkan
bersiut	disiutkan
berskala	menykalakan
berskala	diskalakan
bersoal	menyoalkan
bersoal	disoalkan
bersobat	menyobatkan
bersobat	disobatkan
bersobok	menyobokkan
bersobok	disobokkan
bersoja	menyojakan
bersoja	disojakan
bersokom	menyokomkan
bersokom	disokomkan
bersol	mengesolkan
bersol	disolkan
bersolek	menyolekkan
bersolek	disolekkan
bersombong	menyombongkan
bersombong	disombongkan
bersomplokan	
bersongkok	menyongkokkan
bersongkok	disongkokkan
bersongsong	menyongsongkan
bersongsong	disongsongkan
bersopan-sopan	
bersorak	menyorakkan
bersorak	disorakkan
bersosialisasi	menyosialisasikan
bersosialisasi	disosialisasikan
bersosoh	menyosohkan
bersosoh	disosohkan
bersosok	menyosokkan
bersosok	disosokkan
berspekulasi	menypekulasikan
berspekulasi	dispekulasikan
berspesialisasi	menypesialisasikan
berspesialisasi	dispesialisasikan
berstatus	menytatuskan
berstatus	distatuskan
berstempel	menytempelkan
berstempel	distempelkan
berstrata	menytratakan
berstrata	distratakan
berstruktur	menytrukturkan
berstruktur	distrukturkan
bersua	menyuakan
bersua	disuakan
bersuai	menyuaikan
bersuai	disuaikan
bersuaian	
bersuami	menyuamikan
bersuami	disuamikan
bersuap	menyuapkan
bersuap	disuapkan
bersuap-suapan	
bersuar	menyuarkan
bersuar	disuarkan
bersuara	menyuarakan
bersuara	disuarakan
bersubang	menyubangkan
bersubang	disubangkan
bersubsidi	menyubsidikan
bersubsidi	disubsidikan
bersuci	menyucikan
bersuci	disucikan
bersudah	menyudahkan
bersudah	disudahkan
bersudah-sudah	
bersudikan	
bersugi	menyugikan
bersugi	disugikan
bersuh	menyuhkan
bersuh	disuhkan
bersuit	menyuitkan
bersuit	disuitkan
bersuji	menyujikan
bersuji	disujikan
bersujud	menyujudkan
bersujud	disujudkan
bersuka-suka	
bersuka-sukaan	
bersukacita	menyukacitakan
bersukacita	disukacitakan
bersukaria	menyukariakan
bersukaria	disukariakan
bersukat	menyukatkan
bersukat	disukatkan
bersuku	menyukukan
bersuku	disukukan
bersuku-suku	
bersulam	menyulamkan
bersulam	disulamkan
bersulang	menyulangkan
bersulang	disulangkan
bersulang-sulang	
bersulang-sulangan	
bersulap	menyulapkan
bersulap	disulapkan
bersuling	menyulingkan
bersuling	disulingkan
bersuluh	menyuluhkan
bersuluh	disuluhkan
bersuluhkan	
bersuluk	menyulukkan
bersuluk	disulukkan
bersulur	menyulurkan
bersulur	disulurkan
bersumber	menyumberkan
bersumber	disumberkan
bersumbu	menyumbukan
bersumbu	disumbukan
bersumpah	menyumpahkan
bersumpah	disumpahkan
bersumur	menyumurkan
bersumur	disumurkan
bersunat	menyunatkan
bersunat	disunatkan
bersundal	menyundalkan
bersundal	disundalkan
bersundut	menyundutkan
bersundut	disundutkan
bersungguh-sungguh	
bersungkawa	menyungkawakan
bersungkawa	disungkawakan
bersungkit	menyungkitkan
bersungkit	disungkitkan
bersungkup	menyungkupkan
bersungkup	disungkupkan
bersungut	menyungutkan
bersungut	disungutkan
bersungut-sungut	
bersunting	menyuntingkan
bersunting	disuntingkan
bersuntingkan	
bersunyi	menyunyikan
bersunyi	disunyikan
bersunyi-sunyi	
bersurai	menyuraikan
bersurai	disuraikan
bersurat	menyuratkan
bersurat	disuratkan
bersurih	menyurihkan
bersurih	disurihkan
bersuruk-surukan	
bersurukan	
bersusah	menyusahkan
bersusah	disusahkan
bersusah-susah	
bersusila	menyusilakan
bersusila	disusilakan
bersusu	menyusukan
bersusu	disusukan
bersusuk	menyusukkan
bersusuk	disusukkan
bersusuk-susuk	
bersusuk-susukan	
bersusun	menyusunkan
bersusun	disusunkan
bersutan	menyutankan
bersutan	disutankan
bersutan-sutan	
bersyahadat	menyahadatkan
bersyahadat	disyahadatkan
bersyair	menyairkan
bersyair	disyairkan
bersyarah	menyarahkan
bersyarah	disyarahkan
bersyarat	menyaratkan
bersyarat	disyaratkan
bersyarikat	menyarikatkan
bersyarikat	disyarikatkan
bersyubhat	menyubhatkan
bersyubhat	disyubhatkan
bersyukur	menyukurkan
bersyukur	disyukurkan
bertabiat	menabiatkan
bertabiat	ditabiatkan
bertabir	menabirkan
bertabir	ditabirkan
bertablig	menabligkan
bertablig	ditabligkan
bertabrak	menabrakkan
bertabrak	ditabrakkan
bertabrakan	
bertabur	menaburkan
bertabur	ditaburkan
bertabur-tabur	
bertaburan	
bertaburkan	
bertadah	menadahkan
bertadah	ditadahkan
bertadarus	menadaruskan
bertadarus	ditadaruskan
bertafakur	menafakurkan
bertafakur	ditafakurkan
bertagan	menagankan
bertagan	ditagankan
bertagar	menagarkan
bertagar	ditagarkan
bertahajud	menahajudkan
bertahajud	ditahajudkan
bertahak	menahakkan
bertahak	ditahakkan
bertahalul	menahalulkan
bertahalul	ditahalulkan
bertahan	menahankan
bertahan	ditahankan
bertahan-tahan	
bertahana	menahanakan
bertahana	ditahanakan
bertahap	menahapkan
bertahap	ditahapkan
bertahar	menaharkan
bertahar	ditaharkan
bertaharah	menaharahkan
bertaharah	ditaharahkan
bertahkim	menahkimkan
bertahkim	ditahkimkan
bertahu-tahu	
bertahuan	
bertahukan	
bertahun	menahunkan
bertahun	ditahunkan
bertaji	menajikan
bertaji	ditajikan
bertajuk-tajuk	
bertakak	menakakkan
bertakak	ditakakkan
bertakdir	menakdirkan
bertakdir	ditakdirkan
bertakhta	menakhtakan
bertakhta	ditakhtakan
bertakik	menakikkan
bertakik	ditakikkan
bertakik-takik	
bertaklid	menaklidkan
bertaklid	ditaklidkan
bertaklik	menaklikkan
bertaklik	ditaklikkan
bertakuk	menakukkan
bertakuk	ditakukkan
bertakung	menakungkan
bertakung	ditakungkan
bertakwa	menakwakan
bertakwa	ditakwakan
bertakziah	menakziahkan
bertakziah	ditakziahkan
bertala-tala	
bertalah-talah	
bertalaran	
bertali	menalikan
bertali	ditalikan
bertali-tali	
bertalian	
bertalu-talu	
bertalun-talun	
bertamadun	menamadunkan
bertamadun	ditamadunkan
bertamasya	menamasyakan
bertamasya	ditamasyakan
bertambah	menambahkan
bertambah	ditambahkan
bertambah-tambah	
bertambak	menambakkan
bertambak	ditambakkan
bertambalan	
bertambangan	
bertambat	menambatkan
bertambat	ditambatkan
bertambatkan	
bertambuh	menambuhkan
bertambuh	ditambuhkan
bertambul	menambulkan
bertambul	ditambulkan
bertambun	menambunkan
bertambun	ditambunkan
bertampan	menampankan
bertampan	ditampankan
bertampar	menamparkan
bertampar	ditamparkan
bertampin	menampinkan
bertampin	ditampinkan
bertampuk	menampukkan
bertampuk	ditampukkan
bertampung	menampungkan
bertampung	ditampungkan
bertamsil	menamsilkan
bertamsil	ditamsilkan
bertamu	menamukan
bertamu	ditamukan
bertanah	menanahkan
bertanah	ditanahkan
bertanak	menanakkan
bertanak	ditanakkan
bertanam	menanamkan
bertanam	ditanamkan
bertanda	menandakan
bertanda	ditandakan
bertanda-tandaan	
bertandak	menandakkan
bertandak	ditandakkan
bertandang	menandangkan
bertandang	ditandangkan
bertanding	menandingkan
bertanding	ditandingkan
bertandu	menandukan
bertandu	ditandukan
bertanduk	menandukkan
bertanduk	ditandukkan
bertangan	menangankan
bertangan	ditangankan
bertangas	menangaskan
bertangas	ditangaskan
bertangga	menanggakan
bertangga	ditanggakan
bertanggal	menanggalkan
bertanggal	ditanggalkan
bertanggalan	
bertanggam	menanggamkan
bertanggam	ditanggamkan
bertanggang	menanggangkan
bertanggang	ditanggangkan
bertangguh	menangguhkan
bertangguh	ditangguhkan
bertangis-tangisan	
bertangisan	
bertangkai	menangkaikan
bertangkai	ditangkaikan
bertangkap	menangkapkan
bertangkap	ditangkapkan
bertangkup	menangkupkan
bertangkup	ditangkupkan
bertani	
bertanjak	menanjakkan
bertanjak	ditanjakkan
bertanti	menantikan
bertanti	ditantikan
bertanya	menanyakan
bertanya	ditanyakan
bertanya-tanya	
bertapa	menapakan
bertapa	ditapakan
bertapak	menapakkan
bertapak	ditapakkan
bertapakkan	
bertara	menarakan
bertara	ditarakan
bertaraf	menarafkan
bertaraf	ditarafkan
bertarah	menarahkan
bertarah	ditarahkan
bertarak	menarakkan
bertarak	ditarakkan
bertarap	menarapkan
bertarap	ditarapkan
bertari	menarikan
bertari	ditarikan
bertarik-tarikan	
bertarjih	menarjihkan
bertarjih	ditarjihkan
bertaruh	menaruhkan
bertaruh	ditaruhkan
bertaruhan	
bertaruk	menarukkan
bertaruk	ditarukkan
bertarung	menarungkan
bertarung	ditarungkan
bertarungan	
bertasawuf	menasawufkan
bertasawuf	ditasawufkan
bertasbih	menasbihkan
bertasbih	ditasbihkan
bertasyakur	menasyakurkan
bertasyakur	ditasyakurkan
bertasyhid	menasyhidkan
bertasyhid	ditasyhidkan
bertatah	menatahkan
bertatah	ditatahkan
bertatahkan	
bertatai-tatai	
bertatap-tatapan	
bertatapan	
bertatar	menatarkan
bertatar	ditatarkan
bertatih-tatih	
bertauliah	menauliahkan
bertauliah	ditauliahkan
bertaut	menautkan
bertaut	ditautkan
bertawajuh	menawajuhkan
bertawajuh	ditawajuhkan
bertawakal	menawakalkan
bertawakal	ditawakalkan
bertawar-tawaran	
bertawaran	
bertayamum	menayamumkan
bertayamum	ditayamumkan
berteater	meneaterkan
berteater	diteaterkan
bertebaran	
bertebeng	menebengkan
bertebeng	ditebengkan
bertebu-tebu	
bertedengan	
berteduh	meneduhkan
berteduh	diteduhkan
berteduhkan	
bertegah	menegahkan
bertegah	ditegahkan
bertegak	menegakkan
bertegak	ditegakkan
berteguh	meneguhkan
berteguh	diteguhkan
berteguh-teguh	
berteguh-teguhan	
bertegun	menegunkan
bertegun	ditegunkan
berteguran	
bertekad	menekadkan
bertekad	ditekadkan
bertekak	menekakkan
bertekak	ditekakkan
bertekan	menekankan
bertekan	ditekankan
bertekap	menekapkan
bertekap	ditekapkan
bertekat	menekatkan
bertekat	ditekatkan
bertekatkan	
bertekstur	meneksturkan
bertekstur	diteksturkan
bertekuk	menekukkan
bertekuk	ditekukkan
bertekun	menekunkan
bertekun	ditekunkan
bertekur	menekurkan
bertekur	ditekurkan
bertelabat	menelabatkan
bertelabat	ditelabatkan
bertelang-telang	
bertelangkup	menelangkupkan
bertelangkup	ditelangkupkan
bertelanjang	menelanjangkan
bertelanjang	ditelanjangkan
bertelau-telau	
bertelekan	
berteleku	menelekukan
berteleku	ditelekukan
bertelempong	menelempongkan
bertelempong	ditelempongkan
bertelepon	meneleponkan
bertelepon	diteleponkan
bertelepuk	menelepukkan
bertelepuk	ditelepukkan
bertelepukan	
bertelinga	menelingakan
bertelinga	ditelingakan
bertelingkah	menelingkahkan
bertelingkah	ditelingkahkan
berteluk	menelukkan
berteluk	ditelukkan
bertelungkup	menelungkupkan
bertelungkup	ditelungkupkan
bertelur	menelurkan
bertelur	ditelurkan
bertelut	menelutkan
bertelut	ditelutkan
bertemakan	
berteman	menemankan
berteman	ditemankan
bertembakan	
bertembuk-tembuk	
bertembung	menembungkan
bertembung	ditembungkan
bertemin	meneminkan
bertemin	diteminkan
bertempap	menempapkan
bertempap	ditempapkan
bertempat	menempatkan
bertempat	ditempatkan
bertempel	menempelkan
bertempel	ditempelkan
bertemperamen	menemperamenkan
bertemperamen	ditemperamenkan
bertemperasan	
bertemperau	menemperaukan
bertemperau	ditemperaukan
bertempiar	menempiarkan
bertempiar	ditempiarkan
bertempiaran	
bertempias	menempiaskan
bertempias	ditempiaskan
bertempik	menempikkan
bertempik	ditempikkan
bertempoh	menempohkan
bertempoh	ditempohkan
bertempuh-tempuh	
bertempur	menempurkan
bertempur	ditempurkan
bertemu	menemukan
bertemu	ditemukan
bertenaga	menenagakan
bertenaga	ditenagakan
bertenang-tenang	
bertendensi	menendensikan
bertendensi	ditendensikan
bertenggang	menenggangkan
bertenggang	ditenggangkan
bertenggang-tenggangan	
bertenggek	menenggekkan
bertenggek	ditenggekkan
bertengger	menenggerkan
bertengger	ditenggerkan
bertengkar	menengkarkan
bertengkar	ditengkarkan
bertengkaran	
bertengkelek	menengkelekkan
bertengkelek	ditengkelekkan
bertengking	menengkingkan
bertengking	ditengkingkan
bertengkuluk	menengkulukkan
bertengkuluk	ditengkulukkan
bertentang	menentangkan
bertentang	ditentangkan
bertentangan	
bertentu	menentukan
bertentu	ditentukan
bertenun	menenunkan
bertenun	ditenunkan
bertenung	menenungkan
bertenung	ditenungkan
bertepas	menepaskan
bertepas	ditepaskan
bertepatan	
bertepek-tepek	
bertepi	menepikan
bertepi	ditepikan
bertepikan	
bertepuk	menepukkan
bertepuk	ditepukkan
bertepung	menepungkan
bertepung	ditepungkan
bertera	menerakan
bertera	diterakan
berterali	meneralikan
berterali	diteralikan
berteralikan	
berterang-terang	
berterang-terangan	
berterap	menerapkan
berterap	diterapkan
berteras	meneraskan
berteras	diteraskan
berteraskan	
berterawang	menerawangkan
berterawang	diterawangkan
berteriak	meneriakkan
berteriak	diteriakkan
berteriak-teriak	
berterima	menerimakan
berterima	diterimakan
berteritik	meneritikkan
berteritik	diteritikkan
bertertib	menertibkan
bertertib	ditertibkan
bertesmak	menesmakkan
bertesmak	ditesmakkan
bertetakan	
bertetangga	menetanggakan
bertetangga	ditetanggakan
bertetesan	
bertian	meniankan
bertian	ditiankan
bertiang	meniangkan
bertiang	ditiangkan
bertiarap	meniarapkan
bertiarap	ditiarapkan
bertikai	menikaikan
bertikai	ditikaikan
bertikam-tikaman	
bertikas	menikaskan
bertikas	ditikaskan
bertilam	menilamkan
bertilam	ditilamkan
bertimba	menimbakan
bertimba	ditimbakan
bertimbakan	
bertimbal	menimbalkan
bertimbal	ditimbalkan
bertimbal-timbalan	
bertimbalan	
bertimbang	menimbangkan
bertimbang	ditimbangkan
bertimbangan	
bertimbun	menimbunkan
bertimbun	ditimbunkan
bertimbun-timbun	
bertimpa-timpa	
bertimpas-timpas	
bertimpuh	menimpuhkan
bertimpuh	ditimpuhkan
bertindak	menindakkan
bertindak	ditindakkan
bertindan	menindankan
bertindan	ditindankan
bertindih	menindihkan
bertindih	ditindihkan
bertindihan	
bertindik	menindikkan
bertindik	ditindikkan
bertinggal	meninggalkan
bertinggal	ditinggalkan
bertinggalan	
bertinggung	meninggungkan
bertinggung	ditinggungkan
bertingkah	meningkahkan
bertingkah	ditingkahkan
bertingkah-tingkah	
bertingkat	meningkatkan
bertingkat	ditingkatkan
bertingkat-tingkat	
bertingkrang	meningkrangkan
bertingkrang	ditingkrangkan
bertingkuh	meningkuhkan
bertingkuh	ditingkuhkan
bertinjau-tinjauan	
bertinju	meninjukan
bertinju	ditinjukan
bertipuan	
bertiras-tiras	
bertitah	menitahkan
bertitah	dititahkan
bertitar-titar	
bertitel	menitelkan
bertitel	dititelkan
bertitik	menitikkan
bertitik	dititikkan
bertitik-titik	
bertiup	meniupkan
bertiup	ditiupkan
bertiwikrama	meniwikramakan
bertiwikrama	ditiwikramakan
bertobat	menobatkan
bertobat	ditobatkan
bertoboh-toboh	
bertogok	menogokkan
bertogok	ditogokkan
bertohor	menohorkan
bertohor	ditohorkan
bertoko	menokokan
bertoko	ditokokan
bertokoh	menokohkan
bertokoh	ditokohkan
bertokok	menokokkan
bertokok	ditokokkan
bertolak	menolakkan
bertolak	ditolakkan
bertolak-tolak	
bertolak-tolakan	
bertolap	menolapkan
bertolap	ditolapkan
bertoleransi	menoleransikan
bertoleransi	ditoleransikan
bertolong-tolongan	
bertombak	menombakkan
bertombak	ditombakkan
bertonase	menonasekan
bertonase	ditonasekan
bertonggok	menonggokkan
bertonggok	ditonggokkan
bertongkat	menongkatkan
bertongkat	ditongkatkan
bertonjol	menonjolkan
bertonjol	ditonjolkan
bertonjol-tonjol	
bertopang	menopangkan
bertopang	ditopangkan
bertopangkan	
bertopeng	menopengkan
bertopeng	ditopengkan
bertopi	menopikan
bertopi	ditopikan
bertopik	menopikkan
bertopik	ditopikkan
bertransmigrasi	mentransmigrasikan
bertransmigrasi	ditransmigrasikan
bertua-tua	
bertua-tuaan	
bertuah	menuahkan
bertuah	dituahkan
bertual-tual	
bertualang	menualangkan
bertualang	ditualangkan
bertualangan	
bertuam	menuamkan
bertuam	dituamkan
bertuan	menuankan
bertuan	dituankan
bertuang	menuangkan
bertuang	dituangkan
bertuankan	
bertubrukan	
bertubuh	menubuhkan
bertubuh	ditubuhkan
bertudung	menudungkan
bertudung	ditudungkan
bertugas	menugaskan
bertugas	ditugaskan
bertujuan	
bertukang	menukangkan
bertukang	ditukangkan
bertukar	menukarkan
bertukar	ditukarkan
bertukar-tukar	
bertukar-tukaran	
bertukaran	
bertukas-tukas	
bertukuk	menukukkan
bertukuk	ditukukkan
bertulang	menulangkan
bertulang	ditulangkan
bertulis	menuliskan
bertulis	dituliskan
bertumbuh	menumbuhkan
bertumbuh	ditumbuhkan
bertumbuhan	
bertumbuk	menumbukkan
bertumbuk	ditumbukkan
bertumbukan	
bertumis	menumiskan
bertumis	ditumiskan
bertumpak-tumpak	
bertumpu	menumpukan
bertumpu	ditumpukan
bertumpuk-tumpuk	
bertumpukan	
bertunangan	
bertunas	menunaskan
bertunas	ditunaskan
bertunda	menundakan
bertunda	ditundakan
bertundang	menundangkan
bertundang	ditundangkan
bertundangan	
bertunggang	menunggangkan
bertunggang	ditunggangkan
bertunggu	menunggukan
bertunggu	ditunggukan
bertunjuk-tunjukan	
bertuntun	menuntunkan
bertuntun	dituntunkan
bertura-tura	
berturap	menurapkan
berturap	diturapkan
berturun	menurunkan
berturun	diturunkan
berturut-turut	
berturuti	menurutkan
berturuti	diturutkan
bertutu	menutukan
bertutu	ditutukan
bertutup	menutupkan
bertutup	ditutupkan
bertutur	menuturkan
bertutur	dituturkan
bertutur-tutur	
beruas-ruas	
berubah	mengubahkan
berubah	diubahkan
berubah-ubah	
beruban	mengubankan
beruban	diubankan
berucap	mengucapkan
berucap	diucapkan
berudu	mengudukan
berudu	diudukan
berufuk	mengufukkan
berufuk	diufukkan
berugi	merugikan
berugi	dirugikan
berujar	mengujarkan
berujar	diujarkan
beruji	mengujikan
beruji	diujikan
berujud	mengujudkan
berujud	diujudkan
berujung	mengujungkan
berujung	diujungkan
berukir	mengukirkan
berukir	diukirkan
berukup	mengukupkan
berukup	diukupkan
berukuran	
berulah	mengulahkan
berulah	diulahkan
berulam	mengulamkan
berulam	diulamkan
berulang	mengulangkan
berulang	diulangkan
berulang-ulang	
berulas	mengulaskan
berulas	diulaskan
berulat	mengulatkan
berulat	diulatkan
berulit	mengulitkan
berulit	diulitkan
berulos	menguloskan
berulos	diuloskan
berumah	merumahkan
berumah	dirumahkan
berumahkan	
berumbai	merumbaikan
berumbai	dirumbaikan
berumbai-rumbai	
berumbai-rumbaikan	
berumbi	mengumbikan
berumbi	diumbikan
berumpak	mengumpakkan
berumpak	diumpakkan
berumpama	mengumpamakan
berumpama	diumpamakan
berumpuk	mengumpukkan
berumpuk	diumpukkan
berumpun	mengumpunkan
berumpun	diumpunkan
berumput	merumputkan
berumput	dirumputkan
berumun	mengumunkan
berumun	diumunkan
berumur	mengumurkan
berumur	diumurkan
berundak-undak	
berundan-undan	
berundang	mengundangkan
berundang	diundangkan
berundi	mengundikan
berundi	diundikan
berunggas-runggas	
berunggun	mengunggunkan
berunggun	diunggunkan
berunggun-unggun	
berungkur-ungkuran	
berungut	merungutkan
berungut	dirungutkan
berungutan	
beruniform	menguniformkan
beruniform	diuniformkan
berunsur	mengunsurkan
berunsur	diunsurkan
beruntai	menguntaikan
beruntai	diuntaikan
beruntaian	
beruntuk	menguntukkan
beruntuk	diuntukkan
beruntun	menguntunkan
beruntun	diuntunkan
beruntung-untung	
berunyai	mengunyaikan
berunyai	diunyaikan
berunyai-unyai	
berupa	merupakan
berupa	dirupakan
berupa-rupa	
berupah	mengupahkan
berupah	diupahkan
berupaya	mengupayakan
berupaya	diupayakan
berurai	menguraikan
berurai	diuraikan
berurap	mengurapkan
berurap	diurapkan
beruras	menguraskan
beruras	diuraskan
berurat	menguratkan
berurat	diuratkan
berurine	mengurinekan
berurine	diurinekan
beruris-uris	
berurusan	
berurut	mengurutkan
berurut	diurutkan
berurut-urutan	
berurutan	
berusaha	mengusahakan
berusaha	diusahakan
berusak	merusakkan
berusak	dirusakkan
berusali	mengusalikan
berusali	diusalikan
berusia	mengusiakan
berusia	diusiakan
berusuh	merusuhkan
berusuh	dirusuhkan
berutang	mengutangkan
berutang	diutangkan
berutas	mengutaskan
berutas	diutaskan
bervakansi	memvakansikan
bervakansi	divakansikan
bervariasi	memvariasikan
bervariasi	divariasikan
berwaad	mewaadkan
berwaad	diwaadkan
berwadahkan	
berwajah	mewajahkan
berwajah	diwajahkan
berwajib	mewajibkan
berwajib	diwajibkan
berwakaf	mewakafkan
berwakaf	diwakafkan
berwakil	mewakilkan
berwakil	diwakilkan
berwaktu	mewaktukan
berwaktu	diwaktukan
berwarna	mewarnakan
berwarna	diwarnakan
berwarna-warna	
berwarung	mewarungkan
berwarung	diwarungkan
berwasiat	mewasiatkan
berwasiat	diwasiatkan
berwaspada	mewaspadakan
berwaspada	diwaspadakan
berwaswas	mewaswaskan
berwaswas	diwaswaskan
berwatak	mewatakkan
berwatak	diwatakkan
berwawancara	mewawancarakan
berwawancara	diwawancarakan
berwawanmuka	mewawanmukakan
berwawanmuka	diwawanmukakan
berwawanrembuk	mewawanrembukkan
berwawanrembuk	diwawanrembukkan
berwenang	mewenangkan
berwenang	diwenangkan
berwibawa	mewibawakan
berwibawa	diwibawakan
berwiraswasta	mewiraswastakan
berwiraswasta	diwiraswastakan
berwiru-wiru	
berwisata	mewisatakan
berwisata	diwisatakan
berwudu	mewudukan
berwudu	diwudukan
berwujud	mewujudkan
berwujud	diwujudkan
berwukuf	mewukufkan
berwukuf	diwukufkan
beryang-yang	
beryoga	meyogakan
beryoga	diyogakan
berziarah	menziarahkan
berziarah	diziarahkan
berzikir	menzikirkan
berzikir	dizikirkan
berzina	menzinakan
berzina	dizinakan
beserban	menyerbankan
beserban	diserbankan
beserbankan	
beserdam	menyerdamkan
beserdam	diserdamkan
beserdawa	menyerdawakan
beserdawa	diserdawakan
beserdih	menyerdihkan
beserdih	diserdihkan
beserta	menyertakan
beserta	disertakan
beterbangan	
beterjunan	
beternak	menernakkan
beternak	diternakkan
betertib	menertibkan
betertib	ditertibkan
betullah	betul
bongkar-membongkar	
bubuhlah	bubuh
bulanlah	bulan
bunuh-membunuh	
cabik-mencabik	
cacingan	
cakar-mencakar	
cakup-mencakup	
cari-carian	
cegukan	
cekikikan	
celingukan	
cemburuan	
ceruk-menceruk	
cobalah	coba
dahulu-mendahului	
dapatlah	dapat
datang-mendatangi	
datanglah	datang
demikianlah	demikian
dengar-dengaran	
dengarlah	dengar
dengking-mendengking	
detikan	
dijiplakkan	
dikarenakan	
dikeluarkan	kukeluarkan
dikeluarkan	kaukeluarkan
dikeluarkan	keluarkan
dikeluarkan	keluarkanlah
dikeluarkanlah	dikeluarkan
dikeluarkanlah	kukeluarkan
dikeluarkanlah	kaukeluarkan
dikeluarkanlah	keluarkan
dikeluarkanlah	keluarkanlah
dikemarikan	
diketahui	
dipengapakan	
diperdanakan	
diperhatikan	kuperhatikan
diperhatikan	kauperhatikan
diperhatikan	perhatikan
diperhatikan	perhatikanlah
dirilah	diri
dirubah	
ditertawakan	kutertawakan
ditertawakan	kautertawakan
ditertawakan	tertawakan
ditertawakan	tertawakanlah
dolanan	
dorong	
duduklah	duduk
ganda-berganda	
ganjal-mengganjal	
gasak-gasakan	
gelap-gelapan	
gelayaran	
gemeletak	
gemelugut	
gemerencang	
gemeretak	
gemeretuk	
gemeretup	
gemertak	
gemertuk	
gempitalah	gempita
gempur-menggempur	
genaplah	genap
gengsi-gengsian	
genjot-genjotan	
gentayangan	
geragapan	
geraklah	gerak
gerenengan	
gerobyakan	
gila-gilaan	
gilir-bergilir	
gingsir	
glegekan	
gontok-gontokan	
grempelan	
gulung-menggulung	
gumelaran	
guntinglah	gunting
guselan	
guyonan	
hadirlah	hadir
hancur-menghancurkan	
harap-harapan	
harga	
haruslah	harus
hayolah	hayo
hentilah	henti
hina-menghinakan	
hormat-menghormati	
ikut-ikutan	
imbang-imbangan	
ingat-ingatan	
ingau-ingauan	
ingusan	
inilah	ini
internetan	
itulah	itu
jadilah	jadi
jaipongan	
jalin-berjalin	
jalin-menjalin	
jambak-jambakan	
janganlah	jangan
jelalatan	
jelang-menjelang	
jempalitan	
jenggotan	
jengkoletan	
jerawatan	
jotos-jotosan	
jotosan	
jualan	
jumpalitan	
junjunglah	junjung
kabruk-kabrukan	
kangen-kangenan	
kapalan	
kauairi	air
kauajar	
kaualami	alam
kauambil	
kauambillah	
kauanggap	
kauangkat	
kauaniaya	
kaubaca	
kaubacakannya	dibacakan
kaubacakannya	kubacakan
kaubacakannya	kaubacakan
kaubacakannya	bacakan
kaubacakannya	bacakanlah
kaubakar	
kaubakarlah	
kaubasuhlah	
kaubawa	
kaubawalah	
kaubayar	
kaubelah	
kaubeli	
kaubenci	
kauberi	
kauberkati	berkat
kaubuat	
kaubuatlah	
kaububuh	
kaububuhi	bubuh
kaubunuh	
kaucari	
kaucarilah	
kaucatat	
kaucintai	cinta
kaucuci	
kaudapat	
kaudapati	dapat
kaudatangi	datang
kaudengar	
kaudengarlah	
kaudiami	diam
kaududuki	duduk
kaugali	
kaugantung	
kaugiling	
kauhadapkanlah	
kauhampiri	hampir
kauhina	
kauhitung	
kauikat	
kauikuti	ikut
kauingat	
kauingini	ingin
kauinjak	
kauisi	
kaujalani	jalan
kaujual	
kaukapuri	kapur
kaukasihani	kasihan
kaukasihi	kasih
kaukehendaki	kehendak
kaukejar	
kaukenakanlah	
kaukenal	
kaukepung	
kauketahui	
kaukirim	
kaukurangi	kurang
kaukutuk	
kaukutuki	kutuk
kaulan	
kaulangkahi	langkah
kaulempari	lempar
kaulihat	
kaulihatkah	
kaulingkungi	lingkung
kaulipat	
kaumakan	
kaumasak	
kaumasuki	masuk
kaumengerti	
kaumiliki	milik
kauminta	
kauminum	
kaumungkiri	mungkir
kaunaiki	naik
kaunasihati	nasihat
kauolah	
kaupakai	
kaupancing	
kaupandang	
kaupanggil	
kaupasang	
kaupasanglah	
kaupegang	
kaupelihara	
kauperbanyak	
kauperbuat	
kaupercayai	percaya
kauperhatikan	diperhatikan
kauperhatikan	kuperhatikan
kauperhatikan	perhatikan
kauperhatikan	perhatikanlah
kauperoleh	
kaupetik	
kaupilih	
kaupimpin	
kaupotong	
kaupukul	
kaupungut	
kaupunya	
kaupunyai	punya
kaurampas	
kaurantingi	ranting
kaurasa	
kausabit	
kausalut	
kausalutlah	
kausambung	
kausangka	
kauseberangi	seberang
kausebut	
kausembah	
kausembelih	
kausumpahi	sumpah
kausuruh	
kausuruhlah	
kautaburi	tabur
kautagih	
kautahan	
kautahu	
kautakuti	takut
kautanami	tanam
kautangkap	
kautantang	
kautaruh	
kautaruhlah	
kautatah	
kautawan	
kautebang	
kautebus	
kautebuslah	
kautegor	
kautekan	
kautemani	teman
kautempuh	
kautemui	temu
kauterima	
kautindas	
kautinggali	tinggal
kautuai	
kautuang	
kautuju	
kautulisi	tulis
kautumpas	
kautunggangi	tunggang
kaututup	
kauurapi	urap
kauurapilah	
kebelakangkanlah	
kebengkalan	
kebut-kebutan	
kecenaan	
kecil-mengecilkan	
kedepankanlah	
kehujungan	
kejaga-jagaan	
kejar-mengejar	
kelilipan	
keluar	
keluarkan	dikeluarkan
keluarkan	kukeluarkan
keluarkan	kaukeluarkan
keluarkan	keluarkanlah
keluarkanlah	dikeluarkan
keluarkanlah	kukeluarkan
keluarkanlah	kaukeluarkan
keluarkanlah	keluarkan
keluarlah	
kemalingan	
kembalilah	kembali
kemukakanlah	
kena-mengena	
kenal-mengenal	
kenalan	
kenamaan	
kencing-mengencingi	
kendangan	
keningrat-ningratan	
kepetangan	
keranjingan	
keras-mengerasi	
keratlah	kerat
keroncongan	
kesampingkanlah	
kesedakan	
kesemanan	
kesenak-senakan	
kesengsaman	
kesinikanlah	
kesisikanlah	
kesomplok	
kesurupan	
ketahuan	
ketanahkanlah	
ketawa	
ketengahkanlah	
ketepikanlah	
keterepasan	
keteteran	
ketidur-tiduran	
ketrengginasan	
ketuan-tuanan	
ketulusan	
kewalahan	
khususlah	khusus
kilau-mengilau	
kirim-berkirim	
kopokan	
korengan	
kualami	alam
kuampuni	ampun
kubekali	bekal
kuberkati	berkat
kucing-kucingan	
kucintai	cinta
kudekati	dekat
kudiami	diam
kudisan	
kugemari	gemar
kuhakimi	hakim
kuhampiri	hampir
kuhidupi	hidup
kuingini	ingin
kuingkari	ingkar
kujumpai	jumpa
kukasihani	kasihan
kukasihi	kasih
kukehendaki	kehendak
kuketahui	
kukuasai	kuasa
kukunjungi	kunjung
kukutuki	kutuk
kulangkahi	langkah
kulayani	layan
kulingkungi	lingkung
kumiliki	milik
kumungkiri	mungkir
kunasihati	nasihat
kupelajari	pelajar
kupenuhi	penuh
kuperangi	perang
kuperbuat	
kupercayai	percaya
kuperhatikan	diperhatikan
kuperhatikan	kauperhatikan
kuperhatikan	perhatikan
kuperhatikan	perhatikanlah
kuperoleh	
kupukuli	pukul
kupunyai	punya
kurasuki	rasuk
kusadari	sadar
kuselidiki	selidik
kusukai	suka
kutaburi	tabur
kutakuti	takut
kutangani	tangan
kutemui	temu
kutentangi	tentang
kutunggangi	tunggang
kuturuti	turut
kuulangi	ulang
lalulah	lalu
langgar-melanggar	
lanja-lanjaan	
larilah	lari
lempar-lemparan	
lengkaplah	lengkap
lepaslah	lepas
licinlah	licin
limasan	
lipat-melipat	
lupa-lupaan	
maaf-memaafkan	
mabuk-mabukan	
makanlah	makan
malas-malasan	
mandilah	mandi
masuklah	masuk
masyhurlah	masyhur
mat-matan	
mati-matian	
melabai	dilabai
melabai	kulabai
melabai	kaulabai
melabai	labai
melabai	labailah
melabang	kulabang
melabang	kaulabang
melabang	dilabang
melabang	terlabang
melabang	labang
melabang	labanglah
melabrak	kulabrak
melabrak	kaulabrak
melabrak	dilabrak
melabrak	terlabrak
melabrak	labrak
melabrak	labraklah
melabu	kulabu
melabu	kaulabu
melabu	dilabu
melabu	terlabu
melabu	labu
melabu	labulah
melabuh	kulabuh
melabuh	kaulabuh
melabuh	dilabuh
melabuh	terlabuh
melabuh	labuh
melabuh	labuhlah
melabur	kulabur
melabur	kaulabur
melabur	dilabur
melabur	terlabur
melabur	labur
melabur	laburlah
melacak	kulacak
melacak	kaulacak
melacak	dilacak
melacak	terlacak
melacak	lacak
melacak	lacaklah
melacur	kulacur
melacur	kaulacur
melacur	dilacur
melacur	terlacur
melacur	lacur
melacur	lacurlah
melacurkan	
melacut	kulacut
melacut	kaulacut
melacut	dilacut
melacut	terlacut
melacut	lacut
melacut	lacutlah
meladai	diladai
meladai	kuladai
meladai	kauladai
meladai	ladai
meladai	ladailah
meladeni	diladeni
meladeni	kuladeni
meladeni	kauladeni
meladeni	ladeni
meladeni	ladenilah
melafalkan	
melaga	kulaga
melaga	kaulaga
melaga	dilaga
melaga	terlaga
melaga	laga
melaga	lagalah
melagak	kulagak
melagak	kaulagak
melagak	dilagak
melagak	terlagak
melagak	lagak
melagak	lagaklah
melagang	kulagang
melagang	kaulagang
melagang	dilagang
melagang	terlagang
melagang	lagang
melagang	laganglah
melagangkan	
melagu	kulagu
melagu	kaulagu
melagu	dilagu
melagu	terlagu
melagu	lagu
melagu	lagulah
melagui	dilagui
melagui	kulagui
melagui	kaulagui
melagui	lagui
melagui	laguilah
melahap	kulahap
melahap	kaulahap
melahap	dilahap
melahap	terlahap
melahap	lahap
melahap	lahaplah
melahirkan	dilahirkan
melahirkan	kulahirkan
melahirkan	kaulahirkan
melahirkan	lahirkan
melahirkan	lahirkanlah
melaini	dilaini
melaini	kulaini
melaini	kaulaini
melaini	laini
melaini	lainilah
melainkan	dilainkan
melainkan	kulainkan
melainkan	kaulainkan
melainkan	lainkan
melainkan	lainkanlah
melais	kulais
melais	kaulais
melais	dilais
melais	terlais
melais	lais
melais	laislah
melajang	kulajang
melajang	kaulajang
melajang	dilajang
melajang	terlajang
melajang	lajang
melajang	lajanglah
melaju	kulaju
melaju	kaulaju
melaju	dilaju
melaju	terlaju
melaju	laju
melaju	lajulah
melajukan	
melakabkan	dilakabkan
melakabkan	kulakabkan
melakabkan	kaulakabkan
melakabkan	lakabkan
melakabkan	lakabkanlah
melakak	kulakak
melakak	kaulakak
melakak	dilakak
melakak	terlakak
melakak	lakak
melakak	lakaklah
melaknat	kulaknat
melaknat	kaulaknat
melaknat	dilaknat
melaknat	terlaknat
melaknat	laknat
melaknat	laknatlah
melaknati	dilaknati
melaknati	kulaknati
melaknati	kaulaknati
melaknati	laknati
melaknati	laknatilah
melaknatkan	
melakoni	dilakoni
melakoni	kulakoni
melakoni	kaulakoni
melakoni	lakoni
melakoni	lakonilah
melaksanakan	dilaksanakan
melaksanakan	kulaksanakan
melaksanakan	kaulaksanakan
melaksanakan	laksanakan
melaksanakan	laksanakanlah
melakurkan	dilakurkan
melakurkan	kulakurkan
melakurkan	kaulakurkan
melakurkan	lakurkan
melakurkan	lakurkanlah
melalah	kulalah
melalah	kaulalah
melalah	dilalah
melalah	terlalah
melalah	lalah
melalah	lalahlah
melalaikan	dilalaikan
melalaikan	kulalaikan
melalaikan	kaulalaikan
melalaikan	lalaikan
melalaikan	lalaikanlah
melalap	kulalap
melalap	kaulalap
melalap	dilalap
melalap	terlalap
melalap	lalap
melalap	lalaplah
melalau	kulalau
melalau	kaulalau
melalau	dilalau
melalau	terlalau
melalau	lalau
melalau	lalaulah
melali	kulali
melali	kaulali
melali	dilali
melali	terlali
melali	lali
melali	lalilah
melalui	dilalui
melalui	kulalui
melalui	kaulalui
melalui	lalui
melalui	laluilah
melamar	kulamar
melamar	kaulamar
melamar	dilamar
melamar	terlamar
melamar	lamar
melamar	lamarlah
melamarkan	
melambai	kulambai
melambai	kaulambai
melambai	dilambai
melambai	terlambai
melambai	lambai
melambai	lambailah
melambai-lambai	
melambai-lambaikan	
melambaikan	
melambak	kulambak
melambak	kaulambak
melambak	dilambak
melambak	terlambak
melambak	lambak
melambak	lambaklah
melambankan	dilambankan
melambankan	kulambankan
melambankan	kaulambankan
melambankan	lambankan
melambankan	lambankanlah
melambari	dilambari
melambari	kulambari
melambari	kaulambari
melambari	lambari
melambari	lambarilah
melambat-lambatkan	
melambuk	kulambuk
melambuk	kaulambuk
melambuk	dilambuk
melambuk	terlambuk
melambuk	lambuk
melambuk	lambuklah
melambung	kulambung
melambung	kaulambung
melambung	dilambung
melambung	terlambung
melambung	lambung
melambung	lambunglah
melambungi	dilambungi
melambungi	kulambungi
melambungi	kaulambungi
melambungi	lambungi
melambungi	lambungilah
melambungkan	
melamin	kulamin
melamin	kaulamin
melamin	dilamin
melamin	terlamin
melamin	lamin
melamin	laminlah
melampai	kulampai
melampai	kaulampai
melampai	dilampai
melampai	terlampai
melampai	lampai
melampai	lampailah
melampam	kulampam
melampam	kaulampam
melampam	dilampam
melampam	terlampam
melampam	lampam
melampam	lampamlah
melampan	kulampan
melampan	kaulampan
melampan	dilampan
melampan	terlampan
melampan	lampan
melampan	lampanlah
melampang	kulampang
melampang	kaulampang
melampang	dilampang
melampang	terlampang
melampang	lampang
melampang	lampanglah
melampas	kulampas
melampas	kaulampas
melampas	dilampas
melampas	terlampas
melampas	lampas
melampas	lampaslah
melampau	kulampau
melampau	kaulampau
melampau	dilampau
melampau	terlampau
melampau	lampau
melampau	lampaulah
melampaui	dilampaui
melampaui	kulampaui
melampaui	kaulampaui
melampaui	lampaui
melampaui	lampauilah
melampiaskan	dilampiaskan
melampiaskan	kulampiaskan
melampiaskan	kaulampiaskan
melampiaskan	lampiaskan
melampiaskan	lampiaskanlah
melampini	dilampini
melampini	kulampini
melampini	kaulampini
melampini	lampini
melampini	lampinilah
melampiri	dilampiri
melampiri	kulampiri
melampiri	kaulampiri
melampiri	lampiri
melampiri	lampirilah
melampirkan	dilampirkan
melampirkan	kulampirkan
melampirkan	kaulampirkan
melampirkan	lampirkan
melampirkan	lampirkanlah
melampung	kulampung
melampung	kaulampung
melampung	dilampung
melampung	terlampung
melampung	lampung
melampung	lampunglah
melamun	kulamun
melamun	kaulamun
melamun	dilamun
melamun	terlamun
melamun	lamun
melamun	lamunlah
melanang	kulanang
melanang	kaulanang
melanang	dilanang
melanang	terlanang
melanang	lanang
melanang	lananglah
melancar	kulancar
melancar	kaulancar
melancar	dilancar
melancar	terlancar
melancar	lancar
melancar	lancarlah
melancarkan	dilancarkan
melancarkan	lancarkan
melancip	kulancip
melancip	kaulancip
melancip	dilancip
melancip	terlancip
melancip	lancip
melancip	lanciplah
melancipkan	
melancong	kulancong
melancong	kaulancong
melancong	dilancong
melancong	terlancong
melancong	lancong
melancong	lanconglah
melancung	kulancung
melancung	kaulancung
melancung	dilancung
melancung	terlancung
melancung	lancung
melancung	lancunglah
melancungkan	
melancur	kulancur
melancur	kaulancur
melancur	dilancur
melancur	terlancur
melancur	lancur
melancur	lancurlah
melancut	kulancut
melancut	kaulancut
melancut	dilancut
melancut	terlancut
melancut	lancut
melancut	lancutlah
melanda	kulanda
melanda	kaulanda
melanda	dilanda
melanda	terlanda
melanda	landa
melanda	landalah
melandai	kulandai
melandai	kaulandai
melandai	dilandai
melandai	terlandai
melandai	landai
melandai	landailah
melandakan	
melandas	kulandas
melandas	kaulandas
melandas	dilandas
melandas	terlandas
melandas	landas
melandas	landaslah
melandasi	dilandasi
melandasi	kulandasi
melandasi	kaulandasi
melandasi	landasi
melandasi	landasilah
melandaskan	
melandung	kulandung
melandung	kaulandung
melandung	dilandung
melandung	terlandung
melandung	landung
melandung	landunglah
melangah	kulangah
melangah	kaulangah
melangah	dilangah
melangah	terlangah
melangah	langah
melangah	langahlah
melangahkan	
melanggani	dilanggani
melanggani	kulanggani
melanggani	kaulanggani
melanggani	langgani
melanggani	langganilah
melanggar	kulanggar
melanggar	kaulanggar
melanggar	dilanggar
melanggar	terlanggar
melanggar	langgar
melanggar	langgarlah
melanggarkan	
melangir	kulangir
melangir	kaulangir
melangir	dilangir
melangir	terlangir
melangir	langir
melangir	langirlah
melangit	kulangit
melangit	kaulangit
melangit	dilangit
melangit	terlangit
melangit	langit
melangit	langitlah
melangkah	kulangkah
melangkah	kaulangkah
melangkah	dilangkah
melangkah	terlangkah
melangkah	langkah
melangkah	langkahlah
melangkahi	dilangkahi
melangkahi	kulangkahi
melangkahi	kaulangkahi
melangkahi	langkahi
melangkahi	langkahilah
melangkapkan	dilangkapkan
melangkapkan	kulangkapkan
melangkapkan	kaulangkapkan
melangkapkan	langkapkan
melangkapkan	langkapkanlah
melangkaui	dilangkaui
melangkaui	kulangkaui
melangkaui	kaulangkaui
melangkaui	langkaui
melangkaui	langkauilah
melanglang	kulanglang
melanglang	kaulanglang
melanglang	dilanglang
melanglang	terlanglang
melanglang	langlang
melanglang	langlanglah
melangsamkan	dilangsamkan
melangsamkan	kulangsamkan
melangsamkan	kaulangsamkan
melangsamkan	langsamkan
melangsamkan	langsamkanlah
melangsi	kulangsi
melangsi	kaulangsi
melangsi	dilangsi
melangsi	terlangsi
melangsi	langsi
melangsi	langsilah
melangsingkan	dilangsingkan
melangsingkan	kulangsingkan
melangsingkan	kaulangsingkan
melangsingkan	langsingkan
melangsingkan	langsingkanlah
melangsir	kulangsir
melangsir	kaulangsir
melangsir	dilangsir
melangsir	terlangsir
melangsir	langsir
melangsir	langsirlah
melangut	kulangut
melangut	kaulangut
melangut	dilangut
melangut	terlangut
melangut	langut
melangut	langutlah
melanja	kulanja
melanja	kaulanja
melanja	dilanja
melanja	terlanja
melanja	lanja
melanja	lanjalah
melanjai	kulanjai
melanjai	kaulanjai
melanjai	dilanjai
melanjai	terlanjai
melanjai	lanjai
melanjai	lanjailah
melanjar	kulanjar
melanjar	kaulanjar
melanjar	dilanjar
melanjar	terlanjar
melanjar	lanjar
melanjar	lanjarlah
melanjurkan	dilanjurkan
melanjurkan	kulanjurkan
melanjurkan	kaulanjurkan
melanjurkan	lanjurkan
melanjurkan	lanjurkanlah
melanjut	kulanjut
melanjut	kaulanjut
melanjut	dilanjut
melanjut	terlanjut
melanjut	lanjut
melanjut	lanjutlah
melansir	kulansir
melansir	kaulansir
melansir	dilansir
melansir	terlansir
melansir	lansir
melansir	lansirlah
melantah	kulantah
melantah	kaulantah
melantah	dilantah
melantah	terlantah
melantah	lantah
melantah	lantahlah
melantai	kulantai
melantai	kaulantai
melantai	dilantai
melantai	terlantai
melantai	lantai
melantai	lantailah
melantak	kulantak
melantak	kaulantak
melantak	dilantak
melantak	terlantak
melantak	lantak
melantak	lantaklah
melantakkan	
melantamkan	dilantamkan
melantamkan	kulantamkan
melantamkan	kaulantamkan
melantamkan	lantamkan
melantamkan	lantamkanlah
melantan	kulantan
melantan	kaulantan
melantan	dilantan
melantan	terlantan
melantan	lantan
melantan	lantanlah
melantang	kulantang
melantang	kaulantang
melantang	dilantang
melantang	terlantang
melantang	lantang
melantang	lantanglah
melantangkan	
melantarkan	dilantarkan
melantarkan	kulantarkan
melantarkan	kaulantarkan
melantarkan	lantarkan
melantarkan	lantarkanlah
melantas	kulantas
melantas	kaulantas
melantas	dilantas
melantas	terlantas
melantas	lantas
melantas	lantaslah
melantik	kulantik
melantik	kaulantik
melantik	dilantik
melantik	terlantik
melantik	lantik
melantik	lantiklah
melanting	kulanting
melanting	kaulanting
melanting	dilanting
melanting	terlanting
melanting	lanting
melanting	lantinglah
melantun	kulantun
melantun	kaulantun
melantun	dilantun
melantun	terlantun
melantun	lantun
melantun	lantunlah
melantung	kulantung
melantung	kaulantung
melantung	dilantung
melantung	terlantung
melantung	lantung
melantung	lantunglah
melantunkan	
melantur	kulantur
melantur	kaulantur
melantur	dilantur
melantur	terlantur
melantur	lantur
melantur	lanturlah
melanturkan	
melanyah	kulanyah
melanyah	kaulanyah
melanyah	dilanyah
melanyah	terlanyah
melanyah	lanyah
melanyah	lanyahlah
melanyak	kulanyak
melanyak	kaulanyak
melanyak	dilanyak
melanyak	terlanyak
melanyak	lanyak
melanyak	lanyaklah
melanyau	kulanyau
melanyau	kaulanyau
melanyau	dilanyau
melanyau	terlanyau
melanyau	lanyau
melanyau	lanyaulah
melapah	kulapah
melapah	kaulapah
melapah	dilapah
melapah	terlapah
melapah	lapah
melapah	lapahlah
melapangi	dilapangi
melapangi	kulapangi
melapangi	kaulapangi
melapangi	lapangi
melapangi	lapangilah
melapangkan	dilapangkan
melapangkan	kulapangkan
melapangkan	kaulapangkan
melapangkan	lapangkan
melapangkan	lapangkanlah
melaperkan	dilaperkan
melaperkan	kulaperkan
melaperkan	kaulaperkan
melaperkan	laperkan
melaperkan	laperkanlah
melapih	kulapih
melapih	kaulapih
melapih	dilapih
melapih	terlapih
melapih	lapih
melapih	lapihlah
melapik	kulapik
melapik	kaulapik
melapik	dilapik
melapik	terlapik
melapik	lapik
melapik	lapiklah
melapiki	dilapiki
melapiki	kulapiki
melapiki	kaulapiki
melapiki	lapiki
melapiki	lapikilah
melapis	kulapis
melapis	kaulapis
melapis	dilapis
melapis	terlapis
melapis	lapis
melapis	lapislah
melapor	kulapor
melapor	kaulapor
melapor	dilapor
melapor	terlapor
melapor	lapor
melapor	laporlah
melaporkan	
melapuk	kulapuk
melapuk	kaulapuk
melapuk	dilapuk
melapuk	terlapuk
melapuk	lapuk
melapuk	lapuklah
melapun	kulapun
melapun	kaulapun
melapun	dilapun
melapun	terlapun
melapun	lapun
melapun	lapunlah
melapur	kulapur
melapur	kaulapur
melapur	dilapur
melapur	terlapur
melapur	lapur
melapur	lapurlah
melarah	kularah
melarah	kaularah
melarah	dilarah
melarah	terlarah
melarah	larah
melarah	larahlah
melaraikan	
melaram	kularam
melaram	kaularam
melaram	dilaram
melaram	terlaram
melaram	laram
melaram	laramlah
melarang	kularang
melarang	kaularang
melarang	dilarang
melarang	terlarang
melarang	larang
melarang	laranglah
melarangkan	
melarasi	dilarasi
melarasi	kularasi
melarasi	kaularasi
melarasi	larasi
melarasi	larasilah
melaraskan	dilaraskan
melaraskan	kularaskan
melaraskan	kaularaskan
melaraskan	laraskan
melaraskan	laraskanlah
melarat	kularat
melarat	kaularat
melarat	dilarat
melarat	terlarat
melarat	larat
melarat	laratlah
melarau	kularau
melarau	kaularau
melarau	dilarau
melarau	terlarau
melarau	larau
melarau	laraulah
melarih	kularih
melarih	kaularih
melarih	dilarih
melarih	terlarih
melarih	larih
melarih	larihlah
melarihi	dilarihi
melarihi	kularihi
melarihi	kaularihi
melarihi	larihi
melarihi	larihilah
melarik	kularik
melarik	kaularik
melarik	dilarik
melarik	terlarik
melarik	larik
melarik	lariklah
melariskan	dilariskan
melariskan	kulariskan
melariskan	kaulariskan
melariskan	lariskan
melariskan	lariskanlah
melaru	kularu
melaru	kaularu
melaru	dilaru
melaru	terlaru
melaru	laru
melaru	larulah
melarut	kularut
melarut	kaularut
melarut	dilarut
melarut	terlarut
melarut	larut
melarut	larutlah
melarutkan	
melasahkan	dilasahkan
melasahkan	kulasahkan
melasahkan	kaulasahkan
melasahkan	lasahkan
melasahkan	lasahkanlah
melasikan	dilasikan
melasikan	kulasikan
melasikan	kaulasikan
melasikan	lasikan
melasikan	lasikanlah
melata	kulata
melata	kaulata
melata	dilata
melata	terlata
melata	lata
melata	latalah
melatahkan	dilatahkan
melatahkan	kulatahkan
melatahkan	kaulatahkan
melatahkan	latahkan
melatahkan	latahkanlah
melatam	kulatam
melatam	kaulatam
melatam	dilatam
melatam	terlatam
melatam	latam
melatam	latamlah
melatamkan	
melatari	dilatari
melatari	kulatari
melatari	kaulatari
melatari	latari
melatari	latarilah
melatas	kulatas
melatas	kaulatas
melatas	dilatas
melatas	terlatas
melatas	latas
melatas	lataslah
melatih	kulatih
melatih	kaulatih
melatih	dilatih
melatih	terlatih
melatih	latih
melatih	latihlah
melating	kulating
melating	kaulating
melating	dilating
melating	terlating
melating	lating
melating	latinglah
melatis	kulatis
melatis	kaulatis
melatis	dilatis
melatis	terlatis
melatis	latis
melatis	latislah
melatur	kulatur
melatur	kaulatur
melatur	dilatur
melatur	terlatur
melatur	latur
melatur	laturlah
melaun-laun	
melaung	kulaung
melaung	kaulaung
melaung	dilaung
melaung	terlaung
melaung	laung
melaung	launglah
melaungkan	
melaur	kulaur
melaur	kaulaur
melaur	dilaur
melaur	terlaur
melaur	laur
melaur	laurlah
melaut	kulaut
melaut	kaulaut
melaut	dilaut
melaut	terlaut
melaut	laut
melaut	lautlah
melauti	dilauti
melauti	kulauti
melauti	kaulauti
melauti	lauti
melauti	lautilah
melautkan	
melawak	kulawak
melawak	kaulawak
melawak	dilawak
melawak	terlawak
melawak	lawak
melawak	lawaklah
melawak-lawak	
melawan	kulawan
melawan	kaulawan
melawan	dilawan
melawan	terlawan
melawan	lawan
melawan	lawanlah
melawani	dilawani
melawani	kulawani
melawani	kaulawani
melawani	lawani
melawani	lawanilah
melawar	kulawar
melawar	kaulawar
melawar	dilawar
melawar	terlawar
melawar	lawar
melawar	lawarlah
melawas	kulawas
melawas	kaulawas
melawas	dilawas
melawas	terlawas
melawas	lawas
melawas	lawaslah
melawat	kulawat
melawat	kaulawat
melawat	dilawat
melawat	terlawat
melawat	lawat
melawat	lawatlah
melayah	kulayah
melayah	kaulayah
melayah	dilayah
melayah	terlayah
melayah	layah
melayah	layahlah
melayahkan	
melayakkan	dilayakkan
melayakkan	kulayakkan
melayakkan	kaulayakkan
melayakkan	layakkan
melayakkan	layakkanlah
melayam	kulayam
melayam	kaulayam
melayam	dilayam
melayam	terlayam
melayam	layam
melayam	layamlah
melayang	kulayang
melayang	kaulayang
melayang	dilayang
melayang	terlayang
melayang	layang
melayang	layanglah
melayang-layang	
melayangkan	dilayangkan
melayani	dilayani
melayani	kulayani
melayani	kaulayani
melayani	layani
melayani	layanilah
melayankan	dilayankan
melayankan	kulayankan
melayankan	kaulayankan
melayankan	layankan
melayankan	layankanlah
melayap	kulayap
melayap	kaulayap
melayap	dilayap
melayap	terlayap
melayap	layap
melayap	layaplah
melayap-layap	
melayap-layapkan	
melayapi	dilayapi
melayapi	kulayapi
melayapi	kaulayapi
melayapi	layapi
melayapi	layapilah
melayapkan	
melayari	dilayari
melayari	kulayari
melayari	kaulayari
melayari	layari
melayari	layarilah
melayas	kulayas
melayas	kaulayas
melayas	dilayas
melayas	terlayas
melayas	layas
melayas	layaslah
melayaskan	
melayat	kulayat
melayat	kaulayat
melayat	dilayat
melayat	terlayat
melayat	layat
melayat	layatlah
melayu	
melayuk	kulayuk
melayuk	kaulayuk
melayuk	dilayuk
melayuk	terlayuk
melayuk	layuk
melayuk	layuklah
melayur	kulayur
melayur	kaulayur
melayur	dilayur
melayur	terlayur
melayur	layur
melayur	layurlah
melayut	kulayut
melayut	kaulayut
melayut	dilayut
melayut	terlayut
melayut	layut
melayut	layutlah
melazimkan	dilazimkan
melazimkan	kulazimkan
melazimkan	kaulazimkan
melazimkan	lazimkan
melazimkan	lazimkanlah
melebar	kulebar
melebar	kaulebar
melebar	dilebar
melebar	terlebar
melebar	lebar
melebar	lebarlah
melebarkan	lebarkan
melebat	kulebat
melebat	kaulebat
melebat	dilebat
melebat	terlebat
melebat	lebat
melebat	lebatlah
melebih	kulebih
melebih	kaulebih
melebih	dilebih
melebih	terlebih
melebih	lebih
melebih	lebihlah
melebih-lebihi	
melebih-lebihkan	
melebihi	dilebihi
melebihi	kulebihi
melebihi	kaulebihi
melebihi	lebihi
melebihi	lebihilah
melebuhkan	dilebuhkan
melebuhkan	kulebuhkan
melebuhkan	kaulebuhkan
melebuhkan	lebuhkan
melebuhkan	lebuhkanlah
melebuk	kulebuk
melebuk	kaulebuk
melebuk	dilebuk
melebuk	terlebuk
melebuk	lebuk
melebuk	lebuklah
melebun	kulebun
melebun	kaulebun
melebun	dilebun
melebun	terlebun
melebun	lebun
melebun	lebunlah
melebur	kulebur
melebur	kaulebur
melebur	dilebur
melebur	terlebur
melebur	lebur
melebur	leburlah
meleburkan	
meleceh	kuleceh
meleceh	kauleceh
meleceh	dileceh
meleceh	terleceh
meleceh	leceh
meleceh	lecehlah
melecehkan	
melecek	kulecek
melecek	kaulecek
melecek	dilecek
melecek	terlecek
melecek	lecek
melecek	leceklah
melecit	kulecit
melecit	kaulecit
melecit	dilecit
melecit	terlecit
melecit	lecit
melecit	lecitlah
melecun	kulecun
melecun	kaulecun
melecun	dilecun
melecun	terlecun
melecun	lecun
melecun	lecunlah
melecur	kulecur
melecur	kaulecur
melecur	dilecur
melecur	terlecur
melecur	lecur
melecur	lecurlah
melecurkan	
melecut	kulecut
melecut	kaulecut
melecut	dilecut
melecut	terlecut
melecut	lecut
melecut	lecutlah
melecutkan	
meledak	
meledakkan	
meledang	kuledang
meledang	kauledang
meledang	diledang
meledang	terledang
meledang	ledang
meledang	ledanglah
meledeki	diledeki
meledeki	kuledeki
meledeki	kauledeki
meledeki	ledeki
meledeki	ledekilah
meleding	kuleding
meleding	kauleding
meleding	dileding
meleding	terleding
meleding	leding
meleding	ledinglah
meledos	kuledos
meledos	kauledos
meledos	diledos
meledos	terledos
meledos	ledos
meledos	ledoslah
meleduk	kuleduk
meleduk	kauleduk
meleduk	dileduk
meleduk	terleduk
meleduk	leduk
meleduk	leduklah
meledung	kuledung
meledung	kauledung
meledung	diledung
meledung	terledung
meledung	ledung
meledung	ledunglah
meledungkan	
melegakan	dilegakan
melegakan	kulegakan
melegakan	kaulegakan
melegakan	legakan
melegakan	legakanlah
melegalisasi	kulegalisasi
melegalisasi	kaulegalisasi
melegalisasi	dilegalisasi
melegalisasi	terlegalisasi
melegalisasi	legalisasi
melegalisasi	legalisasilah
melegalisasikan	
melegalkan	dilegalkan
melegalkan	kulegalkan
melegalkan	kaulegalkan
melegalkan	legalkan
melegalkan	legalkanlah
melegenda	kulegenda
melegenda	kaulegenda
melegenda	dilegenda
melegenda	terlegenda
melegenda	legenda
melegenda	legendalah
melegendaris	kulegendaris
melegendaris	kaulegendaris
melegendaris	dilegendaris
melegendaris	terlegendaris
melegendaris	legendaris
melegendaris	legendarislah
melegitimasikan	dilegitimasikan
melegitimasikan	kulegitimasikan
melegitimasikan	kaulegitimasikan
melegitimasikan	legitimasikan
melegitimasikan	legitimasikanlah
melegu	kulegu
melegu	kaulegu
melegu	dilegu
melegu	terlegu
melegu	legu
melegu	legulah
meleja	kuleja
meleja	kauleja
meleja	dileja
meleja	terleja
meleja	leja
meleja	lejalah
melejang	kulejang
melejang	kaulejang
melejang	dilejang
melejang	terlejang
melejang	lejang
melejang	lejanglah
melejang-lejangkan	
melejangkan	
melejit	kulejit
melejit	kaulejit
melejit	dilejit
melejit	terlejit
melejit	lejit
melejit	lejitlah
melejitkan	
melekang	kulekang
melekang	kaulekang
melekang	dilekang
melekang	terlekang
melekang	lekang
melekang	lekanglah
melekap	kulekap
melekap	kaulekap
melekap	dilekap
melekap	terlekap
melekap	lekap
melekap	lekaplah
melekapkan	
melekari	dilekari
melekari	kulekari
melekari	kaulekari
melekari	lekari
melekari	lekarilah
melekaskan	dilekaskan
melekaskan	kulekaskan
melekaskan	kaulekaskan
melekaskan	lekaskan
melekaskan	lekaskanlah
melekat	kulekat
melekat	kaulekat
melekat	dilekat
melekat	terlekat
melekat	lekat
melekat	lekatlah
melekati	dilekati
melekati	kulekati
melekati	kaulekati
melekati	lekati
melekati	lekatilah
melekokkan	dilekokkan
melekokkan	kulekokkan
melekokkan	kaulekokkan
melekokkan	lekokkan
melekokkan	lekokkanlah
meleku	kuleku
meleku	kauleku
meleku	dileku
meleku	terleku
meleku	leku
meleku	lekulah
melekuk	kulekuk
melekuk	kaulekuk
melekuk	dilekuk
melekuk	terlekuk
melekuk	lekuk
melekuk	lekuklah
melela	kulela
melela	kaulela
melela	dilela
melela	terlela
melela	lela
melela	lelalah
melelahkan	dilelahkan
melelahkan	kulelahkan
melelahkan	kaulelahkan
melelahkan	lelahkan
melelahkan	lelahkanlah
melelai	kulelai
melelai	kaulelai
melelai	dilelai
melelai	terlelai
melelai	lelai
melelai	lelailah
melelaikan	
melelang	kulelang
melelang	kaulelang
melelang	dilelang
melelang	terlelang
melelang	lelang
melelang	lelanglah
melelangkan	
melelapkan	dilelapkan
melelapkan	kulelapkan
melelapkan	kaulelapkan
melelapkan	lelapkan
melelapkan	lelapkanlah
melelas	kulelas
melelas	kaulelas
melelas	dilelas
melelas	terlelas
melelas	lelas
melelas	lelaslah
meleleh	
meleleh-leleh	
melelehkan	
meleler	kuleler
meleler	kauleler
meleler	dileler
meleler	terleler
meleler	leler
meleler	lelerlah
melemahkan	dilemahkan
melemahkan	kulemahkan
melemahkan	kaulemahkan
melemahkan	lemahkan
melemahkan	lemahkanlah
melemang	kulemang
melemang	kaulemang
melemang	dilemang
melemang	terlemang
melemang	lemang
melemang	lemanglah
melemaskan	dilemaskan
melemaskan	kulemaskan
melemaskan	kaulemaskan
melemaskan	lemaskan
melemaskan	lemaskanlah
melembabkan	
melembaga	kulembaga
melembaga	kaulembaga
melembaga	dilembaga
melembaga	terlembaga
melembaga	lembaga
melembaga	lembagalah
melembai	kulembai
melembai	kaulembai
melembai	dilembai
melembai	terlembai
melembai	lembai
melembai	lembailah
melembak	kulembak
melembak	kaulembak
melembak	dilembak
melembak	terlembak
melembak	lembak
melembak	lembaklah
melembang	kulembang
melembang	kaulembang
melembang	dilembang
melembang	terlembang
melembang	lembang
melembang	lembanglah
melembapkan	dilembapkan
melembapkan	kulembapkan
melembapkan	kaulembapkan
melembapkan	lembapkan
melembapkan	lembapkanlah
melembarkan	dilembarkan
melembarkan	kulembarkan
melembarkan	kaulembarkan
melembarkan	lembarkan
melembarkan	lembarkanlah
melembek	kulembek
melembek	kaulembek
melembek	dilembek
melembek	terlembek
melembek	lembek
melembek	lembeklah
melembekkan	
melembing	kulembing
melembing	kaulembing
melembing	dilembing
melembing	terlembing
melembing	lembing
melembing	lembinglah
melembung	kulembung
melembung	kaulembung
melembung	dilembung
melembung	terlembung
melembung	lembung
melembung	lembunglah
melembungkan	
melembur	kulembur
melembur	kaulembur
melembur	dilembur
melembur	terlembur
melembur	lembur
melembur	lemburlah
melembutkan	dilembutkan
melembutkan	kulembutkan
melembutkan	kaulembutkan
melembutkan	lembutkan
melembutkan	lembutkanlah
melempai	kulempai
melempai	kaulempai
melempai	dilempai
melempai	terlempai
melempai	lempai
melempai	lempailah
melempang	kulempang
melempang	kaulempang
melempang	dilempang
melempang	terlempang
melempang	lempang
melempang	lempanglah
melempap	kulempap
melempap	kaulempap
melempap	dilempap
melempap	terlempap
melempap	lempap
melempap	lempaplah
melempar	kulempar
melempar	kaulempar
melempar	dilempar
melempar	terlempar
melempar	lempar
melempar	lemparlah
melemparkan	kulemparkan
melemparkan	lemparkan
melempem	kulempem
melempem	kaulempem
melempem	dilempem
melempem	terlempem
melempem	lempem
melempem	lempemlah
melempengkan	dilempengkan
melempengkan	kulempengkan
melempengkan	kaulempengkan
melempengkan	lempengkan
melempengkan	lempengkanlah
melemping	kulemping
melemping	kaulemping
melemping	dilemping
melemping	terlemping
melemping	lemping
melemping	lempinglah
melempit	kulempit
melempit	kaulempit
melempit	dilempit
melempit	terlempit
melempit	lempit
melempit	lempitlah
melempuh	kulempuh
melempuh	kaulempuh
melempuh	dilempuh
melempuh	terlempuh
melempuh	lempuh
melempuh	lempuhlah
melencangkan	dilencangkan
melencangkan	kulencangkan
melencangkan	kaulencangkan
melencangkan	lencangkan
melencangkan	lencangkanlah
melencit	kulencit
melencit	kaulencit
melencit	dilencit
melencit	terlencit
melencit	lencit
melencit	lencitlah
melendoti	dilendoti
melendoti	kulendoti
melendoti	kaulendoti
melendoti	lendoti
melendoti	lendotilah
melendung	kulendung
melendung	kaulendung
melendung	dilendung
melendung	terlendung
melendung	lendung
melendung	lendunglah
melendut	kulendut
melendut	kaulendut
melendut	dilendut
melendut	terlendut
melendut	lendut
melendut	lendutlah
melengah	kulengah
melengah	kaulengah
melengah	dilengah
melengah	terlengah
melengah	lengah
melengah	lengahlah
melengah-lengah	
melengahkan	
melengak	kulengak
melengak	kaulengak
melengak	dilengak
melengak	terlengak
melengak	lengak
melengak	lengaklah
melengangkan	dilengangkan
melengangkan	kulengangkan
melengangkan	kaulengangkan
melengangkan	lengangkan
melengangkan	lengangkanlah
melengas	kulengas
melengas	kaulengas
melengas	dilengas
melengas	terlengas
melengas	lengas
melengas	lengaslah
melengaskan	
melengat	kulengat
melengat	kaulengat
melengat	dilengat
melengat	terlengat
melengat	lengat
melengat	lengatlah
melenge	kulenge
melenge	kaulenge
melenge	dilenge
melenge	terlenge
melenge	lenge
melenge	lengelah
melenggak	kulenggak
melenggak	kaulenggak
melenggak	dilenggak
melenggak	terlenggak
melenggak	lenggak
melenggak	lenggaklah
melenggakkan	
melenggang	kulenggang
melenggang	kaulenggang
melenggang	dilenggang
melenggang	terlenggang
melenggang	lenggang
melenggang	lengganglah
melenggong	kulenggong
melenggong	kaulenggong
melenggong	dilenggong
melenggong	terlenggong
melenggong	lenggong
melenggong	lenggonglah
melenggor	kulenggor
melenggor	kaulenggor
melenggor	dilenggor
melenggor	terlenggor
melenggor	lenggor
melenggor	lenggorlah
melenggut	kulenggut
melenggut	kaulenggut
melenggut	dilenggut
melenggut	terlenggut
melenggut	lenggut
melenggut	lenggutlah
melengkapi	dilengkapi
melengkapi	kulengkapi
melengkapi	kaulengkapi
melengkapi	lengkapi
melengkapi	lengkapilah
melengket	kulengket
melengket	kaulengket
melengket	dilengket
melengket	terlengket
melengket	lengket
melengket	lengketlah
melengking	kulengking
melengking	kaulengking
melengking	dilengking
melengking	terlengking
melengking	lengking
melengking	lengkinglah
melengkung	kulengkung
melengkung	kaulengkung
melengkung	dilengkung
melengkung	terlengkung
melengkung	lengkung
melengkung	lengkunglah
melengkungi	dilengkungi
melengkungi	kulengkungi
melengkungi	kaulengkungi
melengkungi	lengkungi
melengkungi	lengkungilah
melengkungkan	
melengkur	kulengkur
melengkur	kaulengkur
melengkur	dilengkur
melengkur	terlengkur
melengkur	lengkur
melengkur	lengkurlah
melengos	kulengos
melengos	kaulengos
melengos	dilengos
melengos	terlengos
melengos	lengos
melengos	lengoslah
melengser	kulengser
melengser	kaulengser
melengser	dilengser
melengser	terlengser
melengser	lengser
melengser	lengserlah
melenguh	kulenguh
melenguh	kaulenguh
melenguh	dilenguh
melenguh	terlenguh
melenguh	lenguh
melenguh	lenguhlah
melengung	kulengung
melengung	kaulengung
melengung	dilengung
melengung	terlengung
melengung	lengung
melengung	lengunglah
melenja	kulenja
melenja	kaulenja
melenja	dilenja
melenja	terlenja
melenja	lenja
melenja	lenjalah
melenjan	kulenjan
melenjan	kaulenjan
melenjan	dilenjan
melenjan	terlenjan
melenjan	lenjan
melenjan	lenjanlah
melentang	kulentang
melentang	kaulentang
melentang	dilentang
melentang	terlentang
melentang	lentang
melentang	lentanglah
melentik	kulentik
melentik	kaulentik
melentik	dilentik
melentik	terlentik
melentik	lentik
melentik	lentiklah
melentikkan	
melenting	kulenting
melenting	kaulenting
melenting	dilenting
melenting	terlenting
melenting	lenting
melenting	lentinglah
melentuk	kulentuk
melentuk	kaulentuk
melentuk	dilentuk
melentuk	terlentuk
melentuk	lentuk
melentuk	lentuklah
melentukkan	
melentung	kulentung
melentung	kaulentung
melentung	dilentung
melentung	terlentung
melentung	lentung
melentung	lentunglah
melentur	kulentur
melentur	kaulentur
melentur	dilentur
melentur	terlentur
melentur	lentur
melentur	lenturlah
melenturkan	
melenyapkan	dilenyapkan
melenyapkan	kulenyapkan
melenyapkan	kaulenyapkan
melenyapkan	lenyapkan
melenyapkan	lenyapkanlah
melenyeh	kulenyeh
melenyeh	kaulenyeh
melenyeh	dilenyeh
melenyeh	terlenyeh
melenyeh	lenyeh
melenyeh	lenyehlah
melenyut	kulenyut
melenyut	kaulenyut
melenyut	dilenyut
melenyut	terlenyut
melenyut	lenyut
melenyut	lenyutlah
meleot	kuleot
meleot	kauleot
meleot	dileot
meleot	terleot
meleot	leot
meleot	leotlah
melepa	kulepa
melepa	kaulepa
melepa	dilepa
melepa	terlepa
melepa	lepa
melepa	lepalah
melepas	kulepas
melepas	kaulepas
melepas	dilepas
melepas	terlepas
melepas	lepas
melepas	lepaslah
melepasi	dilepasi
melepasi	kulepasi
melepasi	kaulepasi
melepasi	lepasi
melepasi	lepasilah
melepek	kulepek
melepek	kaulepek
melepek	dilepek
melepek	terlepek
melepek	lepek
melepek	lepeklah
melepes	kulepes
melepes	kaulepes
melepes	dilepes
melepes	terlepes
melepes	lepes
melepes	lepeslah
melepih	kulepih
melepih	kaulepih
melepih	dilepih
melepih	terlepih
melepih	lepih
melepih	lepihlah
melepit	kulepit
melepit	kaulepit
melepit	dilepit
melepit	terlepit
melepit	lepit
melepit	lepitlah
melepoh	kulepoh
melepoh	kaulepoh
melepoh	dilepoh
melepoh	terlepoh
melepoh	lepoh
melepoh	lepohlah
melepoti	dilepoti
melepoti	kulepoti
melepoti	kaulepoti
melepoti	lepoti
melepoti	lepotilah
melepuh	kulepuh
melepuh	kaulepuh
melepuh	dilepuh
melepuh	terlepuh
melepuh	lepuh
melepuh	lepuhlah
melepuhkan	
melepur	kulepur
melepur	kaulepur
melepur	dilepur
melepur	terlepur
melepur	lepur
melepur	lepurlah
melerai	kularai
melerai	kaularai
melerai	dilarai
melerai	terlarai
melerai	larai
melerai	larailah
meleraikan	dileraikan
meleraikan	kuleraikan
meleraikan	kauleraikan
meleraikan	leraikan
meleraikan	leraikanlah
melerak	kulerak
melerak	kaulerak
melerak	dilerak
melerak	terlerak
melerak	lerak
melerak	leraklah
melerakkan	
melereng	kulereng
melereng	kaulereng
melereng	dilereng
melereng	terlereng
melereng	lereng
melereng	lerenglah
meleret	kuleret
meleret	kauleret
meleret	dileret
meleret	terleret
meleret	leret
meleret	leretlah
melerok	kulerok
melerok	kaulerok
melerok	dilerok
melerok	terlerok
melerok	lerok
melerok	leroklah
melesak	kulesak
melesak	kaulesak
melesak	dilesak
melesak	terlesak
melesak	lesak
melesak	lesaklah
melesang	kulesang
melesang	kaulesang
melesang	dilesang
melesang	terlesang
melesang	lesang
melesang	lesanglah
melesapkan	dilesapkan
melesapkan	kulesapkan
melesapkan	kaulesapkan
melesapkan	lesapkan
melesapkan	lesapkanlah
melesing	kulesing
melesing	kaulesing
melesing	dilesing
melesing	terlesing
melesing	lesing
melesing	lesinglah
melesit	kulesit
melesit	kaulesit
melesit	dilesit
melesit	terlesit
melesit	lesit
melesit	lesitlah
melestarikan	dilestarikan
melestarikan	kulestarikan
melestarikan	kaulestarikan
melestarikan	lestarikan
melestarikan	lestarikanlah
meletak	kuletak
meletak	kauletak
meletak	diletak
meletak	terletak
meletak	letak
meletak	letaklah
meletakan	diletakan
meletakan	kuletakan
meletakan	kauletakan
meletakan	letakan
meletakan	letakanlah
meletakkan	diletakkan
meletakkan	kauletakkan
meletakkan	letakkan
meleter	kuleter
meleter	kauleter
meleter	dileter
meleter	terleter
meleter	leter
meleter	leterlah
meleterkan	
meletik	kuletik
meletik	kauletik
meletik	diletik
meletik	terletik
meletik	letik
meletik	letiklah
meleting	kuleting
meleting	kauleting
meleting	dileting
meleting	terleting
meleting	leting
meleting	letinglah
meletis	kuletis
meletis	kauletis
meletis	diletis
meletis	terletis
meletis	letis
meletis	letislah
meletos	kuletos
meletos	kauletos
meletos	diletos
meletos	terletos
meletos	letos
meletos	letoslah
meletup	kuletup
meletup	kauletup
meletup	diletup
meletup	terletup
meletup	letup
meletup	letuplah
meletupkan	
meletus	kuletus
meletus	kauletus
meletus	diletus
meletus	terletus
meletus	letus
meletus	letuslah
melewa	kulewa
melewa	kaulewa
melewa	dilewa
melewa	terlewa
melewa	lewa
melewa	lewalah
melewah	kulewah
melewah	kaulewah
melewah	dilewah
melewah	terlewah
melewah	lewah
melewah	lewahlah
melewarkan	
melewat	kulewat
melewat	kaulewat
melewat	dilewat
melewat	terlewat
melewat	lewat
melewat	lewatlah
melewati	dilewati
melewati	kulewati
melewati	kaulewati
melewati	lewati
melewati	lewatilah
melewatin	diliwatin
melewatin	kuliwatin
melewatin	kauliwatin
melewatin	liwat
melewatkan	dilewatkan
melewatkan	kulewatkan
melewatkan	kaulewatkan
melewatkan	lewatkan
melewatkan	lewatkanlah
meleyot	kuleyot
meleyot	kauleyot
meleyot	dileyot
meleyot	terleyot
meleyot	leyot
meleyot	leyotlah
meliat	kuliat
meliat	kauliat
meliat	diliat
meliat	terliat
meliat	liat
meliat	liatlah
melibas	kulibas
melibas	kaulibas
melibas	dilibas
melibas	terlibas
melibas	libas
melibas	libaslah
melibat	kulibat
melibat	kaulibat
melibat	dilibat
melibat	terlibat
melibat	libat
melibat	libatlah
meliberalisasi	kuliberalisasi
meliberalisasi	kauliberalisasi
meliberalisasi	diliberalisasi
meliberalisasi	terliberalisasi
meliberalisasi	liberalisasi
meliberalisasi	liberalisasilah
meliberalisasikan	
melicinkan	dilicinkan
melicinkan	kulicinkan
melicinkan	kaulicinkan
melicinkan	licinkan
melicinkan	licinkanlah
meligas	kuligas
meligas	kauligas
meligas	diligas
meligas	terligas
meligas	ligas
meligas	ligaslah
meligat	kuligat
meligat	kauligat
meligat	diligat
meligat	terligat
meligat	ligat
meligat	ligatlah
meligih	kuligih
meligih	kauligih
meligih	diligih
meligih	terligih
meligih	ligih
meligih	ligihlah
melihat	kulihat
melihat	kaulihat
melihat	dilihat
melihat	terlihat
melihat	lihat
melihat	lihatlah
melihat-lihat	
melihati	dilihati
melihati	kulihati
melihati	kaulihati
melihati	lihati
melihati	lihatilah
melihatin	dilihatin
melihatin	kulihatin
melihatin	kaulihatin
melihatin	lihat
melihatkan	lihatkan
melikas	kulikas
melikas	kaulikas
melikas	dilikas
melikas	terlikas
melikas	likas
melikas	likaslah
melikuidasi	kulikuidasi
melikuidasi	kaulikuidasi
melikuidasi	dilikuidasi
melikuidasi	terlikuidasi
melikuidasi	likuidasi
melikuidasi	likuidasilah
melikuidasikan	
melikut	kulikut
melikut	kaulikut
melikut	dilikut
melikut	terlikut
melikut	likut
melikut	likutlah
melilau	kulilau
melilau	kaulilau
melilau	dililau
melilau	terlilau
melilau	lilau
melilau	lilaulah
melilin	kulilin
melilin	kaulilin
melilin	dililin
melilin	terlilin
melilin	lilin
melilin	lilinlah
melilit	kulilit
melilit	kaulilit
melilit	dililit
melilit	terlilit
melilit	lilit
melilit	lilitlah
meliliti	dililiti
meliliti	kuliliti
meliliti	kauliliti
meliliti	liliti
meliliti	lilitilah
melimaui	dilimaui
melimaui	kulimaui
melimaui	kaulimaui
melimaui	limaui
melimaui	limauilah
melimbai	kulimbai
melimbai	kaulimbai
melimbai	dilimbai
melimbai	terlimbai
melimbai	limbai
melimbai	limbailah
melimbaikan	
melimbang	kulimbang
melimbang	kaulimbang
melimbang	dilimbang
melimbang	terlimbang
melimbang	limbang
melimbang	limbanglah
melimbur	kulimbur
melimbur	kaulimbur
melimbur	dilimbur
melimbur	terlimbur
melimbur	limbur
melimbur	limburlah
melimpah	kulimpah
melimpah	kaulimpah
melimpah	dilimpah
melimpah	terlimpah
melimpah	limpah
melimpah	limpahlah
melimpah-limpah	
melimpahi	dilimpahi
melimpahi	kulimpahi
melimpahi	kaulimpahi
melimpahi	limpahi
melimpahi	limpahilah
melimpahkan	
melimpaui	dilimpaui
melimpaui	kulimpaui
melimpaui	kaulimpaui
melimpaui	limpaui
melimpaui	limpauilah
melimut	kulimut
melimut	kaulimut
melimut	dilimut
melimut	terlimut
melimut	limut
melimut	limutlah
melincah-lincah	
melincam	kulincam
melincam	kaulincam
melincam	dilincam
melincam	terlincam
melincam	lincam
melincam	lincamlah
melincirkan	dilincirkan
melincirkan	kulincirkan
melincirkan	kaulincirkan
melincirkan	lincirkan
melincirkan	lincirkanlah
melindang	kulindang
melindang	kaulindang
melindang	dilindang
melindang	terlindang
melindang	lindang
melindang	lindanglah
melindangkan	
melindap	kulindap
melindap	kaulindap
melindap	dilindap
melindap	terlindap
melindap	lindap
melindap	lindaplah
melindas	kulindas
melindas	kaulindas
melindas	dilindas
melindas	terlindas
melindas	lindas
melindas	lindaslah
melindik	kulindik
melindik	kaulindik
melindik	dilindik
melindik	terlindik
melindik	lindik
melindik	lindiklah
melindis	kulindis
melindis	kaulindis
melindis	dilindis
melindis	terlindis
melindis	lindis
melindis	lindislah
melindungi	dilindungi
melindungi	kulindungi
melindungi	kaulindungi
melindungi	lindungi
melindungi	lindungilah
melindur	kulindur
melindur	kaulindur
melindur	dilindur
melindur	terlindur
melindur	lindur
melindur	lindurlah
melingar	kulingar
melingar	kaulingar
melingar	dilingar
melingar	terlingar
melingar	lingar
melingar	lingarlah
melinggis	kulinggis
melinggis	kaulinggis
melinggis	dilinggis
melinggis	terlinggis
melinggis	linggis
melinggis	linggislah
melingkari	dilingkari
melingkari	kulingkari
melingkari	kaulingkari
melingkari	lingkari
melingkari	lingkarilah
melingkung	kulingkung
melingkung	kaulingkung
melingkung	dilingkung
melingkung	terlingkung
melingkung	lingkung
melingkung	lingkunglah
melingkungi	dilingkungi
melingkungi	kulingkungi
melingkungi	kaulingkungi
melingkungi	lingkungi
melingkungi	lingkungilah
melingkup	kulingkup
melingkup	kaulingkup
melingkup	dilingkup
melingkup	terlingkup
melingkup	lingkup
melingkup	lingkuplah
melingkupi	dilingkupi
melingkupi	kulingkupi
melingkupi	kaulingkupi
melingkupi	lingkupi
melingkupi	lingkupilah
melinglungkan	dilinglungkan
melinglungkan	kulinglungkan
melinglungkan	kaulinglungkan
melinglungkan	linglungkan
melinglungkan	linglungkanlah
melingsirkan	dilingsirkan
melingsirkan	kulingsirkan
melingsirkan	kaulingsirkan
melingsirkan	lingsirkan
melingsirkan	lingsirkanlah
melinjak	kulinjak
melinjak	kaulinjak
melinjak	dilinjak
melinjak	terlinjak
melinjak	linjak
melinjak	linjaklah
melintah	kulintah
melintah	kaulintah
melintah	dilintah
melintah	terlintah
melintah	lintah
melintah	lintahlah
melintang	kulintang
melintang	kaulintang
melintang	dilintang
melintang	terlintang
melintang	lintang
melintang	lintanglah
melintangi	dilintangi
melintangi	kulintangi
melintangi	kaulintangi
melintangi	lintangi
melintangi	lintangilah
melintangkan	
melintas	kulintas
melintas	kaulintas
melintas	dilintas
melintas	terlintas
melintas	lintas
melintas	lintaslah
melintasi	dilintasi
melintasi	kulintasi
melintasi	kaulintasi
melintasi	lintasi
melintasi	lintasilah
melintup	kulintup
melintup	kaulintup
melintup	dilintup
melintup	terlintup
melintup	lintup
melintup	lintuplah
melinyak	kulinyak
melinyak	kaulinyak
melinyak	dilinyak
melinyak	terlinyak
melinyak	linyak
melinyak	linyaklah
melinyar	kulinyar
melinyar	kaulinyar
melinyar	dilinyar
melinyar	terlinyar
melinyar	linyar
melinyar	linyarlah
melipat	kulipat
melipat	kaulipat
melipat	dilipat
melipat	terlipat
melipat	lipat
melipat	lipatlah
melipit	kulipit
melipit	kaulipit
melipit	dilipit
melipit	terlipit
melipit	lipit
melipit	lipitlah
melipur	kulipur
melipur	kaulipur
melipur	dilipur
melipur	terlipur
melipur	lipur
melipur	lipurlah
melipurkan	
meliput	kuliput
meliput	kauliput
meliput	diliput
meliput	terliput
meliput	liput
meliput	liputlah
meliputi	diliputi
meliputi	kuliputi
meliputi	kauliputi
meliputi	liputi
meliputi	liputilah
melirik	kulirik
melirik	kaulirik
melirik	dilirik
melirik	terlirik
melirik	lirik
melirik	liriklah
melisankan	dilisankan
melisankan	kulisankan
melisankan	kaulisankan
melisankan	lisankan
melisankan	lisankanlah
melisutkan	dilisutkan
melisutkan	kulisutkan
melisutkan	kaulisutkan
melisutkan	lisutkan
melisutkan	lisutkanlah
melitsus	kulitsus
melitsus	kaulitsus
melitsus	dilitsus
melitsus	terlitsus
melitsus	litsus
melitsus	litsuslah
meliuk	kuliuk
meliuk	kauliuk
meliuk	diliuk
meliuk	terliuk
meliuk	liuk
meliuk	liuklah
meliuk-liuk	
meliuki	diliuki
meliuki	kuliuki
meliuki	kauliuki
meliuki	liuki
meliuki	liukilah
meliukkan	
meliuri	diliuri
meliuri	kuliuri
meliuri	kauliuri
meliuri	liuri
meliuri	liurilah
meloak	kuloak
meloak	kauloak
meloak	diloak
meloak	terloak
meloak	loak
meloak	loaklah
meloakkan	
melobi	kulobi
melobi	kaulobi
melobi	dilobi
melobi	terlobi
melobi	lobi
melobi	lobilah
melocok	kulocok
melocok	kaulocok
melocok	dilocok
melocok	terlocok
melocok	locok
melocok	locoklah
melocot	kulocot
melocot	kaulocot
melocot	dilocot
melocot	terlocot
melocot	locot
melocot	locotlah
melokalisasi	kulokalisasi
melokalisasi	kaulokalisasi
melokalisasi	dilokalisasi
melokalisasi	terlokalisasi
melokalisasi	lokalisasi
melokalisasi	lokalisasilah
melokalkan	dilokalkan
melokalkan	kulokalkan
melokalkan	kaulokalkan
melokalkan	lokalkan
melokalkan	lokalkanlah
melokap	kulokap
melokap	kaulokap
melokap	dilokap
melokap	terlokap
melokap	lokap
melokap	lokaplah
meloloh	kuloloh
meloloh	kauloloh
meloloh	diloloh
meloloh	terloloh
meloloh	loloh
meloloh	lolohlah
melolong	kulolong
melolong	kaulolong
melolong	dilolong
melolong	terlolong
melolong	lolong
melolong	lolonglah
melolong-lolong	
meloloskan	diloloskan
meloloskan	kuloloskan
meloloskan	kauloloskan
meloloskan	loloskan
meloloskan	loloskanlah
melombar	kulombar
melombar	kaulombar
melombar	dilombar
melombar	terlombar
melombar	lombar
melombar	lombarlah
melombong	kulombong
melombong	kaulombong
melombong	dilombong
melombong	terlombong
melombong	lombong
melombong	lombonglah
melomot	kulomot
melomot	kaulomot
melomot	dilomot
melomot	terlomot
melomot	lomot
melomot	lomotlah
melompat	
melompat-lompat	
melompati	dilompati
melompati	kulompati
melompati	kaulompati
melompati	lompati
melompati	lompatilah
melompatkan	
melompatlah	kulompat
melompatlah	kaulompat
melompatlah	dilompat
melompatlah	terlompat
melompatlah	lompat
melompatlah	lompatlah
melompong	kulompong
melompong	kaulompong
melompong	dilompong
melompong	terlompong
melompong	lompong
melompong	lomponglah
meloncat	kuloncat
meloncat	kauloncat
meloncat	diloncat
meloncat	terloncat
meloncat	loncat
meloncat	loncatlah
meloncat-loncat	
meloncati	diloncati
meloncati	kuloncati
meloncati	kauloncati
meloncati	loncati
meloncati	loncatilah
meloncatkan	
melonceng	kulonceng
melonceng	kaulonceng
melonceng	dilonceng
melonceng	terlonceng
melonceng	lonceng
melonceng	loncenglah
meloncer	kuloncer
meloncer	kauloncer
meloncer	diloncer
meloncer	terloncer
meloncer	loncer
meloncer	loncerlah
melonco-lonco	
melondong	kulondong
melondong	kaulondong
melondong	dilondong
melondong	terlondong
melondong	londong
melondong	londonglah
melondongkan	
meloneng	kuloneng
meloneng	kauloneng
meloneng	diloneng
meloneng	terloneng
meloneng	loneng
meloneng	lonenglah
melonggari	dilonggari
melonggari	kulonggari
melonggari	kaulonggari
melonggari	longgari
melonggari	longgarilah
melonggarkan	dilonggarkan
melonggarkan	kulonggarkan
melonggarkan	kaulonggarkan
melonggarkan	longgarkan
melonggarkan	longgarkanlah
melongo	kulongo
melongo	kaulongo
melongo	dilongo
melongo	terlongo
melongo	longo
melongo	longolah
melongok	kulongok
melongok	kaulongok
melongok	dilongok
melongok	terlongok
melongok	longok
melongok	longoklah
melonjak	kulonjak
melonjak	kaulonjak
melonjak	dilonjak
melonjak	terlonjak
melonjak	lonjak
melonjak	lonjaklah
melonjak-lonjak	
melontar	kulontar
melontar	kaulontar
melontar	dilontar
melontar	terlontar
melontar	lontar
melontar	lontarlah
melontari	dilontari
melontari	kulontari
melontari	kaulontari
melontari	lontari
melontari	lontarilah
melontarkan	
melorot	kulorot
melorot	kaulorot
melorot	dilorot
melorot	terlorot
melorot	lorot
melorot	lorotlah
melorotkan	
meloso	kuloso
meloso	kauloso
meloso	diloso
meloso	terloso
meloso	loso
meloso	losolah
melotrekan	dilotrekan
melotrekan	kulotrekan
melotrekan	kaulotrekan
melotrekan	lotrekan
melotrekan	lotrekanlah
melowongkan	dilowongkan
melowongkan	kulowongkan
melowongkan	kaulowongkan
melowongkan	lowongkan
melowongkan	lowongkanlah
meloya	kuloya
meloya	kauloya
meloya	diloya
meloya	terloya
meloya	loya
meloya	loyalah
meloyong	kuloyong
meloyong	kauloyong
meloyong	diloyong
meloyong	terloyong
meloyong	loyong
meloyong	loyonglah
meluah	kuluah
meluah	kauluah
meluah	diluah
meluah	terluah
meluah	luah
meluah	luahlah
meluahkan	
meluaki	diluaki
meluaki	kuluaki
meluaki	kauluaki
meluaki	luaki
meluaki	luakilah
meluangkan	diluangkan
meluangkan	kuluangkan
meluangkan	kauluangkan
meluangkan	luangkan
meluangkan	luangkanlah
meluap	kuluap
meluap	kauluap
meluap	diluap
meluap	terluap
meluap	luap
meluap	luaplah
meluapkan	
meluar	kuluar
meluar	kauluar
meluar	diluar
meluar	terluar
meluar	luar
meluar	luarlah
meluarkan	
meluas	kuluas
meluas	kauluas
meluas	diluas
meluas	terluas
meluas	luas
meluas	luaslah
meluaskan	
meluat	kuluat
meluat	kauluat
meluat	diluat
meluat	terluat
meluat	luat
meluat	luatlah
melubangi	dilubangi
melubangi	kulubangi
melubangi	kaulubangi
melubangi	lubangi
melubangi	lubangilah
meluber	kuluber
meluber	kauluber
meluber	diluber
meluber	terluber
meluber	luber
meluber	luberlah
melucu	kulucu
melucu	kaulucu
melucu	dilucu
melucu	terlucu
melucu	lucu
melucu	luculah
melucup	kulucup
melucup	kaulucup
melucup	dilucup
melucup	terlucup
melucup	lucup
melucup	lucuplah
melucut	kulucut
melucut	kaulucut
melucut	dilucut
melucut	terlucut
melucut	lucut
melucut	lucutlah
melucuti	dilucuti
melucuti	kulucuti
melucuti	kaulucuti
melucuti	lucuti
melucuti	lucutilah
melucutkan	dilucutkan
melucutkan	lucutkan
meludah	kuludah
meludah	kauludah
meludah	diludah
meludah	terludah
meludah	ludah
meludah	ludahlah
meludahi	diludahi
meludahi	kuludahi
meludahi	kauludahi
meludahi	ludahi
meludahi	ludahilah
meluhurkan	diluhurkan
meluhurkan	kuluhurkan
meluhurkan	kauluhurkan
meluhurkan	luhurkan
meluhurkan	luhurkanlah
meluik	kuluik
meluik	kauluik
meluik	diluik
meluik	terluik
meluik	luik
meluik	luiklah
melukah	kulukah
melukah	kaulukah
melukah	dilukah
melukah	terlukah
melukah	lukah
melukah	lukahlah
melukai	dilukai
melukai	kulukai
melukai	kaulukai
melukai	lukai
melukai	lukailah
melukat	kulukat
melukat	kaulukat
melukat	dilukat
melukat	terlukat
melukat	lukat
melukat	lukatlah
melukiskan	dilukiskan
meluku	kuluku
meluku	kauluku
meluku	diluku
meluku	terluku
meluku	luku
meluku	lukulah
meluli	kululi
meluli	kaululi
meluli	diluli
meluli	terluli
meluli	luli
meluli	lulilah
meluluhkan	diluluhkan
meluluhkan	kululuhkan
meluluhkan	kaululuhkan
meluluhkan	luluhkan
meluluhkan	luluhkanlah
meluluk	kululuk
meluluk	kaululuk
meluluk	diluluk
meluluk	terluluk
meluluk	luluk
meluluk	luluklah
melulum	kululum
melulum	kaululum
melulum	dilulum
melulum	terlulum
melulum	lulum
melulum	lulumlah
melulur	kululur
melulur	kaululur
melulur	dilulur
melulur	terlulur
melulur	lulur
melulur	lulurlah
melulusi	dilulusi
melulusi	kululusi
melulusi	kaululusi
melulusi	lulusi
melulusi	lulusilah
meluluskan	diluluskan
meluluskan	kululuskan
meluluskan	kaululuskan
meluluskan	luluskan
meluluskan	luluskanlah
melulut	kululut
melulut	kaululut
melulut	dilulut
melulut	terlulut
melulut	lulut
melulut	lulutlah
melumari	dilumari
melumari	kulumari
melumari	kaulumari
melumari	lumari
melumari	lumarilah
melumas	kulumas
melumas	kaulumas
melumas	dilumas
melumas	terlumas
melumas	lumas
melumas	lumaslah
melumatkan	dilumatkan
melumatkan	kulumatkan
melumatkan	kaulumatkan
melumatkan	lumatkan
melumatkan	lumatkanlah
melumer	kulumer
melumer	kaulumer
melumer	dilumer
melumer	terlumer
melumer	lumer
melumer	lumerlah
melumerkan	
melumpuhkan	dilumpuhkan
melumpuhkan	kulumpuhkan
melumpuhkan	kaulumpuhkan
melumpuhkan	lumpuhkan
melumpuhkan	lumpuhkanlah
melumpukkan	dilumpukkan
melumpukkan	kulumpukkan
melumpukkan	kaulumpukkan
melumpukkan	lumpukkan
melumpukkan	lumpukkanlah
melumur	kulumur
melumur	kaulumur
melumur	dilumur
melumur	terlumur
melumur	lumur
melumur	lumurlah
melumuri	dilumuri
melumuri	kulumuri
melumuri	kaulumuri
melumuri	lumuri
melumuri	lumurilah
melunak	kulunak
melunak	kaulunak
melunak	dilunak
melunak	terlunak
melunak	lunak
melunak	lunaklah
melunaki	dilunaki
melunaki	kulunaki
melunaki	kaulunaki
melunaki	lunaki
melunaki	lunakilah
melunakkan	
melunasi	dilunasi
melunasi	kulunasi
melunasi	kaulunasi
melunasi	lunasi
melunasi	lunasilah
melunaskan	dilunaskan
melunaskan	kulunaskan
melunaskan	kaulunaskan
melunaskan	lunaskan
melunaskan	lunaskanlah
meluncungkan	diluncungkan
meluncungkan	kuluncungkan
meluncungkan	kauluncungkan
meluncungkan	luncungkan
meluncungkan	luncungkanlah
meluncur	
meluncuri	diluncuri
meluncuri	kuluncuri
meluncuri	kauluncuri
meluncuri	luncuri
meluncuri	luncurilah
meluncurkan	
melungsung	kulungsung
melungsung	kaulungsung
melungsung	dilungsung
melungsung	terlungsung
melungsung	lungsung
melungsung	lungsunglah
melungsur	kulungsur
melungsur	kaulungsur
melungsur	dilungsur
melungsur	terlungsur
melungsur	lungsur
melungsur	lungsurlah
meluntang	kuluntang
meluntang	kauluntang
meluntang	diluntang
meluntang	terluntang
meluntang	luntang
meluntang	luntanglah
meluntur	kuluntur
meluntur	kauluntur
meluntur	diluntur
meluntur	terluntur
meluntur	luntur
meluntur	lunturlah
melunturi	dilunturi
melunturi	kulunturi
melunturi	kaulunturi
melunturi	lunturi
melunturi	lunturilah
melunturkan	dilunturkan
melunturkan	lunturkan
melunyah	kulunyah
melunyah	kaulunyah
melunyah	dilunyah
melunyah	terlunyah
melunyah	lunyah
melunyah	lunyahlah
melupa	kulupa
melupa	kaulupa
melupa	dilupa
melupa	terlupa
melupa	lupa
melupa	lupalah
melupakan	dilupakan
melupakan	kulupakan
melupakan	kaulupakan
melupakan	lupakan
melupakan	lupakanlah
melupuh	kulupuh
melupuh	kaulupuh
melupuh	dilupuh
melupuh	terlupuh
melupuh	lupuh
melupuh	lupuhlah
meluputkan	diluputkan
meluputkan	kuluputkan
meluputkan	kauluputkan
meluputkan	luputkan
meluputkan	luputkanlah
meluru	kuluru
meluru	kauluru
meluru	diluru
meluru	terluru
meluru	luru
meluru	lurulah
melurubi	dilurubi
melurubi	kulurubi
melurubi	kaulurubi
melurubi	lurubi
melurubi	lurubilah
meluruh	kuluruh
meluruh	kauluruh
meluruh	diluruh
meluruh	terluruh
meluruh	luruh
meluruh	luruhlah
meluruhkan	
melurus	kulurus
melurus	kaulurus
melurus	dilurus
melurus	terlurus
melurus	lurus
melurus	luruslah
meluruskan	
melurut	kulurut
melurut	kaulurut
melurut	dilurut
melurut	terlurut
melurut	lurut
melurut	lurutlah
melurutkan	
melusuh	kulusuh
melusuh	kaulusuh
melusuh	dilusuh
melusuh	terlusuh
melusuh	lusuh
melusuh	lusuhlah
melusuhkan	
meluti	kuluti
meluti	kauluti
meluti	diluti
meluti	terluti
meluti	luti
meluti	lutilah
melutu	kulutu
melutu	kaulutu
melutu	dilutu
melutu	terlutu
melutu	lutu
melutu	lutulah
melutut	kulutut
melutut	kaulutut
melutut	dilutut
melutut	terlutut
melutut	lutut
melutut	lututlah
meluwengkan	diluwengkan
meluwengkan	kuluwengkan
meluwengkan	kauluwengkan
meluwengkan	luwengkan
meluwengkan	luwengkanlah
meluweskan	diluweskan
meluweskan	kuluweskan
meluweskan	kauluweskan
meluweskan	luweskan
meluweskan	luweskanlah
meluyut	kuluyut
meluyut	kauluyut
meluyut	diluyut
meluyut	terluyut
meluyut	luyut
meluyut	luyutlah
memaafi	dimaafi
memaafi	kumaafi
memaafi	kaumaafi
memaafi	maafi
memaafi	maafilah
memaafkan	dimaafkan
memaafkan	kumaafkan
memaafkan	kaumaafkan
memaafkan	maafkan
memaafkan	maafkanlah
memabukkan	dimabukkan
memabukkan	kumabukkan
memabukkan	kaumabukkan
memabukkan	mabukkan
memabukkan	mabukkanlah
memacak	kupacak
memacak	kaupacak
memacak	dipacak
memacak	terpacak
memacak	pacak
memacak	pacaklah
memacak-macak	
memacakkan	dipacakkan
memacakkan	kupacakkan
memacakkan	kaupacakkan
memacakkan	pacakkan
memacakkan	pacakkanlah
memacani	dimacani
memacani	kumacani
memacani	kaumacani
memacani	macani
memacani	macanilah
memacari	dipacari
memacari	kupacari
memacari	kaupacari
memacari	pacari
memacari	pacarilah
memacek	kupacek
memacek	kaupacek
memacek	dipacek
memacek	terpacek
memacek	pacek
memacek	paceklah
memacetkan	dimacetkan
memacetkan	kumacetkan
memacetkan	kaumacetkan
memacetkan	macetkan
memacetkan	macetkanlah
memacik	kupacik
memacik	kaupacik
memacik	dipacik
memacik	terpacik
memacik	pacik
memacik	paciklah
memacu	kupacu
memacu	kaupacu
memacu	dipacu
memacu	terpacu
memacu	pacu
memacu	paculah
memacuk	kupacuk
memacuk	kaupacuk
memacuk	dipacuk
memacuk	terpacuk
memacuk	pacuk
memacuk	pacuklah
memacul	kupacul
memacul	kaupacul
memacul	dipacul
memacul	terpacul
memacul	pacul
memacul	pacullah
memada-madai	
memadai	dipadai
memadai	kupadai
memadai	kaupadai
memadai	padai
memadai	padailah
memadakan	dipadakan
memadakan	kupadakan
memadakan	kaupadakan
memadakan	padakan
memadakan	padakanlah
memadami	dipadami
memadami	kupadami
memadami	kaupadami
memadami	padami
memadami	padamilah
memadamkan	dipadamkan
memadamkan	kupadamkan
memadamkan	kaupadamkan
memadamkan	padamkan
memadamkan	padamkanlah
memadan	kupadan
memadan	kaupadan
memadan	dipadan
memadan	terpadan
memadan	padan
memadan	padanlah
memadan-madan	
memadat	kupadat
memadat	kaupadat
memadat	dipadat
memadat	terpadat
memadat	padat
memadat	padatlah
memadati	dipadati
memadati	kupadati
memadati	kaupadati
memadati	padati
memadati	padatilah
memadatkan	dipadatkan
memadatkan	kupadatkan
memadatkan	kaupadatkan
memadatkan	padatkan
memadatkan	padatkanlah
memadu	kupadu
memadu	kaupadu
memadu	dipadu
memadu	terpadu
memadu	padu
memadu	padulah
memadui	dimadui
memadui	kumadui
memadui	kaumadui
memadui	madui
memadui	maduilah
memaes	kupaes
memaes	kaupaes
memaes	dipaes
memaes	terpaes
memaes	paes
memaes	paeslah
memafhumi	dimafhumi
memafhumi	kumafhumi
memafhumi	kaumafhumi
memafhumi	mafhumi
memafhumi	mafhumilah
memagar	kupagar
memagar	kaupagar
memagar	dipagar
memagar	terpagar
memagar	pagar
memagar	pagarlah
memagari	dipagari
memagari	kupagari
memagari	kaupagari
memagari	pagari
memagari	pagarilah
memagut	kupagut
memagut	kaupagut
memagut	dipagut
memagut	terpagut
memagut	pagut
memagut	pagutlah
memahalkan	dimahalkan
memahalkan	kumahalkan
memahalkan	kaumahalkan
memahalkan	mahalkan
memahalkan	mahalkanlah
memahami	dipahami
memahami	kupahami
memahami	kaupahami
memahami	pahami
memahami	pahamilah
memahat	kupahat
memahat	kaupahat
memahat	dipahat
memahat	terpahat
memahat	pahat
memahat	pahatlah
memahfuzkan	dimahfuzkan
memahfuzkan	kumahfuzkan
memahfuzkan	kaumahfuzkan
memahfuzkan	mahfuzkan
memahfuzkan	mahfuzkanlah
memahiri	dimahiri
memahiri	kumahiri
memahiri	kaumahiri
memahiri	mahiri
memahiri	mahirilah
memahirkan	dimahirkan
memahirkan	kumahirkan
memahirkan	kaumahirkan
memahirkan	mahirkan
memahirkan	mahirkanlah
memahitkan	dipahitkan
memahitkan	kupahitkan
memahitkan	kaupahitkan
memahitkan	pahitkan
memahitkan	pahitkanlah
memahkotai	dimahkotai
memahkotai	kumahkotai
memahkotai	kaumahkotai
memahkotai	mahkotai
memahkotai	mahkotailah
memairi	dipairi
memairi	kupairi
memairi	kaupairi
memairi	pairi
memairi	pairilah
memajaki	dipajaki
memajaki	kupajaki
memajaki	kaupajaki
memajaki	pajaki
memajaki	pajakilah
memajalkan	dimajalkan
memajalkan	kumajalkan
memajalkan	kaumajalkan
memajalkan	majalkan
memajalkan	majalkanlah
memajang	kupajang
memajang	kaupajang
memajang	dipajang
memajang	terpajang
memajang	pajang
memajang	pajanglah
memajangkan	dipajangkan
memajangkan	kupajangkan
memajangkan	kaupajangkan
memajangkan	pajangkan
memajangkan	pajangkanlah
memajankan	dipajankan
memajankan	kupajankan
memajankan	kaupajankan
memajankan	pajankan
memajankan	pajankanlah
memaju	kumaju
memaju	kaumaju
memaju	dimaju
memaju	termaju
memaju	maju
memaju	majulah
memajuh	kupajuh
memajuh	kaupajuh
memajuh	dipajuh
memajuh	terpajuh
memajuh	pajuh
memajuh	pajuhlah
memajukan	dimajukan
memajukan	kumajukan
memajukan	kaumajukan
memajukan	majukan
memajukan	majukanlah
memakai	kupakai
memakai	kaupakai
memakai	dipakai
memakai	terpakai
memakai	pakai
memakai	pakailah
memakal	kupakal
memakal	kaupakal
memakal	dipakal
memakal	terpakal
memakal	pakal
memakal	pakallah
memakan	kumakan
memakan	kaumakan
memakan	dimakan
memakan	termakan
memakan	makan
memakan	makanlah
memakani	dimakani
memakani	kumakani
memakani	kaumakani
memakani	makani
memakani	makanilah
memakati	dipakati
memakati	kupakati
memakati	kaupakati
memakati	pakati
memakati	pakatilah
memakbulkan	dimakbulkan
memakbulkan	kumakbulkan
memakbulkan	kaumakbulkan
memakbulkan	makbulkan
memakbulkan	makbulkanlah
memaki	kumaki
memaki	kaumaki
memaki	dimaki
memaki	termaki
memaki	maki
memaki	makilah
memaki-maki	
memaklumatkan	dimaklumatkan
memaklumatkan	kumaklumatkan
memaklumatkan	kaumaklumatkan
memaklumatkan	maklumatkan
memaklumatkan	maklumatkanlah
memaklumi	dimaklumi
memaklumi	kumaklumi
memaklumi	kaumaklumi
memaklumi	maklumi
memaklumi	maklumilah
memaklumkan	dimaklumkan
memaklumkan	kumaklumkan
memaklumkan	kaumaklumkan
memaklumkan	maklumkan
memaklumkan	maklumkanlah
memakmumi	dimakmumi
memakmumi	kumakmumi
memakmumi	kaumakmumi
memakmumi	makmumi
memakmumi	makmumilah
memakmurkan	dimakmurkan
memakmurkan	kumakmurkan
memakmurkan	kaumakmurkan
memakmurkan	makmurkan
memakmurkan	makmurkanlah
memaksa	kupaksa
memaksa	kaupaksa
memaksa	dipaksa
memaksa	terpaksa
memaksa	paksa
memaksa	paksalah
memaksa-maksa	
memaksakan	dipaksakan
memaksakan	kupaksakan
memaksakan	kaupaksakan
memaksakan	paksakan
memaksakan	paksakanlah
memaksimalkan	dimaksimalkan
memaksimalkan	kumaksimalkan
memaksimalkan	kaumaksimalkan
memaksimalkan	maksimalkan
memaksimalkan	maksimalkanlah
memaku	kupaku
memaku	kaupaku
memaku	dipaku
memaku	terpaku
memaku	paku
memaku	pakulah
memakuk	kupakuk
memakuk	kaupakuk
memakuk	dipakuk
memakuk	terpakuk
memakuk	pakuk
memakuk	pakuklah
memakzulkan	dimakzulkan
memakzulkan	kumakzulkan
memakzulkan	kaumakzulkan
memakzulkan	makzulkan
memakzulkan	makzulkanlah
memalai	kupalai
memalai	kaupalai
memalai	dipalai
memalai	terpalai
memalai	palai
memalai	palailah
memalak	kupalak
memalak	kaupalak
memalak	dipalak
memalak	terpalak
memalak	palak
memalak	palaklah
memalam	kupalam
memalam	kaupalam
memalam	dipalam
memalam	terpalam
memalam	palam
memalam	palamlah
memalami	dimalami
memalami	kumalami
memalami	kaumalami
memalami	malami
memalami	malamilah
memalang	kupalang
memalang	kaupalang
memalang	dipalang
memalang	terpalang
memalang	palang
memalang	palanglah
memalangi	dipalangi
memalangi	kupalangi
memalangi	kaupalangi
memalangi	palangi
memalangi	palangilah
memalangkan	dipalangkan
memalangkan	kupalangkan
memalangkan	kaupalangkan
memalangkan	palangkan
memalangkan	palangkanlah
memalarkan	dipalarkan
memalarkan	kupalarkan
memalarkan	kaupalarkan
memalarkan	palarkan
memalarkan	palarkanlah
memalaskan	dimalaskan
memalaskan	kumalaskan
memalaskan	kaumalaskan
memalaskan	malaskan
memalaskan	malaskanlah
memale	kupale
memale	kaupale
memale	dipale
memale	terpale
memale	pale
memale	palelah
memaling	kumaling
memaling	kaumaling
memaling	dimaling
memaling	termaling
memaling	maling
memaling	malinglah
memalis	kupalis
memalis	kaupalis
memalis	dipalis
memalis	terpalis
memalis	palis
memalis	palislah
memalit	kupalit
memalit	kaupalit
memalit	dipalit
memalit	terpalit
memalit	palit
memalit	palitlah
memalsu	kupalsu
memalsu	kaupalsu
memalsu	dipalsu
memalsu	terpalsu
memalsu	palsu
memalsu	palsulah
memalsukan	dipalsukan
memalsukan	kupalsukan
memalsukan	kaupalsukan
memalsukan	palsukan
memalsukan	palsukanlah
memalu	kupalu
memalu	kaupalu
memalu	dipalu
memalu	terpalu
memalu	palu
memalu	palulah
memalui	dimalui
memalui	kumalui
memalui	kaumalui
memalui	malui
memalui	maluilah
memalukan	dipalukan
memalun	kupalun
memalun	kaupalun
memalun	dipalun
memalun	terpalun
memalun	palun
memalun	palunlah
memalunkan	dipalunkan
memalunkan	kupalunkan
memalunkan	kaupalunkan
memalunkan	palunkan
memalunkan	palunkanlah
memalut	kupalut
memalut	kaupalut
memalut	dipalut
memalut	terpalut
memalut	palut
memalut	palutlah
memamah	kumamah
memamah	kaumamah
memamah	dimamah
memamah	termamah
memamah	mamah
memamah	mamahlah
memamahkan	dimamahkan
memamahkan	kumamahkan
memamahkan	kaumamahkan
memamahkan	mamahkan
memamahkan	mamahkanlah
memamerkan	dipamerkan
memamerkan	kupamerkan
memamerkan	kaupamerkan
memamerkan	pamerkan
memamerkan	pamerkanlah
memamitkan	dipamitkan
memamitkan	kupamitkan
memamitkan	kaupamitkan
memamitkan	pamitkan
memamitkan	pamitkanlah
memampang	kupampang
memampang	kaupampang
memampang	dipampang
memampang	terpampang
memampang	pampang
memampang	pampanglah
memampangkan	dipampangkan
memampangkan	kupampangkan
memampangkan	kaupampangkan
memampangkan	pampangkan
memampangkan	pampangkanlah
memampas	kupampas
memampas	kaupampas
memampas	dipampas
memampas	terpampas
memampas	pampas
memampas	pampaslah
memampat	kupampat
memampat	kaupampat
memampat	dipampat
memampat	terpampat
memampat	pampat
memampat	pampatlah
memampatkan	dipampatkan
memampatkan	kupampatkan
memampatkan	kaupampatkan
memampatkan	pampatkan
memampatkan	pampatkanlah
memanah	kupanah
memanah	kaupanah
memanah	dipanah
memanah	terpanah
memanah	panah
memanah	panahlah
memanahi	dipanahi
memanahi	kupanahi
memanahi	kaupanahi
memanahi	panahi
memanahi	panahilah
memanahkan	dipanahkan
memanahkan	kupanahkan
memanahkan	kaupanahkan
memanahkan	panahkan
memanahkan	panahkanlah
memanajemeni	dimanajemeni
memanajemeni	kumanajemeni
memanajemeni	kaumanajemeni
memanajemeni	manajemeni
memanajemeni	manajemenilah
memanas	kupanas
memanas	kaupanas
memanas	dipanas
memanas	terpanas
memanas	panas
memanas	panaslah
memanas-manasi	
memanasi	dipanasi
memanasi	kupanasi
memanasi	kaupanasi
memanasi	panasi
memanasi	panasilah
memanau	kumanau
memanau	kaumanau
memanau	dimanau
memanau	termanau
memanau	manau
memanau	manaulah
memancal	kupancal
memancal	kaupancal
memancal	dipancal
memancal	terpancal
memancal	pancal
memancal	pancallah
memancang	kupancang
memancang	kaupancang
memancang	dipancang
memancang	terpancang
memancang	pancang
memancang	pancanglah
memancangkan	dipancangkan
memancangkan	kupancangkan
memancangkan	kaupancangkan
memancangkan	pancangkan
memancangkan	pancangkanlah
memancar	
memancarkan	dipancarkan
memancarkan	kupancarkan
memancarkan	kaupancarkan
memancarkan	pancarkan
memancarkan	pancarkanlah
memancarteruskan	
memancing	kupancing
memancing	kaupancing
memancing	dipancing
memancing	terpancing
memancing	pancing
memancing	pancinglah
memancit	kupancit
memancit	kaupancit
memancit	dipancit
memancit	terpancit
memancit	pancit
memancit	pancitlah
memancit-mancitkan	
memancur	kupancur
memancur	kaupancur
memancur	dipancur
memancur	terpancur
memancur	pancur
memancur	pancurlah
memancut	kupancut
memancut	kaupancut
memancut	dipancut
memancut	terpancut
memancut	pancut
memancut	pancutlah
memandai-mandai	
memandakkan	dipandakkan
memandakkan	kupandakkan
memandakkan	kaupandakkan
memandakkan	pandakkan
memandakkan	pandakkanlah
memandang	kupandang
memandang	kaupandang
memandang	dipandang
memandang	terpandang
memandang	pandang
memandang	pandanglah
memandangi	dipandangi
memandangi	kupandangi
memandangi	kaupandangi
memandangi	pandangi
memandangi	pandangilah
memandekkan	dimandekkan
memandekkan	kumandekkan
memandekkan	kaumandekkan
memandekkan	mandekkan
memandekkan	mandekkanlah
memandori	dimandori
memandori	kumandori
memandori	kaumandori
memandori	mandori
memandori	mandorilah
memandu	kupandu
memandu	kaupandu
memandu	dipandu
memandu	terpandu
memandu	pandu
memandu	pandulah
memandulkan	dimandulkan
memandulkan	kumandulkan
memandulkan	kaumandulkan
memandulkan	mandulkan
memandulkan	mandulkanlah
memanen	kupanen
memanen	kaupanen
memanen	dipanen
memanen	terpanen
memanen	panen
memanen	panenlah
memanggakkan	dipanggakkan
memanggakkan	kupanggakkan
memanggakkan	kaupanggakkan
memanggakkan	panggakkan
memanggakkan	panggakkanlah
memanggang	kupanggang
memanggang	kaupanggang
memanggang	dipanggang
memanggang	terpanggang
memanggang	panggang
memanggang	pangganglah
memanggil	kupanggil
memanggil	kaupanggil
memanggil	dipanggil
memanggil	terpanggil
memanggil	panggil
memanggil	panggillah
memanggil-manggil	
memanggilkan	dipanggilkan
memanggilkan	kupanggilkan
memanggilkan	kaupanggilkan
memanggilkan	panggilkan
memanggilkan	panggilkanlah
memanggillah	kupanggil
memanggillah	kaupanggil
memanggillah	dipanggil
memanggillah	terpanggil
memanggillah	panggil
memanggillah	panggillah
memanggul	kupanggul
memanggul	kaupanggul
memanggul	dipanggul
memanggul	terpanggul
memanggul	panggul
memanggul	panggullah
memanggungkan	dipanggungkan
memanggungkan	kupanggungkan
memanggungkan	kaupanggungkan
memanggungkan	panggungkan
memanggungkan	panggungkanlah
memangkah	kupangkah
memangkah	kaupangkah
memangkah	dipangkah
memangkah	terpangkah
memangkah	pangkah
memangkah	pangkahlah
memangkal	kupangkal
memangkal	kaupangkal
memangkal	dipangkal
memangkal	terpangkal
memangkal	pangkal
memangkal	pangkallah
memangkas	kupangkas
memangkas	kaupangkas
memangkas	dipangkas
memangkas	terpangkas
memangkas	pangkas
memangkas	pangkaslah
memangkek	kupangkek
memangkek	kaupangkek
memangkek	dipangkek
memangkek	terpangkek
memangkek	pangkek
memangkek	pangkeklah
memangku	kupangku
memangku	kaupangku
memangku	dipangku
memangku	terpangku
memangku	pangku
memangku	pangkulah
memangkung	kupangkung
memangkung	kaupangkung
memangkung	dipangkung
memangkung	terpangkung
memangkung	pangkung
memangkung	pangkunglah
memangkur	kupangkur
memangkur	kaupangkur
memangkur	dipangkur
memangkur	terpangkur
memangkur	pangkur
memangkur	pangkurlah
memangsa	kumangsa
memangsa	kaumangsa
memangsa	dimangsa
memangsa	termangsa
memangsa	mangsa
memangsa	mangsalah
memanguk	kupanguk
memanguk	kaupanguk
memanguk	dipanguk
memanguk	terpanguk
memanguk	panguk
memanguk	panguklah
memangur	kupangur
memangur	kaupangur
memangur	dipangur
memangur	terpangur
memangur	pangur
memangur	pangurlah
memanifestasikan	dimanifestasikan
memanifestasikan	kumanifestasikan
memanifestasikan	kaumanifestasikan
memanifestasikan	manifestasikan
memanifestasikan	manifestasikanlah
memanipulasi	kumanipulasi
memanipulasi	kaumanipulasi
memanipulasi	dimanipulasi
memanipulasi	termanipulasi
memanipulasi	manipulasi
memanipulasi	manipulasilah
memanipulasikan	dimanipulasikan
memanipulasikan	kumanipulasikan
memanipulasikan	kaumanipulasikan
memanipulasikan	manipulasikan
memanipulasikan	manipulasikanlah
memanis	kumanis
memanis	kaumanis
memanis	dimanis
memanis	termanis
memanis	manis
memanis	manislah
memanis-manis	
memanisi	dimanisi
memanisi	kumanisi
memanisi	kaumanisi
memanisi	manisi
memanisi	manisilah
memanjakan	dimanjakan
memanjakan	kumanjakan
memanjakan	kaumanjakan
memanjakan	manjakan
memanjakan	manjakanlah
memanjang	kupanjang
memanjang	kaupanjang
memanjang	dipanjang
memanjang	terpanjang
memanjang	panjang
memanjang	panjanglah
memanjat	kupanjat
memanjat	kaupanjat
memanjat	dipanjat
memanjat	terpanjat
memanjat	panjat
memanjat	panjatlah
memanjatkan	dipanjatkan
memanjatkan	kupanjatkan
memanjatkan	kaupanjatkan
memanjatkan	panjatkan
memanjatkan	panjatkanlah
memanjingkan	dipanjingkan
memanjingkan	kupanjingkan
memanjingkan	kaupanjingkan
memanjingkan	panjingkan
memanjingkan	panjingkanlah
memanjut	kupanjut
memanjut	kaupanjut
memanjut	dipanjut
memanjut	terpanjut
memanjut	panjut
memanjut	panjutlah
memanjut-manjut	
memanjutkan	dipanjutkan
memanjutkan	kupanjutkan
memanjutkan	kaupanjutkan
memanjutkan	panjutkan
memanjutkan	panjutkanlah
memansukhkan	dimansukhkan
memansukhkan	kumansukhkan
memansukhkan	kaumansukhkan
memansukhkan	mansukhkan
memansukhkan	mansukhkanlah
memantai	kupantai
memantai	kaupantai
memantai	dipantai
memantai	terpantai
memantai	pantai
memantai	pantailah
memantak	kupantak
memantak	kaupantak
memantak	dipantak
memantak	terpantak
memantak	pantak
memantak	pantaklah
memantakkan	dipantakkan
memantakkan	kupantakkan
memantakkan	kaupantakkan
memantakkan	pantakkan
memantakkan	pantakkanlah
memantang	kupantang
memantang	kaupantang
memantang	dipantang
memantang	terpantang
memantang	pantang
memantang	pantanglah
memantapkan	dimantapkan
memantapkan	kumantapkan
memantapkan	kaumantapkan
memantapkan	mantapkan
memantapkan	mantapkanlah
memantas	kupantas
memantas	kaupantas
memantas	dipantas
memantas	terpantas
memantas	pantas
memantas	pantaslah
memantati	dipantati
memantati	kupantati
memantati	kaupantati
memantati	pantati
memantati	pantatilah
memantek	kupantek
memantek	kaupantek
memantek	dipantek
memantek	terpantek
memantek	pantek
memantek	panteklah
memantik	kupantik
memantik	kaupantik
memantik	dipantik
memantik	terpantik
memantik	pantik
memantik	pantiklah
memantis	kupantis
memantis	kaupantis
memantis	dipantis
memantis	terpantis
memantis	pantis
memantis	pantislah
memantrai	dimantrai
memantrai	kumantrai
memantrai	kaumantrai
memantrai	mantrai
memantrai	mantrailah
memantrakan	dimantrakan
memantrakan	kumantrakan
memantrakan	kaumantrakan
memantrakan	mantrakan
memantrakan	mantrakanlah
memantul	
memantulkan	dipantulkan
memantulkan	kupantulkan
memantulkan	kaupantulkan
memantulkan	pantulkan
memantulkan	pantulkanlah
memantuni	dipantuni
memantuni	kupantuni
memantuni	kaupantuni
memantuni	pantuni
memantuni	pantunilah
memanusiakan	dimanusiakan
memanusiakan	kumanusiakan
memanusiakan	kaumanusiakan
memanusiakan	manusiakan
memanusiakan	manusiakanlah
memanusiawikan	dimanusiawikan
memanusiawikan	kumanusiawikan
memanusiawikan	kaumanusiawikan
memanusiawikan	manusiawikan
memanusiawikan	manusiawikanlah
memapah	kupapah
memapah	kaupapah
memapah	dipapah
memapah	terpapah
memapah	papah
memapah	papahlah
memapak	kupapak
memapak	kaupapak
memapak	dipapak
memapak	terpapak
memapak	papak
memapak	papaklah
memapan	kupapan
memapan	kaupapan
memapan	dipapan
memapan	terpapan
memapan	papan
memapan	papanlah
memapani	dipapani
memapani	kupapani
memapani	kaupapani
memapani	papani
memapani	papanilah
memapar	kupapar
memapar	kaupapar
memapar	dipapar
memapar	terpapar
memapar	papar
memapar	paparlah
memaparkan	dipaparkan
memaparkan	kupaparkan
memaparkan	kaupaparkan
memaparkan	paparkan
memaparkan	paparkanlah
memapas	kupapas
memapas	kaupapas
memapas	dipapas
memapas	terpapas
memapas	papas
memapas	papaslah
memapras	kupapras
memapras	kaupapras
memapras	dipapras
memapras	terpapras
memapras	papras
memapras	papraslah
memaraf	kuparaf
memaraf	kauparaf
memaraf	diparaf
memaraf	terparaf
memaraf	paraf
memaraf	paraflah
memarahi	dimarahi
memarahi	kumarahi
memarahi	kaumarahi
memarahi	marahi
memarahi	marahilah
memarahkan	dimarahkan
memarahkan	kumarahkan
memarahkan	kaumarahkan
memarahkan	marahkan
memarahkan	marahkanlah
memarak	kumarak
memarak	kaumarak
memarak	dimarak
memarak	termarak
memarak	marak
memarak	maraklah
memarang	kuparang
memarang	kauparang
memarang	diparang
memarang	terparang
memarang	parang
memarang	paranglah
memarangkan	diparangkan
memarangkan	kuparangkan
memarangkan	kauparangkan
memarangkan	parangkan
memarangkan	parangkanlah
memarani	diparani
memarani	kuparani
memarani	kauparani
memarani	parani
memarani	paranilah
memarap	kuparap
memarap	kauparap
memarap	diparap
memarap	terparap
memarap	parap
memarap	paraplah
memaras	kuparas
memaras	kauparas
memaras	diparas
memaras	terparas
memaras	paras
memaras	paraslah
memarginalkan	dimarginalkan
memarginalkan	kumarginalkan
memarginalkan	kaumarginalkan
memarginalkan	marginalkan
memarginalkan	marginalkanlah
memarih	kuparih
memarih	kauparih
memarih	diparih
memarih	terparih
memarih	parih
memarih	parihlah
memarinade	kumarinade
memarinade	kaumarinade
memarinade	dimarinade
memarinade	termarinade
memarinade	marinade
memarinade	marinadelah
memarit	kuparit
memarit	kauparit
memarit	diparit
memarit	terparit
memarit	parit
memarit	paritlah
memarkahi	dimarkahi
memarkahi	kumarkahi
memarkahi	kaumarkahi
memarkahi	markahi
memarkahi	markahilah
memarkir	kuparkir
memarkir	kauparkir
memarkir	diparkir
memarkir	terparkir
memarkir	parkir
memarkir	parkirlah
memarodikan	diparodikan
memarodikan	kuparodikan
memarodikan	kauparodikan
memarodikan	parodikan
memarodikan	parodikanlah
memaruh	kuparuh
memaruh	kauparuh
memaruh	diparuh
memaruh	terparuh
memaruh	paruh
memaruh	paruhlah
memarun	kuparun
memarun	kauparun
memarun	diparun
memarun	terparun
memarun	parun
memarun	parunlah
memarut	kuparut
memarut	kauparut
memarut	diparut
memarut	terparut
memarut	parut
memarut	parutlah
memasak	kumasak
memasak	kaumasak
memasak	dimasak
memasak	termasak
memasak	masak
memasak	masaklah
memasak-masak	
memasakkan	masakkan
memasalahkan	dimasalahkan
memasalahkan	kumasalahkan
memasalahkan	kaumasalahkan
memasalahkan	masalahkan
memasalahkan	masalahkanlah
memasam	kumasam
memasam	kaumasam
memasam	dimasam
memasam	termasam
memasam	masam
memasam	masamlah
memasang	kupasang
memasang	kaupasang
memasang	dipasang
memasang	terpasang
memasang	pasang
memasang	pasanglah
memasanglah	kupasang
memasanglah	kaupasang
memasanglah	dipasang
memasanglah	terpasang
memasanglah	pasang
memasanglah	pasanglah
memasap	kumasap
memasap	kaumasap
memasap	dimasap
memasap	termasap
memasap	masap
memasap	masaplah
memasarkan	dipasarkan
memasarkan	kupasarkan
memasarkan	kaupasarkan
memasarkan	pasarkan
memasarkan	pasarkanlah
memaserasi	dipaserasi
memaserasi	kupaserasi
memaserasi	kaupaserasi
memaserasi	paserasi
memaserasi	paserasilah
memaskotkan	dimaskotkan
memaskotkan	kumaskotkan
memaskotkan	kaumaskotkan
memaskotkan	maskotkan
memaskotkan	maskotkanlah
memasok	kupasok
memasok	kaupasok
memasok	dipasok
memasok	terpasok
memasok	pasok
memasok	pasoklah
memasokkan	dipasokkan
memasokkan	kupasokkan
memasokkan	kaupasokkan
memasokkan	pasokkan
memasokkan	pasokkanlah
memastikan	dipastikan
memastikan	kupastikan
memastikan	kaupastikan
memastikan	pastikan
memastikan	pastikanlah
memasuki	dimasuki
memasuki	kumasuki
memasuki	kaumasuki
memasuki	masuki
memasuki	masukilah
memasukkan	dimasukkan
memasukkan	kumasukkan
memasukkan	kaumasukkan
memasukkan	masukkan
memasukkan	masukkanlah
memasung	kupasung
memasung	kaupasung
memasung	dipasung
memasung	terpasung
memasung	pasung
memasung	pasunglah
memasungkan	dipasungkan
memasungkan	kupasungkan
memasungkan	kaupasungkan
memasungkan	pasungkan
memasungkan	pasungkanlah
memasyarakat	kumasyarakat
memasyarakat	kaumasyarakat
memasyarakat	dimasyarakat
memasyarakat	termasyarakat
memasyarakat	masyarakat
memasyarakat	masyarakatlah
memasygulkan	dimasygulkan
memasygulkan	kumasygulkan
memasygulkan	kaumasygulkan
memasygulkan	masygulkan
memasygulkan	masygulkanlah
memasyhurkan	dimasyhurkan
memasyhurkan	kumasyhurkan
memasyhurkan	kaumasyhurkan
memasyhurkan	masyhurkan
memasyhurkan	masyhurkanlah
mematah-matah	
mematahkan	dipatahkan
mematahkan	kupatahkan
mematahkan	kaupatahkan
mematahkan	patahkan
mematahkan	patahkanlah
mematangkan	dimatangkan
mematangkan	kumatangkan
mematangkan	kaumatangkan
mematangkan	matangkan
mematangkan	matangkanlah
mematar	kupatar
mematar	kaupatar
mematar	dipatar
mematar	terpatar
mematar	patar
mematar	patarlah
mematenkan	dipatenkan
mematenkan	kupatenkan
mematenkan	kaupatenkan
mematenkan	patenkan
mematenkan	patenkanlah
mematik	kupatik
mematik	kaupatik
mematik	dipatik
mematik	terpatik
mematik	patik
mematik	patiklah
mematikan	matikan
mematil	kupatil
mematil	kaupatil
mematil	dipatil
mematil	terpatil
mematil	patil
mematil	patillah
memating	kupating
memating	kaupating
memating	dipating
memating	terpating
memating	pating
memating	patinglah
mematok	kupatok
mematok	kaupatok
mematok	dipatok
mematok	terpatok
mematok	patok
mematok	patoklah
mematokkan	dipatokkan
mematokkan	kupatokkan
mematokkan	kaupatokkan
mematokkan	patokkan
mematokkan	patokkanlah
mematri	kupatri
mematri	kaupatri
mematri	dipatri
mematri	terpatri
mematri	patri
mematri	patrilah
mematrikan	dipatrikan
mematrikan	kupatrikan
mematrikan	kaupatrikan
mematrikan	patrikan
mematrikan	patrikanlah
mematuhi	dipatuhi
mematuhi	kupatuhi
mematuhi	kaupatuhi
mematuhi	patuhi
mematuhi	patuhilah
mematuk	kupatuk
mematuk	kaupatuk
mematuk	dipatuk
mematuk	terpatuk
mematuk	patuk
mematuk	patuklah
mematuk-matuk	
mematukan	dimatukan
mematukan	kumatukan
mematukan	kaumatukan
mematukan	matukan
mematukan	matukanlah
mematung	kupatung
mematung	kaupatung
mematung	dipatung
mematung	terpatung
mematung	patung
mematung	patunglah
mematungkan	dipatungkan
mematungkan	kupatungkan
mematungkan	kaupatungkan
mematungkan	patungkan
mematungkan	patungkanlah
mematut	kupatut
mematut	kaupatut
mematut	dipatut
mematut	terpatut
mematut	patut
mematut	patutlah
mematut-matut	
mematutkan	dipatutkan
mematutkan	kupatutkan
mematutkan	kaupatutkan
mematutkan	patutkan
mematutkan	patutkanlah
memau-mau	
memaui	dimaui
memaui	kumaui
memaui	kaumaui
memaui	maui
memaui	mauilah
memaukan	dimaukan
memaukan	kumaukan
memaukan	kaumaukan
memaukan	maukan
memaukan	maukanlah
memaut	kupaut
memaut	kaupaut
memaut	dipaut
memaut	terpaut
memaut	paut
memaut	pautlah
memayah-mayahkan	
memayahkan	dipayahkan
memayahkan	kupayahkan
memayahkan	kaupayahkan
memayahkan	payahkan
memayahkan	payahkanlah
memayungi	dipayungi
memayungi	kupayungi
memayungi	kaupayungi
memayungi	payungi
memayungi	payungilah
membaban	kubaban
membaban	kaubaban
membaban	dibaban
membaban	terbaban
membaban	baban
membaban	babanlah
membabar	kubabar
membabar	kaubabar
membabar	dibabar
membabar	terbabar
membabar	babar
membabar	babarlah
membabarkan	dibabarkan
membabarkan	kubabarkan
membabarkan	kaubabarkan
membabarkan	babarkan
membabarkan	babarkanlah
membabas	kubabas
membabas	kaubabas
membabas	dibabas
membabas	terbabas
membabas	babas
membabas	babaslah
membabat	kubabat
membabat	kaubabat
membabat	dibabat
membabat	terbabat
membabat	babat
membabat	babatlah
membabati	dibabati
membabati	kubabati
membabati	kaubabati
membabati	babati
membabati	babatilah
membabatkan	dibabatkan
membabatkan	kubabatkan
membabatkan	kaubabatkan
membabatkan	babatkan
membabatkan	babatkanlah
membabi	kubabi
membabi	kaubabi
membabi	dibabi
membabi	terbabi
membabi	babi
membabi	babilah
membabitkan	dibabitkan
membabitkan	kubabitkan
membabitkan	kaubabitkan
membabitkan	babitkan
membabitkan	babitkanlah
membaca	kubaca
membaca	kaubaca
membaca	dibaca
membaca	terbaca
membaca	baca
membaca	bacalah
membaca-baca	
membacah	kubacah
membacah	kaubacah
membacah	dibacah
membacah	terbacah
membacah	bacah
membacah	bacahlah
membacah-bacah	
membacai	dibacai
membacai	kubacai
membacai	kaubacai
membacai	bacai
membacai	bacailah
membacakan	dibacakan
membacakan	kubacakan
membacakan	kaubacakan
membacakan	bacakan
membacakan	bacakanlah
membacem	kubacem
membacem	kaubacem
membacem	dibacem
membacem	terbacem
membacem	bacem
membacem	bacemlah
membacok	kubacok
membacok	kaubacok
membacok	dibacok
membacok	terbacok
membacok	bacok
membacok	bacoklah
membacokkan	dibacokkan
membacokkan	kubacokkan
membacokkan	kaubacokkan
membacokkan	bacokkan
membacokkan	bacokkanlah
membadai	kubadai
membadai	kaubadai
membadai	dibadai
membadai	terbadai
membadai	badai
membadai	badailah
membadi	kubadi
membadi	kaubadi
membadi	dibadi
membadi	terbadi
membadi	badi
membadi	badilah
membadik	kubadik
membadik	kaubadik
membadik	dibadik
membadik	terbadik
membadik	badik
membadik	badiklah
membadut	kubadut
membadut	kaubadut
membadut	dibadut
membadut	terbadut
membadut	badut
membadut	badutlah
membagar	kubagar
membagar	kaubagar
membagar	dibagar
membagar	terbagar
membagar	bagar
membagar	bagarlah
membagi	kubagi
membagi	kaubagi
membagi	dibagi
membagi	terbagi
membagi	bagi
membagi	bagilah
membagi-bagikan	
membaguskan	dibaguskan
membaguskan	kubaguskan
membaguskan	kaubaguskan
membaguskan	baguskan
membaguskan	baguskanlah
membaham	kubaham
membaham	kaubaham
membaham	dibaham
membaham	terbaham
membaham	baham
membaham	bahamlah
membahan	kubahan
membahan	kaubahan
membahan	dibahan
membahan	terbahan
membahan	bahan
membahan	bahanlah
membahana	kubahana
membahana	kaubahana
membahana	dibahana
membahana	terbahana
membahana	bahana
membahana	bahanalah
membahas	kubahas
membahas	kaubahas
membahas	dibahas
membahas	terbahas
membahas	bahas
membahas	bahaslah
membahu	kubahu
membahu	kaubahu
membahu	dibahu
membahu	terbahu
membahu	bahu
membahu	bahulah
membaiat	kubaiat
membaiat	kaubaiat
membaiat	dibaiat
membaiat	terbaiat
membaiat	baiat
membaiat	baiatlah
membaik	kubaik
membaik	kaubaik
membaik	dibaik
membaik	terbaik
membaik	baik
membaik	baiklah
membaiki	dibaiki
membaiki	kubaiki
membaiki	kaubaiki
membaiki	baiki
membaiki	baikilah
membaja	kubaja
membaja	kaubaja
membaja	dibaja
membaja	terbaja
membaja	baja
membaja	bajalah
membajai	dibajai
membajai	kubajai
membajai	kaubajai
membajai	bajai
membajai	bajailah
membajak	kubajak
membajak	kaubajak
membajak	dibajak
membajak	terbajak
membajak	bajak
membajak	bajaklah
membajau	kubajau
membajau	kaubajau
membajau	dibajau
membajau	terbajau
membajau	bajau
membajau	bajaulah
membaji	kubaji
membaji	kaubaji
membaji	dibaji
membaji	terbaji
membaji	baji
membaji	bajilah
membajui	dibajui
membajui	kubajui
membajui	kaubajui
membajui	bajui
membajui	bajuilah
membajul	kubajul
membajul	kaubajul
membajul	dibajul
membajul	terbajul
membajul	bajul
membajul	bajullah
membakalkan	dibakalkan
membakalkan	kubakalkan
membakalkan	kaubakalkan
membakalkan	bakalkan
membakalkan	bakalkanlah
membakar	kubakar
membakar	kaubakar
membakar	dibakar
membakar	terbakar
membakar	bakar
membakar	bakarlah
membakari	dibakari
membakari	kubakari
membakari	kaubakari
membakari	bakari
membakari	bakarilah
membakarkan	dibakarkan
membakarkan	kubakarkan
membakarkan	kaubakarkan
membakarkan	bakarkan
membakarkan	bakarkanlah
membakat	kubakat
membakat	kaubakat
membakat	dibakat
membakat	terbakat
membakat	bakat
membakat	bakatlah
membaksi	kubaksi
membaksi	kaubaksi
membaksi	dibaksi
membaksi	terbaksi
membaksi	baksi
membaksi	baksilah
membakukan	dibakukan
membakukan	kubakukan
membakukan	kaubakukan
membakukan	bakukan
membakukan	bakukanlah
membalah	kubalah
membalah	kaubalah
membalah	dibalah
membalah	terbalah
membalah	balah
membalah	balahlah
membalam	kubalam
membalam	kaubalam
membalam	dibalam
membalam	terbalam
membalam	balam
membalam	balamlah
membalap	kubalap
membalap	kaubalap
membalap	dibalap
membalap	terbalap
membalap	balap
membalap	balaplah
membalapkan	dibalapkan
membalapkan	kubalapkan
membalapkan	kaubalapkan
membalapkan	balapkan
membalapkan	balapkanlah
membalas	kubalas
membalas	kaubalas
membalas	dibalas
membalas	terbalas
membalas	balas
membalas	balaslah
membalik	kubalik
membalik	kaubalik
membalik	dibalik
membalik	terbalik
membalik	balik
membalik	baliklah
membalik-balik	
membaliki	dibaliki
membaliki	kubaliki
membaliki	kaubaliki
membaliki	baliki
membaliki	balikilah
membalur	kubalur
membalur	kaubalur
membalur	dibalur
membalur	terbalur
membalur	balur
membalur	balurlah
membalurkan	dibalurkan
membalurkan	kubalurkan
membalurkan	kaubalurkan
membalurkan	balurkan
membalurkan	balurkanlah
membalut	kubalut
membalut	kaubalut
membalut	dibalut
membalut	terbalut
membalut	balut
membalut	balutlah
membalutkan	dibalutkan
membalutkan	kubalutkan
membalutkan	kaubalutkan
membalutkan	balutkan
membalutkan	balutkanlah
membancarkan	dibancarkan
membancarkan	kubancarkan
membancarkan	kaubancarkan
membancarkan	bancarkan
membancarkan	bancarkanlah
membancuh	kubancuh
membancuh	kaubancuh
membancuh	dibancuh
membancuh	terbancuh
membancuh	bancuh
membancuh	bancuhlah
membancuhkan	dibancuhkan
membancuhkan	kubancuhkan
membancuhkan	kaubancuhkan
membancuhkan	bancuhkan
membancuhkan	bancuhkanlah
membandar	kubandar
membandar	kaubandar
membandar	dibandar
membandar	terbandar
membandar	bandar
membandar	bandarlah
membandari	dibandari
membandari	kubandari
membandari	kaubandari
membandari	bandari
membandari	bandarilah
membandel	kubandel
membandel	kaubandel
membandel	dibandel
membandel	terbandel
membandel	bandel
membandel	bandellah
membandering	kubandering
membandering	kaubandering
membandering	dibandering
membandering	terbandering
membandering	bandering
membandering	banderinglah
membanding	kubanding
membanding	kaubanding
membanding	dibanding
membanding	terbanding
membanding	banding
membanding	bandinglah
membandingi	dibandingi
membandingi	kubandingi
membandingi	kaubandingi
membandingi	bandingi
membandingi	bandingilah
membandit	kubandit
membandit	kaubandit
membandit	dibandit
membandit	terbandit
membandit	bandit
membandit	banditlah
membandul	kubandul
membandul	kaubandul
membandul	dibandul
membandul	terbandul
membandul	bandul
membandul	bandullah
membandungi	dibandungi
membandungi	kubandungi
membandungi	kaubandungi
membandungi	bandungi
membandungi	bandungilah
membandut	kubandut
membandut	kaubandut
membandut	dibandut
membandut	terbandut
membandut	bandut
membandut	bandutlah
membangatkan	dibangatkan
membangatkan	kubangatkan
membangatkan	kaubangatkan
membangatkan	bangatkan
membangatkan	bangatkanlah
membangga	kubangga
membangga	kaubangga
membangga	dibangga
membangga	terbangga
membangga	bangga
membangga	banggalah
membangirkan	dibangirkan
membangirkan	kubangirkan
membangirkan	kaubangirkan
membangirkan	bangirkan
membangirkan	bangirkanlah
membangkang	kubangkang
membangkang	kaubangkang
membangkang	dibangkang
membangkang	terbangkang
membangkang	bangkang
membangkang	bangkanglah
membangkar	kubangkar
membangkar	kaubangkar
membangkar	dibangkar
membangkar	terbangkar
membangkar	bangkar
membangkar	bangkarlah
membangkit	kubangkit
membangkit	kaubangkit
membangkit	dibangkit
membangkit	terbangkit
membangkit	bangkit
membangkit	bangkitlah
membangkit-bangkit	
membangkrutkan	dibangkrutkan
membangkrutkan	kubangkrutkan
membangkrutkan	kaubangkrutkan
membangkrutkan	bangkrutkan
membangkrutkan	bangkrutkanlah
membangsa	kubangsa
membangsa	kaubangsa
membangsa	dibangsa
membangsa	terbangsa
membangsa	bangsa
membangsa	bangsalah
membangun	kubangun
membangun	kaubangun
membangun	dibangun
membangun	terbangun
membangun	bangun
membangun	bangunlah
membanguni	dibanguni
membanguni	kubanguni
membanguni	kaubanguni
membanguni	banguni
membanguni	bangunilah
membangunkan	dibangunkan
membangunkan	kubangunkan
membangunkan	kaubangunkan
membangunkan	bangunkan
membangunkan	bangunkanlah
membaning	kubaning
membaning	kaubaning
membaning	dibaning
membaning	terbaning
membaning	baning
membaning	baninglah
membanjir	kubanjir
membanjir	kaubanjir
membanjir	dibanjir
membanjir	terbanjir
membanjir	banjir
membanjir	banjirlah
membanjiri	dibanjiri
membanjiri	kubanjiri
membanjiri	kaubanjiri
membanjiri	banjiri
membanjiri	banjirilah
membanjur	kubanjur
membanjur	kaubanjur
membanjur	dibanjur
membanjur	terbanjur
membanjur	banjur
membanjur	banjurlah
membantah	kubantah
membantah	kaubantah
membantah	dibantah
membantah	terbantah
membantah	bantah
membantah	bantahlah
membantahi	dibantahi
membantahi	kubantahi
membantahi	kaubantahi
membantahi	bantahi
membantahi	bantahilah
membantai	kubantai
membantai	kaubantai
membantai	dibantai
membantai	terbantai
membantai	bantai
membantai	bantailah
membanting	kubanting
membanting	kaubanting
membanting	dibanting
membanting	terbanting
membanting	banting
membanting	bantinglah
membantingkan	dibantingkan
membantingkan	kubantingkan
membantingkan	kaubantingkan
membantingkan	bantingkan
membantingkan	bantingkanlah
membantu	kubantu
membantu	kaubantu
membantu	dibantu
membantu	terbantu
membantu	bantu
membantu	bantulah
membantukan	dibantukan
membantukan	kubantukan
membantukan	kaubantukan
membantukan	bantukan
membantukan	bantukanlah
membantun	kubantun
membantun	kaubantun
membantun	dibantun
membantun	terbantun
membantun	bantun
membantun	bantunlah
membantuni	dibantuni
membantuni	kubantuni
membantuni	kaubantuni
membantuni	bantuni
membantuni	bantunilah
membantut	kubantut
membantut	kaubantut
membantut	dibantut
membantut	terbantut
membantut	bantut
membantut	bantutlah
membanyak	kubanyak
membanyak	kaubanyak
membanyak	dibanyak
membanyak	terbanyak
membanyak	banyak
membanyak	banyaklah
membanyaki	dibanyaki
membanyaki	kubanyaki
membanyaki	kaubanyaki
membanyaki	banyaki
membanyaki	banyakilah
membanyol	kubanyol
membanyol	kaubanyol
membanyol	dibanyol
membanyol	terbanyol
membanyol	banyol
membanyol	banyollah
membaptis	kubaptis
membaptis	kaubaptis
membaptis	dibaptis
membaptis	terbaptis
membaptis	baptis
membaptis	baptislah
membaptiskan	dibaptiskan
membaptiskan	kubaptiskan
membaptiskan	kaubaptiskan
membaptiskan	baptiskan
membaptiskan	baptiskanlah
membara	kubara
membara	kaubara
membara	dibara
membara	terbara
membara	bara
membara	baralah
membarah	kubarah
membarah	kaubarah
membarah	dibarah
membarah	terbarah
membarah	barah
membarah	barahlah
membaratkan	dibaratkan
membaratkan	kubaratkan
membaratkan	kaubaratkan
membaratkan	baratkan
membaratkan	baratkanlah
membarengi	dibarengi
membarengi	kubarengi
membarengi	kaubarengi
membarengi	barengi
membarengi	barengilah
membaris	kubaris
membaris	kaubaris
membaris	dibaris
membaris	terbaris
membaris	baris
membaris	barislah
membaru	kubaru
membaru	kaubaru
membaru	dibaru
membaru	terbaru
membaru	baru
membaru	barulah
membarui	dibarui
membarui	kubarui
membarui	kaubarui
membarui	barui
membarui	baruilah
membarukan	dibarukan
membarukan	kubarukan
membarukan	kaubarukan
membarukan	barukan
membarukan	barukanlah
membarut	kubarut
membarut	kaubarut
membarut	dibarut
membarut	terbarut
membarut	barut
membarut	barutlah
membarut-barut	
membasahi	dibasahi
membasahi	kubasahi
membasahi	kaubasahi
membasahi	basahi
membasahi	basahilah
membasahkan	dibasahkan
membasahkan	kubasahkan
membasahkan	kaubasahkan
membasahkan	basahkan
membasahkan	basahkanlah
membasi	kubasi
membasi	kaubasi
membasi	dibasi
membasi	terbasi
membasi	basi
membasi	basilah
membasikan	dibasikan
membasikan	kubasikan
membasikan	kaubasikan
membasikan	basikan
membasikan	basikanlah
membasmi	kubasmi
membasmi	kaubasmi
membasmi	dibasmi
membasmi	terbasmi
membasmi	basmi
membasmi	basmilah
membasuh	kubasuh
membasuh	kaubasuh
membasuh	dibasuh
membasuh	terbasuh
membasuh	basuh
membasuh	basuhlah
membasut	kubasut
membasut	kaubasut
membasut	dibasut
membasut	terbasut
membasut	basut
membasut	basutlah
membatak	kubatak
membatak	kaubatak
membatak	dibatak
membatak	terbatak
membatak	batak
membatak	bataklah
membatalkan	dibatalkan
membatalkan	kubatalkan
membatalkan	kaubatalkan
membatalkan	batalkan
membatalkan	batalkanlah
membatang	kubatang
membatang	kaubatang
membatang	dibatang
membatang	terbatang
membatang	batang
membatang	batanglah
membatasi	dibatasi
membatasi	kubatasi
membatasi	kaubatasi
membatasi	batasi
membatasi	batasilah
membatik	kubatik
membatik	kaubatik
membatik	dibatik
membatik	terbatik
membatik	batik
membatik	batiklah
membatin	kubatin
membatin	kaubatin
membatin	dibatin
membatin	terbatin
membatin	batin
membatin	batinlah
membatu	kubatu
membatu	kaubatu
membatu	dibatu
membatu	terbatu
membatu	batu
membatu	batulah
membatui	dibatui
membatui	kubatui
membatui	kaubatui
membatui	batui
membatui	batuilah
membaui	dibaui
membaui	kubaui
membaui	kaubaui
membaui	baui
membaui	bauilah
membauni	dibauni
membauni	kubauni
membauni	kaubauni
membauni	bauni
membauni	baunilah
membaur	kubaur
membaur	kaubaur
membaur	dibaur
membaur	terbaur
membaur	baur
membaur	baurlah
membawa	kubawa
membawa	kaubawa
membawa	dibawa
membawa	terbawa
membawa	bawa
membawa	bawalah
membawa-bawa	
membawahi	dibawahi
membawahi	kubawahi
membawahi	kaubawahi
membawahi	bawahi
membawahi	bawahilah
membawahkan	dibawahkan
membawahkan	kubawahkan
membawahkan	kaubawahkan
membawahkan	bawahkan
membawahkan	bawahkanlah
membawakan	dibawakan
membawakan	kubawakan
membawakan	kaubawakan
membawakan	bawakan
membawakan	bawakanlah
membawang	kubawang
membawang	kaubawang
membawang	dibawang
membawang	terbawang
membawang	bawang
membawang	bawanglah
membawangi	dibawangi
membawangi	kubawangi
membawangi	kaubawangi
membawangi	bawangi
membawangi	bawangilah
membayang	kubayang
membayang	kaubayang
membayang	dibayang
membayang	terbayang
membayang	bayang
membayang	bayanglah
membayang-bayangi	dibayang-bayangi
membayang-bayangi	kubayang-bayangi
membayang-bayangi	kaubayang-bayangi
membayang-bayangi	bayang-bayangi
membayang-bayangi	bayang-bayangilah
membayang-bayangkan	
membayangi	dibayangi
membayangi	kubayangi
membayangi	kaubayangi
membayangi	bayangi
membayangi	bayangilah
membayar	kubayar
membayar	kaubayar
membayar	dibayar
membayar	terbayar
membayar	bayar
membayar	bayarlah
membayari	dibayari
membayari	kubayari
membayari	kaubayari
membayari	bayari
membayari	bayarilah
membayonet	kubayonet
membayonet	kaubayonet
membayonet	dibayonet
membayonet	terbayonet
membayonet	bayonet
membayonet	bayonetlah
membayong	kubayong
membayong	kaubayong
membayong	dibayong
membayong	terbayong
membayong	bayong
membayong	bayonglah
membea	kubea
membea	kaubea
membea	dibea
membea	terbea
membea	bea
membea	bealah
membebani	dibebani
membebani	kubebani
membebani	kaubebani
membebani	bebani
membebani	bebanilah
membebankan	dibebankan
membebankan	kubebankan
membebankan	kaubebankan
membebankan	bebankan
membebankan	bebankanlah
membebaskan	dibebaskan
membebaskan	kubebaskan
membebaskan	kaubebaskan
membebaskan	bebaskan
membebaskan	bebaskanlah
membebat	kubebat
membebat	kaubebat
membebat	dibebat
membebat	terbebat
membebat	bebat
membebat	bebatlah
membebek	kubebek
membebek	kaubebek
membebek	dibebek
membebek	terbebek
membebek	bebek
membebek	bebeklah
membeber	kubeber
membeber	kaubeber
membeber	dibeber
membeber	terbeber
membeber	beber
membeber	beberlah
membeberkan	dibeberkan
membeberkan	kubeberkan
membeberkan	kaubeberkan
membeberkan	beberkan
membeberkan	beberkanlah
membeda-bedakan	
membedah	kubedah
membedah	kaubedah
membedah	dibedah
membedah	terbedah
membedah	bedah
membedah	bedahlah
membedaki	dibedaki
membedaki	kubedaki
membedaki	kaubedaki
membedaki	bedaki
membedaki	bedakilah
membedal	kubedal
membedal	kaubedal
membedal	dibedal
membedal	terbedal
membedal	bedal
membedal	bedallah
membedel	kubedel
membedel	kaubedel
membedel	dibedel
membedel	terbedel
membedel	bedel
membedel	bedellah
membedil	kubedil
membedil	kaubedil
membedil	dibedil
membedil	terbedil
membedil	bedil
membedil	bedillah
membedili	dibedili
membedili	kubedili
membedili	kaubedili
membedili	bedili
membedili	bedililah
membedol	kubedol
membedol	kaubedol
membedol	dibedol
membedol	terbedol
membedol	bedol
membedol	bedollah
membedung	kubedung
membedung	kaubedung
membedung	dibedung
membedung	terbedung
membedung	bedung
membedung	bedunglah
membega	kubega
membega	kaubega
membega	dibega
membega	terbega
membega	bega
membega	begalah
membegal	kubegal
membegal	kaubegal
membegal	dibegal
membegal	terbegal
membegal	begal
membegal	begallah
membegar	kubegar
membegar	kaubegar
membegar	dibegar
membegar	terbegar
membegar	begar
membegar	begarlah
membeginikan	dibeginikan
membeginikan	kubeginikan
membeginikan	kaubeginikan
membeginikan	beginikan
membeginikan	beginikanlah
membegitukan	dibegitukan
membegitukan	kubegitukan
membegitukan	kaubegitukan
membegitukan	begitukan
membegitukan	begitukanlah
membejatkan	dibejatkan
membejatkan	kubejatkan
membejatkan	kaubejatkan
membejatkan	bejatkan
membejatkan	bejatkanlah
membeka	kubeka
membeka	kaubeka
membeka	dibeka
membeka	terbeka
membeka	beka
membeka	bekalah
membekali	dibekali
membekali	kubekali
membekali	kaubekali
membekali	bekali
membekali	bekalilah
membekam	kubekam
membekam	kaubekam
membekam	dibekam
membekam	terbekam
membekam	bekam
membekam	bekamlah
membekap	kubekap
membekap	kaubekap
membekap	dibekap
membekap	terbekap
membekap	bekap
membekap	bekaplah
membekas	kubekas
membekas	kaubekas
membekas	dibekas
membekas	terbekas
membekas	bekas
membekas	bekaslah
membeku	
membekuk	kubekuk
membekuk	kaubekuk
membekuk	dibekuk
membekuk	terbekuk
membekuk	bekuk
membekuk	bekuklah
membekukan	dibekukan
membekukan	kubekukan
membekukan	kaubekukan
membekukan	bekukan
membekukan	bekukanlah
membela	kubela
membela	kaubela
membela	dibela
membela	terbela
membela	bela
membela	belalah
membelah	kubelah
membelah	kaubelah
membelah	dibelah
membelah	terbelah
membelah	belah
membelah	belahlah
membelahak	kubelahak
membelahak	kaubelahak
membelahak	dibelahak
membelahak	terbelahak
membelahak	belahak
membelahak	belahaklah
membelai	kubelai
membelai	kaubelai
membelai	dibelai
membelai	terbelai
membelai	belai
membelai	belailah
membelai-belai	
membelajarkan	dibelajarkan
membelajarkan	kubelajarkan
membelajarkan	kaubelajarkan
membelajarkan	belajarkan
membelajarkan	belajarkanlah
membelakang	kubelakang
membelakang	kaubelakang
membelakang	dibelakang
membelakang	terbelakang
membelakang	belakang
membelakang	belakanglah
membelakangi	dibelakangi
membelakangi	kubelakangi
membelakangi	kaubelakangi
membelakangi	belakangi
membelakangi	belakangilah
membelakangkan	dibelakangkan
membelakangkan	kubelakangkan
membelakangkan	kaubelakangkan
membelakangkan	belakangkan
membelakangkan	belakangkanlah
membelalak	kubelalak
membelalak	kaubelalak
membelalak	dibelalak
membelalak	terbelalak
membelalak	belalak
membelalak	belalaklah
membelalakkan	dibelalakkan
membelalakkan	kubelalakkan
membelalakkan	kaubelalakkan
membelalakkan	belalakkan
membelalakkan	belalakkanlah
membelalang	kubelalang
membelalang	kaubelalang
membelalang	dibelalang
membelalang	terbelalang
membelalang	belalang
membelalang	belalanglah
membelalangkan	dibelalangkan
membelalangkan	kubelalangkan
membelalangkan	kaubelalangkan
membelalangkan	belalangkan
membelalangkan	belalangkanlah
membelam	kubelam
membelam	kaubelam
membelam	dibelam
membelam	terbelam
membelam	belam
membelam	belamlah
membelandang	kubelandang
membelandang	kaubelandang
membelandang	dibelandang
membelandang	terbelandang
membelandang	belandang
membelandang	belandanglah
membelandangkan	dibelandangkan
membelandangkan	kubelandangkan
membelandangkan	kaubelandangkan
membelandangkan	belandangkan
membelandangkan	belandangkanlah
membelanjai	dibelanjai
membelanjai	kubelanjai
membelanjai	kaubelanjai
membelanjai	belanjai
membelanjai	belanjailah
membelar	kubelar
membelar	kaubelar
membelar	dibelar
membelar	terbelar
membelar	belar
membelar	belarlah
membelasah	kubelasah
membelasah	kaubelasah
membelasah	dibelasah
membelasah	terbelasah
membelasah	belasah
membelasah	belasahlah
membelaskan	dibelaskan
membelaskan	kubelaskan
membelaskan	kaubelaskan
membelaskan	belaskan
membelaskan	belaskanlah
membelasut	kubelasut
membelasut	kaubelasut
membelasut	dibelasut
membelasut	terbelasut
membelasut	belasut
membelasut	belasutlah
membelat	kubelat
membelat	kaubelat
membelat	dibelat
membelat	terbelat
membelat	belat
membelat	belatlah
membelau	kubelau
membelau	kaubelau
membelau	dibelau
membelau	terbelau
membelau	belau
membelau	belaulah
membelendung	kubelendung
membelendung	kaubelendung
membelendung	dibelendung
membelendung	terbelendung
membelendung	belendung
membelendung	belendunglah
membelenggu	kubelenggu
membelenggu	kaubelenggu
membelenggu	dibelenggu
membelenggu	terbelenggu
membelenggu	belenggu
membelenggu	belenggulah
membelengketkan	dibelengketkan
membelengketkan	kubelengketkan
membelengketkan	kaubelengketkan
membelengketkan	belengketkan
membelengketkan	belengketkanlah
membelengkok	kubelengkok
membelengkok	kaubelengkok
membelengkok	dibelengkok
membelengkok	terbelengkok
membelengkok	belengkok
membelengkok	belengkoklah
membelengkokkan	dibelengkokkan
membelengkokkan	kubelengkokkan
membelengkokkan	kaubelengkokkan
membelengkokkan	belengkokkan
membelengkokkan	belengkokkanlah
membelenting	kubelenting
membelenting	kaubelenting
membelenting	dibelenting
membelenting	terbelenting
membelenting	belenting
membelenting	belentinglah
membelentingkan	dibelentingkan
membelentingkan	kubelentingkan
membelentingkan	kaubelentingkan
membelentingkan	belentingkan
membelentingkan	belentingkanlah
membeli	kubeli
membeli	kaubeli
membeli	dibeli
membeli	terbeli
membeli	beli
membeli	belilah
membeli-beli	
membeliak	kubeliak
membeliak	kaubeliak
membeliak	dibeliak
membeliak	terbeliak
membeliak	beliak
membeliak	beliaklah
membeliakkan	dibeliakkan
membeliakkan	kubeliakkan
membeliakkan	kaubeliakkan
membeliakkan	beliakkan
membeliakkan	beliakkanlah
membelikan	dibelikan
membelikan	kubelikan
membelikan	kaubelikan
membelikan	belikan
membelikan	belikanlah
membelit	kubelit
membelit	kaubelit
membelit	dibelit
membelit	terbelit
membelit	belit
membelit	belitlah
membelit-belitkan	
membelok	kubelok
membelok	kaubelok
membelok	dibelok
membelok	terbelok
membelok	belok
membelok	beloklah
membelongsongi	dibelongsongi
membelongsongi	kubelongsongi
membelongsongi	kaubelongsongi
membelongsongi	belongsongi
membelongsongi	belongsongilah
membelontang	kubelontang
membelontang	kaubelontang
membelontang	dibelontang
membelontang	terbelontang
membelontang	belontang
membelontang	belontanglah
membelot	kubelot
membelot	kaubelot
membelot	dibelot
membelot	terbelot
membelot	belot
membelot	belotlah
membelu	kubelu
membelu	kaubelu
membelu	dibelu
membelu	terbelu
membelu	belu
membelu	belulah
membelukar	kubelukar
membelukar	kaubelukar
membelukar	dibelukar
membelukar	terbelukar
membelukar	belukar
membelukar	belukarlah
membembam	kubembam
membembam	kaubembam
membembam	dibembam
membembam	terbembam
membembam	bembam
membembam	bembamlah
membenahi	dibenahi
membenahi	kubenahi
membenahi	kaubenahi
membenahi	benahi
membenahi	benahilah
membenalu	kubenalu
membenalu	kaubenalu
membenalu	dibenalu
membenalu	terbenalu
membenalu	benalu
membenalu	benalulah
membenam	kubenam
membenam	kaubenam
membenam	dibenam
membenam	terbenam
membenam	benam
membenam	benamlah
membenang	kubenang
membenang	kaubenang
membenang	dibenang
membenang	terbenang
membenang	benang
membenang	benanglah
membenar	kubenar
membenar	kaubenar
membenar	dibenar
membenar	terbenar
membenar	benar
membenar	benarlah
membenar-benar	kubenar-benar
membenar-benar	kaubenar-benar
membenar-benar	dibenar-benar
membenar-benar	terbenar-benar
membenar-benar	benar-benar
membenar-benar	benar-benarlah
membenar-benari	
membenari	dibenari
membenari	kubenari
membenari	kaubenari
membenari	benari
membenari	benarilah
membencah	kubencah
membencah	kaubencah
membencah	dibencah
membencah	terbencah
membencah	bencah
membencah	bencahlah
membencanakan	dibencanakan
membencanakan	kubencanakan
membencanakan	kaubencanakan
membencanakan	bencanakan
membencanakan	bencanakanlah
membenci	kubenci
membenci	kaubenci
membenci	dibenci
membenci	terbenci
membenci	benci
membenci	bencilah
membencikan	dibencikan
membencikan	kubencikan
membencikan	kaubencikan
membencikan	bencikan
membencikan	bencikanlah
membenderai	dibenderai
membenderai	kubenderai
membenderai	kaubenderai
membenderai	benderai
membenderai	benderailah
membendung	kubendung
membendung	kaubendung
membendung	dibendung
membendung	terbendung
membendung	bendung
membendung	bendunglah
membengang	kubengang
membengang	kaubengang
membengang	dibengang
membengang	terbengang
membengang	bengang
membengang	benganglah
membengis	kubengis
membengis	kaubengis
membengis	dibengis
membengis	terbengis
membengis	bengis
membengis	bengislah
membengisi	dibengisi
membengisi	kubengisi
membengisi	kaubengisi
membengisi	bengisi
membengisi	bengisilah
membengkak	kubengkak
membengkak	kaubengkak
membengkak	dibengkak
membengkak	terbengkak
membengkak	bengkak
membengkak	bengkaklah
membengkalaikan	dibengkalaikan
membengkalaikan	kubengkalaikan
membengkalaikan	kaubengkalaikan
membengkalaikan	bengkalaikan
membengkalaikan	bengkalaikanlah
membengkar	kubengkar
membengkar	kaubengkar
membengkar	dibengkar
membengkar	terbengkar
membengkar	bengkar
membengkar	bengkarlah
membengkel	kubengkel
membengkel	kaubengkel
membengkel	dibengkel
membengkel	terbengkel
membengkel	bengkel
membengkel	bengkellah
membengkos	kubengkos
membengkos	kaubengkos
membengkos	dibengkos
membengkos	terbengkos
membengkos	bengkos
membengkos	bengkoslah
membengkung	kubengkung
membengkung	kaubengkung
membengkung	dibengkung
membengkung	terbengkung
membengkung	bengkung
membengkung	bengkunglah
membening	kubening
membening	kaubening
membening	dibening
membening	terbening
membening	bening
membening	beninglah
membeningkan	dibeningkan
membeningkan	kubeningkan
membeningkan	kaubeningkan
membeningkan	beningkan
membeningkan	beningkanlah
membentak	kubentak
membentak	kaubentak
membentak	dibentak
membentak	terbentak
membentak	bentak
membentak	bentaklah
membentang	kubentang
membentang	kaubentang
membentang	dibentang
membentang	terbentang
membentang	bentang
membentang	bentanglah
membentangi	dibentangi
membentangi	kubentangi
membentangi	kaubentangi
membentangi	bentangi
membentangi	bentangilah
membentangkan	dibentangkan
membentangkan	kubentangkan
membentangkan	kaubentangkan
membentangkan	bentangkan
membentangkan	bentangkanlah
membentari	dibentari
membentari	kubentari
membentari	kaubentari
membentari	bentari
membentari	bentarilah
membenteh	kubenteh
membenteh	kaubenteh
membenteh	dibenteh
membenteh	terbenteh
membenteh	benteh
membenteh	bentehlah
membentengi	dibentengi
membentengi	kubentengi
membentengi	kaubentengi
membentengi	bentengi
membentengi	bentengilah
membentuk	kubentuk
membentuk	kaubentuk
membentuk	dibentuk
membentuk	terbentuk
membentuk	bentuk
membentuk	bentuklah
membentur	kubentur
membentur	kaubentur
membentur	dibentur
membentur	terbentur
membentur	bentur
membentur	benturlah
membenturkan	dibenturkan
membenturkan	kubenturkan
membenturkan	kaubenturkan
membenturkan	benturkan
membenturkan	benturkanlah
membeo	kubeo
membeo	kaubeo
membeo	dibeo
membeo	terbeo
membeo	beo
membeo	beolah
memberahikan	diberahikan
memberahikan	kuberahikan
memberahikan	kauberahikan
memberahikan	berahikan
memberahikan	berahikanlah
memberai-beraikan	
memberakan	diberakan
memberakan	kuberakan
memberakan	kauberakan
memberakan	berakan
memberakan	berakanlah
memberandal	kuberandal
memberandal	kauberandal
memberandal	diberandal
memberandal	terberandal
memberandal	berandal
memberandal	berandallah
memberang	kuberang
memberang	kauberang
memberang	diberang
memberang	terberang
memberang	berang
memberang	beranglah
memberangi	diberangi
memberangi	kuberangi
memberangi	kauberangi
memberangi	berangi
memberangi	berangilah
memberangkatkan	diberangkatkan
memberangkatkan	kuberangkatkan
memberangkatkan	kauberangkatkan
memberangkatkan	berangkatkan
memberangkatkan	berangkatkanlah
memberangsang	kuberangsang
memberangsang	kauberangsang
memberangsang	diberangsang
memberangsang	terberangsang
memberangsang	berangsang
memberangsang	berangsanglah
memberangsangkan	diberangsangkan
memberangsangkan	kuberangsangkan
memberangsangkan	kauberangsangkan
memberangsangkan	berangsangkan
memberangsangkan	berangsangkanlah
memberangus	kuberangus
memberangus	kauberangus
memberangus	diberangus
memberangus	terberangus
memberangus	berangus
memberangus	beranguslah
memberanikan	diberanikan
memberanikan	kuberanikan
memberanikan	kauberanikan
memberanikan	beranikan
memberanikan	beranikanlah
memberantakkan	diberantakkan
memberantakkan	kuberantakkan
memberantakkan	kauberantakkan
memberantakkan	berantakkan
memberantakkan	berantakkanlah
memberantas	kuberantas
memberantas	kauberantas
memberantas	diberantas
memberantas	terberantas
memberantas	berantas
memberantas	berantaslah
memberati	diberati
memberati	kuberati
memberati	kauberati
memberati	berati
memberati	beratilah
memberdayakan	kuberdayakan
memberdayakan	kauberdayakan
memberdayakan	diberdayakan
memberdayakan	berdaya
memberdayakan	berdayakan
memberedel	kuberedel
memberedel	kauberedel
memberedel	diberedel
memberedel	terberedel
memberedel	beredel
memberedel	beredellah
memberengut	
memberentang	kuberentang
memberentang	kauberentang
memberentang	diberentang
memberentang	terberentang
memberentang	berentang
memberentang	berentanglah
memberentangkan	diberentangkan
memberentangkan	kuberentangkan
memberentangkan	kauberentangkan
memberentangkan	berentangkan
memberentangkan	berentangkanlah
memberesi	diberesi
memberesi	kuberesi
memberesi	kauberesi
memberesi	beresi
memberesi	beresilah
membereskan	dibereskan
membereskan	kubereskan
membereskan	kaubereskan
membereskan	bereskan
membereskan	bereskanlah
memberhalakan	diberhalakan
memberhalakan	kuberhalakan
memberhalakan	kauberhalakan
memberhalakan	berhalakan
memberhalakan	berhalakanlah
memberhentikan	kuberhentikan
memberhentikan	kauberhentikan
memberhentikan	diberhentikan
memberhentikan	berhenti
memberhentikan	berhentikan
memberi	kuberi
memberi	kauberi
memberi	diberi
memberi	terberi
memberi	beri
memberi	berilah
memberikan	diberikan
memberikan	kuberikan
memberikan	kauberikan
memberikan	berikan
memberikan	berikanlah
memberitahukan	diberitahukan
memberitahukan	kuberitahukan
memberitahukan	kauberitahukan
memberitahukan	beritahukan
memberitahukan	beritahukanlah
memberkas	kuberkas
memberkas	kauberkas
memberkas	diberkas
memberkas	terberkas
memberkas	berkas
memberkas	berkaslah
memberkaskan	diberkaskan
memberkaskan	kuberkaskan
memberkaskan	kauberkaskan
memberkaskan	berkaskan
memberkaskan	berkaskanlah
memberkati	diberkati
memberkati	kuberkati
memberkati	kauberkati
memberkati	berkati
memberkati	berkatilah
memberlakukan	kuberlakukan
memberlakukan	kauberlakukan
memberlakukan	diberlakukan
memberlakukan	berlaku
memberlakukan	berlakukan
membermaknakan	kubermaknakan
membermaknakan	kaubermaknakan
membermaknakan	dibermaknakan
membermaknakan	bermakna
membermaknakan	bermaknakan
memberolahragakan	kuberolahragakan
memberolahragakan	kauberolahragakan
memberolahragakan	diberolahragakan
memberolahragakan	berolahraga
memberolahragakan	berolahragakan
memberon	kuberon
memberon	kauberon
memberon	diberon
memberon	terberon
memberon	beron
memberon	beronlah
memberongsang	kuberongsang
memberongsang	kauberongsang
memberongsang	diberongsang
memberongsang	terberongsang
memberongsang	berongsang
memberongsang	berongsanglah
memberongsong	kuberongsong
memberongsong	kauberongsong
memberongsong	diberongsong
memberongsong	terberongsong
memberongsong	berongsong
memberongsong	berongsonglah
memberontak	kuberontak
memberontak	kauberontak
memberontak	diberontak
memberontak	terberontak
memberontak	berontak
memberontak	berontaklah
memberosot	kuberosot
memberosot	kauberosot
memberosot	diberosot
memberosot	terberosot
memberosot	berosot
memberosot	berosotlah
membersamakan	kubersamakan
membersamakan	kaubersamakan
membersamakan	dibersamakan
membersamakan	bersama
membersamakan	bersamakan
membersih	kubersih
membersih	kaubersih
membersih	dibersih
membersih	terbersih
membersih	bersih
membersih	bersihlah
membersihkan	dibersihkan
membersihkan	kubersihkan
membersihkan	kaubersihkan
membersihkan	bersihkan
membersihkan	bersihkanlah
membersil	kubersil
membersil	kaubersil
membersil	dibersil
membersil	terbersil
membersil	bersil
membersil	bersillah
membersit	kubersit
membersit	kaubersit
membersit	dibersit
membersit	terbersit
membersit	bersit
membersit	bersitlah
membersitkan	dibersitkan
membersitkan	kubersitkan
membersitkan	kaubersitkan
membersitkan	bersitkan
membersitkan	bersitkanlah
membersut	kubersut
membersut	kaubersut
membersut	dibersut
membersut	terbersut
membersut	bersut
membersut	bersutlah
memberungut	
memberunguti	diberunguti
memberunguti	kuberunguti
memberunguti	kauberunguti
memberunguti	berunguti
memberunguti	berungutilah
memberus	kuberus
memberus	kauberus
memberus	diberus
memberus	terberus
memberus	berus
memberus	beruslah
membesar	kubesar
membesar	kaubesar
membesar	dibesar
membesar	terbesar
membesar	besar
membesar	besarlah
membesar-besar	
membesar-besarkan	
membesarkan	dibesarkan
membesarkan	kubesarkan
membesarkan	kaubesarkan
membesarkan	besarkan
membesarkan	besarkanlah
membeset	kubeset
membeset	kaubeset
membeset	dibeset
membeset	terbeset
membeset	beset
membeset	besetlah
membesi	kubesi
membesi	kaubesi
membesi	dibesi
membesi	terbesi
membesi	besi
membesi	besilah
membesit	kubesit
membesit	kaubesit
membesit	dibesit
membesit	terbesit
membesit	besit
membesit	besitlah
membestel	kubestel
membestel	kaubestel
membestel	dibestel
membestel	terbestel
membestel	bestel
membestel	bestellah
membesut	kubesut
membesut	kaubesut
membesut	dibesut
membesut	terbesut
membesut	besut
membesut	besutlah
membesutkan	dibesutkan
membesutkan	kubesutkan
membesutkan	kaubesutkan
membesutkan	besutkan
membesutkan	besutkanlah
membetahkan	dibetahkan
membetahkan	kubetahkan
membetahkan	kaubetahkan
membetahkan	betahkan
membetahkan	betahkanlah
membetas	kubetas
membetas	kaubetas
membetas	dibetas
membetas	terbetas
membetas	betas
membetas	betaslah
membeting	kubeting
membeting	kaubeting
membeting	dibeting
membeting	terbeting
membeting	beting
membeting	betinglah
membeton	kubeton
membeton	kaubeton
membeton	dibeton
membeton	terbeton
membeton	beton
membeton	betonlah
membetot	kubetot
membetot	kaubetot
membetot	dibetot
membetot	terbetot
membetot	betot
membetot	betotlah
membetuli	dibetuli
membetuli	kubetuli
membetuli	kaubetuli
membetuli	betuli
membetuli	betulilah
membiadabi	dibiadabi
membiadabi	kubiadabi
membiadabi	kaubiadabi
membiadabi	biadabi
membiadabi	biadabilah
membiak	kubiak
membiak	kaubiak
membiak	dibiak
membiak	terbiak
membiak	biak
membiak	biaklah
membiaki	dibiaki
membiaki	kubiaki
membiaki	kaubiaki
membiaki	biaki
membiaki	biakilah
membiarkan	dibiarkan
membiarkan	kubiarkan
membiarkan	kaubiarkan
membiarkan	biarkan
membiarkan	biarkanlah
membias	kubias
membias	kaubias
membias	dibias
membias	terbias
membias	bias
membias	biaslah
membiasakan	dibiasakan
membiasakan	kubiasakan
membiasakan	kaubiasakan
membiasakan	biasakan
membiasakan	biasakanlah
membiaskan	dibiaskan
membiaskan	kubiaskan
membiaskan	kaubiaskan
membiaskan	biaskan
membiaskan	biaskanlah
membiawak	kubiawak
membiawak	kaubiawak
membiawak	dibiawak
membiawak	terbiawak
membiawak	biawak
membiawak	biawaklah
membiayai	dibiayai
membiayai	kubiayai
membiayai	kaubiayai
membiayai	biayai
membiayai	biayailah
membiayakan	dibiayakan
membiayakan	kubiayakan
membiayakan	kaubiayakan
membiayakan	biayakan
membiayakan	biayakanlah
membibit	kubibit
membibit	kaubibit
membibit	dibibit
membibit	terbibit
membibit	bibit
membibit	bibitlah
membicu	kubicu
membicu	kaubicu
membicu	dibicu
membicu	terbicu
membicu	bicu
membicu	biculah
membidai	kubidai
membidai	kaubidai
membidai	dibidai
membidai	terbidai
membidai	bidai
membidai	bidailah
membidangi	dibidangi
membidangi	kubidangi
membidangi	kaubidangi
membidangi	bidangi
membidangi	bidangilah
membidangkan	dibidangkan
membidangkan	kubidangkan
membidangkan	kaubidangkan
membidangkan	bidangkan
membidangkan	bidangkanlah
membidani	dibidani
membidani	kubidani
membidani	kaubidani
membidani	bidani
membidani	bidanilah
membidas	kubidas
membidas	kaubidas
membidas	dibidas
membidas	terbidas
membidas	bidas
membidas	bidaslah
membidik	kubidik
membidik	kaubidik
membidik	dibidik
membidik	terbidik
membidik	bidik
membidik	bidiklah
membidikkan	dibidikkan
membidikkan	kubidikkan
membidikkan	kaubidikkan
membidikkan	bidikkan
membidikkan	bidikkanlah
membikin-bikin	
membilah-bilah	
membilai	kubilai
membilai	kaubilai
membilai	dibilai
membilai	terbilai
membilai	bilai
membilai	bilailah
membilang	kubilang
membilang	kaubilang
membilang	dibilang
membilang	terbilang
membilang	bilang
membilang	bilanglah
membilas	kubilas
membilas	kaubilas
membilas	dibilas
membilas	terbilas
membilas	bilas
membilas	bilaslah
membimbangkan	dibimbangkan
membimbangkan	kubimbangkan
membimbangkan	kaubimbangkan
membimbangkan	bimbangkan
membimbangkan	bimbangkanlah
membimbing	kubimbing
membimbing	kaubimbing
membimbing	dibimbing
membimbing	terbimbing
membimbing	bimbing
membimbing	bimbinglah
membimbit	kubimbit
membimbit	kaubimbit
membimbit	dibimbit
membimbit	terbimbit
membimbit	bimbit
membimbit	bimbitlah
membina	kubina
membina	kaubina
membina	dibina
membina	terbina
membina	bina
membina	binalah
membinasakan	dibinasakan
membinasakan	kubinasakan
membinasakan	kaubinasakan
membinasakan	binasakan
membinasakan	binasakanlah
membindu	kubindu
membindu	kaubindu
membindu	dibindu
membindu	terbindu
membindu	bindu
membindu	bindulah
membingas	kubingas
membingas	kaubingas
membingas	dibingas
membingas	terbingas
membingas	bingas
membingas	bingaslah
membingkah	kubingkah
membingkah	kaubingkah
membingkah	dibingkah
membingkah	terbingkah
membingkah	bingkah
membingkah	bingkahlah
membingkahi	dibingkahi
membingkahi	kubingkahi
membingkahi	kaubingkahi
membingkahi	bingkahi
membingkahi	bingkahilah
membingkai	dibingkai
membingkai	kubingkai
membingkai	kaubingkai
membingkai	bingkai
membingkai	bingkailah
membingkas	kubingkas
membingkas	kaubingkas
membingkas	dibingkas
membingkas	terbingkas
membingkas	bingkas
membingkas	bingkaslah
membingkis	kubingkis
membingkis	kaubingkis
membingkis	dibingkis
membingkis	terbingkis
membingkis	bingkis
membingkis	bingkislah
membingungkan	dibingungkan
membingungkan	kubingungkan
membingungkan	kaubingungkan
membingungkan	bingungkan
membingungkan	bingungkanlah
membintangi	dibintangi
membintangi	kubintangi
membintangi	kaubintangi
membintangi	bintangi
membintangi	bintangilah
membiru	kubiru
membiru	kaubiru
membiru	dibiru
membiru	terbiru
membiru	biru
membiru	birulah
membirukan	dibirukan
membirukan	kubirukan
membirukan	kaubirukan
membirukan	birukan
membirukan	birukanlah
membisiki	dibisiki
membisiki	kubisiki
membisiki	kaubisiki
membisiki	bisiki
membisiki	bisikilah
membisingkan	dibisingkan
membisingkan	kubisingkan
membisingkan	kaubisingkan
membisingkan	bisingkan
membisingkan	bisingkanlah
membisu	kubisu
membisu	kaubisu
membisu	dibisu
membisu	terbisu
membisu	bisu
membisu	bisulah
membisul	kubisul
membisul	kaubisul
membisul	dibisul
membisul	terbisul
membisul	bisul
membisul	bisullah
membius	kubius
membius	kaubius
membius	dibius
membius	terbius
membius	bius
membius	biuslah
memblaster	kublaster
memblaster	kaublaster
memblaster	diblaster
memblaster	terblaster
memblaster	blaster
memblaster	blasterlah
memblokade	kublokade
memblokade	kaublokade
memblokade	diblokade
memblokade	terblokade
memblokade	blokade
memblokade	blokadelah
memblokir	kublokir
memblokir	kaublokir
memblokir	diblokir
memblokir	terblokir
memblokir	blokir
memblokir	blokirlah
membobol	kubobol
membobol	kaubobol
membobol	dibobol
membobol	terbobol
membobol	bobol
membobol	bobollah
membobolkan	dibobolkan
membobolkan	kubobolkan
membobolkan	kaubobolkan
membobolkan	bobolkan
membobolkan	bobolkanlah
membobos	kubobos
membobos	kaubobos
membobos	dibobos
membobos	terbobos
membobos	bobos
membobos	boboslah
membocorkan	dibocorkan
membocorkan	kubocorkan
membocorkan	kaubocorkan
membocorkan	bocorkan
membocorkan	bocorkanlah
membodohkan	dibodohkan
membodohkan	kubodohkan
membodohkan	kaubodohkan
membodohkan	bodohkan
membodohkan	bodohkanlah
membodor	kubodor
membodor	kaubodor
membodor	dibodor
membodor	terbodor
membodor	bodor
membodor	bodorlah
membohong	kubohong
membohong	kaubohong
membohong	dibohong
membohong	terbohong
membohong	bohong
membohong	bohonglah
membohongi	dibohongi
membohongi	kubohongi
membohongi	kaubohongi
membohongi	bohongi
membohongi	bohongilah
memboikot	kuboikot
memboikot	kauboikot
memboikot	diboikot
memboikot	terboikot
memboikot	boikot
memboikot	boikotlah
membokong	kubokong
membokong	kaubokong
membokong	dibokong
membokong	terbokong
membokong	bokong
membokong	bokonglah
membola	kubola
membola	kaubola
membola	dibola
membola	terbola
membola	bola
membola	bolalah
membolehkan	dibolehkan
membolehkan	kubolehkan
membolehkan	kaubolehkan
membolehkan	bolehkan
membolehkan	bolehkanlah
membolongkan	
membolos	kubolos
membolos	kaubolos
membolos	dibolos
membolos	terbolos
membolos	bolos
membolos	boloslah
membombardir	kubombardir
membombardir	kaubombardir
membombardir	dibombardir
membombardir	terbombardir
membombardir	bombardir
membombardir	bombardirlah
membonceng	kubonceng
membonceng	kaubonceng
membonceng	dibonceng
membonceng	terbonceng
membonceng	bonceng
membonceng	boncenglah
memboncengkan	diboncengkan
memboncengkan	kuboncengkan
memboncengkan	kauboncengkan
memboncengkan	boncengkan
memboncengkan	boncengkanlah
membondot	kubondot
membondot	kaubondot
membondot	dibondot
membondot	terbondot
membondot	bondot
membondot	bondotlah
membonekakan	dibonekakan
membonekakan	kubonekakan
membonekakan	kaubonekakan
membonekakan	bonekakan
membonekakan	bonekakanlah
membongak	kubongak
membongak	kaubongak
membongak	dibongak
membongak	terbongak
membongak	bongak
membongak	bongaklah
membonggol	kubonggol
membonggol	kaubonggol
membonggol	dibonggol
membonggol	terbonggol
membonggol	bonggol
membonggol	bonggollah
membonggoli	dibonggoli
membonggoli	kubonggoli
membonggoli	kaubonggoli
membonggoli	bonggoli
membonggoli	bonggolilah
membongkahi	dibongkahi
membongkahi	kubongkahi
membongkahi	kaubongkahi
membongkahi	bongkahi
membongkahi	bongkahilah
membongkar	kubongkar
membongkar	kaubongkar
membongkar	dibongkar
membongkar	terbongkar
membongkar	bongkar
membongkar	bongkarlah
membongkar-bongkar	
membongmeh	kubongmeh
membongmeh	kaubongmeh
membongmeh	dibongmeh
membongmeh	terbongmeh
membongmeh	bongmeh
membongmeh	bongmehlah
membonsai	kubonsai
membonsai	kaubonsai
membonsai	dibonsai
membonsai	terbonsai
membonsai	bonsai
membonsai	bonsailah
membonsaikan	dibonsaikan
membonsaikan	kubonsaikan
membonsaikan	kaubonsaikan
membonsaikan	bonsaikan
membonsaikan	bonsaikanlah
membopong	kubopong
membopong	kaubopong
membopong	dibopong
membopong	terbopong
membopong	bopong
membopong	boponglah
membordir	kubordir
membordir	kaubordir
membordir	dibordir
membordir	terbordir
membordir	bordir
membordir	bordirlah
memborgol	kuborgol
memborgol	kauborgol
memborgol	diborgol
memborgol	terborgol
memborgol	borgol
memborgol	borgollah
memborok	kuborok
memborok	kauborok
memborok	diborok
memborok	terborok
memborok	borok
memborok	boroklah
memborong	kuborong
memborong	kauborong
memborong	diborong
memborong	terborong
memborong	borong
memborong	boronglah
memborongkan	diborongkan
memborongkan	kuborongkan
memborongkan	kauborongkan
memborongkan	borongkan
memborongkan	borongkanlah
memboros	kuboros
memboros	kauboros
memboros	diboros
memboros	terboros
memboros	boros
memboros	boroslah
memboroskan	diboroskan
memboroskan	kuboroskan
memboroskan	kauboroskan
memboroskan	boroskan
memboroskan	boroskanlah
membosankan	dibosankan
membosankan	kubosankan
membosankan	kaubosankan
membosankan	bosankan
membosankan	bosankanlah
membotak	kubotak
membotak	kaubotak
membotak	dibotak
membotak	terbotak
membotak	botak
membotak	botaklah
membotaki	dibotaki
membotaki	kubotaki
membotaki	kaubotaki
membotaki	botaki
membotaki	botakilah
memboya	kuboya
memboya	kauboya
memboya	diboya
memboya	terboya
memboya	boya
memboya	boyalah
memboyong	kuboyong
memboyong	kauboyong
memboyong	diboyong
memboyong	terboyong
memboyong	boyong
memboyong	boyonglah
membuahi	dibuahi
membuahi	kubuahi
membuahi	kaubuahi
membuahi	buahi
membuahi	buahilah
membuai	kubuai
membuai	kaubuai
membuai	dibuai
membuai	terbuai
membuai	buai
membuai	buailah
membuak	kubuak
membuak	kaubuak
membuak	dibuak
membuak	terbuak
membuak	buak
membuak	buaklah
membual	kubual
membual	kaubual
membual	dibual
membual	terbual
membual	bual
membual	buallah
membuana	kubuana
membuana	kaubuana
membuana	dibuana
membuana	terbuana
membuana	buana
membuana	buanalah
membuang	kubuang
membuang	kaubuang
membuang	dibuang
membuang	terbuang
membuang	buang
membuang	buanglah
membuang-buang	
membuangkan	dibuangkan
membuangkan	kubuangkan
membuangkan	kaubuangkan
membuangkan	buangkan
membuangkan	buangkanlah
membuas	kubuas
membuas	kaubuas
membuas	dibuas
membuas	terbuas
membuas	buas
membuas	buaslah
membuat	kubuat
membuat	kaubuat
membuat	dibuat
membuat	terbuat
membuat	buat
membuat	buatlah
membuat-buat	
membuaya	kubuaya
membuaya	kaubuaya
membuaya	dibuaya
membuaya	terbuaya
membuaya	buaya
membuaya	buayalah
membuayai	dibuayai
membuayai	kubuayai
membuayai	kaubuayai
membuayai	buayai
membuayai	buayailah
membubarkan	dibubarkan
membubarkan	kububarkan
membubarkan	kaububarkan
membubarkan	bubarkan
membubarkan	bubarkanlah
membubu	kububu
membubu	kaububu
membubu	dibubu
membubu	terbubu
membubu	bubu
membubu	bubulah
membubuh	kububuh
membubuh	kaububuh
membubuh	dibubuh
membubuh	terbubuh
membubuh	bubuh
membubuh	bubuhlah
membubuhi	dibubuhi
membubuhi	kububuhi
membubuhi	kaububuhi
membubuhi	bubuhi
membubuhi	bubuhilah
membubuhkan	dibubuhkan
membubuhkan	kububuhkan
membubuhkan	kaububuhkan
membubuhkan	bubuhkan
membubuhkan	bubuhkanlah
membubuk	kububuk
membubuk	kaububuk
membubuk	dibubuk
membubuk	terbubuk
membubuk	bubuk
membubuk	bubuklah
membubul	kububul
membubul	kaububul
membubul	dibubul
membubul	terbubul
membubul	bubul
membubul	bubullah
membubung	kububung
membubung	kaububung
membubung	dibubung
membubung	terbubung
membubung	bubung
membubung	bubunglah
membubungkan	dibubungkan
membubungkan	kububungkan
membubungkan	kaububungkan
membubungkan	bubungkan
membubungkan	bubungkanlah
membubur	kububur
membubur	kaububur
membubur	dibubur
membubur	terbubur
membubur	bubur
membubur	buburlah
membubus	kububus
membubus	kaububus
membubus	dibubus
membubus	terbubus
membubus	bubus
membubus	bubuslah
membubut	kububut
membubut	kaububut
membubut	dibubut
membubut	terbubut
membubut	bubut
membubut	bubutlah
membudak	kubudak
membudak	kaubudak
membudak	dibudak
membudak	terbudak
membudak	budak
membudak	budaklah
membudakkan	dibudakkan
membudakkan	kubudakkan
membudakkan	kaubudakkan
membudakkan	budakkan
membudakkan	budakkanlah
membudaya	kubudaya
membudaya	kaubudaya
membudaya	dibudaya
membudaya	terbudaya
membudaya	budaya
membudaya	budayalah
membugarkan	dibugarkan
membugarkan	kubugarkan
membugarkan	kaubugarkan
membugarkan	bugarkan
membugarkan	bugarkanlah
membugil	kubugil
membugil	kaubugil
membugil	dibugil
membugil	terbugil
membugil	bugil
membugil	bugillah
membuhul	kubuhul
membuhul	kaubuhul
membuhul	dibuhul
membuhul	terbuhul
membuhul	buhul
membuhul	buhullah
membuih	kubuih
membuih	kaubuih
membuih	dibuih
membuih	terbuih
membuih	buih
membuih	buihlah
membujang	kubujang
membujang	kaubujang
membujang	dibujang
membujang	terbujang
membujang	bujang
membujang	bujanglah
membujuk	kubujuk
membujuk	kaubujuk
membujuk	dibujuk
membujuk	terbujuk
membujuk	bujuk
membujuk	bujuklah
membujuki	dibujuki
membujuki	kubujuki
membujuki	kaubujuki
membujuki	bujuki
membujuki	bujukilah
membujur	kubujur
membujur	kaubujur
membujur	dibujur
membujur	terbujur
membujur	bujur
membujur	bujurlah
membujurkan	dibujurkan
membujurkan	kubujurkan
membujurkan	kaubujurkan
membujurkan	bujurkan
membujurkan	bujurkanlah
membuka	kubuka
membuka	kaubuka
membuka	dibuka
membuka	terbuka
membuka	buka
membuka	bukalah
membukai	dibukai
membukai	kubukai
membukai	kaubukai
membukai	bukai
membukai	bukailah
membukit	kubukit
membukit	kaubukit
membukit	dibukit
membukit	terbukit
membukit	bukit
membukit	bukitlah
membuku	kubuku
membuku	kaubuku
membuku	dibuku
membuku	terbuku
membuku	buku
membuku	bukulah
membukut	kubukut
membukut	kaubukut
membukut	dibukut
membukut	terbukut
membukut	bukut
membukut	bukutlah
membulan	kubulan
membulan	kaubulan
membulan	dibulan
membulan	terbulan
membulan	bulan
membulan	bulanlah
membulan-bulani	
membulang	kubulang
membulang	kaubulang
membulang	dibulang
membulang	terbulang
membulang	bulang
membulang	bulanglah
membulat	kubulat
membulat	kaubulat
membulat	dibulat
membulat	terbulat
membulat	bulat
membulat	bulatlah
membulati	dibulati
membulati	kubulati
membulati	kaubulati
membulati	bulati
membulati	bulatilah
membulatkan	dibulatkan
membulatkan	kubulatkan
membulatkan	kaubulatkan
membulatkan	bulatkan
membulatkan	bulatkanlah
membuldoser	kubuldoser
membuldoser	kaubuldoser
membuldoser	dibuldoser
membuldoser	terbuldoser
membuldoser	buldoser
membuldoser	buldoserlah
membului	dibului
membului	kubului
membului	kaubului
membului	bului
membului	buluilah
membumbui	dibumbui
membumbui	kubumbui
membumbui	kaubumbui
membumbui	bumbui
membumbui	bumbuilah
membumbun	kubumbun
membumbun	kaubumbun
membumbun	dibumbun
membumbun	terbumbun
membumbun	bumbun
membumbun	bumbunlah
membumi	kubumi
membumi	kaubumi
membumi	dibumi
membumi	terbumi
membumi	bumi
membumi	bumilah
membumihanguskan	
membumiratakan	
membuncah	kubuncah
membuncah	kaubuncah
membuncah	dibuncah
membuncah	terbuncah
membuncah	buncah
membuncah	buncahlah
membuncahkan	dibuncahkan
membuncahkan	kubuncahkan
membuncahkan	kaubuncahkan
membuncahkan	buncahkan
membuncahkan	buncahkanlah
membuncit	kubuncit
membuncit	kaubuncit
membuncit	dibuncit
membuncit	terbuncit
membuncit	buncit
membuncit	buncitlah
membuncitkan	dibuncitkan
membuncitkan	kubuncitkan
membuncitkan	kaubuncitkan
membuncitkan	buncitkan
membuncitkan	buncitkanlah
membundak	kubundak
membundak	kaubundak
membundak	dibundak
membundak	terbundak
membundak	bundak
membundak	bundaklah
membundar	kubundar
membundar	kaubundar
membundar	dibundar
membundar	terbundar
membundar	bundar
membundar	bundarlah
membundarkan	dibundarkan
membundarkan	kubundarkan
membundarkan	kaubundarkan
membundarkan	bundarkan
membundarkan	bundarkanlah
membundel	kubundel
membundel	kaubundel
membundel	dibundel
membundel	terbundel
membundel	bundel
membundel	bundellah
membunga	kubunga
membunga	kaubunga
membunga	dibunga
membunga	terbunga
membunga	bunga
membunga	bungalah
membunga-bungai	
membungai	dibungai
membungai	kubungai
membungai	kaubungai
membungai	bungai
membungai	bungailah
membungkam	kubungkam
membungkam	kaubungkam
membungkam	dibungkam
membungkam	terbungkam
membungkam	bungkam
membungkam	bungkamlah
membungkuk	kubungkuk
membungkuk	kaubungkuk
membungkuk	dibungkuk
membungkuk	terbungkuk
membungkuk	bungkuk
membungkuk	bungkuklah
membungkuk-bungkuk	
membungkus	kubungkus
membungkus	kaubungkus
membungkus	dibungkus
membungkus	terbungkus
membungkus	bungkus
membungkus	bungkuslah
membunikan	dibunikan
membunikan	kubunikan
membunikan	kaubunikan
membunikan	bunikan
membunikan	bunikanlah
membuntang	kubuntang
membuntang	kaubuntang
membuntang	dibuntang
membuntang	terbuntang
membuntang	buntang
membuntang	buntanglah
membunting	kubunting
membunting	kaubunting
membunting	dibunting
membunting	terbunting
membunting	bunting
membunting	buntinglah
membuntingi	dibuntingi
membuntingi	kubuntingi
membuntingi	kaubuntingi
membuntingi	buntingi
membuntingi	buntingilah
membuntukan	dibuntukan
membuntukan	kubuntukan
membuntukan	kaubuntukan
membuntukan	buntukan
membuntukan	buntukanlah
membuntungkan	dibuntungkan
membuntungkan	kubuntungkan
membuntungkan	kaubuntungkan
membuntungkan	buntungkan
membuntungkan	buntungkanlah
membuntut	kubuntut
membuntut	kaubuntut
membuntut	dibuntut
membuntut	terbuntut
membuntut	buntut
membuntut	buntutlah
membuntuti	dibuntuti
membuntuti	kubuntuti
membuntuti	kaubuntuti
membuntuti	buntuti
membuntuti	buntutilah
membunuh	kubunuh
membunuh	kaubunuh
membunuh	dibunuh
membunuh	terbunuh
membunuh	bunuh
membunuh	bunuhlah
membunyikan	
membura	kubura
membura	kaubura
membura	dibura
membura	terbura
membura	bura
membura	buralah
memburai	kuburai
memburai	kauburai
memburai	diburai
memburai	terburai
memburai	burai
memburai	burailah
memburakan	diburakan
memburakan	kuburakan
memburakan	kauburakan
memburakan	burakan
memburakan	burakanlah
memburas	kuburas
memburas	kauburas
memburas	diburas
memburas	terburas
memburas	buras
memburas	buraslah
memburaskan	diburaskan
memburaskan	kuburaskan
memburaskan	kauburaskan
memburaskan	buraskan
memburaskan	buraskanlah
memburit	kuburit
memburit	kauburit
memburit	diburit
memburit	terburit
memburit	burit
memburit	buritlah
memburu	kuburu
memburu	kauburu
memburu	diburu
memburu	terburu
memburu	buru
memburu	burulah
memburu-buru	
memburu-burukan	
memburuh	kuburuh
memburuh	kauburuh
memburuh	diburuh
memburuh	terburuh
memburuh	buruh
memburuh	buruhlah
memburuk	kuburuk
memburuk	kauburuk
memburuk	diburuk
memburuk	terburuk
memburuk	buruk
memburuk	buruklah
memburuk-burukkan	
membusa	kubusa
membusa	kaubusa
membusa	dibusa
membusa	terbusa
membusa	busa
membusa	busalah
membusuk	kubusuk
membusuk	kaubusuk
membusuk	dibusuk
membusuk	terbusuk
membusuk	busuk
membusuk	busuklah
membusukkan	dibusukkan
membusukkan	kubusukkan
membusukkan	kaubusukkan
membusukkan	busukkan
membusukkan	busukkanlah
membusung	kubusung
membusung	kaubusung
membusung	dibusung
membusung	terbusung
membusung	busung
membusung	busunglah
membusungkan	dibusungkan
membusungkan	kubusungkan
membusungkan	kaubusungkan
membusungkan	busungkan
membusungkan	busungkanlah
membusur	kubusur
membusur	kaubusur
membusur	dibusur
membusur	terbusur
membusur	busur
membusur	busurlah
membusut	kubusut
membusut	kaubusut
membusut	dibusut
membusut	terbusut
membusut	busut
membusut	busutlah
membuta	kubuta
membuta	kaubuta
membuta	dibuta
membuta	terbuta
membuta	buta
membuta	butalah
membutakan	dibutakan
membutakan	kubutakan
membutakan	kaubutakan
membutakan	butakan
membutakan	butakanlah
membutir	kubutir
membutir	kaubutir
membutir	dibutir
membutir	terbutir
membutir	butir
membutir	butirlah
membutuhi	dibutuhi
membutuhi	kubutuhi
membutuhi	kaubutuhi
membutuhi	butuhi
membutuhi	butuhilah
membutuhkan	dibutuhkan
membutuhkan	kubutuhkan
membutuhkan	kaubutuhkan
membutuhkan	butuhkan
membutuhkan	butuhkanlah
membuyarkan	dibuyarkan
membuyarkan	kubuyarkan
membuyarkan	kaubuyarkan
membuyarkan	buyarkan
membuyarkan	buyarkanlah
membuyur	kubuyur
membuyur	kaubuyur
membuyur	dibuyur
membuyur	terbuyur
membuyur	buyur
membuyur	buyurlah
memecah	kupecah
memecah	kaupecah
memecah	dipecah
memecah	terpecah
memecah	pecah
memecah	pecahlah
memecakkan	dipecakkan
memecakkan	kupecakkan
memecakkan	kaupecakkan
memecakkan	pecakkan
memecakkan	pecakkanlah
memecal	kupecal
memecal	kaupecal
memecal	dipecal
memecal	terpecal
memecal	pecal
memecal	pecallah
memecat	kupecat
memecat	kaupecat
memecat	dipecat
memecat	terpecat
memecat	pecat
memecat	pecatlah
memecatkan	dipecatkan
memecatkan	kupecatkan
memecatkan	kaupecatkan
memecatkan	pecatkan
memecatkan	pecatkanlah
memecut	kupecut
memecut	kaupecut
memecut	dipecut
memecut	terpecut
memecut	pecut
memecut	pecutlah
memeda	kupeda
memeda	kaupeda
memeda	dipeda
memeda	terpeda
memeda	peda
memeda	pedalah
memedang	kupedang
memedang	kaupedang
memedang	dipedang
memedang	terpedang
memedang	pedang
memedang	pedanglah
memedaskan	dipedaskan
memedaskan	kupedaskan
memedaskan	kaupedaskan
memedaskan	pedaskan
memedaskan	pedaskanlah
memedihkan	dipedihkan
memedihkan	kupedihkan
memedihkan	kaupedihkan
memedihkan	pedihkan
memedihkan	pedihkanlah
memedomani	dipedomani
memedomani	kupedomani
memedomani	kaupedomani
memedomani	pedomani
memedomani	pedomanilah
memedulikan	dipedulikan
memedulikan	kupedulikan
memedulikan	kaupedulikan
memedulikan	pedulikan
memedulikan	pedulikanlah
memegalkan	dipegalkan
memegalkan	kupegalkan
memegalkan	kaupegalkan
memegalkan	pegalkan
memegalkan	pegalkanlah
memegang	kupegang
memegang	kaupegang
memegang	dipegang
memegang	terpegang
memegang	pegang
memegang	peganglah
memegas	kupegas
memegas	kaupegas
memegas	dipegas
memegas	terpegas
memegas	pegas
memegas	pegaslah
memegat	kupegat
memegat	kaupegat
memegat	dipegat
memegat	terpegat
memegat	pegat
memegat	pegatlah
memejalkan	dipejalkan
memejalkan	kupejalkan
memejalkan	kaupejalkan
memejalkan	pejalkan
memejalkan	pejalkanlah
memejamkan	dipejamkan
memejamkan	kupejamkan
memejamkan	kaupejamkan
memejamkan	pejamkan
memejamkan	pejamkanlah
memeka	kupeka
memeka	kaupeka
memeka	dipeka
memeka	terpeka
memeka	peka
memeka	pekalah
memekakkan	dipekakkan
memekakkan	kupekakkan
memekakkan	kaupekakkan
memekakkan	pekakkan
memekakkan	pekakkanlah
memekarkan	dimekarkan
memekarkan	kumekarkan
memekarkan	kaumekarkan
memekarkan	mekarkan
memekarkan	mekarkanlah
memekatkan	dipekatkan
memekatkan	kupekatkan
memekatkan	kaupekatkan
memekatkan	pekatkan
memekatkan	pekatkanlah
memekau	kupekau
memekau	kaupekau
memekau	dipekau
memekau	terpekau
memekau	pekau
memekau	pekaulah
memekik	kupekik
memekik	kaupekik
memekik	dipekik
memekik	terpekik
memekik	pekik
memekik	pekiklah
memekikkan	dipekikkan
memekikkan	kupekikkan
memekikkan	kaupekikkan
memekikkan	pekikkan
memekikkan	pekikkanlah
memeking	kupeking
memeking	kaupeking
memeking	dipeking
memeking	terpeking
memeking	peking
memeking	pekinglah
memekis	kupekis
memekis	kaupekis
memekis	dipekis
memekis	terpekis
memekis	pekis
memekis	pekislah
memelajari	dipelajari
memelajari	kupelajari
memelajari	kaupelajari
memelajari	pelajari
memelajari	pelajarilah
memelana	kupelana
memelana	kaupelana
memelana	dipelana
memelana	terpelana
memelana	pelana
memelana	pelanalah
memelankan	dipelankan
memelankan	kupelankan
memelankan	kaupelankan
memelankan	pelankan
memelankan	pelankanlah
memelas	kupelas
memelas	kaupelas
memelas	dipelas
memelas	terpelas
memelas	pelas
memelas	pelaslah
memelesat	kupelesat
memelesat	kaupelesat
memelesat	dipelesat
memelesat	terpelesat
memelesat	pelesat
memelesat	pelesatlah
memeleset	
memelesetkan	dipelesetkan
memelesetkan	kupelesetkan
memelesetkan	kaupelesetkan
memelesetkan	pelesetkan
memelesetkan	pelesetkanlah
memelet	kupelet
memelet	kaupelet
memelet	dipelet
memelet	terpelet
memelet	pelet
memelet	peletlah
memeletek	kupeletek
memeletek	kaupeletek
memeletek	dipeletek
memeletek	terpeletek
memeletek	peletek
memeletek	peleteklah
memelihara	kupelihara
memelihara	kaupelihara
memelihara	dipelihara
memelihara	terpelihara
memelihara	pelihara
memelihara	peliharalah
memeliharakan	dipeliharakan
memeliharakan	kupeliharakan
memeliharakan	kaupeliharakan
memeliharakan	peliharakan
memeliharakan	peliharakanlah
memelintir	kupelintir
memelintir	kaupelintir
memelintir	dipelintir
memelintir	terpelintir
memelintir	pelintir
memelintir	pelintirlah
memelintir-melintir	
memelisit	kupelisit
memelisit	kaupelisit
memelisit	dipelisit
memelisit	terpelisit
memelisit	pelisit
memelisit	pelisitlah
memelitur	kupelitur
memelitur	kaupelitur
memelitur	dipelitur
memelitur	terpelitur
memelitur	pelitur
memelitur	peliturlah
memelonco	kupelonco
memelonco	kaupelonco
memelonco	dipelonco
memelonco	terpelonco
memelonco	pelonco
memelonco	peloncolah
memelopori	dipelopori
memelopori	kupelopori
memelopori	kaupelopori
memelopori	pelopori
memelopori	peloporilah
memeloroti	dipeloroti
memeloroti	kupeloroti
memeloroti	kaupeloroti
memeloroti	peloroti
memeloroti	pelorotilah
memelotot	kupelotot
memelotot	kaupelotot
memelotot	dipelotot
memelotot	terpelotot
memelotot	pelotot
memelotot	pelototlah
memelototi	dipelototi
memelototi	kupelototi
memelototi	kaupelototi
memelototi	pelototi
memelototi	pelototilah
memeluk	kupeluk
memeluk	kaupeluk
memeluk	dipeluk
memeluk	terpeluk
memeluk	peluk
memeluk	peluklah
memeluki	dipeluki
memeluki	kupeluki
memeluki	kaupeluki
memeluki	peluki
memeluki	pelukilah
memelupuh	kupelupuh
memelupuh	kaupelupuh
memelupuh	dipelupuh
memelupuh	terpelupuh
memelupuh	pelupuh
memelupuh	pelupuhlah
memenangi	dimenangi
memenangi	kumenangi
memenangi	kaumenangi
memenangi	menangi
memenangi	menangilah
memenangkan	dimenangkan
memenangkan	kumenangkan
memenangkan	kaumenangkan
memenangkan	menangkan
memenangkan	menangkanlah
memenatkan	dipenatkan
memenatkan	kupenatkan
memenatkan	kaupenatkan
memenatkan	penatkan
memenatkan	penatkanlah
memencak-mencak	
memencar	kupencar
memencar	kaupencar
memencar	dipencar
memencar	terpencar
memencar	pencar
memencar	pencarlah
memencar-mencar	
memencet	kupencet
memencet	kaupencet
memencet	dipencet
memencet	terpencet
memencet	pencet
memencet	pencetlah
memencil	kupencil
memencil	kaupencil
memencil	dipencil
memencil	terpencil
memencil	pencil
memencil	pencillah
memencilkan	dipencilkan
memencilkan	kupencilkan
memencilkan	kaupencilkan
memencilkan	pencilkan
memencilkan	pencilkanlah
memendaki	dipendaki
memendaki	kupendaki
memendaki	kaupendaki
memendaki	pendaki
memendaki	pendakilah
memendam	kupendam
memendam	kaupendam
memendam	dipendam
memendam	terpendam
memendam	pendam
memendam	pendamlah
memendamkan	dipendamkan
memendamkan	kupendamkan
memendamkan	kaupendamkan
memendamkan	pendamkan
memendamkan	pendamkanlah
memendek	kupendek
memendek	kaupendek
memendek	dipendek
memendek	terpendek
memendek	pendek
memendek	pendeklah
memendekkan	dipendekkan
memendekkan	kupendekkan
memendekkan	kaupendekkan
memendekkan	pendekkan
memendekkan	pendekkanlah
memengap	kupengap
memengap	kaupengap
memengap	dipengap
memengap	terpengap
memengap	pengap
memengap	pengaplah
memengapkan	dipengapkan
memengapkan	kupengapkan
memengapkan	kaupengapkan
memengapkan	pengapkan
memengapkan	pengapkanlah
memengaruhi	dipengaruhi
memengaruhi	kupengaruhi
memengaruhi	kaupengaruhi
memengaruhi	pengaruhi
memengaruhi	pengaruhilah
memengat	kupengat
memengat	kaupengat
memengat	dipengat
memengat	terpengat
memengat	pengat
memengat	pengatlah
memenggal	kupenggal
memenggal	kaupenggal
memenggal	dipenggal
memenggal	terpenggal
memenggal	penggal
memenggal	penggallah
memengkis	kumengkis
memengkis	kaumengkis
memengkis	dimengkis
memengkis	termengkis
memengkis	mengkis
memengkis	mengkislah
memengkol	kupengkol
memengkol	kaupengkol
memengkol	dipengkol
memengkol	terpengkol
memengkol	pengkol
memengkol	pengkollah
memengos	kupengos
memengos	kaupengos
memengos	dipengos
memengos	terpengos
memengos	pengos
memengos	pengoslah
memeningkan	dipeningkan
memeningkan	kupeningkan
memeningkan	kaupeningkan
memeningkan	peningkan
memeningkan	peningkanlah
memenjara	kupenjara
memenjara	kaupenjara
memenjara	dipenjara
memenjara	terpenjara
memenjara	penjara
memenjara	penjaralah
memenjarakan	dipenjarakan
memenjarakan	kupenjarakan
memenjarakan	kaupenjarakan
memenjarakan	penjarakan
memenjarakan	penjarakanlah
memensiun	kupensiun
memensiun	kaupensiun
memensiun	dipensiun
memensiun	terpensiun
memensiun	pensiun
memensiun	pensiunlah
memensiunkan	dipensiunkan
memensiunkan	kupensiunkan
memensiunkan	kaupensiunkan
memensiunkan	pensiunkan
memensiunkan	pensiunkanlah
mementahkan	dimentahkan
mementahkan	kumentahkan
mementahkan	kaumentahkan
mementahkan	mentahkan
mementahkan	mentahkanlah
mementang	kupentang
mementang	kaupentang
mementang	dipentang
mementang	terpentang
mementang	pentang
mementang	pentanglah
mementegai	dimentegai
mementegai	kumentegai
mementegai	kaumentegai
mementegai	mentegai
mementegai	mentegailah
mementil	kupentil
mementil	kaupentil
mementil	dipentil
mementil	terpentil
mementil	pentil
mementil	pentillah
mementing	kupenting
mementing	kaupenting
mementing	dipenting
mementing	terpenting
mementing	penting
mementing	pentinglah
mementingkan	dipentingkan
mementingkan	kupentingkan
mementingkan	kaupentingkan
mementingkan	pentingkan
mementingkan	pentingkanlah
mementung	kupentung
mementung	kaupentung
mementung	dipentung
mementung	terpentung
mementung	pentung
mementung	pentunglah
memenuhi	dipenuhi
memenuhi	kupenuhi
memenuhi	kaupenuhi
memenuhi	penuhi
memenuhi	penuhilah
memenuhkan	
memepah	kupepah
memepah	kaupepah
memepah	dipepah
memepah	terpepah
memepah	pepah
memepah	pepahlah
memepak	kupepak
memepak	kaupepak
memepak	dipepak
memepak	terpepak
memepak	pepak
memepak	pepaklah
memepas	kupepas
memepas	kaupepas
memepas	dipepas
memepas	terpepas
memepas	pepas
memepas	pepaslah
memepat	kupepat
memepat	kaupepat
memepat	dipepat
memepat	terpepat
memepat	pepat
memepat	pepatlah
memeper	kupeper
memeper	kaupeper
memeper	dipeper
memeper	terpeper
memeper	peper
memeper	peperlah
memepes	kupepes
memepes	kaupepes
memepes	dipepes
memepes	terpepes
memepes	pepes
memepes	pepeslah
memepet	kupepet
memepet	kaupepet
memepet	dipepet
memepet	terpepet
memepet	pepet
memepet	pepetlah
memepeti	dipepeti
memepeti	kupepeti
memepeti	kaupepeti
memepeti	pepeti
memepeti	pepetilah
memepetkan	dipepetkan
memepetkan	kupepetkan
memepetkan	kaupepetkan
memepetkan	pepetkan
memepetkan	pepetkanlah
memerah	kuperah
memerah	kauperah
memerah	diperah
memerah	terperah
memerah	perah
memerah	perahlah
memerahi	dimerahi
memerahi	kumerahi
memerahi	kaumerahi
memerahi	merahi
memerahi	merahilah
memerahkan	dimerahkan
memerahkan	kumerahkan
memerahkan	kaumerahkan
memerahkan	merahkan
memerahkan	merahkanlah
memerai	kuperai
memerai	kauperai
memerai	diperai
memerai	terperai
memerai	perai
memerai	perailah
memeram	kuperam
memeram	kauperam
memeram	diperam
memeram	terperam
memeram	peram
memeram	peramlah
memerangahkan	diperangahkan
memerangahkan	kuperangahkan
memerangahkan	kauperangahkan
memerangahkan	perangahkan
memerangahkan	perangahkanlah
memerangi	diperangi
memerangi	kuperangi
memerangi	kauperangi
memerangi	perangi
memerangi	perangilah
memerangkap	kuperangkap
memerangkap	kauperangkap
memerangkap	diperangkap
memerangkap	terperangkap
memerangkap	perangkap
memerangkap	perangkaplah
memeranjatkan	diperanjatkan
memeranjatkan	kuperanjatkan
memeranjatkan	kauperanjatkan
memeranjatkan	peranjatkan
memeranjatkan	peranjatkanlah
memeras	kuperas
memeras	kauperas
memeras	diperas
memeras	terperas
memeras	peras
memeras	peraslah
memeratakan	diperatakan
memeratakan	kuperatakan
memeratakan	kauperatakan
memeratakan	peratakan
memeratakan	peratakanlah
memerawani	diperawani
memerawani	kuperawani
memerawani	kauperawani
memerawani	perawani
memerawani	perawanilah
memerban	kuperban
memerban	kauperban
memerban	diperban
memerban	terperban
memerban	perban
memerban	perbanlah
memercayakan	dipercayakan
memercayakan	kupercayakan
memercayakan	kaupercayakan
memercayakan	percayakan
memercayakan	percayakanlah
memercik	kupercik
memercik	kaupercik
memercik	dipercik
memercik	terpercik
memercik	percik
memercik	perciklah
memercik-mercik	
memerciki	diperciki
memerciki	kuperciki
memerciki	kauperciki
memerciki	perciki
memerciki	percikilah
memercikkan	dipercikkan
memercikkan	kupercikkan
memercikkan	kaupercikkan
memercikkan	percikkan
memercikkan	percikkanlah
memercit	kupercit
memercit	kaupercit
memercit	dipercit
memercit	terpercit
memercit	percit
memercit	percitlah
memerdekakan	dimerdekakan
memerdekakan	kumerdekakan
memerdekakan	kaumerdekakan
memerdekakan	merdekakan
memerdekakan	merdekakanlah
memerengut	kuperengut
memerengut	kauperengut
memerengut	diperengut
memerengut	terperengut
memerengut	perengut
memerengut	perengutlah
memereteli	dipereteli
memereteli	kupereteli
memereteli	kaupereteli
memereteli	pereteli
memereteli	peretelilah
memergoki	dipergoki
memergoki	kupergoki
memergoki	kaupergoki
memergoki	pergoki
memergoki	pergokilah
memergol	kupergol
memergol	kaupergol
memergol	dipergol
memergol	terpergol
memergol	pergol
memergol	pergollah
memerhatikan	diperhatikan
memerhatikan	kuperhatikan
memerhatikan	kauperhatikan
memerhatikan	perhatikan
memerhatikan	perhatikanlah
memerihkan	diperihkan
memerihkan	kuperihkan
memerihkan	kauperihkan
memerihkan	perihkan
memerihkan	perihkanlah
memeriksa	kuperiksa
memeriksa	kauperiksa
memeriksa	diperiksa
memeriksa	terperiksa
memeriksa	periksa
memeriksa	periksalah
memeriksai	diperiksai
memeriksai	kuperiksai
memeriksai	kauperiksai
memeriksai	periksai
memeriksai	periksailah
memeriksain	dipreksain
memeriksain	kupreksain
memeriksain	kaupreksain
memeriksain	preksa
memeriksakan	diperiksakan
memeriksakan	kuperiksakan
memeriksakan	kauperiksakan
memeriksakan	periksakan
memeriksakan	periksakanlah
memerinci	kuperinci
memerinci	kauperinci
memerinci	diperinci
memerinci	terperinci
memerinci	perinci
memerinci	perincilah
memeringis	kuperingis
memeringis	kauperingis
memeringis	diperingis
memeringis	terperingis
memeringis	peringis
memeringis	peringislah
memerintah	kuperintah
memerintah	kauperintah
memerintah	diperintah
memerintah	terperintah
memerintah	perintah
memerintah	perintahlah
memerintahi	diperintahi
memerintahi	kuperintahi
memerintahi	kauperintahi
memerintahi	perintahi
memerintahi	perintahilah
memerintahkan	diperintahkan
memerintahkan	kuperintahkan
memerintahkan	kauperintahkan
memerintahkan	perintahkan
memerintahkan	perintahkanlah
memerlahan	kuperlahan
memerlahan	kauperlahan
memerlahan	diperlahan
memerlahan	terperlahan
memerlahan	perlahan
memerlahan	perlahanlah
memerlahankan	diperlahankan
memerlahankan	kuperlahankan
memerlahankan	kauperlahankan
memerlahankan	perlahankan
memerlahankan	perlahankanlah
memerli	kuperli
memerli	kauperli
memerli	diperli
memerli	terperli
memerli	perli
memerli	perlilah
memerlukan	diperlukan
memerlukan	kuperlukan
memerlukan	kauperlukan
memerlukan	perlukan
memerlukan	perlukanlah
memermak	kupermak
memermak	kaupermak
memermak	dipermak
memermak	terpermak
memermak	permak
memermak	permaklah
memernis	kupernis
memernis	kaupernis
memernis	dipernis
memernis	terpernis
memernis	pernis
memernis	pernislah
memerogol	kuperogol
memerogol	kauperogol
memerogol	diperogol
memerogol	terperogol
memerogol	perogol
memerogol	perogollah
memerosotkan	diperosotkan
memerosotkan	kuperosotkan
memerosotkan	kauperosotkan
memerosotkan	perosotkan
memerosotkan	perosotkanlah
memersekoti	dipersekoti
memersekoti	kupersekoti
memersekoti	kaupersekoti
memersekoti	persekoti
memersekoti	persekotilah
memersekusi	kupersekusi
memersekusi	kaupersekusi
memersekusi	dipersekusi
memersekusi	terpersekusi
memersekusi	persekusi
memersekusi	persekusilah
memerseni	diperseni
memerseni	kuperseni
memerseni	kauperseni
memerseni	perseni
memerseni	persenilah
memersenkan	dipersenkan
memersenkan	kupersenkan
memersenkan	kaupersenkan
memersenkan	persenkan
memersenkan	persenkanlah
memersepsikan	dipersepsikan
memersepsikan	kupersepsikan
memersepsikan	kaupersepsikan
memersepsikan	persepsikan
memersepsikan	persepsikanlah
memersonifikasi	kupersonifikasi
memersonifikasi	kaupersonifikasi
memersonifikasi	dipersonifikasi
memersonifikasi	terpersonifikasi
memersonifikasi	personifikasi
memersonifikasi	personifikasilah
memersuasi	kupersuasi
memersuasi	kaupersuasi
memersuasi	dipersuasi
memersuasi	terpersuasi
memersuasi	persuasi
memersuasi	persuasilah
memertamakan	dipertamakan
memertamakan	kupertamakan
memertamakan	kaupertamakan
memertamakan	pertamakan
memertamakan	pertamakanlah
memeruk	kuperuk
memeruk	kauperuk
memeruk	diperuk
memeruk	terperuk
memeruk	peruk
memeruk	peruklah
memerukkan	diperukkan
memerukkan	kuperukkan
memerukkan	kauperukkan
memerukkan	perukkan
memerukkan	perukkanlah
memerum	kuperum
memerum	kauperum
memerum	diperum
memerum	terperum
memerum	perum
memerum	perumlah
memerun	kuperun
memerun	kauperun
memerun	diperun
memerun	terperun
memerun	perun
memerun	perunlah
memerusa	kuperusa
memerusa	kauperusa
memerusa	diperusa
memerusa	terperusa
memerusa	perusa
memerusa	perusalah
memeruti	diperuti
memeruti	kuperuti
memeruti	kauperuti
memeruti	peruti
memeruti	perutilah
memesamkan	dipesamkan
memesamkan	kupesamkan
memesamkan	kaupesamkan
memesamkan	pesamkan
memesamkan	pesamkanlah
memesan	kupesan
memesan	kaupesan
memesan	dipesan
memesan	terpesan
memesan	pesan
memesan	pesanlah
memesani	dipesani
memesani	kupesani
memesani	kaupesani
memesani	pesani
memesani	pesanilah
memesat	kupesat
memesat	kaupesat
memesat	dipesat
memesat	terpesat
memesat	pesat
memesat	pesatlah
memesatkan	dipesatkan
memesatkan	kupesatkan
memesatkan	kaupesatkan
memesatkan	pesatkan
memesatkan	pesatkanlah
memesong	kupesong
memesong	kaupesong
memesong	dipesong
memesong	terpesong
memesong	pesong
memesong	pesonglah
memesongkan	dipesongkan
memesongkan	kupesongkan
memesongkan	kaupesongkan
memesongkan	pesongkan
memesongkan	pesongkanlah
memesrakan	dimesrakan
memesrakan	kumesrakan
memesrakan	kaumesrakan
memesrakan	mesrakan
memesrakan	mesrakanlah
memestikan	dimestikan
memestikan	kumestikan
memestikan	kaumestikan
memestikan	mestikan
memestikan	mestikanlah
memesukkan	dipesukkan
memesukkan	kupesukkan
memesukkan	kaupesukkan
memesukkan	pesukkan
memesukkan	pesukkanlah
memesumi	dimesumi
memesumi	kumesumi
memesumi	kaumesumi
memesumi	mesumi
memesumi	mesumilah
memetahkan	dipetahkan
memetahkan	kupetahkan
memetahkan	kaupetahkan
memetahkan	petahkan
memetahkan	petahkanlah
memetak-metak	
memetakan	dipetakan
memetakan	kupetakan
memetakan	kaupetakan
memetakan	petakan
memetakan	petakanlah
memetalkan	dipetalkan
memetalkan	kupetalkan
memetalkan	kaupetalkan
memetalkan	petalkan
memetalkan	petalkanlah
memetang-metangkan	
memetiakan	dipetiakan
memetiakan	kupetiakan
memetiakan	kaupetiakan
memetiakan	petiakan
memetiakan	petiakanlah
memetik	kupetik
memetik	kaupetik
memetik	dipetik
memetik	terpetik
memetik	petik
memetik	petiklah
memetikan	dipetikan
memetikan	kupetikan
memetikan	kaupetikan
memetikan	petikan
memetikan	petikanlah
memetiki	dipetiki
memetiki	kupetiki
memetiki	kaupetiki
memetiki	petiki
memetiki	petikilah
memetikkan	dipetikkan
memetikkan	kupetikkan
memetikkan	kaupetikkan
memetikkan	petikkan
memetikkan	petikkanlah
memeting	kupeting
memeting	kaupeting
memeting	dipeting
memeting	terpeting
memeting	peting
memeting	petinglah
memetir-metir	
memfaalkan	difaalkan
memfaalkan	kufaalkan
memfaalkan	kaufaalkan
memfaalkan	faalkan
memfaalkan	faalkanlah
memfadihatkan	difadihatkan
memfadihatkan	kufadihatkan
memfadihatkan	kaufadihatkan
memfadihatkan	fadihatkan
memfadihatkan	fadihatkanlah
memfanakan	difanakan
memfanakan	kufanakan
memfanakan	kaufanakan
memfanakan	fanakan
memfanakan	fanakanlah
memfanatiki	difanatiki
memfanatiki	kufanatiki
memfanatiki	kaufanatiki
memfanatiki	fanatiki
memfanatiki	fanatikilah
memfasakh	kufasakh
memfasakh	kaufasakh
memfasakh	difasakh
memfasakh	terfasakh
memfasakh	fasakh
memfasakh	fasakhlah
memfasihkan	difasihkan
memfasihkan	kufasihkan
memfasihkan	kaufasihkan
memfasihkan	fasihkan
memfasihkan	fasihkanlah
memfasilitasi	difasilitasi
memfasilitasi	kufasilitasi
memfasilitasi	kaufasilitasi
memfasilitasi	fasilitasi
memfasilitasi	fasilitasilah
memfestivalkan	difestivalkan
memfestivalkan	kufestivalkan
memfestivalkan	kaufestivalkan
memfestivalkan	festivalkan
memfestivalkan	festivalkanlah
memfiat	kufiat
memfiat	kaufiat
memfiat	difiat
memfiat	terfiat
memfiat	fiat
memfiat	fiatlah
memfilmkan	difilmkan
memfilmkan	kufilmkan
memfilmkan	kaufilmkan
memfilmkan	filmkan
memfilmkan	filmkanlah
memfitnah	kufitnah
memfitnah	kaufitnah
memfitnah	difitnah
memfitnah	terfitnah
memfitnah	fitnah
memfitnah	fitnahlah
memfokus	kufokus
memfokus	kaufokus
memfokus	difokus
memfokus	terfokus
memfokus	fokus
memfokus	fokuslah
memformulasikan	diformulasikan
memformulasikan	kuformulasikan
memformulasikan	kauformulasikan
memformulasikan	formulasikan
memformulasikan	formulasikanlah
memforsir	kuforsir
memforsir	kauforsir
memforsir	diforsir
memforsir	terforsir
memforsir	forsir
memforsir	forsirlah
memfosil	kufosil
memfosil	kaufosil
memfosil	difosil
memfosil	terfosil
memfosil	fosil
memfosil	fosillah
memfotokopi	kufotokopi
memfotokopi	kaufotokopi
memfotokopi	difotokopi
memfotokopi	terfotokopi
memfotokopi	fotokopi
memfotokopi	fotokopilah
memiagamkan	dipiagamkan
memiagamkan	kupiagamkan
memiagamkan	kaupiagamkan
memiagamkan	piagamkan
memiagamkan	piagamkanlah
memiang	kupiang
memiang	kaupiang
memiang	dipiang
memiang	terpiang
memiang	piang
memiang	pianglah
memiara	kupiara
memiara	kaupiara
memiara	dipiara
memiara	terpiara
memiara	piara
memiara	piaralah
memiat	kupiat
memiat	kaupiat
memiat	dipiat
memiat	terpiat
memiat	piat
memiat	piatlah
memicakan	dipicakan
memicakan	kupicakan
memicakan	kaupicakan
memicakan	picakan
memicakan	picakanlah
memicikkan	dipicikkan
memicikkan	kupicikkan
memicikkan	kaupicikkan
memicikkan	picikkan
memicikkan	picikkanlah
memicing	kupicing
memicing	kaupicing
memicing	dipicing
memicing	terpicing
memicing	picing
memicing	picinglah
memicit	kupicit
memicit	kaupicit
memicit	dipicit
memicit	terpicit
memicit	picit
memicit	picitlah
memicu	kupicu
memicu	kaupicu
memicu	dipicu
memicu	terpicu
memicu	picu
memicu	piculah
memidana	kupidana
memidana	kaupidana
memidana	dipidana
memidana	terpidana
memidana	pidana
memidana	pidanalah
memidi	kupidi
memidi	kaupidi
memidi	dipidi
memidi	terpidi
memidi	pidi
memidi	pidilah
memihak	kupihak
memihak	kaupihak
memihak	dipihak
memihak	terpihak
memihak	pihak
memihak	pihaklah
memihaki	dipihaki
memihaki	kupihaki
memihaki	kaupihaki
memihaki	pihaki
memihaki	pihakilah
memijah	kupijah
memijah	kaupijah
memijah	dipijah
memijah	terpijah
memijah	pijah
memijah	pijahlah
memijahkan	dipijahkan
memijahkan	kupijahkan
memijahkan	kaupijahkan
memijahkan	pijahkan
memijahkan	pijahkanlah
memijak	kupijak
memijak	kaupijak
memijak	dipijak
memijak	terpijak
memijak	pijak
memijak	pijaklah
memijar	kupijar
memijar	kaupijar
memijar	dipijar
memijar	terpijar
memijar	pijar
memijar	pijarlah
memijar-mijar	
memijat	kupijat
memijat	kaupijat
memijat	dipijat
memijat	terpijat
memijat	pijat
memijat	pijatlah
memijit	kupijit
memijit	kaupijit
memijit	dipijit
memijit	terpijit
memijit	pijit
memijit	pijitlah
memikat	kupikat
memikat	kaupikat
memikat	dipikat
memikat	terpikat
memikat	pikat
memikat	pikatlah
memikir	kupikir
memikir	kaupikir
memikir	dipikir
memikir	terpikir
memikir	pikir
memikir	pikirlah
memikir-mikir	
memikir-mikirkan	
memikiri	dipikiri
memikiri	kupikiri
memikiri	kaupikiri
memikiri	pikiri
memikiri	pikirilah
memikul	kupikul
memikul	kaupikul
memikul	dipikul
memikul	terpikul
memikul	pikul
memikul	pikullah
memikulkan	dipikulkan
memikulkan	kupikulkan
memikulkan	kaupikulkan
memikulkan	pikulkan
memikulkan	pikulkanlah
memilah	kupilah
memilah	kaupilah
memilah	dipilah
memilah	terpilah
memilah	pilah
memilah	pilahlah
memilih	kupilih
memilih	kaupilih
memilih	dipilih
memilih	terpilih
memilih	pilih
memilih	pilihlah
memilih-milih	
memilihkan	dipilihkan
memilihkan	kupilihkan
memilihkan	kaupilihkan
memilihkan	pilihkan
memilihkan	pilihkanlah
memiliki	dimiliki
memiliki	kumiliki
memiliki	kaumiliki
memiliki	miliki
memiliki	milikilah
memilin	kupilin
memilin	kaupilin
memilin	dipilin
memilin	terpilin
memilin	pilin
memilin	pilinlah
memilin-milin	
memilis	kupilis
memilis	kaupilis
memilis	dipilis
memilis	terpilis
memilis	pilis
memilis	pilislah
memiloti	dipiloti
memiloti	kupiloti
memiloti	kaupiloti
memiloti	piloti
memiloti	pilotilah
memimpin	kupimpin
memimpin	kaupimpin
memimpin	dipimpin
memimpin	terpimpin
memimpin	pimpin
memimpin	pimpinlah
meminang	kupinang
meminang	kaupinang
meminang	dipinang
meminang	terpinang
meminang	pinang
meminang	pinanglah
meminang-minang	
meminati	diminati
meminati	kuminati
meminati	kauminati
meminati	minati
meminati	minatilah
meminda	kupinda
meminda	kaupinda
meminda	dipinda
meminda	terpinda
meminda	pinda
meminda	pindalah
memindah	kupindah
memindah	kaupindah
memindah	dipindah
memindah	terpindah
memindah	pindah
memindah	pindahlah
memindahi	dipindahi
memindahi	kupindahi
memindahi	kaupindahi
memindahi	pindahi
memindahi	pindahilah
memindahtangankan	
memindahtugaskan	
memindai	kupindai
memindai	kaupindai
memindai	dipindai
memindai	terpindai
memindai	pindai
memindai	pindailah
meminggir	kupinggir
meminggir	kaupinggir
meminggir	dipinggir
meminggir	terpinggir
meminggir	pinggir
meminggir	pinggirlah
meminggiri	dipinggiri
meminggiri	kupinggiri
meminggiri	kaupinggiri
meminggiri	pinggiri
meminggiri	pinggirilah
meminggirkan	dipinggirkan
meminggirkan	kupinggirkan
meminggirkan	kaupinggirkan
meminggirkan	pinggirkan
meminggirkan	pinggirkanlah
memingit	kupingit
memingit	kaupingit
memingit	dipingit
memingit	terpingit
memingit	pingit
memingit	pingitlah
meminimalkan	diminimalkan
meminimalkan	kuminimalkan
meminimalkan	kauminimalkan
meminimalkan	minimalkan
meminimalkan	minimalkanlah
meminjam	kupinjam
meminjam	kaupinjam
meminjam	dipinjam
meminjam	terpinjam
meminjam	pinjam
meminjam	pinjamlah
meminjami	dipinjami
meminjami	kupinjami
meminjami	kaupinjami
meminjami	pinjami
meminjami	pinjamilah
meminjamkan	dipinjamkan
meminjamkan	kupinjamkan
meminjamkan	kaupinjamkan
meminjamkan	pinjamkan
meminjamkan	pinjamkanlah
meminta	kuminta
meminta	kauminta
meminta	diminta
meminta	terminta
meminta	minta
meminta	mintalah
meminta-minta	kuminta-minta
meminta-minta	kauminta-minta
meminta-minta	diminta-minta
meminta-minta	terminta-minta
meminta-minta	minta-minta
meminta-minta	minta-mintalah
memintai	dimintai
memintai	kumintai
memintai	kaumintai
memintai	mintai
memintai	mintailah
memintal	kupintal
memintal	kaupintal
memintal	dipintal
memintal	terpintal
memintal	pintal
memintal	pintallah
memintas	kupintas
memintas	kaupintas
memintas	dipintas
memintas	terpintas
memintas	pintas
memintas	pintaslah
memintasi	dipintasi
memintasi	kupintasi
memintasi	kaupintasi
memintasi	pintasi
memintasi	pintasilah
memintaskan	dipintaskan
memintaskan	kupintaskan
memintaskan	kaupintaskan
memintaskan	pintaskan
memintaskan	pintaskanlah
meminum	kuminum
meminum	kauminum
meminum	diminum
meminum	terminum
meminum	minum
meminum	minumlah
meminumi	diminumi
meminumi	kuminumi
meminumi	kauminumi
meminumi	minumi
meminumi	minumilah
meminumkan	diminumkan
meminumkan	kuminumkan
meminumkan	kauminumkan
meminumkan	minumkan
meminumkan	minumkanlah
meminyaki	diminyaki
meminyaki	kuminyaki
meminyaki	kauminyaki
meminyaki	minyaki
meminyaki	minyakilah
memipihkan	dipipihkan
memipihkan	kupipihkan
memipihkan	kaupipihkan
memipihkan	pipihkan
memipihkan	pipihkanlah
memipil	kupipil
memipil	kaupipil
memipil	dipipil
memipil	terpipil
memipil	pipil
memipil	pipillah
memipis	kupipis
memipis	kaupipis
memipis	dipipis
memipis	terpipis
memipis	pipis
memipis	pipislah
memipiskan	dipipiskan
memipiskan	kupipiskan
memipiskan	kaupipiskan
memipiskan	pipiskan
memipiskan	pipiskanlah
memirau	kupirau
memirau	kaupirau
memirau	dipirau
memirau	terpirau
memirau	pirau
memirau	piraulah
memirik	kupirik
memirik	kaupirik
memirik	dipirik
memirik	terpirik
memirik	pirik
memirik	piriklah
memiringkan	dimiringkan
memiringkan	kumiringkan
memiringkan	kaumiringkan
memiringkan	miringkan
memiringkan	miringkanlah
memisah	kupisah
memisah	kaupisah
memisah	dipisah
memisah	terpisah
memisah	pisah
memisah	pisahlah
memisah-misahkan	
memisalkan	dimisalkan
memisalkan	kumisalkan
memisalkan	kaumisalkan
memisalkan	misalkan
memisalkan	misalkanlah
memisit	kupisit
memisit	kaupisit
memisit	dipisit
memisit	terpisit
memisit	pisit
memisit	pisitlah
memiskinkan	dimiskinkan
memiskinkan	kumiskinkan
memiskinkan	kaumiskinkan
memiskinkan	miskinkan
memiskinkan	miskinkanlah
memistol	kupistol
memistol	kaupistol
memistol	dipistol
memistol	terpistol
memistol	pistol
memistol	pistollah
memitar	kupitar
memitar	kaupitar
memitar	dipitar
memitar	terpitar
memitar	pitar
memitar	pitarlah
memiting	kupiting
memiting	kaupiting
memiting	dipiting
memiting	terpiting
memiting	piting
memiting	pitinglah
memitoskan	dimitoskan
memitoskan	kumitoskan
memitoskan	kaumitoskan
memitoskan	mitoskan
memitoskan	mitoskanlah
memiutangi	dipiutangi
memiutangi	kupiutangi
memiutangi	kaupiutangi
memiutangi	piutangi
memiutangi	piutangilah
memobilisasi	kumobilisasi
memobilisasi	kaumobilisasi
memobilisasi	dimobilisasi
memobilisasi	termobilisasi
memobilisasi	mobilisasi
memobilisasi	mobilisasilah
memobilisasikan	dimobilisasikan
memobilisasikan	kumobilisasikan
memobilisasikan	kaumobilisasikan
memobilisasikan	mobilisasikan
memobilisasikan	mobilisasikanlah
memoces	kupoces
memoces	kaupoces
memoces	dipoces
memoces	terpoces
memoces	poces
memoces	poceslah
memocok	kupocok
memocok	kaupocok
memocok	dipocok
memocok	terpocok
memocok	pocok
memocok	pocoklah
memodali	dimodali
memodali	kumodali
memodali	kaumodali
memodali	modali
memodali	modalilah
memoderatori	dimoderatori
memoderatori	kumoderatori
memoderatori	kaumoderatori
memoderatori	moderatori
memoderatori	moderatorilah
memodernisasi	kumodernisasi
memodernisasi	kaumodernisasi
memodernisasi	dimodernisasi
memodernisasi	termodernisasi
memodernisasi	modernisasi
memodernisasi	modernisasilah
memodernkan	dimodernkan
memodernkan	kumodernkan
memodernkan	kaumodernkan
memodernkan	modernkan
memodernkan	modernkanlah
memodifikasi	kumodifikasi
memodifikasi	kaumodifikasi
memodifikasi	dimodifikasi
memodifikasi	termodifikasi
memodifikasi	modifikasi
memodifikasi	modifikasilah
memohon	kupohon
memohon	kaupohon
memohon	dipohon
memohon	terpohon
memohon	pohon
memohon	pohonlah
memohonkan	dipohonkan
memohonkan	kupohonkan
memohonkan	kaupohonkan
memohonkan	pohonkan
memohonkan	pohonkanlah
memohonkanlah	mohonkan
memojok	kupojok
memojok	kaupojok
memojok	dipojok
memojok	terpojok
memojok	pojok
memojok	pojoklah
memojokkan	dipojokkan
memojokkan	kupojokkan
memojokkan	kaupojokkan
memojokkan	pojokkan
memojokkan	pojokkanlah
memokoki	dipokoki
memokoki	kupokoki
memokoki	kaupokoki
memokoki	pokoki
memokoki	pokokilah
memokrolkan	dipokrolkan
memokrolkan	kupokrolkan
memokrolkan	kaupokrolkan
memokrolkan	pokrolkan
memokrolkan	pokrolkanlah
memoles	kupoles
memoles	kaupoles
memoles	dipoles
memoles	terpoles
memoles	poles
memoles	poleslah
memolesi	dipolesi
memolesi	kupolesi
memolesi	kaupolesi
memolesi	polesi
memolesi	polesilah
memoleskan	dipoleskan
memoleskan	kupoleskan
memoleskan	kaupoleskan
memoleskan	poleskan
memoleskan	poleskanlah
memolok	kupolok
memolok	kaupolok
memolok	dipolok
memolok	terpolok
memolok	polok
memolok	poloklah
memompa	kupompa
memompa	kaupompa
memompa	dipompa
memompa	terpompa
memompa	pompa
memompa	pompalah
memompakan	dipompakan
memompakan	kupompakan
memompakan	kaupompakan
memompakan	pompakan
memompakan	pompakanlah
memondok	kupondok
memondok	kaupondok
memondok	dipondok
memondok	terpondok
memondok	pondok
memondok	pondoklah
memondokkan	dipondokkan
memondokkan	kupondokkan
memondokkan	kaupondokkan
memondokkan	pondokkan
memondokkan	pondokkanlah
memondong	kupondong
memondong	kaupondong
memondong	dipondong
memondong	terpondong
memondong	pondong
memondong	pondonglah
memondongi	dipondongi
memondongi	kupondongi
memondongi	kaupondongi
memondongi	pondongi
memondongi	pondongilah
memongahi	dipongahi
memongahi	kupongahi
memongahi	kaupongahi
memongahi	pongahi
memongahi	pongahilah
memongahkan	dipongahkan
memongahkan	kupongahkan
memongahkan	kaupongahkan
memongahkan	pongahkan
memongahkan	pongahkanlah
memonitor	kumonitor
memonitor	kaumonitor
memonitor	dimonitor
memonitor	termonitor
memonitor	monitor
memonitor	monitorlah
memonopoli	kumonopoli
memonopoli	kaumonopoli
memonopoli	dimonopoli
memonopoli	termonopoli
memonopoli	monopoli
memonopoli	monopolilah
memonten	kuponten
memonten	kauponten
memonten	diponten
memonten	terponten
memonten	ponten
memonten	pontenlah
memopok	kupopok
memopok	kaupopok
memopok	dipopok
memopok	terpopok
memopok	popok
memopok	popoklah
memopokkan	dipopokkan
memopokkan	kupopokkan
memopokkan	kaupopokkan
memopokkan	popokkan
memopokkan	popokkanlah
memopor	kupopor
memopor	kaupopor
memopor	dipopor
memopor	terpopor
memopor	popor
memopor	poporlah
memopulerkan	dipopulerkan
memopulerkan	kupopulerkan
memopulerkan	kaupopulerkan
memopulerkan	populerkan
memopulerkan	populerkanlah
memorahkan	diporahkan
memorahkan	kuporahkan
memorahkan	kauporahkan
memorahkan	porahkan
memorahkan	porahkanlah
memorot	kuporot
memorot	kauporot
memorot	diporot
memorot	terporot
memorot	porot
memorot	porotlah
memoroti	diporoti
memoroti	kuporoti
memoroti	kauporoti
memoroti	poroti
memoroti	porotilah
memosisikan	diposisikan
memosisikan	kuposisikan
memosisikan	kauposisikan
memosisikan	posisikan
memosisikan	posisikanlah
memositifkan	dipositifkan
memositifkan	kupositifkan
memositifkan	kaupositifkan
memositifkan	positifkan
memositifkan	positifkanlah
memotivasi	kumotivasi
memotivasi	kaumotivasi
memotivasi	dimotivasi
memotivasi	termotivasi
memotivasi	motivasi
memotivasi	motivasilah
memotong	kupotong
memotong	kaupotong
memotong	dipotong
memotong	terpotong
memotong	potong
memotong	potonglah
memotong-motong	
memotori	dimotori
memotori	kumotori
memotori	kaumotori
memotori	motori
memotori	motorilah
memotret	kupotret
memotret	kaupotret
memotret	dipotret
memotret	terpotret
memotret	potret
memotret	potretlah
mempanitiai	dipanitiai
mempanitiai	kupanitiai
mempanitiai	kaupanitiai
mempanitiai	panitiai
mempanitiai	panitiailah
memparafrasakan	diparafrasakan
memparafrasakan	kuparafrasakan
memparafrasakan	kauparafrasakan
memparafrasakan	parafrasakan
memparafrasakan	parafrasakanlah
mempatroli	kupatroli
mempatroli	kaupatroli
mempatroli	dipatroli
mempatroli	terpatroli
mempatroli	patroli
mempatroli	patrolilah
mempecundang	kupecundang
mempecundang	kaupecundang
mempecundang	dipecundang
mempecundang	terpecundang
mempecundang	pecundang
mempecundang	pecundanglah
mempecundangi	dipecundangi
mempecundangi	kupecundangi
mempecundangi	kaupecundangi
mempecundangi	pecundangi
mempecundangi	pecundangilah
mempekerjakan	kupekerjakan
mempekerjakan	kaupekerjakan
mempekerjakan	dipekerjakan
mempekerjakan	tekerjakan
mempekerjakan	pekerjakan
mempekerjakan	pekerjakanlah
mempelajari	dipelajari
mempelajari	kupelajari
mempelajari	kaupelajari
mempelajari	pelajari
mempelajari	pelajarilah
memperabukan	
memperadabkan	
memperadik	diperadik
memperadik	kuperadik
memperadik	kauperadik
memperadik	peradik
memperadukan	
memperagakan	
memperalat	diperalat
memperalat	kuperalat
memperalat	kauperalat
memperalat	peralat
memperalati	diperalati
memperalati	kuperalati
memperalati	kauperalati
memperalatkan	
memperaman	diperaman
memperaman	kuperaman
memperaman	kauperaman
memperaman	peraman
memperamat	diperamat
memperamat	kuperamat
memperamat	kauperamat
memperamat	peramat
memperamat-amat	
memperamat-amatkan	
memperamatkan	
memperanakkan	kauperanakkan
memperanginkan	
memperantarai	diperantarai
memperantarai	kuperantarai
memperantarai	kauperantarai
memperapat	diperapat
memperapat	kuperapat
memperapat	kauperapat
memperapat	perapat
memperapikan	
memperapitkan	
memperasakan	terasakan
memperawak	diperawak
memperawak	kuperawak
memperawak	kauperawak
memperawak	perawak
memperbabu	diperbabu
memperbabu	kuperbabu
memperbabu	kauperbabu
memperbabu	perbabu
memperbagai-bagaikan	
memperbagus	diperbagus
memperbagus	kuperbagus
memperbagus	kauperbagus
memperbagus	perbagus
memperbahasakan	
memperbaiki	diperbaiki
memperbaiki	kuperbaiki
memperbaiki	kauperbaiki
memperbandingkan	
memperbantahkan	terbantahkan
memperbantal	diperbantal
memperbantal	kuperbantal
memperbantal	kauperbantal
memperbantal	perbantal
memperbantukan	
memperbanyak	diperbanyak
memperbanyak	kuperbanyak
memperbanyak	kauperbanyak
memperbanyak	perbanyak
memperbanyakkan	
memperbarui	diperbarui
memperbarui	kuperbarui
memperbarui	kauperbarui
memperbaurkan	
memperbedakan	
memperbelakangkan	
memperbenar	diperbenar
memperbenar	kuperbenar
memperbenar	kauperbenar
memperbenar	perbenar
memperberat	diperberat
memperberat	kuperberat
memperberat	kauperberat
memperberat	perberat
memperbesar	diperbesar
memperbesar	kuperbesar
memperbesar	kauperbesar
memperbesar	perbesar
memperbinikan	
memperbodoh	diperbodoh
memperbodoh	kuperbodoh
memperbodoh	kauperbodoh
memperbodoh	perbodoh
memperbolehkan	
memperboneka	diperboneka
memperboneka	kuperboneka
memperboneka	kauperboneka
memperboneka	perboneka
memperbonekakan	
memperbuat	diperbuat
memperbuat	kuperbuat
memperbuat	kauperbuat
memperbuat	perbuat
memperbubungkan	
memperbudak	diperbudak
memperbudak	kuperbudak
memperbudak	kauperbudak
memperbudak	perbudak
memperbudikan	
memperbulat	diperbulat
memperbulat	kuperbulat
memperbulat	kauperbulat
memperbulat	perbulat
memperbungakan	
memperburuk	diperburuk
memperburuk	kuperburuk
memperburuk	kauperburuk
memperburuk	perburuk
mempercabangkan	
mempercakap	dipercakap
mempercakap	kupercakap
mempercakap	kaupercakap
mempercakap	percakap
mempercakapkan	
mempercantik	dipercantik
mempercantik	kupercantik
mempercantik	kaupercantik
mempercantik	percantik
mempercapak	dipercapak
mempercapak	kupercapak
mempercapak	kaupercapak
mempercapak	percapak
mempercaruti	dipercaruti
mempercaruti	kupercaruti
mempercaruti	kaupercaruti
mempercayai	dipercayai
mempercayai	kupercayai
mempercayai	kaupercayai
mempercayai	percayai
mempercayai	percayailah
mempercekakkan	
mempercekcokkan	
mempercekikkan	
mempercepat	dipercepat
mempercepat	kupercepat
mempercepat	kaupercepat
mempercepat	percepat
mempercermin	dipercermin
mempercermin	kupercermin
mempercermin	kaupercermin
mempercermin	percermin
mempercontohkan	
mempercumakan	
memperdagangkan	
memperdahsyat	diperdahsyat
memperdahsyat	kuperdahsyat
memperdahsyat	kauperdahsyat
memperdahsyat	perdahsyat
memperdakwakan	
memperdalam	diperdalam
memperdalam	kuperdalam
memperdalam	kauperdalam
memperdalam	perdalam
memperdamaikan	terdamaikan
memperdapat	diperdapat
memperdapat	kuperdapat
memperdapat	kauperdapat
memperdapat	perdapat
memperdaya	diperdaya
memperdaya	kuperdaya
memperdaya	kauperdaya
memperdaya	perdaya
memperdayakan	
memperdebatkan	
memperdekap	diperdekap
memperdekap	kuperdekap
memperdekap	kauperdekap
memperdekap	perdekap
memperdekat	diperdekat
memperdekat	kuperdekat
memperdekat	kauperdekat
memperdekat	perdekat
memperdekatkan	
memperdengarkan	kuperdengarkan
memperdewa	diperdewa
memperdewa	kuperdewa
memperdewa	kauperdewa
memperdewa	perdewa
memperdewakan	
memperdiarkan	
memperdua	diperdua
memperdua	kuperdua
memperdua	kauperdua
memperdua	perdua
memperduai	diperduai
memperduai	kuperduai
memperduai	kauperduai
memperduakan	
memperdulikan	diperdulikan
memperdulikan	kuperdulikan
memperdulikan	kauperdulikan
memperdulikan	perdulikan
memperdulikan	perdulikanlah
memperebutkan	
memperedarkan	diperedarkan
memperelok	diperelok
memperelok	kuperelok
memperelok	kauperelok
memperelok	perelok
memperembukkan	
memperembunkan	
memperempat	diperempat
memperempat	kuperempat
memperempat	kauperempat
memperempat	perempat
memperemping	diperemping
memperemping	kuperemping
memperemping	kauperemping
memperemping	peremping
memperenak	diperenak
memperenak	kuperenak
memperenak	kauperenak
memperenak	perenak
memperenggang	diperenggang
memperenggang	kuperenggang
memperenggang	kauperenggang
memperenggang	perenggang
mempererat	dipererat
mempererat	kupererat
mempererat	kaupererat
mempererat	pererat
memperfasih	diperfasih
memperfasih	kuperfasih
memperfasih	kauperfasih
memperfasih	perfasih
memperganda-gandakan	
mempergandakan	
mempergandengkan	
mempergandingkan	
memperganduh-ganduhkan	
memperganduhkan	
mempergantungi	dipergantungi
mempergantungi	kupergantungi
mempergantungi	kaupergantungi
mempergarahkan	
mempergauli	dipergauli
mempergauli	kupergauli
mempergauli	kaupergauli
mempergaulkan	
mempergegas	dipergegas
mempergegas	kupergegas
mempergegas	kaupergegas
mempergegas	pergegas
mempergelarkan	
mempergembirakan	
mempergesekkan	
mempergiat	dipergiat
mempergiat	kupergiat
mempergiat	kaupergiat
mempergiat	pergiat
mempergiatkan	
mempergilirkan	
mempergontai	dipergontai
mempergontai	kupergontai
mempergontai	kaupergontai
mempergontai	pergontai
mempergosokkan	
mempergunakan	kupergunakan
mempergunakan	kaupergunakan
mempergundah	dipergundah
mempergundah	kupergundah
mempergundah	kaupergundah
mempergundah	pergundah
mempergundik	dipergundik
mempergundik	kupergundik
mempergundik	kaupergundik
mempergundik	pergundik
mempergundikkan	
mempergunjingkan	
memperguraukan	
memperhadapkan	kuperhadapkan
memperhalus	diperhalus
memperhalus	kuperhalus
memperhalus	kauperhalus
memperhalus	perhalus
memperhamba	diperhamba
memperhamba	kuperhamba
memperhamba	kauperhamba
memperhamba	perhamba
memperhambakan	
memperhambat	diperhambat
memperhambat	kuperhambat
memperhambat	kauperhambat
memperhambat	perhambat
memperhatikan	diperhatikan
memperhatikan	kuperhatikan
memperhatikan	kauperhatikan
memperhatikan	perhatikan
memperhatikan	perhatikanlah
memperhebat	diperhebat
memperhebat	kuperhebat
memperhebat	kauperhebat
memperhebat	perhebat
memperhebatkan	
memperhentikan	terhentikan
memperhiasi	diperhiasi
memperhiasi	kuperhiasi
memperhiasi	kauperhiasi
memperhidup	diperhidup
memperhidup	kuperhidup
memperhidup	kauperhidup
memperhidup	perhidup
memperhinggakan	
memperhitungkan	
memperhubungkan	
memperhujankan	
memperhuma	diperhuma
memperhuma	kuperhuma
memperhuma	kauperhuma
memperhuma	perhuma
memperikut	diperikut
memperikut	kuperikut
memperikut	kauperikut
memperikut	perikut
memperikutkan	
memperimbang	diperimbang
memperimbang	kuperimbang
memperimbang	kauperimbang
memperimbang	perimbang
memperimpit	diperimpit
memperimpit	kuperimpit
memperimpit	kauperimpit
memperimpit	perimpit
memperimpit-impitkan	
memperindah	diperindah
memperindah	kuperindah
memperindah	kauperindah
memperindah	perindah
memperingan	diperingan
memperingan	kuperingan
memperingan	kauperingan
memperingan	peringan
memperingankan	
memperingati	diperingati
memperingati	kuperingati
memperingati	kauperingati
memperingatkan	kuperingatkan
memperingatkan	diperingatkan
memperingatkan	peringatkan
memperingin	diperingin
memperingin	kuperingin
memperingin	kauperingin
memperingin	peringin
memperistri	diperistri
memperistri	kuperistri
memperistri	kauperistri
memperistri	peristri
memperistrikan	
memperjamu	diperjamu
memperjamu	kuperjamu
memperjamu	kauperjamu
memperjamu	perjamu
memperjanjikan	diperjanjikan
memperjarang	diperjarang
memperjarang	kuperjarang
memperjarang	kauperjarang
memperjarang	perjarang
memperjelas	diperjelas
memperjelas	kuperjelas
memperjelas	kauperjelas
memperjelas	perjelas
memperjerihkan	
memperjodohkan	
memperjuangkan	
memperjudikan	
memperkaca	diperkaca
memperkaca	kuperkaca
memperkaca	kauperkaca
memperkaca	perkaca
memperkacang	diperkacang
memperkacang	kuperkacang
memperkacang	kauperkacang
memperkacang	perkacang
memperkacaukan	
memperkalikan	
memperkarai	diperkarai
memperkarai	kuperkarai
memperkarai	kauperkarai
memperkarai	perkarai
memperkarai	perkarailah
memperkasar	diperkasar
memperkasar	kuperkasar
memperkasar	kauperkasar
memperkasar	perkasar
memperkatakan	terkatakan
memperkatupkan	
memperkaya	diperkaya
memperkaya	kuperkaya
memperkaya	kauperkaya
memperkaya	perkaya
memperkebuni	diperkebuni
memperkebuni	kuperkebuni
memperkebuni	kauperkebuni
memperkebunkan	
memperkecil	diperkecil
memperkecil	kuperkecil
memperkecil	kauperkecil
memperkecil	perkecil
memperkecualikan	
memperkedaikan	
memperkedok	diperkedok
memperkedok	kuperkedok
memperkedok	kauperkedok
memperkedok	perkedok
memperkelahikan	
memperkembangkan	
memperkenalkan	
memperkenankan	diperkenankan
memperkencang	diperkencang
memperkencang	kuperkencang
memperkencang	kauperkencang
memperkencang	perkencang
memperkeras	diperkeras
memperkeras	kuperkeras
memperkeras	kauperkeras
memperkeras	perkeras
memperketat	diperketat
memperketat	kuperketat
memperketat	kauperketat
memperketat	perketat
memperkirakan	diperkirakan
memperkirakan	terkirakan
memperkirapkan	
memperkitarkan	
memperkonon	diperkonon
memperkonon	kuperkonon
memperkonon	kauperkonon
memperkonon	perkonon
memperkosa	kuperkosa
memperkosa	kauperkosa
memperkosa	diperkosa
memperkosa	terperkosa
memperkosa	perkosa
memperkosa	perkosalah
memperkuat	diperkuat
memperkuat	kuperkuat
memperkuat	kauperkuat
memperkuat	perkuat
memperkuda	diperkuda
memperkuda	kuperkuda
memperkuda	kauperkuda
memperkuda	perkuda
memperkuda-kudakan	
memperkukuh	
memperkurangkan	
memperladang	diperladang
memperladang	kuperladang
memperladang	kauperladang
memperladang	perladang
memperladangi	diperladangi
memperladangi	kuperladangi
memperladangi	kauperladangi
memperladangkan	
memperlagakan	
memperlain	diperlain
memperlain	kuperlain
memperlain	kauperlain
memperlain	perlain
memperlainkan	
memperlaki	diperlaki
memperlaki	kuperlaki
memperlaki	kauperlaki
memperlaki	perlaki
memperlakikan	
memperlakukan	kuperlakukan
memperlakukan	kauperlakukan
memperlakukan	diperlakukan
memperlalaikan	terlalaikan
memperlama	diperlama
memperlama	kuperlama
memperlama	kauperlama
memperlama	perlama
memperlamakan	
memperlambat	diperlambat
memperlambat	kuperlambat
memperlambat	kauperlambat
memperlambat	perlambat
memperlancar	diperlancar
memperlancar	kuperlancar
memperlancar	kauperlancar
memperlancar	perlancar
memperlangkangkan	
memperlapang	diperlapang
memperlapang	kuperlapang
memperlapang	kauperlapang
memperlapang	perlapang
memperlapangkan	
memperlarat	diperlarat
memperlarat	kuperlarat
memperlarat	kauperlarat
memperlarat	perlarat
memperlasah	diperlasah
memperlasah	kuperlasah
memperlasah	kauperlasah
memperlasah	perlasah
memperlawankan	
memperlebar	diperlebar
memperlebar	kuperlebar
memperlebar	kauperlebar
memperlebar	perlebar
memperlekas	diperlekas
memperlekas	kuperlekas
memperlekas	kauperlekas
memperlekas	perlekas
memperlelah	diperlelah
memperlelah	kuperlelah
memperlelah	kauperlelah
memperlelah	perlelah
memperlelangkan	
memperlelarkan	diperlelarkan
memperlemahkan	
memperlengah	diperlengah
memperlengah	kuperlengah
memperlengah	kauperlengah
memperlengah	perlengah
memperlengah-lengah	
memperlengah-lengahkan	
memperlenggekkan	
memperlengkapi	diperlengkapi
memperlengkapi	kuperlengkapi
memperlengkapi	kauperlengkapi
memperlepas	diperlepas
memperlepas	kuperlepas
memperlepas	kauperlepas
memperlepas	perlepas
memperlihatkan	kuperlihatkan
memperlihatkan	kauperlihatkan
memperlihatkan	diperlihatkan
memperlimpitkan	
memperlindungi	diperlindungi
memperlindungi	kuperlindungi
memperlindungi	kauperlindungi
memperlombakan	
memperlonggar	diperlonggar
memperlonggar	kuperlonggar
memperlonggar	kauperlonggar
memperlonggar	perlonggar
memperluas	diperluas
memperluas	kuperluas
memperluas	kauperluas
memperluas	perluas
memperlunak	diperlunak
memperlunak	kuperlunak
memperlunak	kauperlunak
memperlunak	perlunak
mempermacam-macamkan	
mempermadukan	
mempermahir	dipermahir
mempermahir	kupermahir
mempermahir	kaupermahir
mempermahir	permahir
mempermainkan	
mempermaklumkan	
mempermalamkan	
mempermalukan	
mempermandikan	
mempermanis	dipermanis
mempermanis	kupermanis
mempermanis	kaupermanis
mempermanis	permanis
mempermanjakan	
mempermasalahkan	
mempermenangkan	
mempermisikan	
mempermuda	dipermuda
mempermuda	kupermuda
mempermuda	kaupermuda
mempermuda	permuda
mempermudah	dipermudah
mempermudah	kupermudah
mempermudah	kaupermudah
mempermudah	permudah
mempermudahkan	
mempermulia	dipermulia
mempermulia	kupermulia
mempermulia	kaupermulia
mempermulia	permulia
mempermulus	dipermulus
mempermulus	kupermulus
mempermulus	kaupermulus
mempermulus	permulus
mempermurah	dipermurah
mempermurah	kupermurah
mempermurah	kaupermurah
mempermurah	permurah
memperniagakan	
memperolahkan	
memperoleh	diperoleh
memperoleh	kuperoleh
memperoleh	kauperoleh
memperoleh	peroleh
memperolok-olok	
memperolok-olokkan	
memperpadukan	
memperpandak	diperpandak
memperpandak	kuperpandak
memperpandak	kauperpandak
memperpandak	perpandak
memperpanjang	diperpanjang
memperpanjang	kuperpanjang
memperpanjang	kauperpanjang
memperpanjang	perpanjang
memperparah	diperparah
memperparah	kuperparah
memperparah	kauperparah
memperparah	perparah
memperpolitikkan	
memperpotongkan	
memperpukuli	diperpukuli
memperpukuli	kuperpukuli
memperpukuli	kauperpukuli
memperpukulkan	
memperpupuhkan	
memperputarkan	
mempersabar	dipersabar
mempersabar	kupersabar
mempersabar	kaupersabar
mempersabar	persabar
mempersahabatkan	
mempersahajakan	
mempersaingkan	
mempersaksikan	
mempersalahkan	
mempersalin	dipersalin
mempersalin	kupersalin
mempersalin	kaupersalin
mempersalin	persalin
mempersalini	dipersalini
mempersalini	kupersalini
mempersalini	kaupersalini
mempersalinkan	
mempersama-samakan	
mempersamakan	
mempersambungkan	
mempersampahkan	
mempersandangkan	
mempersandingkan	
mempersangat	dipersangat
mempersangat	kupersangat
mempersangat	kaupersangat
mempersangat	persangat
mempersangatkan	
mempersangkutkan	
mempersatai	dipersatai
mempersatai	kupersatai
mempersatai	kaupersatai
mempersatai	persatai
mempersatukan	
mempersaudarakan	
mempersediakan	
mempersedikitkan	
mempersegar	dipersegar
mempersegar	kupersegar
mempersegar	kaupersegar
mempersegar	persegar
mempersegera	dipersegera
mempersegera	kupersegera
mempersegera	kaupersegera
mempersegera	persegera
mempersegerakan	
memperseimbangkan	
mempersekoti	dipersekoti
mempersekoti	kupersekoti
mempersekoti	kaupersekoti
mempersekoti	persekoti
mempersekoti	persekotilah
memperselangi	diperselangi
memperselangi	kuperselangi
memperselangi	kauperselangi
memperselangkan	
memperselendang	diperselendang
memperselendang	kuperselendang
memperselendang	kauperselendang
memperselendang	perselendang
memperselendangkan	
memperselir	diperselir
memperselir	kuperselir
memperselir	kauperselir
memperselir	perselir
memperselirkan	
memperselisihkan	
memperselukkan	
mempersemaikan	
mempersembahkan	kupersembahkan
mempersembahkan	kaupersembahkan
mempersembahkan	dipersembahkan
mempersembahkan	persembahkan
mempersembahkan	persembahkanlah
mempersempit	dipersempit
mempersempit	kupersempit
mempersempit	kaupersempit
mempersempit	persempit
mempersenang	dipersenang
mempersenang	kupersenang
mempersenang	kaupersenang
mempersenang	persenang
mempersenangkan	
mempersendikan	
mempersengketakan	
mempersenjatai	dipersenjatai
mempersenjatai	kupersenjatai
mempersenjatai	kaupersenjatai
mempersetan	dipersetan
mempersetan	kupersetan
mempersetan	kaupersetan
mempersetan	persetan
mempersetankan	
memperseterukan	
mempersetujukan	
mempersewakan	
mempersiang	dipersiang
mempersiang	kupersiang
mempersiang	kaupersiang
mempersiang	persiang
mempersiangi	dipersiangi
mempersiangi	kupersiangi
mempersiangi	kaupersiangi
mempersiapkan	
mempersilakan	dipersilakan
mempersilakan	persilakanlah
mempersilangkan	
mempersinggah	dipersinggah
mempersinggah	kupersinggah
mempersinggah	kaupersinggah
mempersinggah	persinggah
mempersisipkan	
mempersoalkan	
mempersolek	dipersolek
mempersolek	kupersolek
mempersolek	kaupersolek
mempersolek	persolek
mempersuakan	
mempersuami	dipersuami
mempersuami	kupersuami
mempersuami	kaupersuami
mempersuami	persuami
mempersuamikan	
mempersudah	dipersudah
mempersudah	kupersudah
mempersudah	kaupersudah
mempersudah	persudah
mempersudikan	
mempersukar	dipersukar
mempersukar	kupersukar
mempersukar	kaupersukar
mempersukar	persukar
mempersulit	dipersulit
mempersulit	kupersulit
mempersulit	kaupersulit
mempersulit	persulit
mempersumpahkan	
mempersungguhi	dipersungguhi
mempersungguhi	kupersungguhi
mempersungguhi	kaupersungguhi
mempersunting	dipersunting
mempersunting	kupersunting
mempersunting	kaupersunting
mempersunting	persunting
mempersusah	dipersusah
mempersusah	kupersusah
mempersusah	kaupersusah
mempersusah	persusah
mempertahankan	
mempertajam	dipertajam
mempertajam	kupertajam
mempertajam	kaupertajam
mempertajam	pertajam
mempertakut	dipertakut
mempertakut	kupertakut
mempertakut	kaupertakut
mempertakut	pertakut
mempertalikan	
mempertampan	dipertampan
mempertampan	kupertampan
mempertampan	kaupertampan
mempertampan	pertampan
mempertanak	dipertanak
mempertanak	kupertanak
mempertanak	kaupertanak
mempertanak	pertanak
mempertandingkan	
mempertangguhkan	tertangguhkan
mempertanggungjawabkan	
mempertanggungjawabkannyalah	
mempertanggungkan	
mempertangis	dipertangis
mempertangis	kupertangis
mempertangis	kaupertangis
mempertangis	pertangis
mempertanyakan	
mempertapakan	
mempertarikkan	
mempertaruhkan	
mempertarungkan	
mempertautkan	
mempertebal	dipertebal
mempertebal	kupertebal
mempertebal	kaupertebal
mempertebal	pertebal
mempertebarkan	
mempertegas	dipertegas
mempertegas	kupertegas
mempertegas	kaupertegas
mempertegas	pertegas
memperteguh	diperteguh
memperteguh	kuperteguh
memperteguh	kauperteguh
memperteguh	perteguh
memperteguhkan	
mempertempurkan	
mempertemukan	tertemukan
mempertenggangkan	
mempertengkarkan	
mempertentangkan	
mempertetap	dipertetap
mempertetap	kupertetap
mempertetap	kaupertetap
mempertetap	pertetap
mempertetapkan	
mempertiadakan	
mempertidak	dipertidak
mempertidak	kupertidak
mempertidak	kaupertidak
mempertidak	pertidak
mempertidakkan	pertidakkan
mempertidakkan	pertidakkanlah
mempertiga	dipertiga
mempertiga	kupertiga
mempertiga	kaupertiga
mempertiga	pertiga
mempertikaikan	pertikaikan
mempertimbangkan	kupertimbangkan
mempertimbangkan	kaupertimbangkan
mempertimbangkan	dipertimbangkan
mempertimbangkan	pertimbangkan
mempertimbangkan	pertimbangkanlah
mempertinggi	dipertinggi
mempertinggi	kupertinggi
mempertinggi	kaupertinggi
mempertinggi	pertinggi
mempertontonkan	kupertontonkan
mempertontonkan	kaupertontonkan
mempertontonkan	dipertontonkan
mempertontonkan	pertontonkan
mempertontonkan	pertontonkanlah
mempertopeng	dipertopeng
mempertopeng	kupertopeng
mempertopeng	kaupertopeng
mempertopeng	pertopeng
mempertuan	dipertuan
mempertuan	kupertuan
mempertuan	kaupertuan
mempertuan	pertuan
mempertuankan	dipertuankan
mempertuankan	pertuankan
mempertuankan	pertuankanlah
mempertubi-tubi	
mempertubi-tubikan	
mempertubikan	pertubikan
mempertukarkan	pertukarkan
mempertumbuhkan	pertumbuhkan
mempertunangkan	pertunangkan
mempertunggangkan	pertunggangkan
mempertunjukkan	pertunjukkan
memperturunkan	perturunkan
memperturut-turutkan	
memperturutkan	perturutkan
mempertuturkan	pertuturkan
memperulur	diperulur
memperulur	kuperulur
memperulur	kauperulur
memperulur	perulur
memperumahkan	
memperumum	diperumum
memperumum	kuperumum
memperumum	kauperumum
memperumum	perumum
memperuncing	diperuncing
memperuncing	kuperuncing
memperuncing	kauperuncing
memperuncing	peruncing
memperundikan	perundikan
memperundingkan	
memperuntukkan	peruntukkan
memperurutkan	perurutkan
memperusuh	diperusuh
memperusuh	kuperusuh
memperusuh	kauperusuh
memperusuh	perusuh
memperutangi	diperutangi
memperutangi	kuperutangi
memperutangi	kauperutangi
memperutangkan	perutangkan
memperwalikan	perwalikan
memperwujudkan	perwujudkan
mempesertakan	kupesertakan
mempesertakan	kaupesertakan
mempesertakan	dipesertakan
mempesertakan	pesertakan
mempesertakan	pesertakanlah
mempesona	kupesona
mempesona	kaupesona
mempesona	dipesona
mempesona	terpesona
mempesona	pesona
mempesona	pesonalah
mempesonai	dipesonai
mempesonai	kupesonai
mempesonai	kaupesonai
mempesonai	pesonai
mempesonai	pesonailah
mempesonakan	dipesonakan
mempesonakan	kupesonakan
mempesonakan	kaupesonakan
mempesonakan	pesonakan
mempesonakan	pesonakanlah
memplombir	kuplombir
memplombir	kauplombir
memplombir	diplombir
memplombir	terplombir
memplombir	plombir
memplombir	plombirlah
memposer	kuposer
memposer	kauposer
memposer	diposer
memposer	terposer
memposer	poser
memposer	poserlah
memprakarsai	diprakarsai
memprakarsai	kuprakarsai
memprakarsai	kauprakarsai
memprakarsai	prakarsai
memprakarsai	prakarsailah
memprakirakan	diprakirakan
memprakirakan	kuprakirakan
memprakirakan	kauprakirakan
memprakirakan	prakirakan
memprakirakan	prakirakanlah
mempraperadilankan	dipraperadilankan
mempraperadilankan	kupraperadilankan
mempraperadilankan	kaupraperadilankan
mempraperadilankan	praperadilankan
mempraperadilankan	praperadilankanlah
memprediksi	kuprediksi
memprediksi	kauprediksi
memprediksi	diprediksi
memprediksi	terprediksi
memprediksi	prediksi
memprediksi	prediksilah
memprediksikan	diprediksikan
memprediksikan	kuprediksikan
memprediksikan	kauprediksikan
memprediksikan	prediksikan
memprediksikan	prediksikanlah
mempresentasikan	dipresentasikan
mempresentasikan	kupresentasikan
mempresentasikan	kaupresentasikan
mempresentasikan	presentasikan
mempresentasikan	presentasikanlah
mempribadikan	dipribadikan
mempribadikan	kupribadikan
mempribadikan	kaupribadikan
mempribadikan	pribadikan
mempribadikan	pribadikanlah
mempribumikan	dipribumikan
mempribumikan	kupribumikan
mempribumikan	kaupribumikan
mempribumikan	pribumikan
mempribumikan	pribumikanlah
memprioritaskan	diprioritaskan
memprioritaskan	kuprioritaskan
memprioritaskan	kauprioritaskan
memprioritaskan	prioritaskan
memprioritaskan	prioritaskanlah
memprivatisasikan	diprivatisasikan
memprivatisasikan	kuprivatisasikan
memprivatisasikan	kauprivatisasikan
memprivatisasikan	privatisasikan
memprivatisasikan	privatisasikanlah
memproduksi	kuproduksi
memproduksi	kauproduksi
memproduksi	diproduksi
memproduksi	terproduksi
memproduksi	produksi
memproduksi	produksilah
memprogram	kuprogram
memprogram	kauprogram
memprogram	diprogram
memprogram	terprogram
memprogram	program
memprogram	programlah
memproklamasikan	diproklamasikan
memproklamasikan	kuproklamasikan
memproklamasikan	kauproklamasikan
memproklamasikan	proklamasikan
memproklamasikan	proklamasikanlah
mempromosikan	dipromosikan
mempromosikan	kupromosikan
mempromosikan	kaupromosikan
mempromosikan	promosikan
mempromosikan	promosikanlah
memprosakan	diprosakan
memprosakan	kuprosakan
memprosakan	kauprosakan
memprosakan	prosakan
memprosakan	prosakanlah
memproses	kuproses
memproses	kauproses
memproses	diproses
memproses	terproses
memproses	proses
memproses	proseslah
memprotes	kuprotes
memprotes	kauprotes
memprotes	diprotes
memprotes	terprotes
memprotes	protes
memprotes	proteslah
memproyeksikan	diproyeksikan
memproyeksikan	kuproyeksikan
memproyeksikan	kauproyeksikan
memproyeksikan	proyeksikan
memproyeksikan	proyeksikanlah
mempunya	kupunya
mempunya	kaupunya
mempunya	dipunya
mempunya	terpunya
mempunya	punya
mempunya	punyalah
mempunyai	dipunyai
mempunyai	kupunyai
mempunyai	kaupunyai
mempunyai	punyai
mempunyai	punyailah
mempunyain	dipunyain
mempunyain	kupunyain
mempunyain	kaupunyain
mempunyain	punya
memuai	kumuai
memuai	kaumuai
memuai	dimuai
memuai	termuai
memuai	muai
memuai	muailah
memuakkan	dimuakkan
memuakkan	kumuakkan
memuakkan	kaumuakkan
memuakkan	muakkan
memuakkan	muakkanlah
memualkan	dimualkan
memualkan	kumualkan
memualkan	kaumualkan
memualkan	mualkan
memualkan	mualkanlah
memuaskan	dipuaskan
memuaskan	kupuaskan
memuaskan	kaupuaskan
memuaskan	puaskan
memuaskan	puaskanlah
memuat	kumuat
memuat	kaumuat
memuat	dimuat
memuat	termuat
memuat	muat
memuat	muatlah
memuati	dimuati
memuati	kumuati
memuati	kaumuati
memuati	muati
memuati	muatilah
memuatkan	dimuatkan
memuatkan	kumuatkan
memuatkan	kaumuatkan
memuatkan	muatkan
memuatkan	muatkanlah
memubazirkan	dimubazirkan
memubazirkan	kumubazirkan
memubazirkan	kaumubazirkan
memubazirkan	mubazirkan
memubazirkan	mubazirkanlah
memublikasikan	dipublikasikan
memublikasikan	kupublikasikan
memublikasikan	kaupublikasikan
memublikasikan	publikasikan
memublikasikan	publikasikanlah
memucat	kupucat
memucat	kaupucat
memucat	dipucat
memucat	terpucat
memucat	pucat
memucat	pucatlah
memudahkan	dimudahkan
memudahkan	kumudahkan
memudahkan	kaumudahkan
memudahkan	mudahkan
memudahkan	mudahkanlah
memudar	kupudar
memudar	kaupudar
memudar	dipudar
memudar	terpudar
memudar	pudar
memudar	pudarlah
memudarkan	dipudarkan
memudarkan	kupudarkan
memudarkan	kaupudarkan
memudarkan	pudarkan
memudarkan	pudarkanlah
memudik	kumudik
memudik	kaumudik
memudik	dimudik
memudik	termudik
memudik	mudik
memudik	mudiklah
memudikan	dipudikan
memudikan	kupudikan
memudikan	kaupudikan
memudikan	pudikan
memudikan	pudikanlah
memudikkan	dimudikkan
memudikkan	kumudikkan
memudikkan	kaumudikkan
memudikkan	mudikkan
memudikkan	mudikkanlah
memudur	kupudur
memudur	kaupudur
memudur	dipudur
memudur	terpudur
memudur	pudur
memudur	pudurlah
memuduri	dipuduri
memuduri	kupuduri
memuduri	kaupuduri
memuduri	puduri
memuduri	pudurilah
memudurkan	dipudurkan
memudurkan	kupudurkan
memudurkan	kaupudurkan
memudurkan	pudurkan
memudurkan	pudurkanlah
memufakati	dimufakati
memufakati	kumufakati
memufakati	kaumufakati
memufakati	mufakati
memufakati	mufakatilah
memugar	kupugar
memugar	kaupugar
memugar	dipugar
memugar	terpugar
memugar	pugar
memugar	pugarlah
memugari	dipugari
memugari	kupugari
memugari	kaupugari
memugari	pugari
memugari	pugarilah
memugarkan	dipugarkan
memugarkan	kupugarkan
memugarkan	kaupugarkan
memugarkan	pugarkan
memugarkan	pugarkanlah
memugas	kupugas
memugas	kaupugas
memugas	dipugas
memugas	terpugas
memugas	pugas
memugas	pugaslah
memuingkan	dipuingkan
memuingkan	kupuingkan
memuingkan	kaupuingkan
memuingkan	puingkan
memuingkan	puingkanlah
memuja	kupuja
memuja	kaupuja
memuja	dipuja
memuja	terpuja
memuja	puja
memuja	pujalah
memuja-muja	
memuji	kupuji
memuji	kaupuji
memuji	dipuji
memuji	terpuji
memuji	puji
memuji	pujilah
memujikan	dipujikan
memujikan	kupujikan
memujikan	kaupujikan
memujikan	pujikan
memujikan	pujikanlah
memujuk	kupujuk
memujuk	kaupujuk
memujuk	dipujuk
memujuk	terpujuk
memujuk	pujuk
memujuk	pujuklah
memujut	kupujut
memujut	kaupujut
memujut	dipujut
memujut	terpujut
memujut	pujut
memujut	pujutlah
memukabalahkan	dimukabalahkan
memukabalahkan	kumukabalahkan
memukabalahkan	kaumukabalahkan
memukabalahkan	mukabalahkan
memukabalahkan	mukabalahkanlah
memukal	kupukal
memukal	kaupukal
memukal	dipukal
memukal	terpukal
memukal	pukal
memukal	pukallah
memukang-mukang	
memukat	kupukat
memukat	kaupukat
memukat	dipukat
memukat	terpukat
memukat	pukat
memukat	pukatlah
memukau	kupukau
memukau	kaupukau
memukau	dipukau
memukau	terpukau
memukau	pukau
memukau	pukaulah
memukul	kupukul
memukul	kaupukul
memukul	dipukul
memukul	terpukul
memukul	pukul
memukul	pukullah
memukuli	dipukuli
memukuli	kupukuli
memukuli	kaupukuli
memukuli	pukuli
memukuli	pukulilah
memukulkan	dipukulkan
memukulkan	kupukulkan
memukulkan	kaupukulkan
memukulkan	pukulkan
memukulkan	pukulkanlah
memula	kumula
memula	kaumula
memula	dimula
memula	termula
memula	mula
memula	mulalah
memulai	kumulai
memulai	kaumulai
memulai	dimulai
memulai	termulai
memulai	mulai
memulai	mulailah
memulangi	dipulangi
memulangi	kupulangi
memulangi	kaupulangi
memulangi	pulangi
memulangi	pulangilah
memulas	kupulas
memulas	kaupulas
memulas	dipulas
memulas	terpulas
memulas	pulas
memulas	pulaslah
memulaukan	dipulaukan
memulaukan	kupulaukan
memulaukan	kaupulaukan
memulaukan	pulaukan
memulaukan	pulaukanlah
memuliakan	dimuliakan
memuliakan	kumuliakan
memuliakan	kaumuliakan
memuliakan	muliakan
memuliakan	muliakanlah
memulihkan	dipulihkan
memulihkan	kupulihkan
memulihkan	kaupulihkan
memulihkan	pulihkan
memulihkan	pulihkanlah
memulun-mulun	
memulung	kupulung
memulung	kaupulung
memulung	dipulung
memulung	terpulung
memulung	pulung
memulung	pulunglah
memulur	kumulur
memulur	kaumulur
memulur	dimulur
memulur	termulur
memulur	mulur
memulur	mulurlah
memuluskan	dimuluskan
memuluskan	kumuluskan
memuluskan	kaumuluskan
memuluskan	muluskan
memuluskan	muluskanlah
memulut	kupulut
memulut	kaupulut
memulut	dipulut
memulut	terpulut
memulut	pulut
memulut	pulutlah
memumikan	dimumikan
memumikan	kumumikan
memumikan	kaumumikan
memumikan	mumikan
memumikan	mumikanlah
memumpun	kupumpun
memumpun	kaupumpun
memumpun	dipumpun
memumpun	terpumpun
memumpun	pumpun
memumpun	pumpunlah
memunahkan	dipunahkan
memunahkan	kupunahkan
memunahkan	kaupunahkan
memunahkan	punahkan
memunahkan	punahkanlah
memuncak	kupuncak
memuncak	kaupuncak
memuncak	dipuncak
memuncak	terpuncak
memuncak	puncak
memuncak	puncaklah
memuncrat	kumuncrat
memuncrat	kaumuncrat
memuncrat	dimuncrat
memuncrat	termuncrat
memuncrat	muncrat
memuncrat	muncratlah
memuncratkan	dimuncratkan
memuncratkan	kumuncratkan
memuncratkan	kaumuncratkan
memuncratkan	muncratkan
memuncratkan	muncratkanlah
memunculkan	dimunculkan
memunculkan	kumunculkan
memunculkan	kaumunculkan
memunculkan	munculkan
memunculkan	munculkanlah
memundi-mundi	
memundi-mundikan	
memundurkan	dimundurkan
memundurkan	kumundurkan
memundurkan	kaumundurkan
memundurkan	mundurkan
memundurkan	mundurkanlah
memunggah	kupunggah
memunggah	kaupunggah
memunggah	dipunggah
memunggah	terpunggah
memunggah	punggah
memunggah	punggahlah
memunggal	kupunggal
memunggal	kaupunggal
memunggal	dipunggal
memunggal	terpunggal
memunggal	punggal
memunggal	punggallah
memunggung	kupunggung
memunggung	kaupunggung
memunggung	dipunggung
memunggung	terpunggung
memunggung	punggung
memunggung	punggunglah
memunggungkan	dipunggungkan
memunggungkan	kupunggungkan
memunggungkan	kaupunggungkan
memunggungkan	punggungkan
memunggungkan	punggungkanlah
memungkang	kupungkang
memungkang	kaupungkang
memungkang	dipungkang
memungkang	terpungkang
memungkang	pungkang
memungkang	pungkanglah
memungkari	dimungkari
memungkari	kumungkari
memungkari	kaumungkari
memungkari	mungkari
memungkari	mungkarilah
memungkasi	dipungkasi
memungkasi	kupungkasi
memungkasi	kaupungkasi
memungkasi	pungkasi
memungkasi	pungkasilah
memungkinkan	dimungkinkan
memungkinkan	kumungkinkan
memungkinkan	kaumungkinkan
memungkinkan	mungkinkan
memungkinkan	mungkinkanlah
memungkiri	dimungkiri
memungkiri	kumungkiri
memungkiri	kaumungkiri
memungkiri	mungkiri
memungkiri	mungkirilah
memungli	kupungli
memungli	kaupungli
memungli	dipungli
memungli	terpungli
memungli	pungli
memungli	punglilah
memungut	kupungut
memungut	kaupungut
memungut	dipungut
memungut	terpungut
memungut	pungut
memungut	pungutlah
memunguti	dipunguti
memunguti	kupunguti
memunguti	kaupunguti
memunguti	punguti
memunguti	pungutilah
memungutkan	dipungutkan
memungutkan	kupungutkan
memungutkan	kaupungutkan
memungutkan	pungutkan
memungutkan	pungutkanlah
memunjung	kupunjung
memunjung	kaupunjung
memunjung	dipunjung
memunjung	terpunjung
memunjung	punjung
memunjung	punjunglah
memunjungi	dipunjungi
memunjungi	kupunjungi
memunjungi	kaupunjungi
memunjungi	punjungi
memunjungi	punjungilah
memunjut	kupunjut
memunjut	kaupunjut
memunjut	dipunjut
memunjut	terpunjut
memunjut	punjut
memunjut	punjutlah
memuntahi	dimuntahi
memuntahi	kumuntahi
memuntahi	kaumuntahi
memuntahi	muntahi
memuntahi	muntahilah
memuntahkan	dimuntahkan
memuntahkan	kumuntahkan
memuntahkan	kaumuntahkan
memuntahkan	muntahkan
memuntahkan	muntahkanlah
memuntal	kupuntal
memuntal	kaupuntal
memuntal	dipuntal
memuntal	terpuntal
memuntal	puntal
memuntal	puntallah
memuntir	kupuntir
memuntir	kaupuntir
memuntir	dipuntir
memuntir	terpuntir
memuntir	puntir
memuntir	puntirlah
memuntung	kupuntung
memuntung	kaupuntung
memuntung	dipuntung
memuntung	terpuntung
memuntung	puntung
memuntung	puntunglah
memuntungkan	dipuntungkan
memuntungkan	kupuntungkan
memuntungkan	kaupuntungkan
memuntungkan	puntungkan
memuntungkan	puntungkanlah
memunyai	dipunyai
memunyai	kupunyai
memunyai	kaupunyai
memunyai	punyai
memunyai	punyailah
memupuh	kupupuh
memupuh	kaupupuh
memupuh	dipupuh
memupuh	terpupuh
memupuh	pupuh
memupuh	pupuhlah
memupuk	kupupuk
memupuk	kaupupuk
memupuk	dipupuk
memupuk	terpupuk
memupuk	pupuk
memupuk	pupuklah
memupur	kupupur
memupur	kaupupur
memupur	dipupur
memupur	terpupur
memupur	pupur
memupur	pupurlah
memupuri	dipupuri
memupuri	kupupuri
memupuri	kaupupuri
memupuri	pupuri
memupuri	pupurilah
memupus	kupupus
memupus	kaupupus
memupus	dipupus
memupus	terpupus
memupus	pupus
memupus	pupuslah
memupuskan	dipupuskan
memupuskan	kupupuskan
memupuskan	kaupupuskan
memupuskan	pupuskan
memupuskan	pupuskanlah
memuput	kupuput
memuput	kaupuput
memuput	dipuput
memuput	terpuput
memuput	puput
memuput	puputlah
memurahkan	dimurahkan
memurahkan	kumurahkan
memurahkan	kaumurahkan
memurahkan	murahkan
memurahkan	murahkanlah
memuram	kumuram
memuram	kaumuram
memuram	dimuram
memuram	termuram
memuram	muram
memuram	muramlah
memurkai	dimurkai
memurkai	kumurkai
memurkai	kaumurkai
memurkai	murkai
memurkai	murkailah
memurnikan	dimurnikan
memurnikan	kumurnikan
memurnikan	kaumurnikan
memurnikan	murnikan
memurnikan	murnikanlah
memurtadkan	dimurtadkan
memurtadkan	kumurtadkan
memurtadkan	kaumurtadkan
memurtadkan	murtadkan
memurtadkan	murtadkanlah
memurukkan	dipurukkan
memurukkan	kupurukkan
memurukkan	kaupurukkan
memurukkan	purukkan
memurukkan	purukkanlah
memusakai	dipusakai
memusakai	kupusakai
memusakai	kaupusakai
memusakai	pusakai
memusakai	pusakailah
memusar	kupusar
memusar	kaupusar
memusar	dipusar
memusar	terpusar
memusar	pusar
memusar	pusarlah
memuseumkan	dimuseumkan
memuseumkan	kumuseumkan
memuseumkan	kaumuseumkan
memuseumkan	museumkan
memuseumkan	museumkanlah
memusiki	dimusiki
memusiki	kumusiki
memusiki	kaumusiki
memusiki	musiki
memusiki	musikilah
memusing	kupusing
memusing	kaupusing
memusing	dipusing
memusing	terpusing
memusing	pusing
memusing	pusinglah
memuskilkan	dimuskilkan
memuskilkan	kumuskilkan
memuskilkan	kaumuskilkan
memuskilkan	muskilkan
memuskilkan	muskilkanlah
memusnahkan	dimusnahkan
memusnahkan	kumusnahkan
memusnahkan	kaumusnahkan
memusnahkan	musnahkan
memusnahkan	musnahkanlah
memusokan	dipusokan
memusokan	kupusokan
memusokan	kaupusokan
memusokan	pusokan
memusokan	pusokanlah
memustahilkan	dimustahilkan
memustahilkan	kumustahilkan
memustahilkan	kaumustahilkan
memustahilkan	mustahilkan
memustahilkan	mustahilkanlah
memusuhi	dimusuhi
memusuhi	kumusuhi
memusuhi	kaumusuhi
memusuhi	musuhi
memusuhi	musuhilah
memusut	kupusut
memusut	kaupusut
memusut	dipusut
memusut	terpusut
memusut	pusut
memusut	pusutlah
memutakhirkan	
memutalaah	kumutalaah
memutalaah	kaumutalaah
memutalaah	dimutalaah
memutalaah	termutalaah
memutalaah	mutalaah
memutalaah	mutalaahlah
memutalaahkan	dimutalaahkan
memutalaahkan	kumutalaahkan
memutalaahkan	kaumutalaahkan
memutalaahkan	mutalaahkan
memutalaahkan	mutalaahkanlah
memutar	kuputar
memutar	kauputar
memutar	diputar
memutar	terputar
memutar	putar
memutar	putarlah
memutar-mutar	
memutasikan	dimutasikan
memutasikan	kumutasikan
memutasikan	kaumutasikan
memutasikan	mutasikan
memutasikan	mutasikanlah
memutih	kuputih
memutih	kauputih
memutih	diputih
memutih	terputih
memutih	putih
memutih	putihlah
memutihkan	diputihkan
memutihkan	kuputihkan
memutihkan	kauputihkan
memutihkan	putihkan
memutihkan	putihkanlah
memutus	kuputus
memutus	kauputus
memutus	diputus
memutus	terputus
memutus	putus
memutus	putuslah
memutusi	diputusi
memutusi	kuputusi
memutusi	kauputusi
memutusi	putusi
memutusi	putusilah
memutuskan	diputuskan
memutuskan	kuputuskan
memutuskan	kauputuskan
memutuskan	putuskan
memutuskan	putuskanlah
memuyengkan	dipuyengkan
memuyengkan	kupuyengkan
memuyengkan	kaupuyengkan
memuyengkan	puyengkan
memuyengkan	puyengkanlah
memuyu-muyu	
memvaksinasi	kuvaksinasi
memvaksinasi	kauvaksinasi
memvaksinasi	divaksinasi
memvaksinasi	tervaksinasi
memvaksinasi	vaksinasi
memvaksinasi	vaksinasilah
memveto	kuveto
memveto	kauveto
memveto	diveto
memveto	terveto
memveto	veto
memveto	vetolah
memvisualisasikan	divisualisasikan
memvisualisasikan	kuvisualisasikan
memvisualisasikan	kauvisualisasikan
memvisualisasikan	visualisasikan
memvisualisasikan	visualisasikanlah
memvisualkan	divisualkan
memvisualkan	kuvisualkan
memvisualkan	kauvisualkan
memvisualkan	visualkan
memvisualkan	visualkanlah
memvitalkan	divitalkan
memvitalkan	kuvitalkan
memvitalkan	kauvitalkan
memvitalkan	vitalkan
memvitalkan	vitalkanlah
memvonis	kuvonis
memvonis	kauvonis
memvonis	divonis
memvonis	tervonis
memvonis	vonis
memvonis	vonislah
menaati	ditaati
menaati	kutaati
menaati	kautaati
menaati	taati
menaati	taatilah
menabahkan	ditabahkan
menabahkan	kutabahkan
menabahkan	kautabahkan
menabahkan	tabahkan
menabahkan	tabahkanlah
menabak	kutabak
menabak	kautabak
menabak	ditabak
menabak	tertabak
menabak	tabak
menabak	tabaklah
menabalkan	ditabalkan
menabalkan	kutabalkan
menabalkan	kautabalkan
menabalkan	tabalkan
menabalkan	tabalkanlah
menabelkan	ditabelkan
menabelkan	kutabelkan
menabelkan	kautabelkan
menabelkan	tabelkan
menabelkan	tabelkanlah
menabik	kutabik
menabik	kautabik
menabik	ditabik
menabik	tertabik
menabik	tabik
menabik	tabiklah
menabiri	ditabiri
menabiri	kutabiri
menabiri	kautabiri
menabiri	tabiri
menabiri	tabirilah
menabok	kutabok
menabok	kautabok
menabok	ditabok
menabok	tertabok
menabok	tabok
menabok	taboklah
menabrak	kutabrak
menabrak	kautabrak
menabrak	ditabrak
menabrak	tertabrak
menabrak	tabrak
menabrak	tabraklah
menabuh	kutabuh
menabuh	kautabuh
menabuh	ditabuh
menabuh	tertabuh
menabuh	tabuh
menabuh	tabuhlah
menabukan	ditabukan
menabukan	kutabukan
menabukan	kautabukan
menabukan	tabukan
menabukan	tabukanlah
menabulasi	kutabulasi
menabulasi	kautabulasi
menabulasi	ditabulasi
menabulasi	tertabulasi
menabulasi	tabulasi
menabulasi	tabulasilah
menabun	kutabun
menabun	kautabun
menabun	ditabun
menabun	tertabun
menabun	tabun
menabun	tabunlah
menabung	kutabung
menabung	kautabung
menabung	ditabung
menabung	tertabung
menabung	tabung
menabung	tabunglah
menabungkan	ditabungkan
menabungkan	kutabungkan
menabungkan	kautabungkan
menabungkan	tabungkan
menabungkan	tabungkanlah
menabur	kutabur
menabur	kautabur
menabur	ditabur
menabur	tertabur
menabur	tabur
menabur	taburlah
menaburi	ditaburi
menaburi	kutaburi
menaburi	kautaburi
menaburi	taburi
menaburi	taburilah
menadaburkan	ditadaburkan
menadaburkan	kutadaburkan
menadaburkan	kautadaburkan
menadaburkan	tadaburkan
menadaburkan	tadaburkanlah
menadah	kutadah
menadah	kautadah
menadah	ditadah
menadah	tertadah
menadah	tadah
menadah	tadahlah
menadbirkan	ditadbirkan
menadbirkan	kutadbirkan
menadbirkan	kautadbirkan
menadbirkan	tadbirkan
menadbirkan	tadbirkanlah
menafahus	kutafahus
menafahus	kautafahus
menafahus	ditafahus
menafahus	tertafahus
menafahus	tafahus
menafahus	tafahuslah
menafikan	dinafikan
menafikan	kunafikan
menafikan	kaunafikan
menafikan	nafikan
menafikan	nafikanlah
menafkahi	dinafkahi
menafkahi	kunafkahi
menafkahi	kaunafkahi
menafkahi	nafkahi
menafkahi	nafkahilah
menafkahkan	dinafkahkan
menafkahkan	kunafkahkan
menafkahkan	kaunafkahkan
menafkahkan	nafkahkan
menafkahkan	nafkahkanlah
menafsirkan	ditafsirkan
menafsirkan	kutafsirkan
menafsirkan	kautafsirkan
menafsirkan	tafsirkan
menafsirkan	tafsirkanlah
menagak	kutagak
menagak	kautagak
menagak	ditagak
menagak	tertagak
menagak	tagak
menagak	tagaklah
menagak-nagak	
menagih	kutagih
menagih	kautagih
menagih	ditagih
menagih	tertagih
menagih	tagih
menagih	tagihlah
menahan	kutahan
menahan	kautahan
menahan	ditahan
menahan	tertahan
menahan	tahan
menahan	tahanlah
menahani	ditahani
menahani	kutahani
menahani	kautahani
menahani	tahani
menahani	tahanilah
menahbiskan	ditahbiskan
menahbiskan	kutahbiskan
menahbiskan	kautahbiskan
menahbiskan	tahbiskan
menahbiskan	tahbiskanlah
menahkikkan	ditahkikkan
menahkikkan	kutahkikkan
menahkikkan	kautahkikkan
menahkikkan	tahkikkan
menahkikkan	tahkikkanlah
menahnik	kutahnik
menahnik	kautahnik
menahnik	ditahnik
menahnik	tertahnik
menahnik	tahnik
menahnik	tahniklah
menahun	kutahun
menahun	kautahun
menahun	ditahun
menahun	tertahun
menahun	tahun
menahun	tahunlah
menaik	kunaik
menaik	kaunaik
menaik	dinaik
menaik	ternaik
menaik	naik
menaik	naiklah
menaiki	dinaiki
menaiki	kunaiki
menaiki	kaunaiki
menaiki	naiki
menaiki	naikilah
menaikkan	dinaikkan
menaikkan	kunaikkan
menaikkan	kaunaikkan
menaikkan	naikkan
menaikkan	naikkanlah
menaikturunkan	
menaja	kutaja
menaja	kautaja
menaja	ditaja
menaja	tertaja
menaja	taja
menaja	tajalah
menajak	kutajak
menajak	kautajak
menajak	ditajak
menajak	tertajak
menajak	tajak
menajak	tajaklah
menajamkan	ditajamkan
menajamkan	kutajamkan
menajamkan	kautajamkan
menajamkan	tajamkan
menajamkan	tajamkanlah
menajin	kutajin
menajin	kautajin
menajin	ditajin
menajin	tertajin
menajin	tajin
menajin	tajinlah
menajinkan	ditajinkan
menajinkan	kutajinkan
menajinkan	kautajinkan
menajinkan	tajinkan
menajinkan	tajinkanlah
menajiskan	dinajiskan
menajiskan	kunajiskan
menajiskan	kaunajiskan
menajiskan	najiskan
menajiskan	najiskanlah
menajuk	kutajuk
menajuk	kautajuk
menajuk	ditajuk
menajuk	tertajuk
menajuk	tajuk
menajuk	tajuklah
menakah	kutakah
menakah	kautakah
menakah	ditakah
menakah	tertakah
menakah	takah
menakah	takahlah
menakak	kutakak
menakak	kautakak
menakak	ditakak
menakak	tertakak
menakak	takak
menakak	takaklah
menakali	dinakali
menakali	kunakali
menakali	kaunakali
menakali	nakali
menakali	nakalilah
menakar	kutakar
menakar	kautakar
menakar	ditakar
menakar	tertakar
menakar	takar
menakar	takarlah
menakari	ditakari
menakari	kutakari
menakari	kautakari
menakari	takari
menakari	takarilah
menakbirkan	ditakbirkan
menakbirkan	kutakbirkan
menakbirkan	kautakbirkan
menakbirkan	takbirkan
menakbirkan	takbirkanlah
menakdiskan	ditakdiskan
menakdiskan	kutakdiskan
menakdiskan	kautakdiskan
menakdiskan	takdiskan
menakdiskan	takdiskanlah
menakhlikkan	ditakhlikkan
menakhlikkan	kutakhlikkan
menakhlikkan	kautakhlikkan
menakhlikkan	takhlikkan
menakhlikkan	takhlikkanlah
menakhodai	dinakhodai
menakhodai	kunakhodai
menakhodai	kaunakhodai
menakhodai	nakhodai
menakhodai	nakhodailah
menakhsiskan	ditakhsiskan
menakhsiskan	kutakhsiskan
menakhsiskan	kautakhsiskan
menakhsiskan	takhsiskan
menakhsiskan	takhsiskanlah
menaki	kutaki
menaki	kautaki
menaki	ditaki
menaki	tertaki
menaki	taki
menaki	takilah
menakik	kutakik
menakik	kautakik
menakik	ditakik
menakik	tertakik
menakik	takik
menakik	takiklah
menakjubi	ditakjubi
menakjubi	kutakjubi
menakjubi	kautakjubi
menakjubi	takjubi
menakjubi	takjubilah
menakjubkan	ditakjubkan
menakjubkan	kutakjubkan
menakjubkan	kautakjubkan
menakjubkan	takjubkan
menakjubkan	takjubkanlah
menaklik	kutaklik
menaklik	kautaklik
menaklik	ditaklik
menaklik	tertaklik
menaklik	taklik
menaklik	takliklah
menakluk	kutakluk
menakluk	kautakluk
menakluk	ditakluk
menakluk	tertakluk
menakluk	takluk
menakluk	takluklah
menaklukkan	ditaklukkan
menaklukkan	kutaklukkan
menaklukkan	kautaklukkan
menaklukkan	taklukkan
menaklukkan	taklukkanlah
menakma	kutakma
menakma	kautakma
menakma	ditakma
menakma	tertakma
menakma	takma
menakma	takmalah
menakol	kutakol
menakol	kautakol
menakol	ditakol
menakol	tertakol
menakol	takol
menakol	takollah
menakrifkan	ditakrifkan
menakrifkan	kutakrifkan
menakrifkan	kautakrifkan
menakrifkan	takrifkan
menakrifkan	takrifkanlah
menaksikan	ditaksikan
menaksikan	kutaksikan
menaksikan	kautaksikan
menaksikan	taksikan
menaksikan	taksikanlah
menaksir	kutaksir
menaksir	kautaksir
menaksir	ditaksir
menaksir	tertaksir
menaksir	taksir
menaksir	taksirlah
menaksirkan	ditaksirkan
menaksirkan	kutaksirkan
menaksirkan	kautaksirkan
menaksirkan	taksirkan
menaksirkan	taksirkanlah
menakuk	kutakuk
menakuk	kautakuk
menakuk	ditakuk
menakuk	tertakuk
menakuk	takuk
menakuk	takuklah
menakung	kutakung
menakung	kautakung
menakung	ditakung
menakung	tertakung
menakung	takung
menakung	takunglah
menakur	kutakur
menakur	kautakur
menakur	ditakur
menakur	tertakur
menakur	takur
menakur	takurlah
menakurkan	ditakurkan
menakurkan	kutakurkan
menakurkan	kautakurkan
menakurkan	takurkan
menakurkan	takurkanlah
menakut-nakuti	
menakuti	ditakuti
menakuti	kutakuti
menakuti	kautakuti
menakuti	takuti
menakuti	takutilah
menakutkan	ditakutkan
menakutkan	kutakutkan
menakutkan	kautakutkan
menakutkan	takutkanlah
menakwilkan	ditakwilkan
menakwilkan	kutakwilkan
menakwilkan	kautakwilkan
menakwilkan	takwilkan
menakwilkan	takwilkanlah
menakzimkan	ditakzimkan
menakzimkan	kutakzimkan
menakzimkan	kautakzimkan
menakzimkan	takzimkan
menakzimkan	takzimkanlah
menakzirkan	ditakzirkan
menakzirkan	kutakzirkan
menakzirkan	kautakzirkan
menakzirkan	takzirkan
menakzirkan	takzirkanlah
menala	kutala
menala	kautala
menala	ditala
menala	tertala
menala	tala
menala	talalah
menalak	kutalak
menalak	kautalak
menalak	ditalak
menalak	tertalak
menalak	talak
menalak	talaklah
menalakan	ditalakan
menalakan	kutalakan
menalakan	kautalakan
menalakan	talakan
menalakan	talakanlah
menalang	kutalang
menalang	kautalang
menalang	ditalang
menalang	tertalang
menalang	talang
menalang	talanglah
menalangi	ditalangi
menalangi	kutalangi
menalangi	kautalangi
menalangi	talangi
menalangi	talangilah
menalkinkan	ditalkinkan
menalkinkan	kutalkinkan
menalkinkan	kautalkinkan
menalkinkan	talkinkan
menalkinkan	talkinkanlah
menamai	dinamai
menamai	kunamai
menamai	kaunamai
menamai	namai
menamai	namailah
menamatkan	ditamatkan
menamatkan	kutamatkan
menamatkan	kautamatkan
menamatkan	tamatkan
menamatkan	tamatkanlah
menambah	kutambah
menambah	kautambah
menambah	ditambah
menambah	tertambah
menambah	tambah
menambah	tambahlah
menambahi	ditambahi
menambahi	kutambahi
menambahi	kautambahi
menambahi	tambahi
menambahi	tambahilah
menambak	kutambak
menambak	kautambak
menambak	ditambak
menambak	tertambak
menambak	tambak
menambak	tambaklah
menambal	kutambal
menambal	kautambal
menambal	ditambal
menambal	tertambal
menambal	tambal
menambal	tamballah
menambalkan	ditambalkan
menambalkan	kutambalkan
menambalkan	kautambalkan
menambalkan	tambalkan
menambalkan	tambalkanlah
menambang	kutambang
menambang	kautambang
menambang	ditambang
menambang	tertambang
menambang	tambang
menambang	tambanglah
menambangkan	ditambangkan
menambangkan	kutambangkan
menambangkan	kautambangkan
menambangkan	tambangkan
menambangkan	tambangkanlah
menambari	ditambari
menambari	kutambari
menambari	kautambari
menambari	tambari
menambari	tambarilah
menambat	kutambat
menambat	kautambat
menambat	ditambat
menambat	tertambat
menambat	tambat
menambat	tambatlah
menambul	kutambul
menambul	kautambul
menambul	ditambul
menambul	tertambul
menambul	tambul
menambul	tambullah
menambun	kutambun
menambun	kautambun
menambun	ditambun
menambun	tertambun
menambun	tambun
menambun	tambunlah
menambungi	ditambungi
menambungi	kutambungi
menambungi	kautambungi
menambungi	tambungi
menambungi	tambungilah
menambus	kutambus
menambus	kautambus
menambus	ditambus
menambus	tertambus
menambus	tambus
menambus	tambuslah
menamengi	ditamengi
menamengi	kutamengi
menamengi	kautamengi
menamengi	tamengi
menamengi	tamengilah
menampak	kutampak
menampak	kautampak
menampak	ditampak
menampak	tertampak
menampak	tampak
menampak	tampaklah
menampakkan	ditampakkan
menampakkan	kutampakkan
menampakkan	kautampakkan
menampakkan	tampakkan
menampakkan	tampakkanlah
menampal	kutampal
menampal	kautampal
menampal	ditampal
menampal	tertampal
menampal	tampal
menampal	tampallah
menampali	ditampali
menampali	kutampali
menampali	kautampali
menampali	tampali
menampali	tampalilah
menampalkan	ditampalkan
menampalkan	kutampalkan
menampalkan	kautampalkan
menampalkan	tampalkan
menampalkan	tampalkanlah
menampan	kutampan
menampan	kautampan
menampan	ditampan
menampan	tertampan
menampan	tampan
menampan	tampanlah
menampang	kutampang
menampang	kautampang
menampang	ditampang
menampang	tertampang
menampang	tampang
menampang	tampanglah
menampar	kutampar
menampar	kautampar
menampar	ditampar
menampar	tertampar
menampar	tampar
menampar	tamparlah
menampari	ditampari
menampari	kutampari
menampari	kautampari
menampari	tampari
menampari	tamparilah
menampas	kutampas
menampas	kautampas
menampas	ditampas
menampas	tertampas
menampas	tampas
menampas	tampaslah
menampel	kutampel
menampel	kautampel
menampel	ditampel
menampel	tertampel
menampel	tampel
menampel	tampellah
menampi	kutampi
menampi	kautampi
menampi	ditampi
menampi	tertampi
menampi	tampi
menampi	tampilah
menampik	kutampik
menampik	kautampik
menampik	ditampik
menampik	tertampik
menampik	tampik
menampik	tampiklah
menampilkan	ditampilkan
menampilkan	kutampilkan
menampilkan	kautampilkan
menampilkan	tampilkan
menampilkan	tampilkanlah
menampin	kutampin
menampin	kautampin
menampin	ditampin
menampin	tertampin
menampin	tampin
menampin	tampinlah
menampung	kutampung
menampung	kautampung
menampung	ditampung
menampung	tertampung
menampung	tampung
menampung	tampunglah
menamu	kutamu
menamu	kautamu
menamu	ditamu
menamu	tertamu
menamu	tamu
menamu	tamulah
menamui	ditamui
menamui	kutamui
menamui	kautamui
menamui	tamui
menamui	tamuilah
menamyizkan	ditamyizkan
menamyizkan	kutamyizkan
menamyizkan	kautamyizkan
menamyizkan	tamyizkan
menamyizkan	tamyizkanlah
menanah	kunanah
menanah	kaunanah
menanah	dinanah
menanah	ternanah
menanah	nanah
menanah	nanahlah
menanai	kutanai
menanai	kautanai
menanai	ditanai
menanai	tertanai
menanai	tanai
menanai	tanailah
menanak	kutanak
menanak	kautanak
menanak	ditanak
menanak	tertanak
menanak	tanak
menanak	tanaklah
menanam	kutanam
menanam	kautanam
menanam	ditanam
menanam	tertanam
menanam	tanam
menanam	tanamlah
menanami	ditanami
menanami	kutanami
menanami	kautanami
menanami	tanami
menanami	tanamilah
menanang	kutanang
menanang	kautanang
menanang	ditanang
menanang	tertanang
menanang	tanang
menanang	tananglah
menanap	kunanap
menanap	kaunanap
menanap	dinanap
menanap	ternanap
menanap	nanap
menanap	nanaplah
menanarkan	dinanarkan
menanarkan	kunanarkan
menanarkan	kaunanarkan
menanarkan	nanarkan
menanarkan	nanarkanlah
menancang	kutancang
menancang	kautancang
menancang	ditancang
menancang	tertancang
menancang	tancang
menancang	tancanglah
menancap	kutancap
menancap	kautancap
menancap	ditancap
menancap	tertancap
menancap	tancap
menancap	tancaplah
menancapkan	ditancapkan
menancapkan	kutancapkan
menancapkan	kautancapkan
menancapkan	tancapkan
menancapkan	tancapkanlah
menandai	ditandai
menandai	kutandai
menandai	kautandai
menandai	tandai
menandai	tandailah
menandak	kutandak
menandak	kautandak
menandak	ditandak
menandak	tertandak
menandak	tandak
menandak	tandaklah
menandangi	ditandangi
menandangi	kutandangi
menandangi	kautandangi
menandangi	tandangi
menandangi	tandangilah
menandaskan	ditandaskan
menandaskan	kutandaskan
menandaskan	kautandaskan
menandaskan	tandaskan
menandaskan	tandaskanlah
menanding	kutanding
menanding	kautanding
menanding	ditanding
menanding	tertanding
menanding	tanding
menanding	tandinglah
menandingi	ditandingi
menandingi	kutandingi
menandingi	kautandingi
menandingi	tandingi
menandingi	tandingilah
menandu	kutandu
menandu	kautandu
menandu	ditandu
menandu	tertandu
menandu	tandu
menandu	tandulah
menanduk	kutanduk
menanduk	kautanduk
menanduk	ditanduk
menanduk	tertanduk
menanduk	tanduk
menanduk	tanduklah
menanduskan	ditanduskan
menanduskan	kutanduskan
menanduskan	kautanduskan
menanduskan	tanduskan
menanduskan	tanduskanlah
menangani	ditangani
menangani	kutangani
menangani	kautangani
menangani	tangani
menangani	tanganilah
menangap	kutangap
menangap	kautangap
menangap	ditangap
menangap	tertangap
menangap	tangap
menangap	tangaplah
menangas	kutangas
menangas	kautangas
menangas	ditangas
menangas	tertangas
menangas	tangas
menangas	tangaslah
menanggali	ditanggali
menanggali	kutanggali
menanggali	kautanggali
menanggali	tanggali
menanggali	tanggalilah
menanggam	kutanggam
menanggam	kautanggam
menanggam	ditanggam
menanggam	tertanggam
menanggam	tanggam
menanggam	tanggamlah
menanggang	kutanggang
menanggang	kautanggang
menanggang	ditanggang
menanggang	tertanggang
menanggang	tanggang
menanggang	tangganglah
menanggap	kutanggap
menanggap	kautanggap
menanggap	ditanggap
menanggap	tertanggap
menanggap	tanggap
menanggap	tanggaplah
menanggapi	ditanggapi
menanggapi	kutanggapi
menanggapi	kautanggapi
menanggapi	tanggapi
menanggapi	tanggapilah
menanggapkan	ditanggapkan
menanggapkan	kutanggapkan
menanggapkan	kautanggapkan
menanggapkan	tanggapkan
menanggapkan	tanggapkanlah
menangguk	kutangguk
menangguk	kautangguk
menangguk	ditangguk
menangguk	tertangguk
menangguk	tangguk
menangguk	tangguklah
menanggul	kutanggul
menanggul	kautanggul
menanggul	ditanggul
menanggul	tertanggul
menanggul	tanggul
menanggul	tanggullah
menanggulangi	ditanggulangi
menanggulangi	kutanggulangi
menanggulangi	kautanggulangi
menanggulangi	tanggulangi
menanggulangi	tanggulangilah
menanggung	kutanggung
menanggung	kautanggung
menanggung	ditanggung
menanggung	tertanggung
menanggung	tanggung
menanggung	tanggunglah
menanggungkan	ditanggungkan
menanggungkan	kutanggungkan
menanggungkan	kautanggungkan
menanggungkan	tanggungkan
menanggungkan	tanggungkanlah
menangis	kutangis
menangis	kautangis
menangis	ditangis
menangis	tertangis
menangis	tangis
menangis	tangislah
menangisi	ditangisi
menangisi	kutangisi
menangisi	kautangisi
menangisi	tangisi
menangisi	tangisilah
menangiskan	ditangiskan
menangiskan	kutangiskan
menangiskan	kautangiskan
menangiskan	tangiskan
menangiskan	tangiskanlah
menangkal	kutangkal
menangkal	kautangkal
menangkal	ditangkal
menangkal	tertangkal
menangkal	tangkal
menangkal	tangkallah
menangkalkan	ditangkalkan
menangkalkan	kutangkalkan
menangkalkan	kautangkalkan
menangkalkan	tangkalkan
menangkalkan	tangkalkanlah
menangkap	kutangkap
menangkap	kautangkap
menangkap	ditangkap
menangkap	tertangkap
menangkap	tangkap
menangkap	tangkaplah
menangkaskan	ditangkaskan
menangkaskan	kutangkaskan
menangkaskan	kautangkaskan
menangkaskan	tangkaskan
menangkaskan	tangkaskanlah
menangkis	kutangkis
menangkis	kautangkis
menangkis	ditangkis
menangkis	tertangkis
menangkis	tangkis
menangkis	tangkislah
menangkuk	kutangkuk
menangkuk	kautangkuk
menangkuk	ditangkuk
menangkuk	tertangkuk
menangkuk	tangkuk
menangkuk	tangkuklah
menangkul	kutangkul
menangkul	kautangkul
menangkul	ditangkul
menangkul	tertangkul
menangkul	tangkul
menangkul	tangkullah
menangkup	kutangkup
menangkup	kautangkup
menangkup	ditangkup
menangkup	tertangkup
menangkup	tangkup
menangkup	tangkuplah
menangsel	kutangsel
menangsel	kautangsel
menangsel	ditangsel
menangsel	tertangsel
menangsel	tangsel
menangsel	tangsellah
menanjak	kutanjak
menanjak	kautanjak
menanjak	ditanjak
menanjak	tertanjak
menanjak	tanjak
menanjak	tanjaklah
menanjul	kutanjul
menanjul	kautanjul
menanjul	ditanjul
menanjul	tertanjul
menanjul	tanjul
menanjul	tanjullah
menanjuli	ditanjuli
menanjuli	kutanjuli
menanjuli	kautanjuli
menanjuli	tanjuli
menanjuli	tanjulilah
menanjung	kutanjung
menanjung	kautanjung
menanjung	ditanjung
menanjung	tertanjung
menanjung	tanjung
menanjung	tanjunglah
menanjur	kutanjur
menanjur	kautanjur
menanjur	ditanjur
menanjur	tertanjur
menanjur	tanjur
menanjur	tanjurlah
menanjur-nanjur	
menantang	kutantang
menantang	kautantang
menantang	ditantang
menantang	tertantang
menantang	tantang
menantang	tantanglah
menanti	kunanti
menanti	kaunanti
menanti	dinanti
menanti	ternanti
menanti	nanti
menanti	nantilah
menanti-nanti	
menantikan	dinantikan
menantikan	kunantikan
menantikan	kaunantikan
menantikan	nantikan
menantikan	nantikanlah
menanwinkan	ditanwinkan
menanwinkan	kutanwinkan
menanwinkan	kautanwinkan
menanwinkan	tanwinkan
menanwinkan	tanwinkanlah
menanya	kutanya
menanya	kautanya
menanya	ditanya
menanya	tertanya
menanya	tanya
menanya	tanyalah
menanyai	ditanyai
menanyai	kutanyai
menanyai	kautanyai
menanyai	tanyai
menanyai	tanyailah
menapai	kutapai
menapai	kautapai
menapai	ditapai
menapai	tertapai
menapai	tapai
menapai	tapailah
menapak	kutapak
menapak	kautapak
menapak	ditapak
menapak	tertapak
menapak	tapak
menapak	tapaklah
menapaki	ditapaki
menapaki	kutapaki
menapaki	kautapaki
menapaki	tapaki
menapaki	tapakilah
menapis	kutapis
menapis	kautapis
menapis	ditapis
menapis	tertapis
menapis	tapis
menapis	tapislah
menapuk	kutapuk
menapuk	kautapuk
menapuk	ditapuk
menapuk	tertapuk
menapuk	tapuk
menapuk	tapuklah
menapung	kutapung
menapung	kautapung
menapung	ditapung
menapung	tertapung
menapung	tapung
menapung	tapunglah
menarah	kutarah
menarah	kautarah
menarah	ditarah
menarah	tertarah
menarah	tarah
menarah	tarahlah
menarang	kutarang
menarang	kautarang
menarang	ditarang
menarang	tertarang
menarang	tarang
menarang	taranglah
menarbiahkan	ditarbiahkan
menarbiahkan	kutarbiahkan
menarbiahkan	kautarbiahkan
menarbiahkan	tarbiahkan
menarbiahkan	tarbiahkanlah
menargetkan	ditargetkan
menargetkan	kutargetkan
menargetkan	kautargetkan
menargetkan	targetkan
menargetkan	targetkanlah
menari	kutari
menari	kautari
menari	ditari
menari	tertari
menari	tari
menari	tarilah
menarifkan	ditarifkan
menarifkan	kutarifkan
menarifkan	kautarifkan
menarifkan	tarifkan
menarifkan	tarifkanlah
menarik	kutarik
menarik	kautarik
menarik	ditarik
menarik	tertarik
menarik	tarik
menarik	tariklah
menarikanlah	ditarikan
menarikanlah	kutarikan
menarikanlah	kautarikan
menarikanlah	tarikan
menarikanlah	tarikanlah
menarikhkan	ditarikhkan
menarikhkan	kutarikhkan
menarikhkan	kautarikhkan
menarikhkan	tarikhkan
menarikhkan	tarikhkanlah
menarilah	kutari
menarilah	kautari
menarilah	ditari
menarilah	tertari
menarilah	tari
menarilah	tarilah
menaris	kutaris
menaris	kautaris
menaris	ditaris
menaris	tertaris
menaris	taris
menaris	tarislah
menaruh	kutaruh
menaruh	kautaruh
menaruh	ditaruh
menaruh	tertaruh
menaruh	taruh
menaruh	taruhlah
menaruhi	ditaruhi
menaruhi	kutaruhi
menaruhi	kautaruhi
menaruhi	taruhi
menaruhi	taruhilah
menarung	kutarung
menarung	kautarung
menarung	ditarung
menarung	tertarung
menarung	tarung
menarung	tarunglah
menarupi	ditarupi
menarupi	kutarupi
menarupi	kautarupi
menarupi	tarupi
menarupi	tarupilah
menasak	kutasak
menasak	kautasak
menasak	ditasak
menasak	tertasak
menasak	tasak
menasak	tasaklah
menasarufkan	ditasarufkan
menasarufkan	kutasarufkan
menasarufkan	kautasarufkan
menasarufkan	tasarufkan
menasarufkan	tasarufkanlah
menasdikkan	ditasdikkan
menasdikkan	kutasdikkan
menasdikkan	kautasdikkan
menasdikkan	tasdikkan
menasdikkan	tasdikkanlah
menashih	kutashih
menashih	kautashih
menashih	ditashih
menashih	tertashih
menashih	tashih
menashih	tashihlah
menashihkan	ditashihkan
menashihkan	kutashihkan
menashihkan	kautashihkan
menashihkan	tashihkan
menashihkan	tashihkanlah
menasihati	dinasihati
menasihati	kunasihati
menasihati	kaunasihati
menasihati	nasihati
menasihati	nasihatilah
menasihatkan	dinasihatkan
menasihatkan	kunasihatkan
menasihatkan	kaunasihatkan
menasihatkan	nasihatkan
menasihatkan	nasihatkanlah
menasional	kunasional
menasional	kaunasional
menasional	dinasional
menasional	ternasional
menasional	nasional
menasional	nasionallah
menasionalisasi	kunasionalisasi
menasionalisasi	kaunasionalisasi
menasionalisasi	dinasionalisasi
menasionalisasi	ternasionalisasi
menasionalisasi	nasionalisasi
menasionalisasi	nasionalisasilah
menasionalisasikan	dinasionalisasikan
menasionalisasikan	kunasionalisasikan
menasionalisasikan	kaunasionalisasikan
menasionalisasikan	nasionalisasikan
menasionalisasikan	nasionalisasikanlah
menasionalkan	dinasionalkan
menasionalkan	kunasionalkan
menasionalkan	kaunasionalkan
menasionalkan	nasionalkan
menasionalkan	nasionalkanlah
menasrifkan	ditasrifkan
menasrifkan	kutasrifkan
menasrifkan	kautasrifkan
menasrifkan	tasrifkan
menasrifkan	tasrifkanlah
menasyrihkan	ditasyrihkan
menasyrihkan	kutasyrihkan
menasyrihkan	kautasyrihkan
menasyrihkan	tasyrihkan
menasyrihkan	tasyrihkanlah
menata	kutata
menata	kautata
menata	ditata
menata	tertata
menata	tata
menata	tatalah
menatah	kutatah
menatah	kautatah
menatah	ditatah
menatah	tertatah
menatah	tatah
menatah	tatahlah
menataki	ditataki
menataki	kutataki
menataki	kautataki
menataki	tataki
menataki	tatakilah
menatang	kutatang
menatang	kautatang
menatang	ditatang
menatang	tertatang
menatang	tatang
menatang	tatanglah
menatap	kutatap
menatap	kautatap
menatap	ditatap
menatap	tertatap
menatap	tatap
menatap	tataplah
menatapi	ditatapi
menatapi	kutatapi
menatapi	kautatapi
menatapi	tatapi
menatapi	tatapilah
menatar	kutatar
menatar	kautatar
menatar	ditatar
menatar	tertatar
menatar	tatar
menatar	tatarlah
menatih	kutatih
menatih	kautatih
menatih	ditatih
menatih	tertatih
menatih	tatih
menatih	tatihlah
menating	kutating
menating	kautating
menating	ditating
menating	tertating
menating	tating
menating	tatinglah
menato	kutato
menato	kautato
menato	ditato
menato	tertato
menato	tato
menato	tatolah
menaturalisasi	kunaturalisasi
menaturalisasi	kaunaturalisasi
menaturalisasi	dinaturalisasi
menaturalisasi	ternaturalisasi
menaturalisasi	naturalisasi
menaturalisasi	naturalisasilah
menauhidkan	ditauhidkan
menauhidkan	kutauhidkan
menauhidkan	kautauhidkan
menauhidkan	tauhidkan
menauhidkan	tauhidkanlah
menaungi	dinaungi
menaungi	kunaungi
menaungi	kaunaungi
menaungi	naungi
menaungi	naungilah
menauri	ditauri
menauri	kutauri
menauri	kautauri
menauri	tauri
menauri	taurilah
menawan	kutawan
menawan	kautawan
menawan	ditawan
menawan	tertawan
menawan	tawan
menawan	tawanlah
menawar	kutawar
menawar	kautawar
menawar	ditawar
menawar	tertawar
menawar	tawar
menawar	tawarlah
menawari	ditawari
menawari	kutawari
menawari	kautawari
menawari	tawari
menawari	tawarilah
menawarkan	ditawarkan
menawarkan	kutawarkan
menawarkan	kautawarkan
menawarkan	tawarkan
menawarkan	tawarkanlah
menayang	kutayang
menayang	kautayang
menayang	ditayang
menayang	tertayang
menayang	tayang
menayang	tayanglah
menayangkan	ditayangkan
menayangkan	kutayangkan
menayangkan	kautayangkan
menayangkan	tayangkan
menayangkan	tayangkanlah
menazamkan	dinazamkan
menazamkan	kunazamkan
menazamkan	kaunazamkan
menazamkan	nazamkan
menazamkan	nazamkanlah
mencabang	kucabang
mencabang	kaucabang
mencabang	dicabang
mencabang	tercabang
mencabang	cabang
mencabang	cabanglah
mencabarkan	dicabarkan
mencabarkan	kucabarkan
mencabarkan	kaucabarkan
mencabarkan	cabarkan
mencabarkan	cabarkanlah
mencabau	kucabau
mencabau	kaucabau
mencabau	dicabau
mencabau	tercabau
mencabau	cabau
mencabau	cabaulah
mencabik	kucabik
mencabik	kaucabik
mencabik	dicabik
mencabik	tercabik
mencabik	cabik
mencabik	cabiklah
mencabik-cabik	
mencabik-cabikkan	
mencabikkan	dicabikkan
mencabikkan	kucabikkan
mencabikkan	kaucabikkan
mencabikkan	cabikkan
mencabikkan	cabikkanlah
mencabul	kucabul
mencabul	kaucabul
mencabul	dicabul
mencabul	tercabul
mencabul	cabul
mencabul	cabullah
mencabuli	dicabuli
mencabuli	kucabuli
mencabuli	kaucabuli
mencabuli	cabuli
mencabuli	cabulilah
mencabut	kucabut
mencabut	kaucabut
mencabut	dicabut
mencabut	tercabut
mencabut	cabut
mencabut	cabutlah
mencabuti	dicabuti
mencabuti	kucabuti
mencabuti	kaucabuti
mencabuti	cabuti
mencabuti	cabutilah
mencacah	kucacah
mencacah	kaucacah
mencacah	dicacah
mencacah	tercacah
mencacah	cacah
mencacah	cacahlah
mencacah-cacah	
mencacak	kucacak
mencacak	kaucacak
mencacak	dicacak
mencacak	tercacak
mencacak	cacak
mencacak	cacaklah
mencacakkan	dicacakkan
mencacakkan	kucacakkan
mencacakkan	kaucacakkan
mencacakkan	cacakkan
mencacakkan	cacakkanlah
mencacap	kucacap
mencacap	kaucacap
mencacap	dicacap
mencacap	tercacap
mencacap	cacap
mencacap	cacaplah
mencacapi	dicacapi
mencacapi	kucacapi
mencacapi	kaucacapi
mencacapi	cacapi
mencacapi	cacapilah
mencacar	kucacar
mencacar	kaucacar
mencacar	dicacar
mencacar	tercacar
mencacar	cacar
mencacar	cacarlah
mencacat	kucacat
mencacat	kaucacat
mencacat	dicacat
mencacat	tercacat
mencacat	cacat
mencacat	cacatlah
mencacati	dicacati
mencacati	kucacati
mencacati	kaucacati
mencacati	cacati
mencacati	cacatilah
mencacau	kucacau
mencacau	kaucacau
mencacau	dicacau
mencacau	tercacau
mencacau	cacau
mencacau	cacaulah
mencaci	kucaci
mencaci	kaucaci
mencaci	dicaci
mencaci	tercaci
mencaci	caci
mencaci	cacilah
mencadai	kucadai
mencadai	kaucadai
mencadai	dicadai
mencadai	tercadai
mencadai	cadai
mencadai	cadailah
mencadung	kucadung
mencadung	kaucadung
mencadung	dicadung
mencadung	tercadung
mencadung	cadung
mencadung	cadunglah
mencagak	kucagak
mencagak	kaucagak
mencagak	dicagak
mencagak	tercagak
mencagak	cagak
mencagak	cagaklah
mencagarkan	dicagarkan
mencagarkan	kucagarkan
mencagarkan	kaucagarkan
mencagarkan	cagarkan
mencagarkan	cagarkanlah
mencagil	kucagil
mencagil	kaucagil
mencagil	dicagil
mencagil	tercagil
mencagil	cagil
mencagil	cagillah
mencagun	kucagun
mencagun	kaucagun
mencagun	dicagun
mencagun	tercagun
mencagun	cagun
mencagun	cagunlah
mencahar	kucahar
mencahar	kaucahar
mencahar	dicahar
mencahar	tercahar
mencahar	cahar
mencahar	caharlah
mencaing-caing	
mencair	
mencairkan	dicairkan
mencairkan	kucairkan
mencairkan	kaucairkan
mencairkan	cairkan
mencairkan	cairkanlah
mencakar	kucakar
mencakar	kaucakar
mencakar	dicakar
mencakar	tercakar
mencakar	cakar
mencakar	cakarlah
mencakup	kucakup
mencakup	kaucakup
mencakup	dicakup
mencakup	tercakup
mencakup	cakup
mencakup	cakuplah
mencakup-cakup	
mencakupi	dicakupi
mencakupi	kucakupi
mencakupi	kaucakupi
mencakupi	cakupi
mencakupi	cakupilah
mencakus	kucakus
mencakus	kaucakus
mencakus	dicakus
mencakus	tercakus
mencakus	cakus
mencakus	cakuslah
mencalak	kucalak
mencalak	kaucalak
mencalak	dicalak
mencalak	tercalak
mencalak	calak
mencalak	calaklah
mencalang	kucalang
mencalang	kaucalang
mencalang	dicalang
mencalang	tercalang
mencalang	calang
mencalang	calanglah
mencalit	kucalit
mencalit	kaucalit
mencalit	dicalit
mencalit	tercalit
mencalit	calit
mencalit	calitlah
mencalonkan	dicalonkan
mencalonkan	kucalonkan
mencalonkan	kaucalonkan
mencalonkan	calonkan
mencalonkan	calonkanlah
mencambuk	kucambuk
mencambuk	kaucambuk
mencambuk	dicambuk
mencambuk	tercambuk
mencambuk	cambuk
mencambuk	cambuklah
mencambuki	dicambuki
mencambuki	kucambuki
mencambuki	kaucambuki
mencambuki	cambuki
mencambuki	cambukilah
mencamkan	
mencampak	
mencampakkan	dicampakkan
mencampakkan	kucampakkan
mencampakkan	kaucampakkan
mencampakkan	campakkan
mencampakkan	campakkanlah
mencampang	kucampang
mencampang	kaucampang
mencampang	dicampang
mencampang	tercampang
mencampang	campang
mencampang	campanglah
mencampung	kucampung
mencampung	kaucampung
mencampung	dicampung
mencampung	tercampung
mencampung	campung
mencampung	campunglah
mencampur	kucampur
mencampur	kaucampur
mencampur	dicampur
mencampur	tercampur
mencampur	campur
mencampur	campurlah
mencampuri	dicampuri
mencampuri	kucampuri
mencampuri	kaucampuri
mencampuri	campuri
mencampuri	campurilah
mencamuk	kucamuk
mencamuk	kaucamuk
mencamuk	dicamuk
mencamuk	tercamuk
mencamuk	camuk
mencamuk	camuklah
mencamurkan	dicamurkan
mencamurkan	kucamurkan
mencamurkan	kaucamurkan
mencamurkan	camurkan
mencamurkan	camurkanlah
mencanai	kucanai
mencanai	kaucanai
mencanai	dicanai
mencanai	tercanai
mencanai	canai
mencanai	canailah
mencanangkan	dicanangkan
mencanangkan	kucanangkan
mencanangkan	kaucanangkan
mencanangkan	canangkan
mencanangkan	canangkanlah
mencancang	kucancang
mencancang	kaucancang
mencancang	dicancang
mencancang	tercancang
mencancang	cancang
mencancang	cancanglah
mencandrakan	dicandrakan
mencandrakan	kucandrakan
mencandrakan	kaucandrakan
mencandrakan	candrakan
mencandrakan	candrakanlah
mencandu	kucandu
mencandu	kaucandu
mencandu	dicandu
mencandu	tercandu
mencandu	candu
mencandu	candulah
mencandui	dicandui
mencandui	kucandui
mencandui	kaucandui
mencandui	candui
mencandui	canduilah
mencandukan	dicandukan
mencandukan	kucandukan
mencandukan	kaucandukan
mencandukan	candukan
mencandukan	candukanlah
mencangah	kucangah
mencangah	kaucangah
mencangah	dicangah
mencangah	tercangah
mencangah	cangah
mencangah	cangahlah
mencangak	kucangak
mencangak	kaucangak
mencangak	dicangak
mencangak	tercangak
mencangak	cangak
mencangak	cangaklah
mencangam	kucangam
mencangam	kaucangam
mencangam	dicangam
mencangam	tercangam
mencangam	cangam
mencangam	cangamlah
mencangar	kucangar
mencangar	kaucangar
mencangar	dicangar
mencangar	tercangar
mencangar	cangar
mencangar	cangarlah
mencangcang	kucangcang
mencangcang	kaucangcang
mencangcang	dicangcang
mencangcang	tercangcang
mencangcang	cangcang
mencangcang	cangcanglah
mencanggungkan	dicanggungkan
mencanggungkan	kucanggungkan
mencanggungkan	kaucanggungkan
mencanggungkan	canggungkan
mencanggungkan	canggungkanlah
mencangkel	kucangkel
mencangkel	kaucangkel
mencangkel	dicangkel
mencangkel	tercangkel
mencangkel	cangkel
mencangkel	cangkellah
mencangkelkan	dicangkelkan
mencangkelkan	kucangkelkan
mencangkelkan	kaucangkelkan
mencangkelkan	cangkelkan
mencangkelkan	cangkelkanlah
mencangking	kucangking
mencangking	kaucangking
mencangking	dicangking
mencangking	tercangking
mencangking	cangking
mencangking	cangkinglah
mencangklong	kucangklong
mencangklong	kaucangklong
mencangklong	dicangklong
mencangklong	tercangklong
mencangklong	cangklong
mencangklong	cangklonglah
mencangkuk	kucangkuk
mencangkuk	kaucangkuk
mencangkuk	dicangkuk
mencangkuk	tercangkuk
mencangkuk	cangkuk
mencangkuk	cangkuklah
mencangkul	kucangkul
mencangkul	kaucangkul
mencangkul	dicangkul
mencangkul	tercangkul
mencangkul	cangkul
mencangkul	cangkullah
mencangkuli	dicangkuli
mencangkuli	kucangkuli
mencangkuli	kaucangkuli
mencangkuli	cangkuli
mencangkuli	cangkulilah
mencangkum	kucangkum
mencangkum	kaucangkum
mencangkum	dicangkum
mencangkum	tercangkum
mencangkum	cangkum
mencangkum	cangkumlah
mencangkung	kucangkung
mencangkung	kaucangkung
mencangkung	dicangkung
mencangkung	tercangkung
mencangkung	cangkung
mencangkung	cangkunglah
mencangkup	kucangkup
mencangkup	kaucangkup
mencangkup	dicangkup
mencangkup	tercangkup
mencangkup	cangkup
mencangkup	cangkuplah
mencanguk	kucanguk
mencanguk	kaucanguk
mencanguk	dicanguk
mencanguk	tercanguk
mencanguk	canguk
mencanguk	canguklah
mencantelkan	dicantelkan
mencantelkan	kucantelkan
mencantelkan	kaucantelkan
mencantelkan	cantelkan
mencantelkan	cantelkanlah
mencantikkan	dicantikkan
mencantikkan	kucantikkan
mencantikkan	kaucantikkan
mencantikkan	cantikkan
mencantikkan	cantikkanlah
mencantolkan	dicantolkan
mencantolkan	kucantolkan
mencantolkan	kaucantolkan
mencantolkan	cantolkan
mencantolkan	cantolkanlah
mencantum	kucantum
mencantum	kaucantum
mencantum	dicantum
mencantum	tercantum
mencantum	cantum
mencantum	cantumlah
mencapai	kucapai
mencapai	kaucapai
mencapai	dicapai
mencapai	tercapai
mencapai	capai
mencapai	capailah
mencapak	kucapak
mencapak	kaucapak
mencapak	dicapak
mencapak	tercapak
mencapak	capak
mencapak	capaklah
mencapak-capak	
mencaplok	kucaplok
mencaplok	kaucaplok
mencaplok	dicaplok
mencaplok	tercaplok
mencaplok	caplok
mencaplok	caploklah
mencarah	kucarah
mencarah	kaucarah
mencarah	dicarah
mencarah	tercarah
mencarah	carah
mencarah	carahlah
mencarak	kucarak
mencarak	kaucarak
mencarak	dicarak
mencarak	tercarak
mencarak	carak
mencarak	caraklah
mencarang	kucarang
mencarang	kaucarang
mencarang	dicarang
mencarang	tercarang
mencarang	carang
mencarang	caranglah
mencari	kucari
mencari	kaucari
mencari	dicari
mencari	tercari
mencari	cari
mencari	carilah
mencari-cari	
mencarik	kucarik
mencarik	kaucarik
mencarik	dicarik
mencarik	tercarik
mencarik	carik
mencarik	cariklah
mencarik-carik	
mencarik-carikkan	
mencarter	kucarter
mencarter	kaucarter
mencarter	dicarter
mencarter	tercarter
mencarter	carter
mencarter	carterlah
mencaruk	kucaruk
mencaruk	kaucaruk
mencaruk	dicaruk
mencaruk	tercaruk
mencaruk	caruk
mencaruk	caruklah
mencarut-carut	
mencatat	kucatat
mencatat	kaucatat
mencatat	dicatat
mencatat	tercatat
mencatat	catat
mencatat	catatlah
mencatatkan	dicatatkan
mencatatkan	kucatatkan
mencatatkan	kaucatatkan
mencatatkan	catatkan
mencatatkan	catatkanlah
mencatek	kucatek
mencatek	kaucatek
mencatek	dicatek
mencatek	tercatek
mencatek	catek
mencatek	cateklah
mencatu	kucatu
mencatu	kaucatu
mencatu	dicatu
mencatu	tercatu
mencatu	catu
mencatu	catulah
mencatuk	kucatuk
mencatuk	kaucatuk
mencatuk	dicatuk
mencatuk	tercatuk
mencatuk	catuk
mencatuk	catuklah
mencatut	kucatut
mencatut	kaucatut
mencatut	dicatut
mencatut	tercatut
mencatut	catut
mencatut	catutlah
mencebak	kucebak
mencebak	kaucebak
mencebak	dicebak
mencebak	tercebak
mencebak	cebak
mencebak	cebaklah
mencebik	kucebik
mencebik	kaucebik
mencebik	dicebik
mencebik	tercebik
mencebik	cebik
mencebik	cebiklah
mencebikkan	dicebikkan
mencebikkan	kucebikkan
mencebikkan	kaucebikkan
mencebikkan	cebikkan
mencebikkan	cebikkanlah
mencebil	kucebil
mencebil	kaucebil
mencebil	dicebil
mencebil	tercebil
mencebil	cebil
mencebil	cebillah
mencebir	kucebir
mencebir	kaucebir
mencebir	dicebir
mencebir	tercebir
mencebir	cebir
mencebir	cebirlah
menceboki	diceboki
menceboki	kuceboki
menceboki	kauceboki
menceboki	ceboki
menceboki	cebokilah
mencebur	kucebur
mencebur	kaucebur
mencebur	dicebur
mencebur	tercebur
mencebur	cebur
mencebur	ceburlah
menceburkan	diceburkan
menceburkan	kuceburkan
menceburkan	kauceburkan
menceburkan	ceburkan
menceburkan	ceburkanlah
mencecah	kucecah
mencecah	kaucecah
mencecah	dicecah
mencecah	tercecah
mencecah	cecah
mencecah	cecahlah
mencecap	kucecap
mencecap	kaucecap
mencecap	dicecap
mencecap	tercecap
mencecap	cecap
mencecap	cecaplah
mencecar	kucecar
mencecar	kaucecar
mencecar	dicecar
mencecar	tercecar
mencecar	cecar
mencecar	cecarlah
mencedera	kucedera
mencedera	kaucedera
mencedera	dicedera
mencedera	tercedera
mencedera	cedera
mencedera	cederalah
mencederai	dicederai
mencederai	kucederai
mencederai	kaucederai
mencederai	cederai
mencederai	cederailah
mencedok	kucedok
mencedok	kaucedok
mencedok	dicedok
mencedok	tercedok
mencedok	cedok
mencedok	cedoklah
mencegah	kucegah
mencegah	kaucegah
mencegah	dicegah
mencegah	tercegah
mencegah	cegah
mencegah	cegahlah
mencegat	kucegat
mencegat	kaucegat
mencegat	dicegat
mencegat	tercegat
mencegat	cegat
mencegat	cegatlah
mencekah	kucekah
mencekah	kaucekah
mencekah	dicekah
mencekah	tercekah
mencekah	cekah
mencekah	cekahlah
mencekak	kucekak
mencekak	kaucekak
mencekak	dicekak
mencekak	tercekak
mencekak	cekak
mencekak	cekaklah
mencekal	kucekal
mencekal	kaucekal
mencekal	dicekal
mencekal	tercekal
mencekal	cekal
mencekal	cekallah
mencekalkan	dicekalkan
mencekalkan	kucekalkan
mencekalkan	kaucekalkan
mencekalkan	cekalkan
mencekalkan	cekalkanlah
mencekam	kucekam
mencekam	kaucekam
mencekam	dicekam
mencekam	tercekam
mencekam	cekam
mencekam	cekamlah
mencekau	kucekau
mencekau	kaucekau
mencekau	dicekau
mencekau	tercekau
mencekau	cekau
mencekau	cekaulah
mencekcoki	dicekcoki
mencekcoki	kucekcoki
mencekcoki	kaucekcoki
mencekcoki	cekcoki
mencekcoki	cekcokilah
menceker	kuceker
menceker	kauceker
menceker	diceker
menceker	terceker
menceker	ceker
menceker	cekerlah
mencekih	kucekih
mencekih	kaucekih
mencekih	dicekih
mencekih	tercekih
mencekih	cekih
mencekih	cekihlah
mencekik	kucekik
mencekik	kaucekik
mencekik	dicekik
mencekik	tercekik
mencekik	cekik
mencekik	cekiklah
mencekit	kucekit
mencekit	kaucekit
mencekit	dicekit
mencekit	tercekit
mencekit	cekit
mencekit	cekitlah
mencekok	kucekok
mencekok	kaucekok
mencekok	dicekok
mencekok	tercekok
mencekok	cekok
mencekok	cekoklah
mencekoki	dicekoki
mencekoki	kucekoki
mencekoki	kaucekoki
mencekoki	cekoki
mencekoki	cekokilah
mencekokkan	dicekokkan
mencekokkan	kucekokkan
mencekokkan	kaucekokkan
mencekokkan	cekokkan
mencekokkan	cekokkanlah
menceku	kuceku
menceku	kauceku
menceku	diceku
menceku	terceku
menceku	ceku
menceku	cekulah
mencekuh	kucekuh
mencekuh	kaucekuh
mencekuh	dicekuh
mencekuh	tercekuh
mencekuh	cekuh
mencekuh	cekuhlah
mencekukan	dicekukan
mencekukan	kucekukan
mencekukan	kaucekukan
mencekukan	cekukan
mencekukan	cekukanlah
mencekup	kucekup
mencekup	kaucekup
mencekup	dicekup
mencekup	tercekup
mencekup	cekup
mencekup	cekuplah
mencekut	kucekut
mencekut	kaucekut
mencekut	dicekut
mencekut	tercekut
mencekut	cekut
mencekut	cekutlah
mencela	kucela
mencela	kaucela
mencela	dicela
mencela	tercela
mencela	cela
mencela	celalah
mencelak	kucelak
mencelak	kaucelak
mencelak	dicelak
mencelak	tercelak
mencelak	celak
mencelak	celaklah
mencelakai	dicelakai
mencelakai	kucelakai
mencelakai	kaucelakai
mencelakai	celakai
mencelakai	celakailah
mencelakakan	dicelakakan
mencelakakan	kucelakakan
mencelakakan	kaucelakakan
mencelakakan	celakakan
mencelakakan	celakakanlah
mencelaki	dicelaki
mencelaki	kucelaki
mencelaki	kaucelaki
mencelaki	celaki
mencelaki	celakilah
mencelampakkan	dicelampakkan
mencelampakkan	kucelampakkan
mencelampakkan	kaucelampakkan
mencelampakkan	celampakkan
mencelampakkan	celampakkanlah
mencelang	kucelang
mencelang	kaucelang
mencelang	dicelang
mencelang	tercelang
mencelang	celang
mencelang	celanglah
mencelangakkan	dicelangakkan
mencelangakkan	kucelangakkan
mencelangakkan	kaucelangakkan
mencelangakkan	celangakkan
mencelangakkan	celangakkanlah
mencelapaki	dicelapaki
mencelapaki	kucelapaki
mencelapaki	kaucelapaki
mencelapaki	celapaki
mencelapaki	celapakilah
mencelat	kucelat
mencelat	kaucelat
mencelat	dicelat
mencelat	tercelat
mencelat	celat
mencelat	celatlah
mencelengi	dicelengi
mencelengi	kucelengi
mencelengi	kaucelengi
mencelengi	celengi
mencelengi	celengilah
mencelep	kucelep
mencelep	kaucelep
mencelep	dicelep
mencelep	tercelep
mencelep	celep
mencelep	celeplah
mencelikkan	dicelikkan
mencelikkan	kucelikkan
mencelikkan	kaucelikkan
mencelikkan	celikkan
mencelikkan	celikkanlah
mencelis	kucelis
mencelis	kaucelis
mencelis	dicelis
mencelis	tercelis
mencelis	celis
mencelis	celislah
menceluk	kuceluk
menceluk	kauceluk
menceluk	diceluk
menceluk	terceluk
menceluk	celuk
menceluk	celuklah
mencelung	kucelung
mencelung	kaucelung
mencelung	dicelung
mencelung	tercelung
mencelung	celung
mencelung	celunglah
mencelungkan	dicelungkan
mencelungkan	kucelungkan
mencelungkan	kaucelungkan
mencelungkan	celungkan
mencelungkan	celungkanlah
mencelup	kucelup
mencelup	kaucelup
mencelup	dicelup
mencelup	tercelup
mencelup	celup
mencelup	celuplah
mencelupkan	dicelupkan
mencelupkan	kucelupkan
mencelupkan	kaucelupkan
mencelupkan	celupkan
mencelupkan	celupkanlah
mencelur	kucelur
mencelur	kaucelur
mencelur	dicelur
mencelur	tercelur
mencelur	celur
mencelur	celurlah
mencelus	kucelus
mencelus	kaucelus
mencelus	dicelus
mencelus	tercelus
mencelus	celus
mencelus	celuslah
mencema	kucema
mencema	kaucema
mencema	dicema
mencema	tercema
mencema	cema
mencema	cemalah
mencemari	dicemari
mencemari	kucemari
mencemari	kaucemari
mencemari	cemari
mencemari	cemarilah
mencemat	kucemat
mencemat	kaucemat
mencemat	dicemat
mencemat	tercemat
mencemat	cemat
mencemat	cematlah
mencemburui	dicemburui
mencemburui	kucemburui
mencemburui	kaucemburui
mencemburui	cemburui
mencemburui	cemburuilah
mencemeehkan	dicemeehkan
mencemeehkan	kucemeehkan
mencemeehkan	kaucemeehkan
mencemeehkan	cemeehkan
mencemeehkan	cemeehkanlah
mencemerlangkan	dicemerlangkan
mencemerlangkan	kucemerlangkan
mencemerlangkan	kaucemerlangkan
mencemerlangkan	cemerlangkan
mencemerlangkan	cemerlangkanlah
mencemeti	kucemeti
mencemeti	kaucemeti
mencemeti	dicemeti
mencemeti	tercemeti
mencemeti	cemeti
mencemeti	cemetilah
mencemooh	kucemooh
mencemooh	kaucemooh
mencemooh	dicemooh
mencemooh	tercemooh
mencemooh	cemooh
mencemooh	cemoohlah
mencemoohkan	dicemoohkan
mencemoohkan	kucemoohkan
mencemoohkan	kaucemoohkan
mencemoohkan	cemoohkan
mencemoohkan	cemoohkanlah
mencemplung	kucemplung
mencemplung	kaucemplung
mencemplung	dicemplung
mencemplung	tercemplung
mencemplung	cemplung
mencemplung	cemplunglah
mencemplungkan	dicemplungkan
mencemplungkan	kucemplungkan
mencemplungkan	kaucemplungkan
mencemplungkan	cemplungkan
mencemplungkan	cemplungkanlah
mencempung	kucempung
mencempung	kaucempung
mencempung	dicempung
mencempung	tercempung
mencempung	cempung
mencempung	cempunglah
mencempungi	dicempungi
mencempungi	kucempungi
mencempungi	kaucempungi
mencempungi	cempungi
mencempungi	cempungilah
mencempungkan	dicempungkan
mencempungkan	kucempungkan
mencempungkan	kaucempungkan
mencempungkan	cempungkan
mencempungkan	cempungkanlah
mencemuk	kucemuk
mencemuk	kaucemuk
mencemuk	dicemuk
mencemuk	tercemuk
mencemuk	cemuk
mencemuk	cemuklah
mencencang	kucencang
mencencang	kaucencang
mencencang	dicencang
mencencang	tercencang
mencencang	cencang
mencencang	cencanglah
mencendekiakan	dicendekiakan
mencendekiakan	kucendekiakan
mencendekiakan	kaucendekiakan
mencendekiakan	cendekiakan
mencendekiakan	cendekiakanlah
mencengam	kucengam
mencengam	kaucengam
mencengam	dicengam
mencengam	tercengam
mencengam	cengam
mencengam	cengamlah
mencengangkan	dicengangkan
mencengangkan	kucengangkan
mencengangkan	kaucengangkan
mencengangkan	cengangkan
mencengangkan	cengangkanlah
mencengap	kucengap
mencengap	kaucengap
mencengap	dicengap
mencengap	tercengap
mencengap	cengap
mencengap	cengaplah
mencengkam	kucengkam
mencengkam	kaucengkam
mencengkam	dicengkam
mencengkam	tercengkam
mencengkam	cengkam
mencengkam	cengkamlah
mencengkamkan	dicengkamkan
mencengkamkan	kucengkamkan
mencengkamkan	kaucengkamkan
mencengkamkan	cengkamkan
mencengkamkan	cengkamkanlah
mencengkelong	kucengkelong
mencengkelong	kaucengkelong
mencengkelong	dicengkelong
mencengkelong	tercengkelong
mencengkelong	cengkelong
mencengkelong	cengkelonglah
mencengkeram	kucengkeram
mencengkeram	kaucengkeram
mencengkeram	dicengkeram
mencengkeram	tercengkeram
mencengkeram	cengkeram
mencengkeram	cengkeramlah
mencengkeramkan	dicengkeramkan
mencengkeramkan	kucengkeramkan
mencengkeramkan	kaucengkeramkan
mencengkeramkan	cengkeramkan
mencengkeramkan	cengkeramkanlah
mencengut	kucengut
mencengut	kaucengut
mencengut	dicengut
mencengut	tercengut
mencengut	cengut
mencengut	cengutlah
mencentang	kucentang
mencentang	kaucentang
mencentang	dicentang
mencentang	tercentang
mencentang	centang
mencentang	centanglah
mencentong	kucentong
mencentong	kaucentong
mencentong	dicentong
mencentong	tercentong
mencentong	centong
mencentong	centonglah
mencepak-cepak	
mencepat	kucepat
mencepat	kaucepat
mencepat	dicepat
mencepat	tercepat
mencepat	cepat
mencepat	cepatlah
mencepatkan	dicepatkan
mencepatkan	kucepatkan
mencepatkan	kaucepatkan
mencepatkan	cepatkan
mencepatkan	cepatkanlah
menceploskan	diceploskan
menceploskan	kuceploskan
menceploskan	kauceploskan
menceploskan	ceploskan
menceploskan	ceploskanlah
mencepol	kucepol
mencepol	kaucepol
mencepol	dicepol
mencepol	tercepol
mencepol	cepol
mencepol	cepollah
mencepuk	kucepuk
mencepuk	kaucepuk
mencepuk	dicepuk
mencepuk	tercepuk
mencepuk	cepuk
mencepuk	cepuklah
mencepuk-cepuk	
menceracau	kuceracau
menceracau	kauceracau
menceracau	diceracau
menceracau	terceracau
menceracau	ceracau
menceracau	ceracaulah
mencerahkan	dicerahkan
mencerahkan	kucerahkan
mencerahkan	kaucerahkan
mencerahkan	cerahkan
mencerahkan	cerahkanlah
mencerai	kucerai
mencerai	kaucerai
mencerai	dicerai
mencerai	tercerai
mencerai	cerai
mencerai	cerailah
mencerap	kucerap
mencerap	kaucerap
mencerap	dicerap
mencerap	tercerap
mencerap	cerap
mencerap	ceraplah
mencerat	kucerat
mencerat	kaucerat
mencerat	dicerat
mencerat	tercerat
mencerat	cerat
mencerat	ceratlah
menceratuk	kuceratuk
menceratuk	kauceratuk
menceratuk	diceratuk
menceratuk	terceratuk
menceratuk	ceratuk
menceratuk	ceratuklah
mencerca	kucerca
mencerca	kaucerca
mencerca	dicerca
mencerca	tercerca
mencerca	cerca
mencerca	cercalah
mencercai	dicercai
mencercai	kucercai
mencercai	kaucercai
mencercai	cercai
mencercai	cercailah
mencerdaskan	dicerdaskan
mencerdaskan	kucerdaskan
mencerdaskan	kaucerdaskan
mencerdaskan	cerdaskan
mencerdaskan	cerdaskanlah
mencereweti	dicereweti
mencereweti	kucereweti
mencereweti	kaucereweti
mencereweti	cereweti
mencereweti	cerewetilah
menceriakan	diceriakan
menceriakan	kuceriakan
menceriakan	kauceriakan
menceriakan	ceriakan
menceriakan	ceriakanlah
menceritai	diceritai
menceritai	kuceritai
menceritai	kauceritai
menceritai	ceritai
menceritai	ceritailah
mencerkau	kucerkau
mencerkau	kaucerkau
mencerkau	dicerkau
mencerkau	tercerkau
mencerkau	cerkau
mencerkau	cerkaulah
mencerlang	kucerlang
mencerlang	kaucerlang
mencerlang	dicerlang
mencerlang	tercerlang
mencerlang	cerlang
mencerlang	cerlanglah
mencermati	dicermati
mencermati	kucermati
mencermati	kaucermati
mencermati	cermati
mencermati	cermatilah
mencermatkan	dicermatkan
mencermatkan	kucermatkan
mencermatkan	kaucermatkan
mencermatkan	cermatkan
mencermatkan	cermatkanlah
mencermini	dicermini
mencermini	kucermini
mencermini	kaucermini
mencermini	cermini
mencermini	cerminilah
mencerna	kucerna
mencerna	kaucerna
mencerna	dicerna
mencerna	tercerna
mencerna	cerna
mencerna	cernalah
mencernakan	dicernakan
mencernakan	kucernakan
mencernakan	kaucernakan
mencernakan	cernakan
mencernakan	cernakanlah
menceroboh	kuceroboh
menceroboh	kauceroboh
menceroboh	diceroboh
menceroboh	terceroboh
menceroboh	ceroboh
menceroboh	cerobohlah
mencerobohi	dicerobohi
mencerobohi	kucerobohi
mencerobohi	kaucerobohi
mencerobohi	cerobohi
mencerobohi	cerobohilah
mencerocos	kucerocos
mencerocos	kaucerocos
mencerocos	dicerocos
mencerocos	tercerocos
mencerocos	cerocos
mencerocos	cerocoslah
mencerowok	kucerowok
mencerowok	kaucerowok
mencerowok	dicerowok
mencerowok	tercerowok
mencerowok	cerowok
mencerowok	cerowoklah
mencerucup	kucerucup
mencerucup	kaucerucup
mencerucup	dicerucup
mencerucup	tercerucup
mencerucup	cerucup
mencerucup	cerucuplah
menceruh	kuceruh
menceruh	kauceruh
menceruh	diceruh
menceruh	terceruh
menceruh	ceruh
menceruh	ceruhlah
menceruk	kuceruk
menceruk	kauceruk
menceruk	diceruk
menceruk	terceruk
menceruk	ceruk
menceruk	ceruklah
mencerup	kucerup
mencerup	kaucerup
mencerup	dicerup
mencerup	tercerup
mencerup	cerup
mencerup	ceruplah
mencetai-cetai	
mencetak	kucetak
mencetak	kaucetak
mencetak	dicetak
mencetak	tercetak
mencetak	cetak
mencetak	cetaklah
menceti	kuceti
menceti	kauceti
menceti	diceti
menceti	terceti
menceti	ceti
menceti	cetilah
mencetus	kucetus
mencetus	kaucetus
mencetus	dicetus
mencetus	tercetus
mencetus	cetus
mencetus	cetuslah
mencetuskan	dicetuskan
mencetuskan	kucetuskan
mencetuskan	kaucetuskan
mencetuskan	cetuskan
mencetuskan	cetuskanlah
menciak	kuciak
menciak	kauciak
menciak	diciak
menciak	terciak
menciak	ciak
menciak	ciaklah
menciak-ciak	
menciap-ciap	
menciar-ciar	
mencibir	kucibir
mencibir	kaucibir
mencibir	dicibir
mencibir	tercibir
mencibir	cibir
mencibir	cibirlah
mencibirkan	dicibirkan
mencibirkan	kucibirkan
mencibirkan	kaucibirkan
mencibirkan	cibirkan
mencibirkan	cibirkanlah
mencibit	kucibit
mencibit	kaucibit
mencibit	dicibit
mencibit	tercibit
mencibit	cibit
mencibit	cibitlah
mencicik	kucicik
mencicik	kaucicik
mencicik	dicicik
mencicik	tercicik
mencicik	cicik
mencicik	ciciklah
mencicip	kucicip
mencicip	kaucicip
mencicip	dicicip
mencicip	tercicip
mencicip	cicip
mencicip	ciciplah
mencicipi	dicicipi
mencicipi	kucicipi
mencicipi	kaucicipi
mencicipi	cicipi
mencicipi	cicipilah
mencicit	kucicit
mencicit	kaucicit
mencicit	dicicit
mencicit	tercicit
mencicit	cicit
mencicit	cicitlah
menciduk	kuciduk
menciduk	kauciduk
menciduk	diciduk
menciduk	terciduk
menciduk	ciduk
menciduk	ciduklah
mencilok	kucilok
mencilok	kaucilok
mencilok	dicilok
mencilok	tercilok
mencilok	cilok
mencilok	ciloklah
mencincang	kucincang
mencincang	kaucincang
mencincang	dicincang
mencincang	tercincang
mencincang	cincang
mencincang	cincanglah
mencinta	kucinta
mencinta	kaucinta
mencinta	dicinta
mencinta	tercinta
mencinta	cinta
mencinta	cintalah
mencintai	dicintai
mencintai	kucintai
mencintai	kaucintai
mencintai	cintai
mencintai	cintailah
menciplak	kuciplak
menciplak	kauciplak
menciplak	diciplak
menciplak	terciplak
menciplak	ciplak
menciplak	ciplaklah
menciprat	kuciprat
menciprat	kauciprat
menciprat	diciprat
menciprat	terciprat
menciprat	ciprat
menciprat	cipratlah
mencipta	kucipta
mencipta	kaucipta
mencipta	dicipta
mencipta	tercipta
mencipta	cipta
mencipta	ciptalah
menciptakan	diciptakan
menciptakan	kuciptakan
menciptakan	kauciptakan
menciptakan	ciptakan
menciptakan	ciptakanlah
mencirit	kucirit
mencirit	kaucirit
mencirit	dicirit
mencirit	tercirit
mencirit	cirit
mencirit	ciritlah
menciritkan	diciritkan
menciritkan	kuciritkan
menciritkan	kauciritkan
menciritkan	ciritkan
menciritkan	ciritkanlah
mencita-citakan	
mencitrakan	dicitrakan
mencitrakan	kucitrakan
mencitrakan	kaucitrakan
mencitrakan	citrakan
mencitrakan	citrakanlah
mencium	kucium
mencium	kaucium
mencium	dicium
mencium	tercium
mencium	cium
mencium	ciumlah
mencium-cium	
menciumi	diciumi
menciumi	kuciumi
menciumi	kauciumi
menciumi	ciumi
menciumi	ciumilah
menciumkan	diciumkan
menciumkan	kuciumkan
menciumkan	kauciumkan
menciumkan	ciumkan
menciumkan	ciumkanlah
menciut	kuciut
menciut	kauciut
menciut	diciut
menciut	terciut
menciut	ciut
menciut	ciutlah
menciut-ciut	
menciutkan	diciutkan
menciutkan	kuciutkan
menciutkan	kauciutkan
menciutkan	ciutkan
menciutkan	ciutkanlah
mencoaki	dicoaki
mencoaki	kucoaki
mencoaki	kaucoaki
mencoaki	coaki
mencoaki	coakilah
mencoang	kucoang
mencoang	kaucoang
mencoang	dicoang
mencoang	tercoang
mencoang	coang
mencoang	coanglah
mencoang-coang	
mencoba	kucoba
mencoba	kaucoba
mencoba	dicoba
mencoba	tercoba
mencoba	coba
mencoba	cobalah
mencoba-coba	
mencobai	dicobai
mencobai	kucobai
mencobai	kaucobai
mencobai	cobai
mencobai	cobailah
mencobakan	dicobakan
mencobakan	kucobakan
mencobakan	kaucobakan
mencobakan	cobakan
mencobakan	cobakanlah
mencoblos	kucoblos
mencoblos	kaucoblos
mencoblos	dicoblos
mencoblos	tercoblos
mencoblos	coblos
mencoblos	cobloslah
mencocok	kucocok
mencocok	kaucocok
mencocok	dicocok
mencocok	tercocok
mencocok	cocok
mencocok	cocoklah
mencocok-cocok	
mencocol	kucocol
mencocol	kaucocol
mencocol	dicocol
mencocol	tercocol
mencocol	cocol
mencocol	cocollah
mencocolkan	dicocolkan
mencocolkan	kucocolkan
mencocolkan	kaucocolkan
mencocolkan	cocolkan
mencocolkan	cocolkanlah
mencocor	kucocor
mencocor	kaucocor
mencocor	dicocor
mencocor	tercocor
mencocor	cocor
mencocor	cocorlah
mencodak	kucodak
mencodak	kaucodak
mencodak	dicodak
mencodak	tercodak
mencodak	codak
mencodak	codaklah
mencodakkan	dicodakkan
mencodakkan	kucodakkan
mencodakkan	kaucodakkan
mencodakkan	codakkan
mencodakkan	codakkanlah
mencogok	kucogok
mencogok	kaucogok
mencogok	dicogok
mencogok	tercogok
mencogok	cogok
mencogok	cogoklah
mencokek	kucokek
mencokek	kaucokek
mencokek	dicokek
mencokek	tercokek
mencokek	cokek
mencokek	cokeklah
mencoket	kucolek
mencoket	kaucolek
mencoket	dicolek
mencoket	tercolek
mencoket	colek
mencoket	coleklah
mencokok	kucokok
mencokok	kaucokok
mencokok	dicokok
mencokok	tercokok
mencokok	cokok
mencokok	cokoklah
mencolek	kucolek
mencolek	kaucolek
mencolek	dicolek
mencolek	tercolek
mencolek	colek
mencolek	coleklah
mencolek-colek	
mencoleng	kucoleng
mencoleng	kaucoleng
mencoleng	dicoleng
mencoleng	tercoleng
mencoleng	coleng
mencoleng	colenglah
mencolok	kucolok
mencolok	kaucolok
mencolok	dicolok
mencolok	tercolok
mencolok	colok
mencolok	coloklah
mencoloki	dicoloki
mencoloki	kucoloki
mencoloki	kaucoloki
mencoloki	coloki
mencoloki	colokilah
mencolong	kucolong
mencolong	kaucolong
mencolong	dicolong
mencolong	tercolong
mencolong	colong
mencolong	colonglah
mencolot	kucolot
mencolot	kaucolot
mencolot	dicolot
mencolot	tercolot
mencolot	colot
mencolot	colotlah
mencomel	kucomel
mencomel	kaucomel
mencomel	dicomel
mencomel	tercomel
mencomel	comel
mencomel	comellah
mencomeli	dicomeli
mencomeli	kucomeli
mencomeli	kaucomeli
mencomeli	comeli
mencomeli	comelilah
mencomot	kucomot
mencomot	kaucomot
mencomot	dicomot
mencomot	tercomot
mencomot	comot
mencomot	comotlah
mencondongkan	dicondongkan
mencondongkan	kucondongkan
mencondongkan	kaucondongkan
mencondongkan	condongkan
mencondongkan	condongkanlah
menconet	kuconet
menconet	kauconet
menconet	diconet
menconet	terconet
menconet	conet
menconet	conetlah
mencongak	kucongak
mencongak	kaucongak
mencongak	dicongak
mencongak	tercongak
mencongak	congak
mencongak	congaklah
mencongakkan	dicongakkan
mencongakkan	kucongakkan
mencongakkan	kaucongakkan
mencongakkan	congakkan
mencongakkan	congakkanlah
menconggokkan	diconggokkan
menconggokkan	kuconggokkan
menconggokkan	kauconggokkan
menconggokkan	conggokkan
menconggokkan	conggokkanlah
mencongklang	kucongklang
mencongklang	kaucongklang
mencongklang	dicongklang
mencongklang	tercongklang
mencongklang	congklang
mencongklang	congklanglah
mencongkong	kucongkong
mencongkong	kaucongkong
mencongkong	dicongkong
mencongkong	tercongkong
mencongkong	congkong
mencongkong	congkonglah
mencongok	kucongok
mencongok	kaucongok
mencongok	dicongok
mencongok	tercongok
mencongok	congok
mencongok	congoklah
mencongol	kucongol
mencongol	kaucongol
mencongol	dicongol
mencongol	tercongol
mencongol	congol
mencongol	congollah
menconteng	kuconteng
menconteng	kauconteng
menconteng	diconteng
menconteng	terconteng
menconteng	conteng
menconteng	contenglah
menconteng-conteng	
mencontengkan	dicontengkan
mencontengkan	kucontengkan
mencontengkan	kaucontengkan
mencontengkan	contengkan
mencontengkan	contengkanlah
mencontoh	kucontoh
mencontoh	kaucontoh
mencontoh	dicontoh
mencontoh	tercontoh
mencontoh	contoh
mencontoh	contohlah
mencontohi	dicontohi
mencontohi	kucontohi
mencontohi	kaucontohi
mencontohi	contohi
mencontohi	contohilah
mencontohkan	dicontohkan
mencontohkan	kucontohkan
mencontohkan	kaucontohkan
mencontohkan	contohkan
mencontohkan	contohkanlah
mencopet	kucopet
mencopet	kaucopet
mencopet	dicopet
mencopet	tercopet
mencopet	copet
mencopet	copetlah
mencopot	kucopot
mencopot	kaucopot
mencopot	dicopot
mencopot	tercopot
mencopot	copot
mencopot	copotlah
mencopoti	dicopoti
mencopoti	kucopoti
mencopoti	kaucopoti
mencopoti	copoti
mencopoti	copotilah
mencopotkan	dicopotkan
mencopotkan	kucopotkan
mencopotkan	kaucopotkan
mencopotkan	copotkan
mencopotkan	copotkanlah
mencorek	kucorek
mencorek	kaucorek
mencorek	dicorek
mencorek	tercorek
mencorek	corek
mencorek	coreklah
mencoreng	kucoreng
mencoreng	kaucoreng
mencoreng	dicoreng
mencoreng	tercoreng
mencoreng	coreng
mencoreng	corenglah
mencoret	kucoret
mencoret	kaucoret
mencoret	dicoret
mencoret	tercoret
mencoret	coret
mencoret	coretlah
mencoreti	dicoreti
mencoreti	kucoreti
mencoreti	kaucoreti
mencoreti	coreti
mencoreti	coretilah
mencoretkan	dicoretkan
mencoretkan	kucoretkan
mencoretkan	kaucoretkan
mencoretkan	coretkan
mencoretkan	coretkanlah
mencorong	kucorong
mencorong	kaucorong
mencorong	dicorong
mencorong	tercorong
mencorong	corong
mencorong	coronglah
mencorongkan	dicorongkan
mencorongkan	kucorongkan
mencorongkan	kaucorongkan
mencorongkan	corongkan
mencorongkan	corongkanlah
mencorotkan	dicorotkan
mencorotkan	kucorotkan
mencorotkan	kaucorotkan
mencorotkan	corotkan
mencorotkan	corotkanlah
mencotok	kucotok
mencotok	kaucotok
mencotok	dicotok
mencotok	tercotok
mencotok	cotok
mencotok	cotoklah
mencuaikan	dicuaikan
mencuaikan	kucuaikan
mencuaikan	kaucuaikan
mencuaikan	cuaikan
mencuaikan	cuaikanlah
mencuar	kucuar
mencuar	kaucuar
mencuar	dicuar
mencuar	tercuar
mencuar	cuar
mencuar	cuarlah
mencuarkan	dicuarkan
mencuarkan	kucuarkan
mencuarkan	kaucuarkan
mencuarkan	cuarkan
mencuarkan	cuarkanlah
mencuat	kucuat
mencuat	kaucuat
mencuat	dicuat
mencuat	tercuat
mencuat	cuat
mencuat	cuatlah
mencubit	kucubit
mencubit	kaucubit
mencubit	dicubit
mencubit	tercubit
mencubit	cubit
mencubit	cubitlah
mencubit-cubit	
mencuci	kucuci
mencuci	kaucuci
mencuci	dicuci
mencuci	tercuci
mencuci	cuci
mencuci	cucilah
mencucikan	dicucikan
mencucikan	kucucikan
mencucikan	kaucucikan
mencucikan	cucikan
mencucikan	cucikanlah
mencucuh	kucucuh
mencucuh	kaucucuh
mencucuh	dicucuh
mencucuh	tercucuh
mencucuh	cucuh
mencucuh	cucuhlah
mencucuh-cucuh	
mencucuh-cucuhkan	
mencucup	kucucup
mencucup	kaucucup
mencucup	dicucup
mencucup	tercucup
mencucup	cucup
mencucup	cucuplah
mencucuri	dicucuri
mencucuri	kucucuri
mencucuri	kaucucuri
mencucuri	cucuri
mencucuri	cucurilah
mencucurkan	dicucurkan
mencucurkan	kucucurkan
mencucurkan	kaucucurkan
mencucurkan	cucurkan
mencucurkan	cucurkanlah
mencugatkan	dicugatkan
mencugatkan	kucugatkan
mencugatkan	kaucugatkan
mencugatkan	cugatkan
mencugatkan	cugatkanlah
mencuik	kucuik
mencuik	kaucuik
mencuik	dicuik
mencuik	tercuik
mencuik	cuik
mencuik	cuiklah
mencuil	kucuil
mencuil	kaucuil
mencuil	dicuil
mencuil	tercuil
mencuil	cuil
mencuil	cuillah
mencuit	kucuit
mencuit	kaucuit
mencuit	dicuit
mencuit	tercuit
mencuit	cuit
mencuit	cuitlah
mencukai	dicukai
mencukai	kucukai
mencukai	kaucukai
mencukai	cukai
mencukai	cukailah
mencukil	kucukil
mencukil	kaucukil
mencukil	dicukil
mencukil	tercukil
mencukil	cukil
mencukil	cukillah
mencukongi	dicukongi
mencukongi	kucukongi
mencukongi	kaucukongi
mencukongi	cukongi
mencukongi	cukongilah
mencukupi	dicukupi
mencukupi	kucukupi
mencukupi	kaucukupi
mencukupi	cukupi
mencukupi	cukupilah
mencukupkan	dicukupkan
mencukupkan	kucukupkan
mencukupkan	kaucukupkan
mencukupkan	cukupkan
mencukupkan	cukupkanlah
mencukur	kucukur
mencukur	kaucukur
mencukur	dicukur
mencukur	tercukur
mencukur	cukur
mencukur	cukurlah
menculik	kuculik
menculik	kauculik
menculik	diculik
menculik	terculik
menculik	culik
menculik	culiklah
mencumbu	kucumbu
mencumbu	kaucumbu
mencumbu	dicumbu
mencumbu	tercumbu
mencumbu	cumbu
mencumbu	cumbulah
mencumbui	dicumbui
mencumbui	kucumbui
mencumbui	kaucumbui
mencumbui	cumbui
mencumbui	cumbuilah
mencunam	kucunam
mencunam	kaucunam
mencunam	dicunam
mencunam	tercunam
mencunam	cunam
mencunam	cunamlah
mencundang	kucundang
mencundang	kaucundang
mencundang	dicundang
mencundang	tercundang
mencundang	cundang
mencundang	cundanglah
mencundangi	dicundangi
mencundangi	kucundangi
mencundangi	kaucundangi
mencundangi	cundangi
mencundangi	cundangilah
mencungap	kucungap
mencungap	kaucungap
mencungap	dicungap
mencungap	tercungap
mencungap	cungap
mencungap	cungaplah
mencungkil	kucungkil
mencungkil	kaucungkil
mencungkil	dicungkil
mencungkil	tercungkil
mencungkil	cungkil
mencungkil	cungkillah
mencungul	kucungul
mencungul	kaucungul
mencungul	dicungul
mencungul	tercungul
mencungul	cungul
mencungul	cungullah
mencupaikan	dicupaikan
mencupaikan	kucupaikan
mencupaikan	kaucupaikan
mencupaikan	cupaikan
mencupaikan	cupaikanlah
mencupak	kucupak
mencupak	kaucupak
mencupak	dicupak
mencupak	tercupak
mencupak	cupak
mencupak	cupaklah
mencupang	kucupang
mencupang	kaucupang
mencupang	dicupang
mencupang	tercupang
mencupang	cupang
mencupang	cupanglah
mencupar	kucupar
mencupar	kaucupar
mencupar	dicupar
mencupar	tercupar
mencupar	cupar
mencupar	cuparlah
mencuplik	kucuplik
mencuplik	kaucuplik
mencuplik	dicuplik
mencuplik	tercuplik
mencuplik	cuplik
mencuplik	cupliklah
mencurah	kucurah
mencurah	kaucurah
mencurah	dicurah
mencurah	tercurah
mencurah	curah
mencurah	curahlah
mencurahi	dicurahi
mencurahi	kucurahi
mencurahi	kaucurahi
mencurahi	curahi
mencurahi	curahilah
mencurahkan	dicurahkan
mencurahkan	kucurahkan
mencurahkan	kaucurahkan
mencurahkan	curahkan
mencurahkan	curahkanlah
mencuraikan	dicuraikan
mencuraikan	kucuraikan
mencuraikan	kaucuraikan
mencuraikan	curaikan
mencuraikan	curaikanlah
mencuram	kucuram
mencuram	kaucuram
mencuram	dicuram
mencuram	tercuram
mencuram	curam
mencuram	curamlah
mencurangi	dicurangi
mencurangi	kucurangi
mencurangi	kaucurangi
mencurangi	curangi
mencurangi	curangilah
mencurat	kucurat
mencurat	kaucurat
mencurat	dicurat
mencurat	tercurat
mencurat	curat
mencurat	curatlah
mencureng	kucureng
mencureng	kaucureng
mencureng	dicureng
mencureng	tercureng
mencureng	cureng
mencureng	curenglah
mencuri	kucuri
mencuri	kaucuri
mencuri	dicuri
mencuri	tercuri
mencuri	curi
mencuri	curilah
mencuri-curi	
mencurigai	dicurigai
mencurigai	kucurigai
mencurigai	kaucurigai
mencurigai	curigai
mencurigai	curigailah
mencuru	kucuru
mencuru	kaucuru
mencuru	dicuru
mencuru	tercuru
mencuru	curu
mencuru	curulah
mendabak	kudabak
mendabak	kaudabak
mendabak	didabak
mendabak	terdabak
mendabak	dabak
mendabak	dabaklah
mendabih	kudabih
mendabih	kaudabih
mendabih	didabih
mendabih	terdabih
mendabih	dabih
mendabih	dabihlah
mendabik	kudabik
mendabik	kaudabik
mendabik	didabik
mendabik	terdabik
mendabik	dabik
mendabik	dabiklah
mendabung	kudabung
mendabung	kaudabung
mendabung	didabung
mendabung	terdabung
mendabung	dabung
mendabung	dabunglah
mendacin	kudacin
mendacin	kaudacin
mendacin	didacin
mendacin	terdacin
mendacin	dacin
mendacin	dacinlah
mendada	kudada
mendada	kaudada
mendada	didada
mendada	terdada
mendada	dada
mendada	dadalah
mendaduh	kudaduh
mendaduh	kaudaduh
mendaduh	didaduh
mendaduh	terdaduh
mendaduh	daduh
mendaduh	daduhlah
mendaduhkan	didaduhkan
mendaduhkan	kudaduhkan
mendaduhkan	kaudaduhkan
mendaduhkan	daduhkan
mendaduhkan	daduhkanlah
mendadung	kudadung
mendadung	kaudadung
mendadung	didadung
mendadung	terdadung
mendadung	dadung
mendadung	dadunglah
mendaftar	kudaftar
mendaftar	kaudaftar
mendaftar	didaftar
mendaftar	terdaftar
mendaftar	daftar
mendaftar	daftarlah
mendaftarkan	didaftarkan
mendaftarkan	kudaftarkan
mendaftarkan	kaudaftarkan
mendaftarkan	daftarkan
mendaftarkan	daftarkanlah
mendaga	kudaga
mendaga	kaudaga
mendaga	didaga
mendaga	terdaga
mendaga	daga
mendaga	dagalah
mendagel	kudagel
mendagel	kaudagel
mendagel	didagel
mendagel	terdagel
mendagel	dagel
mendagel	dagellah
mendagi	kudagi
mendagi	kaudagi
mendagi	didagi
mendagi	terdagi
mendagi	dagi
mendagi	dagilah
mendaging	kudaging
mendaging	kaudaging
mendaging	didaging
mendaging	terdaging
mendaging	daging
mendaging	daginglah
mendahaga	kudahaga
mendahaga	kaudahaga
mendahaga	didahaga
mendahaga	terdahaga
mendahaga	dahaga
mendahaga	dahagalah
mendahak	kudahak
mendahak	kaudahak
mendahak	didahak
mendahak	terdahak
mendahak	dahak
mendahak	dahaklah
mendahan	kudahan
mendahan	kaudahan
mendahan	didahan
mendahan	terdahan
mendahan	dahan
mendahan	dahanlah
mendahsyat	kudahsyat
mendahsyat	kaudahsyat
mendahsyat	didahsyat
mendahsyat	terdahsyat
mendahsyat	dahsyat
mendahsyat	dahsyatlah
mendahsyatkan	didahsyatkan
mendahsyatkan	kudahsyatkan
mendahsyatkan	kaudahsyatkan
mendahsyatkan	dahsyatkan
mendahsyatkan	dahsyatkanlah
mendahului	didahului
mendahului	kudahului
mendahului	kaudahului
mendahului	dahului
mendahului	dahuluilah
mendahulukan	didahulukan
mendahulukan	kudahulukan
mendahulukan	kaudahulukan
mendahulukan	dahulukan
mendahulukan	dahulukanlah
mendaifkan	didaifkan
mendaifkan	kudaifkan
mendaifkan	kaudaifkan
mendaifkan	daifkan
mendaifkan	daifkanlah
mendaki	kudaki
mendaki	kaudaki
mendaki	didaki
mendaki	terdaki
mendaki	daki
mendaki	dakilah
mendakwa	kudakwa
mendakwa	kaudakwa
mendakwa	didakwa
mendakwa	terdakwa
mendakwa	dakwa
mendakwa	dakwalah
mendakwah	kudakwah
mendakwah	kaudakwah
mendakwah	didakwah
mendakwah	terdakwah
mendakwah	dakwah
mendakwah	dakwahlah
mendakwahi	didakwahi
mendakwahi	kudakwahi
mendakwahi	kaudakwahi
mendakwahi	dakwahi
mendakwahi	dakwahilah
mendakwai	didakwai
mendakwai	kudakwai
mendakwai	kaudakwai
mendakwai	dakwai
mendakwai	dakwailah
mendalam	kudalam
mendalam	kaudalam
mendalam	didalam
mendalam	terdalam
mendalam	dalam
mendalam	dalamlah
mendalami	didalami
mendalami	kudalami
mendalami	kaudalami
mendalami	dalami
mendalami	dalamilah
mendalamkan	didalamkan
mendalamkan	kudalamkan
mendalamkan	kaudalamkan
mendalamkan	dalamkan
mendalamkan	dalamkanlah
mendalang	kudalang
mendalang	kaudalang
mendalang	didalang
mendalang	terdalang
mendalang	dalang
mendalang	dalanglah
mendalangi	didalangi
mendalangi	kudalangi
mendalangi	kaudalangi
mendalangi	dalangi
mendalangi	dalangilah
mendalangkan	didalangkan
mendalangkan	kudalangkan
mendalangkan	kaudalangkan
mendalangkan	dalangkan
mendalangkan	dalangkanlah
mendalih	kudalih
mendalih	kaudalih
mendalih	didalih
mendalih	terdalih
mendalih	dalih
mendalih	dalihlah
mendamak	kudamak
mendamak	kaudamak
mendamak	didamak
mendamak	terdamak
mendamak	damak
mendamak	damaklah
mendamar	kudamar
mendamar	kaudamar
mendamar	didamar
mendamar	terdamar
mendamar	damar
mendamar	damarlah
mendambakan	didambakan
mendambakan	kudambakan
mendambakan	kaudambakan
mendambakan	dambakan
mendambakan	dambakanlah
mendamik	kudamik
mendamik	kaudamik
mendamik	didamik
mendamik	terdamik
mendamik	damik
mendamik	damiklah
mendampak	kudampak
mendampak	kaudampak
mendampak	didampak
mendampak	terdampak
mendampak	dampak
mendampak	dampaklah
mendampar	kudampar
mendampar	kaudampar
mendampar	didampar
mendampar	terdampar
mendampar	dampar
mendampar	damparlah
mendamparkan	didamparkan
mendamparkan	kudamparkan
mendamparkan	kaudamparkan
mendamparkan	damparkan
mendamparkan	damparkanlah
mendampingi	didampingi
mendampingi	kudampingi
mendampingi	kaudampingi
mendampingi	dampingi
mendampingi	dampingilah
mendamprat	kudamprat
mendamprat	kaudamprat
mendamprat	didamprat
mendamprat	terdamprat
mendamprat	damprat
mendamprat	dampratlah
mendanai	didanai
mendanai	kudanai
mendanai	kaudanai
mendanai	danai
mendanai	danailah
mendandani	didandani
mendandani	kudandani
mendandani	kaudandani
mendandani	dandani
mendandani	dandanilah
mendangir	kudangir
mendangir	kaudangir
mendangir	didangir
mendangir	terdangir
mendangir	dangir
mendangir	dangirlah
mendangkal	kudangkal
mendangkal	kaudangkal
mendangkal	didangkal
mendangkal	terdangkal
mendangkal	dangkal
mendangkal	dangkallah
mendangkalkan	didangkalkan
mendangkalkan	kudangkalkan
mendangkalkan	kaudangkalkan
mendangkalkan	dangkalkan
mendangkalkan	dangkalkanlah
mendangkung	kudangkung
mendangkung	kaudangkung
mendangkung	didangkung
mendangkung	terdangkung
mendangkung	dangkung
mendangkung	dangkunglah
mendanguk	kudanguk
mendanguk	kaudanguk
mendanguk	didanguk
mendanguk	terdanguk
mendanguk	danguk
mendanguk	danguklah
mendapat	kudapat
mendapat	kaudapat
mendapat	didapat
mendapat	terdapat
mendapat	dapat
mendapat	dapatlah
mendapati	didapati
mendapati	kudapati
mendapati	kaudapati
mendapati	dapati
mendapati	dapatilah
mendarab	kudarab
mendarab	kaudarab
mendarab	didarab
mendarab	terdarab
mendarab	darab
mendarab	darablah
mendarah	kudarah
mendarah	kaudarah
mendarah	didarah
mendarah	terdarah
mendarah	darah
mendarah	darahlah
mendarahi	didarahi
mendarahi	kudarahi
mendarahi	kaudarahi
mendarahi	darahi
mendarahi	darahilah
mendaras	kudaras
mendaras	kaudaras
mendaras	didaras
mendaras	terdaras
mendaras	daras
mendaras	daraslah
mendarat	kudarat
mendarat	kaudarat
mendarat	didarat
mendarat	terdarat
mendarat	darat
mendarat	daratlah
mendarati	didarati
mendarati	kudarati
mendarati	kaudarati
mendarati	darati
mendarati	daratilah
mendaratkan	didaratkan
mendaratkan	kudaratkan
mendaratkan	kaudaratkan
mendaratkan	daratkan
mendaratkan	daratkanlah
mendarmabaktikan	didarmabaktikan
mendarmabaktikan	kudarmabaktikan
mendarmabaktikan	kaudarmabaktikan
mendarmabaktikan	darmabaktikan
mendarmabaktikan	darmabaktikanlah
mendaruratkan	didaruratkan
mendaruratkan	kudaruratkan
mendaruratkan	kaudaruratkan
mendaruratkan	daruratkan
mendaruratkan	daruratkanlah
mendasar	kudasar
mendasar	kaudasar
mendasar	didasar
mendasar	terdasar
mendasar	dasar
mendasar	dasarlah
mendasari	didasari
mendasari	kudasari
mendasari	kaudasari
mendasari	dasari
mendasari	dasarilah
mendata	kudata
mendata	kaudata
mendata	didata
mendata	terdata
mendata	data
mendata	datalah
mendatakan	didatakan
mendatakan	kudatakan
mendatakan	kaudatakan
mendatakan	datakan
mendatakan	datakanlah
mendatang	kudatang
mendatang	kaudatang
mendatang	didatang
mendatang	terdatang
mendatang	datang
mendatang	datanglah
mendatangi	didatangi
mendatangi	kudatangi
mendatangi	kaudatangi
mendatangi	datangi
mendatangi	datangilah
mendatangin	didatangin
mendatangin	kudatangin
mendatangin	kaudatangin
mendatangin	datang
mendatar	kudatar
mendatar	kaudatar
mendatar	didatar
mendatar	terdatar
mendatar	datar
mendatar	datarlah
mendatarkan	didatarkan
mendatarkan	kudatarkan
mendatarkan	kaudatarkan
mendatarkan	datarkan
mendatarkan	datarkanlah
mendaulat	kudaulat
mendaulat	kaudaulat
mendaulat	didaulat
mendaulat	terdaulat
mendaulat	daulat
mendaulat	daulatlah
mendaun	kudaun
mendaun	kaudaun
mendaun	didaun
mendaun	terdaun
mendaun	daun
mendaun	daunlah
mendayu	kudayu
mendayu	kaudayu
mendayu	didayu
mendayu	terdayu
mendayu	dayu
mendayu	dayulah
mendayung	kudayung
mendayung	kaudayung
mendayung	didayung
mendayung	terdayung
mendayung	dayung
mendayung	dayunglah
mendayus	kudayus
mendayus	kaudayus
mendayus	didayus
mendayus	terdayus
mendayus	dayus
mendayus	dayuslah
mendebah	kudebah
mendebah	kaudebah
mendebah	didebah
mendebah	terdebah
mendebah	debah
mendebah	debahlah
mendebat	kudebat
mendebat	kaudebat
mendebat	didebat
mendebat	terdebat
mendebat	debat
mendebat	debatlah
mendebik	kudebik
mendebik	kaudebik
mendebik	didebik
mendebik	terdebik
mendebik	debik
mendebik	debiklah
mendebitkan	didebitkan
mendebitkan	kudebitkan
mendebitkan	kaudebitkan
mendebitkan	debitkan
mendebitkan	debitkanlah
mendebu	kudebu
mendebu	kaudebu
mendebu	didebu
mendebu	terdebu
mendebu	debu
mendebu	debulah
mendebur	kudebur
mendebur	kaudebur
mendebur	didebur
mendebur	terdebur
mendebur	debur
mendebur	deburlah
mendecap-decap	
mendecit	kudecit
mendecit	kaudecit
mendecit	didecit
mendecit	terdecit
mendecit	decit
mendecit	decitlah
mendecur	kudecur
mendecur	kaudecur
mendecur	didecur
mendecur	terdecur
mendecur	decur
mendecur	decurlah
mendedahkan	didedahkan
mendedahkan	kudedahkan
mendedahkan	kaudedahkan
mendedahkan	dedahkan
mendedahkan	dedahkanlah
mendedas	kudedas
mendedas	kaudedas
mendedas	didedas
mendedas	terdedas
mendedas	dedas
mendedas	dedaslah
mendedel	kudedel
mendedel	kaudedel
mendedel	didedel
mendedel	terdedel
mendedel	dedel
mendedel	dedellah
mendeder	kudeder
mendeder	kaudeder
mendeder	dideder
mendeder	terdeder
mendeder	deder
mendeder	dederlah
mendederkan	didederkan
mendederkan	kudederkan
mendederkan	kaudederkan
mendederkan	dederkan
mendederkan	dederkanlah
mendefinisikan	didefinisikan
mendefinisikan	kudefinisikan
mendefinisikan	kaudefinisikan
mendefinisikan	definisikan
mendefinisikan	definisikanlah
mendegam	kudegam
mendegam	kaudegam
mendegam	didegam
mendegam	terdegam
mendegam	degam
mendegam	degamlah
mendegam-degam	
mendegil	kudegil
mendegil	kaudegil
mendegil	didegil
mendegil	terdegil
mendegil	degil
mendegil	degillah
mendeham	kudeham
mendeham	kaudeham
mendeham	dideham
mendeham	terdeham
mendeham	deham
mendeham	dehamlah
mendekam	kudekam
mendekam	kaudekam
mendekam	didekam
mendekam	terdekam
mendekam	dekam
mendekam	dekamlah
mendekap	kudekap
mendekap	kaudekap
mendekap	didekap
mendekap	terdekap
mendekap	dekap
mendekap	dekaplah
mendekar	kudekar
mendekar	kaudekar
mendekar	didekar
mendekar	terdekar
mendekar	dekar
mendekar	dekarlah
mendekat	kudekat
mendekat	kaudekat
mendekat	didekat
mendekat	terdekat
mendekat	dekat
mendekat	dekatlah
mendekati	didekati
mendekati	kudekati
mendekati	kaudekati
mendekati	dekati
mendekati	dekatilah
mendeklarasikan	dideklarasikan
mendeklarasikan	kudeklarasikan
mendeklarasikan	kaudeklarasikan
mendeklarasikan	deklarasikan
mendeklarasikan	deklarasikanlah
mendekolonisasi	kudekolonisasi
mendekolonisasi	kaudekolonisasi
mendekolonisasi	didekolonisasi
mendekolonisasi	terdekolonisasi
mendekolonisasi	dekolonisasi
mendekolonisasi	dekolonisasilah
mendekretkan	didekretkan
mendekretkan	kudekretkan
mendekretkan	kaudekretkan
mendekretkan	dekretkan
mendekretkan	dekretkanlah
mendekus	kudekus
mendekus	kaudekus
mendekus	didekus
mendekus	terdekus
mendekus	dekus
mendekus	dekuslah
mendekut	kudekut
mendekut	kaudekut
mendekut	didekut
mendekut	terdekut
mendekut	dekut
mendekut	dekutlah
mendelegasikan	didelegasikan
mendelegasikan	kudelegasikan
mendelegasikan	kaudelegasikan
mendelegasikan	delegasikan
mendelegasikan	delegasikanlah
mendelik	kudelik
mendelik	kaudelik
mendelik	didelik
mendelik	terdelik
mendelik	delik
mendelik	deliklah
mendemah	kudemah
mendemah	kaudemah
mendemah	didemah
mendemah	terdemah
mendemah	demah
mendemah	demahlah
mendemik	kudemik
mendemik	kaudemik
mendemik	didemik
mendemik	terdemik
mendemik	demik
mendemik	demiklah
mendemiliterisasi	kudemiliterisasi
mendemiliterisasi	kaudemiliterisasi
mendemiliterisasi	didemiliterisasi
mendemiliterisasi	terdemiliterisasi
mendemiliterisasi	demiliterisasi
mendemiliterisasi	demiliterisasilah
mendemo	kudemo
mendemo	kaudemo
mendemo	didemo
mendemo	terdemo
mendemo	demo
mendemo	demolah
mendemobilisasi	kudemobilisasi
mendemobilisasi	kaudemobilisasi
mendemobilisasi	didemobilisasi
mendemobilisasi	terdemobilisasi
mendemobilisasi	demobilisasi
mendemobilisasi	demobilisasilah
mendemokrasikan	didemokrasikan
mendemokrasikan	kudemokrasikan
mendemokrasikan	kaudemokrasikan
mendemokrasikan	demokrasikan
mendemokrasikan	demokrasikanlah
mendemonstrasi	kudemonstrasi
mendemonstrasi	kaudemonstrasi
mendemonstrasi	didemonstrasi
mendemonstrasi	terdemonstrasi
mendemonstrasi	demonstrasi
mendemonstrasi	demonstrasilah
mendempul	kudempul
mendempul	kaudempul
mendempul	didempul
mendempul	terdempul
mendempul	dempul
mendempul	dempullah
mendenda	kudenda
mendenda	kaudenda
mendenda	didenda
mendenda	terdenda
mendenda	denda
mendenda	dendalah
mendendam	kudendam
mendendam	kaudendam
mendendam	didendam
mendendam	terdendam
mendendam	dendam
mendendam	dendamlah
mendendami	didendami
mendendami	kudendami
mendendami	kaudendami
mendendami	dendami
mendendami	dendamilah
mendendeng	kudendeng
mendendeng	kaudendeng
mendendeng	didendeng
mendendeng	terdendeng
mendendeng	dendeng
mendendeng	dendenglah
mendengar	kudengar
mendengar	kaudengar
mendengar	didengar
mendengar	terdengar
mendengar	dengar
mendengar	dengarlah
mendengar-dengar	
mendengari	didengari
mendengari	kudengari
mendengari	kaudengari
mendengari	dengari
mendengari	dengarilah
mendenging	kudenging
mendenging	kaudenging
mendenging	didenging
mendenging	terdenging
mendenging	denging
mendenging	denginglah
mendengking	kudengking
mendengking	kaudengking
mendengking	didengking
mendengking	terdengking
mendengking	dengking
mendengking	dengkinglah
mendengking-dengking	
mendengkul	kudengkul
mendengkul	kaudengkul
mendengkul	didengkul
mendengkul	terdengkul
mendengkul	dengkul
mendengkul	dengkullah
mendengkung	kudengkung
mendengkung	kaudengkung
mendengkung	didengkung
mendengkung	terdengkung
mendengkung	dengkung
mendengkung	dengkunglah
mendengkur	kudengkur
mendengkur	kaudengkur
mendengkur	didengkur
mendengkur	terdengkur
mendengkur	dengkur
mendengkur	dengkurlah
mendengkus	kudengkus
mendengkus	kaudengkus
mendengkus	didengkus
mendengkus	terdengkus
mendengkus	dengkus
mendengkus	dengkuslah
mendengu	kudengu
mendengu	kaudengu
mendengu	didengu
mendengu	terdengu
mendengu	dengu
mendengu	dengulah
mendenguk	kudenguk
mendenguk	kaudenguk
mendenguk	didenguk
mendenguk	terdenguk
mendenguk	denguk
mendenguk	denguklah
mendengung	kudengung
mendengung	kaudengung
mendengung	didengung
mendengung	terdengung
mendengung	dengung
mendengung	dengunglah
mendengus	kudengus
mendengus	kaudengus
mendengus	didengus
mendengus	terdengus
mendengus	dengus
mendengus	denguslah
mendengus-dengus	
mendengut	kudengut
mendengut	kaudengut
mendengut	didengut
mendengut	terdengut
mendengut	dengut
mendengut	dengutlah
mendengut-dengut	
mendenting	kudenting
mendenting	kaudenting
mendenting	didenting
mendenting	terdenting
mendenting	denting
mendenting	dentinglah
mendenyut	kudenyut
mendenyut	kaudenyut
mendenyut	didenyut
mendenyut	terdenyut
mendenyut	denyut
mendenyut	denyutlah
mendepa	kudepa
mendepa	kaudepa
mendepa	didepa
mendepa	terdepa
mendepa	depa
mendepa	depalah
mendepakan	didepakan
mendepakan	kudepakan
mendepakan	kaudepakan
mendepakan	depakan
mendepakan	depakanlah
mendepang	kudepang
mendepang	kaudepang
mendepang	didepang
mendepang	terdepang
mendepang	depang
mendepang	depanglah
mendepangkan	didepangkan
mendepangkan	kudepangkan
mendepangkan	kaudepangkan
mendepangkan	depangkan
mendepangkan	depangkanlah
mendepolitisasi	kudepolitisasi
mendepolitisasi	kaudepolitisasi
mendepolitisasi	didepolitisasi
mendepolitisasi	terdepolitisasi
mendepolitisasi	depolitisasi
mendepolitisasi	depolitisasilah
mendeponir	kudeponir
mendeponir	kaudeponir
mendeponir	dideponir
mendeponir	terdeponir
mendeponir	deponir
mendeponir	deponirlah
mendeportasi	kudeportasi
mendeportasi	kaudeportasi
mendeportasi	dideportasi
mendeportasi	terdeportasi
mendeportasi	deportasi
mendeportasi	deportasilah
mendeportasikan	dideportasikan
mendeportasikan	kudeportasikan
mendeportasikan	kaudeportasikan
mendeportasikan	deportasikan
mendeportasikan	deportasikanlah
mendepositokan	didepositokan
mendepositokan	kudepositokan
mendepositokan	kaudepositokan
mendepositokan	depositokan
mendepositokan	depositokanlah
mendeprok	kudeprok
mendeprok	kaudeprok
mendeprok	dideprok
mendeprok	terdeprok
mendeprok	deprok
mendeprok	deproklah
mendepun	kudepun
mendepun	kaudepun
mendepun	didepun
mendepun	terdepun
mendepun	depun
mendepun	depunlah
mendera	kudera
mendera	kaudera
mendera	didera
mendera	terdera
mendera	dera
mendera	deralah
menderai-deraikan	
menderak-derakkan	
menderam	kuderam
menderam	kauderam
menderam	dideram
menderam	terderam
menderam	deram
menderam	deramlah
menderang	kuderang
menderang	kauderang
menderang	diderang
menderang	terderang
menderang	derang
menderang	deranglah
menderap	kuderap
menderap	kauderap
menderap	diderap
menderap	terderap
menderap	derap
menderap	deraplah
menderas	kuderas
menderas	kauderas
menderas	dideras
menderas	terderas
menderas	deras
menderas	deraslah
menderau	kuderau
menderau	kauderau
menderau	diderau
menderau	terderau
menderau	derau
menderau	deraulah
menderau-derau	
menderek	kuderek
menderek	kauderek
menderek	diderek
menderek	terderek
menderek	derek
menderek	dereklah
menderes	kuderes
menderes	kauderes
menderes	dideres
menderes	terderes
menderes	deres
menderes	dereslah
mendering	kudering
mendering	kaudering
mendering	didering
mendering	terdering
mendering	dering
mendering	deringlah
menderis	kuderis
menderis	kauderis
menderis	dideris
menderis	terderis
menderis	deris
menderis	derislah
menderit	kuderit
menderit	kauderit
menderit	diderit
menderit	terderit
menderit	derit
menderit	deritlah
menderita	kuderita
menderita	kauderita
menderita	diderita
menderita	terderita
menderita	derita
menderita	deritalah
mendermakan	didermakan
mendermakan	kudermakan
mendermakan	kaudermakan
mendermakan	dermakan
mendermakan	dermakanlah
menderu	kuderu
menderu	kauderu
menderu	dideru
menderu	terderu
menderu	deru
menderu	derulah
menderu-deru	
menderum	kuderum
menderum	kauderum
menderum	diderum
menderum	terderum
menderum	derum
menderum	derumlah
menderung	kuderung
menderung	kauderung
menderung	diderung
menderung	terderung
menderung	derung
menderung	derunglah
mendesah	kudesah
mendesah	kaudesah
mendesah	didesah
mendesah	terdesah
mendesah	desah
mendesah	desahlah
mendesain	kudesain
mendesain	kaudesain
mendesain	didesain
mendesain	terdesain
mendesain	desain
mendesain	desainlah
mendesak	kudesak
mendesak	kaudesak
mendesak	didesak
mendesak	terdesak
mendesak	desak
mendesak	desaklah
mendesar	kudesar
mendesar	kaudesar
mendesar	didesar
mendesar	terdesar
mendesar	desar
mendesar	desarlah
mendesau	kudesau
mendesau	kaudesau
mendesau	didesau
mendesau	terdesau
mendesau	desau
mendesau	desaulah
mendesing	kudesing
mendesing	kaudesing
mendesing	didesing
mendesing	terdesing
mendesing	desing
mendesing	desinglah
mendesir	kudesir
mendesir	kaudesir
mendesir	didesir
mendesir	terdesir
mendesir	desir
mendesir	desirlah
mendesis	kudesis
mendesis	kaudesis
mendesis	didesis
mendesis	terdesis
mendesis	desis
mendesis	desislah
mendeskripsikan	dideskripsikan
mendeskripsikan	kudeskripsikan
mendeskripsikan	kaudeskripsikan
mendeskripsikan	deskripsikan
mendeskripsikan	deskripsikanlah
mendestabilisasi	kudestabilisasi
mendestabilisasi	kaudestabilisasi
mendestabilisasi	didestabilisasi
mendestabilisasi	terdestabilisasi
mendestabilisasi	destabilisasi
mendestabilisasi	destabilisasilah
mendesus-desus	
mendesut	kudesut
mendesut	kaudesut
mendesut	didesut
mendesut	terdesut
mendesut	desut
mendesut	desutlah
mendetail	kudetail
mendetail	kaudetail
mendetail	didetail
mendetail	terdetail
mendetail	detail
mendetail	detaillah
mendetak	kudetak
mendetak	kaudetak
mendetak	didetak
mendetak	terdetak
mendetak	detak
mendetak	detaklah
mendetap-detap	
mendetar	kudetar
mendetar	kaudetar
mendetar	didetar
mendetar	terdetar
mendetar	detar
mendetar	detarlah
mendetasir	kudetasir
mendetasir	kaudetasir
mendetasir	didetasir
mendetasir	terdetasir
mendetasir	detasir
mendetasir	detasirlah
mendeteksi	kudeteksi
mendeteksi	kaudeteksi
mendeteksi	dideteksi
mendeteksi	terdeteksi
mendeteksi	deteksi
mendeteksi	deteksilah
mendetik	kudetik
mendetik	kaudetik
mendetik	didetik
mendetik	terdetik
mendetik	detik
mendetik	detiklah
mendevaluasi	kudevaluasi
mendevaluasi	kaudevaluasi
mendevaluasi	didevaluasi
mendevaluasi	terdevaluasi
mendevaluasi	devaluasi
mendevaluasi	devaluasilah
mendevaluasikan	didevaluasikan
mendevaluasikan	kudevaluasikan
mendevaluasikan	kaudevaluasikan
mendevaluasikan	devaluasikan
mendevaluasikan	devaluasikanlah
mendewa-dewakan	
mendewakan	didewakan
mendewakan	kudewakan
mendewakan	kaudewakan
mendewakan	dewakan
mendewakan	dewakanlah
mendewasakan	didewasakan
mendewasakan	kudewasakan
mendewasakan	kaudewasakan
mendewasakan	dewasakan
mendewasakan	dewasakanlah
mendewatakan	didewatakan
mendewatakan	kudewatakan
mendewatakan	kaudewatakan
mendewatakan	dewatakan
mendewatakan	dewatakanlah
mendiagnosis	kudiagnosis
mendiagnosis	kaudiagnosis
mendiagnosis	didiagnosis
mendiagnosis	terdiagnosis
mendiagnosis	diagnosis
mendiagnosis	diagnosislah
mendiakan	didiakan
mendiakan	kudiakan
mendiakan	kaudiakan
mendiakan	diakan
mendiakan	diakanlah
mendiami	didiami
mendiami	kudiami
mendiami	kaudiami
mendiami	diami
mendiami	diamilah
mendiang	kudiang
mendiang	kaudiang
mendiang	didiang
mendiang	terdiang
mendiang	diang
mendiang	dianglah
mendiani	didiani
mendiani	kudiani
mendiani	kaudiani
mendiani	diani
mendiani	dianilah
mendiatkan	didiatkan
mendiatkan	kudiatkan
mendiatkan	kaudiatkan
mendiatkan	diatkan
mendiatkan	diatkanlah
mendidih	
mendidihkan	dididihkan
mendidihkan	kudidihkan
mendidihkan	kaudidihkan
mendidihkan	didihkan
mendidihkan	didihkanlah
mendidik	kudidik
mendidik	kaudidik
mendidik	dididik
mendidik	terdidik
mendidik	didik
mendidik	didiklah
mendidis	kudidis
mendidis	kaudidis
mendidis	dididis
mendidis	terdidis
mendidis	didis
mendidis	didislah
mendikte	kudikte
mendikte	kaudikte
mendikte	didikte
mendikte	terdikte
mendikte	dikte
mendikte	diktelah
mendiktekan	didiktekan
mendiktekan	kudiktekan
mendiktekan	kaudiktekan
mendiktekan	diktekan
mendiktekan	diktekanlah
mendilak	kudilak
mendilak	kaudilak
mendilak	didilak
mendilak	terdilak
mendilak	dilak
mendilak	dilaklah
mendinamiskan	didinamiskan
mendinamiskan	kudinamiskan
mendinamiskan	kaudinamiskan
mendinamiskan	dinamiskan
mendinamiskan	dinamiskanlah
mendinamit	kudinamit
mendinamit	kaudinamit
mendinamit	didinamit
mendinamit	terdinamit
mendinamit	dinamit
mendinamit	dinamitlah
mendinding	kudinding
mendinding	kaudinding
mendinding	didinding
mendinding	terdinding
mendinding	dinding
mendinding	dindinglah
mendindingi	didindingi
mendindingi	kudindingi
mendindingi	kaudindingi
mendindingi	dindingi
mendindingi	dindingilah
mendingin	kudingin
mendingin	kaudingin
mendingin	didingin
mendingin	terdingin
mendingin	dingin
mendingin	dinginlah
mendinginkan	didinginkan
mendinginkan	kudinginkan
mendinginkan	kaudinginkan
mendinginkan	dinginkan
mendinginkan	dinginkanlah
mendiris	kudiris
mendiris	kaudiris
mendiris	didiris
mendiris	terdiris
mendiris	diris
mendiris	dirislah
mendirus	kudirus
mendirus	kaudirus
mendirus	didirus
mendirus	terdirus
mendirus	dirus
mendirus	diruslah
mendiruskan	didiruskan
mendiruskan	kudiruskan
mendiruskan	kaudiruskan
mendiruskan	diruskan
mendiruskan	diruskanlah
mendiskreditkan	didiskreditkan
mendiskreditkan	kudiskreditkan
mendiskreditkan	kaudiskreditkan
mendiskreditkan	diskreditkan
mendiskreditkan	diskreditkanlah
mendiskriminasi	kudiskriminasi
mendiskriminasi	kaudiskriminasi
mendiskriminasi	didiskriminasi
mendiskriminasi	terdiskriminasi
mendiskriminasi	diskriminasi
mendiskriminasi	diskriminasilah
mendiskualifikasikan	didiskualifikasikan
mendiskualifikasikan	kudiskualifikasikan
mendiskualifikasikan	kaudiskualifikasikan
mendiskualifikasikan	diskualifikasikan
mendiskualifikasikan	diskualifikasikanlah
mendistribusi	kudistribusi
mendistribusi	kaudistribusi
mendistribusi	didistribusi
mendistribusi	terdistribusi
mendistribusi	distribusi
mendistribusi	distribusilah
mendistribusikan	didistribusikan
mendistribusikan	kudistribusikan
mendistribusikan	kaudistribusikan
mendistribusikan	distribusikan
mendistribusikan	distribusikanlah
mendiversifikasi	kudiversifikasi
mendiversifikasi	kaudiversifikasi
mendiversifikasi	didiversifikasi
mendiversifikasi	terdiversifikasi
mendiversifikasi	diversifikasi
mendiversifikasi	diversifikasilah
mendoa	kudoa
mendoa	kaudoa
mendoa	didoa
mendoa	terdoa
mendoa	doa
mendoa	doalah
mendobrak	kudobrak
mendobrak	kaudobrak
mendobrak	didobrak
mendobrak	terdobrak
mendobrak	dobrak
mendobrak	dobraklah
mendodet	kudodet
mendodet	kaudodet
mendodet	didodet
mendodet	terdodet
mendodet	dodet
mendodet	dodetlah
mendodos	kudodos
mendodos	kaudodos
mendodos	didodos
mendodos	terdodos
mendodos	dodos
mendodos	dodoslah
mendokumentasikan	didokumentasikan
mendokumentasikan	kudokumentasikan
mendokumentasikan	kaudokumentasikan
mendokumentasikan	dokumentasikan
mendokumentasikan	dokumentasikanlah
mendolarkan	didolarkan
mendolarkan	kudolarkan
mendolarkan	kaudolarkan
mendolarkan	dolarkan
mendolarkan	dolarkanlah
mendominasi	kudominasi
mendominasi	kaudominasi
mendominasi	didominasi
mendominasi	terdominasi
mendominasi	dominasi
mendominasi	dominasilah
mendompak	kudompak
mendompak	kaudompak
mendompak	didompak
mendompak	terdompak
mendompak	dompak
mendompak	dompaklah
mendoncang	kudoncang
mendoncang	kaudoncang
mendoncang	didoncang
mendoncang	terdoncang
mendoncang	doncang
mendoncang	doncanglah
mendondangkan	didondangkan
mendondangkan	kudondangkan
mendondangkan	kaudondangkan
mendondangkan	dondangkan
mendondangkan	dondangkanlah
mendongak	kudongak
mendongak	kaudongak
mendongak	didongak
mendongak	terdongak
mendongak	dongak
mendongak	dongaklah
mendongeng	kudongeng
mendongeng	kaudongeng
mendongeng	didongeng
mendongeng	terdongeng
mendongeng	dongeng
mendongeng	dongenglah
mendongengi	didongengi
mendongengi	kudongengi
mendongengi	kaudongengi
mendongengi	dongengi
mendongengi	dongengilah
mendongengkan	didongengkan
mendongengkan	kudongengkan
mendongengkan	kaudongengkan
mendongengkan	dongengkan
mendongengkan	dongengkanlah
mendongkak	kudongkak
mendongkak	kaudongkak
mendongkak	didongkak
mendongkak	terdongkak
mendongkak	dongkak
mendongkak	dongkaklah
mendongkel	kudongkel
mendongkel	kaudongkel
mendongkel	didongkel
mendongkel	terdongkel
mendongkel	dongkel
mendongkel	dongkellah
mendongkolkan	didongkolkan
mendongkolkan	kudongkolkan
mendongkolkan	kaudongkolkan
mendongkolkan	dongkolkan
mendongkolkan	dongkolkanlah
mendongkrak	kudongkrak
mendongkrak	kaudongkrak
mendongkrak	didongkrak
mendongkrak	terdongkrak
mendongkrak	dongkrak
mendongkrak	dongkraklah
mendongsok	kudongsok
mendongsok	kaudongsok
mendongsok	didongsok
mendongsok	terdongsok
mendongsok	dongsok
mendongsok	dongsoklah
mendornai	didornai
mendornai	kudornai
mendornai	kaudornai
mendornai	dornai
mendornai	dornailah
mendorong	kudorong
mendorong	kaudorong
mendorong	didorong
mendorong	terdorong
mendorong	dorong
mendorong	doronglah
mendribel	kudribel
mendribel	kaudribel
mendribel	didribel
mendribel	terdribel
mendribel	dribel
mendribel	dribellah
mendua	kudua
mendua	kaudua
mendua	didua
mendua	terdua
mendua	dua
mendua	dualah
menduai	diduai
menduai	kuduai
menduai	kauduai
menduai	duai
menduai	duailah
mendubeskan	didubeskan
mendubeskan	kudubeskan
mendubeskan	kaudubeskan
mendubeskan	dubeskan
mendubeskan	dubeskanlah
mendublir	kudublir
mendublir	kaudublir
mendublir	didublir
mendublir	terdublir
mendublir	dublir
mendublir	dublirlah
mendudu	kududu
mendudu	kaududu
mendudu	didudu
mendudu	terdudu
mendudu	dudu
mendudu	dudulah
mendudu-dudu	
mendudukkan	didudukkan
mendudukkan	kududukkan
mendudukkan	kaududukkan
mendudukkan	dudukkan
mendudukkan	dudukkanlah
mendudur	kududur
mendudur	kaududur
mendudur	didudur
mendudur	terdudur
mendudur	dudur
mendudur	dudurlah
menduga	kuduga
menduga	kauduga
menduga	diduga
menduga	terduga
menduga	duga
menduga	dugalah
menduga-duga	
mendugalkan	didugalkan
mendugalkan	kudugalkan
mendugalkan	kaudugalkan
mendugalkan	dugalkan
mendugalkan	dugalkanlah
mendugang	kudugang
mendugang	kaudugang
mendugang	didugang
mendugang	terdugang
mendugang	dugang
mendugang	duganglah
mendugas	kudugas
mendugas	kaudugas
mendugas	didugas
mendugas	terdugas
mendugas	dugas
mendugas	dugaslah
mendukai	didukai
mendukai	kudukai
mendukai	kaudukai
mendukai	dukai
mendukai	dukailah
mendukung	kudukung
mendukung	kaudukung
mendukung	didukung
mendukung	terdukung
mendukung	dukung
mendukung	dukunglah
mendulag	kudulag
mendulag	kaudulag
mendulag	didulag
mendulag	terdulag
mendulag	dulag
mendulag	dulaglah
mendulang	kudulang
mendulang	kaudulang
mendulang	didulang
mendulang	terdulang
mendulang	dulang
mendulang	dulanglah
mendunia	kudunia
mendunia	kaudunia
mendunia	didunia
mendunia	terdunia
mendunia	dunia
mendunia	dunialah
mendupai	didupai
mendupai	kudupai
mendupai	kaudupai
mendupai	dupai
mendupai	dupailah
mendupak	kudupak
mendupak	kaudupak
mendupak	didupak
mendupak	terdupak
mendupak	dupak
mendupak	dupaklah
menduplikasikan	
menduplikatkan	
mendurhaka	kudurhaka
mendurhaka	kaudurhaka
mendurhaka	didurhaka
mendurhaka	terdurhaka
mendurhaka	durhaka
mendurhaka	durhakalah
mendurhakai	didurhakai
mendurhakai	kudurhakai
mendurhakai	kaudurhakai
mendurhakai	durhakai
mendurhakai	durhakailah
menduri	kuduri
menduri	kauduri
menduri	diduri
menduri	terduri
menduri	duri
menduri	durilah
mendusin	kudusin
mendusin	kaudusin
mendusin	didusin
mendusin	terdusin
mendusin	dusin
mendusin	dusinlah
mendusta	kudusta
mendusta	kaudusta
mendusta	didusta
mendusta	terdusta
mendusta	dusta
mendusta	dustalah
mendustai	didustai
mendustai	kudustai
mendustai	kaudustai
mendustai	dustai
mendustai	dustailah
mendwigandakan	didwigandakan
mendwigandakan	kudwigandakan
mendwigandakan	kaudwigandakan
mendwigandakan	dwigandakan
mendwigandakan	dwigandakanlah
menebah	kutebah
menebah	kautebah
menebah	ditebah
menebah	tertebah
menebah	tebah
menebah	tebahlah
menebahkan	ditebahkan
menebahkan	kutebahkan
menebahkan	kautebahkan
menebahkan	tebahkan
menebahkan	tebahkanlah
menebak	kutebak
menebak	kautebak
menebak	ditebak
menebak	tertebak
menebak	tebak
menebak	tebaklah
menebal	kutebal
menebal	kautebal
menebal	ditebal
menebal	tertebal
menebal	tebal
menebal	teballah
menebalkan	ditebalkan
menebalkan	kutebalkan
menebalkan	kautebalkan
menebalkan	tebalkan
menebalkan	tebalkanlah
meneban	kuteban
meneban	kauteban
meneban	diteban
meneban	terteban
meneban	teban
meneban	tebanlah
menebang	kutebang
menebang	kautebang
menebang	ditebang
menebang	tertebang
menebang	tebang
menebang	tebanglah
menebangi	ditebangi
menebangi	kutebangi
menebangi	kautebangi
menebangi	tebangi
menebangi	tebangilah
menebar	kutebar
menebar	kautebar
menebar	ditebar
menebar	tertebar
menebar	tebar
menebar	tebarlah
menebari	ditebari
menebari	kutebari
menebari	kautebari
menebari	tebari
menebari	tebarilah
menebarkan	ditebarkan
menebarkan	kutebarkan
menebarkan	kautebarkan
menebarkan	tebarkan
menebarkan	tebarkanlah
menebas	kutebas
menebas	kautebas
menebas	ditebas
menebas	tertebas
menebas	tebas
menebas	tebaslah
menebasi	ditebasi
menebasi	kutebasi
menebasi	kautebasi
menebasi	tebasi
menebasi	tebasilah
menebaskan	ditebaskan
menebaskan	kutebaskan
menebaskan	kautebaskan
menebaskan	tebaskan
menebaskan	tebaskanlah
menebat	kutebat
menebat	kautebat
menebat	ditebat
menebat	tertebat
menebat	tebat
menebat	tebatlah
menebeng	kutebeng
menebeng	kautebeng
menebeng	ditebeng
menebeng	tertebeng
menebeng	tebeng
menebeng	tebenglah
menebing	kutebing
menebing	kautebing
menebing	ditebing
menebing	tertebing
menebing	tebing
menebing	tebinglah
menebok	kutebok
menebok	kautebok
menebok	ditebok
menebok	tertebok
menebok	tebok
menebok	teboklah
menebu-nebu	
menebuk	kutebuk
menebuk	kautebuk
menebuk	ditebuk
menebuk	tertebuk
menebuk	tebuk
menebuk	tebuklah
menebus	kutebus
menebus	kautebus
menebus	ditebus
menebus	tertebus
menebus	tebus
menebus	tebuslah
meneduh	kuteduh
meneduh	kauteduh
meneduh	diteduh
meneduh	terteduh
meneduh	teduh
meneduh	teduhlah
meneduhi	diteduhi
meneduhi	kuteduhi
meneduhi	kauteduhi
meneduhi	teduhi
meneduhi	teduhilah
menegah	kutegah
menegah	kautegah
menegah	ditegah
menegah	tertegah
menegah	tegah
menegah	tegahlah
menegak	kutegak
menegak	kautegak
menegak	ditegak
menegak	tertegak
menegak	tegak
menegak	tegaklah
menegang	kutegang
menegang	kautegang
menegang	ditegang
menegang	tertegang
menegang	tegang
menegang	teganglah
menegangi	ditegangi
menegangi	kutegangi
menegangi	kautegangi
menegangi	tegangi
menegangi	tegangilah
menegangkan	ditegangkan
menegangkan	kutegangkan
menegangkan	kautegangkan
menegangkan	tegangkan
menegangkan	tegangkanlah
menegapkan	ditegapkan
menegapkan	kutegapkan
menegapkan	kautegapkan
menegapkan	tegapkan
menegapkan	tegapkanlah
menegara	kunegara
menegara	kaunegara
menegara	dinegara
menegara	ternegara
menegara	negara
menegara	negaralah
menegarkan	ditegarkan
menegarkan	kutegarkan
menegarkan	kautegarkan
menegarkan	tegarkan
menegarkan	tegarkanlah
menegas	kutegas
menegas	kautegas
menegas	ditegas
menegas	tertegas
menegas	tegas
menegas	tegaslah
menegaskan	ditegaskan
menegaskan	kutegaskan
menegaskan	kautegaskan
menegaskan	tegaskan
menegaskan	tegaskanlah
menegosiasikan	dinegosiasikan
menegosiasikan	kunegosiasikan
menegosiasikan	kaunegosiasikan
menegosiasikan	negosiasikan
menegosiasikan	negosiasikanlah
meneguk	kuteguk
meneguk	kauteguk
meneguk	diteguk
meneguk	terteguk
meneguk	teguk
meneguk	teguklah
menegun	kutegun
menegun	kautegun
menegun	ditegun
menegun	tertegun
menegun	tegun
menegun	tegunlah
menegur	kutegur
menegur	kautegur
menegur	ditegur
menegur	tertegur
menegur	tegur
menegur	tegurlah
menegur-neguri	
meneguri	diteguri
meneguri	kuteguri
meneguri	kauteguri
meneguri	teguri
meneguri	tegurilah
meneja	kuteja
meneja	kauteja
meneja	diteja
meneja	terteja
meneja	teja
meneja	tejalah
menekak	kutekak
menekak	kautekak
menekak	ditekak
menekak	tertekak
menekak	tekak
menekak	tekaklah
menekan	kutekan
menekan	kautekan
menekan	ditekan
menekan	tertekan
menekan	tekan
menekan	tekanlah
menekang	kutekang
menekang	kautekang
menekang	ditekang
menekang	tertekang
menekang	tekang
menekang	tekanglah
menekap	kutekap
menekap	kautekap
menekap	ditekap
menekap	tertekap
menekap	tekap
menekap	tekaplah
menekapi	ditekapi
menekapi	kutekapi
menekapi	kautekapi
menekapi	tekapi
menekapi	tekapilah
menekat	kutekat
menekat	kautekat
menekat	ditekat
menekat	tertekat
menekat	tekat
menekat	tekatlah
menekek	kutekek
menekek	kautekek
menekek	ditekek
menekek	tertekek
menekek	tekek
menekek	tekeklah
menekel	kutekel
menekel	kautekel
menekel	ditekel
menekel	tertekel
menekel	tekel
menekel	tekellah
meneker	kuteker
meneker	kauteker
meneker	diteker
meneker	terteker
meneker	teker
meneker	tekerlah
menekik	kutekik
menekik	kautekik
menekik	ditekik
menekik	tertekik
menekik	tekik
menekik	tekiklah
menekuk	kutekuk
menekuk	kautekuk
menekuk	ditekuk
menekuk	tertekuk
menekuk	tekuk
menekuk	tekuklah
menekuni	ditekuni
menekuni	kutekuni
menekuni	kautekuni
menekuni	tekuni
menekuni	tekunilah
menekur	kutekur
menekur	kautekur
menekur	ditekur
menekur	tertekur
menekur	tekur
menekur	tekurlah
menekuri	ditekuri
menekuri	kutekuri
menekuri	kautekuri
menekuri	tekuri
menekuri	tekurilah
menelaah	kutelaah
menelaah	kautelaah
menelaah	ditelaah
menelaah	tertelaah
menelaah	telaah
menelaah	telaahlah
meneladan	kuteladan
meneladan	kauteladan
meneladan	diteladan
meneladan	terteladan
meneladan	teladan
meneladan	teladanlah
meneladani	diteladani
meneladani	kuteladani
meneladani	kauteladani
meneladani	teladani
meneladani	teladanilah
menelah	kutelah
menelah	kautelah
menelah	ditelah
menelah	tertelah
menelah	telah
menelah	telahlah
menelan	kutelan
menelan	kautelan
menelan	ditelan
menelan	tertelan
menelan	telan
menelan	telanlah
menelangkai	kutelangkai
menelangkai	kautelangkai
menelangkai	ditelangkai
menelangkai	tertelangkai
menelangkai	telangkai
menelangkai	telangkailah
menelanjangi	ditelanjangi
menelanjangi	kutelanjangi
menelanjangi	kautelanjangi
menelanjangi	telanjangi
menelanjangi	telanjangilah
menelantarkan	ditelantarkan
menelantarkan	kutelantarkan
menelantarkan	kautelantarkan
menelantarkan	telantarkan
menelantarkan	telantarkanlah
menelap	kutelap
menelap	kautelap
menelap	ditelap
menelap	tertelap
menelap	telap
menelap	telaplah
meneledorkan	diteledorkan
meneledorkan	kuteledorkan
meneledorkan	kauteledorkan
meneledorkan	teledorkan
meneledorkan	teledorkanlah
menelegram	kutelegram
menelegram	kautelegram
menelegram	ditelegram
menelegram	tertelegram
menelegram	telegram
menelegram	telegramlah
menelempap	kutelempap
menelempap	kautelempap
menelempap	ditelempap
menelempap	tertelempap
menelempap	telempap
menelempap	telempaplah
menelengkan	ditelengkan
menelengkan	kutelengkan
menelengkan	kautelengkan
menelengkan	telengkan
menelengkan	telengkanlah
menelentang	kutelentang
menelentang	kautelentang
menelentang	ditelentang
menelentang	tertelentang
menelentang	telentang
menelentang	telentanglah
menelentangkan	ditelentangkan
menelentangkan	kutelentangkan
menelentangkan	kautelentangkan
menelentangkan	telentangkan
menelentangkan	telentangkanlah
menelepon	kutelepon
menelepon	kautelepon
menelepon	ditelepon
menelepon	tertelepon
menelepon	telepon
menelepon	teleponlah
menelik	kutelik
menelik	kautelik
menelik	ditelik
menelik	tertelik
menelik	telik
menelik	teliklah
menelikung	kutelikung
menelikung	kautelikung
menelikung	ditelikung
menelikung	tertelikung
menelikung	telikung
menelikung	telikunglah
menelinga	kutelinga
menelinga	kautelinga
menelinga	ditelinga
menelinga	tertelinga
menelinga	telinga
menelinga	telingalah
meneliti	kuteliti
meneliti	kauteliti
meneliti	diteliti
meneliti	terteliti
meneliti	teliti
meneliti	telitilah
menelungkup	kutelungkup
menelungkup	kautelungkup
menelungkup	ditelungkup
menelungkup	tertelungkup
menelungkup	telungkup
menelungkup	telungkuplah
menelur	kutelur
menelur	kautelur
menelur	ditelur
menelur	tertelur
menelur	telur
menelur	telurlah
menelus	kutelus
menelus	kautelus
menelus	ditelus
menelus	tertelus
menelus	telus
menelus	teluslah
menelusuk	kutelusuk
menelusuk	kautelusuk
menelusuk	ditelusuk
menelusuk	tertelusuk
menelusuk	telusuk
menelusuk	telusuklah
menelusuri	ditelusuri
menelusuri	kutelusuri
menelusuri	kautelusuri
menelusuri	telusuri
menelusuri	telusurilah
menemani	ditemani
menemani	kutemani
menemani	kautemani
menemani	temani
menemani	temanilah
menembaga	kutembaga
menembaga	kautembaga
menembaga	ditembaga
menembaga	tertembaga
menembaga	tembaga
menembaga	tembagalah
menembak	kutembak
menembak	kautembak
menembak	ditembak
menembak	tertembak
menembak	tembak
menembak	tembaklah
menembaki	ditembaki
menembaki	kutembaki
menembaki	kautembaki
menembaki	tembaki
menembaki	tembakilah
menembakkan	ditembakkan
menembakkan	kutembakkan
menembakkan	kautembakkan
menembakkan	tembakkan
menembakkan	tembakkanlah
menembang	kutembang
menembang	kautembang
menembang	ditembang
menembang	tertembang
menembang	tembang
menembang	tembanglah
menemberang	kutemberang
menemberang	kautemberang
menemberang	ditemberang
menemberang	tertemberang
menemberang	temberang
menemberang	temberanglah
menembok	kutembok
menembok	kautembok
menembok	ditembok
menembok	tertembok
menembok	tembok
menembok	temboklah
menembuk	kutembuk
menembuk	kautembuk
menembuk	ditembuk
menembuk	tertembuk
menembuk	tembuk
menembuk	tembuklah
menembung	kutembung
menembung	kautembung
menembung	ditembung
menembung	tertembung
menembung	tembung
menembung	tembunglah
menembusi	ditembusi
menembusi	kutembusi
menembusi	kautembusi
menembusi	tembusi
menembusi	tembusilah
menemin	kutemin
menemin	kautemin
menemin	ditemin
menemin	tertemin
menemin	temin
menemin	teminlah
menempa	kutempa
menempa	kautempa
menempa	ditempa
menempa	tertempa
menempa	tempa
menempa	tempalah
menempah	kutempah
menempah	kautempah
menempah	ditempah
menempah	tertempah
menempah	tempah
menempah	tempahlah
menempap	kutempap
menempap	kautempap
menempap	ditempap
menempap	tertempap
menempap	tempap
menempap	tempaplah
menempati	ditempati
menempati	kutempati
menempati	kautempati
menempati	tempati
menempati	tempatilah
menempel	kutempel
menempel	kautempel
menempel	ditempel
menempel	tertempel
menempel	tempel
menempel	tempellah
menempelak	kutempelak
menempelak	kautempelak
menempelak	ditempelak
menempelak	tertempelak
menempelak	tempelak
menempelak	tempelaklah
menempelakkan	ditempelakkan
menempelakkan	kutempelakkan
menempelakkan	kautempelakkan
menempelakkan	tempelakkan
menempelakkan	tempelakkanlah
menempeleng	kutempeleng
menempeleng	kautempeleng
menempeleng	ditempeleng
menempeleng	tertempeleng
menempeleng	tempeleng
menempeleng	tempelenglah
menempeli	ditempeli
menempeli	kutempeli
menempeli	kautempeli
menempeli	tempeli
menempeli	tempelilah
menempias	kutempias
menempias	kautempias
menempias	ditempias
menempias	tertempias
menempias	tempias
menempias	tempiaslah
menemplok	kutemplok
menemplok	kautemplok
menemplok	ditemplok
menemplok	tertemplok
menemplok	templok
menemplok	temploklah
menempong	kutempong
menempong	kautempong
menempong	ditempong
menempong	tertempong
menempong	tempong
menempong	temponglah
menempuh	kutempuh
menempuh	kautempuh
menempuh	ditempuh
menempuh	tertempuh
menempuh	tempuh
menempuh	tempuhlah
menempuhkan	ditempuhkan
menempuhkan	kutempuhkan
menempuhkan	kautempuhkan
menempuhkan	tempuhkan
menempuhkan	tempuhkanlah
menempulingi	ditempulingi
menempulingi	kutempulingi
menempulingi	kautempulingi
menempulingi	tempulingi
menempulingi	tempulingilah
menempur	kutempur
menempur	kautempur
menempur	ditempur
menempur	tertempur
menempur	tempur
menempur	tempurlah
menemu	kutemu
menemu	kautemu
menemu	ditemu
menemu	tertemu
menemu	temu
menemu	temulah
menemui	ditemui
menemui	kutemui
menemui	kautemui
menemui	temui
menemui	temuilah
menenagai	ditenagai
menenagai	kutenagai
menenagai	kautenagai
menenagai	tenagai
menenagai	tenagailah
menenang	kutenang
menenang	kautenang
menenang	ditenang
menenang	tertenang
menenang	tenang
menenang	tenanglah
menenangkan	ditenangkan
menenangkan	kutenangkan
menenangkan	kautenangkan
menenangkan	tenangkan
menenangkan	tenangkanlah
menenarkan	ditenarkan
menenarkan	kutenarkan
menenarkan	kautenarkan
menenarkan	tenarkan
menenarkan	tenarkanlah
menendang	kutendang
menendang	kautendang
menendang	ditendang
menendang	tertendang
menendang	tendang
menendang	tendanglah
menendas	kutendas
menendas	kautendas
menendas	ditendas
menendas	tertendas
menendas	tendas
menendas	tendaslah
menenderkan	ditenderkan
menenderkan	kutenderkan
menenderkan	kautenderkan
menenderkan	tenderkan
menenderkan	tenderkanlah
menenes	kunenes
menenes	kaunenes
menenes	dinenes
menenes	ternenes
menenes	nenes
menenes	neneslah
menengadah	kutengadah
menengadah	kautengadah
menengadah	ditengadah
menengadah	tertengadah
menengadah	tengadah
menengadah	tengadahlah
menengadahkan	ditengadahkan
menengadahkan	kutengadahkan
menengadahkan	kautengadahkan
menengadahkan	tengadahkan
menengadahkan	tengadahkanlah
menengah	kutengah
menengah	kautengah
menengah	ditengah
menengah	tertengah
menengah	tengah
menengah	tengahlah
menengahi	ditengahi
menengahi	kutengahi
menengahi	kautengahi
menengahi	tengahi
menengahi	tengahilah
menengarai	ditengarai
menengarai	kutengarai
menengarai	kautengarai
menengarai	tengarai
menengarai	tengarailah
menenggak	kutenggak
menenggak	kautenggak
menenggak	ditenggak
menenggak	tertenggak
menenggak	tenggak
menenggak	tenggaklah
menenggala	kutenggala
menenggala	kautenggala
menenggala	ditenggala
menenggala	tertenggala
menenggala	tenggala
menenggala	tenggalalah
menenggang	kutenggang
menenggang	kautenggang
menenggang	ditenggang
menenggang	tertenggang
menenggang	tenggang
menenggang	tengganglah
menenggara	kutenggara
menenggara	kautenggara
menenggara	ditenggara
menenggara	tertenggara
menenggara	tenggara
menenggara	tenggaralah
menenggek	kutenggek
menenggek	kautenggek
menenggek	ditenggek
menenggek	tertenggek
menenggek	tenggek
menenggek	tenggeklah
menenggelamkan	ditenggelamkan
menenggelamkan	kutenggelamkan
menenggelamkan	kautenggelamkan
menenggelamkan	tenggelamkan
menenggelamkan	tenggelamkanlah
menengil	kutengil
menengil	kautengil
menengil	ditengil
menengil	tertengil
menengil	tengil
menengil	tengillah
menengkar	kutengkar
menengkar	kautengkar
menengkar	ditengkar
menengkar	tertengkar
menengkar	tengkar
menengkar	tengkarlah
menengkarapkan	ditengkarapkan
menengkarapkan	kutengkarapkan
menengkarapkan	kautengkarapkan
menengkarapkan	tengkarapkan
menengkarapkan	tengkarapkanlah
menengkari	ditengkari
menengkari	kutengkari
menengkari	kautengkari
menengkari	tengkari
menengkari	tengkarilah
menengkel	kutengkel
menengkel	kautengkel
menengkel	ditengkel
menengkel	tertengkel
menengkel	tengkel
menengkel	tengkellah
menengking	kutengking
menengking	kautengking
menengking	ditengking
menengking	tertengking
menengking	tengking
menengking	tengkinglah
menengkurap	kutengkurap
menengkurap	kautengkurap
menengkurap	ditengkurap
menengkurap	tertengkurap
menengkurap	tengkurap
menengkurap	tengkuraplah
menengkurapkan	ditengkurapkan
menengkurapkan	kutengkurapkan
menengkurapkan	kautengkurapkan
menengkurapkan	tengkurapkan
menengkurapkan	tengkurapkanlah
menengok	kutengok
menengok	kautengok
menengok	ditengok
menengok	tertengok
menengok	tengok
menengok	tengoklah
menengoki	ditengoki
menengoki	kutengoki
menengoki	kautengoki
menengoki	tengoki
menengoki	tengokilah
menentang	kutentang
menentang	kautentang
menentang	ditentang
menentang	tertentang
menentang	tentang
menentang	tentanglah
menentangi	ditentangi
menentangi	kutentangi
menentangi	kautentangi
menentangi	tentangi
menentangi	tentangilah
menenteng	kutenteng
menenteng	kautenteng
menenteng	ditenteng
menenteng	tertenteng
menenteng	tenteng
menenteng	tentenglah
menenteramkan	ditenteramkan
menenteramkan	kutenteramkan
menenteramkan	kautenteramkan
menenteramkan	tenteramkan
menenteramkan	tenteramkanlah
menentu	kutentu
menentu	kautentu
menentu	ditentu
menentu	tertentu
menentu	tentu
menentu	tentulah
menentui	ditentui
menentui	kutentui
menentui	kautentui
menentui	tentui
menentui	tentuilah
menenun	kutenun
menenun	kautenun
menenun	ditenun
menenun	tertenun
menenun	tenun
menenun	tenunlah
menenung	kutenung
menenung	kautenung
menenung	ditenung
menenung	tertenung
menenung	tenung
menenung	tenunglah
menepak	kutepak
menepak	kautepak
menepak	ditepak
menepak	tertepak
menepak	tepak
menepak	tepaklah
menepak-nepak	
menepak-nepakkan	
menepakkan	ditepakkan
menepakkan	kutepakkan
menepakkan	kautepakkan
menepakkan	tepakkan
menepakkan	tepakkanlah
menepam	kutepam
menepam	kautepam
menepam	ditepam
menepam	tertepam
menepam	tepam
menepam	tepamlah
menepas	kutepas
menepas	kautepas
menepas	ditepas
menepas	tertepas
menepas	tepas
menepas	tepaslah
menepasi	ditepasi
menepasi	kutepasi
menepasi	kautepasi
menepasi	tepasi
menepasi	tepasilah
menepat	kutepat
menepat	kautepat
menepat	ditepat
menepat	tertepat
menepat	tepat
menepat	tepatlah
menepati	ditepati
menepati	kutepati
menepati	kautepati
menepati	tepati
menepati	tepatilah
menepatkan	ditepatkan
menepatkan	kutepatkan
menepatkan	kautepatkan
menepatkan	tepatkan
menepatkan	tepatkanlah
menepek	kutepek
menepek	kautepek
menepek	ditepek
menepek	tertepek
menepek	tepek
menepek	tepeklah
menepik	kutepik
menepik	kautepik
menepik	ditepik
menepik	tertepik
menepik	tepik
menepik	tepiklah
menepis	kutepis
menepis	kautepis
menepis	ditepis
menepis	tertepis
menepis	tepis
menepis	tepislah
menepuk	kutepuk
menepuk	kautepuk
menepuk	ditepuk
menepuk	tertepuk
menepuk	tepuk
menepuk	tepuklah
menepung	kutepung
menepung	kautepung
menepung	ditepung
menepung	tertepung
menepung	tepung
menepung	tepunglah
menera	kutera
menera	kautera
menera	ditera
menera	tertera
menera	tera
menera	teralah
menerakakan	dinerakakan
menerakakan	kunerakakan
menerakakan	kaunerakakan
menerakakan	nerakakan
menerakakan	nerakakanlah
meneral	kuteral
meneral	kauteral
meneral	diteral
meneral	terteral
meneral	teral
meneral	terallah
menerampilkan	diterampilkan
menerampilkan	kuterampilkan
menerampilkan	kauterampilkan
menerampilkan	terampilkan
menerampilkan	terampilkanlah
meneran	kuteran
meneran	kauteran
meneran	diteran
meneran	terteran
meneran	teran
meneran	teranlah
menerang	kuterang
menerang	kauterang
menerang	diterang
menerang	terterang
menerang	terang
menerang	teranglah
menerangi	diterangi
menerangi	kuterangi
menerangi	kauterangi
menerangi	terangi
menerangi	terangilah
menerangjelaskan	
menerap	kuterap
menerap	kauterap
menerap	diterap
menerap	terterap
menerap	terap
menerap	teraplah
meneratak	kuteratak
meneratak	kauteratak
meneratak	diteratak
meneratak	terteratak
meneratak	teratak
meneratak	terataklah
meneratap	kuteratap
meneratap	kauteratap
meneratap	diteratap
meneratap	terteratap
meneratap	teratap
meneratap	terataplah
menerawang	kuterawang
menerawang	kauterawang
menerawang	diterawang
menerawang	terterawang
menerawang	terawang
menerawang	terawanglah
menerbangi	diterbangi
menerbangi	kuterbangi
menerbangi	kauterbangi
menerbangi	terbangi
menerbangi	terbangilah
menerbangkan	diterbangkan
menerbangkan	kuterbangkan
menerbangkan	kauterbangkan
menerbangkan	terbangkan
menerbangkan	terbangkanlah
menerbankan	diterbankan
menerbankan	kuterbankan
menerbankan	kauterbankan
menerbankan	terbankan
menerbankan	terbankanlah
menerbitkan	diterbitkan
menerbitkan	kuterbitkan
menerbitkan	kauterbitkan
menerbitkan	terbitkan
menerbitkan	terbitkanlah
meneriaki	diteriaki
meneriaki	kuteriaki
meneriaki	kauteriaki
meneriaki	teriaki
meneriaki	teriakilah
menerikkan	diterikkan
menerikkan	kuterikkan
menerikkan	kauterikkan
menerikkan	terikkan
menerikkan	terikkanlah
menerima	kuterima
menerima	kauterima
menerima	diterima
menerima	terterima
menerima	terima
menerima	terimalah
menerindili	diterindili
menerindili	kuterindili
menerindili	kauterindili
menerindili	terindili
menerindili	terindililah
menerjang	kuterjang
menerjang	kauterjang
menerjang	diterjang
menerjang	terterjang
menerjang	terjang
menerjang	terjanglah
menerjangkan	diterjangkan
menerjangkan	kuterjangkan
menerjangkan	kauterjangkan
menerjangkan	terjangkan
menerjangkan	terjangkanlah
menerjemahkan	diterjemahkan
menerjemahkan	kuterjemahkan
menerjemahkan	kauterjemahkan
menerjemahkan	terjemahkan
menerjemahkan	terjemahkanlah
menerjuni	diterjuni
menerjuni	kuterjuni
menerjuni	kauterjuni
menerjuni	terjuni
menerjuni	terjunilah
menerjunkan	diterjunkan
menerjunkan	kuterjunkan
menerjunkan	kauterjunkan
menerjunkan	terjunkan
menerjunkan	terjunkanlah
menerka	kuterka
menerka	kauterka
menerka	diterka
menerka	terterka
menerka	terka
menerka	terkalah
menerkam	kuterkam
menerkam	kauterkam
menerkam	diterkam
menerkam	terterkam
menerkam	terkam
menerkam	terkamlah
menerkap	kuterkap
menerkap	kauterkap
menerkap	diterkap
menerkap	terterkap
menerkap	terkap
menerkap	terkaplah
menerkup	kuterkup
menerkup	kauterkup
menerkup	diterkup
menerkup	terterkup
menerkup	terkup
menerkup	terkuplah
menerkupkan	diterkupkan
menerkupkan	kuterkupkan
menerkupkan	kauterkupkan
menerkupkan	terkupkan
menerkupkan	terkupkanlah
menernakkan	diternakkan
menernakkan	kuternakkan
menernakkan	kauternakkan
menernakkan	ternakkan
menernakkan	ternakkanlah
menerobos	kuterobos
menerobos	kauterobos
menerobos	diterobos
menerobos	terterobos
menerobos	terobos
menerobos	teroboslah
meneroka	kuteroka
meneroka	kauteroka
meneroka	diteroka
meneroka	terteroka
meneroka	teroka
meneroka	terokalah
menerombol	kuterombol
menerombol	kauterombol
menerombol	diterombol
menerombol	terterombol
menerombol	terombol
menerombol	terombollah
meneropong	kuteropong
meneropong	kauteropong
meneropong	diteropong
meneropong	terteropong
meneropong	teropong
meneropong	teroponglah
meneropongi	diteropongi
meneropongi	kuteropongi
meneropongi	kauteropongi
meneropongi	teropongi
meneropongi	teropongilah
meneror	kuteror
meneror	kauteror
meneror	diteror
meneror	terteror
meneror	teror
meneror	terorlah
menerpa	kuterpa
menerpa	kauterpa
menerpa	diterpa
menerpa	terterpa
menerpa	terpa
menerpa	terpalah
menertawai	ditertawai
menertawai	kutertawai
menertawai	kautertawai
menertawai	tertawai
menertawai	tertawailah
menertawakan	ditertawakan
menertawakan	kutertawakan
menertawakan	kautertawakan
menertawakan	tertawakan
menertawakan	tertawakanlah
menerumkan	diterumkan
menerumkan	kuterumkan
menerumkan	kauterumkan
menerumkan	terumkan
menerumkan	terumkanlah
menerungku	kuterungku
menerungku	kauterungku
menerungku	diterungku
menerungku	terterungku
menerungku	terungku
menerungku	terungkulah
menerungkukan	diterungkukan
menerungkukan	kuterungkukan
menerungkukan	kauterungkukan
menerungkukan	terungkukan
menerungkukan	terungkukanlah
menerus	kuterus
menerus	kauterus
menerus	diterus
menerus	terterus
menerus	terus
menerus	teruslah
meneruskan	diteruskan
meneruskan	kuteruskan
meneruskan	kauteruskan
meneruskan	teruskan
meneruskan	teruskanlah
menetak	kutetak
menetak	kautetak
menetak	ditetak
menetak	tertetak
menetak	tetak
menetak	tetaklah
menetakkan	ditetakkan
menetakkan	kutetakkan
menetakkan	kautetakkan
menetakkan	tetakkan
menetakkan	tetakkanlah
menetalkan	ditetalkan
menetalkan	kutetalkan
menetalkan	kautetalkan
menetalkan	tetalkan
menetalkan	tetalkanlah
menetap	
menetapi	ditetapi
menetapi	kutetapi
menetapi	kautetapi
menetapi	tetapi
menetapi	tetapilah
menetapkan	ditetapkan
menetapkan	kutetapkan
menetapkan	kautetapkan
menetapkan	tetapkan
menetapkan	tetapkanlah
menetar	kutetar
menetar	kautetar
menetar	ditetar
menetar	tertetar
menetar	tetar
menetar	tetarlah
menetas	kutetas
menetas	kautetas
menetas	ditetas
menetas	tertetas
menetas	tetas
menetas	tetaslah
menetaskan	ditetaskan
menetaskan	kutetaskan
menetaskan	kautetaskan
menetaskan	tetaskan
menetaskan	tetaskanlah
menetek	kutetek
menetek	kautetek
menetek	ditetek
menetek	tertetek
menetek	tetek
menetek	teteklah
meneteki	diteteki
meneteki	kuteteki
meneteki	kauteteki
meneteki	teteki
meneteki	tetekilah
menetekkan	ditetekkan
menetekkan	kutetekkan
menetekkan	kautetekkan
menetekkan	tetekkan
menetekkan	tetekkanlah
menetes	kutetes
menetes	kautetes
menetes	ditetes
menetes	tertetes
menetes	tetes
menetes	teteslah
menetesi	ditetesi
menetesi	kutetesi
menetesi	kautetesi
menetesi	tetesi
menetesi	tetesilah
meneteskan	diteteskan
meneteskan	kuteteskan
meneteskan	kauteteskan
meneteskan	teteskan
meneteskan	teteskanlah
menetralkan	dinetralkan
menetralkan	kunetralkan
menetralkan	kaunetralkan
menetralkan	netralkan
menetralkan	netralkanlah
menewaskan	ditewaskan
menewaskan	kutewaskan
menewaskan	kautewaskan
menewaskan	tewaskan
menewaskan	tewaskanlah
mengabadi	
mengabadikan	diabadikan
mengabadikan	kuabadikan
mengabadikan	kauabadikan
mengabadikan	abadikan
mengabadikan	abadikanlah
mengabahkan	diabahkan
mengabahkan	kuabahkan
mengabahkan	kauabahkan
mengabahkan	abahkan
mengabahkan	abahkanlah
mengabaikan	diabaikan
mengabaikan	kuabaikan
mengabaikan	kauabaikan
mengabaikan	abaikan
mengabaikan	abaikanlah
mengabar	kuabar
mengabar	kauabar
mengabar	diabar
mengabar	terabar
mengabar	abar
mengabar	abarlah
mengabari	dikabari
mengabari	kukabari
mengabari	kaukabari
mengabari	kabari
mengabari	kabarilah
mengabat	kukabat
mengabat	kaukabat
mengabat	dikabat
mengabat	terkabat
mengabat	kabat
mengabat	kabatlah
mengabdi	
mengabdikan	diabdikan
mengabdikan	kuabdikan
mengabdikan	kauabdikan
mengabdikan	abdikan
mengabdikan	abdikanlah
mengaben	
mengabet	kuabet
mengabet	kauabet
mengabet	diabet
mengabet	terabet
mengabet	abet
mengabet	abetlah
mengabit	kukabit
mengabit	kaukabit
mengabit	dikabit
mengabit	terkabit
mengabit	kabit
mengabit	kabitlah
mengabjad	kuabjad
mengabjad	kauabjad
mengabjad	diabjad
mengabjad	terabjad
mengabjad	abjad
mengabjad	abjadlah
mengabolisikan	diabolisikan
mengabolisikan	kuabolisikan
mengabolisikan	kauabolisikan
mengabolisikan	abolisikan
mengabolisikan	abolisikanlah
mengabsahkan	diabsahkan
mengabsahkan	kuabsahkan
mengabsahkan	kauabsahkan
mengabsahkan	absahkan
mengabsahkan	absahkanlah
mengabsen	kuabsen
mengabsen	kauabsen
mengabsen	diabsen
mengabsen	terabsen
mengabsen	absen
mengabsen	absenlah
mengabsorb	kuabsorb
mengabsorb	kauabsorb
mengabsorb	diabsorb
mengabsorb	terabsorb
mengabsorb	absorb
mengabsorb	absorblah
mengabsorpsi	kuabsorpsi
mengabsorpsi	kauabsorpsi
mengabsorpsi	diabsorpsi
mengabsorpsi	terabsorpsi
mengabsorpsi	absorpsi
mengabsorpsi	absorpsilah
mengabstrakkan	diabstrakkan
mengabstrakkan	kuabstrakkan
mengabstrakkan	kauabstrakkan
mengabstrakkan	abstrakkan
mengabstrakkan	abstrakkanlah
mengabu	kuabu
mengabu	kauabu
mengabu	diabu
mengabu	terabu
mengabu	abu
mengabu	abulah
mengabui	diabui
mengabui	kuabui
mengabui	kauabui
mengabui	abui
mengabui	abuilah
mengabulkan	dikabulkan
mengabulkan	kukabulkan
mengabulkan	kaukabulkan
mengabulkan	kabulkan
mengabulkan	kabulkanlah
mengabung	kukabung
mengabung	kaukabung
mengabung	dikabung
mengabung	terkabung
mengabung	kabung
mengabung	kabunglah
mengabung-ngabung	
mengabur	kuabur
mengabur	kauabur
mengabur	diabur
mengabur	terabur
mengabur	abur
mengabur	aburlah
mengaburkan	dikaburkan
mengaburkan	kukaburkan
mengaburkan	kaukaburkan
mengaburkan	kaburkan
mengaburkan	kaburkanlah
mengaca	kukaca
mengaca	kaukaca
mengaca	dikaca
mengaca	terkaca
mengaca	kaca
mengaca	kacalah
mengacah	kuacah
mengacah	kauacah
mengacah	diacah
mengacah	teracah
mengacah	acah
mengacah	acahlah
mengacak	kuacak
mengacak	kauacak
mengacak	diacak
mengacak	teracak
mengacak	acak
mengacak	acaklah
mengacang	kukacang
mengacang	kaukacang
mengacang	dikacang
mengacang	terkacang
mengacang	kacang
mengacang	kacanglah
mengacapi	diacapi
mengacapi	kuacapi
mengacapi	kauacapi
mengacapi	acapi
mengacapi	acapilah
mengacapkan	diacapkan
mengacapkan	kuacapkan
mengacapkan	kauacapkan
mengacapkan	acapkan
mengacapkan	acapkanlah
mengacar	kukacar
mengacar	kaukacar
mengacar	dikacar
mengacar	terkacar
mengacar	kacar
mengacar	kacarlah
mengacara	kuacara
mengacara	kauacara
mengacara	diacara
mengacara	teracara
mengacara	acara
mengacara	acaralah
mengacau	kuacau
mengacau	kauacau
mengacau	diacau
mengacau	teracau
mengacau	acau
mengacau	acaulah
mengaci	kuaci
mengaci	kauaci
mengaci	diaci
mengaci	teraci
mengaci	aci
mengaci	acilah
mengacikan	diacikan
mengacikan	kuacikan
mengacikan	kauacikan
mengacikan	acikan
mengacikan	acikanlah
mengacip	kukacip
mengacip	kaukacip
mengacip	dikacip
mengacip	terkacip
mengacip	kacip
mengacip	kaciplah
mengacir	kukacir
mengacir	kaukacir
mengacir	dikacir
mengacir	terkacir
mengacir	kacir
mengacir	kacirlah
mengaco	kuaco
mengaco	kauaco
mengaco	diaco
mengaco	teraco
mengaco	aco
mengaco	acolah
mengacu	kuacu
mengacu	kauacu
mengacu	diacu
mengacu	teracu
mengacu	acu
mengacu	aculah
mengacu-acu	
mengacuhkan	diacuhkan
mengacuhkan	kuacuhkan
mengacuhkan	kauacuhkan
mengacuhkan	acuhkan
mengacuhkan	acuhkanlah
mengacukan	diacukan
mengacukan	kuacukan
mengacukan	kauacukan
mengacukan	acukan
mengacukan	acukanlah
mengacum	kuacum
mengacum	kauacum
mengacum	diacum
mengacum	teracum
mengacum	acum
mengacum	acumlah
mengacung	
mengacungkan	diacungkan
mengacungkan	kuacungkan
mengacungkan	kauacungkan
mengacungkan	acungkan
mengacungkan	acungkanlah
mengada-ada	
mengadabi	diadabi
mengadabi	kuadabi
mengadabi	kauadabi
mengadabi	adabi
mengadabi	adabilah
mengadang	kuadang
mengadang	kauadang
mengadang	diadang
mengadang	teradang
mengadang	adang
mengadang	adanglah
mengadang-adangi	
mengadangi	diadangi
mengadangi	kuadangi
mengadangi	kauadangi
mengadangi	adangi
mengadangi	adangilah
mengadangkan	diadangkan
mengadangkan	kuadangkan
mengadangkan	kauadangkan
mengadangkan	adangkan
mengadangkan	adangkanlah
mengadar	kuadar
mengadar	kauadar
mengadar	diadar
mengadar	teradar
mengadar	adar
mengadar	adarlah
mengadas	kukadas
mengadas	kaukadas
mengadas	dikadas
mengadas	terkadas
mengadas	kadas
mengadas	kadaslah
mengadat	kuadat
mengadat	kauadat
mengadat	diadat
mengadat	teradat
mengadat	adat
mengadat	adatlah
mengadem	kuadem
mengadem	kauadem
mengadem	diadem
mengadem	teradem
mengadem	adem
mengadem	ademlah
mengadili	diadili
mengadili	kuadili
mengadili	kauadili
mengadili	adili
mengadili	adililah
mengadimkan	dikadimkan
mengadimkan	kukadimkan
mengadimkan	kaukadimkan
mengadimkan	kadimkan
mengadimkan	kadimkanlah
mengadon	kuadon
mengadon	kauadon
mengadon	diadon
mengadon	teradon
mengadon	adon
mengadon	adonlah
mengadopsi	kuadopsi
mengadopsi	kauadopsi
mengadopsi	diadopsi
mengadopsi	teradopsi
mengadopsi	adopsi
mengadopsi	adopsilah
mengadreskan	diadreskan
mengadreskan	kuadreskan
mengadreskan	kauadreskan
mengadreskan	adreskan
mengadreskan	adreskanlah
mengadu	kuadu
mengadu	kauadu
mengadu	diadu
mengadu	teradu
mengadu	adu
mengadu	adulah
mengaduh	kuaduh
mengaduh	kauaduh
mengaduh	diaduh
mengaduh	teraduh
mengaduh	aduh
mengaduh	aduhlah
mengaduk	kuaduk
mengaduk	kauaduk
mengaduk	diaduk
mengaduk	teraduk
mengaduk	aduk
mengaduk	aduklah
mengaduk-aduk	
mengadukkan	diadukkan
mengadukkan	kuadukkan
mengadukkan	kauadukkan
mengadukkan	adukkan
mengadukkan	adukkanlah
mengafani	dikafani
mengafani	kukafani
mengafani	kaukafani
mengafani	kafani
mengafani	kafanilah
mengafiatkan	diafiatkan
mengafiatkan	kuafiatkan
mengafiatkan	kauafiatkan
mengafiatkan	afiatkan
mengafiatkan	afiatkanlah
mengafirkan	dikafirkan
mengafirkan	kukafirkan
mengafirkan	kaukafirkan
mengafirkan	kafirkan
mengafirkan	kafirkanlah
mengagah	kuagah
mengagah	kauagah
mengagah	diagah
mengagah	teragah
mengagah	agah
mengagah	agahlah
mengagak-agak	kuagak-agak
mengagak-agak	kauagak-agak
mengagak-agak	diagak-agak
mengagak-agak	teragak-agak
mengagak-agak	agak-agak
mengagak-agak	agak-agaklah
mengagakkan	diagakkan
mengagakkan	kuagakkan
mengagakkan	kauagakkan
mengagakkan	agakkan
mengagakkan	agakkanlah
mengagan	kuagan
mengagan	kauagan
mengagan	diagan
mengagan	teragan
mengagan	agan
mengagan	aganlah
mengagani	diagani
mengagani	kuagani
mengagani	kauagani
mengagani	agani
mengagani	aganilah
mengagas	kuagas
mengagas	kauagas
mengagas	diagas
mengagas	teragas
mengagas	agas
mengagas	agaslah
mengagendakan	diagendakan
mengagendakan	kuagendakan
mengagendakan	kauagendakan
mengagendakan	agendakan
mengagendakan	agendakanlah
mengageni	diageni
mengageni	kuageni
mengageni	kauageni
mengageni	ageni
mengageni	agenilah
mengagetkan	dikagetkan
mengagetkan	kukagetkan
mengagetkan	kaukagetkan
mengagetkan	kagetkan
mengagetkan	kagetkanlah
mengagih	kuagih
mengagih	kauagih
mengagih	diagih
mengagih	teragih
mengagih	agih
mengagih	agihlah
mengagitasi	kuagitasi
mengagitasi	kauagitasi
mengagitasi	diagitasi
mengagitasi	teragitasi
mengagitasi	agitasi
mengagitasi	agitasilah
mengagresi	kuagresi
mengagresi	kauagresi
mengagresi	diagresi
mengagresi	teragresi
mengagresi	agresi
mengagresi	agresilah
mengagulkan	diagulkan
mengagulkan	kuagulkan
mengagulkan	kauagulkan
mengagulkan	agulkan
mengagulkan	agulkanlah
mengagumi	dikagumi
mengagumi	kukagumi
mengagumi	kaukagumi
mengagumi	kagumi
mengagumi	kagumilah
mengagumkan	dikagumkan
mengagumkan	kukagumkan
mengagumkan	kaukagumkan
mengagumkan	kagumkan
mengagumkan	kagumkanlah
mengagungkan	diagungkan
mengagungkan	kuagungkan
mengagungkan	kauagungkan
mengagungkan	agungkan
mengagungkan	agungkanlah
mengagunkan	diagunkan
mengagunkan	kuagunkan
mengagunkan	kauagunkan
mengagunkan	agunkan
mengagunkan	agunkanlah
mengagut-agut	
mengahlikan	diahlikan
mengahlikan	kuahlikan
mengahlikan	kauahlikan
mengahlikan	ahlikan
mengahlikan	ahlikanlah
mengaibkan	diaibkan
mengaibkan	kuaibkan
mengaibkan	kauaibkan
mengaibkan	aibkan
mengaibkan	aibkanlah
mengail	kukail
mengail	kaukail
mengail	dikail
mengail	terkail
mengail	kail
mengail	kaillah
mengairi	diairi
mengairi	kuairi
mengairi	kauairi
mengairi	airi
mengairi	airilah
mengais	kukais
mengais	kaukais
mengais	dikais
mengais	terkais
mengais	kais
mengais	kaislah
mengais-ngais	
mengaiskan	dikaiskan
mengaiskan	kukaiskan
mengaiskan	kaukaiskan
mengaiskan	kaiskan
mengaiskan	kaiskanlah
mengait	kukait
mengait	kaukait
mengait	dikait
mengait	terkait
mengait	kait
mengait	kaitlah
mengajaibkan	diajaibkan
mengajaibkan	kuajaibkan
mengajaibkan	kauajaibkan
mengajaibkan	ajaibkan
mengajaibkan	ajaibkanlah
mengajak	kuajak
mengajak	kauajak
mengajak	diajak
mengajak	terajak
mengajak	ajak
mengajak	ajaklah
mengajakkan	diajakkan
mengajakkan	kuajakkan
mengajakkan	kauajakkan
mengajakkan	ajakkan
mengajakkan	ajakkanlah
mengajangi	dikajangi
mengajangi	kukajangi
mengajangi	kaukajangi
mengajangi	kajangi
mengajangi	kajangilah
mengajar	kuajar
mengajar	kauajar
mengajar	diajar
mengajar	terajar
mengajar	ajar
mengajar	ajarlah
mengajari	diajari
mengajari	kuajari
mengajari	kauajari
mengajari	ajari
mengajari	ajarilah
mengaji	kukaji
mengaji	kaukaji
mengaji	dikaji
mengaji	terkaji
mengaji	kaji
mengaji	kajilah
mengajikan	dikajikan
mengajikan	kukajikan
mengajikan	kaukajikan
mengajikan	kajikan
mengajikan	kajikanlah
mengajuk	kuajuk
mengajuk	kauajuk
mengajuk	diajuk
mengajuk	terajuk
mengajuk	ajuk
mengajuk	ajuklah
mengajukan	diajukan
mengajukan	kuajukan
mengajukan	kauajukan
mengajukan	ajukan
mengajukan	ajukanlah
mengajun	kuajun
mengajun	kauajun
mengajun	diajun
mengajun	terajun
mengajun	ajun
mengajun	ajunlah
mengakak	kukakak
mengakak	kaukakak
mengakak	dikakak
mengakak	terkakak
mengakak	kakak
mengakak	kakaklah
mengakali	diakali
mengakali	kuakali
mengakali	kauakali
mengakali	akali
mengakali	akalilah
mengakan	kuakan
mengakan	kauakan
mengakan	diakan
mengakan	terakan
mengakan	akan
mengakan	akanlah
mengakap	kukakap
mengakap	kaukakap
mengakap	dikakap
mengakap	terkakap
mengakap	kakap
mengakap	kakaplah
mengakar	kuakar
mengakar	kauakar
mengakar	diakar
mengakar	terakar
mengakar	akar
mengakar	akarlah
mengakas	kukakas
mengakas	kaukakas
mengakas	dikakas
mengakas	terkakas
mengakas	kakas
mengakas	kakaslah
mengakhiri	diakhiri
mengakhiri	kuakhiri
mengakhiri	kauakhiri
mengakhiri	akhiri
mengakhiri	akhirilah
mengaki	kukaki
mengaki	kaukaki
mengaki	dikaki
mengaki	terkaki
mengaki	kaki
mengaki	kakilah
mengakok	kukakok
mengakok	kaukakok
mengakok	dikakok
mengakok	terkakok
mengakok	kakok
mengakok	kakoklah
mengakomodasi	kuakomodasi
mengakomodasi	kauakomodasi
mengakomodasi	diakomodasi
mengakomodasi	terakomodasi
mengakomodasi	akomodasi
mengakomodasi	akomodasilah
mengakrabi	diakrabi
mengakrabi	kuakrabi
mengakrabi	kauakrabi
mengakrabi	akrabi
mengakrabi	akrabilah
mengakrabkan	diakrabkan
mengakrabkan	kuakrabkan
mengakrabkan	kauakrabkan
mengakrabkan	akrabkan
mengakrabkan	akrabkanlah
mengakronimkan	diakronimkan
mengakronimkan	kuakronimkan
mengakronimkan	kauakronimkan
mengakronimkan	akronimkan
mengakronimkan	akronimkanlah
mengaksentuasi	kuaksentuasi
mengaksentuasi	kauaksentuasi
mengaksentuasi	diaksentuasi
mengaksentuasi	teraksentuasi
mengaksentuasi	aksentuasi
mengaksentuasi	aksentuasilah
mengaksentuasikan	diaksentuasikan
mengaksentuasikan	kuaksentuasikan
mengaksentuasikan	kauaksentuasikan
mengaksentuasikan	aksentuasikan
mengaksentuasikan	aksentuasikanlah
mengaksep	kuaksep
mengaksep	kauaksep
mengaksep	diaksep
mengaksep	teraksep
mengaksep	aksep
mengaksep	akseplah
mengakses	kuakses
mengakses	kauakses
mengakses	diakses
mengakses	terakses
mengakses	akses
mengakses	akseslah
mengaktifkan	diaktifkan
mengaktifkan	kuaktifkan
mengaktifkan	kauaktifkan
mengaktifkan	aktifkan
mengaktifkan	aktifkanlah
mengaktualisasi	kuaktualisasi
mengaktualisasi	kauaktualisasi
mengaktualisasi	diaktualisasi
mengaktualisasi	teraktualisasi
mengaktualisasi	aktualisasi
mengaktualisasi	aktualisasilah
mengaktualisasikan	diaktualisasikan
mengaktualisasikan	kuaktualisasikan
mengaktualisasikan	kauaktualisasikan
mengaktualisasikan	aktualisasikan
mengaktualisasikan	aktualisasikanlah
mengaktualkan	diaktualkan
mengaktualkan	kuaktualkan
mengaktualkan	kauaktualkan
mengaktualkan	aktualkan
mengaktualkan	aktualkanlah
mengaku	
mengakui	diakui
mengakui	kuakui
mengakui	kauakui
mengakui	akui
mengakui	akuilah
mengakuisisi	kuakuisisi
mengakuisisi	kauakuisisi
mengakuisisi	diakuisisi
mengakuisisi	terakuisisi
mengakuisisi	akuisisi
mengakuisisi	akuisisilah
mengakumulasi	kuakumulasi
mengakumulasi	kauakumulasi
mengakumulasi	diakumulasi
mengakumulasi	terakumulasi
mengakumulasi	akumulasi
mengakumulasi	akumulasilah
mengakuri	diakuri
mengakuri	kuakuri
mengakuri	kauakuri
mengakuri	akuri
mengakuri	akurilah
mengakurkan	diakurkan
mengakurkan	kuakurkan
mengakurkan	kauakurkan
mengakurkan	akurkan
mengakurkan	akurkanlah
mengalah	kualah
mengalah	kaualah
mengalah	dialah
mengalah	teralah
mengalah	alah
mengalah	alahlah
mengalahi	dialahi
mengalahi	kualahi
mengalahi	kaualahi
mengalahi	alahi
mengalahi	alahilah
mengalahkan	dikalahkan
mengalahkan	kalahkan
mengalai	kukalai
mengalai	kaukalai
mengalai	dikalai
mengalai	terkalai
mengalai	kalai
mengalai	kalailah
mengalaikan	dikalaikan
mengalaikan	kukalaikan
mengalaikan	kaukalaikan
mengalaikan	kalaikan
mengalaikan	kalaikanlah
mengalamati	dialamati
mengalamati	kualamati
mengalamati	kaualamati
mengalamati	alamati
mengalamati	alamatilah
mengalami	dialami
mengalami	kualami
mengalami	kaualami
mengalami	alami
mengalami	alamilah
mengalang	kualang
mengalang	kaualang
mengalang	dialang
mengalang	teralang
mengalang	alang
mengalang	alanglah
mengalang-alangi	
mengalangi	dialangi
mengalangi	kualangi
mengalangi	kaualangi
mengalangi	alangi
mengalangi	alangilah
mengalas	kualas
mengalas	kaualas
mengalas	dialas
mengalas	teralas
mengalas	alas
mengalas	alaslah
mengalasi	dialasi
mengalasi	kualasi
mengalasi	kaualasi
mengalasi	alasi
mengalasi	alasilah
mengalati	dialati
mengalati	kualati
mengalati	kaualati
mengalati	alati
mengalati	alatilah
mengalengkan	dikalengkan
mengalengkan	kukalengkan
mengalengkan	kaukalengkan
mengalengkan	kalengkan
mengalengkan	kalengkanlah
mengaleskan	dialeskan
mengaleskan	kualeskan
mengaleskan	kaualeskan
mengaleskan	aleskan
mengaleskan	aleskanlah
mengali	kuali
mengali	kauali
mengali	diali
mengali	terali
mengali	ali
mengali	alilah
mengalicau	kukalicau
mengalicau	kaukalicau
mengalicau	dikalicau
mengalicau	terkalicau
mengalicau	kalicau
mengalicau	kalicaulah
mengalicaukan	dikalicaukan
mengalicaukan	kukalicaukan
mengalicaukan	kaukalicaukan
mengalicaukan	kalicaukan
mengalicaukan	kalicaukanlah
mengalih	kualih
mengalih	kaualih
mengalih	dialih
mengalih	teralih
mengalih	alih
mengalih	alihlah
mengalikan	dikalikan
mengalikan	kukalikan
mengalikan	kaukalikan
mengalikan	kalikan
mengalikan	kalikanlah
mengalimantang	kukalimantang
mengalimantang	kaukalimantang
mengalimantang	dikalimantang
mengalimantang	terkalimantang
mengalimantang	kalimantang
mengalimantang	kalimantanglah
mengalin	kualin
mengalin	kaualin
mengalin	dialin
mengalin	teralin
mengalin	alin
mengalin	alinlah
mengalingi	dialingi
mengalingi	kualingi
mengalingi	kaualingi
mengalingi	alingi
mengalingi	alingilah
mengalir	kualir
mengalir	kaualir
mengalir	dialir
mengalir	teralir
mengalir	alir
mengalir	alirlah
mengaliri	dialiri
mengaliri	kualiri
mengaliri	kaualiri
mengaliri	aliri
mengaliri	alirilah
mengalirkan	dialirkan
mengalirkan	kualirkan
mengalirkan	kaualirkan
mengalirkan	alirkan
mengalirkan	alirkanlah
mengalit	kualit
mengalit	kaualit
mengalit	dialit
mengalit	teralit
mengalit	alit
mengalit	alitlah
mengalkulasi	kukalkulasi
mengalkulasi	kaukalkulasi
mengalkulasi	dikalkulasi
mengalkulasi	terkalkulasi
mengalkulasi	kalkulasi
mengalkulasi	kalkulasilah
mengalkulasikan	dikalkulasikan
mengalkulasikan	kukalkulasikan
mengalkulasikan	kaukalkulasikan
mengalkulasikan	kalkulasikan
mengalkulasikan	kalkulasikanlah
mengalokasikan	dialokasikan
mengalokasikan	kualokasikan
mengalokasikan	kaualokasikan
mengalokasikan	alokasikan
mengalokasikan	alokasikanlah
mengalpakan	dialpakan
mengalpakan	kualpakan
mengalpakan	kaualpakan
mengalpakan	alpakan
mengalpakan	alpakanlah
mengalum	kualum
mengalum	kaualum
mengalum	dialum
mengalum	teralum
mengalum	alum
mengalum	alumlah
mengalun	kualun
mengalun	kaualun
mengalun	dialun
mengalun	teralun
mengalun	alun
mengalun	alunlah
mengalup	kualup
mengalup	kaualup
mengalup	dialup
mengalup	teralup
mengalup	alup
mengalup	aluplah
mengalupi	dialupi
mengalupi	kualupi
mengalupi	kaualupi
mengalupi	alupi
mengalupi	alupilah
mengalur-alur	
mengalutkan	dikalutkan
mengalutkan	kukalutkan
mengalutkan	kaukalutkan
mengalutkan	kalutkan
mengalutkan	kalutkanlah
mengamanahkan	diamanahkan
mengamanahkan	kuamanahkan
mengamanahkan	kauamanahkan
mengamanahkan	amanahkan
mengamanahkan	amanahkanlah
mengamanati	diamanati
mengamanati	kuamanati
mengamanati	kauamanati
mengamanati	amanati
mengamanati	amanatilah
mengamang-amang	
mengamangi	diamangi
mengamangi	kuamangi
mengamangi	kauamangi
mengamangi	amangi
mengamangi	amangilah
mengamankan	diamankan
mengamankan	kuamankan
mengamankan	kauamankan
mengamankan	amankan
mengamankan	amankanlah
mengamarkan	diamarkan
mengamarkan	kuamarkan
mengamarkan	kauamarkan
mengamarkan	amarkan
mengamarkan	amarkanlah
mengamat-amati	
mengamati	diamati
mengamati	kuamati
mengamati	kauamati
mengamati	amati
mengamati	amatilah
mengambai	kuambai
mengambai	kauambai
mengambai	diambai
mengambai	terambai
mengambai	ambai
mengambai	ambailah
mengambak	kuambak
mengambak	kauambak
mengambak	diambak
mengambak	terambak
mengambak	ambak
mengambak	ambaklah
mengambal	kuambal
mengambal	kauambal
mengambal	diambal
mengambal	terambal
mengambal	ambal
mengambal	amballah
mengamban	kukamban
mengamban	kaukamban
mengamban	dikamban
mengamban	terkamban
mengamban	kamban
mengamban	kambanlah
mengambang	kuambang
mengambang	kauambang
mengambang	diambang
mengambang	terambang
mengambang	ambang
mengambang	ambanglah
mengambang-ambang	
mengambau	kuambau
mengambau	kauambau
mengambau	diambau
mengambau	terambau
mengambau	ambau
mengambau	ambaulah
mengambi	kukambi
mengambi	kaukambi
mengambi	dikambi
mengambi	terkambi
mengambi	kambi
mengambi	kambilah
mengambil	kuambil
mengambil	kauambil
mengambil	diambil
mengambil	terambil
mengambil	ambil
mengambil	ambillah
mengambili	diambili
mengambili	kuambili
mengambili	kauambili
mengambili	ambili
mengambili	ambililah
mengambilkan	diambilkan
mengambilkan	kuambilkan
mengambilkan	kauambilkan
mengambilkan	ambilkan
mengambilkan	ambilkanlah
mengambin	kuambin
mengambin	kauambin
mengambin	diambin
mengambin	terambin
mengambin	ambin
mengambin	ambinlah
mengambrukkan	diambrukkan
mengambrukkan	kuambrukkan
mengambrukkan	kauambrukkan
mengambrukkan	ambrukkan
mengambrukkan	ambrukkanlah
mengambul	kuambul
mengambul	kauambul
mengambul	diambul
mengambul	terambul
mengambul	ambul
mengambul	ambullah
mengambung	kuambung
mengambung	kauambung
mengambung	diambung
mengambung	terambung
mengambung	ambung
mengambung	ambunglah
mengambung-ambung	
mengambung-ambungkan	
mengambur	kuambur
mengambur	kauambur
mengambur	diambur
mengambur	terambur
mengambur	ambur
mengambur	amburlah
mengamen	kuamen
mengamen	kauamen
mengamen	diamen
mengamen	teramen
mengamen	amen
mengamen	amenlah
mengamini	diamini
mengamini	kuamini
mengamini	kauamini
mengamini	amini
mengamini	aminilah
mengamit-ngamitkan	
mengamitkan	dikamitkan
mengamitkan	kukamitkan
mengamitkan	kaukamitkan
mengamitkan	kamitkan
mengamitkan	kamitkanlah
mengamortisasi	kuamortisasi
mengamortisasi	kauamortisasi
mengamortisasi	diamortisasi
mengamortisasi	teramortisasi
mengamortisasi	amortisasi
mengamortisasi	amortisasilah
mengampai	kuampai
mengampai	kauampai
mengampai	diampai
mengampai	terampai
mengampai	ampai
mengampai	ampailah
mengampas	kukampas
mengampas	kaukampas
mengampas	dikampas
mengampas	terkampas
mengampas	kampas
mengampas	kampaslah
mengampelas	kuampelas
mengampelas	kauampelas
mengampelas	diampelas
mengampelas	terampelas
mengampelas	ampelas
mengampelas	ampelaslah
mengampelasi	diampelasi
mengampelasi	kuampelasi
mengampelasi	kauampelasi
mengampelasi	ampelasi
mengampelasi	ampelasilah
mengamplopi	diamplopi
mengamplopi	kuamplopi
mengamplopi	kauamplopi
mengamplopi	amplopi
mengamplopi	amplopilah
mengamplopkan	diamplopkan
mengamplopkan	kuamplopkan
mengamplopkan	kauamplopkan
mengamplopkan	amplopkan
mengamplopkan	amplopkanlah
mengampu	kuampu
mengampu	kauampu
mengampu	diampu
mengampu	terampu
mengampu	ampu
mengampu	ampulah
mengampuh	kuampuh
mengampuh	kauampuh
mengampuh	diampuh
mengampuh	terampuh
mengampuh	ampuh
mengampuh	ampuhlah
mengampuhkan	diampuhkan
mengampuhkan	kuampuhkan
mengampuhkan	kauampuhkan
mengampuhkan	ampuhkan
mengampuhkan	ampuhkanlah
mengampukan	diampukan
mengampukan	kuampukan
mengampukan	kauampukan
mengampukan	ampukan
mengampukan	ampukanlah
mengampul	kuampul
mengampul	kauampul
mengampul	diampul
mengampul	terampul
mengampul	ampul
mengampul	ampullah
mengampung	kukampung
mengampung	kaukampung
mengampung	dikampung
mengampung	terkampung
mengampung	kampung
mengampung	kampunglah
mengampuni	diampuni
mengampuni	kuampuni
mengampuni	kauampuni
mengampuni	ampuni
mengampuni	ampunilah
mengampunkan	diampunkan
mengampunkan	kuampunkan
mengampunkan	kauampunkan
mengampunkan	ampunkan
mengampunkan	ampunkanlah
mengamput	kuamput
mengamput	kauamput
mengamput	diamput
mengamput	teramput
mengamput	amput
mengamput	amputlah
mengamputasi	kuamputasi
mengamputasi	kauamputasi
mengamputasi	diamputasi
mengamputasi	teramputasi
mengamputasi	amputasi
mengamputasi	amputasilah
mengamuflase	kukamuflase
mengamuflase	kaukamuflase
mengamuflase	dikamuflase
mengamuflase	terkamuflase
mengamuflase	kamuflase
mengamuflase	kamuflaselah
mengamuk	kuamuk
mengamuk	kauamuk
mengamuk	diamuk
mengamuk	teramuk
mengamuk	amuk
mengamuk	amuklah
mengamus	kukamus
mengamus	kaukamus
mengamus	dikamus
mengamus	terkamus
mengamus	kamus
mengamus	kamuslah
mengamuskan	dikamuskan
mengamuskan	kukamuskan
mengamuskan	kaukamuskan
mengamuskan	kamuskan
mengamuskan	kamuskanlah
menganalisis	kuanalisis
menganalisis	kauanalisis
menganalisis	dianalisis
menganalisis	teranalisis
menganalisis	analisis
menganalisis	analisislah
menganalogikan	dianalogikan
menganalogikan	kuanalogikan
menganalogikan	kauanalogikan
menganalogikan	analogikan
menganalogikan	analogikanlah
menganan	kukanan
menganan	kaukanan
menganan	dikanan
menganan	terkanan
menganan	kanan
menganan	kananlah
menganankan	dikanankan
menganankan	kukanankan
menganankan	kaukanankan
menganankan	kanankan
menganankan	kanankanlah
mengancai-ancaikan	
mengancaikan	diancaikan
mengancaikan	kuancaikan
mengancaikan	kauancaikan
mengancaikan	ancaikan
mengancaikan	ancaikanlah
mengancam	kuancam
mengancam	kauancam
mengancam	diancam
mengancam	terancam
mengancam	ancam
mengancam	ancamlah
mengancamkan	diancamkan
mengancamkan	kuancamkan
mengancamkan	kauancamkan
mengancamkan	ancamkan
mengancamkan	ancamkanlah
mengancang	kuancang
mengancang	kauancang
mengancang	diancang
mengancang	terancang
mengancang	ancang
mengancang	ancanglah
mengancang-ancang	
mengancing	kukancing
mengancing	kaukancing
mengancing	dikancing
mengancing	terkancing
mengancing	kancing
mengancing	kancinglah
mengancingkan	dikancingkan
mengancingkan	kukancingkan
mengancingkan	kaukancingkan
mengancingkan	kancingkan
mengancingkan	kancingkanlah
mengancuk	kuancuk
mengancuk	kauancuk
mengancuk	diancuk
mengancuk	terancuk
mengancuk	ancuk
mengancuk	ancuklah
mengandaikan	diandaikan
mengandaikan	kuandaikan
mengandaikan	kauandaikan
mengandaikan	andaikan
mengandaikan	andaikanlah
mengandak	kuandak
mengandak	kauandak
mengandak	diandak
mengandak	terandak
mengandak	andak
mengandak	andaklah
mengandakkan	diandakkan
mengandakkan	kuandakkan
mengandakkan	kauandakkan
mengandakkan	andakkan
mengandakkan	andakkanlah
mengandam	kuandam
mengandam	kauandam
mengandam	diandam
mengandam	terandam
mengandam	andam
mengandam	andamlah
mengandangkan	dikandangkan
mengandangkan	kukandangkan
mengandangkan	kaukandangkan
mengandangkan	kandangkan
mengandangkan	kandangkanlah
mengandar	kukandar
mengandar	kaukandar
mengandar	dikandar
mengandar	terkandar
mengandar	kandar
mengandar	kandarlah
mengandarkan	diandarkan
mengandarkan	kuandarkan
mengandarkan	kauandarkan
mengandarkan	andarkan
mengandarkan	andarkanlah
mengandaskan	dikandaskan
mengandaskan	kukandaskan
mengandaskan	kaukandaskan
mengandaskan	kandaskan
mengandaskan	kandaskanlah
mengandidatkan	dikandidatkan
mengandidatkan	kukandidatkan
mengandidatkan	kaukandidatkan
mengandidatkan	kandidatkan
mengandidatkan	kandidatkanlah
menganduh	kuanduh
menganduh	kauanduh
menganduh	dianduh
menganduh	teranduh
menganduh	anduh
menganduh	anduhlah
menganduhkan	dianduhkan
menganduhkan	kuanduhkan
menganduhkan	kauanduhkan
menganduhkan	anduhkan
menganduhkan	anduhkanlah
mengandul	kukandul
mengandul	kaukandul
mengandul	dikandul
mengandul	terkandul
mengandul	kandul
mengandul	kandullah
mengandung	kukandung
mengandung	kaukandung
mengandung	dikandung
mengandung	terkandung
mengandung	kandung
mengandung	kandunglah
mengandungi	dikandungi
mengandungi	kukandungi
mengandungi	kaukandungi
mengandungi	kandungi
mengandungi	kandungilah
mengandut	kukandut
mengandut	kaukandut
mengandut	dikandut
mengandut	terkandut
mengandut	kandut
mengandut	kandutlah
menganehkan	dianehkan
menganehkan	kuanehkan
menganehkan	kauanehkan
menganehkan	anehkan
menganehkan	anehkanlah
menganeksasi	kuaneksasi
menganeksasi	kauaneksasi
menganeksasi	dianeksasi
menganeksasi	teraneksasi
menganeksasi	aneksasi
menganeksasi	aneksasilah
menganeksasikan	dianeksasikan
menganeksasikan	kuaneksasikan
menganeksasikan	kauaneksasikan
menganeksasikan	aneksasikan
menganeksasikan	aneksasikanlah
menganga	kunganga
menganga	kaunganga
menganga	dinganga
menganga	ternganga
menganga	nganga
menganga	ngangalah
mengangakan	dingangakan
mengangakan	kungangakan
mengangakan	kaungangakan
mengangakan	ngangakan
mengangakan	ngangakanlah
mengangan	kuangan
mengangan	kauangan
mengangan	diangan
mengangan	terangan
mengangan	angan
mengangan	anganlah
mengangan-angan	kuangan-angan
mengangan-angan	kauangan-angan
mengangan-angan	diangan-angan
mengangan-angan	terangan-angan
mengangan-angan	angan-angan
mengangan-angan	angan-anganlah
mengangan-angankan	
mengangeni	dikangeni
mengangeni	kukangeni
mengangeni	kaukangeni
mengangeni	kangeni
mengangeni	kangenilah
menganggali	dianggali
menganggali	kuanggali
menganggali	kauanggali
menganggali	anggali
menganggali	anggalilah
menganggalkan	dianggalkan
menganggalkan	kuanggalkan
menganggalkan	kauanggalkan
menganggalkan	anggalkan
menganggalkan	anggalkanlah
menganggap	kuanggap
menganggap	kauanggap
menganggap	dianggap
menganggap	teranggap
menganggap	anggap
menganggap	anggaplah
menganggapkan	dianggapkan
menganggapkan	kuanggapkan
menganggapkan	kauanggapkan
menganggapkan	anggapkan
menganggapkan	anggapkanlah
menganggar	kuanggar
menganggar	kauanggar
menganggar	dianggar
menganggar	teranggar
menganggar	anggar
menganggar	anggarlah
menganggit	kuanggit
menganggit	kauanggit
menganggit	dianggit
menganggit	teranggit
menganggit	anggit
menganggit	anggitlah
mengangglap	kuangglap
mengangglap	kauangglap
mengangglap	diangglap
mengangglap	terangglap
mengangglap	angglap
mengangglap	angglaplah
menganggrekkan	dianggrekkan
menganggrekkan	kuanggrekkan
menganggrekkan	kauanggrekkan
menganggrekkan	anggrekkan
menganggrekkan	anggrekkanlah
mengangguk	kuangguk
mengangguk	kauangguk
mengangguk	diangguk
mengangguk	terangguk
mengangguk	angguk
mengangguk	angguklah
mengangguk-angguk	
menganggul	kuanggul
menganggul	kauanggul
menganggul	dianggul
menganggul	teranggul
menganggul	anggul
menganggul	anggullah
menganggungkan	dianggungkan
menganggungkan	kuanggungkan
menganggungkan	kauanggungkan
menganggungkan	anggungkan
menganggungkan	anggungkanlah
menganggur	kuanggur
menganggur	kauanggur
menganggur	dianggur
menganggur	teranggur
menganggur	anggur
menganggur	anggurlah
menganggut	kuanggut
menganggut	kauanggut
menganggut	dianggut
menganggut	teranggut
menganggut	anggut
menganggut	anggutlah
menganggut-anggut	
mengangin	kuangin
mengangin	kauangin
mengangin	diangin
mengangin	terangin
mengangin	angin
mengangin	anginlah
mengangin-anginkan	
mengangini	diangini
mengangini	kuangini
mengangini	kauangini
mengangini	angini
mengangini	anginilah
mengangka	kuangka
mengangka	kauangka
mengangka	diangka
mengangka	terangka
mengangka	angka
mengangka	angkalah
mengangkang	kukangkang
mengangkang	kaukangkang
mengangkang	dikangkang
mengangkang	terkangkang
mengangkang	kangkang
mengangkang	kangkanglah
mengangkangi	dikangkangi
mengangkangi	kukangkangi
mengangkangi	kaukangkangi
mengangkangi	kangkangi
mengangkangi	kangkangilah
mengangkangkan	dikangkangkan
mengangkangkan	kukangkangkan
mengangkangkan	kaukangkangkan
mengangkangkan	kangkangkan
mengangkangkan	kangkangkanlah
mengangkasa	kuangkasa
mengangkasa	kauangkasa
mengangkasa	diangkasa
mengangkasa	terangkasa
mengangkasa	angkasa
mengangkasa	angkasalah
mengangkat	kuangkat
mengangkat	kauangkat
mengangkat	diangkat
mengangkat	terangkat
mengangkat	angkat
mengangkat	angkatlah
mengangkat-angkat	
mengangkati	diangkati
mengangkati	kuangkati
mengangkati	kauangkati
mengangkati	angkati
mengangkati	angkatilah
mengangkit	kuangkit
mengangkit	kauangkit
mengangkit	diangkit
mengangkit	terangkit
mengangkit	angkit
mengangkit	angkitlah
mengangkup	kuangkup
mengangkup	kauangkup
mengangkup	diangkup
mengangkup	terangkup
mengangkup	angkup
mengangkup	angkuplah
mengangkut	kuangkut
mengangkut	kauangkut
mengangkut	diangkut
mengangkut	terangkut
mengangkut	angkut
mengangkut	angkutlah
mengangkuti	diangkuti
mengangkuti	kuangkuti
mengangkuti	kauangkuti
mengangkuti	angkuti
mengangkuti	angkutilah
menganglap	kuanglap
menganglap	kauanglap
menganglap	dianglap
menganglap	teranglap
menganglap	anglap
menganglap	anglaplah
menganglong	kuanglong
menganglong	kauanglong
menganglong	dianglong
menganglong	teranglong
menganglong	anglong
menganglong	anglonglah
mengangon	kuangon
mengangon	kauangon
mengangon	diangon
mengangon	terangon
mengangon	angon
mengangon	angonlah
mengangop	kuangop
mengangop	kauangop
mengangop	diangop
mengangop	terangop
mengangop	angop
mengangop	angoplah
mengangsu	kuangsu
mengangsu	kauangsu
mengangsu	diangsu
mengangsu	terangsu
mengangsu	angsu
mengangsu	angsulah
mengangsur	kuangsur
mengangsur	kauangsur
mengangsur	diangsur
mengangsur	terangsur
mengangsur	angsur
mengangsur	angsurlah
mengangut	kuangut
mengangut	kauangut
mengangut	diangut
mengangut	terangut
mengangut	angut
mengangut	angutlah
mengani	kuani
mengani	kauani
mengani	diani
mengani	terani
mengani	ani
mengani	anilah
menganiaya	kuaniaya
menganiaya	kauaniaya
menganiaya	dianiaya
menganiaya	teraniaya
menganiaya	aniaya
menganiaya	aniayalah
menganiayai	dianiayai
menganiayai	kuaniayai
menganiayai	kauaniayai
menganiayai	aniayai
menganiayai	aniayailah
menganjak	kuanjak
menganjak	kauanjak
menganjak	dianjak
menganjak	teranjak
menganjak	anjak
menganjak	anjaklah
menganjal	kuanjal
menganjal	kauanjal
menganjal	dianjal
menganjal	teranjal
menganjal	anjal
menganjal	anjallah
menganju	kuanju
menganju	kauanju
menganju	dianju
menganju	teranju
menganju	anju
menganju	anjulah
menganjung	kuanjung
menganjung	kauanjung
menganjung	dianjung
menganjung	teranjung
menganjung	anjung
menganjung	anjunglah
menganjung-anjung	
menganjung-anjungkan	
menganjur	kuanjur
menganjur	kauanjur
menganjur	dianjur
menganjur	teranjur
menganjur	anjur
menganjur	anjurlah
menganjuri	dianjuri
menganjuri	kuanjuri
menganjuri	kauanjuri
menganjuri	anjuri
menganjuri	anjurilah
mengantamir	kuantamir
mengantamir	kauantamir
mengantamir	diantamir
mengantamir	terantamir
mengantamir	antamir
mengantamir	antamirlah
mengantang	kukantang
mengantang	kaukantang
mengantang	dikantang
mengantang	terkantang
mengantang	kantang
mengantang	kantanglah
mengantapkan	diantapkan
mengantapkan	kuantapkan
mengantapkan	kauantapkan
mengantapkan	antapkan
mengantapkan	antapkanlah
mengantar	kuantar
mengantar	kauantar
mengantar	diantar
mengantar	terantar
mengantar	antar
mengantar	antarlah
mengantara	kuantara
mengantara	kauantara
mengantara	diantara
mengantara	terantara
mengantara	antara
mengantara	antaralah
mengantarai	diantarai
mengantarai	kuantarai
mengantarai	kauantarai
mengantarai	antarai
mengantarai	antarailah
mengantari	diantari
mengantari	kuantari
mengantari	kauantari
mengantari	antari
mengantari	antarilah
mengantepi	diantepi
mengantepi	kuantepi
mengantepi	kauantepi
mengantepi	antepi
mengantepi	antepilah
mengantih	kuantih
mengantih	kauantih
mengantih	diantih
mengantih	terantih
mengantih	antih
mengantih	antihlah
mengantikkan	diantikkan
mengantikkan	kuantikkan
mengantikkan	kauantikkan
mengantikkan	antikkan
mengantikkan	antikkanlah
menganting	kuanting
menganting	kauanting
menganting	dianting
menganting	teranting
menganting	anting
menganting	antinglah
mengantisipasi	kuantisipasi
mengantisipasi	kauantisipasi
mengantisipasi	diantisipasi
mengantisipasi	terantisipasi
mengantisipasi	antisipasi
mengantisipasi	antisipasilah
mengantongi	dikantongi
mengantongi	kukantongi
mengantongi	kaukantongi
mengantongi	kantongi
mengantongi	kantongilah
mengantre	kuantre
mengantre	kauantre
mengantre	diantre
mengantre	terantre
mengantre	antre
mengantre	antrelah
mengantri	kuantri
mengantri	kauantri
mengantri	diantri
mengantri	terantri
mengantri	antri
mengantri	antrilah
mengantuk	kuantuk
mengantuk	kauantuk
mengantuk	diantuk
mengantuk	terantuk
mengantuk	antuk
mengantuk	antuklah
mengantul	kuantul
mengantul	kauantul
mengantul	diantul
mengantul	terantul
mengantul	antul
mengantul	antullah
menganugerahi	dianugerahi
menganugerahi	kuanugerahi
menganugerahi	kauanugerahi
menganugerahi	anugerahi
menganugerahi	anugerahilah
menganugerahkan	dianugerahkan
menganugerahkan	kuanugerahkan
menganugerahkan	kauanugerahkan
menganugerahkan	anugerahkan
menganugerahkan	anugerahkanlah
menganulir	kuanulir
menganulir	kauanulir
menganulir	dianulir
menganulir	teranulir
menganulir	anulir
menganulir	anulirlah
menganut	kuanut
menganut	kauanut
menganut	dianut
menganut	teranut
menganut	anut
menganut	anutlah
menganuti	dianuti
menganuti	kuanuti
menganuti	kauanuti
menganuti	anuti
menganuti	anutilah
menganvaskan	dikanvaskan
menganvaskan	kukanvaskan
menganvaskan	kaukanvaskan
menganvaskan	kanvaskan
menganvaskan	kanvaskanlah
menganyam	kuanyam
menganyam	kauanyam
menganyam	dianyam
menganyam	teranyam
menganyam	anyam
menganyam	anyamlah
menganyang	kuanyang
menganyang	kauanyang
menganyang	dianyang
menganyang	teranyang
menganyang	anyang
menganyang	anyanglah
mengaoki	dikaoki
mengaoki	kukaoki
mengaoki	kaukaoki
mengaoki	kaoki
mengaoki	kaokilah
mengapa-apai	
mengapai	diapai
mengapai	kuapai
mengapai	kauapai
mengapai	apai
mengapai	apailah
mengapam	kuapam
mengapam	kauapam
mengapam	diapam
mengapam	terapam
mengapam	apam
mengapam	apamlah
mengapi	kuapi
mengapi	kauapi
mengapi	diapi
mengapi	terapi
mengapi	api
mengapi	apilah
mengapi-apikan	
mengapikkan	diapikkan
mengapikkan	kuapikkan
mengapikkan	kauapikkan
mengapikkan	apikkan
mengapikkan	apikkanlah
mengapit	kuapit
mengapit	kauapit
mengapit	diapit
mengapit	terapit
mengapit	apit
mengapit	apitlah
mengapkir	kuapkir
mengapkir	kauapkir
mengapkir	diapkir
mengapkir	terapkir
mengapkir	apkir
mengapkir	apkirlah
mengaplikasikan	diaplikasikan
mengaplikasikan	kuaplikasikan
mengaplikasikan	kauaplikasikan
mengaplikasikan	aplikasikan
mengaplikasikan	aplikasikanlah
mengaplus	kuaplus
mengaplus	kauaplus
mengaplus	diaplus
mengaplus	teraplus
mengaplus	aplus
mengaplus	apluslah
mengapokkan	dikapokkan
mengapokkan	kukapokkan
mengapokkan	kaukapokkan
mengapokkan	kapokkan
mengapokkan	kapokkanlah
mengapresiasi	kuapresiasi
mengapresiasi	kauapresiasi
mengapresiasi	diapresiasi
mengapresiasi	terapresiasi
mengapresiasi	apresiasi
mengapresiasi	apresiasilah
mengaprit	kuaprit
mengaprit	kauaprit
mengaprit	diaprit
mengaprit	teraprit
mengaprit	aprit
mengaprit	apritlah
mengapteni	dikapteni
mengapteni	kukapteni
mengapteni	kaukapteni
mengapteni	kapteni
mengapteni	kaptenilah
mengapung	kuapung
mengapung	kauapung
mengapung	diapung
mengapung	terapung
mengapung	apung
mengapung	apunglah
mengapungkan	diapungkan
mengapungkan	kuapungkan
mengapungkan	kauapungkan
mengapungkan	apungkan
mengapungkan	apungkanlah
mengapur	kukapur
mengapur	kaukapur
mengapur	dikapur
mengapur	terkapur
mengapur	kapur
mengapur	kapurlah
mengarah	kuarah
mengarah	kauarah
mengarah	diarah
mengarah	terarah
mengarah	arah
mengarah	arahlah
mengarah-arahi	
mengarak	kuarak
mengarak	kauarak
mengarak	diarak
mengarak	terarak
mengarak	arak
mengarak	araklah
mengaram	kukaram
mengaram	kaukaram
mengaram	dikaram
mengaram	terkaram
mengaram	karam
mengaram	karamlah
mengaramkan	dikaramkan
mengaramkan	kukaramkan
mengaramkan	kaukaramkan
mengaramkan	karamkan
mengaramkan	karamkanlah
mengarang	kuarang
mengarang	kauarang
mengarang	diarang
mengarang	terarang
mengarang	arang
mengarang	aranglah
mengarang-ngarang	
mengarangkan	diarangkan
mengarangkan	kuarangkan
mengarangkan	kauarangkan
mengarangkan	arangkan
mengarangkan	arangkanlah
mengaransemen	kuaransemen
mengaransemen	kauaransemen
mengaransemen	diaransemen
mengaransemen	teraransemen
mengaransemen	aransemen
mengaransemen	aransemenlah
mengarantina	kukarantina
mengarantina	kaukarantina
mengarantina	dikarantina
mengarantina	terkarantina
mengarantina	karantina
mengarantina	karantinalah
mengarantinakan	dikarantinakan
mengarantinakan	kukarantinakan
mengarantinakan	kaukarantinakan
mengarantinakan	karantinakan
mengarantinakan	karantinakanlah
mengaras	kuaras
mengaras	kauaras
mengaras	diaras
mengaras	teraras
mengaras	aras
mengaras	araslah
mengarau	kukarau
mengarau	kaukarau
mengarau	dikarau
mengarau	terkarau
mengarau	karau
mengarau	karaulah
mengarbida	kukarbida
mengarbida	kaukarbida
mengarbida	dikarbida
mengarbida	terkarbida
mengarbida	karbida
mengarbida	karbidalah
mengarbol	kukarbol
mengarbol	kaukarbol
mengarbol	dikarbol
mengarbol	terkarbol
mengarbol	karbol
mengarbol	karbollah
mengares	kuares
mengares	kauares
mengares	diares
mengares	terares
mengares	ares
mengares	areslah
mengaret	kukaret
mengaret	kaukaret
mengaret	dikaret
mengaret	terkaret
mengaret	karet
mengaret	karetlah
mengari	kuari
mengari	kauari
mengari	diari
mengari	terari
mengari	ari
mengari	arilah
mengarib	kukarib
mengarib	kaukarib
mengarib	dikarib
mengarib	terkarib
mengarib	karib
mengarib	kariblah
mengaribi	dikaribi
mengaribi	kukaribi
mengaribi	kaukaribi
mengaribi	karibi
mengaribi	karibilah
mengarifi	diarifi
mengarifi	kuarifi
mengarifi	kauarifi
mengarifi	arifi
mengarifi	arifilah
mengarifkan	diarifkan
mengarifkan	kuarifkan
mengarifkan	kauarifkan
mengarifkan	arifkan
mengarifkan	arifkanlah
mengarih	kuarih
mengarih	kauarih
mengarih	diarih
mengarih	terarih
mengarih	arih
mengarih	arihlah
mengarih-arih	
mengarihkan	diarihkan
mengarihkan	kuarihkan
mengarihkan	kauarihkan
mengarihkan	arihkan
mengarihkan	arihkanlah
mengarit	kuarit
mengarit	kauarit
mengarit	diarit
mengarit	terarit
mengarit	arit
mengarit	aritlah
mengaron	kuaron
mengaron	kauaron
mengaron	diaron
mengaron	teraron
mengaron	aron
mengaron	aronlah
mengarsipkan	diarsipkan
mengarsipkan	kuarsipkan
mengarsipkan	kauarsipkan
mengarsipkan	arsipkan
mengarsipkan	arsipkanlah
mengarsir	kuarsir
mengarsir	kauarsir
mengarsir	diarsir
mengarsir	terarsir
mengarsir	arsir
mengarsir	arsirlah
mengartikelkan	diartikelkan
mengartikelkan	kuartikelkan
mengartikelkan	kauartikelkan
mengartikelkan	artikelkan
mengartikelkan	artikelkanlah
mengartukan	dikartukan
mengartukan	kukartukan
mengartukan	kaukartukan
mengartukan	kartukan
mengartukan	kartukanlah
mengaru	kukaru
mengaru	kaukaru
mengaru	dikaru
mengaru	terkaru
mengaru	karu
mengaru	karulah
mengaruk	kuaruk
mengaruk	kauaruk
mengaruk	diaruk
mengaruk	teraruk
mengaruk	aruk
mengaruk	aruklah
mengarun	kuarun
mengarun	kauarun
mengarun	diarun
mengarun	terarun
mengarun	arun
mengarun	arunlah
mengarung	kuarung
mengarung	kauarung
mengarung	diarung
mengarung	terarung
mengarung	arung
mengarung	arunglah
mengarungi	diarungi
mengarungi	kuarungi
mengarungi	kauarungi
mengarungi	arungi
mengarungi	arungilah
mengaruniai	dikaruniai
mengaruniai	kukaruniai
mengaruniai	kaukaruniai
mengaruniai	karuniai
mengaruniai	karuniailah
mengaruniakan	dikaruniakan
mengaruniakan	kukaruniakan
mengaruniakan	kaukaruniakan
mengaruniakan	karuniakan
mengaruniakan	karuniakanlah
mengarus	kuarus
mengarus	kauarus
mengarus	diarus
mengarus	terarus
mengarus	arus
mengarus	aruslah
mengarut	kukarut
mengarut	kaukarut
mengarut	dikarut
mengarut	terkarut
mengarut	karut
mengarut	karutlah
mengarwahkan	diarwahkan
mengarwahkan	kuarwahkan
mengarwahkan	kauarwahkan
mengarwahkan	arwahkan
mengarwahkan	arwahkanlah
mengasa	kuasa
mengasa	kauasa
mengasa	diasa
mengasa	terasa
mengasa	asa
mengasa	asalah
mengasadkan	dikasadkan
mengasadkan	kukasadkan
mengasadkan	kaukasadkan
mengasadkan	kasadkan
mengasadkan	kasadkanlah
mengasah	kuasah
mengasah	kauasah
mengasah	diasah
mengasah	terasah
mengasah	asah
mengasah	asahlah
mengasak	kuasak
mengasak	kauasak
mengasak	diasak
mengasak	terasak
mengasak	asak
mengasak	asaklah
mengasam	kuasam
mengasam	kauasam
mengasam	diasam
mengasam	terasam
mengasam	asam
mengasam	asamlah
mengasami	diasami
mengasami	kuasami
mengasami	kauasami
mengasami	asami
mengasami	asamilah
mengasamkan	diasamkan
mengasamkan	kuasamkan
mengasamkan	kauasamkan
mengasamkan	asamkan
mengasamkan	asamkanlah
mengasap	kuasap
mengasap	kauasap
mengasap	diasap
mengasap	terasap
mengasap	asap
mengasap	asaplah
mengasapi	diasapi
mengasapi	kuasapi
mengasapi	kauasapi
mengasapi	asapi
mengasapi	asapilah
mengasari	dikasari
mengasari	kukasari
mengasari	kaukasari
mengasari	kasari
mengasari	kasarilah
mengasarkan	dikasarkan
mengasarkan	kukasarkan
mengasarkan	kaukasarkan
mengasarkan	kasarkan
mengasarkan	kasarkanlah
mengasetkan	dikasetkan
mengasetkan	kukasetkan
mengasetkan	kaukasetkan
mengasetkan	kasetkan
mengasetkan	kasetkanlah
mengasi	kuasi
mengasi	kauasi
mengasi	diasi
mengasi	terasi
mengasi	asi
mengasi	asilah
mengasih	kukasih
mengasih	kaukasih
mengasih	dikasih
mengasih	terkasih
mengasih	kasih
mengasih	kasihlah
mengasihani	dikasihani
mengasihani	kukasihani
mengasihani	kaukasihani
mengasihani	kasihani
mengasihani	kasihanilah
mengasihi	dikasihi
mengasihi	kukasihi
mengasihi	kaukasihi
mengasihi	kasihi
mengasihi	kasihilah
mengasim	kukasim
mengasim	kaukasim
mengasim	dikasim
mengasim	terkasim
mengasim	kasim
mengasim	kasimlah
mengasing	kuasing
mengasing	kauasing
mengasing	diasing
mengasing	terasing
mengasing	asing
mengasing	asinglah
mengasini	diasini
mengasini	kuasini
mengasini	kauasini
mengasini	asini
mengasini	asinilah
mengasinkan	diasinkan
mengasinkan	kuasinkan
mengasinkan	kauasinkan
mengasinkan	asinkan
mengasinkan	asinkanlah
mengasisteni	diasisteni
mengasisteni	kuasisteni
mengasisteni	kauasisteni
mengasisteni	asisteni
mengasisteni	asistenilah
mengaso	kuaso
mengaso	kauaso
mengaso	diaso
mengaso	teraso
mengaso	aso
mengaso	asolah
mengasong	kuasong
mengasong	kauasong
mengasong	diasong
mengasong	terasong
mengasong	asong
mengasong	asonglah
mengasongkan	diasongkan
mengasongkan	kuasongkan
mengasongkan	kauasongkan
mengasongkan	asongkan
mengasongkan	asongkanlah
mengastrasi	kukastrasi
mengastrasi	kaukastrasi
mengastrasi	dikastrasi
mengastrasi	terkastrasi
mengastrasi	kastrasi
mengastrasi	kastrasilah
mengasuh	kuasuh
mengasuh	kauasuh
mengasuh	diasuh
mengasuh	terasuh
mengasuh	asuh
mengasuh	asuhlah
mengasumsikan	diasumsikan
mengasumsikan	kuasumsikan
mengasumsikan	kauasumsikan
mengasumsikan	asumsikan
mengasumsikan	asumsikanlah
mengasung	kuasung
mengasung	kauasung
mengasung	diasung
mengasung	terasung
mengasung	asung
mengasung	asunglah
mengasyiki	diasyiki
mengasyiki	kuasyiki
mengasyiki	kauasyiki
mengasyiki	asyiki
mengasyiki	asyikilah
mengasyikkan	diasyikkan
mengasyikkan	kuasyikkan
mengasyikkan	kauasyikkan
mengasyikkan	asyikkan
mengasyikkan	asyikkanlah
mengata	kukata
mengata	kaukata
mengata	dikata
mengata	terkata
mengata	kata
mengata	katalah
mengata-ngatai	
mengatai	dikatai
mengatai	kukatai
mengatai	kaukatai
mengatai	katai
mengatai	katailah
mengatak	kuatak
mengatak	kauatak
mengatak	diatak
mengatak	teratak
mengatak	atak
mengatak	ataklah
mengatalisasi	kukatalisasi
mengatalisasi	kaukatalisasi
mengatalisasi	dikatalisasi
mengatalisasi	terkatalisasi
mengatalisasi	katalisasi
mengatalisasi	katalisasilah
mengatalisis	kukatalisis
mengatalisis	kaukatalisis
mengatalisis	dikatalisis
mengatalisis	terkatalisis
mengatalisis	katalisis
mengatalisis	katalisislah
mengatalisit	kukatalisit
mengatalisit	kaukatalisit
mengatalisit	dikatalisit
mengatalisit	terkatalisit
mengatalisit	katalisit
mengatalisit	katalisitlah
mengatalogkan	dikatalogkan
mengatalogkan	kukatalogkan
mengatalogkan	kaukatalogkan
mengatalogkan	katalogkan
mengatalogkan	katalogkanlah
mengatap	kuatap
mengatap	kauatap
mengatap	diatap
mengatap	teratap
mengatap	atap
mengatap	ataplah
mengatapi	diatapi
mengatapi	kuatapi
mengatapi	kauatapi
mengatapi	atapi
mengatapi	atapilah
mengatari	diatari
mengatari	kuatari
mengatari	kauatari
mengatari	atari
mengatari	atarilah
mengatas	kuatas
mengatas	kauatas
mengatas	diatas
mengatas	teratas
mengatas	atas
mengatas	ataslah
mengatasi	diatasi
mengatasi	kuatasi
mengatasi	kauatasi
mengatasi	atasi
mengatasi	atasilah
mengataskan	diataskan
mengataskan	kuataskan
mengataskan	kauataskan
mengataskan	ataskan
mengataskan	ataskanlah
mengati	kukati
mengati	kaukati
mengati	dikati
mengati	terkati
mengati	kati
mengati	katilah
mengatrol	kukatrol
mengatrol	kaukatrol
mengatrol	dikatrol
mengatrol	terkatrol
mengatrol	katrol
mengatrol	katrollah
mengatup	kukatup
mengatup	kaukatup
mengatup	dikatup
mengatup	terkatup
mengatup	katup
mengatup	katuplah
mengatup-ngatupkan	
mengatupkan	dikatupkan
mengatupkan	kukatupkan
mengatupkan	kaukatupkan
mengatupkan	katupkan
mengatupkan	katupkanlah
mengatus	kuatus
mengatus	kauatus
mengatus	diatus
mengatus	teratus
mengatus	atus
mengatus	atuslah
mengaudit	kuaudit
mengaudit	kauaudit
mengaudit	diaudit
mengaudit	teraudit
mengaudit	audit
mengaudit	auditlah
mengaum	kuaum
mengaum	kauaum
mengaum	diaum
mengaum	teraum
mengaum	aum
mengaum	aumlah
mengaum-aum	
mengaum-aumkan	
mengaung	kuaung
mengaung	kauaung
mengaung	diaung
mengaung	teraung
mengaung	aung
mengaung	aunglah
mengaur	kuaur
mengaur	kauaur
mengaur	diaur
mengaur	teraur
mengaur	aur
mengaur	aurlah
mengaus	kuaus
mengaus	kauaus
mengaus	diaus
mengaus	teraus
mengaus	aus
mengaus	auslah
mengausi	dikausi
mengausi	kukausi
mengausi	kaukausi
mengausi	kausi
mengausi	kausilah
mengauskan	diauskan
mengauskan	kuauskan
mengauskan	kauauskan
mengauskan	auskan
mengauskan	auskanlah
mengaut	kukaut
mengaut	kaukaut
mengaut	dikaut
mengaut	terkaut
mengaut	kaut
mengaut	kautlah
mengautopsi	kuautopsi
mengautopsi	kauautopsi
mengautopsi	diautopsi
mengautopsi	terautopsi
mengautopsi	autopsi
mengautopsi	autopsilah
mengaveling	kukaveling
mengaveling	kaukaveling
mengaveling	dikaveling
mengaveling	terkaveling
mengaveling	kaveling
mengaveling	kavelinglah
mengawabekukan	diawabekukan
mengawabekukan	kuawabekukan
mengawabekukan	kauawabekukan
mengawabekukan	awabekukan
mengawabekukan	awabekukanlah
mengawahamakan	diawahamakan
mengawahamakan	kuawahamakan
mengawahamakan	kauawahamakan
mengawahamakan	awahamakan
mengawahamakan	awahamakanlah
mengawai	kuawai
mengawai	kauawai
mengawai	diawai
mengawai	terawai
mengawai	awai
mengawai	awailah
mengawaki	diawaki
mengawaki	kuawaki
mengawaki	kauawaki
mengawaki	awaki
mengawaki	awakilah
mengawal	kukawal
mengawal	kaukawal
mengawal	dikawal
mengawal	terkawal
mengawal	kawal
mengawal	kawallah
mengawalengaskan	diawalengaskan
mengawalengaskan	kuawalengaskan
mengawalengaskan	kauawalengaskan
mengawalengaskan	awalengaskan
mengawalengaskan	awalengaskanlah
mengawali	diawali
mengawali	kuawali
mengawali	kauawali
mengawali	awali
mengawali	awalilah
mengawamkan	diawamkan
mengawamkan	kuawamkan
mengawamkan	kauawamkan
mengawamkan	awamkan
mengawamkan	awamkanlah
mengawan	kuawan
mengawan	kauawan
mengawan	diawan
mengawan	terawan
mengawan	awan
mengawan	awanlah
mengawang	kuawang
mengawang	kauawang
mengawang	diawang
mengawang	terawang
mengawang	awang
mengawang	awanglah
mengawani	dikawani
mengawani	kukawani
mengawani	kaukawani
mengawani	kawani
mengawani	kawanilah
mengawasi	diawasi
mengawasi	kuawasi
mengawasi	kauawasi
mengawasi	awasi
mengawasi	awasilah
mengawatkan	dikawatkan
mengawatkan	kukawatkan
mengawatkan	kaukawatkan
mengawatkan	kawatkan
mengawatkan	kawatkanlah
mengawetkan	diawetkan
mengawetkan	kuawetkan
mengawetkan	kauawetkan
mengawetkan	awetkan
mengawetkan	awetkanlah
mengawih	kukawih
mengawih	kaukawih
mengawih	dikawih
mengawih	terkawih
mengawih	kawih
mengawih	kawihlah
mengawin	kukawin
mengawin	kaukawin
mengawin	dikawin
mengawin	terkawin
mengawin	kawin
mengawin	kawinlah
mengawini	dikawini
mengawini	kukawini
mengawini	kaukawini
mengawini	kawini
mengawini	kawinilah
mengawur	kuawur
mengawur	kauawur
mengawur	diawur
mengawur	terawur
mengawur	awur
mengawur	awurlah
mengawuri	diawuri
mengawuri	kuawuri
mengawuri	kauawuri
mengawuri	awuri
mengawuri	awurilah
mengawurkan	diawurkan
mengawurkan	kuawurkan
mengawurkan	kauawurkan
mengawurkan	awurkan
mengawurkan	awurkanlah
mengayak	kuayak
mengayak	kauayak
mengayak	diayak
mengayak	terayak
mengayak	ayak
mengayak	ayaklah
mengayakan	dikayakan
mengayakan	kukayakan
mengayakan	kaukayakan
mengayakan	kayakan
mengayakan	kayakanlah
mengayau	kukayau
mengayau	kaukayau
mengayau	dikayau
mengayau	terkayau
mengayau	kayau
mengayau	kayaulah
mengayomi	diayomi
mengayomi	kuayomi
mengayomi	kauayomi
mengayomi	ayomi
mengayomi	ayomilah
mengayuh	kukayuh
mengayuh	kaukayuh
mengayuh	dikayuh
mengayuh	terkayuh
mengayuh	kayuh
mengayuh	kayuhlah
mengayum	kuayum
mengayum	kauayum
mengayum	diayum
mengayum	terayum
mengayum	ayum
mengayum	ayumlah
mengayun	kuayun
mengayun	kauayun
mengayun	diayun
mengayun	terayun
mengayun	ayun
mengayun	ayunlah
mengazab	kuazab
mengazab	kauazab
mengazab	diazab
mengazab	terazab
mengazab	azab
mengazab	azablah
mengazabkan	diazabkan
mengazabkan	kuazabkan
mengazabkan	kauazabkan
mengazabkan	azabkan
mengazabkan	azabkanlah
mengazankan	diazankan
mengazankan	kuazankan
mengazankan	kauazankan
mengazankan	azankan
mengazankan	azankanlah
mengebal	kukebal
mengebal	kaukebal
mengebal	dikebal
mengebal	terkebal
mengebal	kebal
mengebal	keballah
mengebalkan	dikebalkan
mengebalkan	kukebalkan
mengebalkan	kaukebalkan
mengebalkan	kebalkan
mengebalkan	kebalkanlah
mengeban	kueban
mengeban	kaueban
mengeban	dieban
mengeban	tereban
mengeban	eban
mengeban	ebanlah
mengebas	kukebas
mengebas	kaukebas
mengebas	dikebas
mengebas	terkebas
mengebas	kebas
mengebas	kebaslah
mengebaskan	dikebaskan
mengebaskan	kukebaskan
mengebaskan	kaukebaskan
mengebaskan	kebaskan
mengebaskan	kebaskanlah
mengebat	kukebat
mengebat	kaukebat
mengebat	dikebat
mengebat	terkebat
mengebat	kebat
mengebat	kebatlah
mengebatkan	dikebatkan
mengebatkan	kukebatkan
mengebatkan	kaukebatkan
mengebatkan	kebatkan
mengebatkan	kebatkanlah
mengebel	kubel
mengebel	kaubel
mengebel	dibel
mengebel	terbel
mengebel	bel
mengebel	bellah
mengebelakangkan	dikebelakangkan
mengebelakangkan	kukebelakangkan
mengebelakangkan	kaukebelakangkan
mengebelakangkan	kebelakangkan
mengebelakangkan	kebelakangkanlah
mengebiri	kukebiri
mengebiri	kaukebiri
mengebiri	dikebiri
mengebiri	terkebiri
mengebiri	kebiri
mengebiri	kebirilah
mengebis	kubis
mengebis	kaubis
mengebis	dibis
mengebis	terbis
mengebis	bis
mengebis	bislah
mengebiskan	dibiskan
mengebiskan	kubiskan
mengebiskan	kaubiskan
mengebiskan	biskan
mengebiskan	biskanlah
mengebom	kubom
mengebom	kaubom
mengebom	dibom
mengebom	terbom
mengebom	bom
mengebom	bomlah
mengebon	kubon
mengebon	kaubon
mengebon	dibon
mengebon	terbon
mengebon	bon
mengebon	bonlah
mengebor	kubor
mengebor	kaubor
mengebor	dibor
mengebor	terbor
mengebor	bor
mengebor	borlah
mengebumikan	dikebumikan
mengebumikan	kukebumikan
mengebumikan	kaukebumikan
mengebumikan	kebumikan
mengebumikan	kebumikanlah
mengebur	kukebur
mengebur	kaukebur
mengebur	dikebur
mengebur	terkebur
mengebur	kebur
mengebur	keburlah
mengebut	kukebut
mengebut	kaukebut
mengebut	dikebut
mengebut	terkebut
mengebut	kebut
mengebut	kebutlah
mengebuti	dikebuti
mengebuti	kukebuti
mengebuti	kaukebuti
mengebuti	kebuti
mengebuti	kebutilah
mengecam	kucam
mengecam	kaucam
mengecam	dicam
mengecam	tercam
mengecam	cam
mengecam	camlah
mengecamkan	dikecamkan
mengecamkan	kukecamkan
mengecamkan	kaukecamkan
mengecamkan	kecamkan
mengecamkan	kecamkanlah
mengecap	kucap
mengecap	kaucap
mengecap	dicap
mengecap	tercap
mengecap	cap
mengecap	caplah
mengecas	kucas
mengecas	kaucas
mengecas	dicas
mengecas	tercas
mengecas	cas
mengecas	caslah
mengecaskan	dicaskan
mengecaskan	kucaskan
mengecaskan	kaucaskan
mengecaskan	caskan
mengecaskan	caskanlah
mengecat	kucat
mengecat	kaucat
mengecat	dicat
mengecat	tercat
mengecat	cat
mengecat	catlah
mengecek	kucek
mengecek	kaucek
mengecek	dicek
mengecek	tercek
mengecek	cek
mengecek	ceklah
mengecekkan	dikecekkan
mengecekkan	kukecekkan
mengecekkan	kaukecekkan
mengecekkan	kecekkan
mengecekkan	kecekkanlah
mengeceng	kukeceng
mengeceng	kaukeceng
mengeceng	dikeceng
mengeceng	terkeceng
mengeceng	keceng
mengeceng	kecenglah
mengecengkan	dikecengkan
mengecengkan	kukecengkan
mengecengkan	kaukecengkan
mengecengkan	kecengkan
mengecengkan	kecengkanlah
mengecer	kuecer
mengecer	kauecer
mengecer	diecer
mengecer	terecer
mengecer	ecer
mengecer	ecerlah
mengecerkan	diecerkan
mengecerkan	kuecerkan
mengecerkan	kauecerkan
mengecerkan	ecerkan
mengecerkan	ecerkanlah
mengecewakan	dikecewakan
mengecewakan	kukecewakan
mengecewakan	kaukecewakan
mengecewakan	kecewakan
mengecewakan	kecewakanlah
mengecil	kukecil
mengecil	kaukecil
mengecil	dikecil
mengecil	terkecil
mengecil	kecil
mengecil	kecillah
mengecilkan	dikecilkan
mengecilkan	kukecilkan
mengecilkan	kaukecilkan
mengecilkan	kecilkan
mengecilkan	kecilkanlah
mengecimus	kukecimus
mengecimus	kaukecimus
mengecimus	dikecimus
mengecimus	terkecimus
mengecimus	kecimus
mengecimus	kecimuslah
mengecoh	kukecoh
mengecoh	kaukecoh
mengecoh	dikecoh
mengecoh	terkecoh
mengecoh	kecoh
mengecoh	kecohlah
mengecohkan	dikecohkan
mengecohkan	kukecohkan
mengecohkan	kaukecohkan
mengecohkan	kecohkan
mengecohkan	kecohkanlah
mengecor	kucor
mengecor	kaucor
mengecor	dicor
mengecor	tercor
mengecor	cor
mengecor	corlah
mengecu	kukecu
mengecu	kaukecu
mengecu	dikecu
mengecu	terkecu
mengecu	kecu
mengecu	keculah
mengecundangi	dikecundangi
mengecundangi	kukecundangi
mengecundangi	kaukecundangi
mengecundangi	kecundangi
mengecundangi	kecundangilah
mengecup	kukecup
mengecup	kaukecup
mengecup	dikecup
mengecup	terkecup
mengecup	kecup
mengecup	kecuplah
mengecut	kukecut
mengecut	kaukecut
mengecut	dikecut
mengecut	terkecut
mengecut	kecut
mengecut	kecutlah
mengecutkan	dikecutkan
mengecutkan	kukecutkan
mengecutkan	kaukecutkan
mengecutkan	kecutkan
mengecutkan	kecutkanlah
mengedab	kudab
mengedab	kaudab
mengedab	didab
mengedab	terdab
mengedab	dab
mengedab	dablah
mengedang	kukedang
mengedang	kaukedang
mengedang	dikedang
mengedang	terkedang
mengedang	kedang
mengedang	kedanglah
mengedangkan	dikedangkan
mengedangkan	kukedangkan
mengedangkan	kaukedangkan
mengedangkan	kedangkan
mengedangkan	kedangkanlah
mengedar	kuedar
mengedar	kauedar
mengedar	diedar
mengedar	teredar
mengedar	edar
mengedar	edarlah
mengedari	diedari
mengedari	kuedari
mengedari	kauedari
mengedari	edari
mengedari	edarilah
mengedepankan	dikedepankan
mengedepankan	kukedepankan
mengedepankan	kaukedepankan
mengedepankan	kedepankan
mengedepankan	kedepankanlah
mengedik	kukedik
mengedik	kaukedik
mengedik	dikedik
mengedik	terkedik
mengedik	kedik
mengedik	kediklah
mengedikkan	dikedikkan
mengedikkan	kukedikkan
mengedikkan	kaukedikkan
mengedikkan	kedikkan
mengedikkan	kedikkanlah
mengedit	kuedit
mengedit	kauedit
mengedit	diedit
mengedit	teredit
mengedit	edit
mengedit	editlah
mengedot	kudot
mengedot	kaudot
mengedot	didot
mengedot	terdot
mengedot	dot
mengedot	dotlah
mengedrel	kudrel
mengedrel	kaudrel
mengedrel	didrel
mengedrel	terdrel
mengedrel	drel
mengedrel	drellah
mengedril	kudril
mengedril	kaudril
mengedril	didril
mengedril	terdril
mengedril	dril
mengedril	drillah
mengedrop	kudrop
mengedrop	kaudrop
mengedrop	didrop
mengedrop	terdrop
mengedrop	drop
mengedrop	droplah
mengedub	kudub
mengedub	kaudub
mengedub	didub
mengedub	terdub
mengedub	dub
mengedub	dublah
mengeduk	kukeduk
mengeduk	kaukeduk
mengeduk	dikeduk
mengeduk	terkeduk
mengeduk	keduk
mengeduk	keduklah
mengedum	kudum
mengedum	kaudum
mengedum	didum
mengedum	terdum
mengedum	dum
mengedum	dumlah
mengedumkan	didumkan
mengedumkan	kudumkan
mengedumkan	kaudumkan
mengedumkan	dumkan
mengedumkan	dumkanlah
mengedut	kukedut
mengedut	kaukedut
mengedut	dikedut
mengedut	terkedut
mengedut	kedut
mengedut	kedutlah
mengefektifkan	diefektifkan
mengefektifkan	kuefektifkan
mengefektifkan	kauefektifkan
mengefektifkan	efektifkan
mengefektifkan	efektifkanlah
mengefisienkan	diefisienkan
mengefisienkan	kuefisienkan
mengefisienkan	kauefisienkan
mengefisienkan	efisienkan
mengefisienkan	efisienkanlah
mengegah	kuegah
mengegah	kauegah
mengegah	diegah
mengegah	teregah
mengegah	egah
mengegah	egahlah
mengegas	kugas
mengegas	kaugas
mengegas	digas
mengegas	tergas
mengegas	gas
mengegas	gaslah
mengegol	kuegol
mengegol	kauegol
mengegol	diegol
mengegol	teregol
mengegol	egol
mengegol	egollah
mengegolkan	digolkan
mengegolkan	kugolkan
mengegolkan	kaugolkan
mengegolkan	golkan
mengegolkan	golkanlah
mengegos	kuegos
mengegos	kauegos
mengegos	diegos
mengegos	teregos
mengegos	egos
mengegos	egoslah
mengegosi	diegosi
mengegosi	kuegosi
mengegosi	kauegosi
mengegosi	egosi
mengegosi	egosilah
mengegoskan	diegoskan
mengegoskan	kuegoskan
mengegoskan	kauegoskan
mengegoskan	egoskan
mengegoskan	egoskanlah
mengegung	kugung
mengegung	kaugung
mengegung	digung
mengegung	tergung
mengegung	gung
mengegung	gunglah
mengegungkan	digungkan
mengegungkan	kugungkan
mengegungkan	kaugungkan
mengegungkan	gungkan
mengegungkan	gungkanlah
mengeja	kueja
mengeja	kaueja
mengeja	dieja
mengeja	tereja
mengeja	eja
mengeja	ejalah
mengejai	kukejai
mengejai	kaukejai
mengejai	dikejai
mengejai	terkejai
mengejai	kejai
mengejai	kejailah
mengejam	kukejam
mengejam	kaukejam
mengejam	dikejam
mengejam	terkejam
mengejam	kejam
mengejam	kejamlah
mengejami	dikejami
mengejami	kukejami
mengejami	kaukejami
mengejami	kejami
mengejami	kejamilah
mengejamkan	dikejamkan
mengejamkan	kukejamkan
mengejamkan	kaukejamkan
mengejamkan	kejamkan
mengejamkan	kejamkanlah
mengejan	kuejan
mengejan	kauejan
mengejan	diejan
mengejan	terejan
mengejan	ejan
mengejan	ejanlah
mengejan-ejan	
mengejang	kukejang
mengejang	kaukejang
mengejang	dikejang
mengejang	terkejang
mengejang	kejang
mengejang	kejanglah
mengejap	kukejap
mengejap	kaukejap
mengejap	dikejap
mengejap	terkejap
mengejap	kejap
mengejap	kejaplah
mengejar	kukejar
mengejar	kaukejar
mengejar	dikejar
mengejar	terkejar
mengejar	kejar
mengejar	kejarlah
mengejar-ngejar	
mengejarkan	dikejarkan
mengejarkan	kukejarkan
mengejarkan	kaukejarkan
mengejarkan	kejarkan
mengejarkan	kejarkanlah
mengejawantah	kuejawantah
mengejawantah	kauejawantah
mengejawantah	diejawantah
mengejawantah	terejawantah
mengejawantah	ejawantah
mengejawantah	ejawantahlah
mengejawantahkan	diejawantahkan
mengejawantahkan	kuejawantahkan
mengejawantahkan	kauejawantahkan
mengejawantahkan	ejawantahkan
mengejawantahkan	ejawantahkanlah
mengejek	kuejek
mengejek	kauejek
mengejek	diejek
mengejek	terejek
mengejek	ejek
mengejek	ejeklah
mengejuju	kukejuju
mengejuju	kaukejuju
mengejuju	dikejuju
mengejuju	terkejuju
mengejuju	kejuju
mengejuju	kejujulah
mengejut	kukejut
mengejut	kaukejut
mengejut	dikejut
mengejut	terkejut
mengejut	kejut
mengejut	kejutlah
mengejut-ngejuti	
mengejuti	dikejuti
mengejuti	kukejuti
mengejuti	kaukejuti
mengejuti	kejuti
mengejuti	kejutilah
mengekah	kukekah
mengekah	kaukekah
mengekah	dikekah
mengekah	terkekah
mengekah	kekah
mengekah	kekahlah
mengekalkan	dikekalkan
mengekalkan	kukekalkan
mengekalkan	kaukekalkan
mengekalkan	kekalkan
mengekalkan	kekalkanlah
mengekang	kukekang
mengekang	kaukekang
mengekang	dikekang
mengekang	terkekang
mengekang	kekang
mengekang	kekanglah
mengekar	kukekar
mengekar	kaukekar
mengekar	dikekar
mengekar	terkekar
mengekar	kekar
mengekar	kekarlah
mengekarkan	dikekarkan
mengekarkan	kukekarkan
mengekarkan	kaukekarkan
mengekarkan	kekarkan
mengekarkan	kekarkanlah
mengekek	kukekek
mengekek	kaukekek
mengekek	dikekek
mengekek	terkekek
mengekek	kekek
mengekek	kekeklah
mengeker	kukeker
mengeker	kaukeker
mengeker	dikeker
mengeker	terkeker
mengeker	keker
mengeker	kekerlah
mengekir	kukir
mengekir	kaukir
mengekir	dikir
mengekir	terkir
mengekir	kir
mengekir	kirlah
mengekirkan	dikirkan
mengekirkan	kukirkan
mengekirkan	kaukirkan
mengekirkan	kirkan
mengekirkan	kirkanlah
mengekol	kukol
mengekol	kaukol
mengekol	dikol
mengekol	terkol
mengekol	kol
mengekol	kollah
mengekop	kukop
mengekop	kaukop
mengekop	dikop
mengekop	terkop
mengekop	kop
mengekop	koplah
mengekor	kuekor
mengekor	kauekor
mengekor	diekor
mengekor	terekor
mengekor	ekor
mengekor	ekorlah
mengeksklusifkan	dieksklusifkan
mengeksklusifkan	kueksklusifkan
mengeksklusifkan	kaueksklusifkan
mengeksklusifkan	eksklusifkan
mengeksklusifkan	eksklusifkanlah
mengeksploitasi	kueksploitasi
mengeksploitasi	kaueksploitasi
mengeksploitasi	dieksploitasi
mengeksploitasi	tereksploitasi
mengeksploitasi	eksploitasi
mengeksploitasi	eksploitasilah
mengeksplorasi	kueksplorasi
mengeksplorasi	kaueksplorasi
mengeksplorasi	dieksplorasi
mengeksplorasi	tereksplorasi
mengeksplorasi	eksplorasi
mengeksplorasi	eksplorasilah
mengekspor	kuekspor
mengekspor	kauekspor
mengekspor	diekspor
mengekspor	terekspor
mengekspor	ekspor
mengekspor	eksporlah
mengekspos	kuekspos
mengekspos	kauekspos
mengekspos	diekspos
mengekspos	terekspos
mengekspos	ekspos
mengekspos	eksposlah
mengekspresikan	diekspresikan
mengekspresikan	kuekspresikan
mengekspresikan	kauekspresikan
mengekspresikan	ekspresikan
mengekspresikan	ekspresikanlah
mengekstrak	kuekstrak
mengekstrak	kauekstrak
mengekstrak	diekstrak
mengekstrak	terekstrak
mengekstrak	ekstrak
mengekstrak	ekstraklah
mengekstraksi	kuekstraksi
mengekstraksi	kauekstraksi
mengekstraksi	diekstraksi
mengekstraksi	terekstraksi
mengekstraksi	ekstraksi
mengekstraksi	ekstraksilah
mengelabang	kukelabang
mengelabang	kaukelabang
mengelabang	dikelabang
mengelabang	terkelabang
mengelabang	kelabang
mengelabang	kelabanglah
mengelaborasi	kuelaborasi
mengelaborasi	kauelaborasi
mengelaborasi	dielaborasi
mengelaborasi	terelaborasi
mengelaborasi	elaborasi
mengelaborasi	elaborasilah
mengelabui	dikelabui
mengelabui	kukelabui
mengelabui	kaukelabui
mengelabui	kelabui
mengelabui	kelabuilah
mengelah	kukelah
mengelah	kaukelah
mengelah	dikelah
mengelah	terkelah
mengelah	kelah
mengelah	kelahlah
mengelai	kukelai
mengelai	kaukelai
mengelai	dikelai
mengelai	terkelai
mengelai	kelai
mengelai	kelailah
mengelai-ngelai	
mengelak	kuelak
mengelak	kauelak
mengelak	dielak
mengelak	terelak
mengelak	elak
mengelak	elaklah
mengelakkan	dielakkan
mengelakkan	kuelakkan
mengelakkan	kauelakkan
mengelakkan	elakkan
mengelakkan	elakkanlah
mengelam	kukelam
mengelam	kaukelam
mengelam	dikelam
mengelam	terkelam
mengelam	kelam
mengelam	kelamlah
mengelamini	dikelamini
mengelamini	kukelamini
mengelamini	kaukelamini
mengelamini	kelamini
mengelamini	kelaminilah
mengelana	kukelana
mengelana	kaukelana
mengelana	dikelana
mengelana	terkelana
mengelana	kelana
mengelana	kelanalah
mengelanjar	kukelanjar
mengelanjar	kaukelanjar
mengelanjar	dikelanjar
mengelanjar	terkelanjar
mengelanjar	kelanjar
mengelanjar	kelanjarlah
mengelantang	kukelantang
mengelantang	kaukelantang
mengelantang	dikelantang
mengelantang	terkelantang
mengelantang	kelantang
mengelantang	kelantanglah
mengelap	kulap
mengelap	kaulap
mengelap	dilap
mengelap	terlap
mengelap	lap
mengelap	laplah
mengelar	kukelar
mengelar	kaukelar
mengelar	dikelar
mengelar	terkelar
mengelar	kelar
mengelar	kelarlah
mengelarai	kukelarai
mengelarai	kaukelarai
mengelarai	dikelarai
mengelarai	terkelarai
mengelarai	kelarai
mengelarai	kelarailah
mengelas	kulas
mengelas	kaulas
mengelas	dilas
mengelas	terlas
mengelas	las
mengelas	laslah
mengelebekkan	dikelebekkan
mengelebekkan	kukelebekkan
mengelebekkan	kaukelebekkan
mengelebekkan	kelebekkan
mengelebekkan	kelebekkanlah
mengelebukan	dikelebukan
mengelebukan	kukelebukan
mengelebukan	kaukelebukan
mengelebukan	kelebukan
mengelebukan	kelebukanlah
mengelektrifikasi	kuelektrifikasi
mengelektrifikasi	kauelektrifikasi
mengelektrifikasi	dielektrifikasi
mengelektrifikasi	terelektrifikasi
mengelektrifikasi	elektrifikasi
mengelektrifikasi	elektrifikasilah
mengelem	kulem
mengelem	kaulem
mengelem	dilem
mengelem	terlem
mengelem	lem
mengelem	lemlah
mengelepai	kukelepai
mengelepai	kaukelepai
mengelepai	dikelepai
mengelepai	terkelepai
mengelepai	kelepai
mengelepai	kelepailah
mengelepat	kukelepat
mengelepat	kaukelepat
mengelepat	dikelepat
mengelepat	terkelepat
mengelepat	kelepat
mengelepat	kelepatlah
mengelepik-ngelepik	
mengelepur	kukelepur
mengelepur	kaukelepur
mengelepur	dikelepur
mengelepur	terkelepur
mengelepur	kelepur
mengelepur	kelepurlah
mengelesot	kukelesot
mengelesot	kaukelesot
mengelesot	dikelesot
mengelesot	terkelesot
mengelesot	kelesot
mengelesot	kelesotlah
mengelibat	kukelibat
mengelibat	kaukelibat
mengelibat	dikelibat
mengelibat	terkelibat
mengelibat	kelibat
mengelibat	kelibatlah
mengelih	kukelih
mengelih	kaukelih
mengelih	dikelih
mengelih	terkelih
mengelih	kelih
mengelih	kelihlah
mengelik	kukelik
mengelik	kaukelik
mengelik	dikelik
mengelik	terkelik
mengelik	kelik
mengelik	keliklah
mengelikik	kukelikik
mengelikik	kaukelikik
mengelikik	dikelikik
mengelikik	terkelikik
mengelikik	kelikik
mengelikik	kelikiklah
mengelilingi	dikelilingi
mengelilingi	kukelilingi
mengelilingi	kaukelilingi
mengelilingi	kelilingi
mengelilingi	kelilingilah
mengelim	kukelim
mengelim	kaukelim
mengelim	dikelim
mengelim	terkelim
mengelim	kelim
mengelim	kelimlah
mengeliminasi	kueliminasi
mengeliminasi	kaueliminasi
mengeliminasi	dieliminasi
mengeliminasi	tereliminasi
mengeliminasi	eliminasi
mengeliminasi	eliminasilah
mengeling	kukeling
mengeling	kaukeling
mengeling	dikeling
mengeling	terkeling
mengeling	keling
mengeling	kelinglah
mengelip-ngelip	
mengelirukan	dikelirukan
mengelirukan	kukelirukan
mengelirukan	kaukelirukan
mengelirukan	kelirukan
mengelirukan	kelirukanlah
mengelis	kukelis
mengelis	kaukelis
mengelis	dikelis
mengelis	terkelis
mengelis	kelis
mengelis	kelislah
mengelit	kukelit
mengelit	kaukelit
mengelit	dikelit
mengelit	terkelit
mengelit	kelit
mengelit	kelitlah
mengelite	kuelite
mengelite	kauelite
mengelite	dielite
mengelite	terelite
mengelite	elite
mengelite	elitelah
mengelodan	kukelodan
mengelodan	kaukelodan
mengelodan	dikelodan
mengelodan	terkelodan
mengelodan	kelodan
mengelodan	kelodanlah
mengelok	kukelok
mengelok	kaukelok
mengelok	dikelok
mengelok	terkelok
mengelok	kelok
mengelok	keloklah
mengelokkan	dielokkan
mengelokkan	kuelokkan
mengelokkan	kauelokkan
mengelokkan	elokkan
mengelokkan	elokkanlah
mengelola	kukelola
mengelola	kaukelola
mengelola	dikelola
mengelola	terkelola
mengelola	kelola
mengelola	kelolalah
mengelompok	kukelompok
mengelompok	kaukelompok
mengelompok	dikelompok
mengelompok	terkelompok
mengelompok	kelompok
mengelompok	kelompoklah
mengelon	kuelon
mengelon	kauelon
mengelon	dielon
mengelon	terelon
mengelon	elon
mengelon	elonlah
mengeloni	dieloni
mengeloni	kueloni
mengeloni	kaueloni
mengeloni	eloni
mengeloni	elonilah
mengelopak	kukelopak
mengelopak	kaukelopak
mengelopak	dikelopak
mengelopak	terkelopak
mengelopak	kelopak
mengelopak	kelopaklah
mengelos	kulos
mengelos	kaulos
mengelos	dilos
mengelos	terlos
mengelos	los
mengelos	loslah
mengeloskan	diloskan
mengeloskan	kuloskan
mengeloskan	kauloskan
mengeloskan	loskan
mengeloskan	loskanlah
mengelotok	kukelotok
mengelotok	kaukelotok
mengelotok	dikelotok
mengelotok	terkelotok
mengelotok	kelotok
mengelotok	kelotoklah
mengeloyor	kukeloyor
mengeloyor	kaukeloyor
mengeloyor	dikeloyor
mengeloyor	terkeloyor
mengeloyor	keloyor
mengeloyor	keloyorlah
mengelu-elukan	
mengeluani	dikeluani
mengeluani	kukeluani
mengeluani	kaukeluani
mengeluani	keluani
mengeluani	keluanilah
mengeluarkan	dikeluarkan
mengeluarkan	kukeluarkan
mengeluarkan	kaukeluarkan
mengeluarkan	keluarkan
mengeluarkan	keluarkanlah
mengeluh	kukeluh
mengeluh	kaukeluh
mengeluh	dikeluh
mengeluh	terkeluh
mengeluh	keluh
mengeluh	keluhlah
mengelukan	dielukan
mengelukan	kuelukan
mengelukan	kauelukan
mengelukan	elukan
mengelukan	elukanlah
mengelumuni	dikelumuni
mengelumuni	kukelumuni
mengelumuni	kaukelumuni
mengelumuni	kelumuni
mengelumuni	kelumunilah
mengelupas	kukelupas
mengelupas	kaukelupas
mengelupas	dikelupas
mengelupas	terkelupas
mengelupas	kelupas
mengelupas	kelupaslah
mengelupaskan	dikelupaskan
mengelupaskan	kukelupaskan
mengelupaskan	kaukelupaskan
mengelupaskan	kelupaskan
mengelupaskan	kelupaskanlah
mengelupur	kukelupur
mengelupur	kaukelupur
mengelupur	dikelupur
mengelupur	terkelupur
mengelupur	kelupur
mengelupur	kelupurlah
mengelus	kuelus
mengelus	kauelus
mengelus	dielus
mengelus	terelus
mengelus	elus
mengelus	eluslah
mengelus-elus	
mengeluyur	kukeluyur
mengeluyur	kaukeluyur
mengeluyur	dikeluyur
mengeluyur	terkeluyur
mengeluyur	keluyur
mengeluyur	keluyurlah
mengemam	kukemam
mengemam	kaukemam
mengemam	dikemam
mengemam	terkemam
mengemam	kemam
mengemam	kemamlah
mengemas	kuemas
mengemas	kauemas
mengemas	diemas
mengemas	teremas
mengemas	emas
mengemas	emaslah
mengemasi	diemasi
mengemasi	kuemasi
mengemasi	kauemasi
mengemasi	emasi
mengemasi	emasilah
mengemat	kuemat
mengemat	kauemat
mengemat	diemat
mengemat	teremat
mengemat	emat
mengemat	ematlah
mengembalikan	dikembalikan
mengembalikan	kukembalikan
mengembalikan	kaukembalikan
mengembalikan	kembalikan
mengembalikan	kembalikanlah
mengemban	kuemban
mengemban	kauemban
mengemban	diemban
mengemban	teremban
mengemban	emban
mengemban	embanlah
mengembang	kukembang
mengembang	kaukembang
mengembang	dikembang
mengembang	terkembang
mengembang	kembang
mengembang	kembanglah
mengembara	kuembara
mengembara	kauembara
mengembara	diembara
mengembara	terembara
mengembara	embara
mengembara	embaralah
mengembarai	diembarai
mengembarai	kuembarai
mengembarai	kauembarai
mengembarai	embarai
mengembarai	embarailah
mengembargo	kuembargo
mengembargo	kauembargo
mengembargo	diembargo
mengembargo	terembargo
mengembargo	embargo
mengembargo	embargolah
mengembari	dikembari
mengembari	kukembari
mengembari	kaukembari
mengembari	kembari
mengembari	kembarilah
mengembarkan	diembarkan
mengembarkan	kuembarkan
mengembarkan	kauembarkan
mengembarkan	embarkan
mengembarkan	embarkanlah
mengembat	kuembat
mengembat	kauembat
mengembat	diembat
mengembat	terembat
mengembat	embat
mengembat	embatlah
mengembatkan	diembatkan
mengembatkan	kuembatkan
mengembatkan	kauembatkan
mengembatkan	embatkan
mengembatkan	embatkanlah
mengembeng	kukembeng
mengembeng	kaukembeng
mengembeng	dikembeng
mengembeng	terkembeng
mengembeng	kembeng
mengembeng	kembenglah
mengembik	kuembik
mengembik	kauembik
mengembik	diembik
mengembik	terembik
mengembik	embik
mengembik	embiklah
mengembol	kuembol
mengembol	kauembol
mengembol	diembol
mengembol	terembol
mengembol	embol
mengembol	embollah
mengembun	
mengembungkan	dikembungkan
mengembungkan	kukembungkan
mengembungkan	kaukembungkan
mengembungkan	kembungkan
mengembungkan	kembungkanlah
mengembuni	diembuni
mengembuni	kuembuni
mengembuni	kauembuni
mengembuni	embuni
mengembuni	embunilah
mengembur	kukembur
mengembur	kaukembur
mengembur	dikembur
mengembur	terkembur
mengembur	kembur
mengembur	kemburlah
mengembut	kuembut
mengembut	kauembut
mengembut	diembut
mengembut	terembut
mengembut	embut
mengembut	embutlah
mengembut-embut	
mengemendang	kukemendang
mengemendang	kaukemendang
mengemendang	dikemendang
mengemendang	terkemendang
mengemendang	kemendang
mengemendang	kemendanglah
mengemis	
mengemohi	diemohi
mengemohi	kuemohi
mengemohi	kauemohi
mengemohi	emohi
mengemohi	emohilah
mengemol	kuemol
mengemol	kauemol
mengemol	diemol
mengemol	teremol
mengemol	emol
mengemol	emollah
mengemong	kuemong
mengemong	kauemong
mengemong	diemong
mengemong	teremong
mengemong	emong
mengemong	emonglah
mengempa	kukempa
mengempa	kaukempa
mengempa	dikempa
mengempa	terkempa
mengempa	kempa
mengempa	kempalah
mengempang	kuempang
mengempang	kauempang
mengempang	diempang
mengempang	terempang
mengempang	empang
mengempang	empanglah
mengempap	kuempap
mengempap	kauempap
mengempap	diempap
mengempap	terempap
mengempap	empap
mengempap	empaplah
mengempar	kuempar
mengempar	kauempar
mengempar	diempar
mengempar	terempar
mengempar	empar
mengempar	emparlah
mengempas	kuempas
mengempas	kauempas
mengempas	diempas
mengempas	terempas
mengempas	empas
mengempas	empaslah
mengempas-empaskan	
mengempaskan	diempaskan
mengempaskan	kuempaskan
mengempaskan	kauempaskan
mengempaskan	empaskan
mengempaskan	empaskanlah
mengempenak	kuempenak
mengempenak	kauempenak
mengempenak	diempenak
mengempenak	terempenak
mengempenak	empenak
mengempenak	empenaklah
mengempik	kuempik
mengempik	kauempik
mengempik	diempik
mengempik	terempik
mengempik	empik
mengempik	empiklah
mengemping	kuemping
mengemping	kauemping
mengemping	diemping
mengemping	teremping
mengemping	emping
mengemping	empinglah
mengempis	kukempis
mengempis	kaukempis
mengempis	dikempis
mengempis	terkempis
mengempis	kempis
mengempis	kempislah
mengempiskan	dikempiskan
mengempiskan	kukempiskan
mengempiskan	kaukempiskan
mengempiskan	kempiskan
mengempiskan	kempiskanlah
mengemplang	kukemplang
mengemplang	kaukemplang
mengemplang	dikemplang
mengemplang	terkemplang
mengemplang	kemplang
mengemplang	kemplanglah
mengempo	kuempo
mengempo	kauempo
mengempo	diempo
mengempo	terempo
mengempo	empo
mengempo	empolah
mengempoh	kuempoh
mengempoh	kauempoh
mengempoh	diempoh
mengempoh	terempoh
mengempoh	empoh
mengempoh	empohlah
mengempohi	diempohi
mengempohi	kuempohi
mengempohi	kauempohi
mengempohi	empohi
mengempohi	empohilah
mengempos	kuempos
mengempos	kauempos
mengempos	diempos
mengempos	terempos
mengempos	empos
mengempos	emposlah
mengempu	kuempu
mengempu	kauempu
mengempu	diempu
mengempu	terempu
mengempu	empu
mengempu	empulah
mengempukkan	diempukkan
mengempukkan	kuempukkan
mengempukkan	kauempukkan
mengempukkan	empukkan
mengempukkan	empukkanlah
mengemu	kukemu
mengemu	kaukemu
mengemu	dikemu
mengemu	terkemu
mengemu	kemu
mengemu	kemulah
mengemudiankan	dikemudiankan
mengemudiankan	kukemudiankan
mengemudiankan	kaukemudiankan
mengemudiankan	kemudiankan
mengemudiankan	kemudiankanlah
mengemuka	
mengemukakan	dikemukakan
mengemukakan	kukemukakan
mengemukakan	kaukemukakan
mengemukakan	kemukakan
mengemukakan	kemukakanlah
mengemuli	dikemuli
mengemuli	kukemuli
mengemuli	kaukemuli
mengemuli	kemuli
mengemuli	kemulilah
mengemut	kuemut
mengemut	kauemut
mengemut	diemut
mengemut	teremut
mengemut	emut
mengemut	emutlah
mengena	kukena
mengena	kaukena
mengena	dikena
mengena	terkena
mengena	kena
mengena	kenalah
mengenai	dikenai
mengenai	kukenai
mengenai	kaukenai
mengenai	kenai
mengenai	kenailah
mengenakan	dikenakan
mengenakan	kukenakan
mengenakan	kaukenakan
mengenakan	kenakan
mengenakan	kenakanlah
mengenal	kukenal
mengenal	kaukenal
mengenal	dikenal
mengenal	terkenal
mengenal	kenal
mengenal	kenallah
mengenali	dikenali
mengenali	kukenali
mengenali	kaukenali
mengenali	kenali
mengenali	kenalilah
mengenang	kukenang
mengenang	kaukenang
mengenang	dikenang
mengenang	terkenang
mengenang	kenang
mengenang	kenanglah
mengenangkan	dikenangkan
mengenangkan	kukenangkan
mengenangkan	kaukenangkan
mengenangkan	kenangkan
mengenangkan	kenangkanlah
mengenap	kuenap
mengenap	kauenap
mengenap	dienap
mengenap	terenap
mengenap	enap
mengenap	enaplah
mengenap-enapkan	
mengenas	kuenas
mengenas	kauenas
mengenas	dienas
mengenas	terenas
mengenas	enas
mengenas	enaslah
mengencang	kuencang
mengencang	kauencang
mengencang	diencang
mengencang	terencang
mengencang	encang
mengencang	encanglah
mengencangkan	dikencangkan
mengencangkan	kukencangkan
mengencangkan	kaukencangkan
mengencangkan	kencangkan
mengencangkan	kencangkanlah
mengencani	dikencani
mengencani	kukencani
mengencani	kaukencani
mengencani	kencani
mengencani	kencanilah
mengencerkan	diencerkan
mengencerkan	kuencerkan
mengencerkan	kauencerkan
mengencerkan	encerkan
mengencerkan	encerkanlah
mengencingi	dikencingi
mengencingi	kukencingi
mengencingi	kaukencingi
mengencingi	kencingi
mengencingi	kencingilah
mengencongkan	dikencongkan
mengencongkan	kukencongkan
mengencongkan	kaukencongkan
mengencongkan	kencongkan
mengencongkan	kencongkanlah
mengencreng	kukencreng
mengencreng	kaukencreng
mengencreng	dikencreng
mengencreng	terkencreng
mengencreng	kencreng
mengencreng	kencrenglah
mengendal	kuendal
mengendal	kauendal
mengendal	diendal
mengendal	terendal
mengendal	endal
mengendal	endallah
mengendalakan	dikendalakan
mengendalakan	kukendalakan
mengendalakan	kaukendalakan
mengendalakan	kendalakan
mengendalakan	kendalakanlah
mengendali	kukendali
mengendali	kaukendali
mengendali	dikendali
mengendali	terkendali
mengendali	kendali
mengendali	kendalilah
mengendalikan	dikendalikan
mengendalikan	kukendalikan
mengendalikan	kaukendalikan
mengendalikan	kendalikan
mengendalikan	kendalikanlah
mengendanai	dikendanai
mengendanai	kukendanai
mengendanai	kaukendanai
mengendanai	kendanai
mengendanai	kendanailah
mengendap	kuendap
mengendap	kauendap
mengendap	diendap
mengendap	terendap
mengendap	endap
mengendap	endaplah
mengendap-endap	
mengendapkan	diendapkan
mengendapkan	kuendapkan
mengendapkan	kauendapkan
mengendapkan	endapkan
mengendapkan	endapkanlah
mengendarai	dikendarai
mengendarai	kukendarai
mengendarai	kaukendarai
mengendarai	kendarai
mengendarai	kendarailah
mengendon	kuendon
mengendon	kauendon
mengendon	diendon
mengendon	terendon
mengendon	endon
mengendon	endonlah
mengendong	kuendong
mengendong	kauendong
mengendong	diendong
mengendong	terendong
mengendong	endong
mengendong	endonglah
mengendur	kukendur
mengendur	kaukendur
mengendur	dikendur
mengendur	terkendur
mengendur	kendur
mengendur	kendurlah
mengendurkan	dikendurkan
mengendurkan	kukendurkan
mengendurkan	kaukendurkan
mengendurkan	kendurkan
mengendurkan	kendurkanlah
mengendus	kuendus
mengendus	kauendus
mengendus	diendus
mengendus	terendus
mengendus	endus
mengendus	enduslah
mengenes	kuenes
mengenes	kauenes
mengenes	dienes
mengenes	terenes
mengenes	enes
mengenes	eneslah
mengeneskan	dieneskan
mengeneskan	kueneskan
mengeneskan	kaueneskan
mengeneskan	eneskan
mengeneskan	eneskanlah
mengenggankan	dienggankan
mengenggankan	kuenggankan
mengenggankan	kauenggankan
mengenggankan	enggankan
mengenggankan	enggankanlah
mengengget	kuengget
mengengget	kauengget
mengengget	diengget
mengengget	terengget
mengengget	engget
mengengget	enggetlah
mengengkang	kuengkang
mengengkang	kauengkang
mengengkang	diengkang
mengengkang	terengkang
mengengkang	engkang
mengengkang	engkanglah
mengengkeng	kukengkeng
mengengkeng	kaukengkeng
mengengkeng	dikengkeng
mengengkeng	terkengkeng
mengengkeng	kengkeng
mengengkeng	kengkenglah
mengenjak	kuenjak
mengenjak	kauenjak
mengenjak	dienjak
mengenjak	terenjak
mengenjak	enjak
mengenjak	enjaklah
mengenjak-enjak	
mengenjal	kuenjal
mengenjal	kauenjal
mengenjal	dienjal
mengenjal	terenjal
mengenjal	enjal
mengenjal	enjallah
mengenjut	kuenjut
mengenjut	kauenjut
mengenjut	dienjut
mengenjut	terenjut
mengenjut	enjut
mengenjut	enjutlah
mengenkripsi	kuenkripsi
mengenkripsi	kauenkripsi
mengenkripsi	dienkripsi
mengenkripsi	terenkripsi
mengenkripsi	enkripsi
mengenkripsi	enkripsilah
mengensel	kukensel
mengensel	kaukensel
mengensel	dikensel
mengensel	terkensel
mengensel	kensel
mengensel	kensellah
mengentak	kuentak
mengentak	kauentak
mengentak	dientak
mengentak	terentak
mengentak	entak
mengentak	entaklah
mengentak-entakkan	
mengental	kukental
mengental	kaukental
mengental	dikental
mengental	terkental
mengental	kental
mengental	kentallah
mengentalkan	dikentalkan
mengentalkan	kukentalkan
mengentalkan	kaukentalkan
mengentalkan	kentalkan
mengentalkan	kentalkanlah
mengentarakan	dikentarakan
mengentarakan	kukentarakan
mengentarakan	kaukentarakan
mengentarakan	kentarakan
mengentarakan	kentarakanlah
mengentas	kuentas
mengentas	kauentas
mengentas	dientas
mengentas	terentas
mengentas	entas
mengentas	entaslah
mengentaskan	dientaskan
mengentaskan	kuentaskan
mengentaskan	kauentaskan
mengentaskan	entaskan
mengentaskan	entaskanlah
mengenten	kuenten
mengenten	kauenten
mengenten	dienten
mengenten	terenten
mengenten	enten
mengenten	entenlah
mengentengkan	dientengkan
mengentengkan	kuentengkan
mengentengkan	kauentengkan
mengentengkan	entengkan
mengentengkan	entengkanlah
mengentit	kuentit
mengentit	kauentit
mengentit	dientit
mengentit	terentit
mengentit	entit
mengentit	entitlah
mengentot	kuentot
mengentot	kauentot
mengentot	dientot
mengentot	terentot
mengentot	entot
mengentot	entotlah
mengentuti	dikentuti
mengentuti	kukentuti
mengentuti	kaukentuti
mengentuti	kentuti
mengentuti	kentutilah
mengenyak	kuenyak
mengenyak	kauenyak
mengenyak	dienyak
mengenyak	terenyak
mengenyak	enyak
mengenyak	enyaklah
mengenyakkan	dienyakkan
mengenyakkan	kuenyakkan
mengenyakkan	kauenyakkan
mengenyakkan	enyakkan
mengenyakkan	enyakkanlah
mengenyal	kukenyal
mengenyal	kaukenyal
mengenyal	dikenyal
mengenyal	terkenyal
mengenyal	kenyal
mengenyal	kenyallah
mengenyam	kukenyam
mengenyam	kaukenyam
mengenyam	dikenyam
mengenyam	terkenyam
mengenyam	kenyam
mengenyam	kenyamlah
mengenyangkan	dikenyangkan
mengenyangkan	kukenyangkan
mengenyangkan	kaukenyangkan
mengenyangkan	kenyangkan
mengenyangkan	kenyangkanlah
mengenyit	kukenyit
mengenyit	kaukenyit
mengenyit	dikenyit
mengenyit	terkenyit
mengenyit	kenyit
mengenyit	kenyitlah
mengenyut	kukenyut
mengenyut	kaukenyut
mengenyut	dikenyut
mengenyut	terkenyut
mengenyut	kenyut
mengenyut	kenyutlah
mengeong	kungeong
mengeong	kaungeong
mengeong	dingeong
mengeong	terngeong
mengeong	ngeong
mengeong	ngeonglah
mengepak	kupak
mengepak	kaupak
mengepak	dipak
mengepak	terpak
mengepak	pak
mengepak	paklah
mengepak-ngepak	
mengepak-ngepakkan	
mengepakkan	dipakkan
mengepakkan	kupakkan
mengepakkan	kaupakkan
mengepakkan	pakkan
mengepakkan	pakkanlah
mengepal	kukepal
mengepal	kaukepal
mengepal	dikepal
mengepal	terkepal
mengepal	kepal
mengepal	kepallah
mengepal-ngepalkan	
mengepalai	dikepalai
mengepalai	kukepalai
mengepalai	kaukepalai
mengepalai	kepalai
mengepalai	kepalailah
mengepalkan	dikepalkan
mengepalkan	kukepalkan
mengepalkan	kaukepalkan
mengepalkan	kepalkan
mengepalkan	kepalkanlah
mengepang	kukepang
mengepang	kaukepang
mengepang	dikepang
mengepang	terkepang
mengepang	kepang
mengepang	kepanglah
mengepas	kupas
mengepas	kaupas
mengepas	dipas
mengepas	terpas
mengepas	pas
mengepas	paslah
mengepaskan	dipaskan
mengepaskan	kupaskan
mengepaskan	kaupaskan
mengepaskan	paskan
mengepaskan	paskanlah
mengepel	kupel
mengepel	kaupel
mengepel	dipel
mengepel	terpel
mengepel	pel
mengepel	pellah
mengepil	kukepil
mengepil	kaukepil
mengepil	dikepil
mengepil	terkepil
mengepil	kepil
mengepil	kepillah
mengepilkan	dikepilkan
mengepilkan	kukepilkan
mengepilkan	kaukepilkan
mengepilkan	kepilkan
mengepilkan	kepilkanlah
mengeping	kukeping
mengeping	kaukeping
mengeping	dikeping
mengeping	terkeping
mengeping	keping
mengeping	kepinglah
mengepit	kukepit
mengepit	kaukepit
mengepit	dikepit
mengepit	terkepit
mengepit	kepit
mengepit	kepitlah
mengeplak	kukeplak
mengeplak	kaukeplak
mengeplak	dikeplak
mengeplak	terkeplak
mengeplak	keplak
mengeplak	keplaklah
mengepohkan	dikepohkan
mengepohkan	kukepohkan
mengepohkan	kaukepohkan
mengepohkan	kepohkan
mengepohkan	kepohkanlah
mengeposkan	diposkan
mengeposkan	kuposkan
mengeposkan	kauposkan
mengeposkan	poskan
mengeposkan	poskanlah
mengeprek	kukeprek
mengeprek	kaukeprek
mengeprek	dikeprek
mengeprek	terkeprek
mengeprek	keprek
mengeprek	kepreklah
mengepres	kupres
mengepres	kaupres
mengepres	dipres
mengepres	terpres
mengepres	pres
mengepres	preslah
mengepris	kukepris
mengepris	kaukepris
mengepris	dikepris
mengepris	terkepris
mengepris	kepris
mengepris	keprislah
mengepruk	kukepruk
mengepruk	kaukepruk
mengepruk	dikepruk
mengepruk	terkepruk
mengepruk	kepruk
mengepruk	kepruklah
mengepuh	kukepuh
mengepuh	kaukepuh
mengepuh	dikepuh
mengepuh	terkepuh
mengepuh	kepuh
mengepuh	kepuhlah
mengepul	kupul
mengepul	kaupul
mengepul	dipul
mengepul	terpul
mengepul	pul
mengepul	pullah
mengepung	kukepung
mengepung	kaukepung
mengepung	dikepung
mengepung	terkepung
mengepung	kepung
mengepung	kepunglah
mengerabik	kukerabik
mengerabik	kaukerabik
mengerabik	dikerabik
mengerabik	terkerabik
mengerabik	kerabik
mengerabik	kerabiklah
mengerabikkan	dikerabikkan
mengerabikkan	kukerabikkan
mengerabikkan	kaukerabikkan
mengerabikkan	kerabikkan
mengerabikkan	kerabikkanlah
mengerabu	kukerabu
mengerabu	kaukerabu
mengerabu	dikerabu
mengerabu	terkerabu
mengerabu	kerabu
mengerabu	kerabulah
mengerakahi	dikerakahi
mengerakahi	kukerakahi
mengerakahi	kaukerakahi
mengerakahi	kerakahi
mengerakahi	kerakahilah
mengerakali	dikerakali
mengerakali	kukerakali
mengerakali	kaukerakali
mengerakali	kerakali
mengerakali	kerakalilah
mengeram	kueram
mengeram	kaueram
mengeram	dieram
mengeram	tereram
mengeram	eram
mengeram	eramlah
mengeramasi	dikeramasi
mengeramasi	kukeramasi
mengeramasi	kaukeramasi
mengeramasi	keramasi
mengeramasi	keramasilah
mengeramatkan	dikeramatkan
mengeramatkan	kukeramatkan
mengeramatkan	kaukeramatkan
mengeramatkan	keramatkan
mengeramatkan	keramatkanlah
mengerami	dierami
mengerami	kuerami
mengerami	kauerami
mengerami	erami
mengerami	eramilah
mengeramkan	dieramkan
mengeramkan	kueramkan
mengeramkan	kaueramkan
mengeramkan	eramkan
mengeramkan	eramkanlah
mengerang	kuerang
mengerang	kauerang
mengerang	dierang
mengerang	tererang
mengerang	erang
mengerang	eranglah
mengerapkan	dikerapkan
mengerapkan	kukerapkan
mengerapkan	kaukerapkan
mengerapkan	kerapkan
mengerapkan	kerapkanlah
mengeras	kukeras
mengeras	kaukeras
mengeras	dikeras
mengeras	terkeras
mengeras	keras
mengeras	keraslah
mengerasi	dikerasi
mengerasi	kukerasi
mengerasi	kaukerasi
mengerasi	kerasi
mengerasi	kerasilah
mengerat	kukerat
mengerat	kaukerat
mengerat	dikerat
mengerat	terkerat
mengerat	kerat
mengerat	keratlah
mengeratkan	dieratkan
mengeratkan	kueratkan
mengeratkan	kaueratkan
mengeratkan	eratkan
mengeratkan	eratkanlah
mengerawang	kukerawang
mengerawang	kaukerawang
mengerawang	dikerawang
mengerawang	terkerawang
mengerawang	kerawang
mengerawang	kerawanglah
mengerbat	kukerbat
mengerbat	kaukerbat
mengerbat	dikerbat
mengerbat	terkerbat
mengerbat	kerbat
mengerbat	kerbatlah
mengercingkan	dikercingkan
mengercingkan	kukercingkan
mengercingkan	kaukercingkan
mengercingkan	kercingkan
mengercingkan	kercingkanlah
mengercitkan	dikercitkan
mengercitkan	kukercitkan
mengercitkan	kaukercitkan
mengercitkan	kercitkan
mengercitkan	kercitkanlah
mengerebok	kukerebok
mengerebok	kaukerebok
mengerebok	dikerebok
mengerebok	terkerebok
mengerebok	kerebok
mengerebok	kereboklah
mengeredep	kukeredep
mengeredep	kaukeredep
mengeredep	dikeredep
mengeredep	terkeredep
mengeredep	keredep
mengeredep	keredeplah
mengereh	kuereh
mengereh	kauereh
mengereh	diereh
mengereh	terereh
mengereh	ereh
mengereh	erehlah
mengerek	kukerek
mengerek	kaukerek
mengerek	dikerek
mengerek	terkerek
mengerek	kerek
mengerek	kereklah
mengerem	kurem
mengerem	kaurem
mengerem	direm
mengerem	terem
mengerem	rem
mengerem	remlah
mengeremus	kukeremus
mengeremus	kaukeremus
mengeremus	dikeremus
mengeremus	terkeremus
mengeremus	keremus
mengeremus	keremuslah
mengereng	kuereng
mengereng	kauereng
mengereng	diereng
mengereng	terereng
mengereng	ereng
mengereng	erenglah
mengerenyot	kukerenyot
mengerenyot	kaukerenyot
mengerenyot	dikerenyot
mengerenyot	terkerenyot
mengerenyot	kerenyot
mengerenyot	kerenyotlah
mengerepas	kukerepas
mengerepas	kaukerepas
mengerepas	dikerepas
mengerepas	terkerepas
mengerepas	kerepas
mengerepas	kerepaslah
mengerepes	kukerepes
mengerepes	kaukerepes
mengerepes	dikerepes
mengerepes	terkerepes
mengerepes	kerepes
mengerepes	kerepeslah
mengeret	kueret
mengeret	kaueret
mengeret	dieret
mengeret	tereret
mengeret	eret
mengeret	eretlah
mengeri	kukeri
mengeri	kaukeri
mengeri	dikeri
mengeri	terkeri
mengeri	keri
mengeri	kerilah
mengeriap	kukeriap
mengeriap	kaukeriap
mengeriap	dikeriap
mengeriap	terkeriap
mengeriap	keriap
mengeriap	keriaplah
mengericau	kukericau
mengericau	kaukericau
mengericau	dikericau
mengericau	terkericau
mengericau	kericau
mengericau	kericaulah
mengerih	kukerih
mengerih	kaukerih
mengerih	dikerih
mengerih	terkerih
mengerih	kerih
mengerih	kerihlah
mengerik	kuerik
mengerik	kauerik
mengerik	dierik
mengerik	tererik
mengerik	erik
mengerik	eriklah
mengerikil	kukerikil
mengerikil	kaukerikil
mengerikil	dikerikil
mengerikil	terkerikil
mengerikil	kerikil
mengerikil	kerikillah
mengerikili	dikerikili
mengerikili	kukerikili
mengerikili	kaukerikili
mengerikili	kerikili
mengerikili	kerikililah
mengerikiti	dikerikiti
mengerikiti	kukerikiti
mengerikiti	kaukerikiti
mengerikiti	kerikiti
mengerikiti	kerikitilah
mengering	kukering
mengering	kaukering
mengering	dikering
mengering	terkering
mengering	kering
mengering	keringlah
mengeringi	dikeringi
mengeringi	kukeringi
mengeringi	kaukeringi
mengeringi	keringi
mengeringi	keringilah
mengeris	kukeris
mengeris	kaukeris
mengeris	dikeris
mengeris	terkeris
mengeris	keris
mengeris	kerislah
mengerisik	kukerisik
mengerisik	kaukerisik
mengerisik	dikerisik
mengerisik	terkerisik
mengerisik	kerisik
mengerisik	kerisiklah
mengerising	kukerising
mengerising	kaukerising
mengerising	dikerising
mengerising	terkerising
mengerising	kerising
mengerising	kerisinglah
mengerit	kukerit
mengerit	kaukerit
mengerit	dikerit
mengerit	terkerit
mengerit	kerit
mengerit	keritlah
mengeriting	kukeriting
mengeriting	kaukeriting
mengeriting	dikeriting
mengeriting	terkeriting
mengeriting	keriting
mengeriting	keritinglah
mengeritingi	dikeritingi
mengeritingi	kukeritingi
mengeritingi	kaukeritingi
mengeritingi	keritingi
mengeritingi	keritingilah
mengeritingkan	dikeritingkan
mengeritingkan	kukeritingkan
mengeritingkan	kaukeritingkan
mengeritingkan	keritingkan
mengeritingkan	keritingkanlah
mengeritkan	dikeritkan
mengeritkan	kukeritkan
mengeritkan	kaukeritkan
mengeritkan	keritkan
mengeritkan	keritkanlah
mengerjang	kukerjang
mengerjang	kaukerjang
mengerjang	dikerjang
mengerjang	terkerjang
mengerjang	kerjang
mengerjang	kerjanglah
mengerjap	kukerjap
mengerjap	kaukerjap
mengerjap	dikerjap
mengerjap	terkerjap
mengerjap	kerjap
mengerjap	kerjaplah
mengerjap-ngerjap	
mengerkah	kukerkah
mengerkah	kaukerkah
mengerkah	dikerkah
mengerkah	terkerkah
mengerkah	kerkah
mengerkah	kerkahlah
mengerkau	kukerkau
mengerkau	kaukerkau
mengerkau	dikerkau
mengerkau	terkerkau
mengerkau	kerkau
mengerkau	kerkaulah
mengerlap	kukerlap
mengerlap	kaukerlap
mengerlap	dikerlap
mengerlap	terkerlap
mengerlap	kerlap
mengerlap	kerlaplah
mengerling	kukerling
mengerling	kaukerling
mengerling	dikerling
mengerling	terkerling
mengerling	kerling
mengerling	kerlinglah
mengerling-ngerling	
mengerlip	kukerlip
mengerlip	kaukerlip
mengerlip	dikerlip
mengerlip	terkerlip
mengerlip	kerlip
mengerlip	kerliplah
mengernai	kukernai
mengernai	kaukernai
mengernai	dikernai
mengernai	terkernai
mengernai	kernai
mengernai	kernailah
mengerneti	dikerneti
mengerneti	kukerneti
mengerneti	kaukerneti
mengerneti	kerneti
mengerneti	kernetilah
mengernyih	kukernyih
mengernyih	kaukernyih
mengernyih	dikernyih
mengernyih	terkernyih
mengernyih	kernyih
mengernyih	kernyihlah
mengernying	kukernying
mengernying	kaukernying
mengernying	dikernying
mengernying	terkernying
mengernying	kernying
mengernying	kernyinglah
mengernyit	kukernyit
mengernyit	kaukernyit
mengernyit	dikernyit
mengernyit	terkernyit
mengernyit	kernyit
mengernyit	kernyitlah
mengernyitkan	dikernyitkan
mengernyitkan	kukernyitkan
mengernyitkan	kaukernyitkan
mengernyitkan	kernyitkan
mengernyitkan	kernyitkanlah
mengernyut	kukernyut
mengernyut	kaukernyut
mengernyut	dikernyut
mengernyut	terkernyut
mengernyut	kernyut
mengernyut	kernyutlah
mengerobek	kukerobek
mengerobek	kaukerobek
mengerobek	dikerobek
mengerobek	terkerobek
mengerobek	kerobek
mengerobek	kerobeklah
mengerok	kukerok
mengerok	kaukerok
mengerok	dikerok
mengerok	terkerok
mengerok	kerok
mengerok	keroklah
mengeroncongkan	dikeroncongkan
mengeroncongkan	kukeroncongkan
mengeroncongkan	kaukeroncongkan
mengeroncongkan	keroncongkan
mengeroncongkan	keroncongkanlah
mengeropeng	kukeropeng
mengeropeng	kaukeropeng
mengeropeng	dikeropeng
mengeropeng	terkeropeng
mengeropeng	keropeng
mengeropeng	keropenglah
mengerosi	kukerosi
mengerosi	kaukerosi
mengerosi	dikerosi
mengerosi	terkerosi
mengerosi	kerosi
mengerosi	kerosilah
mengerosong	kukerosong
mengerosong	kaukerosong
mengerosong	dikerosong
mengerosong	terkerosong
mengerosong	kerosong
mengerosong	kerosonglah
mengeroyok	kukeroyok
mengeroyok	kaukeroyok
mengeroyok	dikeroyok
mengeroyok	terkeroyok
mengeroyok	keroyok
mengeroyok	keroyoklah
mengerpus	kukerpus
mengerpus	kaukerpus
mengerpus	dikerpus
mengerpus	terkerpus
mengerpus	kerpus
mengerpus	kerpuslah
mengersik	kukersik
mengersik	kaukersik
mengersik	dikersik
mengersik	terkersik
mengersik	kersik
mengersik	kersiklah
mengertak-ngertakkan	
mengertangkan	dikertangkan
mengertangkan	kukertangkan
mengertangkan	kaukertangkan
mengertangkan	kertangkan
mengertangkan	kertangkanlah
mengertikan	diertikan
mengertikan	kuertikan
mengertikan	kauertikan
mengertikan	ertikan
mengertikan	ertikanlah
mengertilah	mengerti
mengerubungi	dikerubungi
mengerubungi	kukerubungi
mengerubungi	kaukerubungi
mengerubungi	kerubungi
mengerubungi	kerubungilah
mengerubuti	dikerubuti
mengerubuti	kukerubuti
mengerubuti	kaukerubuti
mengerubuti	kerubuti
mengerubuti	kerubutilah
mengerucut	kukerucut
mengerucut	kaukerucut
mengerucut	dikerucut
mengerucut	terkerucut
mengerucut	kerucut
mengerucut	kerucutlah
mengerudungi	dikerudungi
mengerudungi	kukerudungi
mengerudungi	kaukerudungi
mengerudungi	kerudungi
mengerudungi	kerudungilah
mengeruh	kukeruh
mengeruh	kaukeruh
mengeruh	dikeruh
mengeruh	terkeruh
mengeruh	keruh
mengeruh	keruhlah
mengeruk	kukeruk
mengeruk	kaukeruk
mengeruk	dikeruk
mengeruk	terkeruk
mengeruk	keruk
mengeruk	keruklah
mengerukkan	dikerukkan
mengerukkan	kukerukkan
mengerukkan	kaukerukkan
mengerukkan	kerukkan
mengerukkan	kerukkanlah
mengerukut	kukerukut
mengerukut	kaukerukut
mengerukut	dikerukut
mengerukut	terkerukut
mengerukut	kerukut
mengerukut	kerukutlah
mengerukutkan	dikerukutkan
mengerukutkan	kukerukutkan
mengerukutkan	kaukerukutkan
mengerukutkan	kerukutkan
mengerukutkan	kerukutkanlah
mengerul	kukerul
mengerul	kaukerul
mengerul	dikerul
mengerul	terkerul
mengerul	kerul
mengerul	kerullah
mengerumit	kukerumit
mengerumit	kaukerumit
mengerumit	dikerumit
mengerumit	terkerumit
mengerumit	kerumit
mengerumit	kerumitlah
mengerumuni	dikerumuni
mengerumuni	kukerumuni
mengerumuni	kaukerumuni
mengerumuni	kerumuni
mengerumuni	kerumunilah
mengerumus	kukerumus
mengerumus	kaukerumus
mengerumus	dikerumus
mengerumus	terkerumus
mengerumus	kerumus
mengerumus	kerumuslah
mengeruntungkan	dikeruntungkan
mengeruntungkan	kukeruntungkan
mengeruntungkan	kaukeruntungkan
mengeruntungkan	keruntungkan
mengeruntungkan	keruntungkanlah
mengerut	kukerut
mengerut	kaukerut
mengerut	dikerut
mengerut	terkerut
mengerut	kerut
mengerut	kerutlah
mengerutak	kukerutak
mengerutak	kaukerutak
mengerutak	dikerutak
mengerutak	terkerutak
mengerutak	kerutak
mengerutak	kerutaklah
mengesah	kukesah
mengesah	kaukesah
mengesah	dikesah
mengesah	terkesah
mengesah	kesah
mengesah	kesahlah
mengesahkan	disahkan
mengesahkan	kusahkan
mengesahkan	kausahkan
mengesahkan	sahkan
mengesahkan	sahkanlah
mengesak	kukesak
mengesak	kaukesak
mengesak	dikesak
mengesak	terkesak
mengesak	kesak
mengesak	kesaklah
mengesakan	diesakan
mengesakan	kuesakan
mengesakan	kauesakan
mengesakan	esakan
mengesakan	esakanlah
mengesakkan	dikesakkan
mengesakkan	kukesakkan
mengesakkan	kaukesakkan
mengesakkan	kesakkan
mengesakkan	kesakkanlah
mengesalkan	dikesalkan
mengesalkan	kukesalkan
mengesalkan	kaukesalkan
mengesalkan	kesalkan
mengesalkan	kesalkanlah
mengesampingkan	dikesampingkan
mengesampingkan	kukesampingkan
mengesampingkan	kaukesampingkan
mengesampingkan	kesampingkan
mengesampingkan	kesampingkanlah
mengesan	kukesan
mengesan	kaukesan
mengesan	dikesan
mengesan	terkesan
mengesan	kesan
mengesan	kesanlah
mengesang	kukesang
mengesang	kaukesang
mengesang	dikesang
mengesang	terkesang
mengesang	kesang
mengesang	kesanglah
mengesat	kukesat
mengesat	kaukesat
mengesat	dikesat
mengesat	terkesat
mengesat	kesat
mengesat	kesatlah
mengesek	kukesek
mengesek	kaukesek
mengesek	dikesek
mengesek	terkesek
mengesek	kesek
mengesek	keseklah
mengesel	kukesel
mengesel	kaukesel
mengesel	dikesel
mengesel	terkesel
mengesel	kesel
mengesel	kesellah
mengeset	kukeset
mengeset	kaukeset
mengeset	dikeset
mengeset	terkeset
mengeset	keset
mengeset	kesetlah
mengesip	kukesip
mengesip	kaukesip
mengesip	dikesip
mengesip	terkesip
mengesip	kesip
mengesip	kesiplah
mengesir	kusir
mengesir	kausir
mengesir	disir
mengesir	tersir
mengesir	sir
mengesir	sirlah
mengesisikan	dikesisikan
mengesisikan	kukesisikan
mengesisikan	kaukesisikan
mengesisikan	kesisikan
mengesisikan	kesisikanlah
mengesol	kusol
mengesol	kausol
mengesol	disol
mengesol	tersol
mengesol	sol
mengesol	sollah
mengesom	kusom
mengesom	kausom
mengesom	disom
mengesom	tersom
mengesom	som
mengesom	somlah
mengesot	kukesot
mengesot	kaukesot
mengesot	dikesot
mengesot	terkesot
mengesot	kesot
mengesot	kesotlah
mengesot-esot	
mengesumba	kukesumba
mengesumba	kaukesumba
mengesumba	dikesumba
mengesumba	terkesumba
mengesumba	kesumba
mengesumba	kesumbalah
mengesun	kusun
mengesun	kausun
mengesun	disun
mengesun	tersun
mengesun	sun
mengesun	sunlah
mengesup	kukesup
mengesup	kaukesup
mengesup	dikesup
mengesup	terkesup
mengesup	kesup
mengesup	kesuplah
mengetahui	diketahui
mengetahui	kuketahui
mengetahui	kauketahui
mengetahui	ketahui
mengetahui	ketahuilah
mengetam	kuketam
mengetam	kauketam
mengetam	diketam
mengetam	terketam
mengetam	ketam
mengetam	ketamlah
mengetanahkan	diketanahkan
mengetanahkan	kauketanahkan
mengetanahkan	ketanahkan
mengetanahkan	ketanahkanlah
mengetap	kuketap
mengetap	kauketap
mengetap	diketap
mengetap	terketap
mengetap	ketap
mengetap	ketaplah
mengetatkan	diketatkan
mengetatkan	kuketatkan
mengetatkan	kauketatkan
mengetatkan	ketatkan
mengetatkan	ketatkanlah
mengeteki	diketeki
mengeteki	kuketeki
mengeteki	kauketeki
mengeteki	keteki
mengeteki	ketekilah
mengetem	kutem
mengetem	kautem
mengetem	ditem
mengetem	tertem
mengetem	tem
mengetem	temlah
mengetemukan	ketemukan
mengetemukan	ketemukanlah
mengeteng	kuketeng
mengeteng	kauketeng
mengeteng	diketeng
mengeteng	terketeng
mengeteng	keteng
mengeteng	ketenglah
mengetengahi	
mengetengahkan	diketengahkan
mengetengahkan	kuketengahkan
mengetengahkan	kauketengahkan
mengetengahkan	ketengahkan
mengetengahkan	ketengahkanlah
mengetengi	diketengi
mengetengi	kuketengi
mengetengi	kauketengi
mengetengi	ketengi
mengetengi	ketengilah
mengetengkan	diketengkan
mengetengkan	kuketengkan
mengetengkan	kauketengkan
mengetengkan	ketengkan
mengetengkan	ketengkanlah
mengetepikan	diketepikan
mengetepikan	kuketepikan
mengetepikan	kauketepikan
mengetepikan	ketepikan
mengetepikan	ketepikanlah
mengetes	kutes
mengetes	kautes
mengetes	dites
mengetes	tertes
mengetes	tes
mengetes	teslah
mengetesi	diketesi
mengetesi	kuketesi
mengetesi	kauketesi
mengetesi	ketesi
mengetesi	ketesilah
mengetik	kutik
mengetik	kautik
mengetik	ditik
mengetik	tertik
mengetik	tik
mengetik	tiklah
mengetil	kuketil
mengetil	kauketil
mengetil	diketil
mengetil	terketil
mengetil	ketil
mengetil	ketillah
mengetim	kutim
mengetim	kautim
mengetim	ditim
mengetim	tertim
mengetim	tim
mengetim	timlah
mengeting	kuketing
mengeting	kauketing
mengeting	diketing
mengeting	terketing
mengeting	keting
mengeting	ketinglah
mengetip	kuketip
mengetip	kauketip
mengetip	diketip
mengetip	terketip
mengetip	ketip
mengetip	ketiplah
mengetis	kuketis
mengetis	kauketis
mengetis	diketis
mengetis	terketis
mengetis	ketis
mengetis	ketislah
mengetok	kuketok
mengetok	kauketok
mengetok	diketok
mengetok	terketok
mengetok	ketok
mengetok	ketoklah
mengetop	kutop
mengetop	kautop
mengetop	ditop
mengetop	tertop
mengetop	top
mengetop	toplah
mengetos	kutos
mengetos	kautos
mengetos	ditos
mengetos	tertos
mengetos	tos
mengetos	toslah
mengetrek	kuketrek
mengetrek	kauketrek
mengetrek	diketrek
mengetrek	terketrek
mengetrek	ketrek
mengetrek	ketreklah
mengetsa	kuetsa
mengetsa	kauetsa
mengetsa	dietsa
mengetsa	teretsa
mengetsa	etsa
mengetsa	etsalah
mengetuai	diketuai
mengetuai	kuketuai
mengetuai	kauketuai
mengetuai	ketuai
mengetuai	ketuailah
mengetuk	kuketuk
mengetuk	kauketuk
mengetuk	diketuk
mengetuk	terketuk
mengetuk	ketuk
mengetuk	ketuklah
mengetulkan	diketulkan
mengetulkan	kuketulkan
mengetulkan	kauketulkan
mengetulkan	ketulkan
mengetulkan	ketulkanlah
mengetum	kutum
mengetum	kautum
mengetum	ditum
mengetum	tertum
mengetum	tum
mengetum	tumlah
mengevakuasi	kuevakuasi
mengevakuasi	kauevakuasi
mengevakuasi	dievakuasi
mengevakuasi	terevakuasi
mengevakuasi	evakuasi
mengevakuasi	evakuasilah
mengevaluasi	kuevaluasi
mengevaluasi	kauevaluasi
mengevaluasi	dievaluasi
mengevaluasi	terevaluasi
mengevaluasi	evaluasi
mengevaluasi	evaluasilah
mengewuhkan	dikewuhkan
mengewuhkan	kukewuhkan
mengewuhkan	kaukewuhkan
mengewuhkan	kewuhkan
mengewuhkan	kewuhkanlah
mengeyel	kueyel
mengeyel	kaueyel
mengeyel	dieyel
mengeyel	tereyel
mengeyel	eyel
mengeyel	eyellah
menggabai	kugabai
menggabai	kaugabai
menggabai	digabai
menggabai	tergabai
menggabai	gabai
menggabai	gabailah
menggabak	kugabak
menggabak	kaugabak
menggabak	digabak
menggabak	tergabak
menggabak	gabak
menggabak	gabaklah
menggabas	kugabas
menggabas	kaugabas
menggabas	digabas
menggabas	tergabas
menggabas	gabas
menggabas	gabaslah
menggabrukkan	digabrukkan
menggabrukkan	kugabrukkan
menggabrukkan	kaugabrukkan
menggabrukkan	gabrukkan
menggabrukkan	gabrukkanlah
menggabung	kugabung
menggabung	kaugabung
menggabung	digabung
menggabung	tergabung
menggabung	gabung
menggabung	gabunglah
menggabus	kugabus
menggabus	kaugabus
menggabus	digabus
menggabus	tergabus
menggabus	gabus
menggabus	gabuslah
menggacok	kugacok
menggacok	kaugacok
menggacok	digacok
menggacok	tergacok
menggacok	gacok
menggacok	gacoklah
menggada	kugada
menggada	kaugada
menggada	digada
menggada	tergada
menggada	gada
menggada	gadalah
menggadai	kugadai
menggadai	kaugadai
menggadai	digadai
menggadai	tergadai
menggadai	gadai
menggadai	gadailah
menggadang	kugadang
menggadang	kaugadang
menggadang	digadang
menggadang	tergadang
menggadang	gadang
menggadang	gadanglah
menggading	kugading
menggading	kaugading
menggading	digading
menggading	tergading
menggading	gading
menggading	gadinglah
menggadis	kugadis
menggadis	kaugadis
menggadis	digadis
menggadis	tergadis
menggadis	gadis
menggadis	gadislah
menggado	kugado
menggado	kaugado
menggado	digado
menggado	tergado
menggado	gado
menggado	gadolah
menggaduh	kugaduh
menggaduh	kaugaduh
menggaduh	digaduh
menggaduh	tergaduh
menggaduh	gaduh
menggaduh	gaduhlah
menggaduk	kugaduk
menggaduk	kaugaduk
menggaduk	digaduk
menggaduk	tergaduk
menggaduk	gaduk
menggaduk	gaduklah
menggaduki	digaduki
menggaduki	kugaduki
menggaduki	kaugaduki
menggaduki	gaduki
menggaduki	gadukilah
menggaet	kugaet
menggaet	kaugaet
menggaet	digaet
menggaet	tergaet
menggaet	gaet
menggaet	gaetlah
menggagah	kugagah
menggagah	kaugagah
menggagah	digagah
menggagah	tergagah
menggagah	gagah
menggagah	gagahlah
menggagahi	digagahi
menggagahi	kugagahi
menggagahi	kaugagahi
menggagahi	gagahi
menggagahi	gagahilah
menggagahkan	digagahkan
menggagahkan	kugagahkan
menggagahkan	kaugagahkan
menggagahkan	gagahkan
menggagahkan	gagahkanlah
menggagai	kugagai
menggagai	kaugagai
menggagai	digagai
menggagai	tergagai
menggagai	gagai
menggagai	gagailah
menggagalkan	digagalkan
menggagalkan	kugagalkan
menggagalkan	kaugagalkan
menggagalkan	gagalkan
menggagalkan	gagalkanlah
menggagap	kugagap
menggagap	kaugagap
menggagap	digagap
menggagap	tergagap
menggagap	gagap
menggagap	gagaplah
menggagas	kugagas
menggagas	kaugagas
menggagas	digagas
menggagas	tergagas
menggagas	gagas
menggagas	gagaslah
menggagau	kugagau
menggagau	kaugagau
menggagau	digagau
menggagau	tergagau
menggagau	gagau
menggagau	gagaulah
menggaham	kugaham
menggaham	kaugaham
menggaham	digaham
menggaham	tergaham
menggaham	gaham
menggaham	gahamlah
menggahar	kugahar
menggahar	kaugahar
menggahar	digahar
menggahar	tergahar
menggahar	gahar
menggahar	gaharlah
menggaib	kugaib
menggaib	kaugaib
menggaib	digaib
menggaib	tergaib
menggaib	gaib
menggaib	gaiblah
menggait	kugait
menggait	kaugait
menggait	digait
menggait	tergait
menggait	gait
menggait	gaitlah
menggajah	kugajah
menggajah	kaugajah
menggajah	digajah
menggajah	tergajah
menggajah	gajah
menggajah	gajahlah
menggaji	kugaji
menggaji	kaugaji
menggaji	digaji
menggaji	tergaji
menggaji	gaji
menggaji	gajilah
menggalak	kugalak
menggalak	kaugalak
menggalak	digalak
menggalak	tergalak
menggalak	galak
menggalak	galaklah
menggalakkan	digalakkan
menggalakkan	kugalakkan
menggalakkan	kaugalakkan
menggalakkan	galakkan
menggalakkan	galakkanlah
menggalang	kugalang
menggalang	kaugalang
menggalang	digalang
menggalang	tergalang
menggalang	galang
menggalang	galanglah
menggalangi	digalangi
menggalangi	kugalangi
menggalangi	kaugalangi
menggalangi	galangi
menggalangi	galangilah
menggalas	kugalas
menggalas	kaugalas
menggalas	digalas
menggalas	tergalas
menggalas	galas
menggalas	galaslah
menggali	kugali
menggali	kaugali
menggali	digali
menggali	tergali
menggali	gali
menggali	galilah
menggali-gali	
menggalibkan	digalibkan
menggalibkan	kugalibkan
menggalibkan	kaugalibkan
menggalibkan	galibkan
menggalibkan	galibkanlah
menggalur-galur	
menggalurkan	digalurkan
menggalurkan	kugalurkan
menggalurkan	kaugalurkan
menggalurkan	galurkan
menggalurkan	galurkanlah
menggamak-gamak	
menggamat	kugamat
menggamat	kaugamat
menggamat	digamat
menggamat	tergamat
menggamat	gamat
menggamat	gamatlah
menggambar	kugambar
menggambar	kaugambar
menggambar	digambar
menggambar	tergambar
menggambar	gambar
menggambar	gambarlah
menggambari	digambari
menggambari	kugambari
menggambari	kaugambari
menggambari	gambari
menggambari	gambarilah
menggamik	kugamik
menggamik	kaugamik
menggamik	digamik
menggamik	tergamik
menggamik	gamik
menggamik	gamiklah
menggamit	kugamit
menggamit	kaugamit
menggamit	digamit
menggamit	tergamit
menggamit	gamit
menggamit	gamitlah
menggamit-gamitkan	
menggampangkan	digampangkan
menggampangkan	kugampangkan
menggampangkan	kaugampangkan
menggampangkan	gampangkan
menggampangkan	gampangkanlah
menggampar	kugampar
menggampar	kaugampar
menggampar	digampar
menggampar	tergampar
menggampar	gampar
menggampar	gamparlah
mengganas	kuganas
mengganas	kauganas
mengganas	diganas
mengganas	terganas
mengganas	ganas
mengganas	ganaslah
menggancu	kugancu
menggancu	kaugancu
menggancu	digancu
menggancu	tergancu
menggancu	gancu
menggancu	ganculah
mengganda	kuganda
mengganda	kauganda
mengganda	diganda
mengganda	terganda
mengganda	ganda
mengganda	gandalah
menggandar	kugandar
menggandar	kaugandar
menggandar	digandar
menggandar	tergandar
menggandar	gandar
menggandar	gandarlah
menggandeng	kugandeng
menggandeng	kaugandeng
menggandeng	digandeng
menggandeng	tergandeng
menggandeng	gandeng
menggandeng	gandenglah
menggandrungi	digandrungi
menggandrungi	kugandrungi
menggandrungi	kaugandrungi
menggandrungi	gandrungi
menggandrungi	gandrungilah
menggandrungkan	digandrungkan
menggandrungkan	kugandrungkan
menggandrungkan	kaugandrungkan
menggandrungkan	gandrungkan
menggandrungkan	gandrungkanlah
menggandul	kugandul
menggandul	kaugandul
menggandul	digandul
menggandul	tergandul
menggandul	gandul
menggandul	gandullah
mengganduli	diganduli
mengganduli	kuganduli
mengganduli	kauganduli
mengganduli	ganduli
mengganduli	gandulilah
menggandung	kugandung
menggandung	kaugandung
menggandung	digandung
menggandung	tergandung
menggandung	gandung
menggandung	gandunglah
mengganggang	kuganggang
mengganggang	kauganggang
mengganggang	diganggang
mengganggang	terganggang
mengganggang	ganggang
mengganggang	gangganglah
mengganggu	kuganggu
mengganggu	kauganggu
mengganggu	diganggu
mengganggu	terganggu
mengganggu	ganggu
mengganggu	ganggulah
mengganggut	kuganggut
mengganggut	kauganggut
mengganggut	diganggut
mengganggut	terganggut
mengganggut	ganggut
mengganggut	ganggutlah
menggangsi	kugangsi
menggangsi	kaugangsi
menggangsi	digangsi
menggangsi	tergangsi
menggangsi	gangsi
menggangsi	gangsilah
menggangsir	kugangsir
menggangsir	kaugangsir
menggangsir	digangsir
menggangsir	tergangsir
menggangsir	gangsir
menggangsir	gangsirlah
mengganjak	kuganjak
mengganjak	kauganjak
mengganjak	diganjak
mengganjak	terganjak
mengganjak	ganjak
mengganjak	ganjaklah
mengganjal	kuganjal
mengganjal	kauganjal
mengganjal	diganjal
mengganjal	terganjal
mengganjal	ganjal
mengganjal	ganjallah
mengganjali	diganjali
mengganjali	kuganjali
mengganjali	kauganjali
mengganjali	ganjali
mengganjali	ganjalilah
mengganjar	kuganjar
mengganjar	kauganjar
mengganjar	diganjar
mengganjar	terganjar
mengganjar	ganjar
mengganjar	ganjarlah
mengganjari	diganjari
mengganjari	kuganjari
mengganjari	kauganjari
mengganjari	ganjari
mengganjari	ganjarilah
mengganjarkan	diganjarkan
mengganjarkan	kuganjarkan
mengganjarkan	kauganjarkan
mengganjarkan	ganjarkan
mengganjarkan	ganjarkanlah
mengganjil	kuganjil
mengganjil	kauganjil
mengganjil	diganjil
mengganjil	terganjil
mengganjil	ganjil
mengganjil	ganjillah
mengganjilkan	diganjilkan
mengganjilkan	kuganjilkan
mengganjilkan	kauganjilkan
mengganjilkan	ganjilkan
mengganjilkan	ganjilkanlah
mengganjur	kuganjur
mengganjur	kauganjur
mengganjur	diganjur
mengganjur	terganjur
mengganjur	ganjur
mengganjur	ganjurlah
mengganjuri	diganjuri
mengganjuri	kuganjuri
mengganjuri	kauganjuri
mengganjuri	ganjuri
mengganjuri	ganjurilah
menggantang	kugantang
menggantang	kaugantang
menggantang	digantang
menggantang	tergantang
menggantang	gantang
menggantang	gantanglah
menggantelkan	digantelkan
menggantelkan	kugantelkan
menggantelkan	kaugantelkan
menggantelkan	gantelkan
menggantelkan	gantelkanlah
mengganti	kuganti
mengganti	kauganti
mengganti	diganti
mengganti	terganti
mengganti	ganti
mengganti	gantilah
menggantih	kugantih
menggantih	kaugantih
menggantih	digantih
menggantih	tergantih
menggantih	gantih
menggantih	gantihlah
menggantol	kugantol
menggantol	kaugantol
menggantol	digantol
menggantol	tergantol
menggantol	gantol
menggantol	gantollah
menggantung	kugantung
menggantung	kaugantung
menggantung	digantung
menggantung	tergantung
menggantung	gantung
menggantung	gantunglah
menggantungi	digantungi
menggantungi	kugantungi
menggantungi	kaugantungi
menggantungi	gantungi
menggantungi	gantungilah
mengganyah	kuganyah
mengganyah	kauganyah
mengganyah	diganyah
mengganyah	terganyah
mengganyah	ganyah
mengganyah	ganyahlah
mengganyang	kuganyang
mengganyang	kauganyang
mengganyang	diganyang
mengganyang	terganyang
mengganyang	ganyang
mengganyang	ganyanglah
menggaok	kugaok
menggaok	kaugaok
menggaok	digaok
menggaok	tergaok
menggaok	gaok
menggaok	gaoklah
menggapai	kugapai
menggapai	kaugapai
menggapai	digapai
menggapai	tergapai
menggapai	gapai
menggapai	gapailah
menggapai-gapai	
menggapai-gapaikan	
menggapil	kugapil
menggapil	kaugapil
menggapil	digapil
menggapil	tergapil
menggapil	gapil
menggapil	gapillah
menggapit	kugapit
menggapit	kaugapit
menggapit	digapit
menggapit	tergapit
menggapit	gapit
menggapit	gapitlah
menggaplok	kugaplok
menggaplok	kaugaplok
menggaplok	digaplok
menggaplok	tergaplok
menggaplok	gaplok
menggaplok	gaploklah
menggaploki	digaploki
menggaploki	kugaploki
menggaploki	kaugaploki
menggaploki	gaploki
menggaploki	gaplokilah
menggarah	kugarah
menggarah	kaugarah
menggarah	digarah
menggarah	tergarah
menggarah	garah
menggarah	garahlah
menggaram	kugaram
menggaram	kaugaram
menggaram	digaram
menggaram	tergaram
menggaram	garam
menggaram	garamlah
menggarami	digarami
menggarami	kugarami
menggarami	kaugarami
menggarami	garami
menggarami	garamilah
menggarang	kugarang
menggarang	kaugarang
menggarang	digarang
menggarang	tergarang
menggarang	garang
menggarang	garanglah
menggarangkan	digarangkan
menggarangkan	kugarangkan
menggarangkan	garangkan
menggarangkan	garangkanlah
menggarap	kugarap
menggarap	kaugarap
menggarap	digarap
menggarap	tergarap
menggarap	garap
menggarap	garaplah
menggari	kugari
menggari	kaugari
menggari	digari
menggari	tergari
menggari	gari
menggari	garilah
menggaris	kugaris
menggaris	kaugaris
menggaris	digaris
menggaris	tergaris
menggaris	garis
menggaris	garislah
menggarisi	digarisi
menggarisi	kugarisi
menggarisi	kaugarisi
menggarisi	garisi
menggarisi	garisilah
menggarit	kugarit
menggarit	kaugarit
menggarit	digarit
menggarit	tergarit
menggarit	garit
menggarit	garitlah
menggaritkan	digaritkan
menggaritkan	kugaritkan
menggaritkan	kaugaritkan
menggaritkan	garitkan
menggaritkan	garitkanlah
menggarong	kugarong
menggarong	kaugarong
menggarong	digarong
menggarong	tergarong
menggarong	garong
menggarong	garonglah
menggaru	kugaru
menggaru	kaugaru
menggaru	digaru
menggaru	tergaru
menggaru	garu
menggaru	garulah
menggaruk	kugaruk
menggaruk	kaugaruk
menggaruk	digaruk
menggaruk	tergaruk
menggaruk	garuk
menggaruk	garuklah
menggaruk-garuk	
menggarukkan	digarukkan
menggarukkan	kugarukkan
menggarukkan	kaugarukkan
menggarukkan	garukkan
menggarukkan	garukkanlah
menggarung	kugarung
menggarung	kaugarung
menggarung	digarung
menggarung	tergarung
menggarung	garung
menggarung	garunglah
menggarut	kugarut
menggarut	kaugarut
menggarut	digarut
menggarut	tergarut
menggarut	garut
menggarut	garutlah
menggasab	kugasab
menggasab	kaugasab
menggasab	digasab
menggasab	tergasab
menggasab	gasab
menggasab	gasablah
menggasak	kugasak
menggasak	kaugasak
menggasak	digasak
menggasak	tergasak
menggasak	gasak
menggasak	gasaklah
menggasakkan	digasakkan
menggasakkan	kugasakkan
menggasakkan	kaugasakkan
menggasakkan	gasakkan
menggasakkan	gasakkanlah
menggatalkan	digatalkan
menggatalkan	kugatalkan
menggatalkan	kaugatalkan
menggatalkan	gatalkan
menggatalkan	gatalkanlah
menggatra	kugatra
menggatra	kaugatra
menggatra	digatra
menggatra	tergatra
menggatra	gatra
menggatra	gatralah
menggaul	kugaul
menggaul	kaugaul
menggaul	digaul
menggaul	tergaul
menggaul	gaul
menggaul	gaullah
menggauli	digauli
menggauli	kugauli
menggauli	kaugauli
menggauli	gauli
menggauli	gaulilah
menggaung	kugaung
menggaung	kaugaung
menggaung	digaung
menggaung	tergaung
menggaung	gaung
menggaung	gaunglah
menggawat	kugawat
menggawat	kaugawat
menggawat	digawat
menggawat	tergawat
menggawat	gawat
menggawat	gawatlah
menggaya	kugaya
menggaya	kaugaya
menggaya	digaya
menggaya	tergaya
menggaya	gaya
menggaya	gayalah
menggayuh	kugayuh
menggayuh	kaugayuh
menggayuh	digayuh
menggayuh	tergayuh
menggayuh	gayuh
menggayuh	gayuhlah
menggayuk	kugayuk
menggayuk	kaugayuk
menggayuk	digayuk
menggayuk	tergayuk
menggayuk	gayuk
menggayuk	gayuklah
menggayun	kugayun
menggayun	kaugayun
menggayun	digayun
menggayun	tergayun
menggayun	gayun
menggayun	gayunlah
menggayung	kugayung
menggayung	kaugayung
menggayung	digayung
menggayung	tergayung
menggayung	gayung
menggayung	gayunglah
menggayuti	digayuti
menggayuti	kugayuti
menggayuti	kaugayuti
menggayuti	gayuti
menggayuti	gayutilah
menggebah	kugebah
menggebah	kaugebah
menggebah	digebah
menggebah	tergebah
menggebah	gebah
menggebah	gebahlah
menggeblak	kugeblak
menggeblak	kaugeblak
menggeblak	digeblak
menggeblak	tergeblak
menggeblak	geblak
menggeblak	geblaklah
menggebok	kugebok
menggebok	kaugebok
menggebok	digebok
menggebok	tergebok
menggebok	gebok
menggebok	geboklah
menggebos	kugebos
menggebos	kaugebos
menggebos	digebos
menggebos	tergebos
menggebos	gebos
menggebos	geboslah
menggebot	kugebot
menggebot	kaugebot
menggebot	digebot
menggebot	tergebot
menggebot	gebot
menggebot	gebotlah
menggebrak	kugebrak
menggebrak	kaugebrak
menggebrak	digebrak
menggebrak	tergebrak
menggebrak	gebrak
menggebrak	gebraklah
menggebu	kugebu
menggebu	kaugebu
menggebu	digebu
menggebu	tergebu
menggebu	gebu
menggebu	gebulah
menggebu-gebu	
menggebuk	kugebuk
menggebuk	kaugebuk
menggebuk	digebuk
menggebuk	tergebuk
menggebuk	gebuk
menggebuk	gebuklah
menggebuki	digebuki
menggebuki	kugebuki
menggebuki	kaugebuki
menggebuki	gebuki
menggebuki	gebukilah
menggebyur	kugebyur
menggebyur	kaugebyur
menggebyur	digebyur
menggebyur	tergebyur
menggebyur	gebyur
menggebyur	gebyurlah
menggecarkan	digecarkan
menggecarkan	kugecarkan
menggecarkan	kaugecarkan
menggecarkan	gecarkan
menggecarkan	gecarkanlah
menggecek	kugecek
menggecek	kaugecek
menggecek	digecek
menggecek	tergecek
menggecek	gecek
menggecek	geceklah
menggedor	kugedor
menggedor	kaugedor
menggedor	digedor
menggedor	tergedor
menggedor	gedor
menggedor	gedorlah
menggegar	kugegar
menggegar	kaugegar
menggegar	digegar
menggegar	tergegar
menggegar	gegar
menggegar	gegarlah
menggegas	kugegas
menggegas	kaugegas
menggegas	digegas
menggegas	tergegas
menggegas	gegas
menggegas	gegaslah
menggeger	kugeger
menggeger	kaugeger
menggeger	digeger
menggeger	tergeger
menggeger	geger
menggeger	gegerlah
menggegerkan	digegerkan
menggegerkan	kugegerkan
menggegerkan	kaugegerkan
menggegerkan	gegerkan
menggegerkan	gegerkanlah
menggejala	kugejala
menggejala	kaugejala
menggejala	digejala
menggejala	tergejala
menggejala	gejala
menggejala	gejalalah
menggejolak	kugejolak
menggejolak	kaugejolak
menggejolak	digejolak
menggejolak	tergejolak
menggejolak	gejolak
menggejolak	gejolaklah
menggejos	kugejos
menggejos	kaugejos
menggejos	digejos
menggejos	tergejos
menggejos	gejos
menggejos	gejoslah
menggejoskan	digejoskan
menggejoskan	kugejoskan
menggejoskan	kaugejoskan
menggejoskan	gejoskan
menggejoskan	gejoskanlah
menggejuju	kugejuju
menggejuju	kaugejuju
menggejuju	digejuju
menggejuju	tergejuju
menggejuju	gejuju
menggejuju	gejujulah
menggelabur	kugelabur
menggelabur	kaugelabur
menggelabur	digelabur
menggelabur	tergelabur
menggelabur	gelabur
menggelabur	gelaburlah
menggeladrah	kugeladrah
menggeladrah	kaugeladrah
menggeladrah	digeladrah
menggeladrah	tergeladrah
menggeladrah	geladrah
menggeladrah	geladrahlah
menggelakkan	digelakkan
menggelakkan	kugelakkan
menggelakkan	kaugelakkan
menggelakkan	gelakkan
menggelakkan	gelakkanlah
menggelalar	kugelalar
menggelalar	kaugelalar
menggelalar	digelalar
menggelalar	tergelalar
menggelalar	gelalar
menggelalar	gelalarlah
menggelamai	kugelamai
menggelamai	kaugelamai
menggelamai	digelamai
menggelamai	tergelamai
menggelamai	gelamai
menggelamai	gelamailah
menggelandang	kugelandang
menggelandang	kaugelandang
menggelandang	digelandang
menggelandang	tergelandang
menggelandang	gelandang
menggelandang	gelandanglah
menggelandoti	digelandoti
menggelandoti	kugelandoti
menggelandoti	kaugelandoti
menggelandoti	gelandoti
menggelandoti	gelandotilah
menggelanggang	kugelanggang
menggelanggang	kaugelanggang
menggelanggang	digelanggang
menggelanggang	tergelanggang
menggelanggang	gelanggang
menggelanggang	gelangganglah
menggelangsar	kugelangsar
menggelangsar	kaugelangsar
menggelangsar	digelangsar
menggelangsar	tergelangsar
menggelangsar	gelangsar
menggelangsar	gelangsarlah
menggelantang	kugelantang
menggelantang	kaugelantang
menggelantang	digelantang
menggelantang	tergelantang
menggelantang	gelantang
menggelantang	gelantanglah
menggelanting	kugelanting
menggelanting	kaugelanting
menggelanting	digelanting
menggelanting	tergelanting
menggelanting	gelanting
menggelanting	gelantinglah
menggelantung	kugelantung
menggelantung	kaugelantung
menggelantung	digelantung
menggelantung	tergelantung
menggelantung	gelantung
menggelantung	gelantunglah
menggelap	kugelap
menggelap	kaugelap
menggelap	digelap
menggelap	tergelap
menggelap	gelap
menggelap	gelaplah
menggelapkan	digelapkan
menggelapkan	kugelapkan
menggelapkan	kaugelapkan
menggelapkan	gelapkan
menggelapkan	gelapkanlah
menggelar	kugelar
menggelar	kaugelar
menggelar	digelar
menggelar	tergelar
menggelar	gelar
menggelar	gelarlah
menggelari	digelari
menggelari	kugelari
menggelari	kaugelari
menggelari	gelari
menggelari	gelarilah
menggelas	kugelas
menggelas	kaugelas
menggelas	digelas
menggelas	tergelas
menggelas	gelas
menggelas	gelaslah
menggelasir	kugelasir
menggelasir	kaugelasir
menggelasir	digelasir
menggelasir	tergelasir
menggelasir	gelasir
menggelasir	gelasirlah
menggelatuk	kugelatuk
menggelatuk	kaugelatuk
menggelatuk	digelatuk
menggelatuk	tergelatuk
menggelatuk	gelatuk
menggelatuk	gelatuklah
menggeleber	kugeleber
menggeleber	kaugeleber
menggeleber	digeleber
menggeleber	tergeleber
menggeleber	geleber
menggeleber	geleberlah
menggelecik	kugelecik
menggelecik	kaugelecik
menggelecik	digelecik
menggelecik	tergelecik
menggelecik	gelecik
menggelecik	geleciklah
menggeledah	kugeledah
menggeledah	kaugeledah
menggeledah	digeledah
menggeledah	tergeledah
menggeledah	geledah
menggeledah	geledahlah
menggeledahi	digeledahi
menggeledahi	kugeledahi
menggeledahi	kaugeledahi
menggeledahi	geledahi
menggeledahi	geledahilah
menggeledang	kugeledang
menggeledang	kaugeledang
menggeledang	digeledang
menggeledang	tergeledang
menggeledang	geledang
menggeledang	geledanglah
menggeledek	kugeledek
menggeledek	kaugeledek
menggeledek	digeledek
menggeledek	tergeledek
menggeledek	geledek
menggeledek	geledeklah
menggeleding	kugeleding
menggeleding	kaugeleding
menggeleding	digeleding
menggeleding	tergeleding
menggeleding	geleding
menggeleding	geledinglah
menggeledur	kugeledur
menggeledur	kaugeledur
menggeledur	digeledur
menggeledur	tergeledur
menggeledur	geledur
menggeledur	geledurlah
menggelegak	kugelegak
menggelegak	kaugelegak
menggelegak	digelegak
menggelegak	tergelegak
menggelegak	gelegak
menggelegak	gelegaklah
menggelegar	kugelegar
menggelegar	kaugelegar
menggelegar	digelegar
menggelegar	tergelegar
menggelegar	gelegar
menggelegar	gelegarlah
menggelek	kugelek
menggelek	kaugelek
menggelek	digelek
menggelek	tergelek
menggelek	gelek
menggelek	geleklah
menggelekak	kugelekak
menggelekak	kaugelekak
menggelekak	digelekak
menggelekak	tergelekak
menggelekak	gelekak
menggelekak	gelekaklah
menggelekek	kugelekek
menggelekek	kaugelekek
menggelekek	digelekek
menggelekek	tergelekek
menggelekek	gelekek
menggelekek	gelekeklah
menggelekkan	digelekkan
menggelekkan	kugelekkan
menggelekkan	kaugelekkan
menggelekkan	gelekkan
menggelekkan	gelekkanlah
menggelembung	kugelembung
menggelembung	kaugelembung
menggelembung	digelembung
menggelembung	tergelembung
menggelembung	gelembung
menggelembung	gelembunglah
menggelembur	kugelembur
menggelembur	kaugelembur
menggelembur	digelembur
menggelembur	tergelembur
menggelembur	gelembur
menggelembur	gelemburlah
menggelendong	kugelendong
menggelendong	kaugelendong
menggelendong	digelendong
menggelendong	tergelendong
menggelendong	gelendong
menggelendong	gelendonglah
menggelendot	kugelendot
menggelendot	kaugelendot
menggelendot	digelendot
menggelendot	tergelendot
menggelendot	gelendot
menggelendot	gelendotlah
menggeleng	kugeleng
menggeleng	kaugeleng
menggeleng	digeleng
menggeleng	tergeleng
menggeleng	geleng
menggeleng	gelenglah
menggeleng-gelengkan	
menggelenting	kugelenting
menggelenting	kaugelenting
menggelenting	digelenting
menggelenting	tergelenting
menggelenting	gelenting
menggelenting	gelentinglah
menggelenyar	kugelenyar
menggelenyar	kaugelenyar
menggelenyar	digelenyar
menggelenyar	tergelenyar
menggelenyar	gelenyar
menggelenyar	gelenyarlah
menggelepai	kugelepai
menggelepai	kaugelepai
menggelepai	digelepai
menggelepai	tergelepai
menggelepai	gelepai
menggelepai	gelepailah
menggelepar	kugelepar
menggelepar	kaugelepar
menggelepar	digelepar
menggelepar	tergelepar
menggelepar	gelepar
menggelepar	geleparlah
menggelepar-gelepar	
menggelepar-geleparkan	
menggelepek	kugelepek
menggelepek	kaugelepek
menggelepek	digelepek
menggelepek	tergelepek
menggelepek	gelepek
menggelepek	gelepeklah
menggelepur	kugelepur
menggelepur	kaugelepur
menggelepur	digelepur
menggelepur	tergelepur
menggelepur	gelepur
menggelepur	gelepurlah
menggeleser	kugeleser
menggeleser	kaugeleser
menggeleser	digeleser
menggeleser	tergeleser
menggeleser	geleser
menggeleser	geleserlah
menggeleserkan	digeleserkan
menggeleserkan	kugeleserkan
menggeleserkan	kaugeleserkan
menggeleserkan	geleserkan
menggeleserkan	geleserkanlah
menggelesot	kugelesot
menggelesot	kaugelesot
menggelesot	digelesot
menggelesot	tergelesot
menggelesot	gelesot
menggelesot	gelesotlah
menggeletak	kugeletak
menggeletak	kaugeletak
menggeletak	digeletak
menggeletak	tergeletak
menggeletak	geletak
menggeletak	geletaklah
menggeletakkan	digeletakkan
menggeletakkan	kugeletakkan
menggeletakkan	kaugeletakkan
menggeletakkan	geletakkan
menggeletakkan	geletakkanlah
menggeletar	kugeletar
menggeletar	kaugeletar
menggeletar	digeletar
menggeletar	tergeletar
menggeletar	geletar
menggeletar	geletarlah
menggeletik	kugeletik
menggeletik	kaugeletik
menggeletik	digeletik
menggeletik	tergeletik
menggeletik	geletik
menggeletik	geletiklah
menggeletis	kugeletis
menggeletis	kaugeletis
menggeletis	digeletis
menggeletis	tergeletis
menggeletis	geletis
menggeletis	geletislah
menggeletuk	kugeletuk
menggeletuk	kaugeletuk
menggeletuk	digeletuk
menggeletuk	tergeletuk
menggeletuk	geletuk
menggeletuk	geletuklah
menggeli	kugeli
menggeli	kaugeli
menggeli	digeli
menggeli	tergeli
menggeli	geli
menggeli	gelilah
menggeliang	kugeliang
menggeliang	kaugeliang
menggeliang	digeliang
menggeliang	tergeliang
menggeliang	geliang
menggeliang	gelianglah
menggeliang-geliutkan	
menggeliat	kugeliat
menggeliat	kaugeliat
menggeliat	digeliat
menggeliat	tergeliat
menggeliat	geliat
menggeliat	geliatlah
menggelibir	kugelibir
menggelibir	kaugelibir
menggelibir	digelibir
menggelibir	tergelibir
menggelibir	gelibir
menggelibir	gelibirlah
menggelicikkan	digelicikkan
menggelicikkan	kugelicikkan
menggelicikkan	kaugelicikkan
menggelicikkan	gelicikkan
menggelicikkan	gelicikkanlah
menggeligi	kugeligi
menggeligi	kaugeligi
menggeligi	digeligi
menggeligi	tergeligi
menggeligi	geligi
menggeligi	geligilah
menggeligis	kugeligis
menggeligis	kaugeligis
menggeligis	digeligis
menggeligis	tergeligis
menggeligis	geligis
menggeligis	geligislah
menggeligit	kugeligit
menggeligit	kaugeligit
menggeligit	digeligit
menggeligit	tergeligit
menggeligit	geligit
menggeligit	geligitlah
menggelikan	digelikan
menggelikan	kugelikan
menggelikan	kaugelikan
menggelikan	gelikan
menggelikan	gelikanlah
menggelimangi	digelimangi
menggelimangi	kugelimangi
menggelimangi	kaugelimangi
menggelimangi	gelimangi
menggelimangi	gelimangilah
menggelimantang	kugelimantang
menggelimantang	kaugelimantang
menggelimantang	digelimantang
menggelimantang	tergelimantang
menggelimantang	gelimantang
menggelimantang	gelimantanglah
menggelimuni	digelimuni
menggelimuni	kugelimuni
menggelimuni	kaugelimuni
menggelimuni	gelimuni
menggelimuni	gelimunilah
menggelincir	kugelincir
menggelincir	kaugelincir
menggelincir	digelincir
menggelincir	tergelincir
menggelincir	gelincir
menggelincir	gelincirlah
menggelincirkan	digelincirkan
menggelincirkan	kugelincirkan
menggelincirkan	kaugelincirkan
menggelincirkan	gelincirkan
menggelincirkan	gelincirkanlah
menggelinding	kugelinding
menggelinding	kaugelinding
menggelinding	digelinding
menggelinding	tergelinding
menggelinding	gelinding
menggelinding	gelindinglah
menggelinding-gelinding	
menggelindingkan	digelindingkan
menggelindingkan	kugelindingkan
menggelindingkan	kaugelindingkan
menggelindingkan	gelindingkan
menggelindingkan	gelindingkanlah
menggelingsir	kugelingsir
menggelingsir	kaugelingsir
menggelingsir	digelingsir
menggelingsir	tergelingsir
menggelingsir	gelingsir
menggelingsir	gelingsirlah
menggelinjang	kugelinjang
menggelinjang	kaugelinjang
menggelinjang	digelinjang
menggelinjang	tergelinjang
menggelinjang	gelinjang
menggelinjang	gelinjanglah
menggelintar	kugelintar
menggelintar	kaugelintar
menggelintar	digelintar
menggelintar	tergelintar
menggelintar	gelintar
menggelintar	gelintarlah
menggelinting	kugelinting
menggelinting	kaugelinting
menggelinting	digelinting
menggelinting	tergelinting
menggelinting	gelinting
menggelinting	gelintinglah
menggelisahi	digelisahi
menggelisahi	kugelisahi
menggelisahi	kaugelisahi
menggelisahi	gelisahi
menggelisahi	gelisahilah
menggelisahkan	digelisahkan
menggelisahkan	kugelisahkan
menggelisahkan	kaugelisahkan
menggelisahkan	gelisahkan
menggelisahkan	gelisahkanlah
menggelitar	kugelitar
menggelitar	kaugelitar
menggelitar	digelitar
menggelitar	tergelitar
menggelitar	gelitar
menggelitar	gelitarlah
menggelitik	kugelitik
menggelitik	kaugelitik
menggelitik	digelitik
menggelitik	tergelitik
menggelitik	gelitik
menggelitik	gelitiklah
menggelobok	kugelobok
menggelobok	kaugelobok
menggelobok	digelobok
menggelobok	tergelobok
menggelobok	gelobok
menggelobok	geloboklah
menggelodar	kugelodar
menggelodar	kaugelodar
menggelodar	digelodar
menggelodar	tergelodar
menggelodar	gelodar
menggelodar	gelodarlah
menggelogok	kugelogok
menggelogok	kaugelogok
menggelogok	digelogok
menggelogok	tergelogok
menggelogok	gelogok
menggelogok	gelogoklah
menggelombang	kugelombang
menggelombang	kaugelombang
menggelombang	digelombang
menggelombang	tergelombang
menggelombang	gelombang
menggelombang	gelombanglah
menggelompar	kugelompar
menggelompar	kaugelompar
menggelompar	digelompar
menggelompar	tergelompar
menggelompar	gelompar
menggelompar	gelomparlah
menggelongsor	kugelongsor
menggelongsor	kaugelongsor
menggelongsor	digelongsor
menggelongsor	tergelongsor
menggelongsor	gelongsor
menggelongsor	gelongsorlah
menggelontor	kugelontor
menggelontor	kaugelontor
menggelontor	digelontor
menggelontor	tergelontor
menggelontor	gelontor
menggelontor	gelontorlah
menggelopak	kugelopak
menggelopak	kaugelopak
menggelopak	digelopak
menggelopak	tergelopak
menggelopak	gelopak
menggelopak	gelopaklah
menggelora	kugelora
menggelora	kaugelora
menggelora	digelora
menggelora	tergelora
menggelora	gelora
menggelora	geloralah
menggelosang	kugelosang
menggelosang	kaugelosang
menggelosang	digelosang
menggelosang	tergelosang
menggelosang	gelosang
menggelosang	gelosanglah
menggeloso	kugeloso
menggeloso	kaugeloso
menggeloso	digeloso
menggeloso	tergeloso
menggeloso	geloso
menggeloso	gelosolah
menggelosok	kugelosok
menggelosok	kaugelosok
menggelosok	digelosok
menggelosok	tergelosok
menggelosok	gelosok
menggelosok	gelosoklah
menggelotak	kugelotak
menggelotak	kaugelotak
menggelotak	digelotak
menggelotak	tergelotak
menggelotak	gelotak
menggelotak	gelotaklah
menggelugut	kugelugut
menggelugut	kaugelugut
menggelugut	digelugut
menggelugut	tergelugut
menggelugut	gelugut
menggelugut	gelugutlah
menggelulur	kugelulur
menggelulur	kaugelulur
menggelulur	digelulur
menggelulur	tergelulur
menggelulur	gelulur
menggelulur	gelulurlah
menggelundung	kugelundung
menggelundung	kaugelundung
menggelundung	digelundung
menggelundung	tergelundung
menggelundung	gelundung
menggelundung	gelundunglah
menggelundungkan	digelundungkan
menggelundungkan	kugelundungkan
menggelundungkan	kaugelundungkan
menggelundungkan	gelundungkan
menggelundungkan	gelundungkanlah
menggelung	kugelung
menggelung	kaugelung
menggelung	digelung
menggelung	tergelung
menggelung	gelung
menggelung	gelunglah
menggelup	kugelup
menggelup	kaugelup
menggelup	digelup
menggelup	tergelup
menggelup	gelup
menggelup	geluplah
menggelupur	kugelupur
menggelupur	kaugelupur
menggelupur	digelupur
menggelupur	tergelupur
menggelupur	gelupur
menggelupur	gelupurlah
menggelut	kugelut
menggelut	kaugelut
menggelut	digelut
menggelut	tergelut
menggelut	gelut
menggelut	gelutlah
menggeluti	digeluti
menggeluti	kugeluti
menggeluti	kaugeluti
menggeluti	geluti
menggeluti	gelutilah
menggema	kugema
menggema	kaugema
menggema	digema
menggema	tergema
menggema	gema
menggema	gemalah
menggemai	digemai
menggemai	kugemai
menggemai	kaugemai
menggemai	gemai
menggemai	gemailah
menggemak	kugemak
menggemak	kaugemak
menggemak	digemak
menggemak	tergemak
menggemak	gemak
menggemak	gemaklah
menggemak-gemak	
menggemal	kugemal
menggemal	kaugemal
menggemal	digemal
menggemal	tergemal
menggemal	gemal
menggemal	gemallah
menggemari	digemari
menggemari	kugemari
menggemari	kaugemari
menggemari	gemari
menggemari	gemarilah
menggemaskan	digemaskan
menggemaskan	kugemaskan
menggemaskan	kaugemaskan
menggemaskan	gemaskan
menggemaskan	gemaskanlah
menggembalakan	digembalakan
menggembalakan	kugembalakan
menggembalakan	kaugembalakan
menggembalakan	gembalakan
menggembalakan	gembalakanlah
menggembok	kugembok
menggembok	kaugembok
menggembok	digembok
menggembok	tergembok
menggembok	gembok
menggembok	gemboklah
menggembol	kugembol
menggembol	kaugembol
menggembol	digembol
menggembol	tergembol
menggembol	gembol
menggembol	gembollah
menggembos	kugembos
menggembos	kaugembos
menggembos	digembos
menggembos	tergembos
menggembos	gembos
menggembos	gemboslah
menggembosi	digembosi
menggembosi	kugembosi
menggembosi	kaugembosi
menggembosi	gembosi
menggembosi	gembosilah
menggemboskan	digemboskan
menggemboskan	kugemboskan
menggemboskan	kaugemboskan
menggemboskan	gemboskan
menggemboskan	gemboskanlah
menggemburkan	digemburkan
menggemburkan	kugemburkan
menggemburkan	kaugemburkan
menggemburkan	gemburkan
menggemburkan	gemburkanlah
menggembut	kugembut
menggembut	kaugembut
menggembut	digembut
menggembut	tergembut
menggembut	gembut
menggembut	gembutlah
menggemeretakkan	digemeretakkan
menggemeretakkan	kugemeretakkan
menggemeretakkan	kaugemeretakkan
menggemeretakkan	gemeretakkan
menggemeretakkan	gemeretakkanlah
menggemik	kugemik
menggemik	kaugemik
menggemik	digemik
menggemik	tergemik
menggemik	gemik
menggemik	gemiklah
menggemparkan	digemparkan
menggemparkan	kugemparkan
menggemparkan	kaugemparkan
menggemparkan	gemparkan
menggemparkan	gemparkanlah
menggempita	kugempita
menggempita	kaugempita
menggempita	digempita
menggempita	tergempita
menggempita	gempita
menggempita	gempitalah
menggempur	kugempur
menggempur	kaugempur
menggempur	digempur
menggempur	tergempur
menggempur	gempur
menggempur	gempurlah
menggemukkan	digemukkan
menggemukkan	kugemukkan
menggemukkan	kaugemukkan
menggemukkan	gemukkan
menggemukkan	gemukkanlah
menggemulai	kugemulai
menggemulai	kaugemulai
menggemulai	digemulai
menggemulai	tergemulai
menggemulai	gemulai
menggemulai	gemulailah
menggemuruh	kugemuruh
menggemuruh	kaugemuruh
menggemuruh	digemuruh
menggemuruh	tergemuruh
menggemuruh	gemuruh
menggemuruh	gemuruhlah
menggenang	kugenang
menggenang	kaugenang
menggenang	digenang
menggenang	tergenang
menggenang	genang
menggenang	genanglah
menggenangi	digenangi
menggenangi	kugenangi
menggenangi	kaugenangi
menggenangi	genangi
menggenangi	genangilah
menggenapi	digenapi
menggenapi	kugenapi
menggenapi	kaugenapi
menggenapi	genapi
menggenapi	genapilah
menggenapkan	digenapkan
menggenapkan	kugenapkan
menggenapkan	kaugenapkan
menggenapkan	genapkan
menggenapkan	genapkanlah
menggencar	kugencar
menggencar	kaugencar
menggencar	digencar
menggencar	tergencar
menggencar	gencar
menggencar	gencarlah
menggencarkan	digencarkan
menggencarkan	kugencarkan
menggencarkan	kaugencarkan
menggencarkan	gencarkan
menggencarkan	gencarkanlah
menggencat	kugencat
menggencat	kaugencat
menggencat	digencat
menggencat	tergencat
menggencat	gencat
menggencat	gencatlah
menggencet	kugencet
menggencet	kaugencet
menggencet	digencet
menggencet	tergencet
menggencet	gencet
menggencet	gencetlah
menggendaki	digendaki
menggendaki	kugendaki
menggendaki	kaugendaki
menggendaki	gendaki
menggendaki	gendakilah
menggendalakan	digendalakan
menggendalakan	kugendalakan
menggendalakan	kaugendalakan
menggendalakan	gendalakan
menggendalakan	gendalakanlah
menggendong	kugendong
menggendong	kaugendong
menggendong	digendong
menggendong	tergendong
menggendong	gendong
menggendong	gendonglah
menggendut	kugendut
menggendut	kaugendut
menggendut	digendut
menggendut	tergendut
menggendut	gendut
menggendut	gendutlah
menggenduti	digenduti
menggenduti	kugenduti
menggenduti	kaugenduti
menggenduti	genduti
menggenduti	gendutilah
menggendutkan	digendutkan
menggendutkan	kugendutkan
menggendutkan	kaugendutkan
menggendutkan	gendutkan
menggendutkan	gendutkanlah
menggeneralisasi	kugeneralisasi
menggeneralisasi	kaugeneralisasi
menggeneralisasi	digeneralisasi
menggeneralisasi	tergeneralisasi
menggeneralisasi	generalisasi
menggeneralisasi	generalisasilah
menggenggam	kugenggam
menggenggam	kaugenggam
menggenggam	digenggam
menggenggam	tergenggam
menggenggam	genggam
menggenggam	genggamlah
menggenjot	kugenjot
menggenjot	kaugenjot
menggenjot	digenjot
menggenjot	tergenjot
menggenjot	genjot
menggenjot	genjotlah
menggenta	kugenta
menggenta	kaugenta
menggenta	digenta
menggenta	tergenta
menggenta	genta
menggenta	gentalah
menggentar	kugentar
menggentar	kaugentar
menggentar	digentar
menggentar	tergentar
menggentar	gentar
menggentar	gentarlah
menggentari	digentari
menggentari	kugentari
menggentari	kaugentari
menggentari	gentari
menggentari	gentarilah
menggentas	kugentas
menggentas	kaugentas
menggentas	digentas
menggentas	tergentas
menggentas	gentas
menggentas	gentaslah
menggentel	kugentel
menggentel	kaugentel
menggentel	digentel
menggentel	tergentel
menggentel	gentel
menggentel	gentellah
menggenteli	digenteli
menggenteli	kugenteli
menggenteli	kaugenteli
menggenteli	genteli
menggenteli	gentelilah
menggenting	kugenting
menggenting	kaugenting
menggenting	digenting
menggenting	tergenting
menggenting	genting
menggenting	gentinglah
menggentingkan	digentingkan
menggentingkan	kugentingkan
menggentingkan	kaugentingkan
menggentingkan	gentingkan
menggentingkan	gentingkanlah
menggepit	kugepit
menggepit	kaugepit
menggepit	digepit
menggepit	tergepit
menggepit	gepit
menggepit	gepitlah
menggeprak	kugeprak
menggeprak	kaugeprak
menggeprak	digeprak
menggeprak	tergeprak
menggeprak	geprak
menggeprak	gepraklah
menggera	kugera
menggera	kaugera
menggera	digera
menggera	tergera
menggera	gera
menggera	geralah
menggerabak	kugerabak
menggerabak	kaugerabak
menggerabak	digerabak
menggerabak	tergerabak
menggerabak	gerabak
menggerabak	gerabaklah
menggerabakkan	digerabakkan
menggerabakkan	kugerabakkan
menggerabakkan	kaugerabakkan
menggerabakkan	gerabakkan
menggerabakkan	gerabakkanlah
menggeragai	kugeragai
menggeragai	kaugeragai
menggeragai	digeragai
menggeragai	tergeragai
menggeragai	geragai
menggeragai	geragailah
menggeragap	kugeragap
menggeragap	kaugeragap
menggeragap	digeragap
menggeragap	tergeragap
menggeragap	geragap
menggeragap	geragaplah
menggeragas	kugeragas
menggeragas	kaugeragas
menggeragas	digeragas
menggeragas	tergeragas
menggeragas	geragas
menggeragas	geragaslah
menggeragau	kugeragau
menggeragau	kaugeragau
menggeragau	digeragau
menggeragau	tergeragau
menggeragau	geragau
menggeragau	geragaulah
menggeraikan	digeraikan
menggeraikan	kugeraikan
menggeraikan	kaugeraikan
menggeraikan	geraikan
menggeraikan	geraikanlah
menggerak-gerakkan	
menggeram	kugeram
menggeram	kaugeram
menggeram	digeram
menggeram	tergeram
menggeram	geram
menggeram	geramlah
menggeramkan	digeramkan
menggeramkan	kugeramkan
menggeramkan	kaugeramkan
menggeramkan	geramkan
menggeramkan	geramkanlah
menggeramus	kugeramus
menggeramus	kaugeramus
menggeramus	digeramus
menggeramus	tergeramus
menggeramus	geramus
menggeramus	geramuslah
menggerang	kugerang
menggerang	kaugerang
menggerang	digerang
menggerang	tergerang
menggerang	gerang
menggerang	geranglah
menggerantak	kugerantak
menggerantak	kaugerantak
menggerantak	digerantak
menggerantak	tergerantak
menggerantak	gerantak
menggerantak	gerantaklah
menggerantang	kugerantang
menggerantang	kaugerantang
menggerantang	digerantang
menggerantang	tergerantang
menggerantang	gerantang
menggerantang	gerantanglah
menggeranyam	kugeranyam
menggeranyam	kaugeranyam
menggeranyam	digeranyam
menggeranyam	tergeranyam
menggeranyam	geranyam
menggeranyam	geranyamlah
menggerapai	kugerapai
menggerapai	kaugerapai
menggerapai	digerapai
menggerapai	tergerapai
menggerapai	gerapai
menggerapai	gerapailah
menggerat	kugerat
menggerat	kaugerat
menggerat	digerat
menggerat	tergerat
menggerat	gerat
menggerat	geratlah
menggerawat	kugerawat
menggerawat	kaugerawat
menggerawat	digerawat
menggerawat	tergerawat
menggerawat	gerawat
menggerawat	gerawatlah
menggerawatkan	digerawatkan
menggerawatkan	kugerawatkan
menggerawatkan	kaugerawatkan
menggerawatkan	gerawatkan
menggerawatkan	gerawatkanlah
menggerayah	kugerayah
menggerayah	kaugerayah
menggerayah	digerayah
menggerayah	tergerayah
menggerayah	gerayah
menggerayah	gerayahlah
menggerayang	kugerayang
menggerayang	kaugerayang
menggerayang	digerayang
menggerayang	tergerayang
menggerayang	gerayang
menggerayang	gerayanglah
menggerayangi	digerayangi
menggerayangi	kugerayangi
menggerayangi	kaugerayangi
menggerayangi	gerayangi
menggerayangi	gerayangilah
menggerbak	kugerbak
menggerbak	kaugerbak
menggerbak	digerbak
menggerbak	tergerbak
menggerbak	gerbak
menggerbak	gerbaklah
menggerbang	kugerbang
menggerbang	kaugerbang
menggerbang	digerbang
menggerbang	tergerbang
menggerbang	gerbang
menggerbang	gerbanglah
menggerbangkan	digerbangkan
menggerbangkan	kugerbangkan
menggerbangkan	kaugerbangkan
menggerbangkan	gerbangkan
menggerbangkan	gerbangkanlah
menggerbus	kugerbus
menggerbus	kaugerbus
menggerbus	digerbus
menggerbus	tergerbus
menggerbus	gerbus
menggerbus	gerbuslah
menggerebek	kugerebek
menggerebek	kaugerebek
menggerebek	digerebek
menggerebek	tergerebek
menggerebek	gerebek
menggerebek	gerebeklah
menggerecak-gerecak	
menggerecok	kugerecok
menggerecok	kaugerecok
menggerecok	digerecok
menggerecok	tergerecok
menggerecok	gerecok
menggerecok	gerecoklah
menggerecoki	digerecoki
menggerecoki	kugerecoki
menggerecoki	kaugerecoki
menggerecoki	gerecoki
menggerecoki	gerecokilah
menggerek	kugerek
menggerek	kaugerek
menggerek	digerek
menggerek	tergerek
menggerek	gerek
menggerek	gereklah
menggerekkan	digerekkan
menggerekkan	kugerekkan
menggerekkan	kaugerekkan
menggerekkan	gerekkan
menggerekkan	gerekkanlah
menggeremet	kugeremet
menggeremet	kaugeremet
menggeremet	digeremet
menggeremet	tergeremet
menggeremet	geremet
menggeremet	geremetlah
menggerendel	kugerendel
menggerendel	kaugerendel
menggerendel	digerendel
menggerendel	tergerendel
menggerendel	gerendel
menggerendel	gerendellah
menggerendeng	kugerendeng
menggerendeng	kaugerendeng
menggerendeng	digerendeng
menggerendeng	tergerendeng
menggerendeng	gerendeng
menggerendeng	gerendenglah
menggerenyet	kugerenyet
menggerenyet	kaugerenyet
menggerenyet	digerenyet
menggerenyet	tergerenyet
menggerenyet	gerenyet
menggerenyet	gerenyetlah
menggerepe	kugerepe
menggerepe	kaugerepe
menggerepe	digerepe
menggerepe	tergerepe
menggerepe	gerepe
menggerepe	gerepelah
menggerepek	kugerepek
menggerepek	kaugerepek
menggerepek	digerepek
menggerepek	tergerepek
menggerepek	gerepek
menggerepek	gerepeklah
menggerepes	kugerepes
menggerepes	kaugerepes
menggerepes	digerepes
menggerepes	tergerepes
menggerepes	gerepes
menggerepes	gerepeslah
menggeresek	kugeresek
menggeresek	kaugeresek
menggeresek	digeresek
menggeresek	tergeresek
menggeresek	geresek
menggeresek	gereseklah
menggeret	kugeret
menggeret	kaugeret
menggeret	digeret
menggeret	tergeret
menggeret	geret
menggeret	geretlah
menggeretang	kugeretang
menggeretang	kaugeretang
menggeretang	digeretang
menggeretang	tergeretang
menggeretang	geretang
menggeretang	geretanglah
menggergaji	kugergaji
menggergaji	kaugergaji
menggergaji	digergaji
menggergaji	tergergaji
menggergaji	gergaji
menggergaji	gergajilah
menggeriak	kugeriak
menggeriak	kaugeriak
menggeriak	digeriak
menggeriak	tergeriak
menggeriak	geriak
menggeriak	geriaklah
menggeriap	kugeriap
menggeriap	kaugeriap
menggeriap	digeriap
menggeriap	tergeriap
menggeriap	geriap
menggeriap	geriaplah
menggericau	kugericau
menggericau	kaugericau
menggericau	digericau
menggericau	tergericau
menggericau	gericau
menggericau	gericaulah
menggeridip	kugeridip
menggeridip	kaugeridip
menggeridip	digeridip
menggeridip	tergeridip
menggeridip	geridip
menggeridip	geridiplah
menggerincing	kugerincing
menggerincing	kaugerincing
menggerincing	digerincing
menggerincing	tergerincing
menggerincing	gerincing
menggerincing	gerincinglah
menggerinda	kugerinda
menggerinda	kaugerinda
menggerinda	digerinda
menggerinda	tergerinda
menggerinda	gerinda
menggerinda	gerindalah
menggerinjam	kugerinjam
menggerinjam	kaugerinjam
menggerinjam	digerinjam
menggerinjam	tergerinjam
menggerinjam	gerinjam
menggerinjam	gerinjamlah
menggerinyau	kugerinyau
menggerinyau	kaugerinyau
menggerinyau	digerinyau
menggerinyau	tergerinyau
menggerinyau	gerinyau
menggerinyau	gerinyaulah
menggerisik	kugerisik
menggerisik	kaugerisik
menggerisik	digerisik
menggerisik	tergerisik
menggerisik	gerisik
menggerisik	gerisiklah
menggerlap	kugerlap
menggerlap	kaugerlap
menggerlap	digerlap
menggerlap	tergerlap
menggerlap	gerlap
menggerlap	gerlaplah
menggerlip	kugerlip
menggerlip	kaugerlip
menggerlip	digerlip
menggerlip	tergerlip
menggerlip	gerlip
menggerlip	gerliplah
menggermang	kugermang
menggermang	kaugermang
menggermang	digermang
menggermang	tergermang
menggermang	germang
menggermang	germanglah
menggermut	kugermut
menggermut	kaugermut
menggermut	digermut
menggermut	tergermut
menggermut	germut
menggermut	germutlah
menggermuti	digermuti
menggermuti	kugermuti
menggermuti	kaugermuti
menggermuti	germuti
menggermuti	germutilah
menggero	kugero
menggero	kaugero
menggero	digero
menggero	tergero
menggero	gero
menggero	gerolah
menggerobok	kugerobok
menggerobok	kaugerobok
menggerobok	digerobok
menggerobok	tergerobok
menggerobok	gerobok
menggerobok	geroboklah
menggerodak	kugerodak
menggerodak	kaugerodak
menggerodak	digerodak
menggerodak	tergerodak
menggerodak	gerodak
menggerodak	gerodaklah
menggerogoti	digerogoti
menggerogoti	kugerogoti
menggerogoti	kaugerogoti
menggerogoti	gerogoti
menggerogoti	gerogotilah
menggerojok	kugerojok
menggerojok	kaugerojok
menggerojok	digerojok
menggerojok	tergerojok
menggerojok	gerojok
menggerojok	gerojoklah
menggerompok	kugerompok
menggerompok	kaugerompok
menggerompok	digerompok
menggerompok	tergerompok
menggerompok	gerompok
menggerompok	gerompoklah
menggeronggang	kugeronggang
menggeronggang	kaugeronggang
menggeronggang	digeronggang
menggeronggang	tergeronggang
menggeronggang	geronggang
menggeronggang	gerongganglah
menggeropyok	kugeropyok
menggeropyok	kaugeropyok
menggeropyok	digeropyok
menggeropyok	tergeropyok
menggeropyok	geropyok
menggeropyok	geropyoklah
menggeros	kugeros
menggeros	kaugeros
menggeros	digeros
menggeros	tergeros
menggeros	geros
menggeros	geroslah
menggerowot	kugerowot
menggerowot	kaugerowot
menggerowot	digerowot
menggerowot	tergerowot
menggerowot	gerowot
menggerowot	gerowotlah
menggerpol	kugerpol
menggerpol	kaugerpol
menggerpol	digerpol
menggerpol	tergerpol
menggerpol	gerpol
menggerpol	gerpollah
menggertak	kugertak
menggertak	kaugertak
menggertak	digertak
menggertak	tergertak
menggertak	gertak
menggertak	gertaklah
menggertakkan	digertakkan
menggertakkan	kugertakkan
menggertakkan	kaugertakkan
menggertakkan	gertakkan
menggertakkan	gertakkanlah
menggeru	kugeru
menggeru	kaugeru
menggeru	digeru
menggeru	tergeru
menggeru	geru
menggeru	gerulah
menggerugut	kugerugut
menggerugut	kaugerugut
menggerugut	digerugut
menggerugut	tergerugut
menggerugut	gerugut
menggerugut	gerugutlah
menggeruh	kugeruh
menggeruh	kaugeruh
menggeruh	digeruh
menggeruh	tergeruh
menggeruh	geruh
menggeruh	geruhlah
menggeruit	kugeruit
menggeruit	kaugeruit
menggeruit	digeruit
menggeruit	tergeruit
menggeruit	geruit
menggeruit	geruitlah
menggerumit	kugerumit
menggerumit	kaugerumit
menggerumit	digerumit
menggerumit	tergerumit
menggerumit	gerumit
menggerumit	gerumitlah
menggerumuk	kugerumuk
menggerumuk	kaugerumuk
menggerumuk	digerumuk
menggerumuk	tergerumuk
menggerumuk	gerumuk
menggerumuk	gerumuklah
menggerumuti	digerumuti
menggerumuti	kugerumuti
menggerumuti	kaugerumuti
menggerumuti	gerumuti
menggerumuti	gerumutilah
menggerundel	kugerundel
menggerundel	kaugerundel
menggerundel	digerundel
menggerundel	tergerundel
menggerundel	gerundel
menggerundel	gerundellah
menggerung	kugerung
menggerung	kaugerung
menggerung	digerung
menggerung	tergerung
menggerung	gerung
menggerung	gerunglah
menggerunkan	digerunkan
menggerunkan	kugerunkan
menggerunkan	kaugerunkan
menggerunkan	gerunkan
menggerunkan	gerunkanlah
menggerunyam	kugerunyam
menggerunyam	kaugerunyam
menggerunyam	digerunyam
menggerunyam	tergerunyam
menggerunyam	gerunyam
menggerunyam	gerunyamlah
menggerupis	kugerupis
menggerupis	kaugerupis
menggerupis	digerupis
menggerupis	tergerupis
menggerupis	gerupis
menggerupis	gerupislah
menggerupuk	kugerupuk
menggerupuk	kaugerupuk
menggerupuk	digerupuk
menggerupuk	tergerupuk
menggerupuk	gerupuk
menggerupuk	gerupuklah
menggerupukkan	digerupukkan
menggerupukkan	kugerupukkan
menggerupukkan	kaugerupukkan
menggerupukkan	gerupukkan
menggerupukkan	gerupukkanlah
menggerus	kugerus
menggerus	kaugerus
menggerus	digerus
menggerus	tergerus
menggerus	gerus
menggerus	geruslah
menggerutu	kugerutu
menggerutu	kaugerutu
menggerutu	digerutu
menggerutu	tergerutu
menggerutu	gerutu
menggerutu	gerutulah
menggesa	kugesa
menggesa	kaugesa
menggesa	digesa
menggesa	tergesa
menggesa	gesa
menggesa	gesalah
menggesa-gesakan	
menggesek	kugesek
menggesek	kaugesek
menggesek	digesek
menggesek	tergesek
menggesek	gesek
menggesek	geseklah
menggesel	kugesel
menggesel	kaugesel
menggesel	digesel
menggesel	tergesel
menggesel	gesel
menggesel	gesellah
menggeser	kugeser
menggeser	kaugeser
menggeser	digeser
menggeser	tergeser
menggeser	geser
menggeser	geserlah
menggetah	kugetah
menggetah	kaugetah
menggetah	digetah
menggetah	tergetah
menggetah	getah
menggetah	getahlah
menggetang	kugetang
menggetang	kaugetang
menggetang	digetang
menggetang	tergetang
menggetang	getang
menggetang	getanglah
menggetap	kugetap
menggetap	kaugetap
menggetap	digetap
menggetap	tergetap
menggetap	getap
menggetap	getaplah
menggetar	kugetar
menggetar	kaugetar
menggetar	digetar
menggetar	tergetar
menggetar	getar
menggetar	getarlah
menggetik	kugetik
menggetik	kaugetik
menggetik	digetik
menggetik	tergetik
menggetik	getik
menggetik	getiklah
menggetil	kugetil
menggetil	kaugetil
menggetil	digetil
menggetil	tergetil
menggetil	getil
menggetil	getillah
menggetok	kugetok
menggetok	kaugetok
menggetok	digetok
menggetok	tergetok
menggetok	getok
menggetok	getoklah
menggetu	kugetu
menggetu	kaugetu
menggetu	digetu
menggetu	tergetu
menggetu	getu
menggetu	getulah
menggibang	kugibang
menggibang	kaugibang
menggibang	digibang
menggibang	tergibang
menggibang	gibang
menggibang	gibanglah
menggigih	kugigih
menggigih	kaugigih
menggigih	digigih
menggigih	tergigih
menggigih	gigih
menggigih	gigihlah
menggigis	kugigis
menggigis	kaugigis
menggigis	digigis
menggigis	tergigis
menggigis	gigis
menggigis	gigislah
menggigit	kugigit
menggigit	kaugigit
menggigit	digigit
menggigit	tergigit
menggigit	gigit
menggigit	gigitlah
menggigiti	digigiti
menggigiti	kugigiti
menggigiti	kaugigiti
menggigiti	gigiti
menggigiti	gigitilah
menggila	kugila
menggila	kaugila
menggila	digila
menggila	tergila
menggila	gila
menggila	gilalah
menggilakan	digilakan
menggilakan	kugilakan
menggilakan	kaugilakan
menggilakan	gilakan
menggilakan	gilakanlah
menggilapkan	digilapkan
menggilapkan	kugilapkan
menggilapkan	kaugilapkan
menggilapkan	gilapkan
menggilapkan	gilapkanlah
menggilas	kugilas
menggilas	kaugilas
menggilas	digilas
menggilas	tergilas
menggilas	gilas
menggilas	gilaslah
menggili	kugili
menggili	kaugili
menggili	digili
menggili	tergili
menggili	gili
menggili	gililah
menggili-gili	
menggiling	kugiling
menggiling	kaugiling
menggiling	digiling
menggiling	tergiling
menggiling	giling
menggiling	gilinglah
menggincu	kugincu
menggincu	kaugincu
menggincu	digincu
menggincu	tergincu
menggincu	gincu
menggincu	ginculah
menggiring	kugiring
menggiring	kaugiring
menggiring	digiring
menggiring	tergiring
menggiring	giring
menggiring	giringlah
menggisar	kugisar
menggisar	kaugisar
menggisar	digisar
menggisar	tergisar
menggisar	gisar
menggisar	gisarlah
menggisil	kugisil
menggisil	kaugisil
menggisil	digisil
menggisil	tergisil
menggisil	gisil
menggisil	gisillah
menggites	kugites
menggites	kaugites
menggites	digites
menggites	tergites
menggites	gites
menggites	giteslah
menggitik	kugitik
menggitik	kaugitik
menggitik	digitik
menggitik	tergitik
menggitik	gitik
menggitik	gitiklah
menggiurkan	digiurkan
menggiurkan	kugiurkan
menggiurkan	kaugiurkan
menggiurkan	giurkan
menggiurkan	giurkanlah
mengglasir	kuglasir
mengglasir	kauglasir
mengglasir	diglasir
mengglasir	terglasir
mengglasir	glasir
mengglasir	glasirlah
mengglobal	kuglobal
mengglobal	kauglobal
mengglobal	diglobal
mengglobal	terglobal
mengglobal	global
mengglobal	globallah
menggobek	kugobek
menggobek	kaugobek
menggobek	digobek
menggobek	tergobek
menggobek	gobek
menggobek	gobeklah
menggocoh	kugocoh
menggocoh	kaugocoh
menggocoh	digocoh
menggocoh	tergocoh
menggocoh	gocoh
menggocoh	gocohlah
menggoda	kugoda
menggoda	kaugoda
menggoda	digoda
menggoda	tergoda
menggoda	goda
menggoda	godalah
menggodai	digodai
menggodai	kugodai
menggodai	kaugodai
menggodai	godai
menggodai	godailah
menggodak	kugodak
menggodak	kaugodak
menggodak	digodak
menggodak	tergodak
menggodak	godak
menggodak	godaklah
menggodam	kugodam
menggodam	kaugodam
menggodam	digodam
menggodam	tergodam
menggodam	godam
menggodam	godamlah
menggodok	kugodok
menggodok	kaugodok
menggodok	digodok
menggodok	tergodok
menggodok	godok
menggodok	godoklah
menggodot	kugodot
menggodot	kaugodot
menggodot	digodot
menggodot	tergodot
menggodot	godot
menggodot	godotlah
menggodot-godot	
menggoel	kugoel
menggoel	kaugoel
menggoel	digoel
menggoel	tergoel
menggoel	goel
menggoel	goellah
menggogoh	kugogoh
menggogoh	kaugogoh
menggogoh	digogoh
menggogoh	tergogoh
menggogoh	gogoh
menggogoh	gogohlah
menggogok	kugogok
menggogok	kaugogok
menggogok	digogok
menggogok	tergogok
menggogok	gogok
menggogok	gogoklah
menggojlok	kugojlok
menggojlok	kaugojlok
menggojlok	digojlok
menggojlok	tergojlok
menggojlok	gojlok
menggojlok	gojloklah
menggojloki	digojloki
menggojloki	kugojloki
menggojloki	kaugojloki
menggojloki	gojloki
menggojloki	gojlokilah
menggolek	kugolek
menggolek	kaugolek
menggolek	digolek
menggolek	tergolek
menggolek	golek
menggolek	goleklah
menggoleng	kugoleng
menggoleng	kaugoleng
menggoleng	digoleng
menggoleng	tergoleng
menggoleng	goleng
menggoleng	golenglah
menggolok	kugolok
menggolok	kaugolok
menggolok	digolok
menggolok	tergolok
menggolok	golok
menggolok	goloklah
menggolong	kugolong
menggolong	kaugolong
menggolong	digolong
menggolong	tergolong
menggolong	golong
menggolong	golonglah
menggolongkan	digolongkan
menggolongkan	kugolongkan
menggolongkan	kaugolongkan
menggolongkan	golongkan
menggolongkan	golongkanlah
menggombeng	kugombeng
menggombeng	kaugombeng
menggombeng	digombeng
menggombeng	tergombeng
menggombeng	gombeng
menggombeng	gombenglah
menggoncang	kugoncang
menggoncang	kaugoncang
menggoncang	digoncang
menggoncang	tergoncang
menggoncang	goncang
menggoncang	goncanglah
menggondokkan	digondokkan
menggondokkan	kugondokkan
menggondokkan	kaugondokkan
menggondokkan	gondokkan
menggondokkan	gondokkanlah
menggondol	kugondol
menggondol	kaugondol
menggondol	digondol
menggondol	tergondol
menggondol	gondol
menggondol	gondollah
menggonggong	kugonggong
menggonggong	kaugonggong
menggonggong	digonggong
menggonggong	tergonggong
menggonggong	gonggong
menggonggong	gonggonglah
menggonggongi	digonggongi
menggonggongi	kugonggongi
menggonggongi	kaugonggongi
menggonggongi	gonggongi
menggonggongi	gonggongilah
menggongseng	kugongseng
menggongseng	kaugongseng
menggongseng	digongseng
menggongseng	tergongseng
menggongseng	gongseng
menggongseng	gongsenglah
menggonjakkan	digonjakkan
menggonjakkan	kugonjakkan
menggonjakkan	kaugonjakkan
menggonjakkan	gonjakkan
menggonjakkan	gonjakkanlah
menggonjokkan	digonjokkan
menggonjokkan	kugonjokkan
menggonjokkan	kaugonjokkan
menggonjokkan	gonjokkan
menggonjokkan	gonjokkanlah
menggontai	kugontai
menggontai	kaugontai
menggontai	digontai
menggontai	tergontai
menggontai	gontai
menggontai	gontailah
menggonyakkan	digonyakkan
menggonyakkan	kugonyakkan
menggonyakkan	kaugonyakkan
menggonyakkan	gonyakkan
menggonyakkan	gonyakkanlah
menggonyeh	kugonyeh
menggonyeh	kaugonyeh
menggonyeh	digonyeh
menggonyeh	tergonyeh
menggonyeh	gonyeh
menggonyeh	gonyehlah
menggonyel	kugonyel
menggonyel	kaugonyel
menggonyel	digonyel
menggonyel	tergonyel
menggonyel	gonyel
menggonyel	gonyellah
menggonyoh	kugonyoh
menggonyoh	kaugonyoh
menggonyoh	digonyoh
menggonyoh	tergonyoh
menggonyoh	gonyoh
menggonyoh	gonyohlah
menggorek-gorek	
menggoreng	kugoreng
menggoreng	kaugoreng
menggoreng	digoreng
menggoreng	tergoreng
menggoreng	goreng
menggoreng	gorenglah
menggoreng-goreng	
menggores	kugores
menggores	kaugores
menggores	digores
menggores	tergores
menggores	gores
menggores	goreslah
menggoroh	kugoroh
menggoroh	kaugoroh
menggoroh	digoroh
menggoroh	tergoroh
menggoroh	goroh
menggoroh	gorohlah
menggorok	kugorok
menggorok	kaugorok
menggorok	digorok
menggorok	tergorok
menggorok	gorok
menggorok	goroklah
menggosok	kugosok
menggosok	kaugosok
menggosok	digosok
menggosok	tergosok
menggosok	gosok
menggosok	gosoklah
menggosok-gosok	
menggotes	kugotes
menggotes	kaugotes
menggotes	digotes
menggotes	tergotes
menggotes	gotes
menggotes	goteslah
menggotong	kugotong
menggotong	kaugotong
menggotong	digotong
menggotong	tergotong
menggotong	gotong
menggotong	gotonglah
menggoyak	kugoyak
menggoyak	kaugoyak
menggoyak	digoyak
menggoyak	tergoyak
menggoyak	goyak
menggoyak	goyaklah
menggoyang	kugoyang
menggoyang	kaugoyang
menggoyang	digoyang
menggoyang	tergoyang
menggoyang	goyang
menggoyang	goyanglah
menggoyang-goyangkan	
menggranat	kugranat
menggranat	kaugranat
menggranat	digranat
menggranat	tergranat
menggranat	granat
menggranat	granatlah
menggrataki	digrataki
menggrataki	kugrataki
menggrataki	kaugrataki
menggrataki	grataki
menggrataki	gratakilah
menggratiskan	digratiskan
menggratiskan	kugratiskan
menggratiskan	kaugratiskan
menggratiskan	gratiskan
menggratiskan	gratiskanlah
menggraver	kugraver
menggraver	kaugraver
menggraver	digraver
menggraver	tergraver
menggraver	graver
menggraver	graverlah
menggual	kugual
menggual	kaugual
menggual	digual
menggual	tergual
menggual	gual
menggual	guallah
mengguar	kuguar
mengguar	kauguar
mengguar	diguar
mengguar	terguar
mengguar	guar
mengguar	guarlah
menggubah	kugubah
menggubah	kaugubah
menggubah	digubah
menggubah	tergubah
menggubah	gubah
menggubah	gubahlah
menggubel	kugubel
menggubel	kaugubel
menggubel	digubel
menggubel	tergubel
menggubel	gubel
menggubel	gubellah
menggubit	kugubit
menggubit	kaugubit
menggubit	digubit
menggubit	tergubit
menggubit	gubit
menggubit	gubitlah
menggudangkan	digudangkan
menggudangkan	kugudangkan
menggudangkan	kaugudangkan
menggudangkan	gudangkan
menggudangkan	gudangkanlah
menggugah	kugugah
menggugah	kaugugah
menggugah	digugah
menggugah	tergugah
menggugah	gugah
menggugah	gugahlah
menggugat	kugugat
menggugat	kaugugat
menggugat	digugat
menggugat	tergugat
menggugat	gugat
menggugat	gugatlah
menggugu	kugugu
menggugu	kaugugu
menggugu	digugu
menggugu	tergugu
menggugu	gugu
menggugu	gugulah
mengguguh	kuguguh
mengguguh	kauguguh
mengguguh	diguguh
mengguguh	terguguh
mengguguh	guguh
mengguguh	guguhlah
mengguguk	kuguguk
mengguguk	kauguguk
mengguguk	diguguk
mengguguk	terguguk
mengguguk	guguk
mengguguk	guguklah
menggugupkan	digugupkan
menggugupkan	kugugupkan
menggugupkan	kaugugupkan
menggugupkan	gugupkan
menggugupkan	gugupkanlah
menggugurkan	digugurkan
menggugurkan	kugugurkan
menggugurkan	kaugugurkan
menggugurkan	gugurkan
menggugurkan	gugurkanlah
mengguit	kuguit
mengguit	kauguit
mengguit	diguit
mengguit	terguit
mengguit	guit
mengguit	guitlah
mengguit-guit	
menggula	kugula
menggula	kaugula
menggula	digula
menggula	tergula
menggula	gula
menggula	gulalah
menggulai	digulai
menggulai	kugulai
menggulai	kaugulai
menggulai	gulai
menggulai	gulailah
mengguling	kuguling
mengguling	kauguling
mengguling	diguling
mengguling	terguling
mengguling	guling
mengguling	gulinglah
menggulir	kugulir
menggulir	kaugulir
menggulir	digulir
menggulir	tergulir
menggulir	gulir
menggulir	gulirlah
menggulung	kugulung
menggulung	kaugulung
menggulung	digulung
menggulung	tergulung
menggulung	gulung
menggulung	gulunglah
menggulut	kugulut
menggulut	kaugulut
menggulut	digulut
menggulut	tergulut
menggulut	gulut
menggulut	gulutlah
menggumalkan	digumalkan
menggumalkan	kugumalkan
menggumalkan	kaugumalkan
menggumalkan	gumalkan
menggumalkan	gumalkanlah
menggumam	kugumam
menggumam	kaugumam
menggumam	digumam
menggumam	tergumam
menggumam	gumam
menggumam	gumamlah
menggumpal	kugumpal
menggumpal	kaugumpal
menggumpal	digumpal
menggumpal	tergumpal
menggumpal	gumpal
menggumpal	gumpallah
menggumuli	digumuli
menggumuli	kugumuli
menggumuli	kaugumuli
menggumuli	gumuli
menggumuli	gumulilah
mengguna	kuguna
mengguna	kauguna
mengguna	diguna
mengguna	terguna
mengguna	guna
mengguna	gunalah
mengguncang	kuguncang
mengguncang	kauguncang
mengguncang	diguncang
mengguncang	terguncang
mengguncang	guncang
mengguncang	guncanglah
menggundahkan	digundahkan
menggundahkan	kugundahkan
menggundahkan	kaugundahkan
menggundahkan	gundahkan
menggundahkan	gundahkanlah
menggundul	kugundul
menggundul	kaugundul
menggundul	digundul
menggundul	tergundul
menggundul	gundul
menggundul	gundullah
menggunduli	digunduli
menggunduli	kugunduli
menggunduli	kaugunduli
menggunduli	gunduli
menggunduli	gundulilah
menggunggung	kugunggung
menggunggung	kaugunggung
menggunggung	digunggung
menggunggung	tergunggung
menggunggung	gunggung
menggunggung	gunggunglah
menggunjing	kugunjing
menggunjing	kaugunjing
menggunjing	digunjing
menggunjing	tergunjing
menggunjing	gunjing
menggunjing	gunjinglah
menggunting	kugunting
menggunting	kaugunting
menggunting	digunting
menggunting	tergunting
menggunting	gunting
menggunting	guntinglah
mengguntung	kuguntung
mengguntung	kauguntung
mengguntung	diguntung
mengguntung	terguntung
mengguntung	guntung
mengguntung	guntunglah
mengguntur	kuguntur
mengguntur	kauguntur
mengguntur	diguntur
mengguntur	terguntur
mengguntur	guntur
mengguntur	gunturlah
menggunturkan	digunturkan
menggunturkan	kugunturkan
menggunturkan	kaugunturkan
menggunturkan	gunturkan
menggunturkan	gunturkanlah
menggunung	kugunung
menggunung	kaugunung
menggunung	digunung
menggunung	tergunung
menggunung	gunung
menggunung	gununglah
menggunyam	kugunyam
menggunyam	kaugunyam
menggunyam	digunyam
menggunyam	tergunyam
menggunyam	gunyam
menggunyam	gunyamlah
menggurah	kugurah
menggurah	kaugurah
menggurah	digurah
menggurah	tergurah
menggurah	gurah
menggurah	gurahlah
mengguram	kuguram
mengguram	kauguram
mengguram	diguram
mengguram	terguram
mengguram	guram
mengguram	guramlah
menggurat	kugurat
menggurat	kaugurat
menggurat	digurat
menggurat	tergurat
menggurat	gurat
menggurat	guratlah
menggurdi	kugurdi
menggurdi	kaugurdi
menggurdi	digurdi
menggurdi	tergurdi
menggurdi	gurdi
menggurdi	gurdilah
menggurik	kugurik
menggurik	kaugurik
menggurik	digurik
menggurik	tergurik
menggurik	gurik
menggurik	guriklah
menggurit	kugurit
menggurit	kaugurit
menggurit	digurit
menggurit	tergurit
menggurit	gurit
menggurit	guritlah
menggurita	kugurita
menggurita	kaugurita
menggurita	digurita
menggurita	tergurita
menggurita	gurita
menggurita	guritalah
mengguruh	kuguruh
mengguruh	kauguruh
mengguruh	diguruh
mengguruh	terguruh
mengguruh	guruh
mengguruh	guruhlah
menggurui	digurui
menggurui	kugurui
menggurui	kaugurui
menggurui	gurui
menggurui	guruilah
menggusah	kugusah
menggusah	kaugusah
menggusah	digusah
menggusah	tergusah
menggusah	gusah
menggusah	gusahlah
menggusari	digusari
menggusari	kugusari
menggusari	kaugusari
menggusari	gusari
menggusari	gusarilah
menggusarkan	digusarkan
menggusarkan	kugusarkan
menggusarkan	kaugusarkan
menggusarkan	gusarkan
menggusarkan	gusarkanlah
menggusel	kugusel
menggusel	kaugusel
menggusel	digusel
menggusel	tergusel
menggusel	gusel
menggusel	gusellah
menggusrek	kugusrek
menggusrek	kaugusrek
menggusrek	digusrek
menggusrek	tergusrek
menggusrek	gusrek
menggusrek	gusreklah
menggusur	kugusur
menggusur	kaugusur
menggusur	digusur
menggusur	tergusur
menggusur	gusur
menggusur	gusurlah
menggutik	kugutik
menggutik	kaugutik
menggutik	digutik
menggutik	tergutik
menggutik	gutik
menggutik	gutiklah
mengguyur	kuguyur
mengguyur	kauguyur
mengguyur	diguyur
mengguyur	terguyur
mengguyur	guyur
mengguyur	guyurlah
mengguyurkan	diguyurkan
mengguyurkan	kuguyurkan
mengguyurkan	kauguyurkan
mengguyurkan	guyurkan
mengguyurkan	guyurkanlah
menghabisi	dihabisi
menghabisi	kuhabisi
menghabisi	kauhabisi
menghabisi	habisi
menghabisi	habisilah
menghablur	kuhablur
menghablur	kauhablur
menghablur	dihablur
menghablur	terhablur
menghablur	hablur
menghablur	hablurlah
menghablurkan	dihablurkan
menghablurkan	kuhablurkan
menghablurkan	kauhablurkan
menghablurkan	hablurkan
menghablurkan	hablurkanlah
menghadap	kuhadap
menghadap	kauhadap
menghadap	dihadap
menghadap	terhadap
menghadap	hadap
menghadap	hadaplah
menghadapi	dihadapi
menghadapi	kuhadapi
menghadapi	kauhadapi
menghadapi	hadapi
menghadapi	hadapilah
menghadapkan	dihadapkan
menghadapkan	kuhadapkan
menghadapkan	kauhadapkan
menghadapkan	hadapkan
menghadapkan	hadapkanlah
menghadiri	dihadiri
menghadiri	kuhadiri
menghadiri	kauhadiri
menghadiri	hadiri
menghadiri	hadirilah
menghafal	kuhafal
menghafal	kauhafal
menghafal	dihafal
menghafal	terhafal
menghafal	hafal
menghafal	hafallah
menghafalkan	dihafalkan
menghafalkan	kuhafalkan
menghafalkan	kauhafalkan
menghafalkan	hafalkan
menghafalkan	hafalkanlah
menghajar	kuhajar
menghajar	kauhajar
menghajar	dihajar
menghajar	terhajar
menghajar	hajar
menghajar	hajarlah
menghajati	dihajati
menghajati	kuhajati
menghajati	kauhajati
menghajati	hajati
menghajati	hajatilah
menghaki	dihaki
menghaki	kuhaki
menghaki	kauhaki
menghaki	haki
menghaki	hakilah
menghakimi	dihakimi
menghakimi	kuhakimi
menghakimi	kauhakimi
menghakimi	hakimi
menghakimi	hakimilah
menghalalkan	dihalalkan
menghalalkan	kuhalalkan
menghalalkan	kauhalalkan
menghalalkan	halalkan
menghalalkan	halalkanlah
menghalang	kuhalang
menghalang	kauhalang
menghalang	dihalang
menghalang	terhalang
menghalang	halang
menghalang	halanglah
menghalang-halangi	
menghalangi	dihalangi
menghalangi	kuhalangi
menghalangi	kauhalangi
menghalangi	halangi
menghalangi	halangilah
menghalau	kuhalau
menghalau	kauhalau
menghalau	dihalau
menghalau	terhalau
menghalau	halau
menghalau	halaulah
menghalusi	dihalusi
menghalusi	kuhalusi
menghalusi	kauhalusi
menghalusi	halusi
menghalusi	halusilah
menghaluskan	dihaluskan
menghaluskan	kuhaluskan
menghaluskan	kauhaluskan
menghaluskan	haluskan
menghaluskan	haluskanlah
menghamba	kuhamba
menghamba	kauhamba
menghamba	dihamba
menghamba	terhamba
menghamba	hamba
menghamba	hambalah
menghambai	dihambai
menghambai	kuhambai
menghambai	kauhambai
menghambai	hambai
menghambai	hambailah
menghambat	kuhambat
menghambat	kauhambat
menghambat	dihambat
menghambat	terhambat
menghambat	hambat
menghambat	hambatlah
menghambur	kuhambur
menghambur	kauhambur
menghambur	dihambur
menghambur	terhambur
menghambur	hambur
menghambur	hamburlah
menghambur-hamburkan	
menghamburi	dihamburi
menghamburi	kuhamburi
menghamburi	kauhamburi
menghamburi	hamburi
menghamburi	hamburilah
menghamburkan	dihamburkan
menghamburkan	kuhamburkan
menghamburkan	kauhamburkan
menghamburkan	hamburkan
menghamburkan	hamburkanlah
menghamili	dihamili
menghamili	kuhamili
menghamili	kauhamili
menghamili	hamili
menghamili	hamililah
menghamilkan	dihamilkan
menghamilkan	kuhamilkan
menghamilkan	kauhamilkan
menghamilkan	hamilkan
menghamilkan	hamilkanlah
menghampakan	dihampakan
menghampakan	kuhampakan
menghampakan	kauhampakan
menghampakan	hampakan
menghampakan	hampakanlah
menghampar	kuhampar
menghampar	kauhampar
menghampar	dihampar
menghampar	terhampar
menghampar	hampar
menghampar	hamparlah
menghampari	dihampari
menghampari	kuhampari
menghampari	kauhampari
menghampari	hampari
menghampari	hamparilah
menghamparkan	dihamparkan
menghamparkan	kuhamparkan
menghamparkan	kauhamparkan
menghamparkan	hamparkan
menghamparkan	hamparkanlah
menghampiri	dihampiri
menghampiri	kuhampiri
menghampiri	kauhampiri
menghampiri	hampiri
menghampiri	hampirilah
menghampirkan	dihampirkan
menghampirkan	kuhampirkan
menghampirkan	kauhampirkan
menghampirkan	hampirkan
menghampirkan	hampirkanlah
menghamuni	dihamuni
menghamuni	kuhamuni
menghamuni	kauhamuni
menghamuni	hamuni
menghamuni	hamunilah
menghancurkan	dihancurkan
menghancurkan	kuhancurkan
menghancurkan	kauhancurkan
menghancurkan	hancurkan
menghancurkan	hancurkanlah
menghangat	kuhangat
menghangat	kauhangat
menghangat	dihangat
menghangat	terhangat
menghangat	hangat
menghangat	hangatlah
menghangati	dihangati
menghangati	kuhangati
menghangati	kauhangati
menghangati	hangati
menghangati	hangatilah
menghangatkan	dihangatkan
menghangatkan	kuhangatkan
menghangatkan	kauhangatkan
menghangatkan	hangatkan
menghangatkan	hangatkanlah
menghangus	kuhangus
menghangus	kauhangus
menghangus	dihangus
menghangus	terhangus
menghangus	hangus
menghangus	hanguslah
menghanguskan	dihanguskan
menghanguskan	kuhanguskan
menghanguskan	kauhanguskan
menghanguskan	hanguskan
menghanguskan	hanguskanlah
menghantam	kuhantam
menghantam	kauhantam
menghantam	dihantam
menghantam	terhantam
menghantam	hantam
menghantam	hantamlah
menghantar	kuhantar
menghantar	kauhantar
menghantar	dihantar
menghantar	terhantar
menghantar	hantar
menghantar	hantarlah
menghantu	kuhantu
menghantu	kauhantu
menghantu	dihantu
menghantu	terhantu
menghantu	hantu
menghantu	hantulah
menghantui	dihantui
menghantui	kuhantui
menghantui	kauhantui
menghantui	hantui
menghantui	hantuilah
menghapus	kuhapus
menghapus	kauhapus
menghapus	dihapus
menghapus	terhapus
menghapus	hapus
menghapus	hapuslah
menghapuskan	dihapuskan
menghapuskan	kuhapuskan
menghapuskan	kauhapuskan
menghapuskan	hapuskan
menghapuskan	hapuskanlah
mengharamkan	diharamkan
mengharamkan	kuharamkan
mengharamkan	kauharamkan
mengharamkan	haramkan
mengharamkan	haramkanlah
mengharap	kuharap
mengharap	kauharap
mengharap	diharap
mengharap	terharap
mengharap	harap
mengharap	haraplah
menghardik	kuhardik
menghardik	kauhardik
menghardik	dihardik
menghardik	terhardik
menghardik	hardik
menghardik	hardiklah
menghargai	dihargai
menghargai	kuhargai
menghargai	kauhargai
menghargai	hargai
menghargai	hargailah
mengharimau	kuharimau
mengharimau	kauharimau
mengharimau	diharimau
mengharimau	terharimau
mengharimau	harimau
mengharimau	harimaulah
mengharmonikan	diharmonikan
mengharmonikan	kuharmonikan
mengharmonikan	kauharmonikan
mengharmonikan	harmonikan
mengharmonikan	harmonikanlah
mengharmoniskan	diharmoniskan
mengharmoniskan	kuharmoniskan
mengharmoniskan	kauharmoniskan
mengharmoniskan	harmoniskan
mengharmoniskan	harmoniskanlah
mengharu	kuharu
mengharu	kauharu
mengharu	diharu
mengharu	terharu
mengharu	haru
mengharu	harulah
mengharum	kuharum
mengharum	kauharum
mengharum	diharum
mengharum	terharum
mengharum	harum
mengharum	harumlah
mengharumi	diharumi
mengharumi	kuharumi
mengharumi	kauharumi
mengharumi	harumi
mengharumi	harumilah
mengharumkan	diharumkan
mengharumkan	kuharumkan
mengharumkan	kauharumkan
mengharumkan	harumkan
mengharumkan	harumkanlah
mengharuskan	diharuskan
mengharuskan	kuharuskan
mengharuskan	kauharuskan
mengharuskan	haruskan
mengharuskan	haruskanlah
menghasilkan	dihasilkan
menghasilkan	kuhasilkan
menghasilkan	kauhasilkan
menghasilkan	hasilkan
menghasilkan	hasilkanlah
menghasta	kuhasta
menghasta	kauhasta
menghasta	dihasta
menghasta	terhasta
menghasta	hasta
menghasta	hastalah
menghasud	kuhasud
menghasud	kauhasud
menghasud	dihasud
menghasud	terhasud
menghasud	hasud
menghasud	hasudlah
menghasut	kuhasut
menghasut	kauhasut
menghasut	dihasut
menghasut	terhasut
menghasut	hasut
menghasut	hasutlah
menghauskan	dihauskan
menghauskan	kuhauskan
menghauskan	kauhauskan
menghauskan	hauskan
menghauskan	hauskanlah
menghawa	kuhawa
menghawa	kauhawa
menghawa	dihawa
menghawa	terhawa
menghawa	hawa
menghawa	hawalah
menghayati	dihayati
menghayati	kuhayati
menghayati	kauhayati
menghayati	hayati
menghayati	hayatilah
mengheban	kuheban
mengheban	kauheban
mengheban	diheban
mengheban	terheban
mengheban	heban
mengheban	hebanlah
menghebat	kuhebat
menghebat	kauhebat
menghebat	dihebat
menghebat	terhebat
menghebat	hebat
menghebat	hebatlah
menghebatkan	dihebatkan
menghebatkan	kuhebatkan
menghebatkan	kauhebatkan
menghebatkan	hebatkan
menghebatkan	hebatkanlah
menghebohkan	dihebohkan
menghebohkan	kuhebohkan
menghebohkan	kauhebohkan
menghebohkan	hebohkan
menghebohkan	hebohkanlah
menghela	kuhela
menghela	kauhela
menghela	dihela
menghela	terhela
menghela	hela
menghela	helalah
menghelakan	dihelakan
menghelakan	kuhelakan
menghelakan	kauhelakan
menghelakan	helakan
menghelakan	helakanlah
menghelat	kuhelat
menghelat	kauhelat
menghelat	dihelat
menghelat	terhelat
menghelat	helat
menghelat	helatlah
menghemat	kuhemat
menghemat	kauhemat
menghemat	dihemat
menghemat	terhemat
menghemat	hemat
menghemat	hematlah
menghembalang	kuhembalang
menghembalang	kauhembalang
menghembalang	dihembalang
menghembalang	terhembalang
menghembalang	hembalang
menghembalang	hembalanglah
menghempap	kuhempap
menghempap	kauhempap
menghempap	dihempap
menghempap	terhempap
menghempap	hempap
menghempap	hempaplah
menghempapkan	dihempapkan
menghempapkan	kuhempapkan
menghempapkan	kauhempapkan
menghempapkan	hempapkan
menghempapkan	hempapkanlah
menghempas	kuhempas
menghempas	kauhempas
menghempas	dihempas
menghempas	terhempas
menghempas	hempas
menghempas	hempaslah
menghempaskan	dihempaskan
menghempaskan	kuhempaskan
menghempaskan	kauhempaskan
menghempaskan	hempaskan
menghempaskan	hempaskanlah
menghendaki	dihendaki
menghendaki	kuhendaki
menghendaki	kauhendaki
menghendaki	hendaki
menghendaki	hendakilah
mengheningkan	diheningkan
mengheningkan	kuheningkan
mengheningkan	kauheningkan
mengheningkan	heningkan
mengheningkan	heningkanlah
menghentakkan	
mengherani	diherani
mengherani	kuherani
mengherani	kauherani
mengherani	herani
mengherani	heranilah
menghias	kuhias
menghias	kauhias
menghias	dihias
menghias	terhias
menghias	hias
menghias	hiaslah
menghiasi	dihiasi
menghiasi	kuhiasi
menghiasi	kauhiasi
menghiasi	hiasi
menghiasi	hiasilah
menghibahkan	dihibahkan
menghibahkan	kuhibahkan
menghibahkan	kauhibahkan
menghibahkan	hibahkan
menghibahkan	hibahkanlah
menghibur	kuhibur
menghibur	kauhibur
menghibur	dihibur
menghibur	terhibur
menghibur	hibur
menghibur	hiburlah
menghidangkan	dihidangkan
menghidangkan	kuhidangkan
menghidangkan	kauhidangkan
menghidangkan	hidangkan
menghidangkan	hidangkanlah
menghidrogenasi	kuhidrogenasi
menghidrogenasi	kauhidrogenasi
menghidrogenasi	dihidrogenasi
menghidrogenasi	terhidrogenasi
menghidrogenasi	hidrogenasi
menghidrogenasi	hidrogenasilah
menghidrolisis	kuhidrolisis
menghidrolisis	kauhidrolisis
menghidrolisis	dihidrolisis
menghidrolisis	terhidrolisis
menghidrolisis	hidrolisis
menghidrolisis	hidrolisislah
menghidroponikkan	dihidroponikkan
menghidroponikkan	kuhidroponikkan
menghidroponikkan	kauhidroponikkan
menghidroponikkan	hidroponikkan
menghidroponikkan	hidroponikkanlah
menghidu	kuhidu
menghidu	kauhidu
menghidu	dihidu
menghidu	terhidu
menghidu	hidu
menghidu	hidulah
menghidung	kuhidung
menghidung	kauhidung
menghidung	dihidung
menghidung	terhidung
menghidung	hidung
menghidung	hidunglah
menghidupi	dihidupi
menghidupi	kuhidupi
menghidupi	kauhidupi
menghidupi	hidupi
menghidupi	hidupilah
menghidupkan	dihidupkan
menghidupkan	kuhidupkan
menghidupkan	kauhidupkan
menghidupkan	hidupkan
menghidupkan	hidupkanlah
menghierarkikan	dihierarkikan
menghierarkikan	kuhierarkikan
menghierarkikan	kauhierarkikan
menghierarkikan	hierarkikan
menghierarkikan	hierarkikanlah
menghijau	kuhijau
menghijau	kauhijau
menghijau	dihijau
menghijau	terhijau
menghijau	hijau
menghijau	hijaulah
menghijaukan	dihijaukan
menghijaukan	kuhijaukan
menghijaukan	kauhijaukan
menghijaukan	hijaukan
menghijaukan	hijaukanlah
menghijrahkan	dihijrahkan
menghijrahkan	kuhijrahkan
menghijrahkan	kauhijrahkan
menghijrahkan	hijrahkan
menghijrahkan	hijrahkanlah
menghilang	
menghilangkan	dihilangkan
menghilangkan	kuhilangkan
menghilangkan	kauhilangkan
menghilangkan	hilangkan
menghilangkan	hilangkanlah
menghilir	kuhilir
menghilir	kauhilir
menghilir	dihilir
menghilir	terhilir
menghilir	hilir
menghilir	hilirlah
menghiliri	dihiliri
menghiliri	kuhiliri
menghiliri	kauhiliri
menghiliri	hiliri
menghiliri	hilirilah
menghilirkan	dihilirkan
menghilirkan	kuhilirkan
menghilirkan	kauhilirkan
menghilirkan	hilirkan
menghilirkan	hilirkanlah
menghimpun	kuhimpun
menghimpun	kauhimpun
menghimpun	dihimpun
menghimpun	terhimpun
menghimpun	himpun
menghimpun	himpunlah
menghina	kuhina
menghina	kauhina
menghina	dihina
menghina	terhina
menghina	hina
menghina	hinalah
menghinap-hinap	
menghindar	kuhindar
menghindar	kauhindar
menghindar	dihindar
menghindar	terhindar
menghindar	hindar
menghindar	hindarlah
menghindari	dihindari
menghindari	kuhindari
menghindari	kauhindari
menghindari	hindari
menghindari	hindarilah
menghindarkan	dihindarkan
menghindarkan	kuhindarkan
menghindarkan	kauhindarkan
menghindarkan	hindarkan
menghindarkan	hindarkanlah
menghinggapi	dihinggapi
menghinggapi	kuhinggapi
menghinggapi	kauhinggapi
menghinggapi	hinggapi
menghinggapi	hinggapilah
menghinggut	kuhinggut
menghinggut	kauhinggut
menghinggut	dihinggut
menghinggut	terhinggut
menghinggut	hinggut
menghinggut	hinggutlah
menghipnosis	kuhipnosis
menghipnosis	kauhipnosis
menghipnosis	dihipnosis
menghipnosis	terhipnosis
menghipnosis	hipnosis
menghipnosis	hipnosislah
menghirap	kuhirap
menghirap	kauhirap
menghirap	dihirap
menghirap	terhirap
menghirap	hirap
menghirap	hiraplah
menghiraukan	dihiraukan
menghiraukan	kuhiraukan
menghiraukan	kauhiraukan
menghiraukan	hiraukan
menghiraukan	hiraukanlah
menghiruk	kuhiruk
menghiruk	kauhiruk
menghiruk	dihiruk
menghiruk	terhiruk
menghiruk	hiruk
menghiruk	hiruklah
menghirukkan	dihirukkan
menghirukkan	kuhirukkan
menghirukkan	kauhirukkan
menghirukkan	hirukkan
menghirukkan	hirukkanlah
menghirup	kuhirup
menghirup	kauhirup
menghirup	dihirup
menghirup	terhirup
menghirup	hirup
menghirup	hiruplah
menghisab	kuhisab
menghisab	kauhisab
menghisab	dihisab
menghisab	terhisab
menghisab	hisab
menghisab	hisablah
menghisabkan	dihisabkan
menghisabkan	kuhisabkan
menghisabkan	kauhisabkan
menghisabkan	hisabkan
menghisabkan	hisabkanlah
menghisap	kuhisap
menghisap	kauhisap
menghisap	dihisap
menghisap	terhisap
menghisap	hisap
menghisap	hisaplah
menghitam	kuhitam
menghitam	kauhitam
menghitam	dihitam
menghitam	terhitam
menghitam	hitam
menghitam	hitamlah
menghitami	dihitami
menghitami	kuhitami
menghitami	kauhitami
menghitami	hitami
menghitami	hitamilah
menghitamkan	dihitamkan
menghitamkan	kuhitamkan
menghitamkan	kauhitamkan
menghitamkan	hitamkan
menghitamkan	hitamkanlah
menghitung	kuhitung
menghitung	kauhitung
menghitung	dihitung
menghitung	terhitung
menghitung	hitung
menghitung	hitunglah
menghitung-hitung	
menghitungi	dihitungi
menghitungi	kuhitungi
menghitungi	kauhitungi
menghitungi	hitungi
menghitungi	hitungilah
menghonori	dihonori
menghonori	kuhonori
menghonori	kauhonori
menghonori	honori
menghonori	honorilah
menghormat	kuhormat
menghormat	kauhormat
menghormat	dihormat
menghormat	terhormat
menghormat	hormat
menghormat	hormatlah
menghormati	dihormati
menghormati	kuhormati
menghormati	kauhormati
menghormati	hormati
menghormati	hormatilah
menghubung-hubungkan	
menghubungi	dihubungi
menghubungi	kuhubungi
menghubungi	kauhubungi
menghubungi	hubungi
menghubungi	hubungilah
menghujan	kuhujan
menghujan	kauhujan
menghujan	dihujan
menghujan	terhujan
menghujan	hujan
menghujan	hujanlah
menghujan-hujankan	
menghujananginkan	
menghujani	dihujani
menghujani	kuhujani
menghujani	kauhujani
menghujani	hujani
menghujani	hujanilah
menghujanpanaskan	
menghujat	kuhujat
menghujat	kauhujat
menghujat	dihujat
menghujat	terhujat
menghujat	hujat
menghujat	hujatlah
menghukum	kuhukum
menghukum	kauhukum
menghukum	dihukum
menghukum	terhukum
menghukum	hukum
menghukum	hukumlah
menghulu	kuhulu
menghulu	kauhulu
menghulu	dihulu
menghulu	terhulu
menghulu	hulu
menghulu	hululah
menghuni	kuhuni
menghuni	kauhuni
menghuni	dihuni
menghuni	terhuni
menghuni	huni
menghuni	hunilah
menghunjam	kuhunjam
menghunjam	kauhunjam
menghunjam	dihunjam
menghunjam	terhunjam
menghunjam	hunjam
menghunjam	hunjamlah
menghunjamkan	dihunjamkan
menghunjamkan	kuhunjamkan
menghunjamkan	kauhunjamkan
menghunjamkan	hunjamkan
menghunjamkan	hunjamkanlah
menghunus	kuhunus
menghunus	kauhunus
menghunus	dihunus
menghunus	terhunus
menghunus	hunus
menghunus	hunuslah
menghutan	kuhutan
menghutan	kauhutan
menghutan	dihutan
menghutan	terhutan
menghutan	hutan
menghutan	hutanlah
menghutankan	dihutankan
menghutankan	kuhutankan
menghutankan	kauhutankan
menghutankan	hutankan
menghutankan	hutankanlah
mengiah	kukiah
mengiah	kaukiah
mengiah	dikiah
mengiah	terkiah
mengiah	kiah
mengiah	kiahlah
mengiahkan	dikiahkan
mengiahkan	kukiahkan
mengiahkan	kaukiahkan
mengiahkan	kiahkan
mengiahkan	kiahkanlah
mengiang	kungiang
mengiang	kaungiang
mengiang	dingiang
mengiang	terngiang
mengiang	ngiang
mengiang	ngianglah
mengiang-ngiang	
mengias	kukias
mengias	kaukias
mengias	dikias
mengias	terkias
mengias	kias
mengias	kiaslah
mengiasi	dikiasi
mengiasi	kukiasi
mengiasi	kaukiasi
mengiasi	kiasi
mengiasi	kiasilah
mengibai	diibai
mengibai	kuibai
mengibai	kauibai
mengibai	ibai
mengibai	ibailah
mengibakan	diibakan
mengibakan	kuibakan
mengibakan	kauibakan
mengibakan	ibakan
mengibakan	ibakanlah
mengibar-ngibarkan	
mengibas	kukibas
mengibas	kaukibas
mengibas	dikibas
mengibas	terkibas
mengibas	kibas
mengibas	kibaslah
mengibas-ngibas	
mengibas-ngibaskan	
mengibaskan	dikibaskan
mengibaskan	kukibaskan
mengibaskan	kaukibaskan
mengibaskan	kibaskan
mengibaskan	kibaskanlah
mengibing	kuibing
mengibing	kauibing
mengibing	diibing
mengibing	teribing
mengibing	ibing
mengibing	ibinglah
mengibuli	dikibuli
mengibuli	kukibuli
mengibuli	kaukibuli
mengibuli	kibuli
mengibuli	kibulilah
mengicu	kukicu
mengicu	kaukicu
mengicu	dikicu
mengicu	terkicu
mengicu	kicu
mengicu	kiculah
mengidah	kuidah
mengidah	kauidah
mengidah	diidah
mengidah	teridah
mengidah	idah
mengidah	idahlah
mengidahkan	diidahkan
mengidahkan	kuidahkan
mengidahkan	kauidahkan
mengidahkan	idahkan
mengidahkan	idahkanlah
mengidam	kuidam
mengidam	kauidam
mengidam	diidam
mengidam	teridam
mengidam	idam
mengidam	idamlah
mengidam-idamkan	
mengidamkan	diidamkan
mengidamkan	kuidamkan
mengidamkan	kauidamkan
mengidamkan	idamkan
mengidamkan	idamkanlah
mengidap	kuidap
mengidap	kauidap
mengidap	diidap
mengidap	teridap
mengidap	idap
mengidap	idaplah
mengidas	kuidas
mengidas	kauidas
mengidas	diidas
mengidas	teridas
mengidas	idas
mengidas	idaslah
mengidealisasikan	diidealisasikan
mengidealisasikan	kuidealisasikan
mengidealisasikan	kauidealisasikan
mengidealisasikan	idealisasikan
mengidealisasikan	idealisasikanlah
mengidealkan	diidealkan
mengidealkan	kuidealkan
mengidealkan	kauidealkan
mengidealkan	idealkan
mengidealkan	idealkanlah
mengidentifikasi	kuidentifikasi
mengidentifikasi	kauidentifikasi
mengidentifikasi	diidentifikasi
mengidentifikasi	teridentifikasi
mengidentifikasi	identifikasi
mengidentifikasi	identifikasilah
mengidentikkan	diidentikkan
mengidentikkan	kuidentikkan
mengidentikkan	kauidentikkan
mengidentikkan	identikkan
mengidentikkan	identikkanlah
mengidolakan	diidolakan
mengidolakan	kuidolakan
mengidolakan	kauidolakan
mengidolakan	idolakan
mengidolakan	idolakanlah
mengidung	kukidung
mengidung	kaukidung
mengidung	dikidung
mengidung	terkidung
mengidung	kidung
mengidung	kidunglah
mengidungkan	dikidungkan
mengidungkan	kukidungkan
mengidungkan	kaukidungkan
mengidungkan	kidungkan
mengidungkan	kidungkanlah
mengigal	kuigal
mengigal	kauigal
mengigal	diigal
mengigal	terigal
mengigal	igal
mengigal	igallah
mengigau	kuigau
mengigau	kauigau
mengigau	diigau
mengigau	terigau
mengigau	igau
mengigau	igaulah
mengigaukan	diigaukan
mengigaukan	kuigaukan
mengigaukan	kauigaukan
mengigaukan	igaukan
mengigaukan	igaukanlah
mengihtimalkan	diihtimalkan
mengihtimalkan	kuihtimalkan
mengihtimalkan	kauihtimalkan
mengihtimalkan	ihtimalkan
mengihtimalkan	ihtimalkanlah
mengijing	kukijing
mengijing	kaukijing
mengijing	dikijing
mengijing	terkijing
mengijing	kijing
mengijing	kijinglah
mengijmalkan	diijmalkan
mengijmalkan	kuijmalkan
mengijmalkan	kauijmalkan
mengijmalkan	ijmalkan
mengijmalkan	ijmalkanlah
mengijuk	kuijuk
mengijuk	kauijuk
mengijuk	diijuk
mengijuk	terijuk
mengijuk	ijuk
mengijuk	ijuklah
mengikal	kuikal
mengikal	kauikal
mengikal	diikal
mengikal	terikal
mengikal	ikal
mengikal	ikallah
mengikat	kuikat
mengikat	kauikat
mengikat	diikat
mengikat	terikat
mengikat	ikat
mengikat	ikatlah
mengikhlaskan	diikhlaskan
mengikhlaskan	kuikhlaskan
mengikhlaskan	kauikhlaskan
mengikhlaskan	ikhlaskan
mengikhlaskan	ikhlaskanlah
mengikhtisarkan	diikhtisarkan
mengikhtisarkan	kuikhtisarkan
mengikhtisarkan	kauikhtisarkan
mengikhtisarkan	ikhtisarkan
mengikhtisarkan	ikhtisarkanlah
mengikik	kukikik
mengikik	kaukikik
mengikik	dikikik
mengikik	terkikik
mengikik	kikik
mengikik	kikiklah
mengikir	kukikir
mengikir	kaukikir
mengikir	dikikir
mengikir	terkikir
mengikir	kikir
mengikir	kikirlah
mengikis	kukikis
mengikis	kaukikis
mengikis	dikikis
mengikis	terkikis
mengikis	kikis
mengikis	kikislah
mengiklankan	diiklankan
mengiklankan	kuiklankan
mengiklankan	kauiklankan
mengiklankan	iklankan
mengiklankan	iklankanlah
mengikut	kuikut
mengikut	kauikut
mengikut	diikut
mengikut	terikut
mengikut	ikut
mengikut	ikutlah
mengikuti	diikuti
mengikuti	kuikuti
mengikuti	kauikuti
mengikuti	ikuti
mengikuti	ikutilah
mengilah	kukilah
mengilah	kaukilah
mengilah	dikilah
mengilah	terkilah
mengilah	kilah
mengilah	kilahlah
mengilah-ngilahkan	
mengilai	kukilai
mengilai	kaukilai
mengilai	dikilai
mengilai	terkilai
mengilai	kilai
mengilai	kilailah
mengilan	kukilan
mengilan	kaukilan
mengilan	dikilan
mengilan	terkilan
mengilan	kilan
mengilan	kilanlah
mengilang	kukilang
mengilang	kaukilang
mengilang	dikilang
mengilang	terkilang
mengilang	kilang
mengilang	kilanglah
mengilap	kukilap
mengilap	kaukilap
mengilap	dikilap
mengilap	terkilap
mengilap	kilap
mengilap	kilaplah
mengilar	kuilar
mengilar	kauilar
mengilar	diilar
mengilar	terilar
mengilar	ilar
mengilar	ilarlah
mengilas	kukilas
mengilas	kaukilas
mengilas	dikilas
mengilas	terkilas
mengilas	kilas
mengilas	kilaslah
mengilat	kukilat
mengilat	kaukilat
mengilat	dikilat
mengilat	terkilat
mengilat	kilat
mengilat	kilatlah
mengilat-ngilatkan	
mengilau	kukilau
mengilau	kaukilau
mengilau	dikilau
mengilau	terkilau
mengilau	kilau
mengilau	kilaulah
mengiler	kuiler
mengiler	kauiler
mengiler	diiler
mengiler	teriler
mengiler	iler
mengiler	ilerlah
mengiles	kuiles
mengiles	kauiles
mengiles	diiles
mengiles	teriles
mengiles	iles
mengiles	ileslah
mengilhami	diilhami
mengilhami	kuilhami
mengilhami	kauilhami
mengilhami	ilhami
mengilhami	ilhamilah
mengilhamkan	diilhamkan
mengilhamkan	kuilhamkan
mengilhamkan	kauilhamkan
mengilhamkan	ilhamkan
mengilhamkan	ilhamkanlah
mengili	kukili
mengili	kaukili
mengili	dikili
mengili	terkili
mengili	kili
mengili	kililah
mengiling	kuiling
mengiling	kauiling
mengiling	diiling
mengiling	teriling
mengiling	iling
mengiling	ilinglah
mengilir	kukilir
mengilir	kaukilir
mengilir	dikilir
mengilir	terkilir
mengilir	kilir
mengilir	kilirlah
mengilmiahkan	diilmiahkan
mengilmiahkan	kuilmiahkan
mengilmiahkan	kauilmiahkan
mengilmiahkan	ilmiahkan
mengilmiahkan	ilmiahkanlah
mengilo	kukilo
mengilo	kaukilo
mengilo	dikilo
mengilo	terkilo
mengilo	kilo
mengilo	kilolah
mengilustrasikan	diilustrasikan
mengilustrasikan	kuilustrasikan
mengilustrasikan	kauilustrasikan
mengilustrasikan	ilustrasikan
mengilustrasikan	ilustrasikanlah
mengimak	kuimak
mengimak	kauimak
mengimak	diimak
mengimak	terimak
mengimak	imak
mengimak	imaklah
mengimak-imak	
mengimami	diimami
mengimami	kuimami
mengimami	kauimami
mengimami	imami
mengimami	imamilah
mengimani	diimani
mengimani	kuimani
mengimani	kauimani
mengimani	imani
mengimani	imanilah
mengimbah	kukimbah
mengimbah	kaukimbah
mengimbah	dikimbah
mengimbah	terkimbah
mengimbah	kimbah
mengimbah	kimbahlah
mengimbal	kuimbal
mengimbal	kauimbal
mengimbal	diimbal
mengimbal	terimbal
mengimbal	imbal
mengimbal	imballah
mengimbali	diimbali
mengimbali	kuimbali
mengimbali	kauimbali
mengimbali	imbali
mengimbali	imbalilah
mengimbalkan	diimbalkan
mengimbalkan	kuimbalkan
mengimbalkan	kauimbalkan
mengimbalkan	imbalkan
mengimbalkan	imbalkanlah
mengimbang	kuimbang
mengimbang	kauimbang
mengimbang	diimbang
mengimbang	terimbang
mengimbang	imbang
mengimbang	imbanglah
mengimbangi	diimbangi
mengimbangi	kuimbangi
mengimbangi	kauimbangi
mengimbangi	imbangi
mengimbangi	imbangilah
mengimbas	kuimbas
mengimbas	kauimbas
mengimbas	diimbas
mengimbas	terimbas
mengimbas	imbas
mengimbas	imbaslah
mengimbasi	diimbasi
mengimbasi	kuimbasi
mengimbasi	kauimbasi
mengimbasi	imbasi
mengimbasi	imbasilah
mengimbau	kuimbau
mengimbau	kauimbau
mengimbau	diimbau
mengimbau	terimbau
mengimbau	imbau
mengimbau	imbaulah
mengimbit	kuimbit
mengimbit	kauimbit
mengimbit	diimbit
mengimbit	terimbit
mengimbit	imbit
mengimbit	imbitlah
mengimbuh	kuimbuh
mengimbuh	kauimbuh
mengimbuh	diimbuh
mengimbuh	terimbuh
mengimbuh	imbuh
mengimbuh	imbuhlah
mengimbuhi	diimbuhi
mengimbuhi	kuimbuhi
mengimbuhi	kauimbuhi
mengimbuhi	imbuhi
mengimbuhi	imbuhilah
mengimitasi	kuimitasi
mengimitasi	kauimitasi
mengimitasi	diimitasi
mengimitasi	terimitasi
mengimitasi	imitasi
mengimitasi	imitasilah
mengimkan	kuimkan
mengimkan	kauimkan
mengimkan	diimkan
mengimkan	terimkan
mengimkan	imkan
mengimkan	imkanlah
mengimlakan	diimlakan
mengimlakan	kuimlakan
mengimlakan	kauimlakan
mengimlakan	imlakan
mengimlakan	imlakanlah
mengimpal	kukimpal
mengimpal	kaukimpal
mengimpal	dikimpal
mengimpal	terkimpal
mengimpal	kimpal
mengimpal	kimpallah
mengimpas	kuimpas
mengimpas	kauimpas
mengimpas	diimpas
mengimpas	terimpas
mengimpas	impas
mengimpas	impaslah
mengimpaskan	diimpaskan
mengimpaskan	kuimpaskan
mengimpaskan	kauimpaskan
mengimpaskan	impaskan
mengimpaskan	impaskanlah
mengimpikan	diimpikan
mengimpikan	kuimpikan
mengimpikan	kauimpikan
mengimpikan	impikan
mengimpikan	impikanlah
mengimpit	kuimpit
mengimpit	kauimpit
mengimpit	diimpit
mengimpit	terimpit
mengimpit	impit
mengimpit	impitlah
mengimplementasikan	diimplementasikan
mengimplementasikan	kuimplementasikan
mengimplementasikan	kauimplementasikan
mengimplementasikan	implementasikan
mengimplementasikan	implementasikanlah
mengimplisitkan	diimplisitkan
mengimplisitkan	kuimplisitkan
mengimplisitkan	kauimplisitkan
mengimplisitkan	implisitkan
mengimplisitkan	implisitkanlah
mengimpor	kuimpor
mengimpor	kauimpor
mengimpor	diimpor
mengimpor	terimpor
mengimpor	impor
mengimpor	imporlah
menginai	kuinai
menginai	kauinai
menginai	diinai
menginai	terinai
menginai	inai
menginai	inailah
menginang	kukinang
menginang	kaukinang
menginang	dikinang
menginang	terkinang
menginang	kinang
menginang	kinanglah
menginap	kuinap
menginap	kauinap
menginap	diinap
menginap	terinap
menginap	inap
menginap	inaplah
menginapkan	diinapkan
menginapkan	kuinapkan
menginapkan	kauinapkan
menginapkan	inapkan
menginapkan	inapkanlah
mengincah	kukincah
mengincah	kaukincah
mengincah	dikincah
mengincah	terkincah
mengincah	kincah
mengincah	kincahlah
mengincar	kuincar
mengincar	kauincar
mengincar	diincar
mengincar	terincar
mengincar	incar
mengincar	incarlah
mengincitkan	diincitkan
mengincitkan	kuincitkan
mengincitkan	kauincitkan
mengincitkan	incitkan
mengincitkan	incitkanlah
mengincrit-incrit	
mengincup	kukincup
mengincup	kaukincup
mengincup	dikincup
mengincup	terkincup
mengincup	kincup
mengincup	kincuplah
mengindahkan	diindahkan
mengindahkan	kuindahkan
mengindahkan	kauindahkan
mengindahkan	indahkan
mengindahkan	indahkanlah
mengindang	kuindang
mengindang	kauindang
mengindang	diindang
mengindang	terindang
mengindang	indang
mengindang	indanglah
mengindekoskan	diindekoskan
mengindekoskan	kuindekoskan
mengindekoskan	kauindekoskan
mengindekoskan	indekoskan
mengindekoskan	indekoskanlah
mengindik	kuindik
mengindik	kauindik
mengindik	diindik
mengindik	terindik
mengindik	indik
mengindik	indiklah
menginding	kuinding
menginding	kauinding
menginding	diinding
menginding	terinding
menginding	inding
menginding	indinglah
mengindoktrinasi	kuindoktrinasi
mengindoktrinasi	kauindoktrinasi
mengindoktrinasi	diindoktrinasi
mengindoktrinasi	terindoktrinasi
mengindoktrinasi	indoktrinasi
mengindoktrinasi	indoktrinasilah
mengindra	kuindra
mengindra	kauindra
mengindra	diindra
mengindra	terindra
mengindra	indra
mengindra	indralah
menginduk	kuinduk
menginduk	kauinduk
menginduk	diinduk
menginduk	terinduk
menginduk	induk
menginduk	induklah
menginduksi	kuinduksi
menginduksi	kauinduksi
menginduksi	diinduksi
menginduksi	terinduksi
menginduksi	induksi
menginduksi	induksilah
mengindustrikan	diindustrikan
mengindustrikan	kuindustrikan
mengindustrikan	kauindustrikan
mengindustrikan	industrikan
mengindustrikan	industrikanlah
menginfakkan	diinfakkan
menginfakkan	kuinfakkan
menginfakkan	kauinfakkan
menginfakkan	infakkan
menginfakkan	infakkanlah
menginfeksi	kuinfeksi
menginfeksi	kauinfeksi
menginfeksi	diinfeksi
menginfeksi	terinfeksi
menginfeksi	infeksi
menginfeksi	infeksilah
menginfiltrasi	kuinfiltrasi
menginfiltrasi	kauinfiltrasi
menginfiltrasi	diinfiltrasi
menginfiltrasi	terinfiltrasi
menginfiltrasi	infiltrasi
menginfiltrasi	infiltrasilah
menginformasikan	diinformasikan
menginformasikan	kuinformasikan
menginformasikan	kauinformasikan
menginformasikan	informasikan
menginformasikan	informasikanlah
menginfus	kuinfus
menginfus	kauinfus
menginfus	diinfus
menginfus	terinfus
menginfus	infus
menginfus	infuslah
mengingari	diingari
mengingari	kuingari
mengingari	kauingari
mengingari	ingari
mengingari	ingarilah
mengingarkan	diingarkan
mengingarkan	kuingarkan
mengingarkan	kauingarkan
mengingarkan	ingarkan
mengingarkan	ingarkanlah
mengingat	kuingat
mengingat	kauingat
mengingat	diingat
mengingat	teringat
mengingat	ingat
mengingat	ingatlah
mengingati	diingati
mengingati	kuingati
mengingati	kauingati
mengingati	ingati
mengingati	ingatilah
mengingau	kuingau
mengingau	kauingau
mengingau	diingau
mengingau	teringau
mengingau	ingau
mengingau	ingaulah
mengingaukan	diingaukan
mengingaukan	kuingaukan
mengingaukan	kauingaukan
mengingaukan	ingaukan
mengingaukan	ingaukanlah
mengingini	diingini
mengingini	kuingini
mengingini	kauingini
mengingini	ingini
mengingini	inginilah
mengingkari	diingkari
mengingkari	kuingkari
mengingkari	kauingkari
mengingkari	ingkari
mengingkari	ingkarilah
mengingsar	kuingsar
mengingsar	kauingsar
mengingsar	diingsar
mengingsar	teringsar
mengingsar	ingsar
mengingsar	ingsarlah
mengingsut	kuingsut
mengingsut	kauingsut
mengingsut	diingsut
mengingsut	teringsut
mengingsut	ingsut
mengingsut	ingsutlah
mengingusi	diingusi
mengingusi	kuingusi
mengingusi	kauingusi
mengingusi	ingusi
mengingusi	ingusilah
menginisiasikan	diinisiasikan
menginisiasikan	kuinisiasikan
menginisiasikan	kauinisiasikan
menginisiasikan	inisiasikan
menginisiasikan	inisiasikanlah
menginjak	kuinjak
menginjak	kauinjak
menginjak	diinjak
menginjak	terinjak
menginjak	injak
menginjak	injaklah
menginjak-injak	
menginjakkan	
menginjap	kuinjap
menginjap	kauinjap
menginjap	diinjap
menginjap	terinjap
menginjap	injap
menginjap	injaplah
menginjeksi	kuinjeksi
menginjeksi	kauinjeksi
menginjeksi	diinjeksi
menginjeksi	terinjeksi
menginjeksi	injeksi
menginjeksi	injeksilah
menginkorporasikan	diinkorporasikan
menginkorporasikan	kuinkorporasikan
menginkorporasikan	kauinkorporasikan
menginkorporasikan	inkorporasikan
menginkorporasikan	inkorporasikanlah
menginovasikan	diinovasikan
menginovasikan	kuinovasikan
menginovasikan	kauinovasikan
menginovasikan	inovasikan
menginovasikan	inovasikanlah
menginsafi	diinsafi
menginsafi	kuinsafi
menginsafi	kauinsafi
menginsafi	insafi
menginsafi	insafilah
menginsafkan	diinsafkan
menginsafkan	kuinsafkan
menginsafkan	kauinsafkan
menginsafkan	insafkan
menginsafkan	insafkanlah
menginsinuasi	kuinsinuasi
menginsinuasi	kauinsinuasi
menginsinuasi	diinsinuasi
menginsinuasi	terinsinuasi
menginsinuasi	insinuasi
menginsinuasi	insinuasilah
menginspeksi	kuinspeksi
menginspeksi	kauinspeksi
menginspeksi	diinspeksi
menginspeksi	terinspeksi
menginspeksi	inspeksi
menginspeksi	inspeksilah
menginspirasi	kuinspirasi
menginspirasi	kauinspirasi
menginspirasi	diinspirasi
menginspirasi	terinspirasi
menginspirasi	inspirasi
menginspirasi	inspirasilah
menginspirasikan	diinspirasikan
menginspirasikan	kuinspirasikan
menginspirasikan	kauinspirasikan
menginspirasikan	inspirasikan
menginspirasikan	inspirasikanlah
menginstruksikan	diinstruksikan
menginstruksikan	kuinstruksikan
menginstruksikan	kauinstruksikan
menginstruksikan	instruksikan
menginstruksikan	instruksikanlah
mengintai	kuintai
mengintai	kauintai
mengintai	diintai
mengintai	terintai
mengintai	intai
mengintai	intailah
mengintaikan	diintaikan
mengintaikan	kuintaikan
mengintaikan	kauintaikan
mengintaikan	intaikan
mengintaikan	intaikanlah
mengintensifkan	diintensifkan
mengintensifkan	kuintensifkan
mengintensifkan	kauintensifkan
mengintensifkan	intensifkan
mengintensifkan	intensifkanlah
menginterlokal	kuinterlokal
menginterlokal	kauinterlokal
menginterlokal	diinterlokal
menginterlokal	terinterlokal
menginterlokal	interlokal
menginterlokal	interlokallah
menginternasional	kuinternasional
menginternasional	kauinternasional
menginternasional	diinternasional
menginternasional	terinternasional
menginternasional	internasional
menginternasional	internasionallah
menginternasionalkan	diinternasionalkan
menginternasionalkan	kuinternasionalkan
menginternasionalkan	kauinternasionalkan
menginternasionalkan	internasionalkan
menginternasionalkan	internasionalkanlah
menginternir	kuinternir
menginternir	kauinternir
menginternir	diinternir
menginternir	terinternir
menginternir	internir
menginternir	internirlah
menginterogasi	kuinterogasi
menginterogasi	kauinterogasi
menginterogasi	diinterogasi
menginterogasi	terinterogasi
menginterogasi	interogasi
menginterogasi	interogasilah
menginterpretasikan	diinterpretasikan
menginterpretasikan	kuinterpretasikan
menginterpretasikan	kauinterpretasikan
menginterpretasikan	interpretasikan
menginterpretasikan	interpretasikanlah
menginterupsi	kuinterupsi
menginterupsi	kauinterupsi
menginterupsi	diinterupsi
menginterupsi	terinterupsi
menginterupsi	interupsi
menginterupsi	interupsilah
mengintervensi	kuintervensi
mengintervensi	kauintervensi
mengintervensi	diintervensi
mengintervensi	terintervensi
mengintervensi	intervensi
mengintervensi	intervensilah
menginterviu	kuinterviu
menginterviu	kauinterviu
menginterviu	diinterviu
menginterviu	terinterviu
menginterviu	interviu
menginterviu	interviulah
mengintil	kukintil
mengintil	kaukintil
mengintil	dikintil
mengintil	terkintil
mengintil	kintil
mengintil	kintillah
mengintimi	diintimi
mengintimi	kuintimi
mengintimi	kauintimi
mengintimi	intimi
mengintimi	intimilah
mengintimidasi	kuintimidasi
mengintimidasi	kauintimidasi
mengintimidasi	diintimidasi
mengintimidasi	terintimidasi
mengintimidasi	intimidasi
mengintimidasi	intimidasilah
mengintip	kuintip
mengintip	kauintip
mengintip	diintip
mengintip	terintip
mengintip	intip
mengintip	intiplah
mengintroduksi	kuintroduksi
mengintroduksi	kauintroduksi
mengintroduksi	diintroduksi
mengintroduksi	terintroduksi
mengintroduksi	introduksi
mengintroduksi	introduksilah
mengintroduksikan	diintroduksikan
mengintroduksikan	kuintroduksikan
mengintroduksikan	kauintroduksikan
mengintroduksikan	introduksikan
mengintroduksikan	introduksikanlah
mengintrospeksi	kuintrospeksi
mengintrospeksi	kauintrospeksi
mengintrospeksi	diintrospeksi
mengintrospeksi	terintrospeksi
mengintrospeksi	introspeksi
mengintrospeksi	introspeksilah
menginvasi	kuinvasi
menginvasi	kauinvasi
menginvasi	diinvasi
menginvasi	terinvasi
menginvasi	invasi
menginvasi	invasilah
menginventarisasi	kuinventarisasi
menginventarisasi	kauinventarisasi
menginventarisasi	diinventarisasi
menginventarisasi	terinventarisasi
menginventarisasi	inventarisasi
menginventarisasi	inventarisasilah
menginventarisasikan	diinventarisasikan
menginventarisasikan	kuinventarisasikan
menginventarisasikan	kauinventarisasikan
menginventarisasikan	inventarisasikan
menginventarisasikan	inventarisasikanlah
menginvestigasi	kuinvestigasi
menginvestigasi	kauinvestigasi
menginvestigasi	diinvestigasi
menginvestigasi	terinvestigasi
menginvestigasi	investigasi
menginvestigasi	investigasilah
mengionkan	diionkan
mengionkan	kuionkan
mengionkan	kauionkan
mengionkan	ionkan
mengionkan	ionkanlah
mengipas	kukipas
mengipas	kaukipas
mengipas	dikipas
mengipas	terkipas
mengipas	kipas
mengipas	kipaslah
mengipas-ngipas	
mengipasi	dikipasi
mengipasi	kukipasi
mengipasi	kaukipasi
mengipasi	kipasi
mengipasi	kipasilah
mengipratkan	dikipratkan
mengipratkan	kukipratkan
mengipratkan	kaukipratkan
mengipratkan	kipratkan
mengipratkan	kipratkanlah
mengipuk	kuipuk
mengipuk	kauipuk
mengipuk	diipuk
mengipuk	teripuk
mengipuk	ipuk
mengipuk	ipuklah
mengira	kukira
mengira	kaukira
mengira	dikira
mengira	terkira
mengira	kira
mengira	kiralah
mengira-ngira	
mengira-ngirakan	
mengirabkan	dikirabkan
mengirabkan	kukirabkan
mengirabkan	kaukirabkan
mengirabkan	kirabkan
mengirabkan	kirabkanlah
mengirai	dikirai
mengirai	kukirai
mengirai	kaukirai
mengirai	kirai
mengirai	kirailah
mengirap	kukirap
mengirap	kaukirap
mengirap	dikirap
mengirap	terkirap
mengirap	kirap
mengirap	kiraplah
mengirapkan	dikirapkan
mengirapkan	kukirapkan
mengirapkan	kaukirapkan
mengirapkan	kirapkan
mengirapkan	kirapkanlah
mengiras	kuiras
mengiras	kauiras
mengiras	diiras
mengiras	teriras
mengiras	iras
mengiras	iraslah
mengiras-iras	
mengiras-irasi	
mengiri	kukiri
mengiri	kaukiri
mengiri	dikiri
mengiri	terkiri
mengiri	kiri
mengiri	kirilah
mengirik	kukirik
mengirik	kaukirik
mengirik	dikirik
mengirik	terkirik
mengirik	kirik
mengirik	kiriklah
mengirikan	dikirikan
mengirikan	kukirikan
mengirikan	kaukirikan
mengirikan	kirikan
mengirikan	kirikanlah
mengirim	kukirim
mengirim	kaukirim
mengirim	dikirim
mengirim	terkirim
mengirim	kirim
mengirim	kirimlah
mengirimi	dikirimi
mengirimi	kukirimi
mengirimi	kaukirimi
mengirimi	kirimi
mengirimi	kirimilah
mengiring	kuiring
mengiring	kauiring
mengiring	diiring
mengiring	teriring
mengiring	iring
mengiring	iringlah
mengiringi	diiringi
mengiringi	kuiringi
mengiringi	kauiringi
mengiringi	iringi
mengiringi	iringilah
mengiris	kuiris
mengiris	kauiris
mengiris	diiris
mengiris	teriris
mengiris	iris
mengiris	irislah
mengiris-iris	
mengiriskan	diiriskan
mengiriskan	kuiriskan
mengiriskan	kauiriskan
mengiriskan	iriskan
mengiriskan	iriskanlah
mengirit	kuirit
mengirit	kauirit
mengirit	diirit
mengirit	teririt
mengirit	irit
mengirit	iritlah
mengisa	kukisa
mengisa	kaukisa
mengisa	dikisa
mengisa	terkisa
mengisa	kisa
mengisa	kisalah
mengisai	kukisai
mengisai	kaukisai
mengisai	dikisai
mengisai	terkisai
mengisai	kisai
mengisai	kisailah
mengisap	kuisap
mengisap	kauisap
mengisap	diisap
mengisap	terisap
mengisap	isap
mengisap	isaplah
mengisapkan	diisapkan
mengisapkan	kuisapkan
mengisapkan	kauisapkan
mengisapkan	isapkan
mengisapkan	isapkanlah
mengisar	kukisar
mengisar	kaukisar
mengisar	dikisar
mengisar	terkisar
mengisar	kisar
mengisar	kisarlah
mengisas	kukisas
mengisas	kaukisas
mengisas	dikisas
mengisas	terkisas
mengisas	kisas
mengisas	kisaslah
mengisatkan	dikisatkan
mengisatkan	kukisatkan
mengisatkan	kaukisatkan
mengisatkan	kisatkan
mengisatkan	kisatkanlah
mengisbatkan	diisbatkan
mengisbatkan	kuisbatkan
mengisbatkan	kauisbatkan
mengisbatkan	isbatkan
mengisbatkan	isbatkanlah
mengisengi	diisengi
mengisengi	kuisengi
mengisengi	kauisengi
mengisengi	isengi
mengisengi	isengilah
mengisi	kuisi
mengisi	kauisi
mengisi	diisi
mengisi	terisi
mengisi	isi
mengisi	isilah
mengisik	kukisik
mengisik	kaukisik
mengisik	dikisik
mengisik	terkisik
mengisik	kisik
mengisik	kisiklah
mengislahkan	diislahkan
mengislahkan	kuislahkan
mengislahkan	kauislahkan
mengislahkan	islahkan
mengislahkan	islahkanlah
mengislamkan	
mengisolasi	kuisolasi
mengisolasi	kauisolasi
mengisolasi	diisolasi
mengisolasi	terisolasi
mengisolasi	isolasi
mengisolasi	isolasilah
mengisolasikan	diisolasikan
mengisolasikan	kuisolasikan
mengisolasikan	kauisolasikan
mengisolasikan	isolasikan
mengisolasikan	isolasikanlah
mengisruhkan	dikisruhkan
mengisruhkan	kukisruhkan
mengisruhkan	kaukisruhkan
mengisruhkan	kisruhkan
mengisruhkan	kisruhkanlah
mengistiadatkan	diistiadatkan
mengistiadatkan	kuistiadatkan
mengistiadatkan	kauistiadatkan
mengistiadatkan	istiadatkan
mengistiadatkan	istiadatkanlah
mengistikmalkan	diistikmalkan
mengistikmalkan	kuistikmalkan
mengistikmalkan	kauistikmalkan
mengistikmalkan	istikmalkan
mengistikmalkan	istikmalkanlah
mengistilahkan	diistilahkan
mengistilahkan	kuistilahkan
mengistilahkan	kauistilahkan
mengistilahkan	istilahkan
mengistilahkan	istilahkanlah
mengistimewakan	diistimewakan
mengistimewakan	kuistimewakan
mengistimewakan	kauistimewakan
mengistimewakan	istimewakan
mengistimewakan	istimewakanlah
mengisukan	diisukan
mengisukan	kuisukan
mengisukan	kauisukan
mengisukan	isukan
mengisukan	isukanlah
mengisut	kukisut
mengisut	kaukisut
mengisut	dikisut
mengisut	terkisut
mengisut	kisut
mengisut	kisutlah
mengisutkan	dikisutkan
mengisutkan	kukisutkan
mengisutkan	kaukisutkan
mengisutkan	kisutkan
mengisutkan	kisutkanlah
mengisyaratkan	diisyaratkan
mengisyaratkan	kuisyaratkan
mengisyaratkan	kauisyaratkan
mengisyaratkan	isyaratkan
mengisyaratkan	isyaratkanlah
mengitar	kukitar
mengitar	kaukitar
mengitar	dikitar
mengitar	terkitar
mengitar	kitar
mengitar	kitarlah
mengitar-ngitar	
mengitari	dikitari
mengitari	kukitari
mengitari	kaukitari
mengitari	kitari
mengitari	kitarilah
mengitik	kukitik
mengitik	kaukitik
mengitik	dikitik
mengitik	terkitik
mengitik	kitik
mengitik	kitiklah
mengitik-ngitik	
mengizinkan	diizinkan
mengizinkan	kuizinkan
mengizinkan	kauizinkan
mengizinkan	izinkan
mengizinkan	izinkanlah
mengkaji	kukaji
mengkaji	kaukaji
mengkaji	dikaji
mengkaji	terkaji
mengkaji	kaji
mengkaji	kajilah
mengkhalayak	kukhalayak
mengkhalayak	kaukhalayak
mengkhalayak	dikhalayak
mengkhalayak	terkhalayak
mengkhalayak	khalayak
mengkhalayak	khalayaklah
mengkhasiati	dikhasiati
mengkhasiati	kukhasiati
mengkhasiati	kaukhasiati
mengkhasiati	khasiati
mengkhasiati	khasiatilah
mengkhatamkan	dikhatamkan
mengkhatamkan	kukhatamkan
mengkhatamkan	kaukhatamkan
mengkhatamkan	khatamkan
mengkhatamkan	khatamkanlah
mengkhawatirkan	dikhawatirkan
mengkhawatirkan	kukhawatirkan
mengkhawatirkan	kaukhawatirkan
mengkhawatirkan	khawatirkan
mengkhawatirkan	khawatirkanlah
mengkhayal	kukhayal
mengkhayal	kaukhayal
mengkhayal	dikhayal
mengkhayal	terkhayal
mengkhayal	khayal
mengkhayal	khayallah
mengkhianat	kukhianat
mengkhianat	kaukhianat
mengkhianat	dikhianat
mengkhianat	terkhianat
mengkhianat	khianat
mengkhianat	khianatlah
mengkhianati	dikhianati
mengkhianati	kukhianati
mengkhianati	kaukhianati
mengkhianati	khianati
mengkhianati	khianatilah
mengkhitan	kukhitan
mengkhitan	kaukhitan
mengkhitan	dikhitan
mengkhitan	terkhitan
mengkhitan	khitan
mengkhitan	khitanlah
mengkhusus	kukhusus
mengkhusus	kaukhusus
mengkhusus	dikhusus
mengkhusus	terkhusus
mengkhusus	khusus
mengkhusus	khususlah
mengkhususkan	dikhususkan
mengkhususkan	kukhususkan
mengkhususkan	kaukhususkan
mengkhususkan	khususkan
mengkhususkan	khususkanlah
mengklaim	kuklaim
mengklaim	kauklaim
mengklaim	diklaim
mengklaim	terklaim
mengklaim	klaim
mengklaim	klaimlah
mengklakson	kuklakson
mengklakson	kauklakson
mengklakson	diklakson
mengklakson	terklakson
mengklakson	klakson
mengklakson	klaksonlah
mengklarifikasi	kuklarifikasi
mengklarifikasi	kauklarifikasi
mengklarifikasi	diklarifikasi
mengklarifikasi	terklarifikasi
mengklarifikasi	klarifikasi
mengklarifikasi	klarifikasilah
mengklasifikasi	kuklasifikasi
mengklasifikasi	kauklasifikasi
mengklasifikasi	diklasifikasi
mengklasifikasi	terklasifikasi
mengklasifikasi	klasifikasi
mengklasifikasi	klasifikasilah
mengklasifikasikan	diklasifikasikan
mengklasifikasikan	kuklasifikasikan
mengklasifikasikan	kauklasifikasikan
mengklasifikasikan	klasifikasikan
mengklasifikasikan	klasifikasikanlah
mengkliring	kukliring
mengkliring	kaukliring
mengkliring	dikliring
mengkliring	terkliring
mengkliring	kliring
mengkliring	kliringlah
mengklise	kuklise
mengklise	kauklise
mengklise	diklise
mengklise	terklise
mengklise	klise
mengklise	kliselah
mengklonakan	diklonakan
mengklonakan	kuklonakan
mengklonakan	kauklonakan
mengklonakan	klonakan
mengklonakan	klonakanlah
mengkredit	kukredit
mengkredit	kaukredit
mengkredit	dikredit
mengkredit	terkredit
mengkredit	kredit
mengkredit	kreditlah
mengkreditkan	dikreditkan
mengkreditkan	kukreditkan
mengkreditkan	kaukreditkan
mengkreditkan	kreditkan
mengkreditkan	kreditkanlah
mengkrisis	kukrisis
mengkrisis	kaukrisis
mengkrisis	dikrisis
mengkrisis	terkrisis
mengkrisis	krisis
mengkrisis	krisislah
mengkristal	kukristal
mengkristal	kaukristal
mengkristal	dikristal
mengkristal	terkristal
mengkristal	kristal
mengkristal	kristallah
mengkritik	kukritik
mengkritik	kaukritik
mengkritik	dikritik
mengkritik	terkritik
mengkritik	kritik
mengkritik	kritiklah
mengkritis	kukritis
mengkritis	kaukritis
mengkritis	dikritis
mengkritis	terkritis
mengkritis	kritis
mengkritis	kritislah
mengobati	diobati
mengobati	kuobati
mengobati	kauobati
mengobati	obati
mengobati	obatilah
mengobeng	kuobeng
mengobeng	kauobeng
mengobeng	diobeng
mengobeng	terobeng
mengobeng	obeng
mengobeng	obenglah
mengobjek	kuobjek
mengobjek	kauobjek
mengobjek	diobjek
mengobjek	terobjek
mengobjek	objek
mengobjek	objeklah
mengobjekkan	diobjekkan
mengobjekkan	kuobjekkan
mengobjekkan	kauobjekkan
mengobjekkan	objekkan
mengobjekkan	objekkanlah
mengobok	kukobok
mengobok	kaukobok
mengobok	dikobok
mengobok	terkobok
mengobok	kobok
mengobok	koboklah
mengobor	kuobor
mengobor	kauobor
mengobor	diobor
mengobor	terobor
mengobor	obor
mengobor	oborlah
mengobori	diobori
mengobori	kuobori
mengobori	kauobori
mengobori	obori
mengobori	oborilah
mengobral	kuobral
mengobral	kauobral
mengobral	diobral
mengobral	terobral
mengobral	obral
mengobral	obrallah
mengobralkan	diobralkan
mengobralkan	kuobralkan
mengobralkan	kauobralkan
mengobralkan	obralkan
mengobralkan	obralkanlah
mengobrol	
mengobrolkan	diobrolkan
mengobrolkan	kuobrolkan
mengobrolkan	kauobrolkan
mengobrolkan	obrolkan
mengobrolkan	obrolkanlah
mengobservasi	kuobservasi
mengobservasi	kauobservasi
mengobservasi	diobservasi
mengobservasi	terobservasi
mengobservasi	observasi
mengobservasi	observasilah
mengocak	kukocak
mengocak	kaukocak
mengocak	dikocak
mengocak	terkocak
mengocak	kocak
mengocak	kocaklah
mengoceh	
mengocok	kukocok
mengocok	kaukocok
mengocok	dikocok
mengocok	terkocok
mengocok	kocok
mengocok	kocoklah
mengocong	kukocong
mengocong	kaukocong
mengocong	dikocong
mengocong	terkocong
mengocong	kocong
mengocong	koconglah
mengocongkan	dikocongkan
mengocongkan	kukocongkan
mengocongkan	kaukocongkan
mengocongkan	kocongkan
mengocongkan	kocongkanlah
mengocor	kukocor
mengocor	kaukocor
mengocor	dikocor
mengocor	terkocor
mengocor	kocor
mengocor	kocorlah
mengodekan	dikodekan
mengodekan	kukodekan
mengodekan	kaukodekan
mengodekan	kodekan
mengodekan	kodekanlah
mengodifikasikan	dikodifikasikan
mengodifikasikan	kukodifikasikan
mengodifikasikan	kaukodifikasikan
mengodifikasikan	kodifikasikan
mengodifikasikan	kodifikasikanlah
mengodol	kuodol
mengodol	kauodol
mengodol	diodol
mengodol	terodol
mengodol	odol
mengodol	odollah
mengodol-odol	
mengogah	kuogah
mengogah	kauogah
mengogah	diogah
mengogah	terogah
mengogah	ogah
mengogah	ogahlah
mengogam	kuogam
mengogam	kauogam
mengogam	diogam
mengogam	terogam
mengogam	ogam
mengogam	ogamlah
mengogel	kuogel
mengogel	kauogel
mengogel	diogel
mengogel	terogel
mengogel	ogel
mengogel	ogellah
mengogok	kuogok
mengogok	kauogok
mengogok	diogok
mengogok	terogok
mengogok	ogok
mengogok	ogoklah
mengogok-ogok	
mengogokkan	diogokkan
mengogokkan	kuogokkan
mengogokkan	kauogokkan
mengogokkan	ogokkan
mengogokkan	ogokkanlah
mengoja	kuoja
mengoja	kauoja
mengoja	dioja
mengoja	teroja
mengoja	oja
mengoja	ojalah
mengojek	kuojek
mengojek	kauojek
mengojek	diojek
mengojek	terojek
mengojek	ojek
mengojek	ojeklah
mengojekkan	diojekkan
mengojekkan	kuojekkan
mengojekkan	kauojekkan
mengojekkan	ojekkan
mengojekkan	ojekkanlah
mengojok	kuojok
mengojok	kauojok
mengojok	diojok
mengojok	terojok
mengojok	ojok
mengojok	ojoklah
mengokang	kukokang
mengokang	kaukokang
mengokang	dikokang
mengokang	terkokang
mengokang	kokang
mengokang	kokanglah
mengokot	kukokot
mengokot	kaukokot
mengokot	dikokot
mengokot	terkokot
mengokot	kokot
mengokot	kokotlah
mengoksidasi	kuoksidasi
mengoksidasi	kauoksidasi
mengoksidasi	dioksidasi
mengoksidasi	teroksidasi
mengoksidasi	oksidasi
mengoksidasi	oksidasilah
mengolah	kuolah
mengolah	kauolah
mengolah	diolah
mengolah	terolah
mengolah	olah
mengolah	olahlah
mengolak	kuolak
mengolak	kauolak
mengolak	diolak
mengolak	terolak
mengolak	olak
mengolak	olaklah
mengolek	kuolek
mengolek	kauolek
mengolek	diolek
mengolek	terolek
mengolek	olek
mengolek	oleklah
mengoleksi	kukoleksi
mengoleksi	kaukoleksi
mengoleksi	dikoleksi
mengoleksi	terkoleksi
mengoleksi	koleksi
mengoleksi	koleksilah
mengoleng	kuoleng
mengoleng	kauoleng
mengoleng	dioleng
mengoleng	teroleng
mengoleng	oleng
mengoleng	olenglah
mengoleng-oleng	
mengoles	kuoles
mengoles	kauoles
mengoles	dioles
mengoles	teroles
mengoles	oles
mengoles	oleslah
mengoleskan	dioleskan
mengoleskan	kuoleskan
mengoleskan	kauoleskan
mengoleskan	oleskan
mengoleskan	oleskanlah
mengolet	kuolet
mengolet	kauolet
mengolet	diolet
mengolet	terolet
mengolet	olet
mengolet	oletlah
mengolok-olok	kuolok-olok
mengolok-olok	kauolok-olok
mengolok-olok	diolok-olok
mengolok-olok	terolok-olok
mengolok-olok	olok-olok
mengolok-olok	olok-oloklah
mengomando	kukomando
mengomando	kaukomando
mengomando	dikomando
mengomando	terkomando
mengomando	komando
mengomando	komandolah
mengomandokan	dikomandokan
mengomandokan	kukomandokan
mengomandokan	kaukomandokan
mengomandokan	komandokan
mengomandokan	komandokanlah
mengombak	kuombak
mengombak	kauombak
mengombak	diombak
mengombak	terombak
mengombak	ombak
mengombak	ombaklah
mengombang-ambing	kuombang-ambing
mengombang-ambing	kauombang-ambing
mengombang-ambing	diombang-ambing
mengombang-ambing	terombang-ambing
mengombang-ambing	ombang-ambing
mengombang-ambing	ombang-ambinglah
mengombang-ambingkan	
mengomel	kuomel
mengomel	kauomel
mengomel	diomel
mengomel	teromel
mengomel	omel
mengomel	omellah
mengomeli	diomeli
mengomeli	kuomeli
mengomeli	kauomeli
mengomeli	omeli
mengomeli	omelilah
mengomentari	dikomentari
mengomentari	kukomentari
mengomentari	kaukomentari
mengomentari	komentari
mengomentari	komentarilah
mengomersialkan	dikomersialkan
mengomersialkan	kukomersialkan
mengomersialkan	kaukomersialkan
mengomersialkan	komersialkan
mengomersialkan	komersialkanlah
mengomidikan	dikomidikan
mengomidikan	kukomidikan
mengomidikan	kaukomidikan
mengomidikan	komidikan
mengomidikan	komidikanlah
mengomisi	dikomisi
mengomisi	kukomisi
mengomisi	kaukomisi
mengomisi	komisi
mengomisi	komisilah
mengomit	kukomit
mengomit	kaukomit
mengomit	dikomit
mengomit	terkomit
mengomit	komit
mengomit	komitlah
mengomong	kuomong
mengomong	kauomong
mengomong	diomong
mengomong	teromong
mengomong	omong
mengomong	omonglah
mengomongkan	diomongkan
mengomongkan	kuomongkan
mengomongkan	kauomongkan
mengomongkan	omongkan
mengomongkan	omongkanlah
mengompes	kukompes
mengompes	kaukompes
mengompes	dikompes
mengompes	terkompes
mengompes	kompes
mengompes	kompeslah
mengompol	kuompol
mengompol	kauompol
mengompol	diompol
mengompol	terompol
mengompol	ompol
mengompol	ompollah
mengompori	dikompori
mengompori	kukompori
mengompori	kaukompori
mengompori	kompori
mengompori	komporilah
mengompos	kukompos
mengompos	kaukompos
mengompos	dikompos
mengompos	terkompos
mengompos	kompos
mengompos	komposlah
mengompreng	kuompreng
mengompreng	kauompreng
mengompreng	diompreng
mengompreng	terompreng
mengompreng	ompreng
mengompreng	omprenglah
mengompres	kukompres
mengompres	kaukompres
mengompres	dikompres
mengompres	terkompres
mengompres	kompres
mengompres	kompreslah
mengomprong	kuomprong
mengomprong	kauomprong
mengomprong	diomprong
mengomprong	teromprong
mengomprong	omprong
mengomprong	ompronglah
mengomputerkan	dikomputerkan
mengomputerkan	kukomputerkan
mengomputerkan	kaukomputerkan
mengomputerkan	komputerkan
mengomputerkan	komputerkanlah
mengomuniskan	dikomuniskan
mengomuniskan	kukomuniskan
mengomuniskan	kaukomuniskan
mengomuniskan	komuniskan
mengomuniskan	komuniskanlah
mengonarkan	dionarkan
mengonarkan	kuonarkan
mengonarkan	kauonarkan
mengonarkan	onarkan
mengonarkan	onarkanlah
mengonde	kukonde
mengonde	kaukonde
mengonde	dikonde
mengonde	terkonde
mengonde	konde
mengonde	kondelah
mengondensasikan	dikondensasikan
mengondensasikan	kukondensasikan
mengondensasikan	kaukondensasikan
mengondensasikan	kondensasikan
mengondensasikan	kondensasikanlah
mengondisikan	dikondisikan
mengondisikan	kukondisikan
mengondisikan	kaukondisikan
mengondisikan	kondisikan
mengondisikan	kondisikanlah
mengonferensikan	dikonferensikan
mengonferensikan	kukonferensikan
mengonferensikan	kaukonferensikan
mengonferensikan	konferensikan
mengonferensikan	konferensikanlah
mengonfirmasikan	dikonfirmasikan
mengonfirmasikan	kukonfirmasikan
mengonfirmasikan	kaukonfirmasikan
mengonfirmasikan	konfirmasikan
mengonfirmasikan	konfirmasikanlah
mengonggokkan	dionggokkan
mengonggokkan	kuonggokkan
mengonggokkan	kauonggokkan
mengonggokkan	onggokkan
mengonggokkan	onggokkanlah
mengongkang-ongkang	
mengongkok-ongkok	
mengongkoki	diongkoki
mengongkoki	kuongkoki
mengongkoki	kauongkoki
mengongkoki	ongkoki
mengongkoki	ongkokilah
mengongkong	kukongkong
mengongkong	kaukongkong
mengongkong	dikongkong
mengongkong	terkongkong
mengongkong	kongkong
mengongkong	kongkonglah
mengongkosi	diongkosi
mengongkosi	kuongkosi
mengongkosi	kauongkosi
mengongkosi	ongkosi
mengongkosi	ongkosilah
mengononkan	dikononkan
mengononkan	kukononkan
mengononkan	kaukononkan
mengononkan	kononkan
mengononkan	kononkanlah
mengonsentrasikan	dikonsentrasikan
mengonsentrasikan	kukonsentrasikan
mengonsentrasikan	kaukonsentrasikan
mengonsentrasikan	konsentrasikan
mengonsentrasikan	konsentrasikanlah
mengonsep	kukonsep
mengonsep	kaukonsep
mengonsep	dikonsep
mengonsep	terkonsep
mengonsep	konsep
mengonsep	konseplah
mengonslah	kuonslah
mengonslah	kauonslah
mengonslah	dionslah
mengonslah	teronslah
mengonslah	onslah
mengonslah	onslahlah
mengonsolidasikan	dikonsolidasikan
mengonsolidasikan	kukonsolidasikan
mengonsolidasikan	kaukonsolidasikan
mengonsolidasikan	konsolidasikan
mengonsolidasikan	konsolidasikanlah
mengonstatir	kukonstatir
mengonstatir	kaukonstatir
mengonstatir	dikonstatir
mengonstatir	terkonstatir
mengonstatir	konstatir
mengonstatir	konstatirlah
mengonsumsi	kukonsumsi
mengonsumsi	kaukonsumsi
mengonsumsi	dikonsumsi
mengonsumsi	terkonsumsi
mengonsumsi	konsumsi
mengonsumsi	konsumsilah
mengontak	kukontak
mengontak	kaukontak
mengontak	dikontak
mengontak	terkontak
mengontak	kontak
mengontak	kontaklah
mengontaminasi	kukontaminasi
mengontaminasi	kaukontaminasi
mengontaminasi	dikontaminasi
mengontaminasi	terkontaminasi
mengontaminasi	kontaminasi
mengontaminasi	kontaminasilah
mengontan	kukontan
mengontan	kaukontan
mengontan	dikontan
mengontan	terkontan
mengontan	kontan
mengontan	kontanlah
mengontrak	kukontrak
mengontrak	kaukontrak
mengontrak	dikontrak
mengontrak	terkontrak
mengontrak	kontrak
mengontrak	kontraklah
mengontrakkan	dikontrakkan
mengontrakkan	kukontrakkan
mengontrakkan	kaukontrakkan
mengontrakkan	kontrakkan
mengontrakkan	kontrakkanlah
mengontraskan	dikontraskan
mengontraskan	kukontraskan
mengontraskan	kaukontraskan
mengontraskan	kontraskan
mengontraskan	kontraskanlah
mengontrol	kukontrol
mengontrol	kaukontrol
mengontrol	dikontrol
mengontrol	terkontrol
mengontrol	kontrol
mengontrol	kontrollah
mengonvergensikan	dikonvergensikan
mengonvergensikan	kukonvergensikan
mengonvergensikan	kaukonvergensikan
mengonvergensikan	konvergensikan
mengonvergensikan	konvergensikanlah
mengonversikan	dikonversikan
mengonversikan	kukonversikan
mengonversikan	kaukonversikan
mengonversikan	konversikan
mengonversikan	konversikanlah
mengonyok	kuonyok
mengonyok	kauonyok
mengonyok	dionyok
mengonyok	teronyok
mengonyok	onyok
mengonyok	onyoklah
mengonyokkan	dionyokkan
mengonyokkan	kuonyokkan
mengonyokkan	kauonyokkan
mengonyokkan	onyokkan
mengonyokkan	onyokkanlah
mengonyot	kuonyot
mengonyot	kauonyot
mengonyot	dionyot
mengonyot	teronyot
mengonyot	onyot
mengonyot	onyotlah
mengooptasi	kukooptasi
mengooptasi	kaukooptasi
mengooptasi	dikooptasi
mengooptasi	terkooptasi
mengooptasi	kooptasi
mengooptasi	kooptasilah
mengoordinasi	kukoordinasi
mengoordinasi	kaukoordinasi
mengoordinasi	dikoordinasi
mengoordinasi	terkoordinasi
mengoordinasi	koordinasi
mengoordinasi	koordinasilah
mengopak	kukopak
mengopak	kaukopak
mengopak	dikopak
mengopak	terkopak
mengopak	kopak
mengopak	kopaklah
mengopek	kukopek
mengopek	kaukopek
mengopek	dikopek
mengopek	terkopek
mengopek	kopek
mengopek	kopeklah
mengopeletkan	diopeletkan
mengopeletkan	kuopeletkan
mengopeletkan	kauopeletkan
mengopeletkan	opeletkan
mengopeletkan	opeletkanlah
mengoper	kuoper
mengoper	kauoper
mengoper	dioper
mengoper	teroper
mengoper	oper
mengoper	operlah
mengoperasi	kuoperasi
mengoperasi	kauoperasi
mengoperasi	dioperasi
mengoperasi	teroperasi
mengoperasi	operasi
mengoperasi	operasilah
mengoperkan	dioperkan
mengoperkan	kuoperkan
mengoperkan	kauoperkan
mengoperkan	operkan
mengoperkan	operkanlah
mengopi	kukopi
mengopi	kaukopi
mengopi	dikopi
mengopi	terkopi
mengopi	kopi
mengopi	kopilah
mengoplos	kuoplos
mengoplos	kauoplos
mengoplos	dioplos
mengoplos	teroplos
mengoplos	oplos
mengoplos	oploslah
mengoposisi	kuoposisi
mengoposisi	kauoposisi
mengoposisi	dioposisi
mengoposisi	teroposisi
mengoposisi	oposisi
mengoposisi	oposisilah
mengoptimalkan	dioptimalkan
mengoptimalkan	kuoptimalkan
mengoptimalkan	kauoptimalkan
mengoptimalkan	optimalkan
mengoptimalkan	optimalkanlah
mengoptimumkan	dioptimumkan
mengoptimumkan	kuoptimumkan
mengoptimumkan	kauoptimumkan
mengoptimumkan	optimumkan
mengoptimumkan	optimumkanlah
mengopyok	kukopyok
mengopyok	kaukopyok
mengopyok	dikopyok
mengopyok	terkopyok
mengopyok	kopyok
mengopyok	kopyoklah
mengorak	kuorak
mengorak	kauorak
mengorak	diorak
mengorak	terorak
mengorak	orak
mengorak	oraklah
mengorangkan	diorangkan
mengorangkan	kuorangkan
mengorangkan	kauorangkan
mengorangkan	orangkan
mengorangkan	orangkanlah
mengorbit	kuorbit
mengorbit	kauorbit
mengorbit	diorbit
mengorbit	terorbit
mengorbit	orbit
mengorbit	orbitlah
mengorbitkan	diorbitkan
mengorbitkan	kuorbitkan
mengorbitkan	kauorbitkan
mengorbitkan	orbitkan
mengorbitkan	orbitkanlah
mengored	kukored
mengored	kaukored
mengored	dikored
mengored	terkored
mengored	kored
mengored	koredlah
mengorek	kukorek
mengorek	kaukorek
mengorek	dikorek
mengorek	terkorek
mengorek	korek
mengorek	koreklah
mengorek-ngorek	
mengoreksi	kukoreksi
mengoreksi	kaukoreksi
mengoreksi	dikoreksi
mengoreksi	terkoreksi
mengoreksi	koreksi
mengoreksi	koreksilah
mengoret-oret	
mengorganisasi	kuorganisasi
mengorganisasi	kauorganisasi
mengorganisasi	diorganisasi
mengorganisasi	terorganisasi
mengorganisasi	organisasi
mengorganisasi	organisasilah
mengorkestrasikan	diorkestrasikan
mengorkestrasikan	kuorkestrasikan
mengorkestrasikan	kauorkestrasikan
mengorkestrasikan	orkestrasikan
mengorkestrasikan	orkestrasikanlah
mengornamenkan	diornamenkan
mengornamenkan	kuornamenkan
mengornamenkan	kauornamenkan
mengornamenkan	ornamenkan
mengornamenkan	ornamenkanlah
mengorok	kuorok
mengorok	kauorok
mengorok	diorok
mengorok	terorok
mengorok	orok
mengorok	oroklah
mengorting	kukorting
mengorting	kaukorting
mengorting	dikorting
mengorting	terkorting
mengorting	korting
mengorting	kortinglah
mengorup	kukorup
mengorup	kaukorup
mengorup	dikorup
mengorup	terkorup
mengorup	korup
mengorup	koruplah
mengorupsi	kukorupsi
mengorupsi	kaukorupsi
mengorupsi	dikorupsi
mengorupsi	terkorupsi
mengorupsi	korupsi
mengorupsi	korupsilah
mengosek	kukosek
mengosek	kaukosek
mengosek	dikosek
mengosek	terkosek
mengosek	kosek
mengosek	koseklah
mengosongkan	dikosongkan
mengosongkan	kukosongkan
mengosongkan	kaukosongkan
mengosongkan	kosongkan
mengosongkan	kosongkanlah
mengota	kukota
mengota	kaukota
mengota	dikota
mengota	terkota
mengota	kota
mengota	kotalah
mengotak	kukotak
mengotak	kaukotak
mengotak	dikotak
mengotak	terkotak
mengotak	kotak
mengotak	kotaklah
mengotak-ngotakkan	
mengotaki	diotaki
mengotaki	kuotaki
mengotaki	kauotaki
mengotaki	otaki
mengotaki	otakilah
mengotes	kukotes
mengotes	kaukotes
mengotes	dikotes
mengotes	terkotes
mengotes	kotes
mengotes	koteslah
mengotomatiskan	diotomatiskan
mengotomatiskan	kuotomatiskan
mengotomatiskan	kauotomatiskan
mengotomatiskan	otomatiskan
mengotomatiskan	otomatiskanlah
mengotori	dikotori
mengotori	kukotori
mengotori	kaukotori
mengotori	kotori
mengotori	kotorilah
mengotorkan	dikotorkan
mengotorkan	kukotorkan
mengotorkan	kaukotorkan
mengotorkan	kotorkan
mengotorkan	kotorkanlah
mengotot	kuotot
mengotot	kauotot
mengotot	diotot
mengotot	terotot
mengotot	otot
mengotot	ototlah
mengover	kukover
mengover	kaukover
mengover	dikover
mengover	terkover
mengover	kover
mengover	koverlah
mengoyak	kuoyak
mengoyak	kauoyak
mengoyak	dioyak
mengoyak	teroyak
mengoyak	oyak
mengoyak	oyaklah
mengoyak-ngoyak	
mengoyak-ngoyakkan	
mengoyak-oyak	
mengoyok	kuoyok
mengoyok	kauoyok
mengoyok	dioyok
mengoyok	teroyok
mengoyok	oyok
mengoyok	oyoklah
mengqasar	kuqasar
mengqasar	kauqasar
mengqasar	diqasar
mengqasar	terqasar
mengqasar	qasar
mengqasar	qasarlah
menguahi	dikuahi
menguahi	kukuahi
menguahi	kaukuahi
menguahi	kuahi
menguahi	kuahilah
menguak	kukuak
menguak	kaukuak
menguak	dikuak
menguak	terkuak
menguak	kuak
menguak	kuaklah
menguakkan	dikuakkan
menguakkan	kukuakkan
menguakkan	kaukuakkan
menguakkan	kuakkan
menguakkan	kuakkanlah
menguangi	diuangi
menguangi	kuuangi
menguangi	kauuangi
menguangi	uangi
menguangi	uangilah
menguani	diuani
menguani	kuuani
menguani	kauuani
menguani	uani
menguani	uanilah
menguankan	diuankan
menguankan	kuuankan
menguankan	kauuankan
menguankan	uankan
menguankan	uankanlah
menguap	kukuap
menguap	kaukuap
menguap	dikuap
menguap	terkuap
menguap	kuap
menguap	kuaplah
menguapi	diuapi
menguapi	kuuapi
menguapi	kauuapi
menguapi	uapi
menguapi	uapilah
menguapkan	diuapkan
menguapkan	kuuapkan
menguapkan	kauuapkan
menguapkan	uapkan
menguapkan	uapkanlah
menguar	kuuar
menguar	kauuar
menguar	diuar
menguar	teruar
menguar	uar
menguar	uarlah
menguar-nguarkan	
menguar-uarkan	
menguarkan	dikuarkan
menguarkan	kukuarkan
menguarkan	kaukuarkan
menguarkan	kuarkan
menguarkan	kuarkanlah
menguasai	dikuasai
menguasai	kukuasai
menguasai	kaukuasai
menguasai	kuasai
menguasai	kuasailah
menguat	kukuat
menguat	kaukuat
menguat	dikuat
menguat	terkuat
menguat	kuat
menguat	kuatlah
menguati	dikuati
menguati	kukuati
menguati	kaukuati
menguati	kuati
menguati	kuatilah
mengubah	kuubah
mengubah	kauubah
mengubah	diubah
mengubah	terubah
mengubah	ubah
mengubah	ubahlah
mengubak	kukubak
mengubak	kaukubak
mengubak	dikubak
mengubak	terkubak
mengubak	kubak
mengubak	kubaklah
menguban	kuuban
menguban	kauuban
menguban	diuban
menguban	teruban
menguban	uban
menguban	ubanlah
mengubani	diubani
mengubani	kuubani
mengubani	kauubani
mengubani	ubani
mengubani	ubanilah
mengubar	kuubar
mengubar	kauubar
mengubar	diubar
mengubar	terubar
mengubar	ubar
mengubar	ubarlah
mengubek-ubek	
menguber	kuuber
menguber	kauuber
menguber	diuber
menguber	teruber
menguber	uber
menguber	uberlah
menguber-uber	
mengubik	kukubik
mengubik	kaukubik
mengubik	dikubik
mengubik	terkubik
mengubik	kubik
mengubik	kubiklah
mengubit	kukubit
mengubit	kaukubit
mengubit	dikubit
mengubit	terkubit
mengubit	kubit
mengubit	kubitlah
mengubit-ubit	
mengubrak-abrik	kuubrak-abrik
mengubrak-abrik	kauubrak-abrik
mengubrak-abrik	diubrak-abrik
mengubrak-abrik	terubrak-abrik
mengubrak-abrik	ubrak-abrik
mengubrak-abrik	ubrak-abriklah
mengubrakan	dikubrakan
mengubrakan	kukubrakan
mengubrakan	kaukubrakan
mengubrakan	kubrakan
mengubrakan	kubrakanlah
mengububi	diububi
mengububi	kuububi
mengububi	kauububi
mengububi	ububi
mengububi	ububilah
mengubui	dikubui
mengubui	kukubui
mengubui	kaukubui
mengubui	kubui
mengubui	kubuilah
mengubung	kuubung
mengubung	kauubung
mengubung	diubung
mengubung	terubung
mengubung	ubung
mengubung	ubunglah
mengubungkan	diubungkan
mengubungkan	kuubungkan
mengubungkan	kauubungkan
mengubungkan	ubungkan
mengubungkan	ubungkanlah
mengubur	kukubur
mengubur	kaukubur
mengubur	dikubur
mengubur	terkubur
mengubur	kubur
mengubur	kuburlah
mengucai	kukucai
mengucai	kaukucai
mengucai	dikucai
mengucai	terkucai
mengucai	kucai
mengucai	kucailah
mengucak	kukucak
mengucak	kaukucak
mengucak	dikucak
mengucak	terkucak
mengucak	kucak
mengucak	kucaklah
mengucap	kuucap
mengucap	kauucap
mengucap	diucap
mengucap	terucap
mengucap	ucap
mengucap	ucaplah
mengucek	kuucek
mengucek	kauucek
mengucek	diucek
mengucek	terucek
mengucek	ucek
mengucek	uceklah
mengucek-ngucek	
mengucek-ucek	
mengucil	kukucil
mengucil	kaukucil
mengucil	dikucil
mengucil	terkucil
mengucil	kucil
mengucil	kucillah
mengucilkan	dikucilkan
mengucilkan	kukucilkan
mengucilkan	kaukucilkan
mengucilkan	kucilkan
mengucilkan	kucilkanlah
mengucup	kukucup
mengucup	kaukucup
mengucup	dikucup
mengucup	terkucup
mengucup	kucup
mengucup	kucuplah
mengucur	kukucur
mengucur	kaukucur
mengucur	dikucur
mengucur	terkucur
mengucur	kucur
mengucur	kucurlah
mengucuri	dikucuri
mengucuri	kukucuri
mengucuri	kaukucuri
mengucuri	kucuri
mengucuri	kucurilah
mengudak	kuudak
mengudak	kauudak
mengudak	diudak
mengudak	terudak
mengudak	udak
mengudak	udaklah
mengudar	kuudar
mengudar	kauudar
mengudar	diudar
mengudar	terudar
mengudar	udar
mengudar	udarlah
mengudara	kuudara
mengudara	kauudara
mengudara	diudara
mengudara	terudara
mengudara	udara
mengudara	udaralah
mengudarakan	diudarakan
mengudarakan	kuudarakan
mengudarakan	kauudarakan
mengudarakan	udarakan
mengudarakan	udarakanlah
mengudari	diudari
mengudari	kuudari
mengudari	kauudari
mengudari	udari
mengudari	udarilah
mengudarkan	diudarkan
mengudarkan	kuudarkan
mengudarkan	kauudarkan
mengudarkan	udarkan
mengudarkan	udarkanlah
mengudek	kuudek
mengudek	kauudek
mengudek	diudek
mengudek	terudek
mengudek	udek
mengudek	udeklah
mengudeta	kukudeta
mengudeta	kaukudeta
mengudeta	dikudeta
mengudeta	terkudeta
mengudeta	kudeta
mengudeta	kudetalah
mengudian	kukudian
mengudian	kaukudian
mengudian	dikudian
mengudian	terkudian
mengudian	kudian
mengudian	kudianlah
mengudiankan	dikudiankan
mengudiankan	kukudiankan
mengudiankan	kaukudiankan
mengudiankan	kudiankan
mengudiankan	kudiankanlah
mengudung	kukudung
mengudung	kaukudung
mengudung	dikudung
mengudung	terkudung
mengudung	kudung
mengudung	kudunglah
menguduskan	dikuduskan
menguduskan	kukuduskan
menguduskan	kaukuduskan
menguduskan	kuduskan
menguduskan	kuduskanlah
mengudut	kuudut
mengudut	kauudut
mengudut	diudut
mengudut	terudut
mengudut	udut
mengudut	udutlah
mengufurkan	dikufurkan
mengufurkan	kukufurkan
mengufurkan	kaukufurkan
mengufurkan	kufurkan
mengufurkan	kufurkanlah
mengugemi	diugemi
mengugemi	kuugemi
mengugemi	kauugemi
mengugemi	ugemi
mengugemi	ugemilah
mengugut	kuugut
mengugut	kauugut
mengugut	diugut
mengugut	terugut
mengugut	ugut
mengugut	ugutlah
menguik	kuuik
menguik	kauuik
menguik	diuik
menguik	teruik
menguik	uik
menguik	uiklah
menguik-uik	
menguis	kukuis
menguis	kaukuis
menguis	dikuis
menguis	terkuis
menguis	kuis
menguis	kuislah
menguis-uis	
menguit	kukuit
menguit	kaukuit
menguit	dikuit
menguit	terkuit
menguit	kuit
menguit	kuitlah
menguji	kuuji
menguji	kauuji
menguji	diuji
menguji	teruji
menguji	uji
menguji	ujilah
mengujud	kuujud
mengujud	kauujud
mengujud	diujud
mengujud	terujud
mengujud	ujud
mengujud	ujudlah
mengujung	kuujung
mengujung	kauujung
mengujung	diujung
mengujung	terujung
mengujung	ujung
mengujung	ujunglah
mengujut	kukujut
mengujut	kaukujut
mengujut	dikujut
mengujut	terkujut
mengujut	kujut
mengujut	kujutlah
mengukir	kuukir
mengukir	kauukir
mengukir	diukir
mengukir	terukir
mengukir	ukir
mengukir	ukirlah
mengukiri	diukiri
mengukiri	kuukiri
mengukiri	kauukiri
mengukiri	ukiri
mengukiri	ukirilah
mengukuhi	dikukuhi
mengukuhi	kukukuhi
mengukuhi	kaukukuhi
mengukuhi	kukuhi
mengukuhi	kukuhilah
mengukupi	diukupi
mengukupi	kuukupi
mengukupi	kauukupi
mengukupi	ukupi
mengukupi	ukupilah
mengukur	kuukur
mengukur	kauukur
mengukur	diukur
mengukur	terukur
mengukur	ukur
mengukur	ukurlah
mengukus	kukukus
mengukus	kaukukus
mengukus	dikukus
mengukus	terkukus
mengukus	kukus
mengukus	kukuslah
mengulang	kuulang
mengulang	kauulang
mengulang	diulang
mengulang	terulang
mengulang	ulang
mengulang	ulanglah
mengulang-ulang	
mengulangi	diulangi
mengulangi	kuulangi
mengulangi	kauulangi
mengulangi	ulangi
mengulangi	ulangilah
mengular	kuular
mengular	kauular
mengular	diular
mengular	terular
mengular	ular
mengular	ularlah
mengulas	kuulas
mengulas	kauulas
mengulas	diulas
mengulas	terulas
mengulas	ulas
mengulas	ulaslah
mengulas-ulas	
mengulasi	diulasi
mengulasi	kuulasi
mengulasi	kauulasi
mengulasi	ulasi
mengulasi	ulasilah
mengulek	kuulek
mengulek	kauulek
mengulek	diulek
mengulek	terulek
mengulek	ulek
mengulek	uleklah
mengulemi	diulemi
mengulemi	kuulemi
mengulemi	kauulemi
mengulemi	ulemi
mengulemi	ulemilah
menguleni	diuleni
menguleni	kuuleni
menguleni	kauuleni
menguleni	uleni
menguleni	ulenilah
mengules	kuules
mengules	kauules
mengules	diules
mengules	terules
mengules	ules
mengules	uleslah
menguli	kukuli
menguli	kaukuli
menguli	dikuli
menguli	terkuli
menguli	kuli
menguli	kulilah
menguliahi	dikuliahi
menguliahi	kukuliahi
menguliahi	kaukuliahi
menguliahi	kuliahi
menguliahi	kuliahilah
mengulik	kuulik
mengulik	kauulik
mengulik	diulik
mengulik	terulik
mengulik	ulik
mengulik	uliklah
mengulit	kukulit
mengulit	kaukulit
mengulit	dikulit
mengulit	terkulit
mengulit	kulit
mengulit	kulitlah
mengulit-ulit	
menguliti	dikuliti
menguliti	kukuliti
menguliti	kaukuliti
menguliti	kuliti
menguliti	kulitilah
mengultuskan	dikultuskan
mengultuskan	kukultuskan
mengultuskan	kaukultuskan
mengultuskan	kultuskan
mengultuskan	kultuskanlah
mengulum	kukulum
mengulum	kaukulum
mengulum	dikulum
mengulum	terkulum
mengulum	kulum
mengulum	kulumlah
mengulum-ngulum	
mengulur	kuulur
mengulur	kauulur
mengulur	diulur
mengulur	terulur
mengulur	ulur
mengulur	ulurlah
mengulur-ulur	
mengulurkan	diulurkan
mengulurkan	kuulurkan
mengulurkan	kauulurkan
mengulurkan	ulurkan
mengulurkan	ulurkanlah
mengumai	kukumai
mengumai	kaukumai
mengumai	dikumai
mengumai	terkumai
mengumai	kumai
mengumai	kumailah
mengumalkan	dikumalkan
mengumalkan	kukumalkan
mengumalkan	kaukumalkan
mengumalkan	kumalkan
mengumalkan	kumalkanlah
menguman	kuuman
menguman	kauuman
menguman	diuman
menguman	teruman
menguman	uman
menguman	umanlah
menguman-uman	
mengumandang	kukumandang
mengumandang	kaukumandang
mengumandang	dikumandang
mengumandang	terkumandang
mengumandang	kumandang
mengumandang	kumandanglah
mengumbah	kukumbah
mengumbah	kaukumbah
mengumbah	dikumbah
mengumbah	terkumbah
mengumbah	kumbah
mengumbah	kumbahlah
mengumbang	kukumbang
mengumbang	kaukumbang
mengumbang	dikumbang
mengumbang	terkumbang
mengumbang	kumbang
mengumbang	kumbanglah
mengumbar	kuumbar
mengumbar	kauumbar
mengumbar	diumbar
mengumbar	terumbar
mengumbar	umbar
mengumbar	umbarlah
mengumbuk	kuumbuk
mengumbuk	kauumbuk
mengumbuk	diumbuk
mengumbuk	terumbuk
mengumbuk	umbuk
mengumbuk	umbuklah
mengumbut	kuumbut
mengumbut	kauumbut
mengumbut	diumbut
mengumbut	terumbut
mengumbut	umbut
mengumbut	umbutlah
mengumpak	kuumpak
mengumpak	kauumpak
mengumpak	diumpak
mengumpak	terumpak
mengumpak	umpak
mengumpak	umpaklah
mengumpak-umpak	
mengumpamai	diumpamai
mengumpamai	kuumpamai
mengumpamai	kauumpamai
mengumpamai	umpamai
mengumpamai	umpamailah
mengumpan	kuumpan
mengumpan	kauumpan
mengumpan	diumpan
mengumpan	terumpan
mengumpan	umpan
mengumpan	umpanlah
mengumpani	diumpani
mengumpani	kuumpani
mengumpani	kauumpani
mengumpani	umpani
mengumpani	umpanilah
mengumpankan	diumpankan
mengumpankan	kuumpankan
mengumpankan	kauumpankan
mengumpankan	umpankan
mengumpankan	umpankanlah
mengumpar	kukumpar
mengumpar	kaukumpar
mengumpar	dikumpar
mengumpar	terkumpar
mengumpar	kumpar
mengumpar	kumparlah
mengumpat	kuumpat
mengumpat	kauumpat
mengumpat	diumpat
mengumpat	terumpat
mengumpat	umpat
mengumpat	umpatlah
mengumpil	kuumpil
mengumpil	kauumpil
mengumpil	diumpil
mengumpil	terumpil
mengumpil	umpil
mengumpil	umpillah
mengumuhkan	dikumuhkan
mengumuhkan	kukumuhkan
mengumuhkan	kaukumuhkan
mengumuhkan	kumuhkan
mengumuhkan	kumuhkanlah
mengumumkan	diumumkan
mengumumkan	kuumumkan
mengumumkan	kauumumkan
mengumumkan	umumkan
mengumumkan	umumkanlah
mengumun	kuumun
mengumun	kauumun
mengumun	diumun
mengumun	terumun
mengumun	umun
mengumun	umunlah
mengunci	kukunci
mengunci	kaukunci
mengunci	dikunci
mengunci	terkunci
mengunci	kunci
mengunci	kuncilah
menguncikan	dikuncikan
menguncikan	kukuncikan
menguncikan	kaukuncikan
menguncikan	kuncikan
menguncikan	kuncikanlah
menguncup	kukuncup
menguncup	kaukuncup
menguncup	dikuncup
menguncup	terkuncup
menguncup	kuncup
menguncup	kuncuplah
menguncupkan	dikuncupkan
menguncupkan	kukuncupkan
menguncupkan	kaukuncupkan
menguncupkan	kuncupkan
menguncupkan	kuncupkanlah
mengundai	kukundai
mengundai	kaukundai
mengundai	dikundai
mengundai	terkundai
mengundai	kundai
mengundai	kundailah
mengundak	kuundak
mengundak	kauundak
mengundak	diundak
mengundak	terundak
mengundak	undak
mengundak	undaklah
mengundang	kuundang
mengundang	kauundang
mengundang	diundang
mengundang	terundang
mengundang	undang
mengundang	undanglah
mengundi	kuundi
mengundi	kauundi
mengundi	diundi
mengundi	terundi
mengundi	undi
mengundi	undilah
mengunduh	kuunduh
mengunduh	kauunduh
mengunduh	diunduh
mengunduh	terunduh
mengunduh	unduh
mengunduh	unduhlah
mengundurkan	diundurkan
mengundurkan	kuundurkan
mengundurkan	kauundurkan
mengundurkan	undurkan
mengundurkan	undurkanlah
mengunggah	kuunggah
mengunggah	kauunggah
mengunggah	diunggah
mengunggah	terunggah
mengunggah	unggah
mengunggah	unggahlah
mengunggis	kuunggis
mengunggis	kauunggis
mengunggis	diunggis
mengunggis	terunggis
mengunggis	unggis
mengunggis	unggislah
mengungguli	diungguli
mengungguli	kuungguli
mengungguli	kauungguli
mengungguli	ungguli
mengungguli	unggulilah
mengunggun	kuunggun
mengunggun	kauunggun
mengunggun	diunggun
mengunggun	terunggun
mengunggun	unggun
mengunggun	unggunlah
mengungkah	kuungkah
mengungkah	kauungkah
mengungkah	diungkah
mengungkah	terungkah
mengungkah	ungkah
mengungkah	ungkahlah
mengungkai	kuungkai
mengungkai	kauungkai
mengungkai	diungkai
mengungkai	terungkai
mengungkai	ungkai
mengungkai	ungkailah
mengungkang	kukungkang
mengungkang	kaukungkang
mengungkang	dikungkang
mengungkang	terkungkang
mengungkang	kungkang
mengungkang	kungkanglah
mengungkap	kuungkap
mengungkap	kauungkap
mengungkap	diungkap
mengungkap	terungkap
mengungkap	ungkap
mengungkap	ungkaplah
mengungkapi	diungkapi
mengungkapi	kuungkapi
mengungkapi	kauungkapi
mengungkapi	ungkapi
mengungkapi	ungkapilah
mengungkapkan	diungkapkan
mengungkapkan	kuungkapkan
mengungkapkan	kauungkapkan
mengungkapkan	ungkapkan
mengungkapkan	ungkapkanlah
mengungkat-ungkat	
mengungkil	kuungkil
mengungkil	kauungkil
mengungkil	diungkil
mengungkil	terungkil
mengungkil	ungkil
mengungkil	ungkillah
mengungkit	kuungkit
mengungkit	kauungkit
mengungkit	diungkit
mengungkit	terungkit
mengungkit	ungkit
mengungkit	ungkitlah
mengungkit-ungkit	
mengungkung	kukungkung
mengungkung	kaukungkung
mengungkung	dikungkung
mengungkung	terkungkung
mengungkung	kungkung
mengungkung	kungkunglah
mengungsi	
mengungsikan	diungsikan
mengungsikan	kuungsikan
mengungsikan	kauungsikan
mengungsikan	ungsikan
mengungsikan	ungsikanlah
menguning	kukuning
menguning	kaukuning
menguning	dikuning
menguning	terkuning
menguning	kuning
menguning	kuninglah
menguningkan	dikuningkan
menguningkan	kukuningkan
menguningkan	kaukuningkan
menguningkan	kuningkan
menguningkan	kuningkanlah
mengunjuk	kuunjuk
mengunjuk	kauunjuk
mengunjuk	diunjuk
mengunjuk	terunjuk
mengunjuk	unjuk
mengunjuk	unjuklah
mengunjukkan	diunjukkan
mengunjukkan	kuunjukkan
mengunjukkan	kauunjukkan
mengunjukkan	unjukkan
mengunjukkan	unjukkanlah
mengunjuknya	kuunjuk
mengunjuknya	kauunjuk
mengunjuknya	diunjuk
mengunjuknya	terunjuk
mengunjuknya	unjuk
mengunjuknya	unjuklah
mengunjungi	dikunjungi
mengunjungi	kukunjungi
mengunjungi	kaukunjungi
mengunjungi	kunjungi
mengunjungi	kunjungilah
mengunjungin	dikunjungin
mengunjungin	kukunjungin
mengunjungin	kaukunjungin
mengunjungin	kunjung
mengunjur	kuunjur
mengunjur	kauunjur
mengunjur	diunjur
mengunjur	terunjur
mengunjur	unjur
mengunjur	unjurlah
mengunjurkan	diunjurkan
mengunjurkan	kuunjurkan
mengunjurkan	kauunjurkan
mengunjurkan	unjurkan
mengunjurkan	unjurkanlah
mengunjutkan	diunjutkan
mengunjutkan	kuunjutkan
mengunjutkan	kauunjutkan
mengunjutkan	unjutkan
mengunjutkan	unjutkanlah
menguntai	kuuntai
menguntai	kauuntai
menguntai	diuntai
menguntai	teruntai
menguntai	untai
menguntai	untailah
menguntal	kuuntal
menguntal	kauuntal
menguntal	diuntal
menguntal	teruntal
menguntal	untal
menguntal	untallah
menguntil	kuuntil
menguntil	kauuntil
menguntil	diuntil
menguntil	teruntil
menguntil	until
menguntil	untillah
mengunting	kuunting
mengunting	kauunting
mengunting	diunting
mengunting	terunting
mengunting	unting
mengunting	untinglah
menguntir	kuuntir
menguntir	kauuntir
menguntir	diuntir
menguntir	teruntir
menguntir	untir
menguntir	untirlah
menguntit	kukuntit
menguntit	kaukuntit
menguntit	dikuntit
menguntit	terkuntit
menguntit	kuntit
menguntit	kuntitlah
menguntiti	dikuntiti
menguntiti	kukuntiti
menguntiti	kaukuntiti
menguntiti	kuntiti
menguntiti	kuntitilah
menguntum	kukuntum
menguntum	kaukuntum
menguntum	dikuntum
menguntum	terkuntum
menguntum	kuntum
menguntum	kuntumlah
mengunun	kuunun
mengunun	kauunun
mengunun	diunun
mengunun	terunun
mengunun	unun
mengunun	ununlah
mengunyah	kukunyah
mengunyah	kaukunyah
mengunyah	dikunyah
mengunyah	terkunyah
mengunyah	kunyah
mengunyah	kunyahlah
mengunyahkan	dikunyahkan
mengunyahkan	kukunyahkan
mengunyahkan	kaukunyahkan
mengunyahkan	kunyahkan
mengunyahkan	kunyahkanlah
mengunyai	kuunyai
mengunyai	kauunyai
mengunyai	diunyai
mengunyai	terunyai
mengunyai	unyai
mengunyai	unyailah
mengupa-upa	
mengupah	kuupah
mengupah	kauupah
mengupah	diupah
mengupah	terupah
mengupah	upah
mengupah	upahlah
mengupahi	diupahi
mengupahi	kuupahi
mengupahi	kauupahi
mengupahi	upahi
mengupahi	upahilah
mengupak	kukupak
mengupak	kaukupak
mengupak	dikupak
mengupak	terkupak
mengupak	kupak
mengupak	kupaklah
mengupam	kuupam
mengupam	kauupam
mengupam	diupam
mengupam	terupam
mengupam	upam
mengupam	upamlah
menguparkan	diuparkan
menguparkan	kuuparkan
menguparkan	kauuparkan
menguparkan	uparkan
menguparkan	uparkanlah
mengupas	kukupas
mengupas	kaukupas
mengupas	dikupas
mengupas	terkupas
mengupas	kupas
mengupas	kupaslah
mengupaskan	dikupaskan
mengupaskan	kukupaskan
mengupaskan	kaukupaskan
mengupaskan	kupaskan
mengupaskan	kupaskanlah
mengupil	kukupil
mengupil	kaukupil
mengupil	dikupil
mengupil	terkupil
mengupil	kupil
mengupil	kupillah
menguping	kukuping
menguping	kaukuping
menguping	dikuping
menguping	terkuping
menguping	kuping
menguping	kupinglah
mengupingi	dikupingi
mengupingi	kukupingi
mengupingi	kaukupingi
mengupingi	kupingi
mengupingi	kupingilah
mengurah	kuurah
mengurah	kauurah
mengurah	diurah
mengurah	terurah
mengurah	urah
mengurah	urahlah
mengurai	kuurai
mengurai	kauurai
mengurai	diurai
mengurai	terurai
mengurai	urai
mengurai	urailah
mengurang	kukurang
mengurang	kaukurang
mengurang	dikurang
mengurang	terkurang
mengurang	kurang
mengurang	kuranglah
mengurangi	dikurangi
mengurangi	kukurangi
mengurangi	kaukurangi
mengurangi	kurangi
mengurangi	kurangilah
mengurap	kuurap
mengurap	kauurap
mengurap	diurap
mengurap	terurap
mengurap	urap
mengurap	uraplah
mengurapi	diurapi
mengurapi	kuurapi
mengurapi	kauurapi
mengurapi	urapi
mengurapi	urapilah
menguras	kuuras
menguras	kauuras
menguras	diuras
menguras	teruras
menguras	uras
menguras	uraslah
mengurasi	diurasi
mengurasi	kuurasi
mengurasi	kauurasi
mengurasi	urasi
mengurasi	urasilah
menguret	kukuret
menguret	kaukuret
menguret	dikuret
menguret	terkuret
menguret	kuret
menguret	kuretlah
mengurik	kuurik
mengurik	kauurik
mengurik	diurik
mengurik	terurik
mengurik	urik
mengurik	uriklah
mengurik-urik	
mengursuskan	dikursuskan
mengursuskan	kukursuskan
mengursuskan	kaukursuskan
mengursuskan	kursuskan
mengursuskan	kursuskanlah
menguruk	kuuruk
menguruk	kauuruk
menguruk	diuruk
menguruk	teruruk
menguruk	uruk
menguruk	uruklah
mengurung	kukurung
mengurung	kaukurung
mengurung	dikurung
mengurung	terkurung
mengurung	kurung
mengurung	kurunglah
mengurup	kuurup
mengurup	kauurup
mengurup	diurup
mengurup	terurup
mengurup	urup
mengurup	uruplah
mengurus	
mengurusi	diurusi
mengurusi	kuurusi
mengurusi	kauurusi
mengurusi	urusi
mengurusi	urusilah
menguruskan	dikuruskan
menguruskan	kukuruskan
menguruskan	kaukuruskan
menguruskan	kuruskan
menguruskan	kuruskanlah
mengurut	kuurut
mengurut	kauurut
mengurut	diurut
mengurut	terurut
mengurut	urut
mengurut	urutlah
mengusa	kukusa
mengusa	kaukusa
mengusa	dikusa
mengusa	terkusa
mengusa	kusa
mengusa	kusalah
mengusai	kuusai
mengusai	kauusai
mengusai	diusai
mengusai	terusai
mengusai	usai
mengusai	usailah
mengusaikan	diusaikan
mengusaikan	kuusaikan
mengusaikan	kauusaikan
mengusaikan	usaikan
mengusaikan	usaikanlah
mengusaki	diusaki
mengusaki	kuusaki
mengusaki	kauusaki
mengusaki	usaki
mengusaki	usakilah
mengusal	kukusal
mengusal	kaukusal
mengusal	dikusal
mengusal	terkusal
mengusal	kusal
mengusal	kusallah
mengusang	kuusang
mengusang	kauusang
mengusang	diusang
mengusang	terusang
mengusang	usang
mengusang	usanglah
mengusap	kuusap
mengusap	kauusap
mengusap	diusap
mengusap	terusap
mengusap	usap
mengusap	usaplah
mengusik	kuusik
mengusik	kauusik
mengusik	diusik
mengusik	terusik
mengusik	usik
mengusik	usiklah
mengusil-usil	
mengusil-usilkan	
mengusir	kuusir
mengusir	kauusir
mengusir	diusir
mengusir	terusir
mengusir	usir
mengusir	usirlah
mengusruk	kukusruk
mengusruk	kaukusruk
mengusruk	dikusruk
mengusruk	terkusruk
mengusruk	kusruk
mengusruk	kusruklah
mengusrukkan	dikusrukkan
mengusrukkan	kukusrukkan
mengusrukkan	kaukusrukkan
mengusrukkan	kusrukkan
mengusrukkan	kusrukkanlah
mengusuk	kukusuk
mengusuk	kaukusuk
mengusuk	dikusuk
mengusuk	terkusuk
mengusuk	kusuk
mengusuk	kusuklah
mengusul	kuusul
mengusul	kauusul
mengusul	diusul
mengusul	terusul
mengusul	usul
mengusul	usullah
mengusuli	diusuli
mengusuli	kuusuli
mengusuli	kauusuli
mengusuli	usuli
mengusuli	usulilah
mengusulkan	diusulkan
mengusulkan	kuusulkan
mengusulkan	kauusulkan
mengusulkan	usulkan
mengusulkan	usulkanlah
mengusung	kuusung
mengusung	kauusung
mengusung	diusung
mengusung	terusung
mengusung	usung
mengusung	usunglah
mengusut	kukusut
mengusut	kaukusut
mengusut	dikusut
mengusut	terkusut
mengusut	kusut
mengusut	kusutlah
mengusutkan	dikusutkan
mengusutkan	kukusutkan
mengusutkan	kaukusutkan
mengusutkan	kusutkan
mengusutkan	kusutkanlah
mengutak-ngatikkan	
mengutamakan	diutamakan
mengutamakan	kuutamakan
mengutamakan	kauutamakan
mengutamakan	utamakan
mengutamakan	utamakanlah
mengutangi	diutangi
mengutangi	kuutangi
mengutangi	kauutangi
mengutangi	utangi
mengutangi	utangilah
mengutara	kuutara
mengutara	kauutara
mengutara	diutara
mengutara	terutara
mengutara	utara
mengutara	utaralah
mengutarakan	diutarakan
mengutarakan	kuutarakan
mengutarakan	kauutarakan
mengutarakan	utarakan
mengutarakan	utarakanlah
mengutik	kukutik
mengutik	kaukutik
mengutik	dikutik
mengutik	terkutik
mengutik	kutik
mengutik	kutiklah
mengutik-ngutik	
mengutik-utik	
mengutip	kukutip
mengutip	kaukutip
mengutip	dikutip
mengutip	terkutip
mengutip	kutip
mengutip	kutiplah
mengutuhkan	diutuhkan
mengutuhkan	kuutuhkan
mengutuhkan	kauutuhkan
mengutuhkan	utuhkan
mengutuhkan	utuhkanlah
mengutui	dikutui
mengutui	kukutui
mengutui	kaukutui
mengutui	kutui
mengutui	kutuilah
mengutuk	kukutuk
mengutuk	kaukutuk
mengutuk	dikutuk
mengutuk	terkutuk
mengutuk	kutuk
mengutuk	kutuklah
mengutuki	dikutuki
mengutuki	kukutuki
mengutuki	kaukutuki
mengutuki	kutuki
mengutuki	kutukilah
mengutus	kuutus
mengutus	kauutus
mengutus	diutus
mengutus	terutus
mengutus	utus
mengutus	utuslah
menguyuh	kuuyuh
menguyuh	kauuyuh
menguyuh	diuyuh
menguyuh	teruyuh
menguyuh	uyuh
menguyuh	uyuhlah
menguyuhi	diuyuhi
menguyuhi	kuuyuhi
menguyuhi	kauuyuhi
menguyuhi	uyuhi
menguyuhi	uyuhilah
menguyup	kukuyup
menguyup	kaukuyup
menguyup	dikuyup
menguyup	terkuyup
menguyup	kuyup
menguyup	kuyuplah
menguyupkan	dikuyupkan
menguyupkan	kukuyupkan
menguyupkan	kaukuyupkan
menguyupkan	kuyupkan
menguyupkan	kuyupkanlah
meniada	kutiada
meniada	kautiada
meniada	ditiada
meniada	tertiada
meniada	tiada
meniada	tiadalah
meniadakan	ditiadakan
meniadakan	kutiadakan
meniadakan	kautiadakan
meniadakan	tiadakan
meniadakan	tiadakanlah
meniaga	kuniaga
meniaga	kauniaga
meniaga	diniaga
meniaga	terniaga
meniaga	niaga
meniaga	niagalah
meniani	ditiani
meniani	kutiani
meniani	kautiani
meniani	tiani
meniani	tianilah
meniapkan	ditiapkan
meniapkan	kutiapkan
meniapkan	kautiapkan
meniapkan	tiapkan
meniapkan	tiapkanlah
meniarap	kutiarap
meniarap	kautiarap
meniarap	ditiarap
meniarap	tertiarap
meniarap	tiarap
meniarap	tiaraplah
menidakkan	ditidakkan
menidakkan	kutidakkan
menidakkan	kautidakkan
menidakkan	tidakkan
menidakkan	tidakkanlah
meniduri	ditiduri
meniduri	kutiduri
meniduri	kautiduri
meniduri	tiduri
meniduri	tidurilah
menidurkan	ditidurkan
menidurkan	kutidurkan
menidurkan	kautidurkan
menidurkan	tidurkan
menidurkan	tidurkanlah
meniga	kutiga
meniga	kautiga
meniga	ditiga
meniga	tertiga
meniga	tiga
meniga	tigalah
menihilkan	dinihilkan
menihilkan	kunihilkan
menihilkan	kaunihilkan
menihilkan	nihilkan
menihilkan	nihilkanlah
menika-nika	
menikah	kunikah
menikah	kaunikah
menikah	dinikah
menikah	ternikah
menikah	nikah
menikah	nikahlah
menikahi	dinikahi
menikahi	kunikahi
menikahi	kaunikahi
menikahi	nikahi
menikahi	nikahilah
menikahkan	dinikahkan
menikahkan	kunikahkan
menikahkan	kaunikahkan
menikahkan	nikahkan
menikahkan	nikahkanlah
menikai	ditikai
menikai	kutikai
menikai	kautikai
menikai	tikai
menikai	tikailah
menikam	kutikam
menikam	kautikam
menikam	ditikam
menikam	tertikam
menikam	tikam
menikam	tikamlah
menikamkan	ditikamkan
menikamkan	kutikamkan
menikamkan	kautikamkan
menikamkan	tikamkan
menikamkan	tikamkanlah
menikas	kutikas
menikas	kautikas
menikas	ditikas
menikas	tertikas
menikas	tikas
menikas	tikaslah
menikmati	dinikmati
menikmati	kunikmati
menikmati	kaunikmati
menikmati	nikmati
menikmati	nikmatilah
menikung	kutikung
menikung	kautikung
menikung	ditikung
menikung	tertikung
menikung	tikung
menikung	tikunglah
menikus	kutikus
menikus	kautikus
menikus	ditikus
menikus	tertikus
menikus	tikus
menikus	tikuslah
menilai	kunilai
menilai	kaunilai
menilai	dinilai
menilai	ternilai
menilai	nilai
menilai	nilailah
menilang	kutilang
menilang	kautilang
menilang	ditilang
menilang	tertilang
menilang	tilang
menilang	tilanglah
menilap	kutilap
menilap	kautilap
menilap	ditilap
menilap	tertilap
menilap	tilap
menilap	tilaplah
menilik	kutilik
menilik	kautilik
menilik	ditilik
menilik	tertilik
menilik	tilik
menilik	tiliklah
menimang	kutimang
menimang	kautimang
menimang	ditimang
menimang	tertimang
menimang	timang
menimang	timanglah
menimang-nimang	
menimangkan	ditimangkan
menimangkan	kutimangkan
menimangkan	kautimangkan
menimangkan	timangkan
menimangkan	timangkanlah
menimba	kutimba
menimba	kautimba
menimba	ditimba
menimba	tertimba
menimba	timba
menimba	timbalah
menimbal	kutimbal
menimbal	kautimbal
menimbal	ditimbal
menimbal	tertimbal
menimbal	timbal
menimbal	timballah
menimbali	ditimbali
menimbali	kutimbali
menimbali	kautimbali
menimbali	timbali
menimbali	timbalilah
menimbang	kutimbang
menimbang	kautimbang
menimbang	ditimbang
menimbang	tertimbang
menimbang	timbang
menimbang	timbanglah
menimbang-nimbang	
menimbangi	ditimbangi
menimbangi	kutimbangi
menimbangi	kautimbangi
menimbangi	timbangi
menimbangi	timbangilah
menimbau	kutimbau
menimbau	kautimbau
menimbau	ditimbau
menimbau	tertimbau
menimbau	timbau
menimbau	timbaulah
menimbel	kutimbel
menimbel	kautimbel
menimbel	ditimbel
menimbel	tertimbel
menimbel	timbel
menimbel	timbellah
menimbrung	kutimbrung
menimbrung	kautimbrung
menimbrung	ditimbrung
menimbrung	tertimbrung
menimbrung	timbrung
menimbrung	timbrunglah
menimbul	kutimbul
menimbul	kautimbul
menimbul	ditimbul
menimbul	tertimbul
menimbul	timbul
menimbul	timbullah
menimbulkan	ditimbulkan
menimbulkan	kutimbulkan
menimbulkan	kautimbulkan
menimbulkan	timbulkan
menimbulkan	timbulkanlah
menimbun	kutimbun
menimbun	kautimbun
menimbun	ditimbun
menimbun	tertimbun
menimbun	timbun
menimbun	timbunlah
menimbun-nimbun	
menimbuni	ditimbuni
menimbuni	kutimbuni
menimbuni	kautimbuni
menimbuni	timbuni
menimbuni	timbunilah
menimbus	kutimbus
menimbus	kautimbus
menimbus	ditimbus
menimbus	tertimbus
menimbus	timbus
menimbus	timbuslah
menimbusi	ditimbusi
menimbusi	kutimbusi
menimbusi	kautimbusi
menimbusi	timbusi
menimbusi	timbusilah
menimpa	kutimpa
menimpa	kautimpa
menimpa	ditimpa
menimpa	tertimpa
menimpa	timpa
menimpa	timpalah
menimpakan	ditimpakan
menimpakan	kutimpakan
menimpakan	kautimpakan
menimpakan	timpakan
menimpakan	timpakanlah
menimpali	ditimpali
menimpali	kutimpali
menimpali	kautimpali
menimpali	timpali
menimpali	timpalilah
menimpang	kutimpang
menimpang	kautimpang
menimpang	ditimpang
menimpang	tertimpang
menimpang	timpang
menimpang	timpanglah
menimpang-nimpangkan	
menimpangkan	ditimpangkan
menimpangkan	kutimpangkan
menimpangkan	kautimpangkan
menimpangkan	timpangkan
menimpangkan	timpangkanlah
menimpuk	kutimpuk
menimpuk	kautimpuk
menimpuk	ditimpuk
menimpuk	tertimpuk
menimpuk	timpuk
menimpuk	timpuklah
menimpuki	ditimpuki
menimpuki	kutimpuki
menimpuki	kautimpuki
menimpuki	timpuki
menimpuki	timpukilah
menimur	kutimur
menimur	kautimur
menimur	ditimur
menimur	tertimur
menimur	timur
menimur	timurlah
meninabobokan	dininabobokan
meninabobokan	kuninabobokan
meninabobokan	kauninabobokan
meninabobokan	ninabobokan
meninabobokan	ninabobokanlah
menindak	kutindak
menindak	kautindak
menindak	ditindak
menindak	tertindak
menindak	tindak
menindak	tindaklah
menindan	kutindan
menindan	kautindan
menindan	ditindan
menindan	tertindan
menindan	tindan
menindan	tindanlah
menindas	kutindas
menindas	kautindas
menindas	ditindas
menindas	tertindas
menindas	tindas
menindas	tindaslah
menindih	kutindih
menindih	kautindih
menindih	ditindih
menindih	tertindih
menindih	tindih
menindih	tindihlah
menindik	kutindik
menindik	kautindik
menindik	ditindik
menindik	tertindik
menindik	tindik
menindik	tindiklah
meninggal	
meninggali	ditinggali
meninggali	kutinggali
meninggali	kautinggali
meninggali	tinggali
meninggali	tinggalilah
meninggam	kutinggam
meninggam	kautinggam
meninggam	ditinggam
meninggam	tertinggam
meninggam	tinggam
meninggam	tinggamlah
meninggi	kutinggi
meninggi	kautinggi
meninggi	ditinggi
meninggi	tertinggi
meninggi	tinggi
meninggi	tinggilah
meninggikan	ditinggikan
meninggikan	kutinggikan
meninggikan	kautinggikan
meninggikan	tinggikan
meninggikan	tinggikanlah
meninggung	kutinggung
meninggung	kautinggung
meninggung	ditinggung
meninggung	tertinggung
meninggung	tinggung
meninggung	tinggunglah
meningkah	kutingkah
meningkah	kautingkah
meningkah	ditingkah
meningkah	tertingkah
meningkah	tingkah
meningkah	tingkahlah
meningkahi	ditingkahi
meningkahi	kutingkahi
meningkahi	kautingkahi
meningkahi	tingkahi
meningkahi	tingkahilah
meningkap	kutingkap
meningkap	kautingkap
meningkap	ditingkap
meningkap	tertingkap
meningkap	tingkap
meningkap	tingkaplah
meningkar	kutingkar
meningkar	kautingkar
meningkar	ditingkar
meningkar	tertingkar
meningkar	tingkar
meningkar	tingkarlah
meningkat	kutingkat
meningkat	kautingkat
meningkat	ditingkat
meningkat	tertingkat
meningkat	tingkat
meningkat	tingkatlah
meningkat-ningkat	
meningratkan	diningratkan
meningratkan	kuningratkan
meningratkan	kauningratkan
meningratkan	ningratkan
meningratkan	ningratkanlah
meninjau	kutinjau
meninjau	kautinjau
meninjau	ditinjau
meninjau	tertinjau
meninjau	tinjau
meninjau	tinjaulah
meninju	kutinju
meninju	kautinju
meninju	ditinju
meninju	tertinju
meninju	tinju
meninju	tinjulah
menintai	ditintai
menintai	kutintai
menintai	kautintai
menintai	tintai
menintai	tintailah
meninting	kutinting
meninting	kautinting
meninting	ditinting
meninting	tertinting
meninting	tinting
meninting	tintinglah
menipis	kutipis
menipis	kautipis
menipis	ditipis
menipis	tertipis
menipis	tipis
menipis	tipislah
menipiskan	ditipiskan
menipiskan	kutipiskan
menipiskan	kautipiskan
menipiskan	tipiskan
menipiskan	tipiskanlah
menipu	kutipu
menipu	kautipu
menipu	ditipu
menipu	tertipu
menipu	tipu
menipu	tipulah
meniris	kutiris
meniris	kautiris
meniris	ditiris
meniris	tertiris
meniris	tiris
meniris	tirislah
meniriskan	ditiriskan
meniriskan	kutiriskan
meniriskan	kautiriskan
meniriskan	tiriskan
meniriskan	tiriskanlah
meniru	kutiru
meniru	kautiru
meniru	ditiru
meniru	tertiru
meniru	tiru
meniru	tirulah
meniru-niru	
menirukan	ditirukan
menirukan	kutirukan
menirukan	kautirukan
menirukan	tirukan
menirukan	tirukanlah
menirus	kutirus
menirus	kautirus
menirus	ditirus
menirus	tertirus
menirus	tirus
menirus	tiruslah
menisbikan	dinisbikan
menisbikan	kunisbikan
menisbikan	kaunisbikan
menisbikan	nisbikan
menisbikan	nisbikanlah
menisik	kutisik
menisik	kautisik
menisik	ditisik
menisik	tertisik
menisik	tisik
menisik	tisiklah
menisiki	ditisiki
menisiki	kutisiki
menisiki	kautisiki
menisiki	tisiki
menisiki	tisikilah
menista	kunista
menista	kaunista
menista	dinista
menista	ternista
menista	nista
menista	nistalah
menistakan	dinistakan
menistakan	kunistakan
menistakan	kaunistakan
menistakan	nistakan
menistakan	nistakanlah
menitar-nitarkan	
meniti	kutiti
meniti	kautiti
meniti	dititi
meniti	tertiti
meniti	titi
meniti	titilah
menitik	kutitik
menitik	kautitik
menitik	dititik
menitik	tertitik
menitik	titik
menitik	titiklah
menitiki	dititiki
menitiki	kutitiki
menitiki	kautitiki
menitiki	titiki
menitiki	titikilah
menitip	kutitip
menitip	kautitip
menitip	dititip
menitip	tertitip
menitip	titip
menitip	titiplah
menitipkan	dititipkan
menitipkan	kutitipkan
menitipkan	kautitipkan
menitipkan	titipkan
menitipkan	titipkanlah
menitir	kutitir
menitir	kautitir
menitir	dititir
menitir	tertitir
menitir	titir
menitir	titirlah
menitis	kutitis
menitis	kautitis
menitis	dititis
menitis	tertitis
menitis	titis
menitis	titislah
menitiskan	dititiskan
menitiskan	kutitiskan
menitiskan	kautitiskan
menitiskan	titiskan
menitiskan	titiskanlah
meniup	kutiup
meniup	kautiup
meniup	ditiup
meniup	tertiup
meniup	tiup
meniup	tiuplah
meniup-niup	
meniwahkan	ditiwahkan
meniwahkan	kutiwahkan
meniwahkan	kautiwahkan
meniwahkan	tiwahkan
meniwahkan	tiwahkanlah
menjabal	kujabal
menjabal	kaujabal
menjabal	dijabal
menjabal	terjabal
menjabal	jabal
menjabal	jaballah
menjabarkan	dijabarkan
menjabarkan	kujabarkan
menjabarkan	kaujabarkan
menjabarkan	jabarkan
menjabarkan	jabarkanlah
menjabat	kujabat
menjabat	kaujabat
menjabat	dijabat
menjabat	terjabat
menjabat	jabat
menjabat	jabatlah
menjadi	
menjadi-jadi	
menjadi-jadikan	
menjadikan	dijadikan
menjadikan	kujadikan
menjadikan	kaujadikan
menjadikan	jadikan
menjadikan	jadikanlah
menjadwalkan	dijadwalkan
menjadwalkan	kujadwalkan
menjadwalkan	kaujadwalkan
menjadwalkan	jadwalkan
menjadwalkan	jadwalkanlah
menjaga	kujaga
menjaga	kaujaga
menjaga	dijaga
menjaga	terjaga
menjaga	jaga
menjaga	jagalah
menjagal	kujagal
menjagal	kaujagal
menjagal	dijagal
menjagal	terjagal
menjagal	jagal
menjagal	jagallah
menjagoi	dijagoi
menjagoi	kujagoi
menjagoi	kaujagoi
menjagoi	jagoi
menjagoi	jagoilah
menjagokan	dijagokan
menjagokan	kujagokan
menjagokan	kaujagokan
menjagokan	jagokan
menjagokan	jagokanlah
menjagung	kujagung
menjagung	kaujagung
menjagung	dijagung
menjagung	terjagung
menjagung	jagung
menjagung	jagunglah
menjahanamkan	dijahanamkan
menjahanamkan	kujahanamkan
menjahanamkan	kaujahanamkan
menjahanamkan	jahanamkan
menjahanamkan	jahanamkanlah
menjahar	kujahar
menjahar	kaujahar
menjahar	dijahar
menjahar	terjahar
menjahar	jahar
menjahar	jaharlah
menjahati	dijahati
menjahati	kujahati
menjahati	kaujahati
menjahati	jahati
menjahati	jahatilah
menjahili	dijahili
menjahili	kujahili
menjahili	kaujahili
menjahili	jahili
menjahili	jahililah
menjahit	kujahit
menjahit	kaujahit
menjahit	dijahit
menjahit	terjahit
menjahit	jahit
menjahit	jahitlah
menjaili	dijaili
menjaili	kujaili
menjaili	kaujaili
menjaili	jaili
menjaili	jaililah
menjaja	kujaja
menjaja	kaujaja
menjaja	dijaja
menjaja	terjaja
menjaja	jaja
menjaja	jajalah
menjajah	kujajah
menjajah	kaujajah
menjajah	dijajah
menjajah	terjajah
menjajah	jajah
menjajah	jajahlah
menjajahi	dijajahi
menjajahi	kujajahi
menjajahi	kaujajahi
menjajahi	jajahi
menjajahi	jajahilah
menjajaki	dijajaki
menjajaki	kujajaki
menjajaki	kaujajaki
menjajaki	jajaki
menjajaki	jajakilah
menjajal	kujajal
menjajal	kaujajal
menjajal	dijajal
menjajal	terjajal
menjajal	jajal
menjajal	jajallah
menjajar	kujajar
menjajar	kaujajar
menjajar	dijajar
menjajar	terjajar
menjajar	jajar
menjajar	jajarlah
menjala	kujala
menjala	kaujala
menjala	dijala
menjala	terjala
menjala	jala
menjala	jalalah
menjalakan	dijalakan
menjalakan	kujalakan
menjalakan	kaujalakan
menjalakan	jalakan
menjalakan	jalakanlah
menjalang	kujalang
menjalang	kaujalang
menjalang	dijalang
menjalang	terjalang
menjalang	jalang
menjalang	jalanglah
menjalani	dijalani
menjalani	kujalani
menjalani	kaujalani
menjalani	jalani
menjalani	jalanilah
menjalar	kujalar
menjalar	kaujalar
menjalar	dijalar
menjalar	terjalar
menjalar	jalar
menjalar	jalarlah
menjalari	dijalari
menjalari	kujalari
menjalari	kaujalari
menjalari	jalari
menjalari	jalarilah
menjalarkan	dijalarkan
menjalarkan	kujalarkan
menjalarkan	kaujalarkan
menjalarkan	jalarkan
menjalarkan	jalarkanlah
menjalin	kujalin
menjalin	kaujalin
menjalin	dijalin
menjalin	terjalin
menjalin	jalin
menjalin	jalinlah
menjalu	kujalu
menjalu	kaujalu
menjalu	dijalu
menjalu	terjalu
menjalu	jalu
menjalu	jalulah
menjamah	kujamah
menjamah	kaujamah
menjamah	dijamah
menjamah	terjamah
menjamah	jamah
menjamah	jamahlah
menjamak	kujamak
menjamak	kaujamak
menjamak	dijamak
menjamak	terjamak
menjamak	jamak
menjamak	jamaklah
menjamakkan	dijamakkan
menjamakkan	kujamakkan
menjamakkan	kaujamakkan
menjamakkan	jamakkan
menjamakkan	jamakkanlah
menjambak	kujambak
menjambak	kaujambak
menjambak	dijambak
menjambak	terjambak
menjambak	jambak
menjambak	jambaklah
menjambret	kujambret
menjambret	kaujambret
menjambret	dijambret
menjambret	terjambret
menjambret	jambret
menjambret	jambretlah
menjamin	kujamin
menjamin	kaujamin
menjamin	dijamin
menjamin	terjamin
menjamin	jamin
menjamin	jaminlah
menjampi	kujampi
menjampi	kaujampi
menjampi	dijampi
menjampi	terjampi
menjampi	jampi
menjampi	jampilah
menjamu	kujamu
menjamu	kaujamu
menjamu	dijamu
menjamu	terjamu
menjamu	jamu
menjamu	jamulah
menjamur	kujamur
menjamur	kaujamur
menjamur	dijamur
menjamur	terjamur
menjamur	jamur
menjamur	jamurlah
menjanda	kujanda
menjanda	kaujanda
menjanda	dijanda
menjanda	terjanda
menjanda	janda
menjanda	jandalah
menjangak	kujangak
menjangak	kaujangak
menjangak	dijangak
menjangak	terjangak
menjangak	jangak
menjangak	jangaklah
menjangankan	dijangankan
menjangankan	kujangankan
menjangankan	kaujangankan
menjangankan	jangankan
menjangankan	jangankanlah
menjangat	kujangat
menjangat	kaujangat
menjangat	dijangat
menjangat	terjangat
menjangat	jangat
menjangat	jangatlah
menjangati	dijangati
menjangati	kujangati
menjangati	kaujangati
menjangati	jangati
menjangati	jangatilah
menjanggalkan	dijanggalkan
menjanggalkan	kujanggalkan
menjanggalkan	kaujanggalkan
menjanggalkan	janggalkan
menjanggalkan	janggalkanlah
menjangka	kujangka
menjangka	kaujangka
menjangka	dijangka
menjangka	terjangka
menjangka	jangka
menjangka	jangkalah
menjangkah	kujangkah
menjangkah	kaujangkah
menjangkah	dijangkah
menjangkah	terjangkah
menjangkah	jangkah
menjangkah	jangkahlah
menjangkang	kujangkang
menjangkang	kaujangkang
menjangkang	dijangkang
menjangkang	terjangkang
menjangkang	jangkang
menjangkang	jangkanglah
menjangkau	kujangkau
menjangkau	kaujangkau
menjangkau	dijangkau
menjangkau	terjangkau
menjangkau	jangkau
menjangkau	jangkaulah
menjangki	kujangki
menjangki	kaujangki
menjangki	dijangki
menjangki	terjangki
menjangki	jangki
menjangki	jangkilah
menjangkit	kujangkit
menjangkit	kaujangkit
menjangkit	dijangkit
menjangkit	terjangkit
menjangkit	jangkit
menjangkit	jangkitlah
menjangol	kujangol
menjangol	kaujangol
menjangol	dijangol
menjangol	terjangol
menjangol	jangol
menjangol	jangollah
menjantang	kujantang
menjantang	kaujantang
menjantang	dijantang
menjantang	terjantang
menjantang	jantang
menjantang	jantanglah
menjantani	dijantani
menjantani	kujantani
menjantani	kaujantani
menjantani	jantani
menjantani	jantanilah
menjantung	kujantung
menjantung	kaujantung
menjantung	dijantung
menjantung	terjantung
menjantung	jantung
menjantung	jantunglah
menjantur	kujantur
menjantur	kaujantur
menjantur	dijantur
menjantur	terjantur
menjantur	jantur
menjantur	janturlah
menjara	kujara
menjara	kaujara
menjara	dijara
menjara	terjara
menjara	jara
menjara	jaralah
menjarah	kujarah
menjarah	kaujarah
menjarah	dijarah
menjarah	terjarah
menjarah	jarah
menjarah	jarahlah
menjarak	kujarak
menjarak	kaujarak
menjarak	dijarak
menjarak	terjarak
menjarak	jarak
menjarak	jaraklah
menjaraki	dijaraki
menjaraki	kujaraki
menjaraki	kaujaraki
menjaraki	jaraki
menjaraki	jarakilah
menjaram	kujaram
menjaram	kaujaram
menjaram	dijaram
menjaram	terjaram
menjaram	jaram
menjaram	jaramlah
menjarang	kujarang
menjarang	kaujarang
menjarang	dijarang
menjarang	terjarang
menjarang	jarang
menjarang	jaranglah
menjarangkan	dijarangkan
menjarangkan	kujarangkan
menjarangkan	kaujarangkan
menjarangkan	jarangkan
menjarangkan	jarangkanlah
menjaras	kujaras
menjaras	kaujaras
menjaras	dijaras
menjaras	terjaras
menjaras	jaras
menjaras	jaraslah
menjari	kujari
menjari	kaujari
menjari	dijari
menjari	terjari
menjari	jari
menjari	jarilah
menjaring	kujaring
menjaring	kaujaring
menjaring	dijaring
menjaring	terjaring
menjaring	jaring
menjaring	jaringlah
menjaringkan	dijaringkan
menjaringkan	kujaringkan
menjaringkan	kaujaringkan
menjaringkan	jaringkan
menjaringkan	jaringkanlah
menjarum	kujarum
menjarum	kaujarum
menjarum	dijarum
menjarum	terjarum
menjarum	jarum
menjarum	jarumlah
menjatah	kujatah
menjatah	kaujatah
menjatah	dijatah
menjatah	terjatah
menjatah	jatah
menjatah	jatahlah
menjatuhi	dijatuhi
menjatuhi	kujatuhi
menjatuhi	kaujatuhi
menjatuhi	jatuhi
menjatuhi	jatuhilah
menjauh	kujauh
menjauh	kaujauh
menjauh	dijauh
menjauh	terjauh
menjauh	jauh
menjauh	jauhlah
menjauhi	dijauhi
menjauhi	kujauhi
menjauhi	kaujauhi
menjauhi	jauhi
menjauhi	jauhilah
menjawab	kujawab
menjawab	kaujawab
menjawab	dijawab
menjawab	terjawab
menjawab	jawab
menjawab	jawablah
menjawat	kujawat
menjawat	kaujawat
menjawat	dijawat
menjawat	terjawat
menjawat	jawat
menjawat	jawatlah
menjawikan	dijawikan
menjawikan	kujawikan
menjawikan	kaujawikan
menjawikan	jawikan
menjawikan	jawikanlah
menjawil	kujawil
menjawil	kaujawil
menjawil	dijawil
menjawil	terjawil
menjawil	jawil
menjawil	jawillah
menjebak	kujebak
menjebak	kaujebak
menjebak	dijebak
menjebak	terjebak
menjebak	jebak
menjebak	jebaklah
menjebloskan	dijebloskan
menjebloskan	kujebloskan
menjebloskan	kaujebloskan
menjebloskan	jebloskan
menjebloskan	jebloskanlah
menjebluk	kujebluk
menjebluk	kaujebluk
menjebluk	dijebluk
menjebluk	terjebluk
menjebluk	jebluk
menjebluk	jebluklah
menjebol	kujebol
menjebol	kaujebol
menjebol	dijebol
menjebol	terjebol
menjebol	jebol
menjebol	jebollah
menjebolkan	dijebolkan
menjebolkan	kujebolkan
menjebolkan	kaujebolkan
menjebolkan	jebolkan
menjebolkan	jebolkanlah
menjebrolkan	dijebrolkan
menjebrolkan	kujebrolkan
menjebrolkan	kaujebrolkan
menjebrolkan	jebrolkan
menjebrolkan	jebrolkanlah
menjebur	kujebur
menjebur	kaujebur
menjebur	dijebur
menjebur	terjebur
menjebur	jebur
menjebur	jeburlah
menjeburkan	dijeburkan
menjeburkan	kujeburkan
menjeburkan	kaujeburkan
menjeburkan	jeburkan
menjeburkan	jeburkanlah
menjedot-jedotkan	
menjedotkan	dijedotkan
menjedotkan	kujedotkan
menjedotkan	kaujedotkan
menjedotkan	jedotkan
menjedotkan	jedotkanlah
menjegal	kujegal
menjegal	kaujegal
menjegal	dijegal
menjegal	terjegal
menjegal	jegal
menjegal	jegallah
menjegil	kujegil
menjegil	kaujegil
menjegil	dijegil
menjegil	terjegil
menjegil	jegil
menjegil	jegillah
menjejak	kujejak
menjejak	kaujejak
menjejak	dijejak
menjejak	terjejak
menjejak	jejak
menjejak	jejaklah
menjejaki	dijejaki
menjejaki	kujejaki
menjejaki	kaujejaki
menjejaki	jejaki
menjejaki	jejakilah
menjejal	kujejal
menjejal	kaujejal
menjejal	dijejal
menjejal	terjejal
menjejal	jejal
menjejal	jejallah
menjejali	dijejali
menjejali	kujejali
menjejali	kaujejali
menjejali	jejali
menjejali	jejalilah
menjelajah	kujelajah
menjelajah	kaujelajah
menjelajah	dijelajah
menjelajah	terjelajah
menjelajah	jelajah
menjelajah	jelajahlah
menjelajahi	dijelajahi
menjelajahi	kujelajahi
menjelajahi	kaujelajahi
menjelajahi	jelajahi
menjelajahi	jelajahilah
menjelajahkan	dijelajahkan
menjelajahkan	kujelajahkan
menjelajahkan	kaujelajahkan
menjelajahkan	jelajahkan
menjelajahkan	jelajahkanlah
menjelang	kujelang
menjelang	kaujelang
menjelang	dijelang
menjelang	terjelang
menjelang	jelang
menjelang	jelanglah
menjelangak	kujelangak
menjelangak	kaujelangak
menjelangak	dijelangak
menjelangak	terjelangak
menjelangak	jelangak
menjelangak	jelangaklah
menjelangi	dijelangi
menjelangi	kujelangi
menjelangi	kaujelangi
menjelangi	jelangi
menjelangi	jelangilah
menjelar	kujelar
menjelar	kaujelar
menjelar	dijelar
menjelar	terjelar
menjelar	jelar
menjelar	jelarlah
menjelas	kujelas
menjelas	kaujelas
menjelas	dijelas
menjelas	terjelas
menjelas	jelas
menjelas	jelaslah
menjelaskan	dijelaskan
menjelaskan	kujelaskan
menjelaskan	kaujelaskan
menjelaskan	jelaskan
menjelaskan	jelaskanlah
menjelejeh	kujelejeh
menjelejeh	kaujelejeh
menjelejeh	dijelejeh
menjelejeh	terjelejeh
menjelejeh	jelejeh
menjelejeh	jelejehlah
menjelek-jelekkan	
menjelekkan	dijelekkan
menjelekkan	kujelekkan
menjelekkan	kaujelekkan
menjelekkan	jelekkan
menjelekkan	jelekkanlah
menjelempah	kujelempah
menjelempah	kaujelempah
menjelempah	dijelempah
menjelempah	terjelempah
menjelempah	jelempah
menjelempah	jelempahlah
menjelengar	kujelengar
menjelengar	kaujelengar
menjelengar	dijelengar
menjelengar	terjelengar
menjelengar	jelengar
menjelengar	jelengarlah
menjelepak	kujelepak
menjelepak	kaujelepak
menjelepak	dijelepak
menjelepak	terjelepak
menjelepak	jelepak
menjelepak	jelepaklah
menjelepok	kujelepok
menjelepok	kaujelepok
menjelepok	dijelepok
menjelepok	terjelepok
menjelepok	jelepok
menjelepok	jelepoklah
menjelijih	kujelijih
menjelijih	kaujelijih
menjelijih	dijelijih
menjelijih	terjelijih
menjelijih	jelijih
menjelijih	jelijihlah
menjelimet	kujelimet
menjelimet	kaujelimet
menjelimet	dijelimet
menjelimet	terjelimet
menjelimet	jelimet
menjelimet	jelimetlah
menjeling	kujeling
menjeling	kaujeling
menjeling	dijeling
menjeling	terjeling
menjeling	jeling
menjeling	jelinglah
menjelirkan	dijelirkan
menjelirkan	kujelirkan
menjelirkan	kaujelirkan
menjelirkan	jelirkan
menjelirkan	jelirkanlah
menjelma	kujelma
menjelma	kaujelma
menjelma	dijelma
menjelma	terjelma
menjelma	jelma
menjelma	jelmalah
menjelmakan	dijelmakan
menjelmakan	kujelmakan
menjelmakan	kaujelmakan
menjelmakan	jelmakan
menjelmakan	jelmakanlah
menjeluak	kujeluak
menjeluak	kaujeluak
menjeluak	dijeluak
menjeluak	terjeluak
menjeluak	jeluak
menjeluak	jeluaklah
menjelujur	kujelujur
menjelujur	kaujelujur
menjelujur	dijelujur
menjelujur	terjelujur
menjelujur	jelujur
menjelujur	jelujurlah
menjelujuri	dijelujuri
menjelujuri	kujelujuri
menjelujuri	kaujelujuri
menjelujuri	jelujuri
menjelujuri	jelujurilah
menjelum	kujelum
menjelum	kaujelum
menjelum	dijelum
menjelum	terjelum
menjelum	jelum
menjelum	jelumlah
menjelungkap	kujelungkap
menjelungkap	kaujelungkap
menjelungkap	dijelungkap
menjelungkap	terjelungkap
menjelungkap	jelungkap
menjelungkap	jelungkaplah
menjelunut	kujelunut
menjelunut	kaujelunut
menjelunut	dijelunut
menjelunut	terjelunut
menjelunut	jelunut
menjelunut	jelunutlah
menjeluskan	dijeluskan
menjeluskan	kujeluskan
menjeluskan	kaujeluskan
menjeluskan	jeluskan
menjeluskan	jeluskanlah
menjelut	kujelut
menjelut	kaujelut
menjelut	dijelut
menjelut	terjelut
menjelut	jelut
menjelut	jelutlah
menjemba	kujemba
menjemba	kaujemba
menjemba	dijemba
menjemba	terjemba
menjemba	jemba
menjemba	jembalah
menjembak	kujembak
menjembak	kaujembak
menjembak	dijembak
menjembak	terjembak
menjembak	jembak
menjembak	jembaklah
menjembatani	dijembatani
menjembatani	kujembatani
menjembatani	kaujembatani
menjembatani	jembatani
menjembatani	jembatanilah
menjempalit	kujempalit
menjempalit	kaujempalit
menjempalit	dijempalit
menjempalit	terjempalit
menjempalit	jempalit
menjempalit	jempalitlah
menjemput	kujemput
menjemput	kaujemput
menjemput	dijemput
menjemput	terjemput
menjemput	jemput
menjemput	jemputlah
menjemur	kujemur
menjemur	kaujemur
menjemur	dijemur
menjemur	terjemur
menjemur	jemur
menjemur	jemurlah
menjenangi	dijenangi
menjenangi	kujenangi
menjenangi	kaujenangi
menjenangi	jenangi
menjenangi	jenangilah
menjenengkan	dijenengkan
menjenengkan	kujenengkan
menjenengkan	kaujenengkan
menjenengkan	jenengkan
menjenengkan	jenengkanlah
menjengek	kujengek
menjengek	kaujengek
menjengek	dijengek
menjengek	terjengek
menjengek	jengek
menjengek	jengeklah
menjengek-jengek	
menjengeki	dijengeki
menjengeki	kujengeki
menjengeki	kaujengeki
menjengeki	jengeki
menjengeki	jengekilah
menjengguk	kujengguk
menjengguk	kaujengguk
menjengguk	dijengguk
menjengguk	terjengguk
menjengguk	jengguk
menjengguk	jengguklah
menjenggut	kujenggut
menjenggut	kaujenggut
menjenggut	dijenggut
menjenggut	terjenggut
menjenggut	jenggut
menjenggut	jenggutlah
menjengit	kujengit
menjengit	kaujengit
menjengit	dijengit
menjengit	terjengit
menjengit	jengit
menjengit	jengitlah
menjengit-jengit	
menjengkal	kujengkal
menjengkal	kaujengkal
menjengkal	dijengkal
menjengkal	terjengkal
menjengkal	jengkal
menjengkal	jengkallah
menjengkali	dijengkali
menjengkali	kujengkali
menjengkali	kaujengkali
menjengkali	jengkali
menjengkali	jengkalilah
menjengkang	kujengkang
menjengkang	kaujengkang
menjengkang	dijengkang
menjengkang	terjengkang
menjengkang	jengkang
menjengkang	jengkanglah
menjengkeli	dijengkeli
menjengkeli	kujengkeli
menjengkeli	kaujengkeli
menjengkeli	jengkeli
menjengkeli	jengkelilah
menjengkelit	kujengkelit
menjengkelit	kaujengkelit
menjengkelit	dijengkelit
menjengkelit	terjengkelit
menjengkelit	jengkelit
menjengkelit	jengkelitlah
menjengkelkan	dijengkelkan
menjengkelkan	kujengkelkan
menjengkelkan	kaujengkelkan
menjengkelkan	jengkelkan
menjengkelkan	jengkelkanlah
menjengkeng	kujengkeng
menjengkeng	kaujengkeng
menjengkeng	dijengkeng
menjengkeng	terjengkeng
menjengkeng	jengkeng
menjengkeng	jengkenglah
menjengket	kujengket
menjengket	kaujengket
menjengket	dijengket
menjengket	terjengket
menjengket	jengket
menjengket	jengketlah
menjengking	kujengking
menjengking	kaujengking
menjengking	dijengking
menjengking	terjengking
menjengking	jengking
menjengking	jengkinglah
menjengkit	kujengkit
menjengkit	kaujengkit
menjengkit	dijengkit
menjengkit	terjengkit
menjengkit	jengkit
menjengkit	jengkitlah
menjengkolet	kujengkolet
menjengkolet	kaujengkolet
menjengkolet	dijengkolet
menjengkolet	terjengkolet
menjengkolet	jengkolet
menjengkolet	jengkoletlah
menjengkot	kujengkot
menjengkot	kaujengkot
menjengkot	dijengkot
menjengkot	terjengkot
menjengkot	jengkot
menjengkot	jengkotlah
menjenguk	kujenguk
menjenguk	kaujenguk
menjenguk	dijenguk
menjenguk	terjenguk
menjenguk	jenguk
menjenguk	jenguklah
menjengukkan	dijengukkan
menjengukkan	kujengukkan
menjengukkan	kaujengukkan
menjengukkan	jengukkan
menjengukkan	jengukkanlah
menjengul	kujengul
menjengul	kaujengul
menjengul	dijengul
menjengul	terjengul
menjengul	jengul
menjengul	jengullah
menjenis	kujenis
menjenis	kaujenis
menjenis	dijenis
menjenis	terjenis
menjenis	jenis
menjenis	jenislah
menjentik	kujentik
menjentik	kaujentik
menjentik	dijentik
menjentik	terjentik
menjentik	jentik
menjentik	jentiklah
menjenuhkan	dijenuhkan
menjenuhkan	kujenuhkan
menjenuhkan	kaujenuhkan
menjenuhkan	jenuhkan
menjenuhkan	jenuhkanlah
menjepit	kujepit
menjepit	kaujepit
menjepit	dijepit
menjepit	terjepit
menjepit	jepit
menjepit	jepitlah
menjepret	kujepret
menjepret	kaujepret
menjepret	dijepret
menjepret	terjepret
menjepret	jepret
menjepret	jepretlah
menjerahap	kujerahap
menjerahap	kaujerahap
menjerahap	dijerahap
menjerahap	terjerahap
menjerahap	jerahap
menjerahap	jerahaplah
menjerakan	dijerakan
menjerakan	kujerakan
menjerakan	kaujerakan
menjerakan	jerakan
menjerakan	jerakanlah
menjeramah	kujeramah
menjeramah	kaujeramah
menjeramah	dijeramah
menjeramah	terjeramah
menjeramah	jeramah
menjeramah	jeramahlah
menjerambah	kujerambah
menjerambah	kaujerambah
menjerambah	dijerambah
menjerambah	terjerambah
menjerambah	jerambah
menjerambah	jerambahlah
menjerang	kujerang
menjerang	kaujerang
menjerang	dijerang
menjerang	terjerang
menjerang	jerang
menjerang	jeranglah
menjerangkak	kujerangkak
menjerangkak	kaujerangkak
menjerangkak	dijerangkak
menjerangkak	terjerangkak
menjerangkak	jerangkak
menjerangkak	jerangkaklah
menjerangkang	kujerangkang
menjerangkang	kaujerangkang
menjerangkang	dijerangkang
menjerangkang	terjerangkang
menjerangkang	jerangkang
menjerangkang	jerangkanglah
menjerap	kujerap
menjerap	kaujerap
menjerap	dijerap
menjerap	terjerap
menjerap	jerap
menjerap	jeraplah
menjerat	kujerat
menjerat	kaujerat
menjerat	dijerat
menjerat	terjerat
menjerat	jerat
menjerat	jeratlah
menjerauskan	dijerauskan
menjerauskan	kujerauskan
menjerauskan	kaujerauskan
menjerauskan	jerauskan
menjerauskan	jerauskanlah
menjerba	kujerba
menjerba	kaujerba
menjerba	dijerba
menjerba	terjerba
menjerba	jerba
menjerba	jerbalah
menjerbak	kujerbak
menjerbak	kaujerbak
menjerbak	dijerbak
menjerbak	terjerbak
menjerbak	jerbak
menjerbak	jerbaklah
menjeremba	kujeremba
menjeremba	kaujeremba
menjeremba	dijeremba
menjeremba	terjeremba
menjeremba	jeremba
menjeremba	jerembalah
menjerembapkan	dijerembapkan
menjerembapkan	kujerembapkan
menjerembapkan	kaujerembapkan
menjerembapkan	jerembapkan
menjerembapkan	jerembapkanlah
menjerempak	kujerempak
menjerempak	kaujerempak
menjerempak	dijerempak
menjerempak	terjerempak
menjerempak	jerempak
menjerempak	jerempaklah
menjeriau	kujeriau
menjeriau	kaujeriau
menjeriau	dijeriau
menjeriau	terjeriau
menjeriau	jeriau
menjeriau	jeriaulah
menjerit	kujerit
menjerit	kaujerit
menjerit	dijerit
menjerit	terjerit
menjerit	jerit
menjerit	jeritlah
menjerit-jerit	
menjerkah	kujerkah
menjerkah	kaujerkah
menjerkah	dijerkah
menjerkah	terjerkah
menjerkah	jerkah
menjerkah	jerkahlah
menjernihkan	dijernihkan
menjernihkan	kujernihkan
menjernihkan	kaujernihkan
menjernihkan	jernihkan
menjernihkan	jernihkanlah
menjerojol	kujerojol
menjerojol	kaujerojol
menjerojol	dijerojol
menjerojol	terjerojol
menjerojol	jerojol
menjerojol	jerojollah
menjerongkok	kujerongkok
menjerongkok	kaujerongkok
menjerongkok	dijerongkok
menjerongkok	terjerongkok
menjerongkok	jerongkok
menjerongkok	jerongkoklah
menjerongkong	kujerongkong
menjerongkong	kaujerongkong
menjerongkong	dijerongkong
menjerongkong	terjerongkong
menjerongkong	jerongkong
menjerongkong	jerongkonglah
menjeruki	dijeruki
menjeruki	kujeruki
menjeruki	kaujeruki
menjeruki	jeruki
menjeruki	jerukilah
menjerukun	kujerukun
menjerukun	kaujerukun
menjerukun	dijerukun
menjerukun	terjerukun
menjerukun	jerukun
menjerukun	jerukunlah
menjerukup	kujerukup
menjerukup	kaujerukup
menjerukup	dijerukup
menjerukup	terjerukup
menjerukup	jerukup
menjerukup	jerukuplah
menjerum	kujerum
menjerum	kaujerum
menjerum	dijerum
menjerum	terjerum
menjerum	jerum
menjerum	jerumlah
menjerumat	kujerumat
menjerumat	kaujerumat
menjerumat	dijerumat
menjerumat	terjerumat
menjerumat	jerumat
menjerumat	jerumatlah
menjerumuskan	dijerumuskan
menjerumuskan	kujerumuskan
menjerumuskan	kaujerumuskan
menjerumuskan	jerumuskan
menjerumuskan	jerumuskanlah
menjerungkau	kujerungkau
menjerungkau	kaujerungkau
menjerungkau	dijerungkau
menjerungkau	terjerungkau
menjerungkau	jerungkau
menjerungkau	jerungkaulah
menjerungkis	kujerungkis
menjerungkis	kaujerungkis
menjerungkis	dijerungkis
menjerungkis	terjerungkis
menjerungkis	jerungkis
menjerungkis	jerungkislah
menjerungkung	kujerungkung
menjerungkung	kaujerungkung
menjerungkung	dijerungkung
menjerungkung	terjerungkung
menjerungkung	jerungkung
menjerungkung	jerungkunglah
menjetis	kujetis
menjetis	kaujetis
menjetis	dijetis
menjetis	terjetis
menjetis	jetis
menjetis	jetislah
menjewer	kujewer
menjewer	kaujewer
menjewer	dijewer
menjewer	terjewer
menjewer	jewer
menjewer	jewerlah
menjidari	dijidari
menjidari	kujidari
menjidari	kaujidari
menjidari	jidari
menjidari	jidarilah
menjijikkan	dijijikkan
menjijikkan	kujijikkan
menjijikkan	kaujijikkan
menjijikkan	jijikkan
menjijikkan	jijikkanlah
menjijit	kujijit
menjijit	kaujijit
menjijit	dijijit
menjijit	terjijit
menjijit	jijit
menjijit	jijitlah
menjilami	dijilami
menjilami	kujilami
menjilami	kaujilami
menjilami	jilami
menjilami	jilamilah
menjilat	kujilat
menjilat	kaujilat
menjilat	dijilat
menjilat	terjilat
menjilat	jilat
menjilat	jilatlah
menjilat-jilat	
menjilid	kujilid
menjilid	kaujilid
menjilid	dijilid
menjilid	terjilid
menjilid	jilid
menjilid	jilidlah
menjimbit	kujimbit
menjimbit	kaujimbit
menjimbit	dijimbit
menjimbit	terjimbit
menjimbit	jimbit
menjimbit	jimbitlah
menjimpit	kujimpit
menjimpit	kaujimpit
menjimpit	dijimpit
menjimpit	terjimpit
menjimpit	jimpit
menjimpit	jimpitlah
menjinaki	dijinaki
menjinaki	kujinaki
menjinaki	kaujinaki
menjinaki	jinaki
menjinaki	jinakilah
menjinakkan	dijinakkan
menjinakkan	kujinakkan
menjinakkan	kaujinakkan
menjinakkan	jinakkan
menjinakkan	jinakkanlah
menjingau	kujingau
menjingau	kaujingau
menjingau	dijingau
menjingau	terjingau
menjingau	jingau
menjingau	jingaulah
menjingu	kujingu
menjingu	kaujingu
menjingu	dijingu
menjingu	terjingu
menjingu	jingu
menjingu	jingulah
menjinjing	kujinjing
menjinjing	kaujinjing
menjinjing	dijinjing
menjinjing	terjinjing
menjinjing	jinjing
menjinjing	jinjinglah
menjinjingkan	dijinjingkan
menjinjingkan	kujinjingkan
menjinjingkan	kaujinjingkan
menjinjingkan	jinjingkan
menjinjingkan	jinjingkanlah
menjinjit	kujinjit
menjinjit	kaujinjit
menjinjit	dijinjit
menjinjit	terjinjit
menjinjit	jinjit
menjinjit	jinjitlah
menjiplak	kujiplak
menjiplak	kaujiplak
menjiplak	dijiplak
menjiplak	terjiplak
menjiplak	jiplak
menjiplak	jiplaklah
menjirus	kujirus
menjirus	kaujirus
menjirus	dijirus
menjirus	terjirus
menjirus	jirus
menjirus	jiruslah
menjitukan	dijitukan
menjitukan	kujitukan
menjitukan	kaujitukan
menjitukan	jitukan
menjitukan	jitukanlah
menjiwai	dijiwai
menjiwai	kujiwai
menjiwai	kaujiwai
menjiwai	jiwai
menjiwai	jiwailah
menjiwit	kujiwit
menjiwit	kaujiwit
menjiwit	dijiwit
menjiwit	terjiwit
menjiwit	jiwit
menjiwit	jiwitlah
menjodongkan	dijodongkan
menjodongkan	kujodongkan
menjodongkan	kaujodongkan
menjodongkan	jodongkan
menjodongkan	jodongkanlah
menjoget	kujoget
menjoget	kaujoget
menjoget	dijoget
menjoget	terjoget
menjoget	joget
menjoget	jogetlah
menjojol	kujojol
menjojol	kaujojol
menjojol	dijojol
menjojol	terjojol
menjojol	jojol
menjojol	jojollah
menjolak	kujolak
menjolak	kaujolak
menjolak	dijolak
menjolak	terjolak
menjolak	jolak
menjolak	jolaklah
menjolek	kujolek
menjolek	kaujolek
menjolek	dijolek
menjolek	terjolek
menjolek	jolek
menjolek	joleklah
menjolok	kujolok
menjolok	kaujolok
menjolok	dijolok
menjolok	terjolok
menjolok	jolok
menjolok	joloklah
menjolor	kujolor
menjolor	kaujolor
menjolor	dijolor
menjolor	terjolor
menjolor	jolor
menjolor	jolorlah
menjompak	kujompak
menjompak	kaujompak
menjompak	dijompak
menjompak	terjompak
menjompak	jompak
menjompak	jompaklah
menjonget	kujonget
menjonget	kaujonget
menjonget	dijonget
menjonget	terjonget
menjonget	jonget
menjonget	jongetlah
menjongkang	kujongkang
menjongkang	kaujongkang
menjongkang	dijongkang
menjongkang	terjongkang
menjongkang	jongkang
menjongkang	jongkanglah
menjonjot	kujonjot
menjonjot	kaujonjot
menjonjot	dijonjot
menjonjot	terjonjot
menjonjot	jonjot
menjonjot	jonjotlah
menjoreng	kujoreng
menjoreng	kaujoreng
menjoreng	dijoreng
menjoreng	terjoreng
menjoreng	joreng
menjoreng	jorenglah
menjorokkan	dijorokkan
menjorokkan	kujorokkan
menjorokkan	kaujorokkan
menjorokkan	jorokkan
menjorokkan	jorokkanlah
menjotos	kujotos
menjotos	kaujotos
menjotos	dijotos
menjotos	terjotos
menjotos	jotos
menjotos	jotoslah
menjuak	kujuak
menjuak	kaujuak
menjuak	dijuak
menjuak	terjuak
menjuak	juak
menjuak	juaklah
menjual	kujual
menjual	kaujual
menjual	dijual
menjual	terjual
menjual	jual
menjual	juallah
menjuali	dijuali
menjuali	kujuali
menjuali	kaujuali
menjuali	juali
menjuali	jualilah
menjuarai	dijuarai
menjuarai	kujuarai
menjuarai	kaujuarai
menjuarai	juarai
menjuarai	juarailah
menjubeli	dijubeli
menjubeli	kujubeli
menjubeli	kaujubeli
menjubeli	jubeli
menjubeli	jubelilah
menjublek	kujublek
menjublek	kaujublek
menjublek	dijublek
menjublek	terjublek
menjublek	jublek
menjublek	jubleklah
menjujah	kujujah
menjujah	kaujujah
menjujah	dijujah
menjujah	terjujah
menjujah	jujah
menjujah	jujahlah
menjuju	kujuju
menjuju	kaujuju
menjuju	dijuju
menjuju	terjuju
menjuju	juju
menjuju	jujulah
menjujuh	kujujuh
menjujuh	kaujujuh
menjujuh	dijujuh
menjujuh	terjujuh
menjujuh	jujuh
menjujuh	jujuhlah
menjujuri	dijujuri
menjujuri	kujujuri
menjujuri	kaujujuri
menjujuri	jujuri
menjujuri	jujurilah
menjujut	kujujut
menjujut	kaujujut
menjujut	dijujut
menjujut	terjujut
menjujut	jujut
menjujut	jujutlah
menjulai	kujulai
menjulai	kaujulai
menjulai	dijulai
menjulai	terjulai
menjulai	julai
menjulai	julailah
menjulang	kujulang
menjulang	kaujulang
menjulang	dijulang
menjulang	terjulang
menjulang	julang
menjulang	julanglah
menjulat	kujulat
menjulat	kaujulat
menjulat	dijulat
menjulat	terjulat
menjulat	julat
menjulat	julatlah
menjuling	kujuling
menjuling	kaujuling
menjuling	dijuling
menjuling	terjuling
menjuling	juling
menjuling	julinglah
menjuluk	kujuluk
menjuluk	kaujuluk
menjuluk	dijuluk
menjuluk	terjuluk
menjuluk	juluk
menjuluk	juluklah
menjuluki	dijuluki
menjuluki	kujuluki
menjuluki	kaujuluki
menjuluki	juluki
menjuluki	julukilah
menjulur	kujulur
menjulur	kaujulur
menjulur	dijulur
menjulur	terjulur
menjulur	julur
menjulur	julurlah
menjulurkan	dijulurkan
menjulurkan	kujulurkan
menjulurkan	kaujulurkan
menjulurkan	julurkan
menjulurkan	julurkanlah
menjumbai	kujumbai
menjumbai	kaujumbai
menjumbai	dijumbai
menjumbai	terjumbai
menjumbai	jumbai
menjumbai	jumbailah
menjumlah	kujumlah
menjumlah	kaujumlah
menjumlah	dijumlah
menjumlah	terjumlah
menjumlah	jumlah
menjumlah	jumlahlah
menjumpai	dijumpai
menjumpai	kujumpai
menjumpai	kaujumpai
menjumpai	jumpai
menjumpai	jumpailah
menjumput	kujumput
menjumput	kaujumput
menjumput	dijumput
menjumput	terjumput
menjumput	jumput
menjumput	jumputlah
menjumputi	dijumputi
menjumputi	kujumputi
menjumputi	kaujumputi
menjumputi	jumputi
menjumputi	jumputilah
menjunam	kujunam
menjunam	kaujunam
menjunam	dijunam
menjunam	terjunam
menjunam	junam
menjunam	junamlah
menjungat	kujungat
menjungat	kaujungat
menjungat	dijungat
menjungat	terjungat
menjungat	jungat
menjungat	jungatlah
menjungkalkan	dijungkalkan
menjungkalkan	kujungkalkan
menjungkalkan	kaujungkalkan
menjungkalkan	jungkalkan
menjungkalkan	jungkalkanlah
menjungkar	kujungkar
menjungkar	kaujungkar
menjungkar	dijungkar
menjungkar	terjungkar
menjungkar	jungkar
menjungkar	jungkarlah
menjungkat-jungkit	
menjungkir	kujungkir
menjungkir	kaujungkir
menjungkir	dijungkir
menjungkir	terjungkir
menjungkir	jungkir
menjungkir	jungkirlah
menjungkit	kujungkit
menjungkit	kaujungkit
menjungkit	dijungkit
menjungkit	terjungkit
menjungkit	jungkit
menjungkit	jungkitlah
menjungur	kujungur
menjungur	kaujungur
menjungur	dijungur
menjungur	terjungur
menjungur	jungur
menjungur	jungurlah
menjunjung	kujunjung
menjunjung	kaujunjung
menjunjung	dijunjung
menjunjung	terjunjung
menjunjung	junjung
menjunjung	junjunglah
menjunjungkan	dijunjungkan
menjunjungkan	kujunjungkan
menjunjungkan	kaujunjungkan
menjunjungkan	junjungkan
menjunjungkan	junjungkanlah
menjuntai	kujuntai
menjuntai	kaujuntai
menjuntai	dijuntai
menjuntai	terjuntai
menjuntai	juntai
menjuntai	juntailah
menjurus	kujurus
menjurus	kaujurus
menjurus	dijurus
menjurus	terjurus
menjurus	jurus
menjurus	juruslah
menjuruskan	dijuruskan
menjuruskan	kujuruskan
menjuruskan	kaujuruskan
menjuruskan	juruskan
menjuruskan	juruskanlah
menjustifikasikan	dijustifikasikan
menjustifikasikan	kujustifikasikan
menjustifikasikan	kaujustifikasikan
menjustifikasikan	justifikasikan
menjustifikasikan	justifikasikanlah
menobak	kutobak
menobak	kautobak
menobak	ditobak
menobak	tertobak
menobak	tobak
menobak	tobaklah
menobatkan	dinobatkan
menobatkan	kunobatkan
menobatkan	kaunobatkan
menobatkan	nobatkan
menobatkan	nobatkanlah
menodai	dinodai
menodai	kunodai
menodai	kaunodai
menodai	nodai
menodai	nodailah
menodong	kutodong
menodong	kautodong
menodong	ditodong
menodong	tertodong
menodong	todong
menodong	todonglah
menodongkan	ditodongkan
menodongkan	kutodongkan
menodongkan	kautodongkan
menodongkan	todongkan
menodongkan	todongkanlah
menogan	kutogan
menogan	kautogan
menogan	ditogan
menogan	tertogan
menogan	togan
menogan	toganlah
menogelkan	ditogelkan
menogelkan	kutogelkan
menogelkan	kautogelkan
menogelkan	togelkan
menogelkan	togelkanlah
menohok	kutohok
menohok	kautohok
menohok	ditohok
menohok	tertohok
menohok	tohok
menohok	tohoklah
menohokkan	ditohokkan
menohokkan	kutohokkan
menohokkan	kautohokkan
menohokkan	tohokkan
menohokkan	tohokkanlah
menokak	kutokak
menokak	kautokak
menokak	ditokak
menokak	tertokak
menokak	tokak
menokak	tokaklah
menokoh	kutokoh
menokoh	kautokoh
menokoh	ditokoh
menokoh	tertokoh
menokoh	tokoh
menokoh	tokohlah
menokohi	ditokohi
menokohi	kutokohi
menokohi	kautokohi
menokohi	tokohi
menokohi	tokohilah
menokok	kutokok
menokok	kautokok
menokok	ditokok
menokok	tertokok
menokok	tokok
menokok	tokoklah
menokong	kutokong
menokong	kautokong
menokong	ditokong
menokong	tertokong
menokong	tokong
menokong	tokonglah
menolak	kutolak
menolak	kautolak
menolak	ditolak
menolak	tertolak
menolak	tolak
menolak	tolaklah
menoleh	kutoleh
menoleh	kautoleh
menoleh	ditoleh
menoleh	tertoleh
menoleh	toleh
menoleh	tolehlah
menolehkan	ditolehkan
menolehkan	kutolehkan
menolehkan	kautolehkan
menolehkan	tolehkan
menolehkan	tolehkanlah
menoleransi	kutoleransi
menoleransi	kautoleransi
menoleransi	ditoleransi
menoleransi	tertoleransi
menoleransi	toleransi
menoleransi	toleransilah
menolok	kutolok
menolok	kautolok
menolok	ditolok
menolok	tertolok
menolok	tolok
menolok	toloklah
menolong	kutolong
menolong	kautolong
menolong	ditolong
menolong	tertolong
menolong	tolong
menolong	tolonglah
menomang	kutomang
menomang	kautomang
menomang	ditomang
menomang	tertomang
menomang	tomang
menomang	tomanglah
menomboki	ditomboki
menomboki	kutomboki
menomboki	kautomboki
menomboki	tomboki
menomboki	tombokilah
menominasikan	dinominasikan
menominasikan	kunominasikan
menominasikan	kaunominasikan
menominasikan	nominasikan
menominasikan	nominasikanlah
menomori	dinomori
menomori	kunomori
menomori	kaunomori
menomori	nomori
menomori	nomorilah
menonaktifkan	dinonaktifkan
menonaktifkan	kunonaktifkan
menonaktifkan	kaunonaktifkan
menonaktifkan	nonaktifkan
menonaktifkan	nonaktifkanlah
menongkah	kutongkah
menongkah	kautongkah
menongkah	ditongkah
menongkah	tertongkah
menongkah	tongkah
menongkah	tongkahlah
menongkat	kutongkat
menongkat	kautongkat
menongkat	ditongkat
menongkat	tertongkat
menongkat	tongkat
menongkat	tongkatlah
menongkrong	kutongkrong
menongkrong	kautongkrong
menongkrong	ditongkrong
menongkrong	tertongkrong
menongkrong	tongkrong
menongkrong	tongkronglah
menongkrongi	ditongkrongi
menongkrongi	kutongkrongi
menongkrongi	kautongkrongi
menongkrongi	tongkrongi
menongkrongi	tongkrongilah
menongol	kutongol
menongol	kautongol
menongol	ditongol
menongol	tertongol
menongol	tongol
menongol	tongollah
menonjok	kutonjok
menonjok	kautonjok
menonjok	ditonjok
menonjok	tertonjok
menonjok	tonjok
menonjok	tonjoklah
menonjol	kutonjol
menonjol	kautonjol
menonjol	ditonjol
menonjol	tertonjol
menonjol	tonjol
menonjol	tonjollah
menonjol-nonjolkan	
menonton	kutonton
menonton	kautonton
menonton	ditonton
menonton	tertonton
menonton	tonton
menonton	tontonlah
menontonkan	ditontonkan
menontonkan	kutontonkan
menontonkan	kautontonkan
menontonkan	tontonkan
menontonkan	tontonkanlah
menopang	kutopang
menopang	kautopang
menopang	ditopang
menopang	tertopang
menopang	topang
menopang	topanglah
menopengi	ditopengi
menopengi	kutopengi
menopengi	kautopengi
menopengi	topengi
menopengi	topengilah
menoreh	kutoreh
menoreh	kautoreh
menoreh	ditoreh
menoreh	tertoreh
menoreh	toreh
menoreh	torehlah
menormalisasikan	dinormalisasikan
menormalisasikan	kunormalisasikan
menormalisasikan	kaunormalisasikan
menormalisasikan	normalisasikan
menormalisasikan	normalisasikanlah
menormalkan	dinormalkan
menormalkan	kunormalkan
menormalkan	kaunormalkan
menormalkan	normalkan
menormalkan	normalkanlah
menorpedo	kutorpedo
menorpedo	kautorpedo
menorpedo	ditorpedo
menorpedo	tertorpedo
menorpedo	torpedo
menorpedo	torpedolah
menoyor	kutoyor
menoyor	kautoyor
menoyor	ditoyor
menoyor	tertoyor
menoyor	toyor
menoyor	toyorlah
menskedulkan	diskedulkan
menskedulkan	kuskedulkan
menskedulkan	kauskedulkan
menskedulkan	skedulkan
menskedulkan	skedulkanlah
menskemakan	diskemakan
menskemakan	kuskemakan
menskemakan	kauskemakan
menskemakan	skemakan
menskemakan	skemakanlah
menskenariokan	diskenariokan
menskenariokan	kuskenariokan
menskenariokan	kauskenariokan
menskenariokan	skenariokan
menskenariokan	skenariokanlah
mensketsa	kusketsa
mensketsa	kausketsa
mensketsa	disketsa
mensketsa	tersketsa
mensketsa	sketsa
mensketsa	sketsalah
menskor	kuskor
menskor	kauskor
menskor	diskor
menskor	terskor
menskor	skor
menskor	skorlah
menskors	kuskors
menskors	kauskors
menskors	diskors
menskors	terskors
menskors	skors
menskors	skorslah
mensmokel	kusmokel
mensmokel	kausmokel
mensmokel	dismokel
mensmokel	tersmokel
mensmokel	smokel
mensmokel	smokellah
menspion	kuspion
menspion	kauspion
menspion	dispion
menspion	terspion
menspion	spion
menspion	spionlah
mensponsori	disponsori
mensponsori	kusponsori
mensponsori	kausponsori
mensponsori	sponsori
mensponsori	sponsorilah
menstabilkan	distabilkan
menstabilkan	kustabilkan
menstabilkan	kaustabilkan
menstabilkan	stabilkan
menstabilkan	stabilkanlah
menstandarkan	distandarkan
menstandarkan	kustandarkan
menstandarkan	kaustandarkan
menstandarkan	standarkan
menstandarkan	standarkanlah
menstarter	kustarter
menstarter	kaustarter
menstarter	distarter
menstarter	terstarter
menstarter	starter
menstarter	starterlah
menstarterkan	distarterkan
menstarterkan	kustarterkan
menstarterkan	kaustarterkan
menstarterkan	starterkan
menstarterkan	starterkanlah
menstempel	kustempel
menstempel	kaustempel
menstempel	distempel
menstempel	terstempel
menstempel	stempel
menstempel	stempellah
menstensil	kustensil
menstensil	kaustensil
menstensil	distensil
menstensil	terstensil
menstensil	stensil
menstensil	stensillah
mensterilkan	disterilkan
mensterilkan	kusterilkan
mensterilkan	kausterilkan
mensterilkan	sterilkan
mensterilkan	sterilkanlah
menstilir	kustilir
menstilir	kaustilir
menstilir	distilir
menstilir	terstilir
menstilir	stilir
menstilir	stilirlah
menstimulasi	kustimulasi
menstimulasi	kaustimulasi
menstimulasi	distimulasi
menstimulasi	terstimulasi
menstimulasi	stimulasi
menstimulasi	stimulasilah
menswastakan	diswastakan
menswastakan	kuswastakan
menswastakan	kauswastakan
menswastakan	swastakan
menswastakan	swastakanlah
mensyaki	disyaki
mensyaki	kusyaki
mensyaki	kausyaki
mensyaki	syaki
mensyaki	syakilah
mensyariatkan	disyariatkan
mensyariatkan	kusyariatkan
mensyariatkan	kausyariatkan
mensyariatkan	syariatkan
mensyariatkan	syariatkanlah
mensyarikat	kusyarikat
mensyarikat	kausyarikat
mensyarikat	disyarikat
mensyarikat	tersyarikat
mensyarikat	syarikat
mensyarikat	syarikatlah
mensyirikkan	disyirikkan
mensyirikkan	kusyirikkan
mensyirikkan	kausyirikkan
mensyirikkan	syirikkan
mensyirikkan	syirikkanlah
mensyukuri	disyukuri
mensyukuri	kusyukuri
mensyukuri	kausyukuri
mensyukuri	syukuri
mensyukuri	syukurilah
mensyurkan	disyurkan
mensyurkan	kusyurkan
mensyurkan	kausyurkan
mensyurkan	syurkan
mensyurkan	syurkanlah
mentradisi	kutradisi
mentradisi	kautradisi
mentradisi	ditradisi
mentradisi	tertradisi
mentradisi	tradisi
mentradisi	tradisilah
mentradisikan	ditradisikan
mentradisikan	kutradisikan
mentradisikan	kautradisikan
mentradisikan	tradisikan
mentradisikan	tradisikanlah
mentraktir	kutraktir
mentraktir	kautraktir
mentraktir	ditraktir
mentraktir	tertraktir
mentraktir	traktir
mentraktir	traktirlah
mentraktor	kutraktor
mentraktor	kautraktor
mentraktor	ditraktor
mentraktor	tertraktor
mentraktor	traktor
mentraktor	traktorlah
mentransfer	kutransfer
mentransfer	kautransfer
mentransfer	ditransfer
mentransfer	tertransfer
mentransfer	transfer
mentransfer	transferlah
mentransformasikan	ditransformasikan
mentransformasikan	kutransformasikan
mentransformasikan	kautransformasikan
mentransformasikan	transformasikan
mentransformasikan	transformasikanlah
mentranskripsikan	ditranskripsikan
mentranskripsikan	kutranskripsikan
mentranskripsikan	kautranskripsikan
mentranskripsikan	transkripsikan
mentranskripsikan	transkripsikanlah
mentransmigrasilokalkan	
mentransmisikan	ditransmisikan
mentransmisikan	kutransmisikan
mentransmisikan	kautransmisikan
mentransmisikan	transmisikan
mentransmisikan	transmisikanlah
mentransmutasikan	ditransmutasikan
mentransmutasikan	kutransmutasikan
mentransmutasikan	kautransmutasikan
mentransmutasikan	transmutasikan
mentransmutasikan	transmutasikanlah
mentransplantasikan	ditransplantasikan
mentransplantasikan	kutransplantasikan
mentransplantasikan	kautransplantasikan
mentransplantasikan	transplantasikan
mentransplantasikan	transplantasikanlah
mentranspor	kutranspor
mentranspor	kautranspor
mentranspor	ditranspor
mentranspor	tertranspor
mentranspor	transpor
mentranspor	transporlah
mentrompetkan	ditrompetkan
mentrompetkan	kutrompetkan
mentrompetkan	kautrompetkan
mentrompetkan	trompetkan
mentrompetkan	trompetkanlah
menua	kutua
menua	kautua
menua	ditua
menua	tertua
menua	tua
menua	tualah
menuahi	dituahi
menuahi	kutuahi
menuahi	kautuahi
menuahi	tuahi
menuahi	tuahilah
menuai	kutuai
menuai	kautuai
menuai	dituai
menuai	tertuai
menuai	tuai
menuai	tuailah
menuakan	dituakan
menuakan	kutuakan
menuakan	kautuakan
menuakan	tuakan
menuakan	tuakanlah
menual	kutual
menual	kautual
menual	ditual
menual	tertual
menual	tual
menual	tuallah
menuam	kutuam
menuam	kautuam
menuam	dituam
menuam	tertuam
menuam	tuam
menuam	tuamlah
menuami	dituami
menuami	kutuami
menuami	kautuami
menuami	tuami
menuami	tuamilah
menuang	kutuang
menuang	kautuang
menuang	dituang
menuang	tertuang
menuang	tuang
menuang	tuanglah
menuangi	dituangi
menuangi	kutuangi
menuangi	kautuangi
menuangi	tuangi
menuangi	tuangilah
menuani	dituani
menuani	kutuani
menuani	kautuani
menuani	tuani
menuani	tuanilah
menuas	kutuas
menuas	kautuas
menuas	dituas
menuas	tertuas
menuas	tuas
menuas	tuaslah
menuba	kutuba
menuba	kautuba
menuba	dituba
menuba	tertuba
menuba	tuba
menuba	tubalah
menubai	ditubai
menubai	kutubai
menubai	kautubai
menubai	tubai
menubai	tubailah
menubikan	ditubikan
menubikan	kutubikan
menubikan	kautubikan
menubikan	tubikan
menubikan	tubikanlah
menubruk	kutubruk
menubruk	kautubruk
menubruk	ditubruk
menubruk	tertubruk
menubruk	tubruk
menubruk	tubruklah
menubrukkan	ditubrukkan
menubrukkan	kutubrukkan
menubrukkan	kautubrukkan
menubrukkan	tubrukkan
menubrukkan	tubrukkanlah
menuding	kutuding
menuding	kautuding
menuding	dituding
menuding	tertuding
menuding	tuding
menuding	tudinglah
menuding-nuding	
menudingkan	ditudingkan
menudingkan	kutudingkan
menudingkan	kautudingkan
menudingkan	tudingkan
menudingkan	tudingkanlah
menuduh	kutuduh
menuduh	kautuduh
menuduh	dituduh
menuduh	tertuduh
menuduh	tuduh
menuduh	tuduhlah
menuduhkan	dituduhkan
menuduhkan	kutuduhkan
menuduhkan	kautuduhkan
menuduhkan	tuduhkan
menuduhkan	tuduhkanlah
menudung	kutudung
menudung	kautudung
menudung	ditudung
menudung	tertudung
menudung	tudung
menudung	tudunglah
menudungi	ditudungi
menudungi	kutudungi
menudungi	kautudungi
menudungi	tudungi
menudungi	tudungilah
menugal	kutugal
menugal	kautugal
menugal	ditugal
menugal	tertugal
menugal	tugal
menugal	tugallah
menugalkan	ditugalkan
menugalkan	kutugalkan
menugalkan	kautugalkan
menugalkan	tugalkan
menugalkan	tugalkanlah
menugasi	ditugasi
menugasi	kutugasi
menugasi	kautugasi
menugasi	tugasi
menugasi	tugasilah
menugaskaryakan	
menuguri	dituguri
menuguri	kutuguri
menuguri	kautuguri
menuguri	tuguri
menuguri	tugurilah
menuil	kutuil
menuil	kautuil
menuil	dituil
menuil	tertuil
menuil	tuil
menuil	tuillah
menuilkan	dituilkan
menuilkan	kutuilkan
menuilkan	kautuilkan
menuilkan	tuilkan
menuilkan	tuilkanlah
menujah	kutujah
menujah	kautujah
menujah	ditujah
menujah	tertujah
menujah	tujah
menujah	tujahlah
menujahkan	ditujahkan
menujahkan	kutujahkan
menujahkan	kautujahkan
menujahkan	tujahkan
menujahkan	tujahkanlah
menuju	kutuju
menuju	kautuju
menuju	dituju
menuju	tertuju
menuju	tuju
menuju	tujulah
menujui	ditujui
menujui	kutujui
menujui	kautujui
menujui	tujui
menujui	tujuilah
menujukan	ditujukan
menujukan	kutujukan
menujukan	kautujukan
menujukan	tujukan
menujukan	tujukanlah
menujum	kunujum
menujum	kaunujum
menujum	dinujum
menujum	ternujum
menujum	nujum
menujum	nujumlah
menujumkan	dinujumkan
menujumkan	kunujumkan
menujumkan	kaunujumkan
menujumkan	nujumkan
menujumkan	nujumkanlah
menukangi	ditukangi
menukangi	kutukangi
menukangi	kautukangi
menukangi	tukangi
menukangi	tukangilah
menukar	kutukar
menukar	kautukar
menukar	ditukar
menukar	tertukar
menukar	tukar
menukar	tukarlah
menukari	ditukari
menukari	kutukari
menukari	kautukari
menukari	tukari
menukari	tukarilah
menukas	kutukas
menukas	kautukas
menukas	ditukas
menukas	tertukas
menukas	tukas
menukas	tukaslah
menukasi	ditukasi
menukasi	kutukasi
menukasi	kautukasi
menukasi	tukasi
menukasi	tukasilah
menukik	kutukik
menukik	kautukik
menukik	ditukik
menukik	tertukik
menukik	tukik
menukik	tukiklah
menukikkan	ditukikkan
menukikkan	kutukikkan
menukikkan	kautukikkan
menukikkan	tukikkan
menukikkan	tukikkanlah
menukil	kunukil
menukil	kaunukil
menukil	dinukil
menukil	ternukil
menukil	nukil
menukil	nukillah
menukilkan	dinukilkan
menukilkan	kunukilkan
menukilkan	kaunukilkan
menukilkan	nukilkan
menukilkan	nukilkanlah
menukul	kutukul
menukul	kautukul
menukul	ditukul
menukul	tertukul
menukul	tukul
menukul	tukullah
menulahi	ditulahi
menulahi	kutulahi
menulahi	kautulahi
menulahi	tulahi
menulahi	tulahilah
menulang	kutulang
menulang	kautulang
menulang	ditulang
menulang	tertulang
menulang	tulang
menulang	tulanglah
menulangi	ditulangi
menulangi	kutulangi
menulangi	kautulangi
menulangi	tulangi
menulangi	tulangilah
menular	kutular
menular	kautular
menular	ditular
menular	tertular
menular	tular
menular	tularlah
menulari	ditulari
menulari	kutulari
menulari	kautulari
menulari	tulari
menulari	tularilah
menularkan	ditularkan
menularkan	kutularkan
menularkan	kautularkan
menularkan	tularkan
menularkan	tularkanlah
menulikan	ditulikan
menulikan	kutulikan
menulikan	kautulikan
menulikan	tulikan
menulikan	tulikanlah
menulis	kutulis
menulis	kautulis
menulis	ditulis
menulis	tertulis
menulis	tulis
menulis	tulislah
menulisi	ditulisi
menulisi	kutulisi
menulisi	kautulisi
menulisi	tulisi
menulisi	tulisilah
menumang	kutumang
menumang	kautumang
menumang	ditumang
menumang	tertumang
menumang	tumang
menumang	tumanglah
menumangkan	ditumangkan
menumangkan	kutumangkan
menumangkan	kautumangkan
menumangkan	tumangkan
menumangkan	tumangkanlah
menumbang	kutumbang
menumbang	kautumbang
menumbang	ditumbang
menumbang	tertumbang
menumbang	tumbang
menumbang	tumbanglah
menumbangkan	ditumbangkan
menumbangkan	kutumbangkan
menumbangkan	kautumbangkan
menumbangkan	tumbangkan
menumbangkan	tumbangkanlah
menumbuhi	ditumbuhi
menumbuhi	kutumbuhi
menumbuhi	kautumbuhi
menumbuhi	tumbuhi
menumbuhi	tumbuhilah
menumbuk	kutumbuk
menumbuk	kautumbuk
menumbuk	ditumbuk
menumbuk	tertumbuk
menumbuk	tumbuk
menumbuk	tumbuklah
menumis	kutumis
menumis	kautumis
menumis	ditumis
menumis	tertumis
menumis	tumis
menumis	tumislah
menumisi	ditumisi
menumisi	kutumisi
menumisi	kautumisi
menumisi	tumisi
menumisi	tumisilah
menumpah-numpahkan	
menumpahi	ditumpahi
menumpahi	kutumpahi
menumpahi	kautumpahi
menumpahi	tumpahi
menumpahi	tumpahilah
menumpahkan	ditumpahkan
menumpahkan	kutumpahkan
menumpahkan	kautumpahkan
menumpahkan	tumpahkan
menumpahkan	tumpahkanlah
menumpang	kutumpang
menumpang	kautumpang
menumpang	ditumpang
menumpang	tertumpang
menumpang	tumpang
menumpang	tumpanglah
menumpangi	ditumpangi
menumpangi	kutumpangi
menumpangi	kautumpangi
menumpangi	tumpangi
menumpangi	tumpangilah
menumpangkan	ditumpangkan
menumpangkan	kutumpangkan
menumpangkan	kautumpangkan
menumpangkan	tumpangkan
menumpangkan	tumpangkanlah
menumpas	kutumpas
menumpas	kautumpas
menumpas	ditumpas
menumpas	tertumpas
menumpas	tumpas
menumpas	tumpaslah
menumpaskan	ditumpaskan
menumpaskan	kutumpaskan
menumpaskan	kautumpaskan
menumpaskan	tumpaskan
menumpaskan	tumpaskanlah
menumpat	kutumpat
menumpat	kautumpat
menumpat	ditumpat
menumpat	tertumpat
menumpat	tumpat
menumpat	tumpatlah
menumpatkan	ditumpatkan
menumpatkan	kutumpatkan
menumpatkan	kautumpatkan
menumpatkan	tumpatkan
menumpatkan	tumpatkanlah
menumpil	kutumpil
menumpil	kautumpil
menumpil	ditumpil
menumpil	tertumpil
menumpil	tumpil
menumpil	tumpillah
menumplakkan	ditumplakkan
menumplakkan	kutumplakkan
menumplakkan	kautumplakkan
menumplakkan	tumplakkan
menumplakkan	tumplakkanlah
menumpu	kutumpu
menumpu	kautumpu
menumpu	ditumpu
menumpu	tertumpu
menumpu	tumpu
menumpu	tumpulah
menumpuk	kutumpuk
menumpuk	kautumpuk
menumpuk	ditumpuk
menumpuk	tertumpuk
menumpuk	tumpuk
menumpuk	tumpuklah
menumpukkan	ditumpukkan
menumpukkan	kutumpukkan
menumpukkan	kautumpukkan
menumpukkan	tumpukkan
menumpukkan	tumpukkanlah
menumpulkan	ditumpulkan
menumpulkan	kutumpulkan
menumpulkan	kautumpulkan
menumpulkan	tumpulkan
menumpulkan	tumpulkanlah
menumpur	kutumpur
menumpur	kautumpur
menumpur	ditumpur
menumpur	tertumpur
menumpur	tumpur
menumpur	tumpurlah
menumpurkan	ditumpurkan
menumpurkan	kutumpurkan
menumpurkan	kautumpurkan
menumpurkan	tumpurkan
menumpurkan	tumpurkanlah
menunaikan	ditunaikan
menunaikan	kutunaikan
menunaikan	kautunaikan
menunaikan	tunaikan
menunaikan	tunaikanlah
menunangi	ditunangi
menunangi	kutunangi
menunangi	kautunangi
menunangi	tunangi
menunangi	tunangilah
menunangkan	ditunangkan
menunangkan	kutunangkan
menunangkan	kautunangkan
menunangkan	tunangkan
menunangkan	tunangkanlah
menunas	kutunas
menunas	kautunas
menunas	ditunas
menunas	tertunas
menunas	tunas
menunas	tunaslah
menunasi	ditunasi
menunasi	kutunasi
menunasi	kautunasi
menunasi	tunasi
menunasi	tunasilah
menunda	kutunda
menunda	kautunda
menunda	ditunda
menunda	tertunda
menunda	tunda
menunda	tundalah
menunda-nunda	
menunduk	kutunduk
menunduk	kautunduk
menunduk	ditunduk
menunduk	tertunduk
menunduk	tunduk
menunduk	tunduklah
menunduk-nunduk	
menundukkan	ditundukkan
menundukkan	kutundukkan
menundukkan	kautundukkan
menundukkan	tundukkan
menundukkan	tundukkanlah
menundung	kutundung
menundung	kautundung
menundung	ditundung
menundung	tertundung
menundung	tundung
menundung	tundunglah
menungau	kutungau
menungau	kautungau
menungau	ditungau
menungau	tertungau
menungau	tungau
menungau	tungaulah
menunggak	kutunggak
menunggak	kautunggak
menunggak	ditunggak
menunggak	tertunggak
menunggak	tunggak
menunggak	tunggaklah
menunggal	kutunggal
menunggal	kautunggal
menunggal	ditunggal
menunggal	tertunggal
menunggal	tunggal
menunggal	tunggallah
menunggalkan	ditunggalkan
menunggalkan	kutunggalkan
menunggalkan	kautunggalkan
menunggalkan	tunggalkan
menunggalkan	tunggalkanlah
menunggang	kutunggang
menunggang	kautunggang
menunggang	ditunggang
menunggang	tertunggang
menunggang	tunggang
menunggang	tungganglah
menunggangi	ditunggangi
menunggangi	kutunggangi
menunggangi	kautunggangi
menunggangi	tunggangi
menunggangi	tunggangilah
menunggik	kutunggik
menunggik	kautunggik
menunggik	ditunggik
menunggik	tertunggik
menunggik	tunggik
menunggik	tunggiklah
menunggikkan	ditunggikkan
menunggikkan	kutunggikkan
menunggikkan	kautunggikkan
menunggikkan	tunggikkan
menunggikkan	tunggikkanlah
menungging	kutungging
menungging	kautungging
menungging	ditungging
menungging	tertungging
menungging	tungging
menungging	tungginglah
menunggingkan	ditunggingkan
menunggingkan	kutunggingkan
menunggingkan	kautunggingkan
menunggingkan	tunggingkan
menunggingkan	tunggingkanlah
menunggu	kutunggu
menunggu	kautunggu
menunggu	ditunggu
menunggu	tertunggu
menunggu	tunggu
menunggu	tunggulah
menunggui	ditunggui
menunggui	kutunggui
menunggui	kautunggui
menunggui	tunggui
menunggui	tungguilah
menungguin	ditungguin
menungguin	kutungguin
menungguin	kautungguin
menungguin	tunggu
menungkai	kutungkai
menungkai	kautungkai
menungkai	ditungkai
menungkai	tertungkai
menungkai	tungkai
menungkai	tungkailah
menungkul	kutungkul
menungkul	kautungkul
menungkul	ditungkul
menungkul	tertungkul
menungkul	tungkul
menungkul	tungkullah
menungkup	kutungkup
menungkup	kautungkup
menungkup	ditungkup
menungkup	tertungkup
menungkup	tungkup
menungkup	tungkuplah
menungkupkan	ditungkupkan
menungkupkan	kutungkupkan
menungkupkan	kautungkupkan
menungkupkan	tungkupkan
menungkupkan	tungkupkanlah
menungkus	kutungkus
menungkus	kautungkus
menungkus	ditungkus
menungkus	tertungkus
menungkus	tungkus
menungkus	tungkuslah
menunjal	kutunjal
menunjal	kautunjal
menunjal	ditunjal
menunjal	tertunjal
menunjal	tunjal
menunjal	tunjallah
menunjam	kutunjam
menunjam	kautunjam
menunjam	ditunjam
menunjam	tertunjam
menunjam	tunjam
menunjam	tunjamlah
menunjang	kutunjang
menunjang	kautunjang
menunjang	ditunjang
menunjang	tertunjang
menunjang	tunjang
menunjang	tunjanglah
menunjangkan	ditunjangkan
menunjangkan	kutunjangkan
menunjangkan	kautunjangkan
menunjangkan	tunjangkan
menunjangkan	tunjangkanlah
menunjuk	kutunjuk
menunjuk	kautunjuk
menunjuk	ditunjuk
menunjuk	tertunjuk
menunjuk	tunjuk
menunjuk	tunjuklah
menunjuki	ditunjuki
menunjuki	kutunjuki
menunjuki	kautunjuki
menunjuki	tunjuki
menunjuki	tunjukilah
menunjukin	ditunjukin
menunjukin	kutunjukin
menunjukin	kautunjukin
menunjukin	tunjuk
menunjukkan	ditunjukkan
menunjukkan	kutunjukkan
menunjukkan	kautunjukkan
menunjukkan	tunjukkan
menunjukkan	tunjukkanlah
menuntaskan	dituntaskan
menuntaskan	kutuntaskan
menuntaskan	kautuntaskan
menuntaskan	tuntaskan
menuntaskan	tuntaskanlah
menuntun	kutuntun
menuntun	kautuntun
menuntun	dituntun
menuntun	tertuntun
menuntun	tuntun
menuntun	tuntunlah
menuntung	kutuntung
menuntung	kautuntung
menuntung	dituntung
menuntung	tertuntung
menuntung	tuntung
menuntung	tuntunglah
menuntungkan	dituntungkan
menuntungkan	kutuntungkan
menuntungkan	kautuntungkan
menuntungkan	tuntungkan
menuntungkan	tuntungkanlah
menuntut	kutuntut
menuntut	kautuntut
menuntut	dituntut
menuntut	tertuntut
menuntut	tuntut
menuntut	tuntutlah
menunu	kutunu
menunu	kautunu
menunu	ditunu
menunu	tertunu
menunu	tunu
menunu	tunulah
menunukan	ditunukan
menunukan	kutunukan
menunukan	kautunukan
menunukan	tunukan
menunukan	tunukanlah
menurap	kuturap
menurap	kauturap
menurap	diturap
menurap	terturap
menurap	turap
menurap	turaplah
menurbakan	diturbakan
menurbakan	kuturbakan
menurbakan	kauturbakan
menurbakan	turbakan
menurbakan	turbakanlah
menuris	kuturis
menuris	kauturis
menuris	dituris
menuris	terturis
menuris	turis
menuris	turislah
menurun	kuturun
menurun	kauturun
menurun	diturun
menurun	terturun
menurun	turun
menurun	turunlah
menuruni	dituruni
menuruni	kuturuni
menuruni	kauturuni
menuruni	turuni
menuruni	turunilah
menurus	kuturus
menurus	kauturus
menurus	diturus
menurus	terturus
menurus	turus
menurus	turuslah
menuruskan	dituruskan
menuruskan	kuturuskan
menuruskan	kauturuskan
menuruskan	turuskan
menuruskan	turuskanlah
menurut	kuturut
menurut	kauturut
menurut	diturut
menurut	terturut
menurut	turut
menurut	turutlah
menuruti	dituruti
menuruti	kuturuti
menuruti	kauturuti
menuruti	turuti
menuruti	turutilah
menurutin	diturutin
menurutin	kuturutin
menurutin	kauturutin
menurutin	turut
menurutkan	diturutkan
menurutkan	kuturutkan
menurutkan	kauturutkan
menurutkan	turutkan
menurutkan	turutkanlah
menusir	kutusir
menusir	kautusir
menusir	ditusir
menusir	tertusir
menusir	tusir
menusir	tusirlah
menusuk	kutusuk
menusuk	kautusuk
menusuk	ditusuk
menusuk	tertusuk
menusuk	tusuk
menusuk	tusuklah
menusuk-nusuk	
menusukkan	ditusukkan
menusukkan	kutusukkan
menusukkan	kautusukkan
menusukkan	tusukkan
menusukkan	tusukkanlah
menutuh	kututuh
menutuh	kaututuh
menutuh	ditutuh
menutuh	tertutuh
menutuh	tutuh
menutuh	tutuhlah
menutuk	kututuk
menutuk	kaututuk
menutuk	ditutuk
menutuk	tertutuk
menutuk	tutuk
menutuk	tutuklah
menutuli	ditutuli
menutuli	kututuli
menutuli	kaututuli
menutuli	tutuli
menutuli	tutulilah
menutulkan	ditutulkan
menutulkan	kututulkan
menutulkan	kaututulkan
menutulkan	tutulkan
menutulkan	tutulkanlah
menutup	kututup
menutup	kaututup
menutup	ditutup
menutup	tertutup
menutup	tutup
menutup	tutuplah
menutupi	ditutupi
menutupi	kututupi
menutupi	kaututupi
menutupi	tutupi
menutupi	tutupilah
menyabak	kusabak
menyabak	kausabak
menyabak	disabak
menyabak	tersabak
menyabak	sabak
menyabak	sabaklah
menyabat	kusabat
menyabat	kausabat
menyabat	disabat
menyabat	tersabat
menyabat	sabat
menyabat	sabatlah
menyabet	kusabet
menyabet	kausabet
menyabet	disabet
menyabet	tersabet
menyabet	sabet
menyabet	sabetlah
menyabit	kusabit
menyabit	kausabit
menyabit	disabit
menyabit	tersabit
menyabit	sabit
menyabit	sabitlah
menyabitkan	disabitkan
menyabitkan	kusabitkan
menyabitkan	kausabitkan
menyabitkan	sabitkan
menyabitkan	sabitkanlah
menyablon	kusablon
menyablon	kausablon
menyablon	disablon
menyablon	tersablon
menyablon	sablon
menyablon	sablonlah
menyabot	kusabot
menyabot	kausabot
menyabot	disabot
menyabot	tersabot
menyabot	sabot
menyabot	sabotlah
menyabun	kusabun
menyabun	kausabun
menyabun	disabun
menyabun	tersabun
menyabun	sabun
menyabun	sabunlah
menyabung	kusabung
menyabung	kausabung
menyabung	disabung
menyabung	tersabung
menyabung	sabung
menyabung	sabunglah
menyabuni	disabuni
menyabuni	kusabuni
menyabuni	kausabuni
menyabuni	sabuni
menyabuni	sabunilah
menyabur	kusabur
menyabur	kausabur
menyabur	disabur
menyabur	tersabur
menyabur	sabur
menyabur	saburlah
menyaburkan	disaburkan
menyaburkan	kusaburkan
menyaburkan	kausaburkan
menyaburkan	saburkan
menyaburkan	saburkanlah
menyadap	kusadap
menyadap	kausadap
menyadap	disadap
menyadap	tersadap
menyadap	sadap
menyadap	sadaplah
menyadari	disadari
menyadari	kusadari
menyadari	kausadari
menyadari	sadari
menyadari	sadarilah
menyadarkan	disadarkan
menyadarkan	kusadarkan
menyadarkan	kausadarkan
menyadarkan	sadarkan
menyadarkan	sadarkanlah
menyadau	kusadau
menyadau	kausadau
menyadau	disadau
menyadau	tersadau
menyadau	sadau
menyadau	sadaulah
menyadikkan	disadikkan
menyadikkan	kusadikkan
menyadikkan	kausadikkan
menyadikkan	sadikkan
menyadikkan	sadikkanlah
menyadran	kusadran
menyadran	kausadran
menyadran	disadran
menyadran	tersadran
menyadran	sadran
menyadran	sadranlah
menyadur	kusadur
menyadur	kausadur
menyadur	disadur
menyadur	tersadur
menyadur	sadur
menyadur	sadurlah
menyagang	kusagang
menyagang	kausagang
menyagang	disagang
menyagang	tersagang
menyagang	sagang
menyagang	saganglah
menyagar	kusagar
menyagar	kausagar
menyagar	disagar
menyagar	tersagar
menyagar	sagar
menyagar	sagarlah
menyagu	kusagu
menyagu	kausagu
menyagu	disagu
menyagu	tersagu
menyagu	sagu
menyagu	sagulah
menyahaja	kusahaja
menyahaja	kausahaja
menyahaja	disahaja
menyahaja	tersahaja
menyahaja	sahaja
menyahaja	sahajalah
menyahap	kusahap
menyahap	kausahap
menyahap	disahap
menyahap	tersahap
menyahap	sahap
menyahap	sahaplah
menyahihkan	disahihkan
menyahihkan	kusahihkan
menyahihkan	kausahihkan
menyahihkan	sahihkan
menyahihkan	sahihkanlah
menyahut	kusahut
menyahut	kausahut
menyahut	disahut
menyahut	tersahut
menyahut	sahut
menyahut	sahutlah
menyahuti	disahuti
menyahuti	kusahuti
menyahuti	kausahuti
menyahuti	sahuti
menyahuti	sahutilah
menyaingi	disaingi
menyaingi	kusaingi
menyaingi	kausaingi
menyaingi	saingi
menyaingi	saingilah
menyajak	kusajak
menyajak	kausajak
menyajak	disajak
menyajak	tersajak
menyajak	sajak
menyajak	sajaklah
menyakal	kusakal
menyakal	kausakal
menyakal	disakal
menyakal	tersakal
menyakal	sakal
menyakal	sakallah
menyakap	kusakap
menyakap	kausakap
menyakap	disakap
menyakap	tersakap
menyakap	sakap
menyakap	sakaplah
menyakar	kusakar
menyakar	kausakar
menyakar	disakar
menyakar	tersakar
menyakar	sakar
menyakar	sakarlah
menyakiti	disakiti
menyakiti	kusakiti
menyakiti	kausakiti
menyakiti	sakiti
menyakiti	sakitilah
menyakitkan	disakitkan
menyakitkan	kusakitkan
menyakitkan	kausakitkan
menyakitkan	sakitkan
menyakitkan	sakitkanlah
menyaktikan	disaktikan
menyaktikan	kusaktikan
menyaktikan	kausaktikan
menyaktikan	saktikan
menyaktikan	saktikanlah
menyakukan	disakukan
menyakukan	kusakukan
menyakukan	kausakukan
menyakukan	sakukan
menyakukan	sakukanlah
menyala	kunyala
menyala	kaunyala
menyala	dinyala
menyala	ternyala
menyala	nyala
menyala	nyalalah
menyala-nyala	
menyalah	kusalah
menyalah	kausalah
menyalah	disalah
menyalah	tersalah
menyalah	salah
menyalah	salahlah
menyalahgunakan	
menyalahi	disalahi
menyalahi	kusalahi
menyalahi	kausalahi
menyalahi	salahi
menyalahi	salahilah
menyalai	kusalai
menyalai	kausalai
menyalai	disalai
menyalai	tersalai
menyalai	salai
menyalai	salailah
menyalak	kusalak
menyalak	kausalak
menyalak	disalak
menyalak	tersalak
menyalak	salak
menyalak	salaklah
menyalam	kusalam
menyalam	kausalam
menyalam	disalam
menyalam	tersalam
menyalam	salam
menyalam	salamlah
menyalami	disalami
menyalami	kusalami
menyalami	kausalami
menyalami	salami
menyalami	salamilah
menyalang	kusalang
menyalang	kausalang
menyalang	disalang
menyalang	tersalang
menyalang	salang
menyalang	salanglah
menyalangkan	dinyalangkan
menyalangkan	kunyalangkan
menyalangkan	kaunyalangkan
menyalangkan	nyalangkan
menyalangkan	nyalangkanlah
menyalep	kusalep
menyalep	kausalep
menyalep	disalep
menyalep	tersalep
menyalep	salep
menyalep	saleplah
menyalib	kusalib
menyalib	kausalib
menyalib	disalib
menyalib	tersalib
menyalib	salib
menyalib	saliblah
menyalibkan	disalibkan
menyalibkan	kusalibkan
menyalibkan	kausalibkan
menyalibkan	salibkan
menyalibkan	salibkanlah
menyalin	kusalin
menyalin	kausalin
menyalin	disalin
menyalin	tersalin
menyalin	salin
menyalin	salinlah
menyalini	disalini
menyalini	kusalini
menyalini	kausalini
menyalini	salini
menyalini	salinilah
menyalir	kusalir
menyalir	kausalir
menyalir	disalir
menyalir	tersalir
menyalir	salir
menyalir	salirlah
menyalju	kusalju
menyalju	kausalju
menyalju	disalju
menyalju	tersalju
menyalju	salju
menyalju	saljulah
menyaluir	kusaluir
menyaluir	kausaluir
menyaluir	disaluir
menyaluir	tersaluir
menyaluir	saluir
menyaluir	saluirlah
menyalurkan	disalurkan
menyalurkan	kusalurkan
menyalurkan	kausalurkan
menyalurkan	salurkan
menyalurkan	salurkanlah
menyalut	kusalut
menyalut	kausalut
menyalut	disalut
menyalut	tersalut
menyalut	salut
menyalut	salutlah
menyaluti	disaluti
menyaluti	kusaluti
menyaluti	kausaluti
menyaluti	saluti
menyaluti	salutilah
menyama	kusama
menyama	kausama
menyama	disama
menyama	tersama
menyama	sama
menyama	samalah
menyama-nyama	
menyama-nyamai	
menyamai	disamai
menyamai	kusamai
menyamai	kausamai
menyamai	samai
menyamai	samailah
menyamak	kusamak
menyamak	kausamak
menyamak	disamak
menyamak	tersamak
menyamak	samak
menyamak	samaklah
menyamakkan	disamakkan
menyamakkan	kusamakkan
menyamakkan	kausamakkan
menyamakkan	samakkan
menyamakkan	samakkanlah
menyaman	kusaman
menyaman	kausaman
menyaman	disaman
menyaman	tersaman
menyaman	saman
menyaman	samanlah
menyamankan	dinyamankan
menyamankan	kunyamankan
menyamankan	kaunyamankan
menyamankan	nyamankan
menyamankan	nyamankanlah
menyamar	kusamar
menyamar	kausamar
menyamar	disamar
menyamar	tersamar
menyamar	samar
menyamar	samarlah
menyamarkan	disamarkan
menyamarkan	kusamarkan
menyamarkan	kausamarkan
menyamarkan	samarkan
menyamarkan	samarkanlah
menyambal	kusambal
menyambal	kausambal
menyambal	disambal
menyambal	tersambal
menyambal	sambal
menyambal	samballah
menyambalewa	kusambalewa
menyambalewa	kausambalewa
menyambalewa	disambalewa
menyambalewa	tersambalewa
menyambalewa	sambalewa
menyambalewa	sambalewalah
menyambalewakan	disambalewakan
menyambalewakan	kusambalewakan
menyambalewakan	kausambalewakan
menyambalewakan	sambalewakan
menyambalewakan	sambalewakanlah
menyambang	kusambang
menyambang	kausambang
menyambang	disambang
menyambang	tersambang
menyambang	sambang
menyambang	sambanglah
menyambangi	disambangi
menyambangi	kusambangi
menyambangi	kausambangi
menyambangi	sambangi
menyambangi	sambangilah
menyambar	kusambar
menyambar	kausambar
menyambar	disambar
menyambar	tersambar
menyambar	sambar
menyambar	sambarlah
menyambar-nyambar	
menyambat	kusambat
menyambat	kausambat
menyambat	disambat
menyambat	tersambat
menyambat	sambat
menyambat	sambatlah
menyambi	kusambi
menyambi	kausambi
menyambi	disambi
menyambi	tersambi
menyambi	sambi
menyambi	sambilah
menyambilkan	disambilkan
menyambilkan	kusambilkan
menyambilkan	kausambilkan
menyambilkan	sambilkan
menyambilkan	sambilkanlah
menyambit	kusambit
menyambit	kausambit
menyambit	disambit
menyambit	tersambit
menyambit	sambit
menyambit	sambitlah
menyambiti	disambiti
menyambiti	kusambiti
menyambiti	kausambiti
menyambiti	sambiti
menyambiti	sambitilah
menyambitkan	disambitkan
menyambitkan	kusambitkan
menyambitkan	kausambitkan
menyambitkan	sambitkan
menyambitkan	sambitkanlah
menyambung	kusambung
menyambung	kausambung
menyambung	disambung
menyambung	tersambung
menyambung	sambung
menyambung	sambunglah
menyambut	kusambut
menyambut	kausambut
menyambut	disambut
menyambut	tersambut
menyambut	sambut
menyambut	sambutlah
menyambutlah	kusambut
menyambutlah	kausambut
menyambutlah	disambut
menyambutlah	tersambut
menyambutlah	sambut
menyambutlah	sambutlah
menyamir	kusamir
menyamir	kausamir
menyamir	disamir
menyamir	tersamir
menyamir	samir
menyamir	samirlah
menyampah	kusampah
menyampah	kausampah
menyampah	disampah
menyampah	tersampah
menyampah	sampah
menyampah	sampahlah
menyampai	kusampai
menyampai	kausampai
menyampai	disampai
menyampai	tersampai
menyampai	sampai
menyampai	sampailah
menyampaikan	disampaikan
menyampaikan	kusampaikan
menyampaikan	kausampaikan
menyampaikan	sampaikan
menyampaikan	sampaikanlah
menyampak	kusampak
menyampak	kausampak
menyampak	disampak
menyampak	tersampak
menyampak	sampak
menyampak	sampaklah
menyamper	kusamper
menyamper	kausamper
menyamper	disamper
menyamper	tersamper
menyamper	samper
menyamper	samperlah
menyamperi	disamperi
menyamperi	kusamperi
menyamperi	kausamperi
menyamperi	samperi
menyamperi	samperilah
menyamping	kusamping
menyamping	kausamping
menyamping	disamping
menyamping	tersamping
menyamping	samping
menyamping	sampinglah
menyampingi	disampingi
menyampingi	kusampingi
menyampingi	kausampingi
menyampingi	sampingi
menyampingi	sampingilah
menyampirkan	sampirkan
menyampo	kusampo
menyampo	kausampo
menyampo	disampo
menyampo	tersampo
menyampo	sampo
menyampo	sampolah
menyampu	kusampu
menyampu	kausampu
menyampu	disampu
menyampu	tersampu
menyampu	sampu
menyampu	sampulah
menyampuk	kusampuk
menyampuk	kausampuk
menyampuk	disampuk
menyampuk	tersampuk
menyampuk	sampuk
menyampuk	sampuklah
menyampul	kusampul
menyampul	kausampul
menyampul	disampul
menyampul	tersampul
menyampul	sampul
menyampul	sampullah
menyampuli	disampuli
menyampuli	kusampuli
menyampuli	kausampuli
menyampuli	sampuli
menyampuli	sampulilah
menyamun	kusamun
menyamun	kausamun
menyamun	disamun
menyamun	tersamun
menyamun	samun
menyamun	samunlah
menyamuni	disamuni
menyamuni	kusamuni
menyamuni	kausamuni
menyamuni	samuni
menyamuni	samunilah
menyanak	kusanak
menyanak	kausanak
menyanak	disanak
menyanak	tersanak
menyanak	sanak
menyanak	sanaklah
menyandakan	disandakan
menyandakan	kusandakan
menyandakan	kausandakan
menyandakan	sandakan
menyandakan	sandakanlah
menyandang	kusandang
menyandang	kausandang
menyandang	disandang
menyandang	tersandang
menyandang	sandang
menyandang	sandanglah
menyandangkan	disandangkan
menyandangkan	kusandangkan
menyandangkan	kausandangkan
menyandangkan	sandangkan
menyandangkan	sandangkanlah
menyandar	kusandar
menyandar	kausandar
menyandar	disandar
menyandar	tersandar
menyandar	sandar
menyandar	sandarlah
menyandari	disandari
menyandari	kusandari
menyandari	kausandari
menyandari	sandari
menyandari	sandarilah
menyandera	kusandera
menyandera	kausandera
menyandera	disandera
menyandera	tersandera
menyandera	sandera
menyandera	sanderalah
menyanderakan	disanderakan
menyanderakan	kusanderakan
menyanderakan	kausanderakan
menyanderakan	sanderakan
menyanderakan	sanderakanlah
menyanding	kusanding
menyanding	kausanding
menyanding	disanding
menyanding	tersanding
menyanding	sanding
menyanding	sandinglah
menyandingi	disandingi
menyandingi	kusandingi
menyandingi	kausandingi
menyandingi	sandingi
menyandingi	sandingilah
menyandung	kusandung
menyandung	kausandung
menyandung	disandung
menyandung	tersandung
menyandung	sandung
menyandung	sandunglah
menyangai	kusangai
menyangai	kausangai
menyangai	disangai
menyangai	tersangai
menyangai	sangai
menyangai	sangailah
menyangatkan	disangatkan
menyangatkan	kusangatkan
menyangatkan	kausangatkan
menyangatkan	sangatkan
menyangatkan	sangatkanlah
menyangga	kusangga
menyangga	kausangga
menyangga	disangga
menyangga	tersangga
menyangga	sangga
menyangga	sanggalah
menyanggah	kusanggah
menyanggah	kausanggah
menyanggah	disanggah
menyanggah	tersanggah
menyanggah	sanggah
menyanggah	sanggahlah
menyanggam	kusanggam
menyanggam	kausanggam
menyanggam	disanggam
menyanggam	tersanggam
menyanggam	sanggam
menyanggam	sanggamlah
menyanggang	kusanggang
menyanggang	kausanggang
menyanggang	disanggang
menyanggang	tersanggang
menyanggang	sanggang
menyanggang	sangganglah
menyanggerah	kusanggerah
menyanggerah	kausanggerah
menyanggerah	disanggerah
menyanggerah	tersanggerah
menyanggerah	sanggerah
menyanggerah	sanggerahlah
menyanggit	kusanggit
menyanggit	kausanggit
menyanggit	disanggit
menyanggit	tersanggit
menyanggit	sanggit
menyanggit	sanggitlah
menyanggrah	kusanggrah
menyanggrah	kausanggrah
menyanggrah	disanggrah
menyanggrah	tersanggrah
menyanggrah	sanggrah
menyanggrah	sanggrahlah
menyanggul	kusanggul
menyanggul	kausanggul
menyanggul	disanggul
menyanggul	tersanggul
menyanggul	sanggul
menyanggul	sanggullah
menyanggupi	disanggupi
menyanggupi	kusanggupi
menyanggupi	kausanggupi
menyanggupi	sanggupi
menyanggupi	sanggupilah
menyanggupkan	disanggupkan
menyanggupkan	kusanggupkan
menyanggupkan	kausanggupkan
menyanggupkan	sanggupkan
menyanggupkan	sanggupkanlah
menyangka	kusangka
menyangka	kausangka
menyangka	disangka
menyangka	tersangka
menyangka	sangka
menyangka	sangkalah
menyangkak	kusangkak
menyangkak	kausangkak
menyangkak	disangkak
menyangkak	tersangkak
menyangkak	sangkak
menyangkak	sangkaklah
menyangkaki	disangkaki
menyangkaki	kusangkaki
menyangkaki	kausangkaki
menyangkaki	sangkaki
menyangkaki	sangkakilah
menyangkal	kusangkal
menyangkal	kausangkal
menyangkal	disangkal
menyangkal	tersangkal
menyangkal	sangkal
menyangkal	sangkallah
menyangkut	kusangkut
menyangkut	kausangkut
menyangkut	disangkut
menyangkut	tersangkut
menyangkut	sangkut
menyangkut	sangkutlah
menyangkut-nyangkutkan	
menyangling	kusangling
menyangling	kausangling
menyangling	disangling
menyangling	tersangling
menyangling	sangling
menyangling	sanglinglah
menyanglingkan	disanglingkan
menyanglingkan	kusanglingkan
menyanglingkan	kausanglingkan
menyanglingkan	sanglingkan
menyanglingkan	sanglingkanlah
menyangrai	kusangrai
menyangrai	kausangrai
menyangrai	disangrai
menyangrai	tersangrai
menyangrai	sangrai
menyangrai	sangrailah
menyangsang	kusangsang
menyangsang	kausangsang
menyangsang	disangsang
menyangsang	tersangsang
menyangsang	sangsang
menyangsang	sangsanglah
menyangsikan	disangsikan
menyangsikan	kusangsikan
menyangsikan	kausangsikan
menyangsikan	sangsikan
menyangsikan	sangsikanlah
menyanjung	kusanjung
menyanjung	kausanjung
menyanjung	disanjung
menyanjung	tersanjung
menyanjung	sanjung
menyanjung	sanjunglah
menyanjung-nyanjung	
menyanjung-nyanjungkan	
menyantak	kusantak
menyantak	kausantak
menyantak	disantak
menyantak	tersantak
menyantak	santak
menyantak	santaklah
menyantakkan	disantakkan
menyantakkan	kusantakkan
menyantakkan	kausantakkan
menyantakkan	santakkan
menyantakkan	santakkanlah
menyantap	kusantap
menyantap	kausantap
menyantap	disantap
menyantap	tersantap
menyantap	santap
menyantap	santaplah
menyantet	kusantet
menyantet	kausantet
menyantet	disantet
menyantet	tersantet
menyantet	santet
menyantet	santetlah
menyantun	kusantun
menyantun	kausantun
menyantun	disantun
menyantun	tersantun
menyantun	santun
menyantun	santunlah
menyantung	kusantung
menyantung	kausantung
menyantung	disantung
menyantung	tersantung
menyantung	santung
menyantung	santunglah
menyantuni	disantuni
menyantuni	kusantuni
menyantuni	kausantuni
menyantuni	santuni
menyantuni	santunilah
menyanya	kunyanya
menyanya	kaunyanya
menyanya	dinyanya
menyanya	ternyanya
menyanya	nyanya
menyanya	nyanyalah
menyanyah	kunyanyah
menyanyah	kaunyanyah
menyanyah	dinyanyah
menyanyah	ternyanyah
menyanyah	nyanyah
menyanyah	nyanyahlah
menyanyi	
menyanyilah	kunyanyi
menyanyilah	kaunyanyi
menyanyilah	dinyanyi
menyanyilah	ternyanyi
menyanyilah	nyanyi
menyanyilah	nyanyilah
menyapu	kusapu
menyapu	kausapu
menyapu	disapu
menyapu	tersapu
menyapu	sapu
menyapu	sapulah
menyapu-nyapu	
menyapukan	disapukan
menyapukan	kusapukan
menyapukan	kausapukan
menyapukan	sapukan
menyapukan	sapukanlah
menyaput	kusaput
menyaput	kausaput
menyaput	disaput
menyaput	tersaput
menyaput	saput
menyaput	saputlah
menyaputi	disaputi
menyaputi	kusaputi
menyaputi	kausaputi
menyaputi	saputi
menyaputi	saputilah
menyara	kusara
menyara	kausara
menyara	disara
menyara	tersara
menyara	sara
menyara	saralah
menyarai	disarai
menyarai	kusarai
menyarai	kausarai
menyarai	sarai
menyarai	sarailah
menyarak	kusarak
menyarak	kausarak
menyarak	disarak
menyarak	tersarak
menyarak	sarak
menyarak	saraklah
menyarani	disarani
menyarani	kusarani
menyarani	kausarani
menyarani	sarani
menyarani	saranilah
menyarankan	disarankan
menyarankan	kusarankan
menyarankan	kausarankan
menyarankan	sarankan
menyarankan	sarankanlah
menyarap	kusarap
menyarap	kausarap
menyarap	disarap
menyarap	tersarap
menyarap	sarap
menyarap	saraplah
menyarapi	disarapi
menyarapi	kusarapi
menyarapi	kausarapi
menyarapi	sarapi
menyarapi	sarapilah
menyarat	kusarat
menyarat	kausarat
menyarat	disarat
menyarat	tersarat
menyarat	sarat
menyarat	saratlah
menyarat-nyarat	
menyarati	disarati
menyarati	kusarati
menyarati	kausarati
menyarati	sarati
menyarati	saratilah
menyaraukan	disaraukan
menyaraukan	kusaraukan
menyaraukan	kausaraukan
menyaraukan	saraukan
menyaraukan	saraukanlah
menyarikan	disarikan
menyarikan	kusarikan
menyarikan	kausarikan
menyarikan	sarikan
menyarikan	sarikanlah
menyaring	kusaring
menyaring	kausaring
menyaring	disaring
menyaring	tersaring
menyaring	saring
menyaring	saringlah
menyaringkan	dinyaringkan
menyaringkan	kunyaringkan
menyaringkan	kaunyaringkan
menyaringkan	nyaringkan
menyaringkan	nyaringkanlah
menyaru	kusaru
menyaru	kausaru
menyaru	disaru
menyaru	tersaru
menyaru	saru
menyaru	sarulah
menyaruk	kusaruk
menyaruk	kausaruk
menyaruk	disaruk
menyaruk	tersaruk
menyaruk	saruk
menyaruk	saruklah
menyarukan	disarukan
menyarukan	kusarukan
menyarukan	kausarukan
menyarukan	sarukan
menyarukan	sarukanlah
menyarung	kusarung
menyarung	kausarung
menyarung	disarung
menyarung	tersarung
menyarung	sarung
menyarung	sarunglah
menyasak	kusasak
menyasak	kausasak
menyasak	disasak
menyasak	tersasak
menyasak	sasak
menyasak	sasaklah
menyasap	kusasap
menyasap	kausasap
menyasap	disasap
menyasap	tersasap
menyasap	sasap
menyasap	sasaplah
menyasar	kusasar
menyasar	kausasar
menyasar	disasar
menyasar	tersasar
menyasar	sasar
menyasar	sasarlah
menyasarkan	disasarkan
menyasarkan	kusasarkan
menyasarkan	kausasarkan
menyasarkan	sasarkan
menyasarkan	sasarkanlah
menyatai	kusatai
menyatai	kausatai
menyatai	disatai
menyatai	tersatai
menyatai	satai
menyatai	satailah
menyatakan	dinyatakan
menyatakan	kunyatakan
menyatakan	kaunyatakan
menyatakan	nyatakan
menyatakan	nyatakanlah
menyatih	kusatih
menyatih	kausatih
menyatih	disatih
menyatih	tersatih
menyatih	satih
menyatih	satihlah
menyatroni	disatroni
menyatroni	kusatroni
menyatroni	kausatroni
menyatroni	satroni
menyatroni	satronilah
menyatu	kusatu
menyatu	kausatu
menyatu	disatu
menyatu	tersatu
menyatu	satu
menyatu	satulah
menyatumejakan	
menyauk	kusauk
menyauk	kausauk
menyauk	disauk
menyauk	tersauk
menyauk	sauk
menyauk	sauklah
menyaur	kusaur
menyaur	kausaur
menyaur	disaur
menyaur	tersaur
menyaur	saur
menyaur	saurlah
menyauri	disauri
menyauri	kusauri
menyauri	kausauri
menyauri	sauri
menyauri	saurilah
menyawah	kusawah
menyawah	kausawah
menyawah	disawah
menyawah	tersawah
menyawah	sawah
menyawah	sawahlah
menyawar	kusawar
menyawar	kausawar
menyawar	disawar
menyawar	tersawar
menyawar	sawar
menyawar	sawarlah
menyawer	kusawer
menyawer	kausawer
menyawer	disawer
menyawer	tersawer
menyawer	sawer
menyawer	sawerlah
menyayang	kusayang
menyayang	kausayang
menyayang	disayang
menyayang	tersayang
menyayang	sayang
menyayang	sayanglah
menyayangi	disayangi
menyayangi	kusayangi
menyayangi	kausayangi
menyayangi	sayangi
menyayangi	sayangilah
menyayangkan	disayangkan
menyayangkan	kusayangkan
menyayangkan	kausayangkan
menyayangkan	sayangkan
menyayangkan	sayangkanlah
menyayat	kusayat
menyayat	kausayat
menyayat	disayat
menyayat	tersayat
menyayat	sayat
menyayat	sayatlah
menyayat-nyayat	
menyayati	disayati
menyayati	kusayati
menyayati	kausayati
menyayati	sayati
menyayati	sayatilah
menyayembarakan	disayembarakan
menyayembarakan	kusayembarakan
menyayembarakan	kausayembarakan
menyayembarakan	sayembarakan
menyayembarakan	sayembarakanlah
menyayukan	disayukan
menyayukan	kusayukan
menyayukan	kausayukan
menyayukan	sayukan
menyayukan	sayukanlah
menyayung	kusayung
menyayung	kausayung
menyayung	disayung
menyayung	tersayung
menyayung	sayung
menyayung	sayunglah
menyayur	kusayur
menyayur	kausayur
menyayur	disayur
menyayur	tersayur
menyayur	sayur
menyayur	sayurlah
menyearahkan	disearahkan
menyearahkan	kusearahkan
menyearahkan	kausearahkan
menyearahkan	searahkan
menyearahkan	searahkanlah
menyeba	kuseba
menyeba	kauseba
menyeba	diseba
menyeba	terseba
menyeba	seba
menyeba	sebalah
menyebab	kusebab
menyebab	kausebab
menyebab	disebab
menyebab	tersebab
menyebab	sebab
menyebab	sebablah
menyebadani	disebadani
menyebadani	kusebadani
menyebadani	kausebadani
menyebadani	sebadani
menyebadani	sebadanilah
menyebal	kusebal
menyebal	kausebal
menyebal	disebal
menyebal	tersebal
menyebal	sebal
menyebal	seballah
menyebalkan	disebalkan
menyebalkan	kusebalkan
menyebalkan	kausebalkan
menyebalkan	sebalkan
menyebalkan	sebalkanlah
menyebar	kusebar
menyebar	kausebar
menyebar	disebar
menyebar	tersebar
menyebar	sebar
menyebar	sebarlah
menyebat	kusebat
menyebat	kausebat
menyebat	disebat
menyebat	tersebat
menyebat	sebat
menyebat	sebatlah
menyebaurkan	disebaurkan
menyebaurkan	kusebaurkan
menyebaurkan	kausebaurkan
menyebaurkan	sebaurkan
menyebaurkan	sebaurkanlah
menyebelah	kusebelah
menyebelah	kausebelah
menyebelah	disebelah
menyebelah	tersebelah
menyebelah	sebelah
menyebelah	sebelahlah
menyebelahi	disebelahi
menyebelahi	kusebelahi
menyebelahi	kausebelahi
menyebelahi	sebelahi
menyebelahi	sebelahilah
menyebelahkan	disebelahkan
menyebelahkan	kusebelahkan
menyebelahkan	kausebelahkan
menyebelahkan	sebelahkan
menyebelahkan	sebelahkanlah
menyeberang	kuseberang
menyeberang	kauseberang
menyeberang	diseberang
menyeberang	terseberang
menyeberang	seberang
menyeberang	seberanglah
menyeberangi	diseberangi
menyeberangi	kuseberangi
menyeberangi	kauseberangi
menyeberangi	seberangi
menyeberangi	seberangilah
menyeberangkan	diseberangkan
menyeberangkan	kuseberangkan
menyeberangkan	kauseberangkan
menyeberangkan	seberangkan
menyeberangkan	seberangkanlah
menyebit	kusebit
menyebit	kausebit
menyebit	disebit
menyebit	tersebit
menyebit	sebit
menyebit	sebitlah
menyebrot	kusebrot
menyebrot	kausebrot
menyebrot	disebrot
menyebrot	tersebrot
menyebrot	sebrot
menyebrot	sebrotlah
menyebu	kusebu
menyebu	kausebu
menyebu	disebu
menyebu	tersebu
menyebu	sebu
menyebu	sebulah
menyebuk	kusebuk
menyebuk	kausebuk
menyebuk	disebuk
menyebuk	tersebuk
menyebuk	sebuk
menyebuk	sebuklah
menyebukan	disebukan
menyebukan	kusebukan
menyebukan	kausebukan
menyebukan	sebukan
menyebukan	sebukanlah
menyebut	kusebut
menyebut	kausebut
menyebut	disebut
menyebut	tersebut
menyebut	sebut
menyebut	sebutlah
menyebutkan	disebutkan
menyebutkan	kusebutkan
menyebutkan	kausebutkan
menyebutkan	sebutkan
menyebutkan	sebutkanlah
menyedang	kusedang
menyedang	kausedang
menyedang	disedang
menyedang	tersedang
menyedang	sedang
menyedang	sedanglah
menyedang-nyedang	
menyedang-nyedangkan	
menyedangkan	disedangkan
menyedangkan	kusedangkan
menyedangkan	kausedangkan
menyedangkan	sedangkan
menyedangkan	sedangkanlah
menyedapkan	disedapkan
menyedapkan	kusedapkan
menyedapkan	kausedapkan
menyedapkan	sedapkan
menyedapkan	sedapkanlah
menyedekahi	disedekahi
menyedekahi	kusedekahi
menyedekahi	kausedekahi
menyedekahi	sedekahi
menyedekahi	sedekahilah
menyederajatkan	disederajatkan
menyederajatkan	kusederajatkan
menyederajatkan	kausederajatkan
menyederajatkan	sederajatkan
menyederajatkan	sederajatkanlah
menyederhanakan	disederhanakan
menyederhanakan	kusederhanakan
menyederhanakan	kausederhanakan
menyederhanakan	sederhanakan
menyederhanakan	sederhanakanlah
menyedikit	kusedikit
menyedikit	kausedikit
menyedikit	disedikit
menyedikit	tersedikit
menyedikit	sedikit
menyedikit	sedikitlah
menyedikiti	disedikiti
menyedikiti	kusedikiti
menyedikiti	kausedikiti
menyedikiti	sedikiti
menyedikiti	sedikitilah
menyedikitkan	disedikitkan
menyedikitkan	kusedikitkan
menyedikitkan	kausedikitkan
menyedikitkan	sedikitkan
menyedikitkan	sedikitkanlah
menyedot	kusedot
menyedot	kausedot
menyedot	disedot
menyedot	tersedot
menyedot	sedot
menyedot	sedotlah
menyedua	kusedua
menyedua	kausedua
menyedua	disedua
menyedua	tersedua
menyedua	sedua
menyedua	sedualah
menyeduai	diseduai
menyeduai	kuseduai
menyeduai	kauseduai
menyeduai	seduai
menyeduai	seduailah
menyeduakan	diseduakan
menyeduakan	kuseduakan
menyeduakan	kauseduakan
menyeduakan	seduakan
menyeduakan	seduakanlah
menyeduh	kuseduh
menyeduh	kauseduh
menyeduh	diseduh
menyeduh	terseduh
menyeduh	seduh
menyeduh	seduhlah
menyegani	disegani
menyegani	kusegani
menyegani	kausegani
menyegani	segani
menyegani	seganilah
menyegarkan	disegarkan
menyegarkan	kusegarkan
menyegarkan	kausegarkan
menyegarkan	segarkan
menyegarkan	segarkanlah
menyegehi	disegehi
menyegehi	kusegehi
menyegehi	kausegehi
menyegehi	segehi
menyegehi	segehilah
menyegel	kusegel
menyegel	kausegel
menyegel	disegel
menyegel	tersegel
menyegel	segel
menyegel	segellah
menyegmentasikan	disegmentasikan
menyegmentasikan	kusegmentasikan
menyegmentasikan	kausegmentasikan
menyegmentasikan	segmentasikan
menyegmentasikan	segmentasikanlah
menyehatkan	disehatkan
menyehatkan	kusehatkan
menyehatkan	kausehatkan
menyehatkan	sehatkan
menyehatkan	sehatkanlah
menyeimbangkan	diseimbangkan
menyeimbangkan	kuseimbangkan
menyeimbangkan	kauseimbangkan
menyeimbangkan	seimbangkan
menyeimbangkan	seimbangkanlah
menyejahterakan	disejahterakan
menyejahterakan	kusejahterakan
menyejahterakan	kausejahterakan
menyejahterakan	sejahterakan
menyejahterakan	sejahterakanlah
menyejajarkan	disejajarkan
menyejajarkan	kusejajarkan
menyejajarkan	kausejajarkan
menyejajarkan	sejajarkan
menyejajarkan	sejajarkanlah
menyejarah	kusejarah
menyejarah	kausejarah
menyejarah	disejarah
menyejarah	tersejarah
menyejarah	sejarah
menyejarah	sejarahlah
menyejatkan	disejatkan
menyejatkan	kusejatkan
menyejatkan	kausejatkan
menyejatkan	sejatkan
menyejatkan	sejatkanlah
menyejuk	kusejuk
menyejuk	kausejuk
menyejuk	disejuk
menyejuk	tersejuk
menyejuk	sejuk
menyejuk	sejuklah
menyeka	kuseka
menyeka	kauseka
menyeka	diseka
menyeka	terseka
menyeka	seka
menyeka	sekalah
menyekai	disekai
menyekai	kusekai
menyekai	kausekai
menyekai	sekai
menyekai	sekailah
menyekang	kusekang
menyekang	kausekang
menyekang	disekang
menyekang	tersekang
menyekang	sekang
menyekang	sekanglah
menyekap	kusekap
menyekap	kausekap
menyekap	disekap
menyekap	tersekap
menyekap	sekap
menyekap	sekaplah
menyekar	kusekar
menyekar	kausekar
menyekar	disekar
menyekar	tersekar
menyekar	sekar
menyekar	sekarlah
menyekat	kusekat
menyekat	kausekat
menyekat	disekat
menyekat	tersekat
menyekat	sekat
menyekat	sekatlah
menyekati	disekati
menyekati	kusekati
menyekati	kausekati
menyekati	sekati
menyekati	sekatilah
menyekresi	kusekresi
menyekresi	kausekresi
menyekresi	disekresi
menyekresi	tersekresi
menyekresi	sekresi
menyekresi	sekresilah
menyekrup	kusekrup
menyekrup	kausekrup
menyekrup	disekrup
menyekrup	tersekrup
menyekrup	sekrup
menyekrup	sekruplah
menyekutui	disekutui
menyekutui	kusekutui
menyekutui	kausekutui
menyekutui	sekutui
menyekutui	sekutuilah
menyela	kusela
menyela	kausela
menyela	disela
menyela	tersela
menyela	sela
menyela	selalah
menyeladang	kuseladang
menyeladang	kauseladang
menyeladang	diseladang
menyeladang	terseladang
menyeladang	seladang
menyeladang	seladanglah
menyelak	kuselak
menyelak	kauselak
menyelak	diselak
menyelak	terselak
menyelak	selak
menyelak	selaklah
menyelakkan	diselakkan
menyelakkan	kuselakkan
menyelakkan	kauselakkan
menyelakkan	selakkan
menyelakkan	selakkanlah
menyelamati	diselamati
menyelamati	kuselamati
menyelamati	kauselamati
menyelamati	selamati
menyelamati	selamatilah
menyelamatkan	diselamatkan
menyelamatkan	kuselamatkan
menyelamatkan	kauselamatkan
menyelamatkan	selamatkan
menyelamatkan	selamatkanlah
menyelami	diselami
menyelami	kuselami
menyelami	kauselami
menyelami	selami
menyelami	selamilah
menyelampai	kuselampai
menyelampai	kauselampai
menyelampai	diselampai
menyelampai	terselampai
menyelampai	selampai
menyelampai	selampailah
menyelampaikan	diselampaikan
menyelampaikan	kuselampaikan
menyelampaikan	kauselampaikan
menyelampaikan	selampaikan
menyelampaikan	selampaikanlah
menyelampitkan	diselampitkan
menyelampitkan	kuselampitkan
menyelampitkan	kauselampitkan
menyelampitkan	selampitkan
menyelampitkan	selampitkanlah
menyelang	kuselang
menyelang	kauselang
menyelang	diselang
menyelang	terselang
menyelang	selang
menyelang	selanglah
menyelang-nyelangkan	
menyelangi	diselangi
menyelangi	kuselangi
menyelangi	kauselangi
menyelangi	selangi
menyelangi	selangilah
menyelangkupi	diselangkupi
menyelangkupi	kuselangkupi
menyelangkupi	kauselangkupi
menyelangkupi	selangkupi
menyelangkupi	selangkupilah
menyelap	kuselap
menyelap	kauselap
menyelap	diselap
menyelap	terselap
menyelap	selap
menyelap	selaplah
menyelapi	diselapi
menyelapi	kuselapi
menyelapi	kauselapi
menyelapi	selapi
menyelapi	selapilah
menyelaput	kuselaput
menyelaput	kauselaput
menyelaput	diselaput
menyelaput	terselaput
menyelaput	selaput
menyelaput	selaputlah
menyelar	kuselar
menyelar	kauselar
menyelar	diselar
menyelar	terselar
menyelar	selar
menyelar	selarlah
menyelara	kuselara
menyelara	kauselara
menyelara	diselara
menyelara	terselara
menyelara	selara
menyelara	selaralah
menyelaraskan	diselaraskan
menyelaraskan	kuselaraskan
menyelaraskan	kauselaraskan
menyelaraskan	selaraskan
menyelaraskan	selaraskanlah
menyelarkan	diselarkan
menyelarkan	kuselarkan
menyelarkan	kauselarkan
menyelarkan	selarkan
menyelarkan	selarkanlah
menyelat	kuselat
menyelat	kauselat
menyelat	diselat
menyelat	terselat
menyelat	selat
menyelat	selatlah
menyelatkan	diselatkan
menyelatkan	kuselatkan
menyelatkan	kauselatkan
menyelatkan	selatkan
menyelatkan	selatkanlah
menyelawat	kuselawat
menyelawat	kauselawat
menyelawat	diselawat
menyelawat	terselawat
menyelawat	selawat
menyelawat	selawatlah
menyelekehi	diselekehi
menyelekehi	kuselekehi
menyelekehi	kauselekehi
menyelekehi	selekehi
menyelekehi	selekehilah
menyelekoh	kuselekoh
menyelekoh	kauselekoh
menyelekoh	diselekoh
menyelekoh	terselekoh
menyelekoh	selekoh
menyelekoh	selekohlah
menyeleksi	kuseleksi
menyeleksi	kauseleksi
menyeleksi	diseleksi
menyeleksi	terseleksi
menyeleksi	seleksi
menyeleksi	seleksilah
menyelembana	kuselembana
menyelembana	kauselembana
menyelembana	diselembana
menyelembana	terselembana
menyelembana	selembana
menyelembana	selembanalah
menyelendang	kuselendang
menyelendang	kauselendang
menyelendang	diselendang
menyelendang	terselendang
menyelendang	selendang
menyelendang	selendanglah
menyelendangi	diselendangi
menyelendangi	kuselendangi
menyelendangi	kauselendangi
menyelendangi	selendangi
menyelendangi	selendangilah
menyelenggara	kuselenggara
menyelenggara	kauselenggara
menyelenggara	diselenggara
menyelenggara	terselenggara
menyelenggara	selenggara
menyelenggara	selenggaralah
menyelenggarakan	diselenggarakan
menyelenggarakan	kuselenggarakan
menyelenggarakan	kauselenggarakan
menyelenggarakan	selenggarakan
menyelenggarakan	selenggarakanlah
menyelentik	kuselentik
menyelentik	kauselentik
menyelentik	diselentik
menyelentik	terselentik
menyelentik	selentik
menyelentik	selentiklah
menyelenting	kuselenting
menyelenting	kauselenting
menyelenting	diselenting
menyelenting	terselenting
menyelenting	selenting
menyelenting	selentinglah
menyelentingkan	diselentingkan
menyelentingkan	kuselentingkan
menyelentingkan	kauselentingkan
menyelentingkan	selentingkan
menyelentingkan	selentingkanlah
menyelesaikan	diselesaikan
menyelesaikan	kuselesaikan
menyelesaikan	kauselesaikan
menyelesaikan	selesaikan
menyelesaikan	selesaikanlah
menyeletuk	kuseletuk
menyeletuk	kauseletuk
menyeletuk	diseletuk
menyeletuk	terseletuk
menyeletuk	seletuk
menyeletuk	seletuklah
menyeleweng	kuseleweng
menyeleweng	kauseleweng
menyeleweng	diseleweng
menyeleweng	terseleweng
menyeleweng	seleweng
menyeleweng	selewenglah
menyelewengkan	diselewengkan
menyelewengkan	kuselewengkan
menyelewengkan	kauselewengkan
menyelewengkan	selewengkan
menyelewengkan	selewengkanlah
menyelidik	kuselidik
menyelidik	kauselidik
menyelidik	diselidik
menyelidik	terselidik
menyelidik	selidik
menyelidik	selidiklah
menyelidiki	diselidiki
menyelidiki	kuselidiki
menyelidiki	kauselidiki
menyelidiki	selidiki
menyelidiki	selidikilah
menyeligi	kuseligi
menyeligi	kauseligi
menyeligi	diseligi
menyeligi	terseligi
menyeligi	seligi
menyeligi	seligilah
menyeligit	kuseligit
menyeligit	kauseligit
menyeligit	diseligit
menyeligit	terseligit
menyeligit	seligit
menyeligit	seligitlah
menyelimpang	kuselimpang
menyelimpang	kauselimpang
menyelimpang	diselimpang
menyelimpang	terselimpang
menyelimpang	selimpang
menyelimpang	selimpanglah
menyelimuti	diselimuti
menyelimuti	kuselimuti
menyelimuti	kauselimuti
menyelimuti	selimuti
menyelimuti	selimutilah
menyelinap	kuselinap
menyelinap	kauselinap
menyelinap	diselinap
menyelinap	terselinap
menyelinap	selinap
menyelinap	selinaplah
menyelinapkan	diselinapkan
menyelinapkan	kuselinapkan
menyelinapkan	kauselinapkan
menyelinapkan	selinapkan
menyelinapkan	selinapkanlah
menyeling	kuseling
menyeling	kauseling
menyeling	diseling
menyeling	terseling
menyeling	seling
menyeling	selinglah
menyelingar	kuselingar
menyelingar	kauselingar
menyelingar	diselingar
menyelingar	terselingar
menyelingar	selingar
menyelingar	selingarlah
menyelingi	diselingi
menyelingi	kuselingi
menyelingi	kauselingi
menyelingi	selingi
menyelingi	selingilah
menyelingkit	kuselingkit
menyelingkit	kauselingkit
menyelingkit	diselingkit
menyelingkit	terselingkit
menyelingkit	selingkit
menyelingkit	selingkitlah
menyelingkup	kuselingkup
menyelingkup	kauselingkup
menyelingkup	diselingkup
menyelingkup	terselingkup
menyelingkup	selingkup
menyelingkup	selingkuplah
menyelingkupi	diselingkupi
menyelingkupi	kuselingkupi
menyelingkupi	kauselingkupi
menyelingkupi	selingkupi
menyelingkupi	selingkupilah
menyelip	kuselip
menyelip	kauselip
menyelip	diselip
menyelip	terselip
menyelip	selip
menyelip	seliplah
menyelipi	diselipi
menyelipi	kuselipi
menyelipi	kauselipi
menyelipi	selipi
menyelipi	selipilah
menyelipkan	diselipkan
menyelipkan	kuselipkan
menyelipkan	kauselipkan
menyelipkan	selipkan
menyelipkan	selipkanlah
menyelisik	kuselisik
menyelisik	kauselisik
menyelisik	diselisik
menyelisik	terselisik
menyelisik	selisik
menyelisik	selisiklah
menyelisipkan	diselisipkan
menyelisipkan	kuselisipkan
menyelisipkan	kauselisipkan
menyelisipkan	selisipkan
menyelisipkan	selisipkanlah
menyelisir	kuselisir
menyelisir	kauselisir
menyelisir	diselisir
menyelisir	terselisir
menyelisir	selisir
menyelisir	selisirlah
menyelitkan	diselitkan
menyelitkan	kuselitkan
menyelitkan	kauselitkan
menyelitkan	selitkan
menyelitkan	selitkanlah
menyelomoti	diselomoti
menyelomoti	kuselomoti
menyelomoti	kauselomoti
menyelomoti	selomoti
menyelomoti	selomotilah
menyelongkar	kuselongkar
menyelongkar	kauselongkar
menyelongkar	diselongkar
menyelongkar	terselongkar
menyelongkar	selongkar
menyelongkar	selongkarlah
menyelongsongi	diselongsongi
menyelongsongi	kuselongsongi
menyelongsongi	kauselongsongi
menyelongsongi	selongsongi
menyelongsongi	selongsongilah
menyelot	kuselot
menyelot	kauselot
menyelot	diselot
menyelot	terselot
menyelot	selot
menyelot	selotlah
menyelubung	kuselubung
menyelubung	kauselubung
menyelubung	diselubung
menyelubung	terselubung
menyelubung	selubung
menyelubung	selubunglah
menyelubungi	diselubungi
menyelubungi	kuselubungi
menyelubungi	kauselubungi
menyelubungi	selubungi
menyelubungi	selubungilah
menyeluduk	kuseluduk
menyeluduk	kauseluduk
menyeluduk	diseluduk
menyeluduk	terseluduk
menyeluduk	seluduk
menyeluduk	seluduklah
menyeludup	kuseludup
menyeludup	kauseludup
menyeludup	diseludup
menyeludup	terseludup
menyeludup	seludup
menyeludup	seluduplah
menyeludupkan	diseludupkan
menyeludupkan	kuseludupkan
menyeludupkan	kauseludupkan
menyeludupkan	seludupkan
menyeludupkan	seludupkanlah
menyeluk	kuseluk
menyeluk	kauseluk
menyeluk	diseluk
menyeluk	terseluk
menyeluk	seluk
menyeluk	seluklah
menyelukat	kuselukat
menyelukat	kauselukat
menyelukat	diselukat
menyelukat	terselukat
menyelukat	selukat
menyelukat	selukatlah
menyelundup	
menyelundupi	diselundupi
menyelundupi	kuselundupi
menyelundupi	kauselundupi
menyelundupi	selundupi
menyelundupi	selundupilah
menyelundupkan	diselundupkan
menyelundupkan	kuselundupkan
menyelundupkan	kauselundupkan
menyelundupkan	selundupkan
menyelundupkan	selundupkanlah
menyelungkup	kuselungkup
menyelungkup	kauselungkup
menyelungkup	diselungkup
menyelungkup	terselungkup
menyelungkup	selungkup
menyelungkup	selungkuplah
menyelungkupi	diselungkupi
menyelungkupi	kuselungkupi
menyelungkupi	kauselungkupi
menyelungkupi	selungkupi
menyelungkupi	selungkupilah
menyeluruh	kuseluruh
menyeluruh	kauseluruh
menyeluruh	diseluruh
menyeluruh	terseluruh
menyeluruh	seluruh
menyeluruh	seluruhlah
menyeluruhi	diseluruhi
menyeluruhi	kuseluruhi
menyeluruhi	kauseluruhi
menyeluruhi	seluruhi
menyeluruhi	seluruhilah
menyelusuh	kuselusuh
menyelusuh	kauselusuh
menyelusuh	diselusuh
menyelusuh	terselusuh
menyelusuh	selusuh
menyelusuh	selusuhlah
menyelusup	kuselusup
menyelusup	kauselusup
menyelusup	diselusup
menyelusup	terselusup
menyelusup	selusup
menyelusup	selusuplah
menyelusupkan	diselusupkan
menyelusupkan	kuselusupkan
menyelusupkan	kauselusupkan
menyelusupkan	selusupkan
menyelusupkan	selusupkanlah
menyelusur	kuselusur
menyelusur	kauselusur
menyelusur	diselusur
menyelusur	terselusur
menyelusur	selusur
menyelusur	selusurlah
menyelusuri	diselusuri
menyelusuri	kuselusuri
menyelusuri	kauselusuri
menyelusuri	selusuri
menyelusuri	selusurilah
menyelusurkan	diselusurkan
menyelusurkan	kuselusurkan
menyelusurkan	kauselusurkan
menyelusurkan	selusurkan
menyelusurkan	selusurkanlah
menyemah	kusemah
menyemah	kausemah
menyemah	disemah
menyemah	tersemah
menyemah	semah
menyemah	semahlah
menyemahkan	disemahkan
menyemahkan	kusemahkan
menyemahkan	kausemahkan
menyemahkan	semahkan
menyemahkan	semahkanlah
menyemai	kusemai
menyemai	kausemai
menyemai	disemai
menyemai	tersemai
menyemai	semai
menyemai	semailah
menyemaikan	disemaikan
menyemaikan	kusemaikan
menyemaikan	kausemaikan
menyemaikan	semaikan
menyemaikan	semaikanlah
menyemak	kusemak
menyemak	kausemak
menyemak	disemak
menyemak	tersemak
menyemak	semak
menyemak	semaklah
menyemangati	disemangati
menyemangati	kusemangati
menyemangati	kausemangati
menyemangati	semangati
menyemangati	semangatilah
menyemarak	kusemarak
menyemarak	kausemarak
menyemarak	disemarak
menyemarak	tersemarak
menyemarak	semarak
menyemarak	semaraklah
menyemat	kusemat
menyemat	kausemat
menyemat	disemat
menyemat	tersemat
menyemat	semat
menyemat	sematlah
menyematkan	disematkan
menyematkan	kusematkan
menyematkan	kausematkan
menyematkan	sematkan
menyematkan	sematkanlah
menyembah	kusembah
menyembah	kausembah
menyembah	disembah
menyembah	tersembah
menyembah	sembah
menyembah	sembahlah
menyembahyangi	disembahyangi
menyembahyangi	kusembahyangi
menyembahyangi	kausembahyangi
menyembahyangi	sembahyangi
menyembahyangi	sembahyangilah
menyembai	kusembai
menyembai	kausembai
menyembai	disembai
menyembai	tersembai
menyembai	sembai
menyembai	sembailah
menyembam	kusembam
menyembam	kausembam
menyembam	disembam
menyembam	tersembam
menyembam	sembam
menyembam	sembamlah
menyembamkan	disembamkan
menyembamkan	kusembamkan
menyembamkan	kausembamkan
menyembamkan	sembamkan
menyembamkan	sembamkanlah
menyembarangi	disembarangi
menyembarangi	kusembarangi
menyembarangi	kausembarangi
menyembarangi	sembarangi
menyembarangi	sembarangilah
menyembat	kusembat
menyembat	kausembat
menyembat	disembat
menyembat	tersembat
menyembat	sembat
menyembat	sembatlah
menyembelih	kusembelih
menyembelih	kausembelih
menyembelih	disembelih
menyembelih	tersembelih
menyembelih	sembelih
menyembelih	sembelihlah
menyembilu	kusembilu
menyembilu	kausembilu
menyembilu	disembilu
menyembilu	tersembilu
menyembilu	sembilu
menyembilu	sembilulah
menyembir	kusembir
menyembir	kausembir
menyembir	disembir
menyembir	tersembir
menyembir	sembir
menyembir	sembirlah
menyembronokan	disembronokan
menyembronokan	kusembronokan
menyembronokan	kausembronokan
menyembronokan	sembronokan
menyembronokan	sembronokanlah
menyembuhkan	disembuhkan
menyembuhkan	kusembuhkan
menyembuhkan	kausembuhkan
menyembuhkan	sembuhkan
menyembuhkan	sembuhkanlah
menyembul	kusembul
menyembul	kausembul
menyembul	disembul
menyembul	tersembul
menyembul	sembul
menyembul	sembullah
menyembulkan	disembulkan
menyembulkan	kusembulkan
menyembulkan	kausembulkan
menyembulkan	sembulkan
menyembulkan	sembulkanlah
menyembur	kusembur
menyembur	kausembur
menyembur	disembur
menyembur	tersembur
menyembur	sembur
menyembur	semburlah
menyemburi	disemburi
menyemburi	kusemburi
menyemburi	kausemburi
menyemburi	semburi
menyemburi	semburilah
menyemburkan	disemburkan
menyemburkan	kusemburkan
menyemburkan	kausemburkan
menyemburkan	semburkan
menyemburkan	semburkanlah
menyemen	kusemen
menyemen	kausemen
menyemen	disemen
menyemen	tersemen
menyemen	semen
menyemen	semenlah
menyemir	kusemir
menyemir	kausemir
menyemir	disemir
menyemir	tersemir
menyemir	semir
menyemir	semirlah
menyempadani	disempadani
menyempadani	kusempadani
menyempadani	kausempadani
menyempadani	sempadani
menyempadani	sempadanilah
menyempal	kusempal
menyempal	kausempal
menyempal	disempal
menyempal	tersempal
menyempal	sempal
menyempal	sempallah
menyempali	disempali
menyempali	kusempali
menyempali	kausempali
menyempali	sempali
menyempali	sempalilah
menyempang	kusempang
menyempang	kausempang
menyempang	disempang
menyempang	tersempang
menyempang	sempang
menyempang	sempanglah
menyempat	kusempat
menyempat	kausempat
menyempat	disempat
menyempat	tersempat
menyempat	sempat
menyempat	sempatlah
menyempati	disempati
menyempati	kusempati
menyempati	kausempati
menyempati	sempati
menyempati	sempatilah
menyempatkan	disempatkan
menyempatkan	kusempatkan
menyempatkan	kausempatkan
menyempatkan	sempatkan
menyempatkan	sempatkanlah
menyempil	kusempil
menyempil	kausempil
menyempil	disempil
menyempil	tersempil
menyempil	sempil
menyempil	sempillah
menyempit	kusempit
menyempit	kausempit
menyempit	disempit
menyempit	tersempit
menyempit	sempit
menyempit	sempitlah
menyempitkan	disempitkan
menyempitkan	kusempitkan
menyempitkan	kausempitkan
menyempitkan	sempitkan
menyempitkan	sempitkanlah
menyemprit	kusemprit
menyemprit	kausemprit
menyemprit	disemprit
menyemprit	tersemprit
menyemprit	semprit
menyemprit	sempritlah
menyemprot	kusemprot
menyemprot	kausemprot
menyemprot	disemprot
menyemprot	tersemprot
menyemprot	semprot
menyemprot	semprotlah
menyemproti	disemproti
menyemproti	kusemproti
menyemproti	kausemproti
menyemproti	semproti
menyemproti	semprotilah
menyemprotkan	disemprotkan
menyemprotkan	kusemprotkan
menyemprotkan	kausemprotkan
menyemprotkan	semprotkan
menyemprotkan	semprotkanlah
menyempurnakan	disempurnakan
menyempurnakan	kusempurnakan
menyempurnakan	kausempurnakan
menyempurnakan	sempurnakan
menyempurnakan	sempurnakanlah
menyemu	kusemu
menyemu	kausemu
menyemu	disemu
menyemu	tersemu
menyemu	semu
menyemu	semulah
menyemui	disemui
menyemui	kusemui
menyemui	kausemui
menyemui	semui
menyemui	semuilah
menyemukakan	disemukakan
menyemukakan	kusemukakan
menyemukakan	kausemukakan
menyemukakan	semukakan
menyemukakan	semukakanlah
menyemukan	disemukan
menyemukan	kusemukan
menyemukan	kausemukan
menyemukan	semukan
menyemukan	semukanlah
menyemur	kusemur
menyemur	kausemur
menyemur	disemur
menyemur	tersemur
menyemur	semur
menyemur	semurlah
menyemut	kusemut
menyemut	kausemut
menyemut	disemut
menyemut	tersemut
menyemut	semut
menyemut	semutlah
menyenak	kusenak
menyenak	kausenak
menyenak	disenak
menyenak	tersenak
menyenak	senak
menyenak	senaklah
menyenak-nyenak	
menyenakkan	disenakkan
menyenakkan	kusenakkan
menyenakkan	kausenakkan
menyenakkan	senakkan
menyenakkan	senakkanlah
menyenangi	disenangi
menyenangi	kusenangi
menyenangi	kausenangi
menyenangi	senangi
menyenangi	senangilah
menyenaraikan	disenaraikan
menyenaraikan	kusenaraikan
menyenaraikan	kausenaraikan
menyenaraikan	senaraikan
menyenaraikan	senaraikanlah
menyendal	kusendal
menyendal	kausendal
menyendal	disendal
menyendal	tersendal
menyendal	sendal
menyendal	sendallah
menyendalkan	disendalkan
menyendalkan	kusendalkan
menyendalkan	kausendalkan
menyendalkan	sendalkan
menyendalkan	sendalkanlah
menyendat	kusendat
menyendat	kausendat
menyendat	disendat
menyendat	tersendat
menyendat	sendat
menyendat	sendatlah
menyendeng	kusendeng
menyendeng	kausendeng
menyendeng	disendeng
menyendeng	tersendeng
menyendeng	sendeng
menyendeng	sendenglah
menyendi	kusendi
menyendi	kausendi
menyendi	disendi
menyendi	tersendi
menyendi	sendi
menyendi	sendilah
menyendi-nyendi	
menyendiri	kusendiri
menyendiri	kausendiri
menyendiri	disendiri
menyendiri	tersendiri
menyendiri	sendiri
menyendiri	sendirilah
menyendok	kusendok
menyendok	kausendok
menyendok	disendok
menyendok	tersendok
menyendok	sendok
menyendok	sendoklah
menyengaja	kusengaja
menyengaja	kausengaja
menyengaja	disengaja
menyengaja	tersengaja
menyengaja	sengaja
menyengaja	sengajalah
menyengal	kusengal
menyengal	kausengal
menyengal	disengal
menyengal	tersengal
menyengal	sengal
menyengal	sengallah
menyengam	kusengam
menyengam	kausengam
menyengam	disengam
menyengam	tersengam
menyengam	sengam
menyengam	sengamlah
menyengap	kusengap
menyengap	kausengap
menyengap	disengap
menyengap	tersengap
menyengap	sengap
menyengap	sengaplah
menyengapkan	disengapkan
menyengapkan	kusengapkan
menyengapkan	kausengapkan
menyengapkan	sengapkan
menyengapkan	sengapkanlah
menyengar	kusengar
menyengar	kausengar
menyengar	disengar
menyengar	tersengar
menyengar	sengar
menyengar	sengarlah
menyengat	kusengat
menyengat	kausengat
menyengat	disengat
menyengat	tersengat
menyengat	sengat
menyengat	sengatlah
menyengau	kusengau
menyengau	kausengau
menyengau	disengau
menyengau	tersengau
menyengau	sengau
menyengau	sengaulah
menyengaukan	disengaukan
menyengaukan	kusengaukan
menyengaukan	kausengaukan
menyengaukan	sengaukan
menyengaukan	sengaukanlah
menyenget	kusenget
menyenget	kausenget
menyenget	disenget
menyenget	tersenget
menyenget	senget
menyenget	sengetlah
menyengetkan	disengetkan
menyengetkan	kusengetkan
menyengetkan	kausengetkan
menyengetkan	sengetkan
menyengetkan	sengetkanlah
menyenggak	kusenggak
menyenggak	kausenggak
menyenggak	disenggak
menyenggak	tersenggak
menyenggak	senggak
menyenggak	senggaklah
menyenggaki	disenggaki
menyenggaki	kusenggaki
menyenggaki	kausenggaki
menyenggaki	senggaki
menyenggaki	senggakilah
menyenggat	kusenggat
menyenggat	kausenggat
menyenggat	disenggat
menyenggat	tersenggat
menyenggat	senggat
menyenggat	senggatlah
menyenggau	kusenggau
menyenggau	kausenggau
menyenggau	disenggau
menyenggau	tersenggau
menyenggau	senggau
menyenggau	senggaulah
menyengget	kusengget
menyengget	kausengget
menyengget	disengget
menyengget	tersengget
menyengget	sengget
menyengget	senggetlah
menyenggol	kusenggol
menyenggol	kausenggol
menyenggol	disenggol
menyenggol	tersenggol
menyenggol	senggol
menyenggol	senggollah
menyengguk	kusengguk
menyengguk	kausengguk
menyengguk	disengguk
menyengguk	tersengguk
menyengguk	sengguk
menyengguk	sengguklah
menyenggut	kusenggut
menyenggut	kausenggut
menyenggut	disenggut
menyenggut	tersenggut
menyenggut	senggut
menyenggut	senggutlah
menyengih	kusengih
menyengih	kausengih
menyengih	disengih
menyengih	tersengih
menyengih	sengih
menyengih	sengihlah
menyengihkan	disengihkan
menyengihkan	kusengihkan
menyengihkan	kausengihkan
menyengihkan	sengihkan
menyengihkan	sengihkanlah
menyengir	kusengir
menyengir	kausengir
menyengir	disengir
menyengir	tersengir
menyengir	sengir
menyengir	sengirlah
menyengit	kusengit
menyengit	kausengit
menyengit	disengit
menyengit	tersengit
menyengit	sengit
menyengit	sengitlah
menyengkak	kusengkak
menyengkak	kausengkak
menyengkak	disengkak
menyengkak	tersengkak
menyengkak	sengkak
menyengkak	sengkaklah
menyengkang	kusengkang
menyengkang	kausengkang
menyengkang	disengkang
menyengkang	tersengkang
menyengkang	sengkang
menyengkang	sengkanglah
menyengkela	kusengkela
menyengkela	kausengkela
menyengkela	disengkela
menyengkela	tersengkela
menyengkela	sengkela
menyengkela	sengkelalah
menyengkelangkan	disengkelangkan
menyengkelangkan	kusengkelangkan
menyengkelangkan	kausengkelangkan
menyengkelangkan	sengkelangkan
menyengkelangkan	sengkelangkanlah
menyengkeling	kusengkeling
menyengkeling	kausengkeling
menyengkeling	disengkeling
menyengkeling	tersengkeling
menyengkeling	sengkeling
menyengkeling	sengkelinglah
menyengkelit	kusengkelit
menyengkelit	kausengkelit
menyengkelit	disengkelit
menyengkelit	tersengkelit
menyengkelit	sengkelit
menyengkelit	sengkelitlah
menyengker	kusengker
menyengker	kausengker
menyengker	disengker
menyengker	tersengker
menyengker	sengker
menyengker	sengkerlah
menyengkilit	kusengkilit
menyengkilit	kausengkilit
menyengkilit	disengkilit
menyengkilit	tersengkilit
menyengkilit	sengkilit
menyengkilit	sengkilitlah
menyengsarakan	disengsarakan
menyengsarakan	kusengsarakan
menyengsarakan	kausengsarakan
menyengsarakan	sengsarakan
menyengsarakan	sengsarakanlah
menyenguk	kusenguk
menyenguk	kausenguk
menyenguk	disenguk
menyenguk	tersenguk
menyenguk	senguk
menyenguk	senguklah
menyeni	kuseni
menyeni	kauseni
menyeni	diseni
menyeni	terseni
menyeni	seni
menyeni	senilah
menyensus	kusensus
menyensus	kausensus
menyensus	disensus
menyensus	tersensus
menyensus	sensus
menyensus	sensuslah
menyentak	kusentak
menyentak	kausentak
menyentak	disentak
menyentak	tersentak
menyentak	sentak
menyentak	sentaklah
menyentak-nyentak	
menyentakkan	disentakkan
menyentakkan	kusentakkan
menyentakkan	kausentakkan
menyentakkan	sentakkan
menyentakkan	sentakkanlah
menyental	kusental
menyental	kausental
menyental	disental
menyental	tersental
menyental	sental
menyental	sentallah
menyentalkan	disentalkan
menyentalkan	kusentalkan
menyentalkan	kausentalkan
menyentalkan	sentalkan
menyentalkan	sentalkanlah
menyentengi	disentengi
menyentengi	kusentengi
menyentengi	kausentengi
menyentengi	sentengi
menyentengi	sentengilah
menyentengkan	disentengkan
menyentengkan	kusentengkan
menyentengkan	kausentengkan
menyentengkan	sentengkan
menyentengkan	sentengkanlah
menyenteri	disenteri
menyenteri	kusenteri
menyenteri	kausenteri
menyenteri	senteri
menyenteri	senterilah
menyentil	kusentil
menyentil	kausentil
menyentil	disentil
menyentil	tersentil
menyentil	sentil
menyentil	sentillah
menyentralisasi	kusentralisasi
menyentralisasi	kausentralisasi
menyentralisasi	disentralisasi
menyentralisasi	tersentralisasi
menyentralisasi	sentralisasi
menyentralisasi	sentralisasilah
menyentralkan	disentralkan
menyentralkan	kusentralkan
menyentralkan	kausentralkan
menyentralkan	sentralkan
menyentralkan	sentralkanlah
menyentuh	kusentuh
menyentuh	kausentuh
menyentuh	disentuh
menyentuh	tersentuh
menyentuh	sentuh
menyentuh	sentuhlah
menyentuh-nyentuh	
menyenyeh	kunyenyeh
menyenyeh	kaunyenyeh
menyenyeh	dinyenyeh
menyenyeh	ternyenyeh
menyenyeh	nyenyeh
menyenyeh	nyenyehlah
menyenyumi	disenyumi
menyenyumi	kusenyumi
menyenyumi	kausenyumi
menyenyumi	senyumi
menyenyumi	senyumilah
menyepadan	kusepadan
menyepadan	kausepadan
menyepadan	disepadan
menyepadan	tersepadan
menyepadan	sepadan
menyepadan	sepadanlah
menyepah	kusepah
menyepah	kausepah
menyepah	disepah
menyepah	tersepah
menyepah	sepah
menyepah	sepahlah
menyepak	kusepak
menyepak	kausepak
menyepak	disepak
menyepak	tersepak
menyepak	sepak
menyepak	sepaklah
menyepak-nyepakkan	
menyepakati	disepakati
menyepakati	kusepakati
menyepakati	kausepakati
menyepakati	sepakati
menyepakati	sepakatilah
menyepakkan	disepakkan
menyepakkan	kusepakkan
menyepakkan	kausepakkan
menyepakkan	sepakkan
menyepakkan	sepakkanlah
menyepan	kusepan
menyepan	kausepan
menyepan	disepan
menyepan	tersepan
menyepan	sepan
menyepan	sepanlah
menyepatui	disepatui
menyepatui	kusepatui
menyepatui	kausepatui
menyepatui	sepatui
menyepatui	sepatuilah
menyepelekan	disepelekan
menyepelekan	kusepelekan
menyepelekan	kausepelekan
menyepelekan	sepelekan
menyepelekan	sepelekanlah
menyeperah	kuseperah
menyeperah	kauseperah
menyeperah	diseperah
menyeperah	terseperah
menyeperah	seperah
menyeperah	seperahlah
menyepertikan	disepertikan
menyepertikan	kusepertikan
menyepertikan	kausepertikan
menyepertikan	sepertikan
menyepertikan	sepertikanlah
menyepi	kusepi
menyepi	kausepi
menyepi	disepi
menyepi	tersepi
menyepi	sepi
menyepi	sepilah
menyepit	kusepit
menyepit	kausepit
menyepit	disepit
menyepit	tersepit
menyepit	sepit
menyepit	sepitlah
menyepuh	kusepuh
menyepuh	kausepuh
menyepuh	disepuh
menyepuh	tersepuh
menyepuh	sepuh
menyepuh	sepuhlah
menyepuk	kusepuk
menyepuk	kausepuk
menyepuk	disepuk
menyepuk	tersepuk
menyepuk	sepuk
menyepuk	sepuklah
menyerah	
menyerahi	diserahi
menyerahi	kuserahi
menyerahi	kauserahi
menyerahi	serahi
menyerahi	serahilah
menyerak	kuserak
menyerak	kauserak
menyerak	diserak
menyerak	terserak
menyerak	serak
menyerak	seraklah
menyerak-nyerakkan	
menyeramkan	diseramkan
menyeramkan	kuseramkan
menyeramkan	kauseramkan
menyeramkan	seramkan
menyeramkan	seramkanlah
menyerampang	kuserampang
menyerampang	kauserampang
menyerampang	diserampang
menyerampang	terserampang
menyerampang	serampang
menyerampang	serampanglah
menyeranah	kuseranah
menyeranah	kauseranah
menyeranah	diseranah
menyeranah	terseranah
menyeranah	seranah
menyeranah	seranahlah
menyerandang	kuserandang
menyerandang	kauserandang
menyerandang	diserandang
menyerandang	terserandang
menyerandang	serandang
menyerandang	serandanglah
menyerang	kuserang
menyerang	kauserang
menyerang	diserang
menyerang	terserang
menyerang	serang
menyerang	seranglah
menyeranggung	kuseranggung
menyeranggung	kauseranggung
menyeranggung	diseranggung
menyeranggung	terseranggung
menyeranggung	seranggung
menyeranggung	seranggunglah
menyerangkaikan	diserangkaikan
menyerangkaikan	kuserangkaikan
menyerangkaikan	kauserangkaikan
menyerangkaikan	serangkaikan
menyerangkaikan	serangkaikanlah
menyerangsang	kuserangsang
menyerangsang	kauserangsang
menyerangsang	diserangsang
menyerangsang	terserangsang
menyerangsang	serangsang
menyerangsang	serangsanglah
menyerap	kuserap
menyerap	kauserap
menyerap	diserap
menyerap	terserap
menyerap	serap
menyerap	seraplah
menyerapahi	diserapahi
menyerapahi	kuserapahi
menyerapahi	kauserapahi
menyerapahi	serapahi
menyerapahi	serapahilah
menyerasikan	diserasikan
menyerasikan	kuserasikan
menyerasikan	kauserasikan
menyerasikan	serasikan
menyerasikan	serasikanlah
menyeratakan	diseratakan
menyeratakan	kuseratakan
menyeratakan	kauseratakan
menyeratakan	seratakan
menyeratakan	seratakanlah
menyeratus	kuseratus
menyeratus	kauseratus
menyeratus	diseratus
menyeratus	terseratus
menyeratus	seratus
menyeratus	seratuslah
menyeraya	kuseraya
menyeraya	kauseraya
menyeraya	diseraya
menyeraya	terseraya
menyeraya	seraya
menyeraya	serayalah
menyerayakan	diserayakan
menyerayakan	kuserayakan
menyerayakan	kauserayakan
menyerayakan	serayakan
menyerayakan	serayakanlah
menyerbak	kuserbak
menyerbak	kauserbak
menyerbak	diserbak
menyerbak	terserbak
menyerbak	serbak
menyerbak	serbaklah
menyerbakkan	diserbakkan
menyerbakkan	kuserbakkan
menyerbakkan	kauserbakkan
menyerbakkan	serbakkan
menyerbakkan	serbakkanlah
menyerbeti	diserbeti
menyerbeti	kuserbeti
menyerbeti	kauserbeti
menyerbeti	serbeti
menyerbeti	serbetilah
menyerbu	kuserbu
menyerbu	kauserbu
menyerbu	diserbu
menyerbu	terserbu
menyerbu	serbu
menyerbu	serbulah
menyerbuk	kuserbuk
menyerbuk	kauserbuk
menyerbuk	diserbuk
menyerbuk	terserbuk
menyerbuk	serbuk
menyerbuk	serbuklah
menyerbukan	diserbukan
menyerbukan	kuserbukan
menyerbukan	kauserbukan
menyerbukan	serbukan
menyerbukan	serbukanlah
menyerbuki	diserbuki
menyerbuki	kuserbuki
menyerbuki	kauserbuki
menyerbuki	serbuki
menyerbuki	serbukilah
menyerbukkan	diserbukkan
menyerbukkan	kuserbukkan
menyerbukkan	kauserbukkan
menyerbukkan	serbukkan
menyerbukkan	serbukkanlah
menyerempak	kuserempak
menyerempak	kauserempak
menyerempak	diserempak
menyerempak	terserempak
menyerempak	serempak
menyerempak	serempaklah
menyerempet	kuserempet
menyerempet	kauserempet
menyerempet	diserempet
menyerempet	terserempet
menyerempet	serempet
menyerempet	serempetlah
menyerendeng	kuserendeng
menyerendeng	kauserendeng
menyerendeng	diserendeng
menyerendeng	terserendeng
menyerendeng	serendeng
menyerendeng	serendenglah
menyerendengkan	diserendengkan
menyerendengkan	kuserendengkan
menyerendengkan	kauserendengkan
menyerendengkan	serendengkan
menyerendengkan	serendengkanlah
menyerengeh	kuserengeh
menyerengeh	kauserengeh
menyerengeh	diserengeh
menyerengeh	terserengeh
menyerengeh	serengeh
menyerengeh	serengehlah
menyerentakkan	diserentakkan
menyerentakkan	kuserentakkan
menyerentakkan	kauserentakkan
menyerentakkan	serentakkan
menyerentakkan	serentakkanlah
menyerepi	diserepi
menyerepi	kuserepi
menyerepi	kauserepi
menyerepi	serepi
menyerepi	serepilah
menyerepkan	diserepkan
menyerepkan	kuserepkan
menyerepkan	kauserepkan
menyerepkan	serepkan
menyerepkan	serepkanlah
menyeret	kuseret
menyeret	kauseret
menyeret	diseret
menyeret	terseret
menyeret	seret
menyeret	seretlah
menyeret-nyeret	
menyergah	kusergah
menyergah	kausergah
menyergah	disergah
menyergah	tersergah
menyergah	sergah
menyergah	sergahlah
menyergap	kusergap
menyergap	kausergap
menyergap	disergap
menyergap	tersergap
menyergap	sergap
menyergap	sergaplah
menyeri	kuseri
menyeri	kauseri
menyeri	diseri
menyeri	terseri
menyeri	seri
menyeri	serilah
menyerikati	diserikati
menyerikati	kuserikati
menyerikati	kauserikati
menyerikati	serikati
menyerikati	serikatilah
menyerimpet	kuserimpet
menyerimpet	kauserimpet
menyerimpet	diserimpet
menyerimpet	terserimpet
menyerimpet	serimpet
menyerimpet	serimpetlah
menyerimpung	kuserimpung
menyerimpung	kauserimpung
menyerimpung	diserimpung
menyerimpung	terserimpung
menyerimpung	serimpung
menyerimpung	serimpunglah
menyerindaikan	diserindaikan
menyerindaikan	kuserindaikan
menyerindaikan	kauserindaikan
menyerindaikan	serindaikan
menyerindaikan	serindaikanlah
menyering	kusering
menyering	kausering
menyering	disering
menyering	tersering
menyering	sering
menyering	seringlah
menyeringai	kuseringai
menyeringai	kauseringai
menyeringai	diseringai
menyeringai	terseringai
menyeringai	seringai
menyeringai	seringailah
menyeringing	kuseringing
menyeringing	kauseringing
menyeringing	diseringing
menyeringing	terseringing
menyeringing	seringing
menyeringing	seringinglah
menyeringkan	diseringkan
menyeringkan	kuseringkan
menyeringkan	kauseringkan
menyeringkan	seringkan
menyeringkan	seringkanlah
menyerit	kuserit
menyerit	kauserit
menyerit	diserit
menyerit	terserit
menyerit	serit
menyerit	seritlah
menyeriusi	diseriusi
menyeriusi	kuseriusi
menyeriusi	kauseriusi
menyeriusi	seriusi
menyeriusi	seriusilah
menyerkah	kuserkah
menyerkah	kauserkah
menyerkah	diserkah
menyerkah	terserkah
menyerkah	serkah
menyerkah	serkahlah
menyerkai	kuserkai
menyerkai	kauserkai
menyerkai	diserkai
menyerkai	terserkai
menyerkai	serkai
menyerkai	serkailah
menyerkap	kuserkap
menyerkap	kauserkap
menyerkap	diserkap
menyerkap	terserkap
menyerkap	serkap
menyerkap	serkaplah
menyerkapi	diserkapi
menyerkapi	kuserkapi
menyerkapi	kauserkapi
menyerkapi	serkapi
menyerkapi	serkapilah
menyerkup	kuserkup
menyerkup	kauserkup
menyerkup	diserkup
menyerkup	terserkup
menyerkup	serkup
menyerkup	serkuplah
menyerkupkan	diserkupkan
menyerkupkan	kuserkupkan
menyerkupkan	kauserkupkan
menyerkupkan	serkupkan
menyerkupkan	serkupkanlah
menyerlah	kuserlah
menyerlah	kauserlah
menyerlah	diserlah
menyerlah	terserlah
menyerlah	serlah
menyerlah	serlahlah
menyernak	kusernak
menyernak	kausernak
menyernak	disernak
menyernak	tersernak
menyernak	sernak
menyernak	sernaklah
menyerobot	kuserobot
menyerobot	kauserobot
menyerobot	diserobot
menyerobot	terserobot
menyerobot	serobot
menyerobot	serobotlah
menyerok	kuserok
menyerok	kauserok
menyerok	diserok
menyerok	terserok
menyerok	serok
menyerok	seroklah
menyerondol	kuserondol
menyerondol	kauserondol
menyerondol	diserondol
menyerondol	terserondol
menyerondol	serondol
menyerondol	serondollah
menyerondong	kuserondong
menyerondong	kauserondong
menyerondong	diserondong
menyerondong	terserondong
menyerondong	serondong
menyerondong	serondonglah
menyerong	kuserong
menyerong	kauserong
menyerong	diserong
menyerong	terserong
menyerong	serong
menyerong	seronglah
menyerongkan	diserongkan
menyerongkan	kuserongkan
menyerongkan	kauserongkan
menyerongkan	serongkan
menyerongkan	serongkanlah
menyeronokkan	diseronokkan
menyeronokkan	kuseronokkan
menyeronokkan	kauseronokkan
menyeronokkan	seronokkan
menyeronokkan	seronokkanlah
menyerosoh	kuserosoh
menyerosoh	kauserosoh
menyerosoh	diserosoh
menyerosoh	terserosoh
menyerosoh	serosoh
menyerosoh	serosohlah
menyerot	kuserot
menyerot	kauserot
menyerot	diserot
menyerot	terserot
menyerot	serot
menyerot	serotlah
menyerpih	kuserpih
menyerpih	kauserpih
menyerpih	diserpih
menyerpih	terserpih
menyerpih	serpih
menyerpih	serpihlah
menyertai	disertai
menyertai	kusertai
menyertai	kausertai
menyertai	sertai
menyertai	sertailah
menyertifikatkan	disertifikatkan
menyertifikatkan	kusertifikatkan
menyertifikatkan	kausertifikatkan
menyertifikatkan	sertifikatkan
menyertifikatkan	sertifikatkanlah
menyertu	kusertu
menyertu	kausertu
menyertu	disertu
menyertu	tersertu
menyertu	sertu
menyertu	sertulah
menyeru	kuseru
menyeru	kauseru
menyeru	diseru
menyeru	terseru
menyeru	seru
menyeru	serulah
menyeru-nyerukan	
menyeruak	kuseruak
menyeruak	kauseruak
menyeruak	diseruak
menyeruak	terseruak
menyeruak	seruak
menyeruak	seruaklah
menyerudi	kuserudi
menyerudi	kauserudi
menyerudi	diserudi
menyerudi	terserudi
menyerudi	serudi
menyerudi	serudilah
menyeruduk	kuseruduk
menyeruduk	kauseruduk
menyeruduk	diseruduk
menyeruduk	terseruduk
menyeruduk	seruduk
menyeruduk	seruduklah
menyeruit	kuseruit
menyeruit	kauseruit
menyeruit	diseruit
menyeruit	terseruit
menyeruit	seruit
menyeruit	seruitlah
menyerum	kuserum
menyerum	kauserum
menyerum	diserum
menyerum	terserum
menyerum	serum
menyerum	serumlah
menyerumahkan	diserumahkan
menyerumahkan	kuserumahkan
menyerumahkan	kauserumahkan
menyerumahkan	serumahkan
menyerumahkan	serumahkanlah
menyerunda	kuserunda
menyerunda	kauserunda
menyerunda	diserunda
menyerunda	terserunda
menyerunda	serunda
menyerunda	serundalah
menyerundang	kuserundang
menyerundang	kauserundang
menyerundang	diserundang
menyerundang	terserundang
menyerundang	serundang
menyerundang	serundanglah
menyerupa	kuserupa
menyerupa	kauserupa
menyerupa	diserupa
menyerupa	terserupa
menyerupa	serupa
menyerupa	serupalah
menyerupai	diserupai
menyerupai	kuserupai
menyerupai	kauserupai
menyerupai	serupai
menyerupai	serupailah
menyerupakan	diserupakan
menyerupakan	kuserupakan
menyerupakan	kauserupakan
menyerupakan	serupakan
menyerupakan	serupakanlah
menyeruput	kuseruput
menyeruput	kauseruput
menyeruput	diseruput
menyeruput	terseruput
menyeruput	seruput
menyeruput	seruputlah
menyerut	kuserut
menyerut	kauserut
menyerut	diserut
menyerut	terserut
menyerut	serut
menyerut	serutlah
menyeruyuk	kuseruyuk
menyeruyuk	kauseruyuk
menyeruyuk	diseruyuk
menyeruyuk	terseruyuk
menyeruyuk	seruyuk
menyeruyuk	seruyuklah
menyervis	kuservis
menyervis	kauservis
menyervis	diservis
menyervis	terservis
menyervis	servis
menyervis	servislah
menyesah	kusesah
menyesah	kausesah
menyesah	disesah
menyesah	tersesah
menyesah	sesah
menyesah	sesahlah
menyesak	kusesak
menyesak	kausesak
menyesak	disesak
menyesak	tersesak
menyesak	sesak
menyesak	sesaklah
menyesakkan	disesakkan
menyesakkan	kusesakkan
menyesakkan	kausesakkan
menyesakkan	sesakkan
menyesakkan	sesakkanlah
menyesal	
menyesali	disesali
menyesali	kusesali
menyesali	kausesali
menyesali	sesali
menyesali	sesalilah
menyesap	kusesap
menyesap	kausesap
menyesap	disesap
menyesap	tersesap
menyesap	sesap
menyesap	sesaplah
menyesar	kusesar
menyesar	kausesar
menyesar	disesar
menyesar	tersesar
menyesar	sesar
menyesar	sesarlah
menyesarkan	disesarkan
menyesarkan	kusesarkan
menyesarkan	kausesarkan
menyesarkan	sesarkan
menyesarkan	sesarkanlah
menyeser	kuseser
menyeser	kauseser
menyeser	diseser
menyeser	terseser
menyeser	seser
menyeser	seserlah
menyesuaikan	disesuaikan
menyesuaikan	kusesuaikan
menyesuaikan	kausesuaikan
menyesuaikan	sesuaikan
menyesuaikan	sesuaikanlah
menyetan	kusetan
menyetan	kausetan
menyetan	disetan
menyetan	tersetan
menyetan	setan
menyetan	setanlah
menyetarafkan	disetarafkan
menyetarafkan	kusetarafkan
menyetarafkan	kausetarafkan
menyetarafkan	setarafkan
menyetarafkan	setarafkanlah
menyetarakan	disetarakan
menyetarakan	kusetarakan
menyetarakan	kausetarakan
menyetarakan	setarakan
menyetarakan	setarakanlah
menyetel	kusetel
menyetel	kausetel
menyetel	disetel
menyetel	tersetel
menyetel	setel
menyetel	setellah
menyetel-nyetel	
menyetem	kusetem
menyetem	kausetem
menyetem	disetem
menyetem	tersetem
menyetem	setem
menyetem	setemlah
menyeterui	diseterui
menyeterui	kuseterui
menyeterui	kauseterui
menyeterui	seterui
menyeterui	seteruilah
menyetik	kusetik
menyetik	kausetik
menyetik	disetik
menyetik	tersetik
menyetik	setik
menyetik	setiklah
menyetimbangkan	disetimbangkan
menyetimbangkan	kusetimbangkan
menyetimbangkan	kausetimbangkan
menyetimbangkan	setimbangkan
menyetimbangkan	setimbangkanlah
menyetip	kusetip
menyetip	kausetip
menyetip	disetip
menyetip	tersetip
menyetip	setip
menyetip	setiplah
menyetir	kusetir
menyetir	kausetir
menyetir	disetir
menyetir	tersetir
menyetir	setir
menyetir	setirlah
menyetop	kusetop
menyetop	kausetop
menyetop	disetop
menyetop	tersetop
menyetop	setop
menyetop	setoplah
menyetor	kusetor
menyetor	kausetor
menyetor	disetor
menyetor	tersetor
menyetor	setor
menyetor	setorlah
menyetorkan	disetorkan
menyetorkan	kusetorkan
menyetorkan	kausetorkan
menyetorkan	setorkan
menyetorkan	setorkanlah
menyetrap	kusetrap
menyetrap	kausetrap
menyetrap	disetrap
menyetrap	tersetrap
menyetrap	setrap
menyetrap	setraplah
menyetrika	kusetrika
menyetrika	kausetrika
menyetrika	disetrika
menyetrika	tersetrika
menyetrika	setrika
menyetrika	setrikalah
menyetrip	kusetrip
menyetrip	kausetrip
menyetrip	disetrip
menyetrip	tersetrip
menyetrip	setrip
menyetrip	setriplah
menyetrum	kusetrum
menyetrum	kausetrum
menyetrum	disetrum
menyetrum	tersetrum
menyetrum	setrum
menyetrum	setrumlah
menyetubuhi	disetubuhi
menyetubuhi	kusetubuhi
menyetubuhi	kausetubuhi
menyetubuhi	setubuhi
menyetubuhi	setubuhilah
menyetui	disetui
menyetui	kusetui
menyetui	kausetui
menyetui	setui
menyetui	setuilah
menyetujui	disetujui
menyetujui	kusetujui
menyetujui	kausetujui
menyetujui	setujui
menyetujui	setujuilah
menyetujukan	disetujukan
menyetujukan	kusetujukan
menyetujukan	kausetujukan
menyetujukan	setujukan
menyetujukan	setujukanlah
menyetum	kusetum
menyetum	kausetum
menyetum	disetum
menyetum	tersetum
menyetum	setum
menyetum	setumlah
menyetup	kusetup
menyetup	kausetup
menyetup	disetup
menyetup	tersetup
menyetup	setup
menyetup	setuplah
menyewa	kusewa
menyewa	kausewa
menyewa	disewa
menyewa	tersewa
menyewa	sewa
menyewa	sewalah
menyewakan	disewakan
menyewakan	kusewakan
menyewakan	kausewakan
menyewakan	sewakan
menyewakan	sewakanlah
menyewat	kusewat
menyewat	kausewat
menyewat	disewat
menyewat	tersewat
menyewat	sewat
menyewat	sewatlah
menyia-nyiakan	
menyiah	kusiah
menyiah	kausiah
menyiah	disiah
menyiah	tersiah
menyiah	siah
menyiah	siahlah
menyialkan	disialkan
menyialkan	kusialkan
menyialkan	kausialkan
menyialkan	sialkan
menyialkan	sialkanlah
menyiang	kusiang
menyiang	kausiang
menyiang	disiang
menyiang	tersiang
menyiang	siang
menyiang	sianglah
menyiangi	disiangi
menyiangi	kusiangi
menyiangi	kausiangi
menyiangi	siangi
menyiangi	siangilah
menyiar	kusiar
menyiar	kausiar
menyiar	disiar
menyiar	tersiar
menyiar	siar
menyiar	siarlah
menyiarkan	disiarkan
menyiarkan	kusiarkan
menyiarkan	kausiarkan
menyiarkan	siarkan
menyiarkan	siarkanlah
menyiasat	kusiasat
menyiasat	kausiasat
menyiasat	disiasat
menyiasat	tersiasat
menyiasat	siasat
menyiasat	siasatlah
menyiasati	disiasati
menyiasati	kusiasati
menyiasati	kausiasati
menyiasati	siasati
menyiasati	siasatilah
menyiat	kusiat
menyiat	kausiat
menyiat	disiat
menyiat	tersiat
menyiat	siat
menyiat	siatlah
menyibak	kusibak
menyibak	kausibak
menyibak	disibak
menyibak	tersibak
menyibak	sibak
menyibak	sibaklah
menyibak-nyibak	
menyibuk	kusibuk
menyibuk	kausibuk
menyibuk	disibuk
menyibuk	tersibuk
menyibuk	sibuk
menyibuk	sibuklah
menyibur	kusibur
menyibur	kausibur
menyibur	disibur
menyibur	tersibur
menyibur	sibur
menyibur	siburlah
menyidai	disidai
menyidai	kusidai
menyidai	kausidai
menyidai	sidai
menyidai	sidailah
menyidaikan	disidaikan
menyidaikan	kusidaikan
menyidaikan	kausidaikan
menyidaikan	sidaikan
menyidaikan	sidaikanlah
menyidik	kusidik
menyidik	kausidik
menyidik	disidik
menyidik	tersidik
menyidik	sidik
menyidik	sidiklah
menyiduk	kusiduk
menyiduk	kausiduk
menyiduk	disiduk
menyiduk	tersiduk
menyiduk	siduk
menyiduk	siduklah
menyigai	kusigai
menyigai	kausigai
menyigai	disigai
menyigai	tersigai
menyigai	sigai
menyigai	sigailah
menyigar	kusigar
menyigar	kausigar
menyigar	disigar
menyigar	tersigar
menyigar	sigar
menyigar	sigarlah
menyigi	kusigi
menyigi	kausigi
menyigi	disigi
menyigi	tersigi
menyigi	sigi
menyigi	sigilah
menyigung	kusigung
menyigung	kausigung
menyigung	disigung
menyigung	tersigung
menyigung	sigung
menyigung	sigunglah
menyihir	kusihir
menyihir	kausihir
menyihir	disihir
menyihir	tersihir
menyihir	sihir
menyihir	sihirlah
menyihiri	disihiri
menyihiri	kusihiri
menyihiri	kausihiri
menyihiri	sihiri
menyihiri	sihirilah
menyihirkan	disihirkan
menyihirkan	kusihirkan
menyihirkan	kausihirkan
menyihirkan	sihirkan
menyihirkan	sihirkanlah
menyikapi	disikapi
menyikapi	kusikapi
menyikapi	kausikapi
menyikapi	sikapi
menyikapi	sikapilah
menyikat	kusikat
menyikat	kausikat
menyikat	disikat
menyikat	tersikat
menyikat	sikat
menyikat	sikatlah
menyiksa	kusiksa
menyiksa	kausiksa
menyiksa	disiksa
menyiksa	tersiksa
menyiksa	siksa
menyiksa	siksalah
menyiksai	disiksai
menyiksai	kusiksai
menyiksai	kausiksai
menyiksai	siksai
menyiksai	siksailah
menyiku	kusiku
menyiku	kausiku
menyiku	disiku
menyiku	tersiku
menyiku	siku
menyiku	sikulah
menyikut	kusikut
menyikut	kausikut
menyikut	disikut
menyikut	tersikut
menyikut	sikut
menyikut	sikutlah
menyilahkan	kusilahkan
menyilahkan	kausilahkan
menyilahkan	disilahkan
menyilahkan	tersilahkan
menyilahkan	silahkan
menyilahkan	silahkanlah
menyilakan	kusilakan
menyilakan	kausilakan
menyilakan	disilakan
menyilakan	tersilakan
menyilakan	silakan
menyilakan	silakanlah
menyilam	kusilam
menyilam	kausilam
menyilam	disilam
menyilam	tersilam
menyilam	silam
menyilam	silamlah
menyilamkan	disilamkan
menyilamkan	kusilamkan
menyilamkan	kausilamkan
menyilamkan	silamkan
menyilamkan	silamkanlah
menyilang	kusilang
menyilang	kausilang
menyilang	disilang
menyilang	tersilang
menyilang	silang
menyilang	silanglah
menyilangi	disilangi
menyilangi	kusilangi
menyilangi	kausilangi
menyilangi	silangi
menyilangi	silangilah
menyilap	kusilap
menyilap	kausilap
menyilap	disilap
menyilap	tersilap
menyilap	silap
menyilap	silaplah
menyilat	kusilat
menyilat	kausilat
menyilat	disilat
menyilat	tersilat
menyilat	silat
menyilat	silatlah
menyilaukan	disilaukan
menyilaukan	kusilaukan
menyilaukan	kausilaukan
menyilaukan	silaukan
menyilaukan	silaukanlah
menyilet	kusilet
menyilet	kausilet
menyilet	disilet
menyilet	tersilet
menyilet	silet
menyilet	siletlah
menyilih	kusilih
menyilih	kausilih
menyilih	disilih
menyilih	tersilih
menyilih	silih
menyilih	silihlah
menyilik	kusilik
menyilik	kausilik
menyilik	disilik
menyilik	tersilik
menyilik	silik
menyilik	siliklah
menyilukan	disilukan
menyilukan	kusilukan
menyilukan	kausilukan
menyilukan	silukan
menyilukan	silukanlah
menyimak	kusimak
menyimak	kausimak
menyimak	disimak
menyimak	tersimak
menyimak	simak
menyimak	simaklah
menyimbah	kusimbah
menyimbah	kausimbah
menyimbah	disimbah
menyimbah	tersimbah
menyimbah	simbah
menyimbah	simbahlah
menyimbang	kusimbang
menyimbang	kausimbang
menyimbang	disimbang
menyimbang	tersimbang
menyimbang	simbang
menyimbang	simbanglah
menyimbur	kusimbur
menyimbur	kausimbur
menyimbur	disimbur
menyimbur	tersimbur
menyimbur	simbur
menyimbur	simburlah
menyimburi	disimburi
menyimburi	kusimburi
menyimburi	kausimburi
menyimburi	simburi
menyimburi	simburilah
menyimpai	kusimpai
menyimpai	kausimpai
menyimpai	disimpai
menyimpai	tersimpai
menyimpai	simpai
menyimpai	simpailah
menyimpan	kusimpan
menyimpan	kausimpan
menyimpan	disimpan
menyimpan	tersimpan
menyimpan	simpan
menyimpan	simpanlah
menyimpang	kusimpang
menyimpang	kausimpang
menyimpang	disimpang
menyimpang	tersimpang
menyimpang	simpang
menyimpang	simpanglah
menyimpani	disimpani
menyimpani	kusimpani
menyimpani	kausimpani
menyimpani	simpani
menyimpani	simpanilah
menyimpirkan	disimpirkan
menyimpirkan	kusimpirkan
menyimpirkan	kausimpirkan
menyimpirkan	simpirkan
menyimpirkan	simpirkanlah
menyimpuk	kusimpuk
menyimpuk	kausimpuk
menyimpuk	disimpuk
menyimpuk	tersimpuk
menyimpuk	simpuk
menyimpuk	simpuklah
menyimpul	kusimpul
menyimpul	kausimpul
menyimpul	disimpul
menyimpul	tersimpul
menyimpul	simpul
menyimpul	simpullah
menyimpulkan	disimpulkan
menyimpulkan	kusimpulkan
menyimpulkan	kausimpulkan
menyimpulkan	simpulkan
menyimpulkan	simpulkanlah
menyimulasi	kusimulasi
menyimulasi	kausimulasi
menyimulasi	disimulasi
menyimulasi	tersimulasi
menyimulasi	simulasi
menyimulasi	simulasilah
menyimulasikan	disimulasikan
menyimulasikan	kusimulasikan
menyimulasikan	kausimulasikan
menyimulasikan	simulasikan
menyimulasikan	simulasikanlah
menyinar	kusinar
menyinar	kausinar
menyinar	disinar
menyinar	tersinar
menyinar	sinar
menyinar	sinarlah
menyinari	disinari
menyinari	kusinari
menyinari	kausinari
menyinari	sinari
menyinari	sinarilah
menyinden	kusinden
menyinden	kausinden
menyinden	disinden
menyinden	tersinden
menyinden	sinden
menyinden	sindenlah
menyindir	kusindir
menyindir	kausindir
menyindir	disindir
menyindir	tersindir
menyindir	sindir
menyindir	sindirlah
menyindirkan	disindirkan
menyindirkan	kusindirkan
menyindirkan	kausindirkan
menyindirkan	sindirkan
menyindirkan	sindirkanlah
menyinggahi	disinggahi
menyinggahi	kusinggahi
menyinggahi	kausinggahi
menyinggahi	singgahi
menyinggahi	singgahilah
menyinggang	kusinggang
menyinggang	kausinggang
menyinggang	disinggang
menyinggang	tersinggang
menyinggang	singgang
menyinggang	singganglah
menyinggir	kusinggir
menyinggir	kausinggir
menyinggir	disinggir
menyinggir	tersinggir
menyinggir	singgir
menyinggir	singgirlah
menyinggit	kusinggit
menyinggit	kausinggit
menyinggit	disinggit
menyinggit	tersinggit
menyinggit	singgit
menyinggit	singgitlah
menyinggul	kusinggul
menyinggul	kausinggul
menyinggul	disinggul
menyinggul	tersinggul
menyinggul	singgul
menyinggul	singgullah
menyinggung	kusinggung
menyinggung	kausinggung
menyinggung	disinggung
menyinggung	tersinggung
menyinggung	singgung
menyinggung	singgunglah
menyingkap	kusingkap
menyingkap	kausingkap
menyingkap	disingkap
menyingkap	tersingkap
menyingkap	singkap
menyingkap	singkaplah
menyingkapkan	disingkapkan
menyingkapkan	kusingkapkan
menyingkapkan	kausingkapkan
menyingkapkan	singkapkan
menyingkapkan	singkapkanlah
menyingkat	kusingkat
menyingkat	kausingkat
menyingkat	disingkat
menyingkat	tersingkat
menyingkat	singkat
menyingkat	singkatlah
menyingkatkan	disingkatkan
menyingkatkan	kusingkatkan
menyingkatkan	kausingkatkan
menyingkatkan	singkatkan
menyingkatkan	singkatkanlah
menyingkir	
menyingkiri	disingkiri
menyingkiri	kusingkiri
menyingkiri	kausingkiri
menyingkiri	singkiri
menyingkiri	singkirilah
menyingkirkan	disingkirkan
menyingkirkan	kusingkirkan
menyingkirkan	kausingkirkan
menyingkirkan	singkirkan
menyingkirkan	singkirkanlah
menyingkur	kusingkur
menyingkur	kausingkur
menyingkur	disingkur
menyingkur	tersingkur
menyingkur	singkur
menyingkur	singkurlah
menyingsatkan	disingsatkan
menyingsatkan	kusingsatkan
menyingsatkan	kausingsatkan
menyingsatkan	singsatkan
menyingsatkan	singsatkanlah
menyingsetkan	disingsetkan
menyingsetkan	kusingsetkan
menyingsetkan	kausingsetkan
menyingsetkan	singsetkan
menyingsetkan	singsetkanlah
menyingsing	kusingsing
menyingsing	kausingsing
menyingsing	disingsing
menyingsing	tersingsing
menyingsing	singsing
menyingsing	singsinglah
menyingsingkan	disingsingkan
menyingsingkan	kusingsingkan
menyingsingkan	kausingsingkan
menyingsingkan	singsingkan
menyingsingkan	singsingkanlah
menyinkronkan	disinkronkan
menyinkronkan	kusinkronkan
menyinkronkan	kausinkronkan
menyinkronkan	sinkronkan
menyinkronkan	sinkronkanlah
menyinter	kusinter
menyinter	kausinter
menyinter	disinter
menyinter	tersinter
menyinter	sinter
menyinter	sinterlah
menyintesis	kusintesis
menyintesis	kausintesis
menyintesis	disintesis
menyintesis	tersintesis
menyintesis	sintesis
menyintesis	sintesislah
menyintuk	kusintuk
menyintuk	kausintuk
menyintuk	disintuk
menyintuk	tersintuk
menyintuk	sintuk
menyintuk	sintuklah
menyintung	kusintung
menyintung	kausintung
menyintung	disintung
menyintung	tersintung
menyintung	sintung
menyintung	sintunglah
menyinyalir	kusinyalir
menyinyalir	kausinyalir
menyinyalir	disinyalir
menyinyalir	tersinyalir
menyinyalir	sinyalir
menyinyalir	sinyalirlah
menyipat	kusipat
menyipat	kausipat
menyipat	disipat
menyipat	tersipat
menyipat	sipat
menyipat	sipatlah
menyipati	disipati
menyipati	kusipati
menyipati	kausipati
menyipati	sipati
menyipati	sipatilah
menyipatkan	disipatkan
menyipatkan	kusipatkan
menyipatkan	kausipatkan
menyipatkan	sipatkan
menyipatkan	sipatkanlah
menyipi	kusipi
menyipi	kausipi
menyipi	disipi
menyipi	tersipi
menyipi	sipi
menyipi	sipilah
menyipitkan	disipitkan
menyipitkan	kusipitkan
menyipitkan	kausipitkan
menyipitkan	sipitkan
menyipitkan	sipitkanlah
menyiram	kusiram
menyiram	kausiram
menyiram	disiram
menyiram	tersiram
menyiram	siram
menyiram	siramlah
menyirami	disirami
menyirami	kusirami
menyirami	kausirami
menyirami	sirami
menyirami	siramilah
menyirat	kusirat
menyirat	kausirat
menyirat	disirat
menyirat	tersirat
menyirat	sirat
menyirat	siratlah
menyiratkan	disiratkan
menyiratkan	kusiratkan
menyiratkan	kausiratkan
menyiratkan	siratkan
menyiratkan	siratkanlah
menyirep	kusirep
menyirep	kausirep
menyirep	disirep
menyirep	tersirep
menyirep	sirep
menyirep	sireplah
menyirepi	disirepi
menyirepi	kusirepi
menyirepi	kausirepi
menyirepi	sirepi
menyirepi	sirepilah
menyirih	kusirih
menyirih	kausirih
menyirih	disirih
menyirih	tersirih
menyirih	sirih
menyirih	sirihlah
menyirihi	disirihi
menyirihi	kusirihi
menyirihi	kausirihi
menyirihi	sirihi
menyirihi	sirihilah
menyirihkan	disirihkan
menyirihkan	kusirihkan
menyirihkan	kausirihkan
menyirihkan	sirihkan
menyirihkan	sirihkanlah
menyirik	kusirik
menyirik	kausirik
menyirik	disirik
menyirik	tersirik
menyirik	sirik
menyirik	siriklah
menyirip	kusirip
menyirip	kausirip
menyirip	disirip
menyirip	tersirip
menyirip	sirip
menyirip	siriplah
menyirnakan	disirnakan
menyirnakan	kusirnakan
menyirnakan	kausirnakan
menyirnakan	sirnakan
menyirnakan	sirnakanlah
menyisai	disisai
menyisai	kusisai
menyisai	kausisai
menyisai	sisai
menyisai	sisailah
menyisi	kusisi
menyisi	kausisi
menyisi	disisi
menyisi	tersisi
menyisi	sisi
menyisi	sisilah
menyisih	kusisih
menyisih	kausisih
menyisih	disisih
menyisih	tersisih
menyisih	sisih
menyisih	sisihlah
menyisihkan	disisihkan
menyisihkan	kusisihkan
menyisihkan	kausisihkan
menyisihkan	sisihkan
menyisihkan	sisihkanlah
menyisik	kusisik
menyisik	kausisik
menyisik	disisik
menyisik	tersisik
menyisik	sisik
menyisik	sisiklah
menyisiki	disisiki
menyisiki	kusisiki
menyisiki	kausisiki
menyisiki	sisiki
menyisiki	sisikilah
menyisip	kusisip
menyisip	kausisip
menyisip	disisip
menyisip	tersisip
menyisip	sisip
menyisip	sisiplah
menyisipkan	disisipkan
menyisipkan	kusisipkan
menyisipkan	kausisipkan
menyisipkan	sisipkan
menyisipkan	sisipkanlah
menyisir	kusisir
menyisir	kausisir
menyisir	disisir
menyisir	tersisir
menyisir	sisir
menyisir	sisirlah
menyita	kusita
menyita	kausita
menyita	disita
menyita	tersita
menyita	sita
menyita	sitalah
menyitat	kusitat
menyitat	kausitat
menyitat	disitat
menyitat	tersitat
menyitat	sitat
menyitat	sitatlah
menyitir	kusitir
menyitir	kausitir
menyitir	disitir
menyitir	tersitir
menyitir	sitir
menyitir	sitirlah
menyiuk	kusiuk
menyiuk	kausiuk
menyiuk	disiuk
menyiuk	tersiuk
menyiuk	siuk
menyiuk	siuklah
menyoal	kusoal
menyoal	kausoal
menyoal	disoal
menyoal	tersoal
menyoal	soal
menyoal	soallah
menyobat	kusobat
menyobat	kausobat
menyobat	disobat
menyobat	tersobat
menyobat	sobat
menyobat	sobatlah
menyobati	disobati
menyobati	kusobati
menyobati	kausobati
menyobati	sobati
menyobati	sobatilah
menyobek	kusobek
menyobek	kausobek
menyobek	disobek
menyobek	tersobek
menyobek	sobek
menyobek	sobeklah
menyobek-nyobek	
menyobeki	disobeki
menyobeki	kusobeki
menyobeki	kausobeki
menyobeki	sobeki
menyobeki	sobekilah
menyodok	kusodok
menyodok	kausodok
menyodok	disodok
menyodok	tersodok
menyodok	sodok
menyodok	sodoklah
menyodomi	kusodomi
menyodomi	kausodomi
menyodomi	disodomi
menyodomi	tersodomi
menyodomi	sodomi
menyodomi	sodomilah
menyodorkan	disodorkan
menyodorkan	kusodorkan
menyodorkan	kausodorkan
menyodorkan	sodorkan
menyodorkan	sodorkanlah
menyoga	kusoga
menyoga	kausoga
menyoga	disoga
menyoga	tersoga
menyoga	soga
menyoga	sogalah
menyogok	kusogok
menyogok	kausogok
menyogok	disogok
menyogok	tersogok
menyogok	sogok
menyogok	sogoklah
menyoja	kusoja
menyoja	kausoja
menyoja	disoja
menyoja	tersoja
menyoja	soja
menyoja	sojalah
menyokom	kusokom
menyokom	kausokom
menyokom	disokom
menyokom	tersokom
menyokom	sokom
menyokom	sokomlah
menyokong	kusokong
menyokong	kausokong
menyokong	disokong
menyokong	tersokong
menyokong	sokong
menyokong	sokonglah
menyokongkan	disokongkan
menyokongkan	kusokongkan
menyokongkan	kausokongkan
menyokongkan	sokongkan
menyokongkan	sokongkanlah
menyolang	kusolang
menyolang	kausolang
menyolang	disolang
menyolang	tersolang
menyolang	solang
menyolang	solanglah
menyolder	kusolder
menyolder	kausolder
menyolder	disolder
menyolder	tersolder
menyolder	solder
menyolder	solderlah
menyolidkan	disolidkan
menyolidkan	kusolidkan
menyolidkan	kausolidkan
menyolidkan	solidkan
menyolidkan	solidkanlah
menyombol	kusombol
menyombol	kausombol
menyombol	disombol
menyombol	tersombol
menyombol	sombol
menyombol	sombollah
menyombong	kusombong
menyombong	kausombong
menyombong	disombong
menyombong	tersombong
menyombong	sombong
menyombong	sombonglah
menyombongi	disombongi
menyombongi	kusombongi
menyombongi	kausombongi
menyombongi	sombongi
menyombongi	sombongilah
menyompoh	kusompoh
menyompoh	kausompoh
menyompoh	disompoh
menyompoh	tersompoh
menyompoh	sompoh
menyompoh	sompohlah
menyondang	kusondang
menyondang	kausondang
menyondang	disondang
menyondang	tersondang
menyondang	sondang
menyondang	sondanglah
menyondong	kusondong
menyondong	kausondong
menyondong	disondong
menyondong	tersondong
menyondong	sondong
menyondong	sondonglah
menyongket	kusongket
menyongket	kausongket
menyongket	disongket
menyongket	tersongket
menyongket	songket
menyongket	songketlah
menyongsong	kusongsong
menyongsong	kausongsong
menyongsong	disongsong
menyongsong	tersongsong
menyongsong	songsong
menyongsong	songsonglah
menyontek	kusontek
menyontek	kausontek
menyontek	disontek
menyontek	tersontek
menyontek	sontek
menyontek	sonteklah
menyonyong	kunyonyong
menyonyong	kaunyonyong
menyonyong	dinyonyong
menyonyong	ternyonyong
menyonyong	nyonyong
menyonyong	nyonyonglah
menyopani	disopani
menyopani	kusopani
menyopani	kausopani
menyopani	sopani
menyopani	sopanilah
menyopankan	disopankan
menyopankan	kusopankan
menyopankan	kausopankan
menyopankan	sopankan
menyopankan	sopankanlah
menyopir	kusopir
menyopir	kausopir
menyopir	disopir
menyopir	tersopir
menyopir	sopir
menyopir	sopirlah
menyopiri	disopiri
menyopiri	kusopiri
menyopiri	kausopiri
menyopiri	sopiri
menyopiri	sopirilah
menyoraki	disoraki
menyoraki	kusoraki
menyoraki	kausoraki
menyoraki	soraki
menyoraki	sorakilah
menyorong	kusorong
menyorong	kausorong
menyorong	disorong
menyorong	tersorong
menyorong	sorong
menyorong	soronglah
menyorong-nyorongkan	
menyorongkan	disorongkan
menyorongkan	kusorongkan
menyorongkan	kausorongkan
menyorongkan	sorongkan
menyorongkan	sorongkanlah
menyorot	kusorot
menyorot	kausorot
menyorot	disorot
menyorot	tersorot
menyorot	sorot
menyorot	sorotlah
menyoroti	disoroti
menyoroti	kusoroti
menyoroti	kausoroti
menyoroti	soroti
menyoroti	sorotilah
menyortir	kusortir
menyortir	kausortir
menyortir	disortir
menyortir	tersortir
menyortir	sortir
menyortir	sortirlah
menyosoh	kusosoh
menyosoh	kausosoh
menyosoh	disosoh
menyosoh	tersosoh
menyosoh	sosoh
menyosoh	sosohlah
menyosok	kusosok
menyosok	kausosok
menyosok	disosok
menyosok	tersosok
menyosok	sosok
menyosok	sosoklah
menyosor	kusosor
menyosor	kausosor
menyosor	disosor
menyosor	tersosor
menyosor	sosor
menyosor	sosorlah
menyoyak	kusoyak
menyoyak	kausoyak
menyoyak	disoyak
menyoyak	tersoyak
menyoyak	soyak
menyoyak	soyaklah
menyua	kusua
menyua	kausua
menyua	disua
menyua	tersua
menyua	sua
menyua	sualah
menyuakakan	disuakakan
menyuakakan	kusuakakan
menyuakakan	kausuakakan
menyuakakan	suakakan
menyuakakan	suakakanlah
menyuap	kusuap
menyuap	kausuap
menyuap	disuap
menyuap	tersuap
menyuap	suap
menyuap	suaplah
menyuapi	disuapi
menyuapi	kusuapi
menyuapi	kausuapi
menyuapi	suapi
menyuapi	suapilah
menyuar	kusuar
menyuar	kausuar
menyuar	disuar
menyuar	tersuar
menyuar	suar
menyuar	suarlah
menyuarakan	
menyuarangkan	disuarangkan
menyuarangkan	kusuarangkan
menyuarangkan	kausuarangkan
menyuarangkan	suarangkan
menyuarangkan	suarangkanlah
menyuasanai	disuasanai
menyuasanai	kusuasanai
menyuasanai	kausuasanai
menyuasanai	suasanai
menyuasanai	suasanailah
menyubal	kusubal
menyubal	kausubal
menyubal	disubal
menyubal	tersubal
menyubal	subal
menyubal	suballah
menyubang	kusubang
menyubang	kausubang
menyubang	disubang
menyubang	tersubang
menyubang	subang
menyubang	subanglah
menyublim	
menyubordinasikan	disubordinasikan
menyubordinasikan	kusubordinasikan
menyubordinasikan	kausubordinasikan
menyubordinasikan	subordinasikan
menyubordinasikan	subordinasikanlah
menyubsider	kusubsider
menyubsider	kausubsider
menyubsider	disubsider
menyubsider	tersubsider
menyubsider	subsider
menyubsider	subsiderlah
menyuburkan	disuburkan
menyuburkan	kusuburkan
menyuburkan	kausuburkan
menyuburkan	suburkan
menyuburkan	suburkanlah
menyubversikan	disubversikan
menyubversikan	kusubversikan
menyubversikan	kausubversikan
menyubversikan	subversikan
menyubversikan	subversikanlah
menyudahi	disudahi
menyudahi	kusudahi
menyudahi	kausudahi
menyudahi	sudahi
menyudahi	sudahilah
menyudet	kusudet
menyudet	kausudet
menyudet	disudet
menyudet	tersudet
menyudet	sudet
menyudet	sudetlah
menyudi	kusudi
menyudi	kausudi
menyudi	disudi
menyudi	tersudi
menyudi	sudi
menyudi	sudilah
menyudikan	disudikan
menyudikan	kusudikan
menyudikan	kausudikan
menyudikan	sudikan
menyudikan	sudikanlah
menyudip	kusudip
menyudip	kausudip
menyudip	disudip
menyudip	tersudip
menyudip	sudip
menyudip	sudiplah
menyudu	kusudu
menyudu	kausudu
menyudu	disudu
menyudu	tersudu
menyudu	sudu
menyudu	sudulah
menyudut	kusudut
menyudut	kausudut
menyudut	disudut
menyudut	tersudut
menyudut	sudut
menyudut	sudutlah
menyudutkan	disudutkan
menyudutkan	kusudutkan
menyudutkan	kausudutkan
menyudutkan	sudutkan
menyudutkan	sudutkanlah
menyugar	kusugar
menyugar	kausugar
menyugar	disugar
menyugar	tersugar
menyugar	sugar
menyugar	sugarlah
menyugi	kusugi
menyugi	kausugi
menyugi	disugi
menyugi	tersugi
menyugi	sugi
menyugi	sugilah
menyuguhi	disuguhi
menyuguhi	kusuguhi
menyuguhi	kausuguhi
menyuguhi	suguhi
menyuguhi	suguhilah
menyuguhkan	disuguhkan
menyuguhkan	kusuguhkan
menyuguhkan	kausuguhkan
menyuguhkan	suguhkan
menyuguhkan	suguhkanlah
menyugun	kusugun
menyugun	kausugun
menyugun	disugun
menyugun	tersugun
menyugun	sugun
menyugun	sugunlah
menyugunkan	disugunkan
menyugunkan	kusugunkan
menyugunkan	kausugunkan
menyugunkan	sugunkan
menyugunkan	sugunkanlah
menyuji	kusuji
menyuji	kausuji
menyuji	disuji
menyuji	tersuji
menyuji	suji
menyuji	sujilah
menyukai	disukai
menyukai	kusukai
menyukai	kausukai
menyukai	sukai
menyukai	sukailah
menyukakan	disukakan
menyukakan	kusukakan
menyukakan	kausukakan
menyukakan	sukakan
menyukakan	sukakanlah
menyukarkan	disukarkan
menyukarkan	kusukarkan
menyukarkan	kausukarkan
menyukarkan	sukarkan
menyukarkan	sukarkanlah
menyukat	kusukat
menyukat	kausukat
menyukat	disukat
menyukat	tersukat
menyukat	sukat
menyukat	sukatlah
menyukseskan	disukseskan
menyukseskan	kusukseskan
menyukseskan	kausukseskan
menyukseskan	sukseskan
menyukseskan	sukseskanlah
menyula	kusula
menyula	kausula
menyula	disula
menyula	tersula
menyula	sula
menyula	sulalah
menyulam	kusulam
menyulam	kausulam
menyulam	disulam
menyulam	tersulam
menyulam	sulam
menyulam	sulamlah
menyulang	kusulang
menyulang	kausulang
menyulang	disulang
menyulang	tersulang
menyulang	sulang
menyulang	sulanglah
menyulangi	disulangi
menyulangi	kusulangi
menyulangi	kausulangi
menyulangi	sulangi
menyulangi	sulangilah
menyulap	kusulap
menyulap	kausulap
menyulap	disulap
menyulap	tersulap
menyulap	sulap
menyulap	sulaplah
menyulih	kusulih
menyulih	kausulih
menyulih	disulih
menyulih	tersulih
menyulih	sulih
menyulih	sulihlah
menyulihi	disulihi
menyulihi	kusulihi
menyulihi	kausulihi
menyulihi	sulihi
menyulihi	sulihilah
menyuling	kusuling
menyuling	kausuling
menyuling	disuling
menyuling	tersuling
menyuling	suling
menyuling	sulinglah
menyulitkan	disulitkan
menyulitkan	kusulitkan
menyulitkan	kausulitkan
menyulitkan	sulitkan
menyulitkan	sulitkanlah
menyuluh	kusuluh
menyuluh	kausuluh
menyuluh	disuluh
menyuluh	tersuluh
menyuluh	suluh
menyuluh	suluhlah
menyuluhi	disuluhi
menyuluhi	kusuluhi
menyuluhi	kausuluhi
menyuluhi	suluhi
menyuluhi	suluhilah
menyulur	kusulur
menyulur	kausulur
menyulur	disulur
menyulur	tersulur
menyulur	sulur
menyulur	sulurlah
menyulut	kusulut
menyulut	kausulut
menyulut	disulut
menyulut	tersulut
menyulut	sulut
menyulut	sulutlah
menyumba	kusumba
menyumba	kausumba
menyumba	disumba
menyumba	tersumba
menyumba	sumba
menyumba	sumbalah
menyumbangkan	disumbangkan
menyumbangkan	kusumbangkan
menyumbangkan	kausumbangkan
menyumbangkan	sumbangkan
menyumbangkan	sumbangkanlah
menyumbat	kusumbat
menyumbat	kausumbat
menyumbat	disumbat
menyumbat	tersumbat
menyumbat	sumbat
menyumbat	sumbatlah
menyumbui	disumbui
menyumbui	kusumbui
menyumbui	kausumbui
menyumbui	sumbui
menyumbui	sumbuilah
menyumbur	kusumbur
menyumbur	kausumbur
menyumbur	disumbur
menyumbur	tersumbur
menyumbur	sumbur
menyumbur	sumburlah
menyumirkan	disumirkan
menyumirkan	kusumirkan
menyumirkan	kausumirkan
menyumirkan	sumirkan
menyumirkan	sumirkanlah
menyumpah	kusumpah
menyumpah	kausumpah
menyumpah	disumpah
menyumpah	tersumpah
menyumpah	sumpah
menyumpah	sumpahlah
menyumpahi	disumpahi
menyumpahi	kusumpahi
menyumpahi	kausumpahi
menyumpahi	sumpahi
menyumpahi	sumpahilah
menyumpal	kusumpal
menyumpal	kausumpal
menyumpal	disumpal
menyumpal	tersumpal
menyumpal	sumpal
menyumpal	sumpallah
menyumpalkan	disumpalkan
menyumpalkan	kusumpalkan
menyumpalkan	kausumpalkan
menyumpalkan	sumpalkan
menyumpalkan	sumpalkanlah
menyumpit	kusumpit
menyumpit	kausumpit
menyumpit	disumpit
menyumpit	tersumpit
menyumpit	sumpit
menyumpit	sumpitlah
menyumsum	kusumsum
menyumsum	kausumsum
menyumsum	disumsum
menyumsum	tersumsum
menyumsum	sumsum
menyumsum	sumsumlah
menyunahkan	disunahkan
menyunahkan	kusunahkan
menyunahkan	kausunahkan
menyunahkan	sunahkan
menyunahkan	sunahkanlah
menyunam	kusunam
menyunam	kausunam
menyunam	disunam
menyunam	tersunam
menyunam	sunam
menyunam	sunamlah
menyunamkan	disunamkan
menyunamkan	kusunamkan
menyunamkan	kausunamkan
menyunamkan	sunamkan
menyunamkan	sunamkanlah
menyunat	kusunat
menyunat	kausunat
menyunat	disunat
menyunat	tersunat
menyunat	sunat
menyunat	sunatlah
menyunati	disunati
menyunati	kusunati
menyunati	kausunati
menyunati	sunati
menyunati	sunatilah
menyundak	kusundak
menyundak	kausundak
menyundak	disundak
menyundak	tersundak
menyundak	sundak
menyundak	sundaklah
menyundal	kusundal
menyundal	kausundal
menyundal	disundal
menyundal	tersundal
menyundal	sundal
menyundal	sundallah
menyunduk	kusunduk
menyunduk	kausunduk
menyunduk	disunduk
menyunduk	tersunduk
menyunduk	sunduk
menyunduk	sunduklah
menyunduki	disunduki
menyunduki	kusunduki
menyunduki	kausunduki
menyunduki	sunduki
menyunduki	sundukilah
menyundul	kusundul
menyundul	kausundul
menyundul	disundul
menyundul	tersundul
menyundul	sundul
menyundul	sundullah
menyundut	kusundut
menyundut	kausundut
menyundut	disundut
menyundut	tersundut
menyundut	sundut
menyundut	sundutlah
menyungga	kusungga
menyungga	kausungga
menyungga	disungga
menyungga	tersungga
menyungga	sungga
menyungga	sunggalah
menyunggi	kusunggi
menyunggi	kausunggi
menyunggi	disunggi
menyunggi	tersunggi
menyunggi	sunggi
menyunggi	sunggilah
menyungging	kusungging
menyungging	kausungging
menyungging	disungging
menyungging	tersungging
menyungging	sungging
menyungging	sungginglah
menyunggingkan	disunggingkan
menyunggingkan	kusunggingkan
menyunggingkan	kausunggingkan
menyunggingkan	sunggingkan
menyunggingkan	sunggingkanlah
menyunggit	kusunggit
menyunggit	kausunggit
menyunggit	disunggit
menyunggit	tersunggit
menyunggit	sunggit
menyunggit	sunggitlah
menyungguh-nyungguhi	disungguh-sungguhi
menyungguh-nyungguhi	kusungguh-sungguhi
menyungguh-nyungguhi	kausungguh-sungguhi
menyungguh-nyungguhi	sungguh-sungguhi
menyungguh-nyungguhi	sungguh-sungguhilah
menyungguhi	disungguhi
menyungguhi	kusungguhi
menyungguhi	kausungguhi
menyungguhi	sungguhi
menyungguhi	sungguhilah
menyungguhkan	disungguhkan
menyungguhkan	kusungguhkan
menyungguhkan	kausungguhkan
menyungguhkan	sungguhkan
menyungguhkan	sungguhkanlah
menyungkah	kusungkah
menyungkah	kausungkah
menyungkah	disungkah
menyungkah	tersungkah
menyungkah	sungkah
menyungkah	sungkahlah
menyungkahkan	disungkahkan
menyungkahkan	kusungkahkan
menyungkahkan	kausungkahkan
menyungkahkan	sungkahkan
menyungkahkan	sungkahkanlah
menyungkem	kusungkem
menyungkem	kausungkem
menyungkem	disungkem
menyungkem	tersungkem
menyungkem	sungkem
menyungkem	sungkemlah
menyungkit	kusungkit
menyungkit	kausungkit
menyungkit	disungkit
menyungkit	tersungkit
menyungkit	sungkit
menyungkit	sungkitlah
menyungkup	kusungkup
menyungkup	kausungkup
menyungkup	disungkup
menyungkup	tersungkup
menyungkup	sungkup
menyungkup	sungkuplah
menyungkupi	disungkupi
menyungkupi	kusungkupi
menyungkupi	kausungkupi
menyungkupi	sungkupi
menyungkupi	sungkupilah
menyungkur	kusungkur
menyungkur	kausungkur
menyungkur	disungkur
menyungkur	tersungkur
menyungkur	sungkur
menyungkur	sungkurlah
menyungsang	kusungsang
menyungsang	kausungsang
menyungsang	disungsang
menyungsang	tersungsang
menyungsang	sungsang
menyungsang	sungsanglah
menyungsangkan	disungsangkan
menyungsangkan	kusungsangkan
menyungsangkan	kausungsangkan
menyungsangkan	sungsangkan
menyungsangkan	sungsangkanlah
menyuntih	kusuntih
menyuntih	kausuntih
menyuntih	disuntih
menyuntih	tersuntih
menyuntih	suntih
menyuntih	suntihlah
menyuntik	kusuntik
menyuntik	kausuntik
menyuntik	disuntik
menyuntik	tersuntik
menyuntik	suntik
menyuntik	suntiklah
menyuntikkan	disuntikkan
menyuntikkan	kusuntikkan
menyuntikkan	kausuntikkan
menyuntikkan	suntikkan
menyuntikkan	suntikkanlah
menyunting	kusunting
menyunting	kausunting
menyunting	disunting
menyunting	tersunting
menyunting	sunting
menyunting	suntinglah
menyunu	kusunu
menyunu	kausunu
menyunu	disunu
menyunu	tersunu
menyunu	sunu
menyunu	sunulah
menyunyut	kunyunyut
menyunyut	kaunyunyut
menyunyut	dinyunyut
menyunyut	ternyunyut
menyunyut	nyunyut
menyunyut	nyunyutlah
menyuplai	kusuplai
menyuplai	kausuplai
menyuplai	disuplai
menyuplai	tersuplai
menyuplai	suplai
menyuplai	suplailah
menyurai	disurai
menyurai	kusurai
menyurai	kausurai
menyurai	surai
menyurai	surailah
menyuram	kusuram
menyuram	kausuram
menyuram	disuram
menyuram	tersuram
menyuram	suram
menyuram	suramlah
menyuramkan	disuramkan
menyuramkan	kusuramkan
menyuramkan	kausuramkan
menyuramkan	suramkan
menyuramkan	suramkanlah
menyurat	kusurat
menyurat	kausurat
menyurat	disurat
menyurat	tersurat
menyurat	surat
menyurat	suratlah
menyurati	disurati
menyurati	kusurati
menyurati	kausurati
menyurati	surati
menyurati	suratilah
menyurih	kusurih
menyurih	kausurih
menyurih	disurih
menyurih	tersurih
menyurih	surih
menyurih	surihlah
menyuruh	kusuruh
menyuruh	kausuruh
menyuruh	disuruh
menyuruh	tersuruh
menyuruh	suruh
menyuruh	suruhlah
menyuruhkan	disuruhkan
menyuruhkan	kusuruhkan
menyuruhkan	kausuruhkan
menyuruhkan	suruhkan
menyuruhkan	suruhkanlah
menyuruhkanlah	disuruhkan
menyuruhkanlah	kusuruhkan
menyuruhkanlah	kausuruhkan
menyuruhkanlah	suruhkan
menyuruhkanlah	suruhkanlah
menyuruhlah	kusuruh
menyuruhlah	kausuruh
menyuruhlah	disuruh
menyuruhlah	tersuruh
menyuruhlah	suruh
menyuruhlah	suruhlah
menyuruk	kusuruk
menyuruk	kausuruk
menyuruk	disuruk
menyuruk	tersuruk
menyuruk	suruk
menyuruk	suruklah
menyuruk-nyuruk	
menyuruki	disuruki
menyuruki	kusuruki
menyuruki	kausuruki
menyuruki	suruki
menyuruki	surukilah
menyurukkan	disurukkan
menyurukkan	kusurukkan
menyurukkan	kausurukkan
menyurukkan	surukkan
menyurukkan	surukkanlah
menyuruti	disuruti
menyuruti	kusuruti
menyuruti	kausuruti
menyuruti	suruti
menyuruti	surutilah
menyurutkan	disurutkan
menyurutkan	kusurutkan
menyurutkan	kausurutkan
menyurutkan	surutkan
menyurutkan	surutkanlah
menyurvei	kusurvei
menyurvei	kausurvei
menyurvei	disurvei
menyurvei	tersurvei
menyurvei	survei
menyurvei	surveilah
menyusahi	disusahi
menyusahi	kususahi
menyusahi	kaususahi
menyusahi	susahi
menyusahi	susahilah
menyusu	kususu
menyusu	kaususu
menyusu	disusu
menyusu	tersusu
menyusu	susu
menyusu	susulah
menyusui	disusui
menyusui	kususui
menyusui	kaususui
menyusui	susui
menyusui	susuilah
menyusuk	kususuk
menyusuk	kaususuk
menyusuk	disusuk
menyusuk	tersusuk
menyusuk	susuk
menyusuk	susuklah
menyusul	kususul
menyusul	kaususul
menyusul	disusul
menyusul	tersusul
menyusul	susul
menyusul	susullah
menyusuli	disusuli
menyusuli	kususuli
menyusuli	kaususuli
menyusuli	susuli
menyusuli	susulilah
menyusulkan	disusulkan
menyusulkan	kususulkan
menyusulkan	kaususulkan
menyusulkan	susulkan
menyusulkan	susulkanlah
menyusun	kususun
menyusun	kaususun
menyusun	disusun
menyusun	tersusun
menyusun	susun
menyusun	susunlah
menyusup	
menyusupkan	disusupkan
menyusupkan	kususupkan
menyusupkan	kaususupkan
menyusupkan	susupkan
menyusupkan	susupkanlah
menyusur	kususur
menyusur	kaususur
menyusur	disusur
menyusur	tersusur
menyusur	susur
menyusur	susurlah
menyusuri	disusuri
menyusuri	kususuri
menyusuri	kaususuri
menyusuri	susuri
menyusuri	susurilah
menyusut	kususut
menyusut	kaususut
menyusut	disusut
menyusut	tersusut
menyusut	susut
menyusut	susutlah
menyusuti	disusuti
menyusuti	kususuti
menyusuti	kaususuti
menyusuti	susuti
menyusuti	susutilah
menyusutkan	disusutkan
menyusutkan	kususutkan
menyusutkan	kaususutkan
menyusutkan	susutkan
menyusutkan	susutkanlah
menyutradarai	disutradarai
menyutradarai	kusutradarai
menyutradarai	kausutradarai
menyutradarai	sutradarai
menyutradarai	sutradarailah
menyuwir	kusuwir
menyuwir	kausuwir
menyuwir	disuwir
menyuwir	tersuwir
menyuwir	suwir
menyuwir	suwirlah
menzalimi	dizalimi
menzalimi	kuzalimi
menzalimi	kauzalimi
menzalimi	zalimi
menzalimi	zalimilah
menzalimkan	dizalimkan
menzalimkan	kuzalimkan
menzalimkan	kauzalimkan
menzalimkan	zalimkan
menzalimkan	zalimkanlah
menzarah	kuzarah
menzarah	kauzarah
menzarah	dizarah
menzarah	terzarah
menzarah	zarah
menzarah	zarahlah
menziarahi	diziarahi
menziarahi	kuziarahi
menziarahi	kauziarahi
menziarahi	ziarahi
menziarahi	ziarahilah
menzinai	dizinai
menzinai	kuzinai
menzinai	kauzinai
menzinai	zinai
menzinai	zinailah
meraba	kuraba
meraba	kauraba
meraba	diraba
meraba	teraba
meraba	raba
meraba	rabalah
meraba-raba	
merabai	dirabai
merabai	kurabai
merabai	kaurabai
merabai	rabai
merabai	rabailah
merabak	kurabak
merabak	kaurabak
merabak	dirabak
merabak	terabak
merabak	rabak
merabak	rabaklah
meraban	kuraban
meraban	kauraban
meraban	diraban
meraban	teraban
meraban	raban
meraban	rabanlah
merabas	kurabas
merabas	kaurabas
merabas	dirabas
merabas	terabas
merabas	rabas
merabas	rabaslah
merabat	kurabat
merabat	kaurabat
merabat	dirabat
merabat	terabat
merabat	rabat
merabat	rabatlah
merabet	kurabet
merabet	kaurabet
merabet	dirabet
merabet	terabet
merabet	rabet
merabet	rabetlah
merabit	kurabit
merabit	kaurabit
merabit	dirabit
merabit	terabit
merabit	rabit
merabit	rabitlah
merabuk	kurabuk
merabuk	kaurabuk
merabuk	dirabuk
merabuk	terabuk
merabuk	rabuk
merabuk	rabuklah
merabuki	dirabuki
merabuki	kurabuki
merabuki	kaurabuki
merabuki	rabuki
merabuki	rabukilah
merabung	kurabung
merabung	kaurabung
merabung	dirabung
merabung	terabung
merabung	rabung
merabung	rabunglah
merabuni	dirabuni
merabuni	kurabuni
merabuni	kaurabuni
merabuni	rabuni
merabuni	rabunilah
merabunkan	dirabunkan
merabunkan	kurabunkan
merabunkan	kaurabunkan
merabunkan	rabunkan
merabunkan	rabunkanlah
merabut	kurabut
merabut	kaurabut
merabut	dirabut
merabut	terabut
merabut	rabut
merabut	rabutlah
meracak	kuracak
meracak	kauracak
meracak	diracak
meracak	teracak
meracak	racak
meracak	racaklah
meracau	kuracau
meracau	kauracau
meracau	diracau
meracau	teracau
meracau	racau
meracau	racaulah
meracik	kuracik
meracik	kauracik
meracik	diracik
meracik	teracik
meracik	racik
meracik	raciklah
meracuh	kuracuh
meracuh	kauracuh
meracuh	diracuh
meracuh	teracuh
meracuh	racuh
meracuh	racuhlah
meracun	kuracun
meracun	kauracun
meracun	diracun
meracun	teracun
meracun	racun
meracun	racunlah
meracuni	diracuni
meracuni	kuracuni
meracuni	kauracuni
meracuni	racuni
meracuni	racunilah
meradah	kuradah
meradah	kauradah
meradah	diradah
meradah	teradah
meradah	radah
meradah	radahlah
meradai	kuradai
meradai	kauradai
meradai	diradai
meradai	teradai
meradai	radai
meradai	radailah
meradak	kuradak
meradak	kauradak
meradak	diradak
meradak	teradak
meradak	radak
meradak	radaklah
meradang	kuradang
meradang	kauradang
meradang	diradang
meradang	teradang
meradang	radang
meradang	radanglah
meradangkan	
meradikalkan	diradikalkan
meradikalkan	kuradikalkan
meradikalkan	kauradikalkan
meradikalkan	radikalkan
meradikalkan	radikalkanlah
meradiokan	diradiokan
meradiokan	kuradiokan
meradiokan	kauradiokan
meradiokan	radiokan
meradiokan	radiokanlah
meragam	kuragam
meragam	kauragam
meragam	diragam
meragam	teragam
meragam	ragam
meragam	ragamlah
meragang	kuragang
meragang	kauragang
meragang	diragang
meragang	teragang
meragang	ragang
meragang	raganglah
meragas	kuragas
meragas	kauragas
meragas	diragas
meragas	teragas
meragas	ragas
meragas	ragaslah
meragi	kuragi
meragi	kauragi
meragi	diragi
meragi	teragi
meragi	ragi
meragi	ragilah
meraguk	kuraguk
meraguk	kauraguk
meraguk	diraguk
meraguk	teraguk
meraguk	raguk
meraguk	raguklah
meragukan	diragukan
meragukan	kuragukan
meragukan	kauragukan
meragukan	ragukan
meragukan	ragukanlah
meragut	kuragut
meragut	kauragut
meragut	diragut
meragut	teragut
meragut	ragut
meragut	ragutlah
merahap	kurahap
merahap	kaurahap
merahap	dirahap
merahap	terahap
merahap	rahap
merahap	rahaplah
merahapkan	
merahimi	dirahimi
merahimi	kurahimi
merahimi	kaurahimi
merahimi	rahimi
merahimi	rahimilah
meraih	kuraih
meraih	kauraih
meraih	diraih
meraih	teraih
meraih	raih
meraih	raihlah
merais	kurais
merais	kaurais
merais	dirais
merais	terais
merais	rais
merais	raislah
meraja	kuraja
meraja	kauraja
meraja	diraja
meraja	teraja
meraja	raja
meraja	rajalah
merajah	kurajah
merajah	kaurajah
merajah	dirajah
merajah	terajah
merajah	rajah
merajah	rajahlah
merajai	dirajai
merajai	kurajai
merajai	kaurajai
merajai	rajai
merajai	rajailah
merajalela	kurajalela
merajalela	kaurajalela
merajalela	dirajalela
merajalela	terajalela
merajalela	rajalela
merajalela	rajalelalah
merajang	kurajang
merajang	kaurajang
merajang	dirajang
merajang	terajang
merajang	rajang
merajang	rajanglah
merajinkan	dirajinkan
merajinkan	kurajinkan
merajinkan	kaurajinkan
merajinkan	rajinkan
merajinkan	rajinkanlah
merajuki	dirajuki
merajuki	kurajuki
merajuki	kaurajuki
merajuki	rajuki
merajuki	rajukilah
merajut	kurajut
merajut	kaurajut
merajut	dirajut
merajut	terajut
merajut	rajut
merajut	rajutlah
merakat	kurakat
merakat	kaurakat
merakat	dirakat
merakat	terakat
merakat	rakat
merakat	rakatlah
merakit	kurakit
merakit	kaurakit
merakit	dirakit
merakit	terakit
merakit	rakit
merakit	rakitlah
meraksasa	kuraksasa
meraksasa	kauraksasa
meraksasa	diraksasa
meraksasa	teraksasa
meraksasa	raksasa
meraksasa	raksasalah
meraksi	kuraksi
meraksi	kauraksi
meraksi	diraksi
meraksi	teraksi
meraksi	raksi
meraksi	raksilah
merakut	kurakut
merakut	kaurakut
merakut	dirakut
merakut	terakut
merakut	rakut
merakut	rakutlah
merakyat	kurakyat
merakyat	kaurakyat
merakyat	dirakyat
merakyat	terakyat
merakyat	rakyat
merakyat	rakyatlah
merakyatkan	
meralat	kuralat
meralat	kauralat
meralat	diralat
meralat	teralat
meralat	ralat
meralat	ralatlah
meralip	kuralip
meralip	kauralip
meralip	diralip
meralip	teralip
meralip	ralip
meralip	raliplah
meramahi	diramahi
meramahi	kuramahi
meramahi	kauramahi
meramahi	ramahi
meramahi	ramahilah
meramaikan	diramaikan
meramaikan	kuramaikan
meramaikan	kauramaikan
meramaikan	ramaikan
meramaikan	ramaikanlah
meramal	kuramal
meramal	kauramal
meramal	diramal
meramal	teramal
meramal	ramal
meramal	ramallah
merambah	kurambah
merambah	kaurambah
merambah	dirambah
merambah	terambah
merambah	rambah
merambah	rambahlah
merambahi	dirambahi
merambahi	kurambahi
merambahi	kaurambahi
merambahi	rambahi
merambahi	rambahilah
merambak	kurambak
merambak	kaurambak
merambak	dirambak
merambak	terambak
merambak	rambak
merambak	rambaklah
merambakkan	
meramban	kuramban
meramban	kauramban
meramban	diramban
meramban	teramban
meramban	ramban
meramban	rambanlah
merambang	kurambang
merambang	kaurambang
merambang	dirambang
merambang	terambang
merambang	rambang
merambang	rambanglah
merambang-rambang	
merambat	
merambatkan	
merambeh	kurambeh
merambeh	kaurambeh
merambeh	dirambeh
merambeh	terambeh
merambeh	rambeh
merambeh	rambehlah
merambut	kurambut
merambut	kaurambut
merambut	dirambut
merambut	terambut
merambut	rambut
merambut	rambutlah
merampai	kurampai
merampai	kaurampai
merampai	dirampai
merampai	terampai
merampai	rampai
merampai	rampailah
merampak	kurampak
merampak	kaurampak
merampak	dirampak
merampak	terampak
merampak	rampak
merampak	rampaklah
merampas	kurampas
merampas	kaurampas
merampas	dirampas
merampas	terampas
merampas	rampas
merampas	rampaslah
merampasi	dirampasi
merampasi	kurampasi
merampasi	kaurampasi
merampasi	rampasi
merampasi	rampasilah
merampat	kurampat
merampat	kaurampat
merampat	dirampat
merampat	terampat
merampat	rampat
merampat	rampatlah
merampatkan	
meramping	kuramping
meramping	kauramping
meramping	diramping
meramping	teramping
meramping	ramping
meramping	rampinglah
merampingkan	
merampok	kurampok
merampok	kaurampok
merampok	dirampok
merampok	terampok
merampok	rampok
merampok	rampoklah
merampungkan	dirampungkan
merampungkan	kurampungkan
merampungkan	kaurampungkan
merampungkan	rampungkan
merampungkan	rampungkanlah
merampus	kurampus
merampus	kaurampus
merampus	dirampus
merampus	terampus
merampus	rampus
merampus	rampuslah
meramu	kuramu
meramu	kauramu
meramu	diramu
meramu	teramu
meramu	ramu
meramu	ramulah
meramus	kuramus
meramus	kauramus
meramus	diramus
meramus	teramus
meramus	ramus
meramus	ramuslah
meranap	kuranap
meranap	kauranap
meranap	diranap
meranap	teranap
meranap	ranap
meranap	ranaplah
merancak	kurancak
merancak	kaurancak
merancak	dirancak
merancak	terancak
merancak	rancak
merancak	rancaklah
merancang	kurancang
merancang	kaurancang
merancang	dirancang
merancang	terancang
merancang	rancang
merancang	rancanglah
merancap	kurancap
merancap	kaurancap
merancap	dirancap
merancap	terancap
merancap	rancap
merancap	rancaplah
merancukan	dirancukan
merancukan	kurancukan
merancukan	kaurancukan
merancukan	rancukan
merancukan	rancukanlah
merancung	kurancung
merancung	kaurancung
merancung	dirancung
merancung	terancung
merancung	rancung
merancung	rancunglah
meranda	kuranda
meranda	kauranda
meranda	diranda
meranda	teranda
meranda	randa
meranda	randalah
merandai	kurandai
merandai	kaurandai
merandai	dirandai
merandai	terandai
merandai	randai
merandai	randailah
merandak	kurandak
merandak	kaurandak
merandak	dirandak
merandak	terandak
merandak	randak
merandak	randaklah
merandat	kurandat
merandat	kaurandat
merandat	dirandat
merandat	terandat
merandat	randat
merandat	randatlah
merandatkan	
merandau	kurandau
merandau	kaurandau
merandau	dirandau
merandau	terandau
merandau	randau
merandau	randaulah
merandek	kurandek
merandek	kaurandek
merandek	dirandek
merandek	terandek
merandek	randek
merandek	randeklah
meranduk	kuranduk
meranduk	kauranduk
meranduk	diranduk
meranduk	teranduk
meranduk	randuk
meranduk	randuklah
merandungkan	dirandungkan
merandungkan	kurandungkan
merandungkan	kaurandungkan
merandungkan	randungkan
merandungkan	randungkanlah
merangah	kurangah
merangah	kaurangah
merangah	dirangah
merangah	terangah
merangah	rangah
merangah	rangahlah
merangai	kurangai
merangai	kaurangai
merangai	dirangai
merangai	terangai
merangai	rangai
merangai	rangailah
merangak	kurangak
merangak	kaurangak
merangak	dirangak
merangak	terangak
merangak	rangak
merangak	rangaklah
meranggah	kuranggah
meranggah	kauranggah
meranggah	diranggah
meranggah	teranggah
meranggah	ranggah
meranggah	ranggahlah
meranggakkan	diranggakkan
meranggakkan	kuranggakkan
meranggakkan	kauranggakkan
meranggakkan	ranggakkan
meranggakkan	ranggakkanlah
meranggas	kuranggas
meranggas	kauranggas
meranggas	diranggas
meranggas	teranggas
meranggas	ranggas
meranggas	ranggaslah
meranggikan	
meranggitkan	diranggitkan
meranggitkan	kuranggitkan
meranggitkan	kauranggitkan
meranggitkan	ranggitkan
meranggitkan	ranggitkanlah
meranggung	kuranggung
meranggung	kauranggung
meranggung	diranggung
meranggung	teranggung
meranggung	ranggung
meranggung	ranggunglah
merangkai	kurangkai
merangkai	kaurangkai
merangkai	dirangkai
merangkai	terangkai
merangkai	rangkai
merangkai	rangkailah
merangkak	
merangkak-rangkak	
merangkaki	dirangkaki
merangkaki	kurangkaki
merangkaki	kaurangkaki
merangkaki	rangkaki
merangkaki	rangkakilah
merangkakkan	
merangkam	kurangkam
merangkam	kaurangkam
merangkam	dirangkam
merangkam	terangkam
merangkam	rangkam
merangkam	rangkamlah
merangkang	kurangkang
merangkang	kaurangkang
merangkang	dirangkang
merangkang	terangkang
merangkang	rangkang
merangkang	rangkanglah
merangkap	kurangkap
merangkap	kaurangkap
merangkap	dirangkap
merangkap	terangkap
merangkap	rangkap
merangkap	rangkaplah
merangket	kurangket
merangket	kaurangket
merangket	dirangket
merangket	terangket
merangket	rangket
merangket	rangketlah
merangkul	kurangkul
merangkul	kaurangkul
merangkul	dirangkul
merangkul	terangkul
merangkul	rangkul
merangkul	rangkullah
merangkum	kurangkum
merangkum	kaurangkum
merangkum	dirangkum
merangkum	terangkum
merangkum	rangkum
merangkum	rangkumlah
merangkumkan	
merangkung	kurangkung
merangkung	kaurangkung
merangkung	dirangkung
merangkung	terangkung
merangkung	rangkung
merangkung	rangkunglah
merangkup	kurangkup
merangkup	kaurangkup
merangkup	dirangkup
merangkup	terangkup
merangkup	rangkup
merangkup	rangkuplah
merangkus	kurangkus
merangkus	kaurangkus
merangkus	dirangkus
merangkus	terangkus
merangkus	rangkus
merangkus	rangkuslah
merangkut	kurangkut
merangkut	kaurangkut
merangkut	dirangkut
merangkut	terangkut
merangkut	rangkut
merangkut	rangkutlah
merangsang	kurangsang
merangsang	kaurangsang
merangsang	dirangsang
merangsang	terangsang
merangsang	rangsang
merangsang	rangsanglah
meransum	kuransum
meransum	kauransum
meransum	diransum
meransum	teransum
meransum	ransum
meransum	ransumlah
merantai	kurantai
merantai	kaurantai
merantai	dirantai
merantai	terantai
merantai	rantai
merantai	rantailah
merantas	kurantas
merantas	kaurantas
merantas	dirantas
merantas	terantas
merantas	rantas
merantas	rantaslah
merantau	
meranting	kuranting
meranting	kauranting
meranting	diranting
meranting	teranting
meranting	ranting
meranting	rantinglah
merantuk	kurantuk
merantuk	kaurantuk
merantuk	dirantuk
merantuk	terantuk
merantuk	rantuk
merantuk	rantuklah
meranyah	kuranyah
meranyah	kauranyah
meranyah	diranyah
meranyah	teranyah
meranyah	ranyah
meranyah	ranyahlah
meranyau	kuranyau
meranyau	kauranyau
meranyau	diranyau
meranyau	teranyau
meranyau	ranyau
meranyau	ranyaulah
merapah	kurapah
merapah	kaurapah
merapah	dirapah
merapah	terapah
merapah	rapah
merapah	rapahlah
merapal	kurapal
merapal	kaurapal
merapal	dirapal
merapal	terapal
merapal	rapal
merapal	rapallah
merapat	kurapat
merapat	kaurapat
merapat	dirapat
merapat	terapat
merapat	rapat
merapat	rapatlah
merapati	dirapati
merapati	kurapati
merapati	kaurapati
merapati	rapati
merapati	rapatilah
merapik	kurapik
merapik	kaurapik
merapik	dirapik
merapik	terapik
merapik	rapik
merapik	rapiklah
meraporkan	diraporkan
meraporkan	kuraporkan
meraporkan	kauraporkan
meraporkan	raporkan
meraporkan	raporkanlah
merapu	kurapu
merapu	kaurapu
merapu	dirapu
merapu	terapu
merapu	rapu
merapu	rapulah
merapuhkan	dirapuhkan
merapuhkan	kurapuhkan
merapuhkan	kaurapuhkan
merapuhkan	rapuhkan
merapuhkan	rapuhkanlah
merapun	kurapun
merapun	kaurapun
merapun	dirapun
merapun	terapun
merapun	rapun
merapun	rapunlah
merapung	kurapung
merapung	kaurapung
merapung	dirapung
merapung	terapung
merapung	rapung
merapung	rapunglah
merapungkan	
merapus	kurapus
merapus	kaurapus
merapus	dirapus
merapus	terapus
merapus	rapus
merapus	rapuslah
merarasi	dirarasi
merarasi	kurarasi
merarasi	kaurarasi
merarasi	rarasi
merarasi	rarasilah
merasa	kurasa
merasa	kaurasa
merasa	dirasa
merasa	terasa
merasa	rasa
merasa	rasalah
merasa-rasai	
merasai	dirasai
merasai	kurasai
merasai	kaurasai
merasai	rasai
merasai	rasailah
merasaikan	
merasani	dirasani
merasani	kurasani
merasani	kaurasani
merasani	rasani
merasani	rasanilah
merasi	kurasi
merasi	kaurasi
merasi	dirasi
merasi	terasi
merasi	rasi
merasi	rasilah
merasikan	
merasionalisasi	kurasionalisasi
merasionalisasi	kaurasionalisasi
merasionalisasi	dirasionalisasi
merasionalisasi	terasionalisasi
merasionalisasi	rasionalisasi
merasionalisasi	rasionalisasilah
merasionalkan	dirasionalkan
merasionalkan	kurasionalkan
merasionalkan	kaurasionalkan
merasionalkan	rasionalkan
merasionalkan	rasionalkanlah
merasuk	kurasuk
merasuk	kaurasuk
merasuk	dirasuk
merasuk	terasuk
merasuk	rasuk
merasuk	rasuklah
merasuki	dirasuki
merasuki	kurasuki
merasuki	kaurasuki
merasuki	rasuki
merasuki	rasukilah
merata	kurata
merata	kaurata
merata	dirata
merata	terata
merata	rata
merata	ratalah
merata-ratakan	
meratah	kuratah
meratah	kauratah
meratah	diratah
meratah	teratah
meratah	ratah
meratah	ratahlah
meratai	diratai
meratai	kuratai
meratai	kauratai
meratai	ratai
meratai	ratailah
meratakan	
meratap	
meratapi	diratapi
meratapi	kuratapi
meratapi	kauratapi
meratapi	ratapi
meratapi	ratapilah
meratib	kuratib
meratib	kauratib
meratib	diratib
meratib	teratib
meratib	ratib
meratib	ratiblah
meratibkan	
meratifikasi	kuratifikasi
meratifikasi	kauratifikasi
meratifikasi	diratifikasi
meratifikasi	teratifikasi
meratifikasi	ratifikasi
meratifikasi	ratifikasilah
meratus	kuratus
meratus	kauratus
meratus	diratus
meratus	teratus
meratus	ratus
meratus	ratuslah
meraum	kuraum
meraum	kauraum
meraum	diraum
meraum	teraum
meraum	raum
meraum	raumlah
meraun	kuraun
meraun	kauraun
meraun	diraun
meraun	teraun
meraun	raun
meraun	raunlah
meraung	kuraung
meraung	kauraung
meraung	diraung
meraung	teraung
meraung	raung
meraung	raunglah
meraung-raung	
meraung-raungkan	
meraup	kuraup
meraup	kauraup
meraup	diraup
meraup	teraup
meraup	raup
meraup	rauplah
meraut	kuraut
meraut	kauraut
meraut	diraut
meraut	teraut
meraut	raut
meraut	rautlah
merawai	kurawai
merawai	kaurawai
merawai	dirawai
merawai	terawai
merawai	rawai
merawai	rawailah
merawak	kurawak
merawak	kaurawak
merawak	dirawak
merawak	terawak
merawak	rawak
merawak	rawaklah
merawan	kurawan
merawan	kaurawan
merawan	dirawan
merawan	terawan
merawan	rawan
merawan	rawanlah
merawang	kurawang
merawang	kaurawang
merawang	dirawang
merawang	terawang
merawang	rawang
merawang	rawanglah
merawat	kurawat
merawat	kaurawat
merawat	dirawat
merawat	terawat
merawat	rawat
merawat	rawatlah
merawatkan	
merawi	kurawi
merawi	kaurawi
merawi	dirawi
merawi	terawi
merawi	rawi
merawi	rawilah
merawikan	
merayah	kurayah
merayah	kaurayah
merayah	dirayah
merayah	terayah
merayah	rayah
merayah	rayahlah
merayahi	dirayahi
merayahi	kurayahi
merayahi	kaurayahi
merayahi	rayahi
merayahi	rayahilah
merayakan	dirayakan
merayakan	kurayakan
merayakan	kaurayakan
merayakan	rayakan
merayakan	rayakanlah
merayan	kurayan
merayan	kaurayan
merayan	dirayan
merayan	terayan
merayan	rayan
merayan	rayanlah
merayang	kurayang
merayang	kaurayang
merayang	dirayang
merayang	terayang
merayang	rayang
merayang	rayanglah
merayap	kurayap
merayap	kaurayap
merayap	dirayap
merayap	terayap
merayap	rayap
merayap	rayaplah
merayapi	dirayapi
merayapi	kurayapi
merayapi	kaurayapi
merayapi	rayapi
merayapi	rayapilah
merayau	kurayau
merayau	kaurayau
merayau	dirayau
merayau	terayau
merayau	rayau
merayau	rayaulah
merayau-rayau	
merayu	kurayu
merayu	kaurayu
merayu	dirayu
merayu	terayu
merayu	rayu
merayu	rayulah
merayu-rayu	
merayukan	
mereaksi	kureaksi
mereaksi	kaureaksi
mereaksi	direaksi
mereaksi	tereaksi
mereaksi	reaksi
mereaksi	reaksilah
merealisasi	kurealisasi
merealisasi	kaurealisasi
merealisasi	direalisasi
merealisasi	terealisasi
merealisasi	realisasi
merealisasi	realisasilah
merealisasikan	
merebah	kurebah
merebah	kaurebah
merebah	direbah
merebah	terebah
merebah	rebah
merebah	rebahlah
merebahkan	rebahkan
merebak	kurebak
merebak	kaurebak
merebak	direbak
merebak	terebak
merebak	rebak
merebak	rebaklah
merebat	kurebat
merebat	kaurebat
merebat	direbat
merebat	terebat
merebat	rebat
merebat	rebatlah
merebeh	kurebeh
merebeh	kaurebeh
merebeh	direbeh
merebeh	terebeh
merebeh	rebeh
merebeh	rebehlah
merebuk	kurebuk
merebuk	kaurebuk
merebuk	direbuk
merebuk	terebuk
merebuk	rebuk
merebuk	rebuklah
merebung	kurebung
merebung	kaurebung
merebung	direbung
merebung	terebung
merebung	rebung
merebung	rebunglah
merebus	kurebus
merebus	kaurebus
merebus	direbus
merebus	terebus
merebus	rebus
merebus	rebuslah
merebut	kurebut
merebut	kaurebut
merebut	direbut
merebut	terebut
merebut	rebut
merebut	rebutlah
merecik	kurecik
merecik	kaurecik
merecik	direcik
merecik	terecik
merecik	recik
merecik	reciklah
merecikkan	
merecok	kurecok
merecok	kaurecok
merecok	direcok
merecok	terecok
merecok	recok
merecok	recoklah
merecoki	direcoki
merecoki	kurecoki
merecoki	kaurecoki
merecoki	recoki
merecoki	recokilah
merecup	kurecup
merecup	kaurecup
merecup	direcup
merecup	terecup
merecup	recup
merecup	recuplah
mereda	kureda
mereda	kaureda
mereda	direda
mereda	tereda
mereda	reda
mereda	redalah
meredah	kuredah
meredah	kauredah
meredah	diredah
meredah	teredah
meredah	redah
meredah	redahlah
meredai	diredai
meredai	kuredai
meredai	kauredai
meredai	redai
meredai	redailah
meredam	kuredam
meredam	kauredam
meredam	diredam
meredam	teredam
meredam	redam
meredam	redamlah
meredamkan	
meredih	kuredih
meredih	kauredih
meredih	diredih
meredih	teredih
meredih	redih
meredih	redihlah
meredik	kuredik
meredik	kauredik
meredik	diredik
meredik	teredik
meredik	redik
meredik	rediklah
mereduksi	kureduksi
mereduksi	kaureduksi
mereduksi	direduksi
mereduksi	tereduksi
mereduksi	reduksi
mereduksi	reduksilah
meredup	kuredup
meredup	kauredup
meredup	diredup
meredup	teredup
meredup	redup
meredup	reduplah
meredupkan	
meredut	kuredut
meredut	kauredut
meredut	diredut
meredut	teredut
meredut	redut
meredut	redutlah
mereekspor	kureekspor
mereekspor	kaureekspor
mereekspor	direekspor
mereekspor	tereekspor
mereekspor	reekspor
mereekspor	reeksporlah
merefleksikan	direfleksikan
merefleksikan	kurefleksikan
merefleksikan	kaurefleksikan
merefleksikan	refleksikan
merefleksikan	refleksikanlah
meregah	kuregah
meregah	kauregah
meregah	diregah
meregah	teregah
meregah	regah
meregah	regahlah
meregang	kuregang
meregang	kauregang
meregang	diregang
meregang	teregang
meregang	regang
meregang	reganglah
meregangkan	
meregas	kuregas
meregas	kauregas
meregas	diregas
meregas	teregas
meregas	regas
meregas	regaslah
meregat	kuregat
meregat	kauregat
meregat	diregat
meregat	teregat
meregat	regat
meregat	regatlah
mereguk	kureguk
mereguk	kaureguk
mereguk	direguk
mereguk	tereguk
mereguk	reguk
mereguk	reguklah
meregup	kuregup
meregup	kauregup
meregup	diregup
meregup	teregup
meregup	regup
meregup	reguplah
merehab	kurehab
merehab	kaurehab
merehab	direhab
merehab	terehab
merehab	rehab
merehab	rehablah
merehabilitasi	direhabilitasii
merehabilitasi	kurehabilitasii
merehabilitasi	kaurehabilitasii
merehabilitasi	rehabilitasii
merehabilitasi	rehabilitasiilah
merehabilitasikan	
merejah	kurejah
merejah	kaurejah
merejah	direjah
merejah	terejah
merejah	rejah
merejah	rejahlah
merejahkan	
merejan	kurejan
merejan	kaurejan
merejan	direjan
merejan	terejan
merejan	rejan
merejan	rejanlah
merejuk	kurejuk
merejuk	kaurejuk
merejuk	direjuk
merejuk	terejuk
merejuk	rejuk
merejuk	rejuklah
mereka-reka	
merekah	kurekah
merekah	kaurekah
merekah	direkah
merekah	terekah
merekah	rekah
merekah	rekahlah
merekam	kurekam
merekam	kaurekam
merekam	direkam
merekam	terekam
merekam	rekam
merekam	rekamlah
merekamkan	
merekan	kurekan
merekan	kaurekan
merekan	direkan
merekan	terekan
merekan	rekan
merekan	rekanlah
merekat	kurekat
merekat	kaurekat
merekat	direkat
merekat	terekat
merekat	rekat
merekat	rekatlah
merekatkan	
merekayasa	kurekayasa
merekayasa	kaurekayasa
merekayasa	direkayasa
merekayasa	terekayasa
merekayasa	rekayasa
merekayasa	rekayasalah
mereken	kureken
mereken	kaureken
mereken	direken
mereken	tereken
mereken	reken
mereken	rekenlah
merekes	kurekes
merekes	kaurekes
merekes	direkes
merekes	terekes
merekes	rekes
merekes	rekeslah
mereklamasikan	direklamasikan
mereklamasikan	kureklamasikan
mereklamasikan	kaureklamasikan
mereklamasikan	reklamasikan
mereklamasikan	reklamasikanlah
merekomendasi	kurekomendasi
merekomendasi	kaurekomendasi
merekomendasi	direkomendasi
merekomendasi	terekomendasi
merekomendasi	rekomendasi
merekomendasi	rekomendasilah
merekonstruksi	kurekonstruksi
merekonstruksi	kaurekonstruksi
merekonstruksi	direkonstruksi
merekonstruksi	terekonstruksi
merekonstruksi	rekonstruksi
merekonstruksi	rekonstruksilah
merekrut	kurekrut
merekrut	kaurekrut
merekrut	direkrut
merekrut	terekrut
merekrut	rekrut
merekrut	rekrutlah
merelai	kurelai
merelai	kaurelai
merelai	direlai
merelai	terelai
merelai	relai
merelai	relailah
merelakan	direlakan
merelakan	kurelakan
merelakan	kaurelakan
merelakan	relakan
merelakan	relakanlah
merelang	kurelang
merelang	kaurelang
merelang	direlang
merelang	terelang
merelang	relang
merelang	relanglah
merelap	kurelap
merelap	kaurelap
merelap	direlap
merelap	terelap
merelap	relap
merelap	relaplah
merelap-relap	
merelas	kurelas
merelas	kaurelas
merelas	direlas
merelas	terelas
merelas	relas
merelas	relaslah
merelevansi	kurelevansi
merelevansi	kaurelevansi
merelevansi	direlevansi
merelevansi	terelevansi
merelevansi	relevansi
merelevansi	relevansilah
merelokasi	kurelokasi
merelokasi	kaurelokasi
merelokasi	direlokasi
merelokasi	terelokasi
merelokasi	relokasi
merelokasi	relokasilah
merelung	kurelung
merelung	kaurelung
merelung	direlung
merelung	terelung
merelung	relung
merelung	relunglah
meremah-remah	
meremahkan	diremahkan
meremahkan	kuremahkan
meremahkan	kauremahkan
meremahkan	remahkan
meremahkan	remahkanlah
meremajakan	diremajakan
meremajakan	kuremajakan
meremajakan	kauremajakan
meremajakan	remajakan
meremajakan	remajakanlah
meremang	kuremang
meremang	kauremang
meremang	diremang
meremang	teremang
meremang	remang
meremang	remanglah
meremangkan	
meremas	kuremas
meremas	kauremas
meremas	diremas
meremas	teremas
meremas	remas
meremas	remaslah
meremas-remas	
merembah	kurembah
merembah	kaurembah
merembah	dirembah
merembah	terembah
merembah	rembah
merembah	rembahlah
merembes	
merembesi	dirembesi
merembesi	kurembesi
merembesi	kaurembesi
merembesi	rembesi
merembesi	rembesilah
merembet	kurembet
merembet	kaurembet
merembet	dirembet
merembet	terembet
merembet	rembet
merembet	rembetlah
merembetkan	
merembih	kurembih
merembih	kaurembih
merembih	dirembih
merembih	terembih
merembih	rembih
merembih	rembihlah
meremeh-temehkan	
meremet	kuremet
meremet	kauremet
meremet	diremet
meremet	teremet
meremet	remet
meremet	remetlah
merempah	kurempah
merempah	kaurempah
merempah	dirempah
merempah	terempah
merempah	rempah
merempah	rempahlah
merempah-rempah	
merempah-rempahi	dirempah-rempahi
merempah-rempahi	kurempah-rempahi
merempah-rempahi	kaurempah-rempahi
merempah-rempahi	rempah-rempahi
merempah-rempahi	rempah-rempahilah
merempahi	dirempahi
merempahi	kurempahi
merempahi	kaurempahi
merempahi	rempahi
merempahi	rempahilah
merempuh	kurempuh
merempuh	kaurempuh
merempuh	dirempuh
merempuh	terempuh
merempuh	rempuh
merempuh	rempuhlah
meremukkan	diremukkan
meremukkan	kuremukkan
meremukkan	kauremukkan
meremukkan	remukkan
meremukkan	remukkanlah
merenangi	direnangi
merenangi	kurenangi
merenangi	kaurenangi
merenangi	renangi
merenangi	renangilah
merencah	kurencah
merencah	kaurencah
merencah	direncah
merencah	terencah
merencah	rencah
merencah	rencahlah
merencam	kurencam
merencam	kaurencam
merencam	direncam
merencam	terencam
merencam	rencam
merencam	rencamlah
merenda	kurenda
merenda	kaurenda
merenda	direnda
merenda	terenda
merenda	renda
merenda	rendalah
merendah	kurendah
merendah	kaurendah
merendah	direndah
merendah	terendah
merendah	rendah
merendah	rendahlah
merendahkan	direndahkan
merendahkan	kurendahkan
merendahkan	kaurendahkan
merendahkan	rendahkan
merendahkan	rendahkanlah
merendai	direndai
merendai	kurendai
merendai	kaurendai
merendai	rendai
merendai	rendailah
merendam	kurendam
merendam	kaurendam
merendam	direndam
merendam	terendam
merendam	rendam
merendam	rendamlah
merendami	direndami
merendami	kurendami
merendami	kaurendami
merendami	rendami
merendami	rendamilah
merendang	kurendang
merendang	kaurendang
merendang	direndang
merendang	terendang
merendang	rendang
merendang	rendanglah
merenek	kurenek
merenek	kaurenek
merenek	direnek
merenek	terenek
merenek	renek
merenek	reneklah
merengas	kurengas
merengas	kaurengas
merengas	direngas
merengas	terengas
merengas	rengas
merengas	rengaslah
merengat	kurengat
merengat	kaurengat
merengat	direngat
merengat	terengat
merengat	rengat
merengat	rengatlah
merengatkan	
merengeh	kurengeh
merengeh	kaurengeh
merengeh	direngeh
merengeh	terengeh
merengeh	rengeh
merengeh	rengehlah
merengek	
merengek-rengek	
merengeng-rengeng	
merenggang	kurenggang
merenggang	kaurenggang
merenggang	direnggang
merenggang	terenggang
merenggang	renggang
merenggang	rengganglah
merenggangi	direnggangi
merenggangi	kurenggangi
merenggangi	kaurenggangi
merenggangi	renggangi
merenggangi	renggangilah
merenggangkan	
merenggut	kurenggut
merenggut	kaurenggut
merenggut	direnggut
merenggut	terenggut
merenggut	renggut
merenggut	renggutlah
merengkah	kurengkah
merengkah	kaurengkah
merengkah	direngkah
merengkah	terengkah
merengkah	rengkah
merengkah	rengkahlah
merengkeh	kurengkeh
merengkeh	kaurengkeh
merengkeh	direngkeh
merengkeh	terengkeh
merengkeh	rengkeh
merengkeh	rengkehlah
merengket	kurengket
merengket	kaurengket
merengket	direngket
merengket	terengket
merengket	rengket
merengket	rengketlah
merengkuh	kurengkuh
merengkuh	kaurengkuh
merengkuh	direngkuh
merengkuh	terengkuh
merengkuh	rengkuh
merengkuh	rengkuhlah
merengsa	kurengsa
merengsa	kaurengsa
merengsa	direngsa
merengsa	terengsa
merengsa	rengsa
merengsa	rengsalah
merengus	kurengus
merengus	kaurengus
merengus	direngus
merengus	terengus
merengus	rengus
merengus	renguslah
merengut	kurengut
merengut	kaurengut
merengut	direngut
merengut	terengut
merengut	rengut
merengut	rengutlah
merenik-renik	
merenjeng	kurenjeng
merenjeng	kaurenjeng
merenjeng	direnjeng
merenjeng	terenjeng
merenjeng	renjeng
merenjeng	renjenglah
merenjis	kurenjis
merenjis	kaurenjis
merenjis	direnjis
merenjis	terenjis
merenjis	renjis
merenjis	renjislah
merenjiskan	
merenovasi	kurenovasi
merenovasi	kaurenovasi
merenovasi	direnovasi
merenovasi	terenovasi
merenovasi	renovasi
merenovasi	renovasilah
merenta-renta	
merentak	kurentak
merentak	kaurentak
merentak	direntak
merentak	terentak
merentak	rentak
merentak	rentaklah
merentan	kurentan
merentan	kaurentan
merentan	direntan
merentan	terentan
merentan	rentan
merentan	rentanlah
merentang	kurentang
merentang	kaurentang
merentang	direntang
merentang	terentang
merentang	rentang
merentang	rentanglah
merentangi	direntangi
merentangi	kurentangi
merentangi	kaurentangi
merentangi	rentangi
merentangi	rentangilah
merentapkan	
merentas	kurentas
merentas	kaurentas
merentas	direntas
merentas	terentas
merentas	rentas
merentas	rentaslah
merenteng	kurenteng
merenteng	kaurenteng
merenteng	direnteng
merenteng	terenteng
merenteng	renteng
merenteng	rentenglah
merentik	kurentik
merentik	kaurentik
merentik	direntik
merentik	terentik
merentik	rentik
merentik	rentiklah
merenung	
merenungi	direnungi
merenungi	kurenungi
merenungi	kaurenungi
merenungi	renungi
merenungi	renungilah
merenungkan	kurenungkan
merenyah	kurenyah
merenyah	kaurenyah
merenyah	direnyah
merenyah	terenyah
merenyah	renyah
merenyah	renyahlah
merenyeh	kurenyeh
merenyeh	kaurenyeh
merenyeh	direnyeh
merenyeh	terenyeh
merenyeh	renyeh
merenyeh	renyehlah
merenyuk	kurenyuk
merenyuk	kaurenyuk
merenyuk	direnyuk
merenyuk	terenyuk
merenyuk	renyuk
merenyuk	renyuklah
merenyukkan	
merenyut	kurenyut
merenyut	kaurenyut
merenyut	direnyut
merenyut	terenyut
merenyut	renyut
merenyut	renyutlah
merepang	kurepang
merepang	kaurepang
merepang	direpang
merepang	terepang
merepang	repang
merepang	repanglah
mereparasi	kureparasi
mereparasi	kaureparasi
mereparasi	direparasi
mereparasi	tereparasi
mereparasi	reparasi
mereparasi	reparasilah
merepatriasi	kurepatriasi
merepatriasi	kaurepatriasi
merepatriasi	direpatriasi
merepatriasi	terepatriasi
merepatriasi	repatriasi
merepatriasi	repatriasilah
merepes	kurepes
merepes	kaurepes
merepes	direpes
merepes	terepes
merepes	repes
merepes	repeslah
merepet	kurepet
merepet	kaurepet
merepet	direpet
merepet	terepet
merepet	repet
merepet	repetlah
mereportasekan	direportasekan
mereportasekan	kureportasekan
mereportasekan	kaureportasekan
mereportasekan	reportasekan
mereportasekan	reportasekanlah
merepotkan	direpotkan
merepotkan	kurepotkan
merepotkan	kaurepotkan
merepotkan	repotkan
merepotkan	repotkanlah
mereproduksi	kureproduksi
mereproduksi	kaureproduksi
mereproduksi	direproduksi
mereproduksi	tereproduksi
mereproduksi	reproduksi
mereproduksi	reproduksilah
mererak	kurerak
mererak	kaurerak
mererak	direrak
mererak	tererak
mererak	rerak
mererak	reraklah
mererot	kurerot
mererot	kaurerot
mererot	direrot
mererot	tererot
mererot	rerot
mererot	rerotlah
meresah	kuresah
meresah	kauresah
meresah	diresah
meresah	teresah
meresah	resah
meresah	resahlah
meresahkan	
meresan	kuresan
meresan	kauresan
meresan	diresan
meresan	teresan
meresan	resan
meresan	resanlah
meresap	kuresap
meresap	kauresap
meresap	diresap
meresap	teresap
meresap	resap
meresap	resaplah
meresapi	diresapi
meresapi	kuresapi
meresapi	kauresapi
meresapi	resapi
meresapi	resapilah
meresapkan	
meresek-resek	
meresepkan	diresepkan
meresepkan	kuresepkan
meresepkan	kauresepkan
meresepkan	resepkan
meresepkan	resepkanlah
meresik	kuresik
meresik	kauresik
meresik	diresik
meresik	teresik
meresik	resik
meresik	resiklah
meresmikan	diresmikan
meresmikan	kuresmikan
meresmikan	kauresmikan
meresmikan	resmikan
meresmikan	resmikanlah
meresosialisasi	kuresosialisasi
meresosialisasi	kauresosialisasi
meresosialisasi	diresosialisasi
meresosialisasi	teresosialisasi
meresosialisasi	resosialisasi
meresosialisasi	resosialisasilah
merespons	kurespons
merespons	kaurespons
merespons	direspons
merespons	terespons
merespons	respons
merespons	responslah
merestorasi	kurestorasi
merestorasi	kaurestorasi
merestorasi	direstorasi
merestorasi	terestorasi
merestorasi	restorasi
merestorasi	restorasilah
merestrukturisasi	kurestrukturisasi
merestrukturisasi	kaurestrukturisasi
merestrukturisasi	direstrukturisasi
merestrukturisasi	terestrukturisasi
merestrukturisasi	restrukturisasi
merestrukturisasi	restrukturisasilah
merestui	direstui
merestui	kurestui
merestui	kaurestui
merestui	restui
merestui	restuilah
meresumekan	diresumekan
meresumekan	kuresumekan
meresumekan	kauresumekan
meresumekan	resumekan
meresumekan	resumekanlah
meretak	kuretak
meretak	kauretak
meretak	diretak
meretak	teretak
meretak	retak
meretak	retaklah
meretakkan	
meretas	kuretas
meretas	kauretas
meretas	diretas
meretas	teretas
meretas	retas
meretas	retaslah
meretek	kuretek
meretek	kauretek
meretek	diretek
meretek	teretek
meretek	retek
meretek	reteklah
meretih	kuretih
meretih	kauretih
meretih	diretih
meretih	teretih
meretih	retih
meretih	retihlah
meretur	kuretur
meretur	kauretur
meretur	diretur
meretur	teretur
meretur	retur
meretur	returlah
merevisi	kurevisi
merevisi	kaurevisi
merevisi	direvisi
merevisi	terevisi
merevisi	revisi
merevisi	revisilah
merewak	kurewak
merewak	kaurewak
merewak	direwak
merewak	terewak
merewak	rewak
merewak	rewaklah
merewang	kurewang
merewang	kaurewang
merewang	direwang
merewang	terewang
merewang	rewang
merewang	rewanglah
merewet	kurewet
merewet	kaurewet
merewet	direwet
merewet	terewet
merewet	rewet
merewet	rewetlah
meriap	kuriap
meriap	kauriap
meriap	diriap
meriap	teriap
meriap	riap
meriap	riaplah
meriapkan	
merias	kurias
merias	kaurias
merias	dirias
merias	terias
merias	rias
merias	riaslah
meriba	kuriba
meriba	kauriba
meriba	diriba
meriba	teriba
meriba	riba
meriba	ribalah
meributkan	diributkan
meributkan	kuributkan
meributkan	kauributkan
meributkan	ributkan
meributkan	ributkanlah
mericau	kuricau
mericau	kauricau
mericau	diricau
mericau	tericau
mericau	ricau
mericau	ricaulah
mericik	kuricik
mericik	kauricik
mericik	diricik
mericik	tericik
mericik	ricik
mericik	riciklah
meridai	diridai
meridai	kuridai
meridai	kauridai
meridai	ridai
meridai	ridailah
merikuhkan	dirikuhkan
merikuhkan	kurikuhkan
merikuhkan	kaurikuhkan
merikuhkan	rikuhkan
merikuhkan	rikuhkanlah
merilis	kurilis
merilis	kaurilis
merilis	dirilis
merilis	terilis
merilis	rilis
merilis	rilislah
merimaskan	dirimaskan
merimaskan	kurimaskan
merimaskan	kaurimaskan
merimaskan	rimaskan
merimaskan	rimaskanlah
merimba	kurimba
merimba	kaurimba
merimba	dirimba
merimba	terimba
merimba	rimba
merimba	rimbalah
merimbas	kurimbas
merimbas	kaurimbas
merimbas	dirimbas
merimbas	terimbas
merimbas	rimbas
merimbas	rimbaslah
merimbun	kurimbun
merimbun	kaurimbun
merimbun	dirimbun
merimbun	terimbun
merimbun	rimbun
merimbun	rimbunlah
merimpuhkan	dirimpuhkan
merimpuhkan	kurimpuhkan
merimpuhkan	kaurimpuhkan
merimpuhkan	rimpuhkan
merimpuhkan	rimpuhkanlah
merimpung	kurimpung
merimpung	kaurimpung
merimpung	dirimpung
merimpung	terimpung
merimpung	rimpung
merimpung	rimpunglah
merinai	kurinai
merinai	kaurinai
merinai	dirinai
merinai	terinai
merinai	rinai
merinai	rinailah
merinci	kurinci
merinci	kaurinci
merinci	dirinci
merinci	terinci
merinci	rinci
merinci	rincilah
merincis	kurincis
merincis	kaurincis
merincis	dirincis
merincis	terincis
merincis	rincis
merincis	rincislah
merincukan	dirincukan
merincukan	kurincukan
merincukan	kaurincukan
merincukan	rincukan
merincukan	rincukanlah
merindang	kurindang
merindang	kaurindang
merindang	dirindang
merindang	terindang
merindang	rindang
merindang	rindanglah
merindingkan	
merindu	kurindu
merindu	kaurindu
merindu	dirindu
merindu	terindu
merindu	rindu
merindu	rindulah
merindukan	kurindukan
meringankan	diringankan
meringankan	kuringankan
meringankan	kauringankan
meringankan	ringankan
meringankan	ringankanlah
meringgiti	diringgiti
meringgiti	kuringgiti
meringgiti	kauringgiti
meringgiti	ringgiti
meringgiti	ringgitilah
meringih	kuringih
meringih	kauringih
meringih	diringih
meringih	teringih
meringih	ringih
meringih	ringihlah
meringik	kuringik
meringik	kauringik
meringik	diringik
meringik	teringik
meringik	ringik
meringik	ringiklah
meringis	kuringis
meringis	kauringis
meringis	diringis
meringis	teringis
meringis	ringis
meringis	ringislah
meringkai	kuringkai
meringkai	kauringkai
meringkai	diringkai
meringkai	teringkai
meringkai	ringkai
meringkai	ringkailah
meringkaikan	
meringkas	kuringkas
meringkas	kauringkas
meringkas	diringkas
meringkas	teringkas
meringkas	ringkas
meringkas	ringkaslah
meringkaskan	
meringkik	kuringkik
meringkik	kauringkik
meringkik	diringkik
meringkik	teringkik
meringkik	ringkik
meringkik	ringkiklah
meringking	kuringking
meringking	kauringking
meringking	diringking
meringking	teringking
meringking	ringking
meringking	ringkinglah
meringkuk	kuringkuk
meringkuk	kauringkuk
meringkuk	diringkuk
meringkuk	teringkuk
meringkuk	ringkuk
meringkuk	ringkuklah
meringkukkan	
meringkus	kuringkus
meringkus	kauringkus
meringkus	diringkus
meringkus	teringkus
meringkus	ringkus
meringkus	ringkuslah
meringsing	kuringsing
meringsing	kauringsing
meringsing	diringsing
meringsing	teringsing
meringsing	ringsing
meringsing	ringsinglah
merintang	
merintang-rintang	
merintangi	dirintangi
merintangi	kurintangi
merintangi	kaurintangi
merintangi	rintangi
merintangi	rintangilah
merintangkan	
merintas	kurintas
merintas	kaurintas
merintas	dirintas
merintas	terintas
merintas	rintas
merintas	rintaslah
merintih	kurintih
merintih	kaurintih
merintih	dirintih
merintih	terintih
merintih	rintih
merintih	rintihlah
merintis	kurintis
merintis	kaurintis
merintis	dirintis
merintis	terintis
merintis	rintis
merintis	rintislah
merisak	kurisak
merisak	kaurisak
merisak	dirisak
merisak	terisak
merisak	risak
merisak	risaklah
merisau	kurisau
merisau	kaurisau
merisau	dirisau
merisau	terisau
merisau	risau
merisau	risaulah
merisaukan	
meriset	kuriset
meriset	kauriset
meriset	diriset
meriset	teriset
meriset	riset
meriset	risetlah
merisik	kurisik
merisik	kaurisik
merisik	dirisik
merisik	terisik
merisik	risik
merisik	risiklah
meritul	kuritul
meritul	kauritul
meritul	diritul
meritul	teritul
meritul	ritul
meritul	ritullah
meriung	kuriung
meriung	kauriung
meriung	diriung
meriung	teriung
meriung	riung
meriung	riunglah
merobek	kurobek
merobek	kaurobek
merobek	dirobek
merobek	terobek
merobek	robek
merobek	robeklah
merobek-robek	
merobohkan	dirobohkan
merobohkan	kurobohkan
merobohkan	kaurobohkan
merobohkan	robohkan
merobohkan	robohkanlah
merobok	kurobok
merobok	kaurobok
merobok	dirobok
merobok	terobok
merobok	robok
merobok	roboklah
merobot	kurobot
merobot	kaurobot
merobot	dirobot
merobot	terobot
merobot	robot
merobot	robotlah
merodok	kurodok
merodok	kaurodok
merodok	dirodok
merodok	terodok
merodok	rodok
merodok	rodoklah
merodong	kurodong
merodong	kaurodong
merodong	dirodong
merodong	terodong
merodong	rodong
merodong	rodonglah
merodongkan	
merogoh	kurogoh
merogoh	kaurogoh
merogoh	dirogoh
merogoh	terogoh
merogoh	rogoh
merogoh	rogohlah
merogok	kurogok
merogok	kaurogok
merogok	dirogok
merogok	terogok
merogok	rogok
merogok	rogoklah
merogol	kurogol
merogol	kaurogol
merogol	dirogol
merogol	terogol
merogol	rogol
merogol	rogollah
merojeng	kurojeng
merojeng	kaurojeng
merojeng	dirojeng
merojeng	terojeng
merojeng	rojeng
merojeng	rojenglah
merojol	kurojol
merojol	kaurojol
merojol	dirojol
merojol	terojol
merojol	rojol
merojol	rojollah
meroket	kuroket
meroket	kauroket
meroket	diroket
meroket	teroket
meroket	roket
meroket	roketlah
merokok	
meromantisisme	kuromantisisme
meromantisisme	kauromantisisme
meromantisisme	diromantisisme
meromantisisme	teromantisisme
meromantisisme	romantisisme
meromantisisme	romantisismelah
merombak	kurombak
merombak	kaurombak
merombak	dirombak
merombak	terombak
merombak	rombak
merombak	rombaklah
merombengkan	dirombengkan
merombengkan	kurombengkan
merombengkan	kaurombengkan
merombengkan	rombengkan
merombengkan	rombengkanlah
merombong	kurombong
merombong	kaurombong
merombong	dirombong
merombong	terombong
merombong	rombong
merombong	rombonglah
meromet	kuromet
meromet	kauromet
meromet	diromet
meromet	teromet
meromet	romet
meromet	rometlah
meromok	kuromok
meromok	kauromok
meromok	diromok
meromok	teromok
meromok	romok
meromok	romoklah
merompak	kurompak
merompak	kaurompak
merompak	dirompak
merompak	terompak
merompak	rompak
merompak	rompaklah
merompongkan	dirompongkan
merompongkan	kurompongkan
merompongkan	kaurompongkan
merompongkan	rompongkan
merompongkan	rompongkanlah
meromusakan	diromusakan
meromusakan	kuromusakan
meromusakan	kauromusakan
meromusakan	romusakan
meromusakan	romusakanlah
meronce	kuronce
meronce	kauronce
meronce	dironce
meronce	teronce
meronce	ronce
meronce	roncelah
meronda	kuronda
meronda	kauronda
meronda	dironda
meronda	teronda
meronda	ronda
meronda	rondalah
merondok	kurondok
merondok	kaurondok
merondok	dirondok
merondok	terondok
merondok	rondok
merondok	rondoklah
meroneo	kuroneo
meroneo	kauroneo
meroneo	dironeo
meroneo	teroneo
meroneo	roneo
meroneo	roneolah
merongga	kurongga
merongga	kaurongga
merongga	dirongga
merongga	terongga
merongga	rongga
merongga	ronggalah
meronggeng	kuronggeng
meronggeng	kauronggeng
meronggeng	dironggeng
meronggeng	teronggeng
meronggeng	ronggeng
meronggeng	ronggenglah
meronggong	kuronggong
meronggong	kauronggong
meronggong	dironggong
meronggong	teronggong
meronggong	ronggong
meronggong	ronggonglah
merongkok	kurongkok
merongkok	kaurongkok
merongkok	dirongkok
merongkok	terongkok
merongkok	rongkok
merongkok	rongkoklah
merongos	kurongos
merongos	kaurongos
merongos	dirongos
merongos	terongos
merongos	rongos
merongos	rongoslah
merongrong	kurongrong
merongrong	kaurongrong
merongrong	dirongrong
merongrong	terongrong
merongrong	rongrong
merongrong	rongronglah
merongseng	kurongseng
merongseng	kaurongseng
merongseng	dirongseng
merongseng	terongseng
merongseng	rongseng
merongseng	rongsenglah
meronta	kuronta
meronta	kauronta
meronta	dironta
meronta	teronta
meronta	ronta
meronta	rontalah
meronta-ronta	
merontgen	kurontgen
merontgen	kaurontgen
merontgen	dirontgen
merontgen	terontgen
merontgen	rontgen
merontgen	rontgenlah
merontokkan	dirontokkan
merontokkan	kurontokkan
merontokkan	kaurontokkan
merontokkan	rontokkan
merontokkan	rontokkanlah
meronyeh	kuronyeh
meronyeh	kauronyeh
meronyeh	dironyeh
meronyeh	teronyeh
meronyeh	ronyeh
meronyeh	ronyehlah
meronyok	kuronyok
meronyok	kauronyok
meronyok	dironyok
meronyok	teronyok
meronyok	ronyok
meronyok	ronyoklah
merorod	kurorod
merorod	kaurorod
merorod	dirorod
merorod	terorod
merorod	rorod
merorod	rorodlah
merosok	kurosok
merosok	kaurosok
merosok	dirosok
merosok	terosok
merosok	rosok
merosok	rosoklah
merosokkan	
merosot	kurosot
merosot	kaurosot
merosot	dirosot
merosot	terosot
merosot	rosot
merosot	rosotlah
merotan	kurotan
merotan	kaurotan
merotan	dirotan
merotan	terotan
merotan	rotan
merotan	rotanlah
merotok	kurotok
merotok	kaurotok
merotok	dirotok
merotok	terotok
merotok	rotok
merotok	rotoklah
merowot	kurowot
merowot	kaurowot
merowot	dirowot
merowot	terowot
merowot	rowot
merowot	rowotlah
meroyak	kuroyak
meroyak	kauroyak
meroyak	diroyak
meroyak	teroyak
meroyak	royak
meroyak	royaklah
meroyan	kuroyan
meroyan	kauroyan
meroyan	diroyan
meroyan	teroyan
meroyan	royan
meroyan	royanlah
merua	kurua
merua	kaurua
merua	dirua
merua	terua
merua	rua
merua	rualah
meruah	kuruah
meruah	kauruah
meruah	diruah
meruah	teruah
meruah	ruah
meruah	ruahlah
meruahkan	
meruak	kuruak
meruak	kauruak
meruak	diruak
meruak	teruak
meruak	ruak
meruak	ruaklah
meruang	kuruang
meruang	kauruang
meruang	diruang
meruang	teruang
meruang	ruang
meruang	ruanglah
meruap	kuruap
meruap	kauruap
meruap	diruap
meruap	teruap
meruap	ruap
meruap	ruaplah
meruap-ruap	
merubah	kurubah
merubah	kaurubah
merubah	dirubah
merubah	terubah
merubah	rubah
merubah	rubahlah
meruban	kuruban
meruban	kauruban
meruban	diruban
meruban	teruban
meruban	ruban
meruban	rubanlah
merubu-rubu	
merubung	kurubung
merubung	kaurubung
merubung	dirubung
merubung	terubung
merubung	rubung
merubung	rubunglah
merudal	kurudal
merudal	kaurudal
merudal	dirudal
merudal	terudal
merudal	rudal
merudal	rudallah
merugi	kurugi
merugi	kaurugi
merugi	dirugi
merugi	terugi
merugi	rugi
merugi	rugilah
meruing	kuruing
meruing	kauruing
meruing	diruing
meruing	teruing
meruing	ruing
meruing	ruinglah
merujah	kurujah
merujah	kaurujah
merujah	dirujah
merujah	terujah
merujah	rujah
merujah	rujahlah
merujuk	kurujuk
merujuk	kaurujuk
merujuk	dirujuk
merujuk	terujuk
merujuk	rujuk
merujuk	rujuklah
merujuki	dirujuki
merujuki	kurujuki
merujuki	kaurujuki
merujuki	rujuki
merujuki	rujukilah
meruku	kuruku
meruku	kauruku
meruku	diruku
meruku	teruku
meruku	ruku
meruku	rukulah
merukuk	kurukuk
merukuk	kaurukuk
merukuk	dirukuk
merukuk	terukuk
merukuk	rukuk
merukuk	rukuklah
merukunkan	dirukunkan
merukunkan	kurukunkan
merukunkan	kaurukunkan
merukunkan	rukunkan
merukunkan	rukunkanlah
merumbu	kurumbu
merumbu	kaurumbu
merumbu	dirumbu
merumbu	terumbu
merumbu	rumbu
merumbu	rumbulah
merumitkan	dirumitkan
merumitkan	kurumitkan
merumitkan	kaurumitkan
merumitkan	rumitkan
merumitkan	rumitkanlah
merumpi	kurumpi
merumpi	kaurumpi
merumpi	dirumpi
merumpi	terumpi
merumpi	rumpi
merumpi	rumpilah
merumponkan	dirumponkan
merumponkan	kurumponkan
merumponkan	kaurumponkan
merumponkan	rumponkan
merumponkan	rumponkanlah
merumpun	kurumpun
merumpun	kaurumpun
merumpun	dirumpun
merumpun	terumpun
merumpun	rumpun
merumpun	rumpunlah
merumput	kurumput
merumput	kaurumput
merumput	dirumput
merumput	terumput
merumput	rumput
merumput	rumputlah
merumputi	dirumputi
merumputi	kurumputi
merumputi	kaurumputi
merumputi	rumputi
merumputi	rumputilah
merumrum	kurumrum
merumrum	kaurumrum
merumrum	dirumrum
merumrum	terumrum
merumrum	rumrum
merumrum	rumrumlah
merumuk	kurumuk
merumuk	kaurumuk
merumuk	dirumuk
merumuk	terumuk
merumuk	rumuk
merumuk	rumuklah
merumung	kurumung
merumung	kaurumung
merumung	dirumung
merumung	terumung
merumung	rumung
merumung	rumunglah
merumuskan	dirumuskan
merumuskan	kurumuskan
merumuskan	kaurumuskan
merumuskan	rumuskan
merumuskan	rumuskanlah
meruncing	kuruncing
meruncing	kauruncing
meruncing	diruncing
meruncing	teruncing
meruncing	runcing
meruncing	runcinglah
meruncingkan	
merunduk	kurunduk
merunduk	kaurunduk
merunduk	dirunduk
merunduk	terunduk
merunduk	runduk
merunduk	runduklah
merundukkan	
merundung	kurundung
merundung	kaurundung
merundung	dirundung
merundung	terundung
merundung	rundung
merundung	rundunglah
merunggas	kurunggas
merunggas	kaurunggas
merunggas	dirunggas
merunggas	terunggas
merunggas	runggas
merunggas	runggaslah
merungguhkan	dirungguhkan
merungguhkan	kurungguhkan
merungguhkan	kaurungguhkan
merungguhkan	rungguhkan
merungguhkan	rungguhkanlah
merunggut	kurunggut
merunggut	kaurunggut
merunggut	dirunggut
merunggut	terunggut
merunggut	runggut
merunggut	runggutlah
merungkup	kurungkup
merungkup	kaurungkup
merungkup	dirungkup
merungkup	terungkup
merungkup	rungkup
merungkup	rungkuplah
merungus	kurungus
merungus	kaurungus
merungus	dirungus
merungus	terungus
merungus	rungus
merungus	runguslah
merungus-rungus	
merungut	kurungut
merungut	kaurungut
merungut	dirungut
merungut	terungut
merungut	rungut
merungut	rungutlah
merungut-rungut	
merunjang	kurunjang
merunjang	kaurunjang
merunjang	dirunjang
merunjang	terunjang
merunjang	runjang
merunjang	runjanglah
merunjung	kurunjung
merunjung	kaurunjung
merunjung	dirunjung
merunjung	terunjung
merunjung	runjung
merunjung	runjunglah
meruntai	kuruntai
meruntai	kauruntai
meruntai	diruntai
meruntai	teruntai
meruntai	runtai
meruntai	runtailah
merunti	kurunti
merunti	kaurunti
merunti	dirunti
merunti	terunti
merunti	runti
merunti	runtilah
meruntih	kuruntih
meruntih	kauruntih
meruntih	diruntih
meruntih	teruntih
meruntih	runtih
meruntih	runtihlah
meruntuh	kuruntuh
meruntuh	kauruntuh
meruntuh	diruntuh
meruntuh	teruntuh
meruntuh	runtuh
meruntuh	runtuhlah
meruntuhkan	
meruntun	kuruntun
meruntun	kauruntun
meruntun	diruntun
meruntun	teruntun
meruntun	runtun
meruntun	runtunlah
merunut	kurunut
merunut	kaurunut
merunut	dirunut
merunut	terunut
merunut	runut
merunut	runutlah
merunuti	dirunuti
merunuti	kurunuti
merunuti	kaurunuti
merunuti	runuti
merunuti	runutilah
merunyamkan	dirunyamkan
merunyamkan	kurunyamkan
merunyamkan	kaurunyamkan
merunyamkan	runyamkan
merunyamkan	runyamkanlah
merunyut	kurunyut
merunyut	kaurunyut
merunyut	dirunyut
merunyut	terunyut
merunyut	runyut
merunyut	runyutlah
meruok	kuruok
meruok	kauruok
meruok	diruok
meruok	teruok
meruok	ruok
meruok	ruoklah
merupa	kurupa
merupa	kaurupa
merupa	dirupa
merupa	terupa
merupa	rupa
merupa	rupalah
merupai	dirupai
merupai	kurupai
merupai	kaurupai
merupai	rupai
merupai	rupailah
merusak	kurusak
merusak	kaurusak
merusak	dirusak
merusak	terusak
merusak	rusak
merusak	rusaklah
merusaki	dirusaki
merusaki	kurusaki
merusaki	kaurusaki
merusaki	rusaki
merusaki	rusakilah
merusuh	kurusuh
merusuh	kaurusuh
merusuh	dirusuh
merusuh	terusuh
merusuh	rusuh
merusuh	rusuhlah
merusuhi	dirusuhi
merusuhi	kurusuhi
merusuhi	kaurusuhi
merusuhi	rusuhi
merusuhi	rusuhilah
merusuk	kurusuk
merusuk	kaurusuk
merusuk	dirusuk
merusuk	terusuk
merusuk	rusuk
merusuk	rusuklah
merutinkan	dirutinkan
merutinkan	kurutinkan
merutinkan	kaurutinkan
merutinkan	rutinkan
merutinkan	rutinkanlah
merutuk	kurutuk
merutuk	kaurutuk
merutuk	dirutuk
merutuk	terutuk
merutuk	rutuk
merutuk	rutuklah
meruwat	kuruwat
meruwat	kauruwat
meruwat	diruwat
meruwat	teruwat
meruwat	ruwat
meruwat	ruwatlah
meruwetkan	diruwetkan
meruwetkan	kuruwetkan
meruwetkan	kauruwetkan
meruwetkan	ruwetkan
meruwetkan	ruwetkanlah
meruyak	kuruyak
meruyak	kauruyak
meruyak	diruyak
meruyak	teruyak
meruyak	ruyak
meruyak	ruyaklah
mewabah	kuwabah
mewabah	kauwabah
mewabah	diwabah
mewabah	terwabah
mewabah	wabah
mewabah	wabahlah
mewadahi	diwadahi
mewadahi	kuwadahi
mewadahi	kauwadahi
mewadahi	wadahi
mewadahi	wadahilah
mewahyukan	diwahyukan
mewahyukan	kuwahyukan
mewahyukan	kauwahyukan
mewahyukan	wahyukan
mewahyukan	wahyukanlah
mewakili	diwakili
mewakili	kuwakili
mewakili	kauwakili
mewakili	wakili
mewakili	wakililah
mewalakkan	diwalakkan
mewalakkan	kuwalakkan
mewalakkan	kauwalakkan
mewalakkan	walakkan
mewalakkan	walakkanlah
mewalikan	diwalikan
mewalikan	kuwalikan
mewalikan	kauwalikan
mewalikan	walikan
mewalikan	walikanlah
mewangi	kuwangi
mewangi	kauwangi
mewangi	diwangi
mewangi	terwangi
mewangi	wangi
mewangi	wangilah
mewangikan	
mewantek	kuwantek
mewantek	kauwantek
mewantek	diwantek
mewantek	terwantek
mewantek	wantek
mewantek	wanteklah
mewarisi	diwarisi
mewarisi	kuwarisi
mewarisi	kauwarisi
mewarisi	warisi
mewarisi	warisilah
mewariskan	diwariskan
mewariskan	kuwariskan
mewariskan	kauwariskan
mewariskan	wariskan
mewariskan	wariskanlah
mewarnai	diwarnai
mewarnai	kuwarnai
mewarnai	kauwarnai
mewarnai	warnai
mewarnai	warnailah
mewartakan	diwartakan
mewartakan	kuwartakan
mewartakan	kauwartakan
mewartakan	wartakan
mewartakan	wartakanlah
mewasiti	diwasiti
mewasiti	kuwasiti
mewasiti	kauwasiti
mewasiti	wasiti
mewasiti	wasitilah
mewaspadai	diwaspadai
mewaspadai	kuwaspadai
mewaspadai	kauwaspadai
mewaspadai	waspadai
mewaspadai	waspadailah
mewataki	diwataki
mewataki	kuwataki
mewataki	kauwataki
mewataki	wataki
mewataki	watakilah
mewatasi	diwatasi
mewatasi	kuwatasi
mewatasi	kauwatasi
mewatasi	watasi
mewatasi	watasilah
mewawancarai	diwawancarai
mewawancarai	kuwawancarai
mewawancarai	kauwawancarai
mewawancarai	wawancarai
mewawancarai	wawancarailah
mewawas	kuwawas
mewawas	kauwawas
mewawas	diwawas
mewawas	terwawas
mewawas	wawas
mewawas	wawaslah
mewayangkan	diwayangkan
mewayangkan	kuwayangkan
mewayangkan	kauwayangkan
mewayangkan	wayangkan
mewayangkan	wayangkanlah
mewedar	kuwedar
mewedar	kauwedar
mewedar	diwedar
mewedar	terwedar
mewedar	wedar
mewedar	wedarlah
mewedel	kuwedel
mewedel	kauwedel
mewedel	diwedel
mewedel	terwedel
mewedel	wedel
mewedel	wedellah
mewejang	kuwejang
mewejang	kauwejang
mewejang	diwejang
mewejang	terwejang
mewejang	wejang
mewejang	wejanglah
mewilayahi	diwilayahi
mewilayahi	kuwilayahi
mewilayahi	kauwilayahi
mewilayahi	wilayahi
mewilayahi	wilayahilah
mewiridkan	diwiridkan
mewiridkan	kuwiridkan
mewiridkan	kauwiridkan
mewiridkan	wiridkan
mewiridkan	wiridkanlah
mewiru	kuwiru
mewiru	kauwiru
mewiru	diwiru
mewiru	terwiru
mewiru	wiru
mewiru	wirulah
mewismakan	diwismakan
mewismakan	kuwismakan
mewismakan	kauwismakan
mewismakan	wismakan
mewismakan	wismakanlah
mewisuda	kuwisuda
mewisuda	kauwisuda
mewisuda	diwisuda
mewisuda	terwisuda
mewisuda	wisuda
mewisuda	wisudalah
mewujud	kuwujud
mewujud	kauwujud
mewujud	diwujud
mewujud	terwujud
mewujud	wujud
mewujud	wujudlah
meyakin-yakini	
meyakini	diyakini
meyakini	kuyakini
meyakini	kauyakini
meyakini	yakini
meyakini	yakinilah
meyakinkan	diyakinkan
meyakinkan	kuyakinkan
meyakinkan	kauyakinkan
meyakinkan	yakinkan
meyakinkan	yakinkanlah
mintalah	minta
minumlah	minum
mohonlah	orang
mudalah	muda
musiman	
mustaidlah	mustaid
muwafakatlah	muwafakat
nakal-nakalan	
nanti-nantian	
nasib-nasiban	
ngaben	kuaben
ngaben	kauaben
ngaben	diaben
ngaben	teraben
ngaben	aben
ngaben	abenlah
ngenas	kuenas
ngenas	kauenas
ngenas	dienas
ngenas	terenas
ngenas	enas
ngenas	enaslah
nyatalah	nyata
nyut-nyutan	
oranglah	orang
padulah	padu
palu-memalu	
pancingan	
pandang-memandang	
pasang-memasang	
pasanglah	pasang
patiklah	patik
patungan	
patutlah	patut
paut-memaut	
pelesiran	
pentung-pentungan	
peranjat	
pergilah	pergi
perhati	
perlima	
perpelancongan	
persatu	
persegi	
persenan	
pilin-memilin	
pinjam-meminjam	
pintalah	pinta
piting-memiting	
potong-memotong	
pukul-memukul	
punggung-memunggung	
rahasia-rahasiaan	
rangkaian	
rangkul-merangkul	
rebah-rebahan	
rembukan	
sabarlah	sabar
sabung-menyabung	
sahut-menyahut	
saing-menyaing	
sambar-menyambar	
sambung-bersambung	
sambung-menyambung	
sambut-menyambut	
sambutlah	sambut
sampailah	sampai
sampelah	sampe
samping-menyamping	
sandar-menyandar	
sangatlah	sangat
sangkut-menyangkut	
santaplah	santap
sapa-menyapa	
sauk-menyauk	
sebambang	
sebambangan	
sebelah-menyebelah	
seberang-menyeberang	
sebutlah	sebut
sedang-menyedang	
segan-menyegan	
segan-menyegani	
segeralah	segera
seia	
sela-menyela	
selantara	
selesailah	selesai
selir-menyelir	
seluk-semeluk	
sembunyi	
sembunyi-sembunyian	
semeluk	
semenandung	
semenda-menyemenda	
semilir	
seminar	
sempurnalah	sempurna
sengau-sengauan	
senggol-menyenggol	
sepencapai	
serang-menyerang	
serang-serangan	
seraya-menyeraya	
serempak	
serobot-serobotan	
serong-menyerong	
serta-menyertai	
sesaing	
sesak-menyesak	
sesal-menyesali	
sesambat	
sesenggukan	
setuju	
sikatlah	sikat
sikut-sikutan	
silakanlah	silakan
silalah	sila
silang-menyilang	
silir-semilir	
sinar-menyinar	
sinar-seminar	
sinar-suminar	
sindir-menyindir	
singgah-menyinggah	
sinian	
sinilah	sini
sir-siran	
sirna	
sudahlah	sudah
sulang-menyulang	
sundut-bersundut	
sunting-menyunting	
surat-menyurat	
suruhlah	suruh
suruk-surukan	
susul-menyusul	
syukuran	
syukurlah	syukur
tabun-menabun	
taksiran	
tali-bertali	
talun-temalun	
tanak-tanakan	
tanam-tanaman	
tanggung-menanggung	
tarik	
tarik-menarik	
tasyakuran	
tawar-menawar	
tegerbang-gerbang	
telanjuk	
temalun	
temayun	
tembak-menembak	
tenggang-menenggang	
tengok-menengok	
tepercul	
tepergok	
teperling	
tepersil	
teraba-raba	
terabai	
teragung	
teralang-alang	
teralienasi	
teramat	
terambang-ambang	
terambung-ambung	
terandal	
terang-terangan	
teranggar-anggar	
terangguk-angguk	
teranggul-anggul	
terangin-angin	
terangkup-angkup	
terapung-apung	
terasa	
teratung-atung	
terayan-rayan	
terayap-rayap	
terbabang	
terbada-bada	
terbambang	
terbatuk-batuk	
terbayang-bayang	
terbelangah	
terbelelang	
terbelingkang	
terbengong-bengong	
terbentus	
terberumbun	
terbeti	
terbetik	
terbirit	
terbirit-birit	
terbuai-buai	
terbuang-buang	
terbudur	
terbuncang	
terbungkuk-bungkuk	
terburu-buru	
tercangak-cangak	
tercekluk	
tercelapak	
tercelentang	
tercelomok	
tercengang-cengang	
tercengung	
tercerabut	
tercilap-cilap	
tercingangah	
tercongget-congget	
tercoreng-moreng	
terdadek	
terdangka-dangka	
terdengak	
terdengih-dengih	
terdodong	
terdohok	
terduga-duga	
terekeh-ekeh	
terembut-embut	
terembut-rembut	
terempas-empas	
terendong	
terengah-engah	
terentas	
terepas	
teresak-esak	
tergagap-gagap	
tergagau-gagau	
tergamak	
tergamang	
tergapai-gapai	
tergegas-gegas	
tergegau	
tergelak-gelak	
tergelebar	
tergelenang	
tergeleng-geleng	
tergelincuh	
tergelintang	
tergelohok	
tergeluncur	
tergelung-gelung	
tergemap	
tergerai-gerai	
tergerak-gerak	
tergerenyeng-gerenyeng	
tergial	
tergila-gila	
tergolek-golek	
tergontai-gontai	
tergopoh-gopoh	
tergudik-gudik	
terguling-guling	
terhambat-hambat	
terharap-harap	
terhenti	
terhentilah	terhenti
terhinggut-hinggut	
terhuyung	
terigau-igau	
terimpi-impi	
terincut-incut	
teringa-inga	
teringat-ingat	
terinjak-injak	
terintrusi	
terion	
terionisasi	
terisak-isak	
terjali	
terjangkiti	
terjeblok	
terjembak-jembak	
terjerembat	
terjerembun	
terjerit-jerit	
terjerohok	
terjerunuk	
terjila	
terkagum-kagum	
terkakah-kakah	
terkakak-kakak	
terkampul-kampul	
terkancah	
terkanjar-kanjar	
terkantuk-kantuk	
terkapah-kapah	
terkapai-kapai	
terkapung-kapung	
terkatah-katah	
terkatung-katung	
terkecap-kecap	
terkecundang	
terkedek-kedek	
terkedip-kedip	
terkejar-kejar	
terkekau-kekau	
terkekeh-kekeh	
terkekek-kekek	
terkelempai	
terkelepek	
terkelepet	
terkelinjat-kelinjat	
terkelip-kelip	
terkelubak	
terkempul-kempul	
terkemut-kemut	
terkencing	
terkencing-kencing	
terkentut-kentut	
terkepak-kepak	
terkerangka	
terkereseng	
terkesiap	
terkesima	
terkesut-kesut	
terkial-kial	
terkijai-kijai	
terkikih-kikih	
terkikik-kikik	
terkimah	
terkimpus	
terkincak-kincak	
terkindap-kindap	
terkinja-kinja	
terkira	
terkirai-kirai	
terkitar-kitar	
terkiuk	
terkobar	
terkojol-kojol	
terkosel-kosel	
terkotak-kotak	
terkuai-kuai	
terkumpal-kumpal	
terlalai	
terlalulah	terlalu
terlancap	
terlanjau	
terlantung-lantung	
terlara-lara	
terlayang-layang	
terlengar	
terlepap	
terlimpas	
terlincah-lincah	
terliuk-liuk	
terlolong-lolong	
terlongong-longong	
terlonsong	
terluka	
terlukis	
terlungsar	
terlupa	
termaktub	
termandam	
termangau	
termangu	
termangu-mangu	
termanja-manja	
termateri	
termazkur	
termengah-mengah	
termengkelan	
termenung-menung	
termilik	
termimpi-mimpi	
ternanti-nanti	
terngiang-ngiang	
ternyana	
ternyata	
terobsesi	
teroleng-oleng	
terpalit-palit	
terpana	
terpandang-pandang	
terpangah	
terpantau	
terpanting	
terpasah	
terpecah-pecah	
terpekik-pekik	
terpelajar	
terpelanting	
terpelecok	
terpelekok	
terpelencit	
terpelengak	
terpelosot	
terpencar-pencar	
terpental	
terperenyak	
terperohong	
terperosok	
terpico	
terpijak-pijak	
terpikau-pikau	
terpikir	
terpilah-pilah	
terpincut	
terpingkal-pingkal	
terpingkau-pingkau	
terpisah	
terpojok	
terponggok	
terprovokasi	
terpusing-pusing	
terputus	
tersakat	
tersalur	
tersampai	
tersanga-sanga	
tersaruk-saruk	
tersedak	
tersedan-sedan	
tersedih-sedih	
tersedu-sedu	
terseduh-seduh	
terselulur	
tersendat-sendat	
tersendeng-sendeng	
tersendorong	
tersengal-sengal	
tersengguk-sengguk	
tersengsam	
terseok-seok	
tersera-sera	
terserak-serak	
terserampuk	
terserandung	
tersetai-setai	
tersingahak	
tersingit	
tersipu	
tersirap	
tersisih	
tersohor	
tersoja-soja	
tersomplok	
tersompok	
tersongel	
tersoren	
tersubstitusikan	
tersungkap	
tersungkuk	
tersungkuk-sungkuk	
tersuntuk	
tersuruk-suruk	
tersuspensi	
tertadung	
tertagak-tagak	
tertahan-tahan	
tertangguh	
tertatal	
tertatih-tatih	
tertawa	
tertegun-tegun	
tertekan-tekan	
tertembus	
tertendang-tendang	
tertenggan	
tertimba	
tertimbakan	
tertitar-titar	
tertunam	
teruit	
terumbang-umbang	
terungkap-ungkap	
terwaralaba	
teserling	
tiadalah	tiada
tidaklah	tidak
tidur-tiduran	
tiduran	
tidurlah	tidur
tikam-menikam	
tilik-menilik	
timbang-menimbang	
timpa-menimpa	
tindih-bertindih	
tindih-menindih	
tinggallah	tinggal
tinjau-meninjau	
tinju-meninju	
tirakatan	
tiru-tiruan	
tokok-menokok	
tolak-menolak	
tolong-menolong	
tukang-menukang	
tukar-menukar	
tulis-menulis	
tunjuk-menunjuk	
turun-temurun	
turunlah	turun
turut-menurut	
ubahlah	ubah
ubek-ubekan	
unggul-mengungguli	
upah-mengupah	
urup-urupan	
