word	pos_values
a	character,noun,prep
a-bombe	noun
a-cappella-kor	noun
a-hus	noun
a-kasse	noun
a-kraft	noun
aabenraa	name
aagaard	name
aage	name
aagesen	name
aalborg	name
aarhus	name
aase	name
ab	prep
abasi	noun
abbed	noun
abbedi	noun
abbedisse	noun
abc	noun
abdicere	verb
abdicering	noun
abdikation	noun
abe	noun,verb
abebestand	noun
abebrødtræ	noun
abehus	noun
abelone	name
abelsen	name
abeløjer	noun
aberration	noun
abetræ	noun
abildgård	name,noun
abkhaser	noun
abkhasien	name
ablation	noun
ablativ	adj,noun
abnorm	adj
abnormitet	noun
abonnement	noun
abonnere	verb
aboriginer	noun
aborre	noun
abort	noun
abrahamsen	name
abrikos	noun
abrikosfarvet	adj
abrikostræ	noun
absalon	name
absence	noun
absint	noun
absolut	adj,adv,noun
absoluthed	noun
absolution	noun
absolutisme	noun
absolutist	noun
absolutkvadrat	noun
absorbere	verb
absorbering	noun
absorption	noun
abstrakt	adj,adv,noun
abstraktionsniveau	noun
absurd	adj,adv
absurditet	noun
abyssinier	noun
acceleration	noun
accelerere	verb
accent	noun
accentuere	verb
acceptabel	adj
acceptere	verb
accidentel	adj
acesulfam-kalium	noun
acetat	noun
acetone	noun
acetylsalicylsyre	noun
achilles	name
achilleus	name
actinium	noun
ad	intj,prep
adam	name
adamsen	name
adamsæble	noun
addere	verb
addition	noun
adel	noun
adelsdame	noun
adelskab	noun
adelskvinde	noun
adelsmand	noun
adfærd	noun
adgang	noun
adgangsbillet	noun
adgangskode	noun
adhd	noun
adjektiv	noun
adjunkt	noun
adjø	intj
adlyde	verb
administration	noun
adolf	name
adolfsen	name
adoptivbarn	noun
adoptivsøn	noun
adr	intj
adresse	noun
adressere	verb
adrian	name
adræt	adj
adræthed	noun
adskille	verb
adskillelse	noun
adsprede	verb
adspredelse	noun
adspredt	adj
adspredthed	noun
adstadig	adj
adstadighed	noun
advare	verb
advarsel	noun
advent	noun
adverbium	noun
advisere	verb
advokado	noun
advokat	noun
advokatfirma	noun
ae	verb
aerodynamik	noun
aerodynamisk	adj
aerofobi	noun
af	adv,prep
afart	noun
afasi	noun
afatiker	noun
afatisk	adj
afbestille	verb
afbestilling	noun
afbetale	verb
afbetaling	noun
afbigt	noun
afbilde	verb
afbildning	noun
afblege	verb
afblegning	noun
afbryde	verb
afbrydelse	noun
afbrænde	verb
afbrænding	noun
afdeling	noun
afdrag	noun
afdrage	verb
afdød	adj
affald	noun
affaldsafgift	noun
affaldsbeholder	noun
affaldsbørs	noun
affaldscontainer	noun
affaldsdeponering	noun
affaldsdeponi	noun
affaldsdepot	noun
affaldsdynge	noun
affaldsforbrænding	noun
affaldsforbrændingsanlæg	noun
affaldsgebyr	noun
affaldskurv	noun
affaldspapir	noun
affaldspose	noun
affaldsskakt	noun
affaldssortering	noun
affaldsstof	noun
affaldssæk	noun
affaldstræ	noun
affekt	noun
affektion	noun
affektiv	adj
afferent	adj
afficere	verb
affinde	verb
affirmation	noun
affirmativ	adj
affolke	verb
affolket	adj
affolkning	noun
affære	noun
afføde	verb
afføre	verb
afføring	noun
afgang	noun
afgangstid	noun
afghaner	noun
afgift	noun
afgive	verb
afgivelse	noun
afgrund	noun
afgrøde	noun
afgud	noun
afguderi	noun
afgudsdyrkelse	noun
afgå	verb
afgøre	verb
afgørelse	noun
afgørende	adj,adv
afhandling	noun
afhente	verb
afhentning	noun
afholde	verb
afholdende	adj,adv
afholdenhed	noun
afholdt	adj
afhænge	verb
afhængig	adj
afhængighed	noun
afisoleringstang	noun
afklassificere	verb
afklæde	verb
afkolonisere	verb
afkolonisering	noun
afkom	noun
afkorte	verb
afkriminalisere	verb
afkriminalisering	noun
afkristning	noun
aflad	noun
aflade	verb
aflaste	verb
aflastning	noun
aflede	verb
afledning	noun
afledt	adj
aflevere	verb
aflevering	noun
aflive	verb
aflyd	noun
aflyse	verb
aflæse	verb
afløb	noun
afløbsrens	noun
aflønne	verb
aflønning	noun
afmagt	noun
afmilitarisere	verb
afmystificere	verb
afmåle	verb
afmåling	noun
afmålt	adj
afmålthed	noun
afmægtig	adj
afmærke	verb
aforisme	noun
aforistiker	noun
aforistisk	adj
afpresning	noun
afprøve	verb
afprøvning	noun
afregne	verb
afregning	noun
afrejse	noun,verb
afrika	name
afrikaaner	noun
afrikaans	noun
afrikaner	noun
afrikansk	adj
afrikanskhed	noun
afrive	verb
afrocentrisk	adj
afrodisiakum	noun
afrodite	name
afruse	verb
afsavn	noun
afsender	noun
afsindig	adj
afsindighed	noun
afskaffe	verb
afskaffelse	noun
afsked	noun
afskedige	verb
afskedigelse	noun
afskedsord	noun
afskovning	noun
afskrift	noun
afskrive	verb
afskriver	noun
afskrække	verb
afskrækkelse	noun
afskrækning	noun
afskrælle	verb
afsky	noun,verb
afskyelig	adj
afskygning	noun
afslapning	noun
afslappe	verb
afslappelse	noun
afslappet	adj
afslappethed	noun
afslutning	noun
afslutte	verb
afslutter	noun
afslå	verb
afsløre	verb
afsløring	noun
afsmitning	noun
afsnit	noun
afsnitsfølge	noun
afsnubbe	verb
afspille	verb
afspænde	verb
afspænding	noun
afstand	noun
afstedkomme	verb
afstemme	verb
afstemning	noun
afstraffe	verb
afstraffelse	noun
afstumpe	verb
afstå	verb
afståelse	noun
afstøde	verb
afsværge	verb
afsværgelse	noun
afsæt	noun
afsætte	verb
aftabuisere	verb
aftage	verb
aftager	noun
aftagerland	noun
aftale	noun,verb
aften	noun
aftenkjole	noun
aftenpragtstjerne	noun
aftensmad	noun
aftenstjerne	noun
aftes	noun
aftrækker	noun
aftægt	noun
afvandingsområde	noun
afveje	verb
afveksle	verb
afvekslende	adv
afveksling	noun
afvente	verb
afventning	noun
afvige	verb
afvigelse	noun
afviger	noun
afvikle	verb
afvise	verb
afvisning	noun
afvænne	verb
afvænning	noun
afværge	verb
afæske	verb
agat	noun
agathe	name
agave	noun
agent	noun
agentur	noun
agerbrug	noun
agerdyrkning	noun
agere	verb
ageren	noun
agerhøne	noun
agerjord	noun
agerland	noun
agern	noun
agglomerat	noun
agglutination	noun
agglutinere	verb
aggregat	noun
aggregere	verb
aggression	noun
aggressiv	adj
aggressivitet	noun
aggressor	noun
agil	adj
agitation	noun
agitator	noun
agitere	verb
agn	noun
agnatisk	adj
agnes	name
agnete	name
agnethe	name
agnostiker	noun
agoni	noun
agora	noun
agorafobi	noun
agronom	noun
agronomi	noun
agt	noun
agte	verb
agtelse	noun
agter	adj,adv
agterstavn	noun
agtpågivende	adj
agtpågivenhed	noun
agtværdig	adj
agurk	noun
agurketid	noun
ah	intj
ahasverus	name
ahistorisk	adj
ahmen	intj
ahorn	noun
ahornsirup	noun
ahorntræ	noun
ai	noun
aids	noun
aidsepidemi	noun
aikido	noun
aircondition	noun
ajle	noun
ajour	adj
akacietræ	noun
akademi	noun
akademiker	noun
akademisk	adj
akavet	adj
akavethed	noun
akilleshæl	noun
akillessene	noun
akklimatisere	verb
akkolade	noun
akkord	noun
akkordeon	noun
akkumulator	noun
akkumulere	verb
akkurat	adv
akkusativ	noun
akrobat	noun
akrofobi	noun
akronym	noun
aks	noun
akse	noun
aksel	name,noun
akselsen	name
aksiom	noun
akt	noun
aktie	noun
aktieselskab	noun
aktindsigt	noun
aktion	noun
aktionere	verb
aktionsforskning	noun
aktionær	noun
aktiv	adj,noun
aktivere	verb
aktivering	noun
aktivisere	verb
aktivist	noun
aktivitet	noun
aktstykke	noun
aktuel	adj
akupunktur	noun
akutbil	noun
akvakultur	noun
akvamarin	noun
akvarel	noun
akvarium	noun
akvavit	noun
akvædukt	noun
al	noun,pron
alabama	name
alabast	noun
alarm	noun
alarmklokke	noun
alaska	name
albaner	noun
albanien	name
albansk	adj,noun
albanskhed	noun
albatros	noun
albert	name
alberte	name
albertsen	name
albino	noun
albue	noun,verb
albuerum	noun
album	noun
albumin	noun
albæk	name
aldehyd	noun
aldeles	adv
alder	noun
alderdom	noun
aldersgruppe	noun
aldersgrænse	noun
alderspension	noun
alderspensionist	noun
alderssvarende	adj
alderstegen	adj
alderstræk	noun
aldrig	adv
aldring	noun
alen	noun
alene	adj,adv
alenefar	noun
alenehed	noun
alenetid	noun
alenlang	adj
alex	name
alexander	name
alexandersen	name
alexandra	name
alexandria	name
alf	name,noun
alfabet	noun
alfabetisk	adj
alfader	name
alfahan	noun
alfahun	noun
alfapartikel	noun
alfons	noun
alfred	name
algebra	noun
algebraisk	adj
algerier	noun
algeriet	name
algerisk	adj
algeriskhed	noun
algoritme	noun
algoritmisk	adj
alibi	noun
alice	name
alk	noun
alkali	noun
alkalimetal	noun
alkalisk	adj
alkan	noun
alkefugl	noun
alkohol	noun
alkoholforbud	noun
alkoholforgiftning	noun
alkoholfri	adj
alkoholholdig	adj
alkoholiker	noun
alkoholisme	noun
alkoholmisbrug	noun
alkoholmisbruger	noun
alkymist	noun
allan	name
allegori	noun
allegorisk	adj,adv
allehelgensdag	noun
allemandsviden	noun
allerede	adv
allergi	noun
allergifremkaldende	adj
allergiker	noun
allergisk	adj
allesammen	pron
alliance	noun
alligator	noun
alligevel	adv
allike	noun
allokering	noun
alma	name
almagt	noun
almen	adj
almeneje	noun
almengyldig	adj
almengyldighed	noun
almengøre	verb
almengørelse	noun
almenhed	noun
almeninteresse	noun
almenkendt	adj
almenmenneskelig	adj
almennyttig	adj
almensprog	noun
almensproglig	adj
almenvel	noun
almenviden	noun
almindelig	adj,adv
almindeliggøre	verb
almindeliggørelse	noun
almindelighed	noun
almindeligvis	adv
almue	noun
almægtig	adj
almægtighed	noun
alp	noun
alpaka	noun
alper	name
alperne	name
alperose	noun
alsidig	adj
alsidighed	noun
alskens	adj
altan	noun
alter	noun
altergang	noun
alternativ	adj,noun
altertavle	noun
altid	adv
altimeter	noun
alting	noun,pron
altmuligmand	noun
altruistisk	adj
altsaxofon	noun
altæder	noun
alufolie	noun
aluminium	noun
aluminiumsfolie	noun
alveolar	noun
alveolær	adj
alverden	name
alverdens	adj
alvidende	adj
alvidenhed	noun
alvilda	name
alvor	noun
alvorlig	adj
alvorlighed	noun
alvorsmand	noun
alvorsord	noun
amager	noun
amalie	name
amanda	name
amanuensis	noun
amatør	noun
amatørornitolog	noun
ambassade	noun
ambassadør	noun
ambition	noun
ambitiøs	adj
ambolt	noun
ambra	noun
ambulance	noun
americium	noun
amerika	name
amerikaner	noun
amerikansk	adj
amerikanskhed	noun
ametyst	noun
amfibium	noun
amfiteater	noun
amin	noun
aminosyre	noun
amme	noun,verb
ammoniak	noun
ammonium	noun
amnesi	noun
amnesti	noun
amning	noun
amok	adj
amsterdam	name
amt	noun
amundsen	name
amøbe	noun
an	adv
anagram	noun
anakonda	noun
analfabet	noun
analfabetisk	adj
analfabetisme	noun
analog	adj
analogi	noun
analogisk	adj
analsex	noun
analyse	noun
analysere	verb
analytiker	noun
analytisk	adj
ananas	noun
anarki	noun
anarkisme	noun
anarkist	noun
anarkistisk	adj
anatolien	name
anatomi	noun
anatomisk	adj
anbefale	verb
anbringe	verb
anciennitet	noun
and	noun
andagt	noun
andalusier	noun
andebestand	noun
andefedt	noun
andel	noun
andelsbolig	noun
andemad	noun
anden	num,pron
andendag	noun
andengenerationsindvandrer	noun
andengradsligning	noun
andenudgave	noun
anderledes	adj,adv
anderledestænkende	adj
anders	name
andersen	name
andersensk	adj
andersson	name
andorra	name
andorraner	noun
andrea	name
andreas	name
andreasen	name
andresen	name
andrik	noun
androide	noun
ane	name,noun,verb
anekdote	noun
anekdotisk	adj
anelse	noun
anerkende	verb
anerkendelse	noun
anette	name
anfald	noun
anfaldsfri	adj
anføre	verb
anførselstegn	noun
angakok	noun
anger	noun
angerfuld	adj
angergiven	adj
angive	verb
angivelig	adj
angivelse	noun
angiver	noun
angiveri	noun
anglofil	adj,noun
angola	name
angolaner	noun
angolansk	adj
angre	verb
angreb	noun
angribe	verb
angriber	noun
angst	adj,noun
angstanfald	noun
angstskrig	noun
angå	verb
angående	prep
anhedoni	noun
anholde	verb
anholdelse	noun
anhænger	noun
animalsk	adj
animator	noun
anime	noun
animere	verb
animering	noun
anis	noun
anisotrop	adj
anisotropi	noun
anisotropisk	adj
anita	name
anja	name
anke	noun,verb
anker	name,noun
ankerplads	noun
ankersen	name
anklage	noun,verb
ankomme	verb
ankomst	noun
ankomsttid	noun
ankre	verb
anlagt	adj
anledning	noun
anlæg	noun
anlægge	verb
anløben	adj
anmelde	verb
anmeldelse	noun
anmelder	noun
anmode	verb
ann	name
anna	name
anne	name
anne-lise	name
anne-marie	name
anne-mette	name
anne-sofie	name
annektering	noun
annelise	name
annemarie	name
annemette	name
annette	name
anni	name
annie	name
annihilere	verb
annoncere	verb
annoncering	noun
annullation	noun
annullere	verb
annullering	noun
anny	name
anonym	adj
anonymisere	verb
anonymitet	noun
anorak	noun
anordning	noun
anoreksi	noun
anormalitet	noun
ansat	adj
anse	verb
anseelse	noun
anselig	adj
anset	adj
ansigt	noun
ansjos	noun
anskaffe	verb
anskaffelse	noun
anskue	verb
anskuelig	adj
anskueliggøre	verb
anskuelighed	noun
anskuelse	noun
anslag	noun
anslå	verb
anspore	verb
anspænde	verb
anspændelse	noun
anspændt	adj
anstalt	noun
anstand	noun
anstrenge	verb
anstrengelse	noun
anstrengende	adj
anstrøg	noun
anstå	verb
anstændig	adj
anstændighed	noun
anstød	noun
anstødelig	adj
anstødelighed	noun
ansvar	noun
ansvarlig	adj
ansvarliggøre	verb
ansvarsfraskrivelse	noun
ansvarsløs	adj
ansvarsløshed	noun
ansætte	verb
ansættelse	noun
ansættelsessamtale	noun
ansøge	verb
ansøger	noun
ansøgning	noun
antage	verb
antagelig	adj,adv
antagelse	noun
antagonist	noun
antal	noun
antarktis	name
antarktisk	adj
antaste	verb
antenne	noun
anthonsen	name
antibiotikum	noun
antidemokratisk	adj
antiintellektualisme	noun
antikken	noun
antiklerikal	adj
antikrist	name,noun
antilope	noun
antimon	noun
antipartikel	noun
antipati	noun
antisemitisk	adj
antisemitisme	noun
antiseptisk	adj
antisocial	adj
antistof	noun
antitese	noun
antoinette	name
antologi	noun
anton	name
antonie	name
antonsen	name
antonym	adj,noun
antonymi	noun
antropocentrisme	noun
antropolog	noun
antropologi	noun
antropologisk	adj
antropomorf	adj
antropomorfisme	noun
antræffe	verb
antwerpen	name
antyde	verb
antydning	noun
anubis	name
anus	noun
anvende	verb
anvendelse	noun
anyway	adv
anæmisk	adj
anæstesi	noun
aorist	noun
apalhraun	noun
apanage	noun
apati	noun
apatisk	adj
aphrodite	name
apnø	noun
apokalypse	noun
apokope	noun
apollon	name
apologetisk	adj
apoptose	noun
apostolisk	adj
apostrof	noun
apotek	noun
apoteker	noun
apoteose	noun
apoteosere	verb
app	noun
apparat	noun
appellere	verb
appelsin	noun
appelsinfri	adj
appelsinhud	noun
appelsinjuice	noun
appelsinskal	noun
appelsinskræl	noun
appendiks	noun
appetit	noun
applicere	verb
applicering	noun
applikation	noun
april	noun
aprilsnar	noun
apropos	adv,noun,prep
aps	noun
ar	noun
ara	noun
araber	noun
arabien	name
arabisk	adj,noun
arabiskhed	noun
aragonisk	adj
aramæer	noun
arbejde	noun,verb
arbejder	noun
arbejderbi	noun
arbejderklasse	noun
arbejdsbetingelse	noun
arbejdsbi	noun
arbejdsbord	noun
arbejdsdag	noun
arbejdsdefinition	noun
arbejdsdeling	noun
arbejdsdygtig	adj
arbejdsdyr	noun
arbejdsforhold	noun
arbejdsgiver	noun
arbejdskollega	noun
arbejdskraft	noun
arbejdsledig	adj
arbejdslejr	noun
arbejdsliv	noun
arbejdsløs	adj
arbejdsløshed	noun
arbejdsmiljø	noun
arbejdsnarkoman	noun
arbejdsom	adj
arbejdsomhed	noun
arbejdsplads	noun
arbejdsro	noun
arbejdsrum	noun
arbejdstager	noun
arbejdstilladelse	noun
arbejdstøj	noun
arbejdsuge	noun
arbejdsvilkår	noun
arbitrær	adj
ard	noun
areal	noun
ares	name
arg	adj
argentina	name
argentiner	noun
argentinsk	adj
argentinskhed	noun
argon	noun
argument	noun
argumentation	noun
argumentere	verb
arie	noun
arier	noun
arisk	adj
aristofanes	name
aristokrat	noun
aristokrati	noun
aristokratisk	adj
aristophanes	name
aristoteles	name
aristotelisk	adj
aritmetisk	adj
arizona	name
ark	noun
arkade	noun
arkaisk	adj
arkansas	name
arketype	noun
arkipelag	noun
arkitekt	noun
arkitektur	noun
arkitrav	noun
arkiv	noun
arkivar	noun
arkivere	verb
arktis	name
arktisk	adj
arkæolog	noun
arkæologi	noun
arm	adj,noun
armbrøst	noun
armbåndsur	noun
arme	noun
armenien	name
armenier	noun
armensk	adj,noun
armenskhed	noun
armhule	noun
armillarsfære	noun
armlægning	noun
armod	noun
armstol	noun
arne	name,noun
arnesen	name
arnold	name
arnth	name
aromatisk	adj
aron	name
aronsen	name
arp	noun
arpeggio	noun
arrangement	noun
arrangere	verb
arrest	noun
arrestere	verb
arresteret	adj
arresthus	noun
arrig	adj
arrigskab	noun
arrigtrold	noun
arrogance	noun
arrogant	adj
arsen	noun
arsenik	noun
art	noun
arte	verb
artemis	name
arterie	noun
arthur	name
artificiel	adj
artig	adj
artighed	noun
artikel	noun
artiskok	noun
artist	noun
artisteri	noun
artritis	noun
artrose	noun
arv	noun
arve	noun,verb
arvefjende	noun
arvefølgekrig	noun
arvelig	adj
arvesen	name
arvesynd	noun
arvid	name
arving	noun
arytmi	noun
as	noun
asatro	noun
asbest	noun
asbjørn	name
ascorbinsyre	noun
ase	verb
aseksualitet	noun
asen	noun
aseptisk	adj
aserbajdsjan	name
aserbajdsjaner	noun
aserbajdsjansk	adj,noun
asetro	noun
asfalt	noun
asfaltere	verb
asfaltering	noun
asfyksi	noun
asger	name
asgård	name
asiat	noun
asiatiskhed	noun
asie	noun
asien	name
ask	noun
aske	name,noun,verb
askebæger	noun
askepot	name
askeregn	noun
asketræ	noun
askorbinsyre	noun
asmus	name
asocial	adj
asocialitet	noun
asp	noun
asparges	noun
aspartam	noun
aspekt	noun
aspirant	noun
aspiration	noun
aspirere	verb
assemblage	noun
assertiv	adj
assimilation	noun
assimilere	verb
assistent	noun
assistere	verb
assisterende	adj
association	noun
associativ	adj
associativitet	noun
associere	verb
assortiment	noun
assurandør	noun
assyrer	noun
assyriologi	noun
assyrisk	adj
asta	name
astat	noun
asterisk	noun
asteroide	noun
astma	noun
astmaanfald	noun
astmapatient	noun
astmatiker	noun
astmatisk	adj
astrid	name
astrocyt	noun
astrofysik	noun
astrofysiker	noun
astrologi	noun
astrologisk	adj
astronaut	noun
astronom	noun
astronomi	noun
astronomisk	adj
asyl	noun
asylansøger	noun
asymmetrisk	adj
asynkron	adj
at	conj,particle
ateisme	noun
ateist	noun
ateistisk	adj
atgejr	noun
athen	name
athena	name
athene	name
athener	noun
athenienser	noun
atheniensisk	adj
athensk	adj
athenæer	noun
athenæisk	adj
atlanterhavet	name
atlantisk	adj
atlet	noun
atmosfære	noun
atmosfærisk	adj
atol	noun
atom	noun
atomaffald	noun
atombombe	noun
atomkerne	noun
atomkraft	noun
atommasse	noun
atomnedrustning	noun
atomnummer	noun
atomreaktor	noun
atomur	noun
atomvåben	noun
atonal	adj
atrium	noun
atriumhus	noun
atten	num
attentat	noun
attentatforsøg	noun
atter	adv
attest	noun
attestation	noun
attestere	verb
attestering	noun
attisk	adj,noun
attraktiv	adj
attribut	noun
attrå	noun,verb
attråværdig	adj
atypisk	adj
aubergine	noun
auditor	noun
auditorium	noun
august	name,noun
augusta	name
auktionsfirma	noun
auktionshus	noun
australien	name
australier	noun
australsk	adj
australskhed	noun
autenticitet	noun
autentisk	adj
autisme	noun
autist	noun
autistisk	adj
autodidakt	adj,noun
autofokus	noun
autograf	noun
autokrat	noun
autokrati	noun
autokratisk	adj
automat	noun
automatisk	adj,adv
automobil	noun
autonom	adj
autonomi	noun
autoprotolyse	noun
autopsi	noun
autorisation	noun
autorisere	verb
autoritativ	adj
autoritet	noun
autoritetstro	noun
av	adj,intj
avance	noun
avancere	verb
avanceret	adj
avantgarde	noun
ave	noun,verb
avenue	noun
aversion	noun
avet	adv
avis	noun
aviskiosk	noun
avl	noun
avle	verb
avler	noun
avnbøg	noun
avne	noun
avocado	noun
avokado	noun
axel	name
axelsen	name
ayatollah	noun
azurblå	adj
b	character
baby	noun
babyalarm	noun
babybio	noun
babyble	noun
babydoll	noun
babydukke	noun
babyface	noun
babyfløjl	noun
babylem	noun
babylift	noun
babylon	name
babylonien	name
babylonier	noun
babylonisk	adj
babylonsk	adj
babylyserød	adj
babymad	noun
babymassage	noun
babypudder	noun
babysitning	noun
babysitte	verb
babysitter	noun
babysitting	noun
babysnak	noun
babysprog	noun
babysvømning	noun
babysæl	noun
babytøj	noun
babyudstyr	noun
babyvræl	noun
bach	name
bachelor	noun
bachelorgrad	noun
bad	noun
bade	verb
badebukser	noun
badehus	noun
badekar	noun
badekåbe	noun
badevand	noun
badevægt	noun
badeværelse	noun
badminton	noun
badmintonspiller	noun
bag	adv,noun,prep
bagage	noun
bagagevogn	noun
bagatel	noun
bagbord	adv,noun
bagdad	name
bagdel	noun
bagdør	noun
bage	verb
bagefter	adv
bagepulver	noun
bager	noun
bagerbutik	noun
bagerforretning	noun
bageri	noun
bagerlærling	noun
bagetter	adv
baggrund	noun
baggrundsstof	noun
baggrundsstråling	noun
baggård	noun
baghus	noun
bagi	adv,prep
bagklog	adj
bagklogskab	noun
bagkrop	noun
baglyd	noun
bagmand	noun
bagning	noun
bagom	adv,prep
bagpå	adv
bagside	noun
bagskid	noun
bagslag	noun
bagstiv	adj
bagsæde	noun
bagtungevokal	noun
bagud	adv
bagude	adv
bagved	adv,prep
bagværk	noun
bahamaner	noun
bahamansk	adj
bahamas	name
bahrain	name
bahrainer	noun
bahrainsk	adj
bajonet	noun
bajrer	noun
bak	name
bakke	noun,verb
bakkenbarter	noun
bakket	adj
bakse	verb
bakspejl	noun
bakterie	noun
bakteriologi	noun
balance	noun
balde	noun
balder	name
balkansk	adj
balkjole	noun
balkon	noun
ballade	noun
ballademager	noun
ballet	noun
ballisager	name
ballon	noun
balsam	noun
balsamere	verb
balsamering	noun
balsamisk	adj
balstyrig	adj
balstyrisk	adj
baltikum	name
baltisk	adj
baluster	noun
bambus	noun
bamse	noun
bamseknus	noun
banachrum	noun
banal	adj
banalisere	verb
banalisering	noun
banalitet	noun
banan	noun
bananrepublik	noun
bananskræl	noun
band	noun
bandage	noun
bande	noun,verb
bandekrig	noun
bandeord	noun
bandlyse	verb
bandlysning	noun
bane	noun,verb
banecykling	noun
banegård	noun
bang	name
bange	adj
bangebuks	noun
bangkok	name
bangladesh	name
bangladesher	noun
bangladeshisk	adj
bank	noun
bankbog	noun
bankboks	noun
banke	noun,verb
bankerot	adj,noun
bankkonto	noun
bankrøveri	noun
baobab	noun
baobabtræ	noun
bar	adj,noun
barak	noun
barbadier	noun
barbadisk	adj
barbados	name
barbar	noun
barbara	name
barbarisk	adj
barbere	verb
barbering	noun
barberkniv	noun
barbermaskine	noun
barberstol	noun
barcelona	name
bare	adv,conj
barentshavet	name
barfodet	adj
barium	noun
bark	noun
barm	noun
barmhjertig	adj
barmhjertighed	noun
barn	noun
barnagtig	adj
barnagtiggøre	verb
barnagtiggørelse	noun
barnagtighed	noun
barndom	noun
barndomstid	noun
barnebarn	noun
barnepige	noun
barnesoldat	noun
barnevogn	noun
barnlig	adj
barnlighed	noun
barnløs	adj
barnløshed	noun
barnsøl	noun
barok	adj
barometer	noun
baron	noun
baronesse	noun
baroni	noun
barre	noun
barriere	noun
barrikade	noun
barsel	noun
barsk	adj
barskhed	noun
barsle	verb
baryonisk	adj
basar	noun
base	noun
baseball	noun
baseballspiller	noun
basel	name
basilika	noun
basilikum	noun
basilisk	noun
basis	noun
basisk	adj
basker	noun
basket	noun
basketball	noun
basketballkurv	noun
basketballspiller	noun
baskisk	adj,noun
basse	noun
bassin	noun
bast	noun
basta	intj
bastard	noun
bastian	name
bastion	noun
basun	noun
bat	noun
bataljon	noun
bataljonschef	noun
batte	verb
batteri	noun
bauta	noun
bautasten	noun
bavian	noun
bay	name
bayern	name
bearbejde	verb
bearbejdelig	adj
bearbejdelse	noun
bearbejdning	noun
beate	name
bebo	verb
beboelig	adj
beboelse	noun
beboer	noun
beboerhus	noun
bebrejde	verb
bebrejdelse	noun
bebude	verb
bebygge	verb
bebyggelse	noun
bebyrde	verb
bech	name
bed	noun
bedare	verb
bede	noun,verb
bededag	noun
bedehus	noun
bedemand	noun
bederum	noun
bedrag	noun
bedrage	verb
bedrager	noun
bedrageri	noun
bedragerisk	adj
bedre	verb
bedrift	noun
bedring	noun
bedrive	verb
bedrøve	verb
bedrøvelig	adj
bedrøvelse	noun
bedrøvet	adj,adv
bedste	noun
bedstefar	noun
bedsteforælder	noun
bedstemor	noun
bedyre	verb
bedåre	verb
bedårende	adj
bedømme	verb
bedømmelse	noun
bedømmer	noun
bedøve	verb
bedøvelse	noun
befalingsmand	noun
befamle	verb
befamling	noun
befinde	verb
befindende	noun
befolke	verb
befolkning	noun
befolkningstæthed	noun
befordre	verb
befri	verb
befrielse	noun
befrier	noun
befrugte	verb
befrugtning	noun
befrugtningsdygtig	adj
befæste	verb
befæstning	noun
beføjet	adj
begave	verb
begavelse	noun
begavet	adj
begejstret	adj
begejstring	noun
begge	pron
begivenhed	noun
begivenhedshorisont	noun
begravelse	noun
begravelsesplads	noun
begreb	noun
begrebsafklaring	noun
begrebsdannelse	noun
begrebsforvirring	noun
begrebspar	noun
begrebsramme	noun
begrebsverden	noun
begribe	verb
begribelig	adj
begrunde	verb
begrundelse	noun
begrænse	verb
begrænsning	noun
begunstige	verb
begunstigelse	noun
begynde	verb
begyndelse	noun
begyndelsesværdiproblem	noun
begynder	noun
begå	verb
begær	noun
begære	verb
begæring	noun
begærlig	adj
begærlighed	noun
behag	noun
behage	verb
behagelig	adj
behagelighed	noun
behandle	verb
behandler	noun
behandling	noun
beherske	verb
beherskelse	noun
behersket	adj
behjertet	adj
beholde	verb
beholder	noun
behov	noun
behåret	adj
behændig	adj
behændighed	noun
behørig	adj
behøve	verb
beirut	name
bejae	verb
bejleri	noun
bekende	verb
bekendelse	noun
bekender	noun
bekendt	adj,noun
bekendtgøre	verb
bekendtgørelse	noun
bekendtskab	noun
bekkasin	noun
beklage	verb
beklagelse	noun
beklager	intj
beklædning	noun
bekomme	verb
bekostning	noun
bekræfte	verb
bekræftelse	noun
bekvem	adj
bekvemmelighed	noun
bekymre	verb
bekymret	adj
bekymring	noun
bekymringsfri	adj
bekymringsløs	adj
bekæmpe	verb
bekæmpelse	noun
belarus	name
belaruser	noun
belarusisk	adj,noun
belaste	verb
belejlig	adj
belejligt	adv
belejre	verb
belejring	noun
belemre	verb
beleven	adj
belevenhed	noun
belgien	name
belgier	noun
belgierfranc	noun
belgisk	adj
belgiskhed	noun
beliggende	adj
beliggenhed	noun
belize	name
belizer	noun
belizisk	adj
belletrist	noun
belortet	adj
belyse	verb
belysning	noun
belyst	adj
belægge	verb
belæst	adj
beløb	noun
bemyndige	verb
bemyndigelse	noun
bemærke	verb
bemærkning	noun
ben	noun
benarbejde	noun
bendt	name
benedicte	name
benedikte	name
benet	adj
bengel	noun
benhård	adj
benin	name
benjamin	name
benny	name
bent	name
bente	name
benthe	name
bentonit	noun
benyt	verb
benytte	verb
benzen	noun
benzin	noun
benzinstation	noun
benzoesyre	noun
benåde	verb
benådning	noun
benægte	verb
benægter	noun
beograd	name
berede	verb
beredskab	noun
beredt	adj
beredvillig	adj
beredvillighed	noun
beregne	verb
beregnelig	adj
beregnende	adj
beregning	noun
berejse	verb
berejst	adj
beretning	noun
berette	verb
berettige	verb
berettigelse	noun
berettiget	adj
berige	verb
berigelse	noun
berit	name
berkelium	noun
berlin	name
berliner	noun
bern	name
bernhard	name
bernt	name
berntsen	name
berolige	verb
bersærk	noun
bersærkergang	noun
bertel	name
bertelsen	name
bertha	name
berthel	name
berthelsen	name
bertram	name
beruse	verb
beruselse	noun
beruser	noun
beruset	adj
berygtet	adj
beryl	noun
beryllium	noun
berømme	verb
berømmelse	noun
berømt	adj
berømthed	noun
berøre	verb
berøring	noun
berøringsangst	adj,noun
berøve	verb
berøvelse	noun
besat	adj
besejre	verb
besidde	verb
besiddelse	noun
besidder	noun
besidderisk	adj
besjæle	verb
besjælet	adj
besjæling	noun
besk	adj
beskaffenhed	noun
besked	noun
beskeden	adj
beskedenhed	noun
beskidt	adj
beskrive	verb
beskrivelse	noun
beskrivende	adj
beskue	verb
beskuelse	noun
beskuer	noun
beskylde	verb
beskyldning	noun
beskytte	verb
beskyttelse	noun
beskyttelsesmiddel	noun
beskytter	noun
beskæftige	verb
beskæftigelse	noun
beskære	verb
beslaglægge	verb
beslaglæggelse	noun
beslutning	noun
beslutningsdygtig	adj
beslutningstager	noun
beslutsom	adj
beslutsomhed	noun
beslutte	verb
beslægtet	adj
bespare	verb
besparelse	noun
bespotte	verb
bespottelse	noun
besserwisser	noun
bestand	noun
bestanddel	noun
bestandig	adj,adv
bestandighed	noun
bestemme	verb
bestemmelse	noun
bestemt	adj,adv
bestemthed	noun
bestialsk	adj
bestie	noun
bestige	verb
bestigning	noun
bestik	noun
bestikke	verb
bestikkelig	adj
bestikkelse	noun
bestil	verb
bestille	verb
bestilling	noun
bestjæle	verb
bestorme	verb
bestræbe	verb
bestræbelse	noun
bestyre	verb
bestyrelse	noun
bestyrer	noun
bestyrerinde	noun
bestyrtelse	noun
bestå	verb
beståen	noun
bestående	adj
besudle	verb
besvare	verb
besvime	verb
besvimelse	noun
besvær	noun
besvære	verb
besværlig	adj
besværliggøre	verb
besværlighed	noun
besværligt	adv
besynderlig	adj
besyv	noun
besætte	verb
besættelse	noun
besætter	noun
besøg	noun
besøge	verb
besørge	verb
betablokker	noun
betage	verb
betagelse	noun
betale	verb
betaling	noun
betalingsmiddel	noun
betapartikel	noun
betegne	verb
betegnelse	noun
betelgeuse	name
betina	name
betinge	verb
betingelse	noun
betingelsesløs	adj
betinget	adj
betjene	verb
betjening	noun
betlehem	name
beton	noun
betone	verb
betonhus	noun
betonie	noun
betoning	noun
betragte	verb
betragter	noun
betro	verb
betræk	noun
betrække	verb
bettina	name
betty	name
betuttet	adj
betvivle	verb
betyde	verb
betydelig	adj,adv
betydende	adj
betydning	noun
betydningsfuld	adj
betydningsfuldhed	noun
betydningslån	noun
betydningsløs	adj
betydningsløshed	noun
betydningsmæssig	adj
betændelse	noun
betænke	verb
betænkelig	adj
betænkelighed	noun
betænksom	adj
betænksomhed	noun
beundre	verb
beundrer	noun
beundring	noun
bevare	verb
bevidne	verb
bevidst	adj,adv
bevidstgøre	verb
bevidsthed	noun
bevidstløs	adj
bevidstløshed	noun
bevilge	verb
bevilling	noun
bevinget	adj
bevirke	verb
bevis	noun
bevisbyrde	noun
bevise	verb
bevislig	adv
bevisligt	adv
bevågenhed	noun
bevæge	verb
bevægelig	adj
bevægelighed	noun
bevægelse	noun
bevægelsesfrihed	noun
bevægelsesmængde	noun
bevæget	adj
beværte	verb
beværtning	noun
bh	noun
bhutan	name
bhutaner	noun
bhutansk	adj
bi	adv,noun
bianca	name
biavler	noun
bibel	noun
bibelbælte	noun
bibelcitat	noun
bibelen	name
bibelfortolker	noun
bibelfortolkning	noun
bibeloversættelse	noun
bibelselskab	noun
bibelsk	adj
bibelskole	noun
biblen	name
bibliofil	adj,noun
bibliograf	noun
bibliografi	noun
bibliografisk	adj
bibliotek	noun
bibliotekar	noun
bibringe	verb
bid	noun
bide	verb
bidrag	noun
bidrage	verb
bidragyder	noun
bidsel	noun
bidsk	adj
bieffekt	noun
bifald	noun
bifamilie	noun
bifrost	name
bijektiv	adj
bikube	noun
bil	noun
bilde	verb
bilist	noun
bilkø	noun
billard	noun
billardbord	noun
bille	noun
billedbibel	noun
billede	noun
billedhugger	noun
billedhuggerkunst	noun
billedlig	adj
billedliggøre	verb
billedplan	noun
billedramme	noun
billedside	noun
billedskærm	noun
billet	noun
billiard	noun
billig	adj
billige	verb
billigelse	noun
billiggøre	verb
billiggørelse	noun
billigt	adv
billion	noun
bilradio	noun
biluheld	noun
bilulykke	noun
bilvask	noun
bilvæddeløb	noun
binde	verb
bindebogstav	noun
bindeleg	noun
bindeord	noun
bindestreg	noun
binding	noun
bindingsværk	noun
bindingsværkshus	noun
bindslev	name
binomialkoefficient	noun
binyre	noun
binær	adj
biobrændsel	noun
biofysik	noun
biofysiker	noun
biofysisk	adj
biograf	noun
biografi	noun
biografisk	adj
biokemi	noun
biokemiker	noun
biokemisk	adj
biolog	noun
biologi	noun
biologisk	adj
biom	noun
biomedicin	noun
biometrisk	adj
biord	noun
biosfære	noun
biotisk	adj
bipolar	adj
bipolær	adj
biprodukt	noun
birger	name
birgit	name
birgith	name
birgitte	name
birk	noun
birkes	noun
birketræ	noun
birte	name
birthe	name
biseksualitet	noun
biskop	noun
bismag	noun
bismuth	noun
bisp	noun
bispedømme	noun
bistand	noun
bister	adj
bistro	noun
bistå	verb
bisætning	noun
biting	noun
bitte	name
bitten	name
bitter	adj,noun
bitterhed	noun
bittesmå	adj
bivirkning	noun
bivoks	noun
bivuak	noun
bizar	adj
bjarke	name
bjarmeland	name
bjarne	name
bjelland	name
bjerg	noun
bjergand	noun
bjergart	noun
bjergbestiger	noun
bjergbestigning	noun
bjerge	verb
bjergfyr	noun
bjerggorilla	noun
bjergkløft	noun
bjergkæde	noun
bjergning	noun
bjergpas	noun
bjergrig	adj
bjergside	noun
bjergskråning	noun
bjergvæg	noun
bjæffe	verb
bjælde	noun
bjørn	name,noun
bjørnebestand	noun
bjørnedyr	noun
bjørneklo	noun
bjørnetjeneste	noun
bjørneunge	noun
bjørneøen	name
blad	noun
bladguld	noun
bladhus	noun
bladkoncern	noun
bladre	verb
blaffe	verb
blande	verb
blanding	noun
blandt	prep
blank	adj
blanket	noun
blasfemi	noun
blasfemiker	noun
blasfemisk	adj
ble	noun
bleg	adj
blege	verb
bleghed	noun
blegn	noun
blegne	noun,verb
blender	noun
blid	adj
blide	noun
blidhed	noun
blik	noun
blikfang	noun
blind	adj
blindgyde	noun
blindhed	noun
blindtarm	noun
blindtarmsbetændelse	noun
blinke	verb
blis	noun
blisgås	noun
blishøne	noun
blitz	noun
blitzkrig	noun
blive	verb
blod	noun
blodbad	noun
blodcelle	noun
blodfattig	adj
blodforgiftning	noun
blodhund	noun
blodhævn	noun
blodig	adj
blodkredsløb	noun
blodlegeme	noun
blodmangel	noun
blodplade	noun
blodplet	noun
blodprøve	noun
blodpølse	noun
blodregn	noun
blodrød	adj
blodsbeslægtet	adj
blodslægtskab	noun
blodsuger	noun
blodtilførsel	noun
blodtransfusion	noun
blodtryk	noun
blodtype	noun
blodåre	noun
blog	noun
blogge	verb
blogger	noun
blok	noun
blokbogstav	noun
blokere	verb
blokfløjte	noun
blokhus	noun
blomkål	noun
blomme	noun
blommetræ	noun
blomst	noun
blomsterbed	noun
blomsterbutik	noun
blomsterforretning	noun
blomsterhandel	noun
blomsterhandler	noun
blomstre	verb
blomstrende	adj
blot	adv,noun
blote	verb
blotlægge	verb
blotlæggelse	noun
blotlægning	noun
blotte	verb
blottelse	noun
blotter	noun
blottet	adj
blowjob	noun
blues	noun
bluf	noun
bluff	noun
blufærdig	adj
blunde	verb
bluse	noun
blusel	noun
blusse	verb
bly	adj,noun
blyantspidser	noun
blyfri	adj
blyglans	noun
blå	adj
blåbjerg	name
blåbær	noun
blåfugl	noun
blågrøn	adj
blåhals	noun
blåhval	noun
blåland	name
blålig	adj
blåmejse	noun
blåmusling	noun
blåne	verb
blåregn	noun
blåskimmelost	noun
blåsort	adj
blåtand	name
blåøjet	adj
blæk	noun
blækhus	noun
blækklat	noun
blæksprutte	noun
blænde	verb
blændværk	noun
blære	noun,verb
blærehalskirtel	noun
blæse	verb
blæsebælg	noun
blæseinstrument	noun
blæst	adj,noun
blæsterovn	noun
blæver	noun
blævre	verb
blævret	adj
blød	adj,noun
bløddyr	noun
blødgøre	verb
blødgørelse	noun
blødhed	noun
blødsøden	adj
bnp	noun
bo	name,noun,verb
boa	noun
boaslange	noun
boblekammer	noun
bod	noun
bodega	noun
bodil	name
bodsgang	noun
bodybuilder	noun
bodybuilding	noun
boer	noun
bofælle	noun
bofællesskab	noun
bog	noun
bogaktuel	adj
bogbestand	noun
bogbus	noun
bogfinke	noun
boghandel	noun
bogholder	noun
boghvede	noun
bogklub	noun
boglig	adj
bogorm	noun
bogreol	noun
bogstav	noun
bogstavelig	adj
boheme	noun
bohr	name
bohrium	noun
boje	name
bokmål	noun
boks	noun
bokser	noun
boksning	noun
bold	noun
boldspil	noun
boldtræ	noun
bolette	name
bolig	noun
boliglån	noun
boligløs	adj
boligmasse	noun
bolignød	noun
boline	name
bolivia	name
bolivianer	noun
boliviansk	adj
bolivianskhed	noun
bolle	noun,verb
bollefed	adj
bollehår	noun
bolleven	noun
bolsje	noun
bolsjebutik	noun
bolt	noun
bolte	verb
bolværk	noun
bom	noun
bombardement	noun
bombe	noun,verb
bombefly	noun
bombekalorimeter	noun
bombesikker	adj
bombetrussel	noun
bomlærke	noun
bommert	noun
bomuld	noun
bon	noun
bonde	noun
bondefanger	noun
bondegård	noun
bondehus	noun
bondejokke	noun
bondeknold	noun
bonderose	noun
bonderøv	noun
bondsk	adj
bone	verb
bonsai	noun
bonus	noun
bonusfar	noun
bonusforælder	noun
bonusmor	noun
boomerang	noun
bopæl	noun
bopælspligt	noun
bor	noun
bord	noun
borddame	noun
bordeaux	noun
bordel	noun
bordherre	noun
bordlampe	noun
bordtennis	noun
bordtennisspiller	noun
bore	verb
boremaskine	noun
borg	noun
borge	verb
borger	noun
borgerhus	noun
borgerjournalistik	noun
borgerkrig	noun
borgerlig	adj
borgerliggøre	verb
borgerskab	noun
borgmester	noun
boring	noun
bornholm	name
bornholmsk	adj,noun
bort	adv,noun
bortadoptere	verb
borte	adv
bortføre	verb
bortførelse	noun
bortskaffe	verb
bortskaffelse	noun
bortvise	verb
boserup	name
bosnien-hercegovina	name
bosnier	noun
bosnisk	adj,noun
bosniskhed	noun
bosporus	name
boss	noun
bosted	noun
botanik	noun
botaniker	noun
botanisere	verb
botanisk	adj
bothilde	name
botswana	name
botswaner	noun
botswansk	adj
botulisme	noun
bouillonterning	noun
boulevard	noun
bouquet	noun
boutique	noun
bov	noun
bovbølge	noun
bowiekniv	noun
bowle	verb
bowling	noun
bowlinghal	noun
boye	name
boykot	noun
boykotte	verb
boysenbær	noun
bradepande	noun
bradepandekage	noun
brag	noun
brage	verb
brahe	name
brak	adj
brakteat	noun
brakvand	noun
bramfri	adj
bramfrihed	noun
bramgås	noun
bramsejl	noun
branche	noun
brand	noun
brandalarm	noun
brandattentat	noun
brandbil	noun
branddør	noun
brandmand	noun
brandsejl	noun
brandsikker	adj
brandsikkerhed	noun
brandslange	noun
brandstation	noun
brandstiftelse	noun
brandsår	noun
brandt	name
brandy	noun
brase	verb
brasilianer	noun
brasiliansk	adj
brasilianskhed	noun
brasilien	name
brat	adj
bratislava	name
bratsch	noun
brav	adj
breche	noun
bred	adj,noun
bredbånd	noun
bredde	noun
breddegrad	noun
breddes	noun
brede	verb
bredgaard	name
bredskuldret	adj
bregne	noun
bremse	noun,verb
bretonsk	adj,noun
brev	noun
brevbærer	noun
brevdue	noun
brevkasse	noun
brevstemme	noun,verb
brexit	name
brian	name
bridge	noun
brik	noun
briket	noun
brillant	adj,noun
brille	noun
bringe	noun,verb
brink	noun
brint	noun
brintbombe	noun
brise	noun
brist	noun
briste	verb
britannien	name
brite	noun
britisk	adj
britiskhed	noun
britt	name
britta	name
bro	noun
broccoli	noun
brochure	noun
brod	noun
broder	noun
brodere	verb
broderi	noun
broderlig	adj
broderskab	noun
brofast	adj
broget	noun
brok	noun
brokade	noun
brokke	verb
brokkeri	noun
brom	noun
brombær	noun
bromethan	noun
brommethan	noun
bromthymolblåt	noun
bronkitis	noun
bronze	noun
bronzealder	noun
bronzemedalje	noun
bror	noun
brosten	noun
brostensbelagt	adj
browse	verb
browser	noun
brud	noun
brudekjole	noun
brudepige	noun
brudepris	noun
brudesum	noun
brudgom	noun
brug	noun
brugbar	adj
bruge	verb
brugelig	adj
bruger	noun
brugerbetaling	noun
brugerbidrag	noun
brugerdiskussion	noun
brugerdiskussionsside	noun
brugernavn	noun
brugerside	noun
brugervenlig	adj
brugs	noun
brugskunst	noun
brugt	adj
brumme	verb
brun	adj
brunch	noun
brunche	verb
brune	verb
brunet	adj
brunette	noun
brunkål	noun
brunlig	adj
bruno	name
brunst	noun
brunstig	adj
brunsviger	noun
bruse	verb
bruser	noun
brushane	noun
brusk	noun
bruskfisk	noun
brutal	adj
brutalt	adv
brutto	adv
bruxelles	name
bryde	verb
bryder	noun
bryderi	noun
brydes	verb
brydning	noun
brydningsindeks	noun
bryg	noun
brygge	noun,verb
brygger	noun
bryggeri	noun
bryggers	noun
bryghus	noun
brygning	noun
bryllup	noun
bryllupsdag	noun
bryllupskage	noun
bryllupsrejse	noun
bryn	noun
brynje	noun
brysk	adj
bryskhed	noun
bryssel	name
bryst	noun
brystholder	noun
brystimplantat	noun
brystsvømning	noun
brystvorte	noun
brystværn	noun
bræ	noun
bræge	verb
bræk	noun
brækjern	noun
brække	verb
brændbar	adj
brænde	noun,verb
brændende	adj
brændenælde	noun
brænder	noun
brænderi	noun
brændevin	noun
brænding	noun
brændkammer	noun
brændpunkt	noun
brændsel	noun
brændselscelle	noun
brændstof	noun
brændt	adj
brændvidde	noun
bræt	noun
brætspil	noun
brød	noun
brøde	noun
brødflov	adj
brødfrugt	noun
brødfrugttræ	noun
brødkniv	noun
brødnid	noun
brødrister	noun
brøk	noun
brøkdel	noun
brøkstreg	noun
brøl	noun
brønd	noun
brøsig	adj
buckhøj	name
bud	noun
budapest	name
budbringer	noun
buddhisme	noun
buddhist	noun
budding	noun
budget	noun
budgettere	verb
budgettering	noun
budskab	noun
bue	noun,verb
bueskytte	noun
buestreng	noun
buffer	noun
bug	noun
bughule	noun
bugne	verb
bugsere	verb
bugsering	noun
bugspyt	noun
bugspytkirtel	noun
bugt	noun
bugtaler	noun
bugte	verb
bugthøvl	noun
buk	noun
bukarest	name
buket	noun
bukke	verb
bukser	noun
buksestof	noun
buksevand	noun
bulder	noun
buldre	verb
bulgarer	noun
bulgarien	name
bulgarsk	adj,noun
bulgarskhed	noun
bulhus	noun
bulimi	noun
bulimiker	noun
bulimisk	adj
bulldozer	noun
bullet	noun
bulme	noun,verb
bulmeurt	noun
bump	noun
bumpe	verb
bums	noun
bund	noun
bundalvorlig	adj
bunde	verb
bunden	adj
bundfald	noun
bundkort	noun
bundløs	adj
bundskjuler	noun
bundstykke	noun
bundt	noun
bunduretfærdig	adj
bunke	noun
bur	noun
burde	verb
bureau	noun
bureaukrat	noun
burger	noun
burgerbar	noun
burgøjser	noun
burmesisk	adj,noun
burre	noun
burundi	name
bus	noun
buschauffør	noun
businessclass	noun
busk	noun
buskads	noun
buskort	noun
bussemand	noun
busstation	noun
busstoppested	noun
buste	noun
butik	noun
butiksansat	adj
butiksassistent	noun
butikscenter	noun
butikschef	noun
butiksejer	noun
butikshandel	noun
butiksindehaver	noun
butikskæde	noun
butikspersonale	noun
butiksrude	noun
butikstid	noun
butikstyv	noun
butikstyveri	noun
butiksvindue	noun
butterfly	noun
butterflykniv	noun
bvadr	intj
by	noun
bybo	noun
byboer	noun
byde	verb
bydeform	noun
bydel	noun
bydelstat	noun
byforny	verb
byfornyelse	noun
byg	noun
bygd	noun
byge	noun
bygge	verb
byggemateriale	noun
byggeri	noun
bygkorn	noun
bygning	noun
byld	noun
bynke	noun
bynkefugl	noun
byrd	noun
byrde	noun
byret	noun
byrum	noun
byråd	noun
bystyre	noun
bysvale	noun
bytning	noun
bytte	noun,verb
byttedyr	noun
byttehandel	noun
bytur	noun
byzans	name
båd	noun
både	conj
bådhus	noun
båke	noun
bål	noun
bånd	noun
båndoptager	noun
båre	noun
bås	noun
bæ	noun
bæger	noun
bæk	noun
bækken	noun
bælg	noun
bælle	verb
bælte	noun
bæltedyr	noun
bændel	noun
bændeltang	noun
bænk	noun
bær	noun
bærbar	adj,noun
bærbusk	noun
bære	verb
bæredygtig	adj
bæredygtighed	noun
bærer	noun
bærtelsen	name
bæst	noun
bæve	verb
bæver	noun
bæverbestand	noun
bæverbo	noun
bæveregern	noun
bævergnavet	adj
bæverhytte	noun
bævernylon	noun
bæverrotte	noun
bæverstok	noun
bævre	verb
bøde	noun,verb
bødker	noun
bøf	noun
bøffel	noun
bøfhus	noun
bøfsandwich	noun
bøg	noun
bøgeskov	noun
bøgetræ	noun
bøh	intj
bøhmand	noun
bøje	name,noun,verb
bøjelig	adj
bøjelighed	noun
bøjle	noun
bøjle-bh	noun
bøjning	noun
bølge	noun,verb
bølgeblik	noun
bølgebryder	noun
bølgefunktion	noun
bølgelængde	noun
bøll	name
bølle	noun
bøn	noun
bønhøre	verb
bønne	noun
bør	noun
børge	name
børnearbejde	noun
børnebibel	noun
børnebidrag	noun
børnebog	noun
børnehave	noun
børnehjem	noun
børnelæge	noun
børnepasning	noun
børnepasser	noun
børneporno	noun
børnepornografi	noun
børnesikker	adj
børnesoldat	noun
børnesygdom	noun
børnetøj	noun
børs	noun
børskrak	noun
børste	noun,verb
børsting	name
bøs	adj
bøsse	noun
bøsseagtig	adj
bøssebar	noun
bøssekarl	noun
bøssepar	noun
bøsseradar	noun
bøsserøv	noun
bøsset	adj
bøtte	noun
bøvet	adj
bøvl	noun
bøvle	verb
bøvlet	adj
bøvs	noun
bøvse	verb
c	character
cache	noun
cadeau	noun
cadmium	noun
caffelatte	noun
calcit	noun
calcium	noun
californien	name
californium	noun
calzone	noun
cambodja	name
cambodjaner	noun
cambodjansk	adj
cambodjanskhed	noun
cameroun	name
camilla	name
camouflage	noun
camouflere	verb
camouflering	noun
camper	noun
campere	verb
camping	noun
campingplads	noun
campingvogn	noun
canada	name
canadagås	noun
canadier	noun
canadisk	adj
canadiskhed	noun
cancer	noun
candyfloss	noun
canossagang	noun
carbon	noun
carbondioxid	noun
carbonkredsløb	noun
carbonmonoxid	noun
carboxylsyre	noun
caribisk	adj
carina	name
carl	name
carla	name
carlsen	name
carnivor	adj,noun
caroline	name
carsten	name
casper	name
castiliansk	adj,noun
catalansk	adj
catalonien	name
catalonier	noun
cathrine	name
cd	noun
cd-afspiller	noun
cecilie	name
cedertræ	noun
celina	name
celle	noun
cellekerne	noun
cellelære	noun
cellemembran	noun
cellevæg	noun
cello	noun
cellofan	noun
cellulitis	noun
cembalist	noun
cement	noun
cementere	verb
censor	noun
censur	noun
censurere	verb
centiliter	noun
centimeter	noun
central	adj,noun
centralbank	noun
centralisering	noun
centralnervesystem	noun
centralvarme	noun
centripetalacceleration	noun
centripetalkraft	noun
cerebral	adj
ceremoni	noun
ceremoniel	adj
cerium	noun
certifikat	noun
chador	noun
chaiselong	noun
champignon	noun
chance	noun
changere	verb
charabanc	noun
charlotte	name
charm	noun
charmant	verb
charme	noun,verb
charmere	verb
charmerende	adj
charybdis	name
chateau	noun
chauffør	noun
chauvinisme	noun
check	noun
cheerleader	noun
chef	noun
chefingeniør	noun
chikane	noun
chikanere	verb
chile	name
chilener	noun
chilenser	noun
chilensk	adj
chilenskhed	noun
chili	noun
chilipeber	noun
chimpanse	noun
chinchilla	noun
chip	noun
chips	noun
chlor	noun
chok	noun
chokere	verb
chokolade	noun
chokoladejulekalender	noun
chokoladekage	noun
chresten	name
chrille	name
chris	name
christa	name
christel	name
christen	name
christensen	name
christian	name
christiane	name
christiania	name
christianit	noun
christiansborg	name
christiansen	name
christiansted	name
christina	name
christine	name
christoffer	name
christoffersen	name
christopher	name
chrom	noun
cicero	name
ciffer	noun
cigar	noun
cigaret	noun
cigaretbukser	noun
cigaretetui	noun
cigaretmærke	noun
cigaretpakke	noun
cigaretpapir	noun
cigaretrygning	noun
cigaretrøg	noun
cigaretskod	noun
cigaretstump	noun
cigaretsælger	noun
cigarettænder	noun
cirka	adv
cirkel	noun
cirkelafsnit	noun
cirkeludsnit	noun
cirkulær	adj
cirkus	noun
ciskønnet	adj
cisterne	noun
citat	noun
citation	noun
citationstegn	noun
citer	noun
citere	verb
citering	noun
citron	noun
citrongul	adj
citronsyre	noun
civil	adj
civilingeniør	noun
civilisation	noun
civilisere	verb
civiliseret	adj
civilisering	noun
civilstand	noun
clairvoyance	noun
clairvoyant	adj,noun
clara	name
claus	name
clausen	name
clean	adj
clips	noun
cobalt	noun
cognac	noun
coitus	noun
collie	noun
colombia	name
colombianer	noun
colombiansk	adj
colombianskhed	noun
colorado	name
comeback	noun
comorerne	name
computer	noun
computerproducent	noun
computerprogram	noun
computerspilfigur	noun
computerspilkarakter	noun
congolesisk	adj
connecticut	name
conni	name
connie	name
conny	name
controller	noun
copernicium	noun
cosinusrelationen	name
costaricaner	noun
costaricansk	adj
cottoncoat	noun
country	noun
countrymusik	noun
cowboy	noun
cowboybukser	noun
cowboytoast	noun
crashe	verb
creme	noun
cremefraiche	noun
crepe	noun
crowdfunding	noun
cruise	noun
cuba	name
cubaner	noun
cubansk	adj
cubanskhed	noun
curiepunkt	noun
curietemperatur	noun
curium	noun
curler	noun
cute	adj
cv	noun
cyan	noun
cyanose	noun
cyberangreb	noun
cyberkriminalitet	noun
cybermobning	noun
cyberpunk	noun
cybersex	noun
cybersikkerhed	noun
cykel	noun
cykeldæk	noun
cykelhjelm	noun
cykelhjul	noun
cykellås	noun
cykelløb	noun
cykelpumpe	noun
cykelslange	noun
cykelsti	noun
cykelstyr	noun
cykle	verb
cykling	noun
cyklist	noun
cyklohexan	noun
cyklon	noun
cyklus	noun
cylinder	noun
cylindrisk	adj
cypern	name
cypres	noun
cypriot	noun
cypriotisk	adj
cyste	noun
cystisk	adj
cytologi	noun
cytoplasma	noun
cæcilie	name
cæsium	noun
cølibat	noun
d	character,noun
d-mark	noun
da	adv,conj
dacit	noun
dadel	noun
daesh	name
dafl	noun
dag	noun
dagarbejde	noun
dagblad	noun
dagbog	noun
dagcreme	noun
dagdriver	noun
dagdriveri	noun
dagdrøm	noun
dagdrømme	verb
dagdrømmer	noun
dagdrømmeri	noun
dagevis	adv
daggert	noun
daggry	noun
daglig	adj
dagligdag	noun
dagligdags	adj
dagligliv	noun
dagligryger	noun
dagligstue	noun
dagligt	adv
dagligvare	noun
dagligvarebutik	noun
dagligvareforretning	noun
dagløn	noun
dagmar	name
dagny	name
dagpenge	noun
dagpleje	noun
dagpragtstjerne	noun
dagsaktuel	adj
dagsbehov	noun
dagslys	noun
dagsommerfugl	noun
dagsorden	noun
dagtemperatur	noun
dagtid	noun
dagtime	noun
daguerreotypi	noun
daguerreotypist	noun
dagvagt	noun
dahl	name
dahlia	noun
daktyl	noun
daktylisk	adj
dal	noun
dale	verb
daler	noun
dalmatien	name
dalsgaard	name
dam	name,noun
damask	noun
damaskus	name
dame	noun
damebesøg	noun
damecykel	noun
dameglad	adj
damp	noun
dampe	verb
damper	noun
dampskib	noun
dan	name
danablu	noun
danbo	noun
dane	noun
danefæ	noun
danegæld	noun
danelagen	name
daner	noun
danglish	noun
daniel	name
daniella	name
danielle	name
danielsen	name
danisere	verb
danmark	name
danmark-norge	name
danmarkshavn	name
danmarkshistorie	noun
danmarkskort	noun
danne	verb
dannebrog	noun
dannelse	noun
dannelsesrejse	noun
dannelsesroman	noun
dannet	adj
danni	name
danny	name
dans	noun
danse	verb
danser	noun
danserinde	noun
dansk	adj,noun
dansk-norsk	adj
dansker	noun
danskhed	noun
danskvand	noun
darmstadtium	noun
darwinistisk	adj
dase	verb
dask	noun
daske	verb
data	noun
database	noun
datalogi	noun
datamat	noun
datapunkt	noun
datasæt	noun
date	noun,verb
datere	verb
datid	noun
dativ	noun
dato	noun
datolinje	noun
datter	noun
datterkerne	noun
datterselskab	noun
david	name
davidsen	name
daværende	adj
ddo	name
ddr	name
de	article,pron
deaktivere	verb
deaktivering	noun
debat	noun
debattere	verb
debattør	noun
debes	name
debetkort	noun
debil	adj
debitor	noun
debut	noun
december	noun
decennium	noun
decentralisering	noun
decimere	verb
decimering	noun
decimeter	noun
deducere	verb
deduktion	noun
deepthroate	verb
defaitisme	noun
defaitist	noun
defaitistisk	adj
defekt	adj,noun
definere	verb
definerlig	adj
definitionsmængde	noun
definitorisk	adj
deflorere	verb
deformere	verb
deformitet	noun
degeneration	noun
degenerere	verb
degenereret	adj
degustere	verb
dehumanisere	verb
dehumanisering	noun
dehydrere	verb
deisme	noun
dej	noun
dejlig	adj
dejlighed	noun
dejskraber	noun
dekade	noun
dekadent	adj
dekagram	noun
dekan	noun
dekantere	verb
deklaration	noun
deklarere	verb
dekompression	noun
dekonstruktion	noun
dekoration	noun
dekorativ	adj
dekret	noun
del	noun
delagtig	adj
delagtiggøre	verb
delagtighed	noun
delaware	name
delbar	adj
dele	verb
delegat	noun
delegation	noun
delegere	verb
delelig	adj
delfin	noun
delgraf	noun
delikat	adj
delikatesse	noun
deling	noun
delirium	noun
delmængde	noun
dels	adv
delstat	noun
delstatsparlament	noun
delstatsregering	noun
delta	noun
deltage	verb
deltagelse	noun
deltagelsesdemokrati	noun
deltager	noun
deltid	noun
deltidsarbejde	noun
delvis	adj,adv
dem	pron
demagog	noun
demarkation	noun
dementere	verb
demeter	name
demobånd	noun
demograf	noun
demografi	noun
demografisk	adj,adv
demokrat	noun
demokrati	noun
demokratisere	verb
demokratisering	noun
demokratisk	adj
demonisere	verb
demonstrant	noun
demonstration	noun
demonstrativ	adj
demonstrere	verb
demonterbar	adj
demontere	verb
demontering	noun
demoralisation	noun
demoralisere	verb
demotivation	noun
demotivere	verb
den	article,pron
denar	noun
dendrit	noun
dendrokronologi	noun
dengang	adv,conj
denne	pron
dennesides	prep
dennis	name
denotation	noun
denotativ	adj
denotere	verb
dens	pron
densitet	noun
denuntiere	verb
deodorant	noun
departement	noun
depeche	noun
dependensgrammatik	noun
depersonalisation	noun
depilation	noun
depilere	verb
deplacement	noun
deponent	adj
deponere	verb
deponering	noun
deponeringsplads	noun
deponi	noun
deportation	noun
deportere	verb
depositar	noun
deposition	noun
depot	noun
depravation	noun
depression	noun
depressiv	adj
deprimere	verb
deprimeret	adj
deprivation	noun
deputation	noun
der	adv,particle,pron
deraf	adv
derefter	adv
deres	pron
derfor	adv
derfra	adv
derhen	adv
derhenne	adv
derhjemme	adv
deri	adv
derimod	adv
derinde	adv
derivat	noun
derivation	noun
derivere	verb
dermatolog	noun
dermatologi	noun
dermed	adv
derned	adv
dernede	adv
derom	adv
derop	adv
deroppe	adv
deroute	noun
derover	adv
derovre	adv
derpå	adv
dertilhørende	adj
derude	adv
derudover	adv
derunder	adv
derved	adv
dervish	noun
derværende	adj
des	adj,conj
desarmere	verb
desavouere	verb
desertation	noun
desertere	verb
desertion	noun
desertør	noun
desformedelst	adv
designere	verb
desillusion	noun
desinfektion	noun
desinficere	verb
desinficering	noun
desinformation	noun
deskription	noun
deskriptiv	adj
desmerdyr	noun
desperado	noun
desperat	adj
desperation	noun
despot	noun
despoti	noun
despotisk	adj
despotisme	noun
dessert	noun
destabilisere	verb
destillat	noun
destillation	noun
destillere	verb
destilleri	noun
destillering	noun
destination	noun
destinere	verb
desto	conj
destruere	verb
destruktion	noun
destruktiv	adj
destruktivitet	noun
desuden	adv
desværre	adv
det	article,pron
detachement	noun
detailbutik	noun
detailforretning	noun
detailhandel	noun
detalje	noun
detektere	verb
detektiv	noun
detektivarbejde	noun
detektor	noun
detente	noun
detention	noun
detergent	noun
determinant	noun
determination	noun
determinativ	noun
determinere	verb
determineret	adj
determinist	noun
detonation	noun
detonator	noun
detonere	verb
detronisere	verb
detronisering	noun
dets	pron
deuterium	noun
devaluere	verb
developer	noun
deviation	noun
deviere	verb
devise	noun
devot	adj
devovere	verb
dexit	name
df	name
diabetes	noun
diabetiker	noun
diabolsk	adj
diadem	noun
diagnose	noun
diagnosticere	verb
diagnosticering	noun
diagnostisk	adj
diagonal	adj,noun
diagonalmatrix	noun
diagram	noun
diakon	noun
diakritisk	adj
dialekt	noun
dialog	noun
diamant	noun
diamentral	adj
diameter	noun
diana	name
dianetik	noun
dias	noun
diastolisk	adj
dibrom	noun
dickpic	noun
didaktiker	noun
didym	noun
die	noun,verb
dieselmotor	noun
differens	noun
differenskvotient	noun
differensrække	noun
differentiabel	adj
differentiabilitet	noun
differentialkvotient	noun
differentialligning	noun
difteri	noun
diftong	noun
dig	pron
dige	noun
digel	noun
diger	adj
digital	adj
digitalisere	verb
digt	noun
digte	verb
digter	noun
dikotomi	noun
diktatur	noun
diktion	noun
dildo	noun
dillermand	noun
dimension	noun
diminutiv	adj,noun
dims	noun
din	det
dines	name
dingeling	intj,noun
dinosaurus	noun
diode	noun
dionysos	name
dioxygen	noun
diplom	noun
diplomat	noun
diplomati	noun
diplomatisk	adj
diplomingeniør	noun
direkte	adj,adv
direkthed	noun
direktiv	noun
direktorat	noun
direktør	noun
dirigent	noun
dirre	verb
dis	noun
discipel	noun
disciplin	noun
discount	noun
discountbutik	noun
discountforretning	noun
disk	noun
diskontere	noun
diskoskast	noun
diskoskaster	noun
diskotek	noun
diskrepans	noun
diskret	adj
diskriminant	noun
diskrimination	noun
diskriminere	verb
diskriminering	noun
diskurs	noun
diskursanalyse	noun
diskursiv	adj
diskussion	noun
diskussionsforum	noun
diskussionsside	noun
diskutabel	adj
diskutere	verb
dispensation	noun
dispersion	noun
disponent	noun
disponere	verb
disposition	noun
dispositionsmængde	noun
dispositiv	adj
disput	noun
disse	noun,verb
dissekere	verb
dissektion	noun
dissing	name
dissociation	noun
dissonans	noun
dissonant	adj
dissonere	verb
distance	noun
distingveret	adj
distinkt	adj
distinktion	noun
distrahere	verb
distraktion	noun
distribution	noun
distributiv	adj
distributivitet	noun
distrikt	noun
distræt	adj
ditlev	name
ditte	name
diurese	noun
divan	noun
diverse	adj
diversitet	noun
divertere	verb
dividere	verb
division	noun
divisor	noun
diæt	noun
djærv	adj
djærvhed	noun
djævel	noun
djævelsk	adj
djævelskab	noun
djøf	name
dk	name
dm	symbol
do-while-løkke	noun
dobbelt	adj
dobbeltagent	noun
dobbeltbekkasin	noun
dobbeltbinding	noun
dobbeltfejl	noun
dobbeltgænger	noun
dobbelthus	noun
dobbeltkonfekt	noun
dobbeltliv	noun
dobbeltmoral	noun
dobbeltseng	noun
dobbelttydig	adj
dobbelttydighed	noun
dobbeltuddannelse	noun
docent	noun
docere	verb
dodekaeder	noun
dog	adv,conj
doge	noun
dogmatik	noun
dogmatiker	noun
dogmatisere	verb
dogmatisk	adj
dogmatisme	noun
dogme	noun
doktor	noun
doktrin	noun
doktrinær	adj
dokument	noun
dokumentation	noun
dokumentere	verb
dolberg	name
dolk	noun
dolke	verb
dollar	noun
dom	noun
domesticere	verb
domesticering	noun
domherre	noun
domhus	noun
dominikaner	noun
dominikansk	adj
dominion	noun
dominoeffekt	noun
domkirke	noun
dommedag	name
dommer	noun
dompap	noun
domstol	noun
domænetab	noun
donation	noun
donau	name
donere	verb
donkraft	noun
dont	noun
doorstep	noun
dopamin	noun
dora	name
doris	name
dorit	name
dorothea	name
dorrit	name
dorte	name
dorthe	name
dorthea	name
dortmund	name
doven	adj
dovendidrik	noun
dovendyr	noun
dovenkrop	noun
dovenlars	noun
dovenskab	noun
dovne	verb
downloade	verb
drab	noun
drabantby	noun
drabsmand	noun
drabssted	noun
drage	noun,verb
drager	noun
dragon	noun
dragt	noun
dram	noun
drama	noun
dramatik	noun
dramatiker	noun
dramatisk	adj
dranker	noun
drastisk	adj
dratte	verb
dravn	name
drej	noun
dreje	verb
drejebænk	noun
drejekors	noun
drejeskive	noun
drejning	noun
dreng	noun
drengekæreste	noun
drengenavn	noun
drengerøv	noun
drengestreg	noun
drenget	adj
dressere	verb
drev	noun
dreven	adj
drift	noun
driftig	adj
driftighed	noun
driftsmæssig	adj
drik	noun
drikfældig	adj
drikfældighed	noun
drikke	verb
drikkepenge	noun
drikkeri	noun
drikkevand	noun
drikkevare	noun
drikoffer	noun
dril	noun
drille	verb
drilsk	adj
drink	noun
driste	verb
dristig	adj
dristighed	noun
drive	noun,verb
drivhus	noun
drivhusgas	noun
drivvåd	adj
drog	noun
droge	noun
drone	noun
dronning	noun
dronningemoder	noun
dronningerige	noun
drossel	noun
drue	noun
druesukker	noun
druk	noun
drukken	adj
drukkenskab	noun
drukne	verb
druknedød	noun
drukspil	noun
dryp	noun
dryppe	verb
drys	noun
dråbe	noun
dræbe	verb
dræber	noun
drægtig	adj
drægtighed	noun
dræne	verb
drøbel	noun
drøfte	verb
drøftelse	noun
drøj	adj
drøje	verb
drøm	noun
drømme	verb
drømmehus	noun
drømmekage	noun
drømmen	noun
drømmer	noun
drømmeri	noun
drømmeverden	noun
drøn	noun
drøne	verb
drøv	noun
drøvtygger	noun
du	pron,verb
dualis	adj
dualist	noun
dubiøs	adj
dubnium	noun
due	noun
duehøg	noun
duel	noun
duelig	adj
duellere	verb
dueslag	noun
duetræ	noun
dueunge	noun
dueurt	noun
duft	noun
dufte	verb
dug	noun
dukke	noun,verb
dukkehus	noun
duks	noun
duksedreng	noun
dulgt	adj
dulle	noun
dum	adj
dumdristig	adj
dumdristighed	noun
dumhed	noun
dumme	verb
dummefejl	noun
dumpe	verb
dun	noun
dunkel	adj
dunkelhed	noun
dunst	noun
dunste	verb
dur	noun
durian	noun
dus	adj,adv
dusin	noun
dvale	noun
dvæle	verb
dvælen	noun
dværg	noun
dværghornugle	noun
dværgmus	noun
dværgterne	noun
dy	verb
dyb	adj,noun
dybde	noun
dybgang	noun
dybgående	noun
dybhav	noun
dybrød	adj
dybsindig	adj
dybt	adv
dyd	noun
dydig	adj
dydighed	noun
dydsdragon	noun
dydsiret	adj
dydsirethed	noun
dygtig	adj
dygtiggøre	verb
dygtiggørelse	noun
dygtighed	noun
dykke	verb
dykker	noun
dynamisk	adj
dynamit	noun
dynasti	noun
dyne	noun
dynejakke	noun
dynge	noun,verb
dyngevis	adv
dyppe	verb
dyr	adj,noun
dyreart	noun
dyrebar	adj
dyrebestand	noun
dyreelsker	noun
dyrefoder	noun
dyrehave	noun
dyrehold	noun
dyrehospital	noun
dyreklinik	noun
dyreliv	noun
dyremishandler	noun
dyremishandling	noun
dyrepark	noun
dyrepasser	noun
dyreplankton	noun
dyreriget	noun
dyrevelfærd	noun
dyreverden	noun
dyrisk	adj,adv
dyriskhed	noun
dyrkbar	adj
dyrke	verb
dyrkelse	noun
dyrker	noun
dyrkning	noun
dyrlæge	noun
dyrplager	noun
dyrplageri	noun
dyrskue	noun
dyse	noun
dysenteri	noun
dysfori	noun
dysleksi	noun
dysprosium	noun
dysse	noun,verb
dyst	noun
dyste	verb
dyster	adj
dysterhed	noun
dystopi	noun
dystopisk	adj
dyt	noun,verb
då	noun
dåb	noun
dåd	noun
dådyr	noun
dåre	noun,verb
dårekiste	noun
dårlig	adj
dårligdom	noun
dårligt	adv
dårskab	noun
dåse	noun
dåseskjul	noun
dåseøl	noun
dæk	noun
dække	noun,verb
dæmme	verb
dæmning	noun
dæmon	noun
dæmonisere	verb
dæmonisering	noun
dæmonisk	adj
dæmpe	verb
dæmre	verb
dæmring	noun
dø	verb
døbe	verb
døbefont	noun
døber	noun
død	adj,noun
dødbold	noun
dødbringende	adj
dødebog	noun
dødekult	noun
dødelig	adj
dødelighed	noun
dødfødsel	noun
dødfødt	adj
dødis	noun
dødlignende	adj
dødløft	noun
dødmandsknap	noun
dødning	noun
dødningehoved	noun
dødsangst	noun
dødsannonce	noun
dødsattest	noun
dødsbo	noun
dødscelle	noun
dødsdag	noun
dødsdom	noun
dødsdømme	verb
dødsdømt	adj
dødsengel	noun
dødsens	adj
dødsfald	noun
dødsfjende	noun
dødsforagt	noun
dødsfrygt	noun
dødsfælde	noun
dødsgang	noun
dødshjælp	noun
dødskamp	noun
dødskys	noun
dødsleje	noun
dødslejr	noun
dødsmetal	noun
dødsoffer	noun
dødspatrulje	noun
dødsrate	noun
dødsrige	noun
dødsstilhed	noun
dødsstivhed	noun
dødsstraf	noun
dødsstød	noun
dødssyg	adj
dødssynd	noun
dødstal	noun
dødstille	adj
dødstraf	noun
dødstrussel	noun
dødsulykke	noun
dødsår	noun
dødsårsag	noun
dødsønske	noun
dødvande	noun
dødvægt	noun
døgenigt	noun
døgling	noun
døgn	noun
døgnbutik	noun
døgnflue	noun
døgnkiosk	noun
døgnåben	adj
døje	verb
dølgsmål	noun
dømme	verb
dømmekraft	noun
dønning	noun
dør	noun
dørkarm	noun
dørklokke	noun
dørløs	adj
dørmand	noun
dørmåtte	noun
dørtærskel	noun
døsig	adj
døsighed	noun
døv	adj
døvblind	adj
døvblindhed	noun
døvhed	noun
e-butik	noun
e-form	noun
e-handel	noun
e-mail	noun
e-mail-adresse	noun
e-maile	verb
e-shop	noun
ea	name
eagle	noun
ebba	name
ebbe	name,noun
ebonit	noun
ecuador	name
ecuadorianer	noun
ecuadoriansk	adj
ed	noun
edderfugl	noun
edderkop	noun
edderkoppeben	noun
edderkoppespind	noun
eddike	noun
eddikesur	adj
eddikesyltet	adj
eddikesyre	noun
edel	name
edelweiss	noun
edinburgh	name
editere	verb
edith	name
edition	noun
editor	noun
edmund	name
edvard	name
edvardsen	name
edvin	name
efedrin	noun
effekt	noun
effektiv	adj
effektivitet	noun
effen	adj
efferent	adj
efficiens	noun
efficient	adj
efter	adv,prep
efterbyrd	noun
efterchok	noun
efterforske	verb
efterforsker	noun
efterforskning	noun
efterfølge	verb
efterfølgelse	noun
efterfølgende	adv
eftergive	verb
eftergivelig	adj
eftergivelse	noun
eftergiven	adj
eftergivende	adj
eftergivenhed	noun
eftergå	verb
eftergøre	verb
efterhånden	adv
efterleve	verb
efterligne	verb
efterliv	noun
efterlyd	noun
efterlyse	verb
efterlysning	noun
eftermiddag	noun
eftermæle	noun
efternavn	noun
efternøler	noun
efterord	noun
efterret	noun
efterskole	noun
efterskrift	noun
efterskælv	noun
efterslag	noun
eftersmag	noun
eftersom	conj
efterspil	noun
efterspørgsel	noun
eftersyn	noun
eftersøge	verb
eftersøgning	noun
eftersøgt	adj
eftertanke	noun
eftertid	noun
eftertænksom	adj
eftervarme	noun
efterår	noun
efterårsdag	noun
efterårsmåned	noun
efterårsregn	noun
eg	noun
egal	adj
egalitær	adj
ege	noun
egeblad	noun
egefad	noun
egen	adj
egenart	noun
egenartet	adj
egenhændig	adj
egeninteresse	noun
egennavn	noun
egennytte	noun
egennyttig	adj
egenrum	noun
egenrådig	adj
egenrådighed	noun
egenskab	noun
egentilstand	noun
egentlig	adj,adv
egenvektor	noun
egenværdi	noun
eger	noun
egern	noun
egernbestand	noun
egetræ	noun
egn	noun
egnet	adj
ego	noun
egoist	noun
egoistisk	adj
egon	name
egypten	name
egypter	noun
egyptisk	adj
egyptiskhed	noun
eigil	name
einsteinium	noun
einsteinsk	adj
ejakulation	noun
ejakulere	verb
eje	noun,verb
ejefald	noun
ejekær	adj
ejendel	noun
ejendom	noun
ejendommelig	adj,adv
ejendomsforsikring	noun
ejer	noun
ejerlejlighed	noun
ejerløs	adj
ejerskab	noun
ejestedord	noun
ejgil	name
ejnar	name
ejner	name
ejstrup	name
ejvind	name
ekko	noun
ekkorum	noun
eklektisk	adj
ekliptika	noun
eksakt	adj
eksakthed	noun
eksamen	noun
eksaminand	noun
eksegese	noun
eksekvere	verb
eksem	noun
eksempel	noun
eksempelløs	adj
eksempelsætning	noun
eksempelvis	adv
eksemplar	noun
ekshalere	verb
eksil	noun
eksistens	noun
eksistentialisme	noun
eksistentialist	noun
eksistere	verb
eksisterende	adj
ekskludere	verb
ekskludering	noun
eksklusion	noun
eksklusiv	adj
ekskommunikation	noun
ekskommunikere	verb
ekskone	noun
ekskrementer	noun
ekskursion	noun
ekskæreste	noun
eksmand	noun
eksoplanet	noun
eksorbitant	adj
eksoterisk	adj
eksotisk	adj
ekspandere	verb
ekspansion	noun
ekspedere	verb
ekspedient	noun
ekspeditør	noun
eksperiment	noun
eksperimental	adj
eksperimentere	verb
ekspert	noun
ekspertise	noun
eksplicit	adj
eksplodere	verb
eksplosion	noun
eksplosiv	adj,noun
eksponentiel	adj
eksponere	verb
eksport	noun
eksportere	verb
eksportør	noun
ekspres	adj,noun
ekstatisk	adj
ekstern	adj
ekstra	adj,adv
ekstrahere	verb
ekstrakt	noun
ekstranet	noun
ekstraordinær	adj
ekstravagant	adj,adv
ekstrem	adj,noun
ekstremist	noun
ekstremistisk	adj
ekstremitet	noun
ektoplasma	noun
ekvipage	noun
el	name,noun
eland	noun
elasticitet	noun
elastisk	adj
elben	name
elbil	noun
elcykel	noun
eldreven	adj
elefant	noun
elefanthue	noun
elegant	adj
elegi	noun
elektricitet	noun
elektrificere	verb
elektrificering	noun
elektriker	noun
elektrisk	adj
elektroingeniør	noun
elektromagnet	noun
elektromagnetisk	adj
elektron	noun
elektronik	noun
elektronikaffald	noun
elektronikindustri	noun
elektronikskrot	noun
elektronisk	adj
elektronvolt	noun
elektroteknik	noun
elektrotekniker	noun
element	noun
elementarladning	noun
elementær	adj
elena	name
elendig	adj
elendighed	noun
eleonora	name
elev	noun
elevator	noun
elevatorskakt	noun
elfenben	noun
elfenbenskysten	name
elfenbenstårn	noun
elg	noun
elguitar	noun
elias	name
eliassen	name
eliksir	noun
eliminere	verb
eliminering	noun
elin	name
elingeniør	noun
elisa	name
elisabeth	name
elise	name
elite	noun
elitær	adj
elkedel	noun
ella	name
ellefolk	noun
ellegaard	name
ellekonge	noun
ellen	name
eller	conj
ellerkonge	noun
ellers	adv
ellert	noun
elleve	num
ellevte	adj
ellinor	name
ellipse	noun
elliptisk	adj
ellis	name
elly	name
elm	noun
elmer	name
elmesyge	noun
elmetræ	noun
elmåler	noun
elna	name
elo	name
elsasser	noun
elsdyr	noun
elsdyrantilope	noun
else	name
elsebeth	name
elske	verb
elskede	noun
elskelig	adj
elskelighed	noun
elsker	noun
elskerinde	noun
elskovsaffære	noun
elskovsdigt	noun
elskovsdrik	noun
elskovskunst	noun
elskovsleg	noun
elskovsmiddel	noun
elskovssyg	adj
elskværdig	adj
elskværdighed	noun
elv	noun
elveragtig	adj
elvira	name
elvte	num
elværk	noun
em	noun
emalje	noun
emanuel	name
emballage	noun
embede	noun
embedsmand	noun
emblem	noun
emfang	noun
emfatisk	adj
emhætte	noun
emigrant	noun
emigration	noun
emigrere	verb
emil	name
emilie	name
emily	name
emir	noun
emirat	noun
emission	noun
emma	name
emme	verb
emmy	name
emne	noun
emotikon	noun
emotion	noun
empati	noun
empatisk	adj
empiriker	noun
empirisk	adj
empirisme	noun
emsig	adj
emulsion	noun
en	article,num,pron
enbenet	adj
encellet	adj
encyklopædi	noun
end	adv,conj
endda	adv
ende	noun,verb
endelig	adj,adv
endelighed	noun
endelse	noun
endeløs	adj
endemisk	adj
endestation	noun
endetarm	noun
endetarmsåbning	noun
endnu	adv
endoskop	noun
endoskopi	noun
endsige	conj
ene	adj,noun
enebarn	noun
enebær	noun
ener	name,noun
energi	noun
energibevarelse	noun
energidrik	noun
enerådende	adj
enerådig	adj
enes	verb
eneste	adj
enestående	adj
enevælde	noun
enevældig	adj
enfamilieshus	noun
enfold	noun
enfoldig	adj
enfoldighed	noun
eng	noun
engagement	noun
engagere	verb
engang	adv,conj
engangsaffære	noun
engel	noun
engelsk	adj,noun
engelskhed	noun
engkarse	noun
england	name
englænder	noun
englænderinde	noun
englærke	noun
engobe	noun
engpiber	noun
engroshandel	noun
engsnarre	noun
enhed	noun
enhedsmatrix	noun
enhedsvektor	noun
enhjørning	noun
enhver	det
enig	adj
enighed	noun
enke	noun
enkel	adj
enkelhed	noun
enkelt	adj,noun
enkeltbinding	noun
enkeltstående	adj
enkemand	noun
enlig	adj
enogfirs	num
enogfyrre	num
enoghalvfems	num
enoghalvfjerds	num
enoghalvtreds	num
enogtredive	num
enogtredve	num
enogtres	num
enogtyve	noun,num
enorm	adj,adv
ens	adj
ensbetydende	adj
ensfarvet	adj
ensformig	adj
ensformighed	noun
ensidig	adj
ensidighed	noun
ensilage	noun
ensilere	verb
ensliggøre	verb
enslydende	adj
ensom	adj
ensomhed	noun
ensproget	adj
ental	noun
entalpi	noun
enten	conj
entrecote	noun
entreprenørskab	noun
entropi	noun
entusiast	noun
entusiastisk	adj
entydig	adj
entydiggøre	verb
entydighed	noun
envejs	adj
enzym	noun
enægget	adj
eos	name
epidemi	noun
epidemiafdeling	noun
epidemibekæmpelse	noun
epidemilignende	adj
epidemiolog	noun
epidemiologi	noun
epidemiologisk	adj
epidemisk	adj
epigon	noun
epigoneri	noun
epilepsi	noun
epileptiker	noun
epileptisk	adj
epilere	verb
episk	adj
episkopal	adj
epistel	noun
epistemisk	adj
epistemologi	noun
epistemologisk	adj
epitet	noun
epoke	noun
epokegørende	adj
epos	noun
erantis	noun
erbium	noun
erektion	noun
eremit	noun
erfare	verb
erfaren	adj
erfaring	noun
ergonomisk	adj
erhverv	noun
erhverve	verb
erhvervelse	noun
erhvervsaffaldsgebyr	noun
erhvervsliv	noun
erik	name
erika	name
eriksen	name
erindre	verb
erindring	noun
eritrea	name
eritreer	noun
erkende	verb
erkendelig	adj
erkendelse	noun
erkendelsesmæssig	adj
erkendelsesteoretisk	adj
erkendelsesteori	noun
erklære	verb
erklæring	noun
erland	name
erling	name
erna	name
ernst	name
ernære	verb
ernæring	noun
ernæringsmæssig	adj
erobre	verb
erobringskrig	noun
erodere	verb
erodering	noun
eros	name
erosion	noun
erotica	noun
erotik	noun
erotika	noun
erotisk	adj
erotisme	noun
erstatning	noun
erstatningsmodstand	noun
erstatte	verb
erytrocyt	noun
es	noun
esajas	name
esben	name
esbjerg	name
eskadrille	noun
eskadron	noun
eskapisme	noun
eskatologi	noun
eskatologisk	adj
eskild	name
eskimo	noun
eskimoisk	adj
eskimolog	noun
eskimologi	noun
eskimologisk	adj
esoterisk	adj
esperanto	name
esplanade	noun
essens	noun
essentiel	adj
establishment	noun
ester	name,noun
esther	name
estimat	noun
estimere	verb
estimering	noun
estisk	adj,noun
estiskhed	noun
estland	name
estragon	noun
et	article
etablere	verb
etableret	adj
etablering	noun
etablissement	noun
etage	noun
etape	noun
etbenet	adj
etelement	noun
etikette	noun
etiopien	name
etiopier	noun
etiopisk	adj
etisk	adj
etnicitet	noun
etnisk	adj
etnocentrisk	adj
etnocentrisme	noun
etnograf	noun
etnologi	noun
etrurien	name
etrusker	noun
etruskisk	adj
etter	noun
etude	noun
etværelses	adj
etymolog	noun
etymologi	noun
etymologisk	adj
eufemisme	noun
eufori	noun
euforiserende	adj
eulertur	noun
eunuk	noun
euripides	name
euro	noun
eurocentrisk	adj
eurocentrisme	noun
eurofil	adj
euromønt	noun
europa	name
europamesterskab	noun
europarådet	name
europid	noun
europium	noun
europæer	noun
europæisk	adj
europæiskhed	noun
eva	name
evakuere	verb
evald	name
evaluere	verb
evangelisk	adj
evangelist	noun
evangelium	noun
evaporering	noun
event	noun
eventuel	adj
eventyr	noun
eventyrer	noun
eventyrlig	adj
eventyrlysten	adj
evig	adj
evighed	noun
evighedsmaskine	noun
evindelig	adj,adv
evne	noun,verb
evolution	noun
excentrisk	adj
excitere	verb
ezekias	name
ezekiel	name
ezra	name
fabel	noun
fabelagtig	adj
fabrik	noun
facade	noun
facebook	name
facet	noun
facilitator	noun
facon	noun
fad	adj,noun
fadder	noun
fadderskab	noun
fader	noun
faderen	name
faderlig	adj
faderskab	noun
fadervor	noun
fadæse	noun
fadøl	noun
fag	noun
fagforening	noun
fagfællebedømmelse	noun
fagfællebedømt	adj
fagidiot	noun
faglig	adj
faglighed	noun
faglitteratur	noun
fagområde	noun
fagot	noun
fagsprog	noun
fagter	noun
fajance	noun
fakir	noun
fakkel	noun
faktion	noun
faktisk	adj
faktotum	noun
faktuel	adj
faktum	noun
fakultet	noun
falafel	noun
fald	noun
falde	verb
faldereb	noun
faldgrube	noun
faldgruppe	noun
faldskærm	noun
faldskærmsjæger	noun
faldskærmssoldat	noun
falk	name,noun
falklandsøerne	name
falleret	adj
fallisk	adj
fallit	adj,noun
falsificere	verb
falsk	adj
falskhed	noun
falster	name
familie	noun
familiehus	noun
familieliv	noun
familielæge	noun
familiemedlem	noun
familiemæssig	adj
familieskab	noun
famle	verb
fancy	adj
fandeme	adv
fanden	adv,name,noun
fandenivoldsk	adj
fandens	adj,intj
fane	noun
fang	verb
fange	noun,verb
fangeleg	noun
fangelejr	noun
fangenskab	noun
fangst	noun
fanny	name
fantasi	noun
fantastisk	adj
fantasy	noun
fantom	noun
fantomet	name
far	noun
farad	noun
farao	noun
farbror	noun
fare	noun,verb
farefuld	adj
faretruende	adj,adv
farfar	noun
farisæer	noun
farisæisk	adj
farisæisme	noun
farlig	adj
farlighed	noun
farm	noun
farmaceut	noun
farmakologisk	adj
farmor	noun
fars	noun
fart	noun
fartøj	noun
farve	noun,verb
farveblind	adj
farveblindhed	noun
farvel	intj,noun
farveløs	adj
farvenuance	noun
farver	noun
farverig	adj
farvestof	noun
farvet	adj
farvetone	noun
faryngal	adj
fas	noun
fasan	noun
fasaneri	noun
fascination	noun
fascinere	verb
fascisme	noun
fase	noun,verb
faserum	noun
fashionabel	adj
fast	adj
fastansat	adj
fastboende	adj
faste	noun,verb
fastelavn	noun
faster	noun
fastgøre	verb
fasthed	noun
fastmaske	noun
fastnøgle	noun
faststoffysiker	noun
fastsætte	verb
fatal	adj
fatamorgana	noun
fatning	noun
fatte	verb
fattelig	adj
fattig	adj
fattigdom	noun
fattighus	noun
fattiglem	noun
fatwa	noun
fauna	noun
favn	noun
favorabel	adj
favorisere	verb
favorit	adj,noun
fe	noun
feber	noun
febervildelse	noun
febril	adj
febrilsk	adj
febrilskhed	noun
februar	noun
fed	adj,noun
fede	verb
fedme	noun
fedt	noun
fedtdepot	noun
fedterøv	noun
fedtet	adj
fedtfattig	adj
fedtmule	name
fedtsyl	noun
fedtsyre	noun
feedback	noun
feirup	name
fej	adj
fejde	noun,verb
feje	verb
fejhed	noun
fejl	adv,noun
fejlagtig	adj
fejle	verb
fejlernæret	adj
fejlernæring	noun
fejlfarve	noun
fejlfri	adj
fejlkilde	noun
fejlmelding	noun
fejltagelse	noun
fejre	verb
felix	name
felt	noun
feltarbejde	noun
feltflaske	noun
feltkøkken	noun
feltmadras	noun
feltpræst	noun
fem	num
femern	name
feminin	adj
feminisme	noun
feminist	noun
feministisk	adj
feminologi	noun
feminologisk	adj
femkamp	noun
femkant	noun
femkæmper	noun
femling	noun
femmer	noun
femmøller	name
femogfirs	num
femogfyrre	num
femoghalvfems	num
femoghalvfjerds	num
femoghalvtreds	num
femogtredive	num
femogtredve	num
femogtres	num
femogtyve	num
femsproget	adj
femte	num
femten	num
femteudgave	noun
femti	num
ferdinand	name
ferdinandsen	name
ferie	noun
feriehus	noun
fermentere	verb
fermentering	noun
fermium	noun
fernis	noun
fersk	adj
fersken	noun
ferskentræ	noun
fertil	adj
fertilitet	noun
fertilitetskvotient	noun
fertilitetsrate	noun
fest	noun
festival	noun
festivitas	noun
festlig	adj
festlighed	noun
festryger	noun
festskrift	noun
feta	noun
fetich	noun
feudal	adj
feudalisme	noun
fiale	noun
fiasko	noun
fiber	noun
fidus	noun
fie	name
fif	noun
figen	noun
figentræ	noun
figur	noun
figurativ	adj
figurere	verb
fiji	name
fiks	adj
fikse	verb
fiksere	verb
fiktion	noun
fiktiv	adj
fil	noun
filament	noun
filantrop	noun
filantropi	noun
filantropisk	adj
filateli	noun
filatelist	noun
filet	noun
filetere	verb
filial	noun
filigran	noun
filip	name
filippa	name
filippiner	noun
filippinerne	name
filippinsk	adj
filippinskhed	noun
film	noun
filme	verb
filmfotograf	noun
filmhold	noun
filminstruktør	noun
filmproduktion	noun
filmskole	noun
filmstjerne	noun
filolog	noun
filologi	noun
filologisk	adj
filosof	noun
filosofere	verb
filosofi	noun
filosofisk	adj,adv
filt	noun
filter	noun
filterkaffe	noun
fin	adj
finans	noun
finansiel	adj
finansiere	verb
finanskrise	noun
finanslov	noun
finansminister	noun
finde	verb
finder	noun
findes	verb
finer	noun
finger	noun
fingeraftryk	noun
fingerbøl	noun
fingere	verb
fingernegl	noun
fingerspids	noun
fingerspidsfornemmelse	noun
finish	noun
finland	name
finmark	noun
finn	name
finne	noun
finsk	adj,noun
finskhed	noun
finskåren	adj
finskåret	adj
fint	adv
finte	noun
fintskåren	adj
fintskåret	adj
finurlig	adj
finurlighed	noun
fipskæg	noun
firben	noun
firbenet	adj
fire	num,verb
firebanden	name
fireogfirs	num
fireogfyrre	num
fireoghalvfems	num
fireoghalvfjerds	num
fireoghalvtreds	num
fireogtredive	num
fireogtredve	num
fireogtres	num
fireogtyve	num
firer	noun
firkant	noun
firkantet	adj
firling	noun
firma	noun
firs	num
firspring	noun
firsproget	adj
firti	num
fis	noun
fischer	name
fisefornem	adj
fisk	noun
fiskal	adj
fiske	verb
fiskebanke	noun
fiskebestand	noun
fiskebutik	noun
fiskefangst	noun
fiskeforretning	noun
fiskehandel	noun
fiskehandler	noun
fiskehejre	noun
fiskeindustri	noun
fiskekniv	noun
fiskene	name
fiskeolie	noun
fisker	name,noun
fiskerbåd	noun
fiskeret	noun
fiskerhus	noun
fiskeri	noun
fiskerihavn	noun
fiskerknob	noun
fiskestang	noun
fiskeørn	noun
fisse	noun
fissehul	noun
fission	noun
fjams	noun
fjeder	noun
fjeld	noun
fjeldhytte	noun
fjeldrype	noun
fjeldside	noun
fjeldskred	noun
fjeldtop	noun
fjeldvandrer	noun
fjeldvandring	noun
fjeldvåge	noun
fjeldvæg	noun
fjeldørred	noun
fjende	noun
fjendebillede	noun
fjendsk	adj
fjendskab	noun
fjendtlig	adj
fjendtlighed	noun
fjer	noun
fjerde	num
fjerdedel	noun
fjerdeudgave	noun
fjern	adj
fjernbetjening	noun
fjerne	verb
fjernelse	noun
fjernsyn	noun
fjernsynskanal	noun
fjernsynsstation	noun
fjernundervisning	noun
fjollet	adj
fjols	noun
fjor	noun
fjord	noun
fjordterne	noun
fjorten	num
fjumreår	noun
flad	adj
flade	noun,verb
fladfisk	noun
fladlus	noun
fladorm	noun
flag	noun
flage	noun,verb
flagermus	noun
flagesalt	noun
flagknob	noun
flagskib	noun
flagskibsbutik	noun
flagstang	noun
flakke	verb
flakon	noun
flambere	verb
flamboyant	adj
flamingo	noun
flamme	noun,verb
flammekaster	noun
flanere	verb
flange	noun
flanke	noun
flankere	verb
flannel	noun
flanør	noun
flaske	noun,verb
flaskeautomat	noun
flaskedreng	noun
flaskehals	noun
flaskepost	noun
flaskesamler	noun
fleksibel	adj
fleksibilitet	noun
flemming	name
flensborg	name
flercellet	adj
flere	adj
flerfamilieshus	noun
flerling	noun
flerovium	noun
flertal	noun
flertydig	adj
flertydighed	noun
flerumættet	adj
flest	adj
fletning	noun
flette	verb
fletværk	noun
flid	noun
flig	noun
flimre	verb
flink	adj
flippe	verb
flirte	verb
flis	noun
flise	noun,verb
flittig	adj
flittighed	noun
flod	noun
flodbølge	noun
flodhest	noun
flodmunding	noun
flok	noun
flokimmunitet	noun
flom	noun
flomme	noun
flommefed	adj
flommefedt	noun
flonel	noun
flor	noun
flora	noun
florida	name
flormelis	noun
floskel	noun
floskelmager	noun
flov	adj
flovhed	noun
flue	noun
flueknepperi	noun
fluepapir	noun
fluesmækker	noun
fluesnapper	noun
flugeknepperi	noun
flugt	noun
flugte	verb
fluks	adv
fluor	noun
fluorescens	noun
fluorit	noun
flush	noun
flusspat	noun
fly	noun
flybillet	noun
flyde	verb
flydende	adj
flyder	noun
flyfrisk	adj
flygel	noun
flygte	verb
flygtig	adj
flygtning	noun
flygtningelejr	noun
flynder	noun
flyskam	noun
flytbar	adj
flytte	verb
flyttebil	noun
flyttemand	noun
flyv	verb
flyve	verb
flyvebur	noun
flyvedygtig	adj
flyvehavre	noun
flyveleder	noun
flyvemaskine	noun
flyver	noun
flyvestation	noun
flyvning	noun
flå	verb
flåde	noun,verb
flåt	noun
flåtbid	noun
flæb	noun
flæbe	verb
flække	noun,verb
flænge	noun,verb
flænse	verb
flænser	noun
flæsk	noun
flæskesteg	noun
flæskesvær	noun
flød	verb
fløde	noun
flødebolle	noun
flødefarvet	adj
flødeis	noun
flødekaramel	noun
flødeskum	noun
fløjl	noun
fløjt	noun
fløjte	noun,verb
fm	noun
fmd	noun
fn	name
fnise	verb
fnug	noun
fnyse	verb
fobi	noun
fobisk	adj
fod	noun
fodbold	noun
fodboldspiller	noun
foder	noun
foderbræt	noun
foderstof	noun
fodgænger	noun
fodgængerfelt	noun
fodgængerovergang	noun
fodjonglør	noun
fodkold	adj
fodre	verb
fodring	noun
fodspor	noun
fodtøj	noun
fok	noun
fokus	name
fold	noun
folde	verb
foldekniv	noun
fole	verb
folie	noun
folk	noun
folkeafstemning	noun
folkedragt	noun
folkeeventyr	noun
folkeforfører	noun
folkehøjskole	noun
folkekær	adj
folkelig	adj
folkeliggøre	verb
folkeliggørelse	noun
folkemasse	noun
folkemord	noun
folkemusik	noun
folkeret	noun
folkeretlig	adj
folkeretsekspert	noun
folkeretsforsker	noun
folkeretsstridig	noun
folkeslag	noun
folkestamme	noun
folkestyre	noun
folketinget	name
folketingsmedlem	noun
folkevalgt	adj
folkevise	noun
folklore	noun
folkmar	name
fond	noun
fonem	noun
fonetik	noun
fonetisk	adj
fonolog	noun
fonologi	noun
fonologisk	adj
fontæne	noun
football	noun
for	adv,conj,noun,prep
for-løkke	noun
foragt	noun
foragte	verb
foran	adv,prep
foranderlig	adj
foranderlighed	noun
forandre	verb
forandring	noun
foranstalte	verb
foranstaltning	noun
forarbejde	noun,verb
forarge	verb
forargelig	adj
forargelse	noun
forbande	verb
forbandelse	noun
forbandet	adj
forbarme	verb
forbasket	adj
forbavset	adj
forbedre	verb
forbedring	noun
forbeholde	verb
forberede	verb
forberedelse	noun
forbi	adv,prep
forbier	noun
forbigå	verb
forbigående	adj
forbillede	noun
forbinde	verb
forbindelse	noun
forbinding	noun
forbitret	adj
forblinde	verb
forblindelse	noun
forblive	verb
forblænde	verb
forbrydelse	noun
forbryder	noun
forbrænde	verb
forbrænding	noun
forbrændingsmotor	noun
forbud	noun
forbudssverige	name
forbudt	adj
forbund	noun
forbyde	verb
forbøn	noun
forcere	verb
forcering	noun
fordampe	verb
fordampning	noun
fordampningsvarme	noun
fordanske	verb
fordanskning	noun
fordel	noun
fordelagtig	adj
fordele	verb
fordeling	noun
fordi	conj
fordom	noun
fordomsfri	adj
fordomsfrihed	adj
fordomsfuld	adj
fordomsfuldhed	noun
fordre	verb
fordreje	verb
fordrive	verb
fordrukken	adj
fordum	adv
fordumme	verb
fordærv	noun
fordærve	verb
fordøje	verb
fordøjelse	noun
fordømme	verb
fordømmelig	adj
fordømmelse	noun
forebygge	verb
foregangsmand	noun
foregive	verb
foregå	verb
foregående	adj
forehavende	noun
forekomme	verb
forekomst	noun
forelske	verb
forelskelse	noun
forelsket	adj,adv
forelægge	verb
forelæse	verb
forelæsning	noun
foreløbig	adj,adv
foreløbighed	noun
forene	verb
forenelig	adj
forening	noun
foreningsmængde	noun
forenkle	verb
forenkling	noun
foreslå	verb
forespørge	verb
forespørgsel	noun
forestille	verb
forestilling	noun
foretage	verb
foretagende	noun
foretagsom	adj
foretagsomhed	noun
foreteelse	noun
foretrække	verb
forevige	verb
forfader	noun
forfald	noun
forfalde	verb
forfalske	verb
forfatning	noun
forfatningsbrud	noun
forfatningsmæssig	adj
forfatningssikret	adj
forfatningsstridig	adj
forfatte	verb
forfatter	noun
forfatterskab	noun
forfejle	verb
forfine	verb
forfinelse	noun
forfordele	verb
forforståelse	noun
forfremme	verb
forfremmelse	noun
forfrysning	noun
forfængelig	adj
forfærde	verb
forfærdelig	adj,adv
forfærdelse	noun
forfølge	verb
forfølgelse	noun
forfølgning	noun
forføre	verb
forførelse	noun
forførende	adj
forfører	noun
forførerske	noun
forgifte	verb
forgiftning	noun
forglemmigej	noun
forgribe	verb
forgude	verb
forgudelse	noun
forgå	verb
forgårs	noun
forgæves	adj,adv
forgøre	verb
forhale	verb
forhammer	noun
forhandle	verb
forhandler	noun
forhandling	noun
forhekse	verb
forhekselse	noun
forhenværende	adj
forhindre	verb
forhindret	adj
forhindring	noun
forhindringsløb	noun
forhold	noun
forholde	verb
forholdsmæssig	adj,adv
forholdsord	noun
forhud	noun
forhus	noun
forhutlet	adj
forhåbentlig	adv
forhåbning	noun
forhåbningsfuld	adj
forhøje	verb
forhøjelse	noun
forjætte	verb
fork	noun
forkalke	verb
forkalket	adj
forkalkning	noun
forkaste	verb
forkastelig	adj
forkastelighed	noun
forkastelse	noun
forkastning	noun
forkert	adj,adv
forklare	verb
forklaring	noun
forklejne	verb
forklæde	noun,verb
forkorte	verb
forkortelse	noun
forkortning	noun
forkromet	adj
forkynde	verb
forkyndelse	noun
forkæle	verb
forkælelse	noun
forkæmper	noun
forkærlighed	noun
forkølelse	noun
forkølet	adj
forkørselsret	noun
forlade	verb
forladelse	noun
forladt	adj
forladthed	noun
forlag	noun
forlange	verb
forlangende	noun
forlede	verb
forleden	adj,adv
forlegen	adj
forlegenhed	noun
forlig	noun
forlige	verb
forligelig	adj
forlis	noun
forlise	verb
forloren	adj
forlovelse	noun
forlyd	noun
forlyde	verb
forlyste	verb
forlystelse	noun
forlystelsespark	noun
forlæg	noun
forlægge	verb
forlænge	verb
forlængelse	noun
forlængerledning	noun
forlæse	verb
forløb	noun
forløse	verb
forløser	noun
forløsning	noun
form	noun
formalisere	verb
formalitet	noun
formand	noun
formandskab	noun
forme	verb
formel	adj,noun
formelenhed	noun
formene	verb
formentlig	adv
formering	noun
formeringsdygtig	adj
formgenre	noun
formidabel	adj
formiddag	noun
formidle	verb
formildende	adj
formindske	verb
formindskelse	noun
formkage	noun
formode	verb
formodentlig	adv
formodning	noun
formue	noun
formular	noun
formulere	verb
formulering	noun
formynder	noun
formynderskab	noun
formå	verb
formåen	noun
formål	noun
formålstjenlig	adj
formørke	verb
formørkelse	noun
fornavn	noun
forneden	adv
fornedre	verb
fornem	adj
fornemme	verb
fornemmelse	noun
fornuft	noun
fornuftig	adj
fornuftsægteskab	noun
forny	verb
fornyelse	noun
fornyelsesproces	noun
fornægte	verb
fornægtelse	noun
fornærme	verb
fornærmelse	noun
fornærmet	adj
fornærmethed	noun
fornøje	verb
fornøjelse	noun
fornøjet	adj
forord	noun
forperson	noun
forpligte	verb
forpligtelse	noun
forpremiere	noun
forpulet	adj
forpuppe	verb
forpurre	verb
forpustet	adj
forrest	adj
forresten	adv
forret	noun
forretning	noun
forretningsindehaver	noun
forretningskæde	noun
forretningsmand	noun
forretningsmæssig	adj
forrette	verb
forrettighed	noun
forrig	adj
forrige	adj
forringe	verb
forringelse	noun
forrykke	verb
forrykt	adj
forrykthed	noun
forrå	verb
forråd	noun
forråde	verb
forrådne	verb
forrådnelse	noun
forrådshus	noun
forrådskammer	noun
forråelse	noun
forræder	noun
forræderi	noun
forræderisk	adj
forsage	verb
forsagelse	noun
forsamle	verb
forsamling	noun
forsamlingshus	noun
forseelse	noun
forside	noun
forsigtig	adj
forsigtighed	noun
forsikre	verb
forsikring	noun
forsikringsselskab	noun
forsinke	verb
forsinkelse	noun
forske	verb
forskel	noun
forskellig	adj
forskelsbehandle	verb
forskelsbehandling	noun
forsker	noun
forskeragtig	adj
forskning	noun
forskningschef	noun
forskningsprofessor	noun
forskrække	verb
forskyde	verb
forskønne	verb
forskønnelse	noun
forslag	noun
forslidt	adj
forslå	verb
forsone	verb
forsoning	noun
forsovet	adj
forspil	noun
forstand	noun
forstander	noun
forstavn	noun
forstene	verb
forstening	noun
forstille	verb
forstillelse	noun
forstilt	adj
forstoppelse	noun
forstuve	verb
forstuvning	noun
forstyrre	verb
forstyrrelse	noun
forstyrret	adj
forstå	verb
forståelig	adj
forståelighed	noun
forståelse	noun
forstås	phrase
forstærke	verb
forstærkning	noun
forstørre	verb
forstørrelse	noun
forstørrelsesglas	noun
forsvar	noun
forsvare	verb
forsvarer	noun
forsvarlig	adj
forsvarsløs	adj
forsvarsløshed	noun
forsvind	intj
forsvinde	verb
forsyn	noun
forsyne	verb
forsyning	noun
forsæde	noun
forsæt	noun
forsætlig	adj
forsøde	verb
forsøg	noun
forsøge	verb
forsøgsopstilling	noun
forsøgsvis	adj,adv
forsømme	verb
forsømmelig	adj
forsømmelighed	noun
forsømmelse	noun
forsømthed	noun
forsørge	verb
forsørgelse	noun
forsørger	noun
fort	noun
fortage	verb
fortale	noun,verb
fortalelse	noun
forte	adv,noun
fortegn	noun
fortegne	verb
fortegnelse	noun
fortfarende	adv
fortid	noun
fortidig	adj
fortjeneste	noun
fortjenstgivende	adj
fortolke	verb
fortolker	noun
fortolkning	noun
fortov	noun
fortrin	noun
fortrinsvis	adv
fortrolig	adj
fortrolighed	noun
fortrop	noun
fortryde	verb
fortrydelse	noun
fortrylle	verb
fortryllelse	noun
fortræd	noun
fortrække	noun,verb
fortsat	adj,adv
fortsætte	verb
fortsættelse	noun
fortumlet	adj
fortungevokal	noun
fortvivle	verb
fortvivlelse	noun
fortvivlet	adj
fortyske	verb
fortyskning	noun
fortælle	verb
fortæller	noun
fortælling	noun
fortænke	verb
fortænkt	adj
fortærsket	adj
fortørnet	adj
forud	adv
forude	adv
forudgå	verb
forudgående	adj
forudindtaget	adj
forudindtagethed	noun
forudse	verb
forudsige	verb
forudsigelig	adj
forudsigelighed	noun
forudsigelse	noun
forudsætning	noun
forulempe	verb
forulempelse	noun
forulykke	verb
forunderlig	adj
forundre	verb
forurene	verb
forurening	noun
forurolige	verb
foruroligelse	noun
forvandle	verb
forvandling	noun
forvanske	verb
forvanskning	noun
forvarme	verb
forveksle	verb
forveksling	noun
forvente	verb
forventelig	adj,adv
forventning	noun
forventningsafstemning	noun
forventningsfuld	adj
forventningsværdi	noun
forvirre	verb
forvirring	noun
forvitre	verb
forvitring	noun
forvolde	verb
forvride	verb
forvrænge	verb
forvrængning	noun
forvænne	verb
forværre	verb
forværring	noun
forår	noun
forårsage	verb
forårsagtig	adj
forårsdag	noun
forårsmåned	noun
forårsregn	noun
forårsrulle	noun
forårstegn	noun
forælde	verb
forældelse	noun
forælder	noun
forældet	adj
forældreløs	adj
forældreskab	noun
forære	verb
foræring	noun
forøge	verb
forøgelse	noun
fos	noun
fosfat	noun
fosfolipid	noun
fosfor	noun
fosforescere	verb
fossil	adj,noun
foster	noun
fostermoder	noun
fostervand	noun
fostre	verb
foto	noun
fotoapparat	noun
fotogen	adj
fotograf	noun
fotografere	verb
fotografering	noun
fotografi	noun
fotografisk	adj
foton	noun
fotosfære	noun
fotosyntese	noun
foyer	noun
fra	prep
frabede	verb
fragt	noun
fragte	verb
fragå	verb
frakke	noun
fraktur	noun
frakørsel	noun
fralandsvind	noun
franc	noun
francium	noun
frands	name
frandsen	name
frank	name
franker	noun
frankisk	adj
frankrig	name
frans	name
fransk	adj,noun
franskbrød	noun
franskhed	noun
franskmand	noun
fraråde	verb
frastøde	verb
frastødende	adj
fratage	verb
fratrække	verb
fravige	verb
fravælge	verb
fravælgelse	noun
fravær	noun
fraværende	adj
fred	noun
fredag	noun
freddy	name
frede	name,verb
fredelig	adj
fredeliggøre	verb
fredeliggørelse	noun
fredelighed	noun
frederik	name
frederikke	name
frederiksen	name
fredløs	adj,noun
fredløshed	noun
fredning	noun
fredsdue	noun
fredsforstyrrer	noun
fredstid	noun
fregat	noun
fregne	noun
frej	name
freja	name
frejdig	adj
frejdighed	noun
frekvens	noun
frelse	noun,verb
frelser	noun
frelst	adj
frem	adv
fremad	adv
fremadstormende	adj
frembringe	verb
frembringelse	noun
fremdeles	adv
fremføre	verb
fremførelse	noun
fremføring	noun
fremførsel	noun
fremgang	noun
fremgangsmåde	noun
fremgå	verb
fremhæve	verb
fremhævelse	noun
fremkalde	verb
fremkomme	verb
fremleje	noun,verb
fremlejer	noun
fremlægge	verb
fremlæggelse	noun
fremlægning	noun
fremme	adv,noun,verb
fremmed	adj,noun
fremmedfjendsk	adj
fremmedfjendtlig	adj
fremmedgøre	verb
fremmedgørelse	noun
fremmedhad	noun
fremmedhader	noun
fremmedkriger	noun
fremmedlegeme	noun
fremmedord	noun
fremmedordbog	noun
fremmøde	noun
fremragende	adj
fremskaffe	verb
fremskaffelse	noun
fremskynde	verb
fremskyndelse	noun
fremstille	verb
fremstilling	noun
fremstillingsmetode	noun
fremstormende	adj
fremstå	verb
fremstående	adj
fremtid	noun
fremtidig	adj
fremtidssikker	adj
fremtræde	verb
fremtrædelse	noun
fremtrædende	adj
fremvisning	noun
freske	noun
freudiansk	adj
fri	adj,verb
frida	name
fridag	noun
frieri	noun
frifindelse	noun
frigg	name
frigid	adj
frigøre	verb
frigørelse	noun
frihed	noun
friherre	noun
friherreinde	noun
friis	name
frikadelle	noun
frikativ	adj,noun
frikendelse	noun
friktion	noun
frikvarter	noun
frille	noun
frimodig	adj
frimodighed	noun
frimurer	noun
frimærke	noun
frimærkesamling	noun
fripon	noun
frise	noun
friser	noun
frisind	noun
frisindet	adj
frisindig	adj
frisisk	adj,noun
frisiskhed	noun
frisk	adj
friskhed	noun
frist	noun
friste	verb
fristelse	noun
frisure	noun
frisør	noun
frisørsalon	noun
frisørstol	noun
fritage	verb
fritere	noun
frithiof	name
frithjof	name
fritid	noun
fritidsaktivitet	noun
fritidshus	noun
frits	name
fritstående	adj
fritte	noun,verb
friture	noun
fritænker	noun
frivillig	adj
frivillighed	noun
fro	adj
frode	name
frokost	noun
from	adj
front	noun
frontlinje	noun
frosch	noun
frossen	adj
frost	noun
frostsikker	adj
frottere	verb
fru	noun
frue	noun
frugt	noun
frugtavl	noun
frugtavler	noun
frugtbar	adj
frugtbargøre	verb
frugtbarhed	noun
frugthave	noun
frugtplantage	noun
frugttræ	noun
fruktose	noun
frustration	noun
frustrere	verb
frustrerende	adj
frustreret	adj
fryd	noun
frygt	noun
frygte	verb
frygtelig	adj
frygtsom	adj
frygtsomhed	noun
frys	noun
fryse	verb
frysepunkt	noun
fryser	noun
fråde	noun,verb
fråse	verb
fræk	adj
frækhed	noun
frækkert	noun
frænde	noun
frø	noun
frømand	noun
fuchsia	noun
fuck	particle
fuckfinger	noun
fuga	noun
fuge	noun,verb
fuge-e	noun
fuge-s	noun
fugl	noun
fugleagtig	adj
fugleart	noun
fuglebestand	noun
fuglebur	noun
fugleedderkop	noun
fuglefjeld	noun
fuglehus	noun
fugleinfluenza	noun
fuglekald	noun
fugleklo	noun
fuglekoloni	noun
fuglekonge	noun
fugleliv	noun
fugleperspektiv	noun
fuglerede	noun
fuglereservat	noun
fugleskræmsel	noun
fugletræk	noun
fugleunge	noun
fugt	noun
fugte	verb
fugtig	adj
fugtighed	noun
fugtning	noun
fuks	noun
fukssvans	noun
fuld	adj
fuldbyrde	verb
fuldende	verb
fuldendt	adj
fulderik	noun
fuldføre	verb
fuldførelse	noun
fuldgyldig	adj
fuldkommen	adj
fuldkommengøre	verb
fuldkommenhed	noun
fuldmagt	noun
fuldskab	noun
fuldstændig	adj,adv
fuldstændiggøre	verb
fuldstændighed	noun
fuldtallig	adj
fuldtid	noun
fund	noun
fundament	noun
fundamental	adj
fundamentalisme	noun
fundats	noun
fundere	verb
fundering	noun
fungere	verb
funk	noun
funkband	noun
funkgruppe	noun
funkmusik	noun
funktion	noun
funktionalitet	noun
funktionel	adj
funky	adj
fup	noun
fupmager	noun
fuppe	verb
furie	noun
furore	noun
fuser	noun
fusk	noun
fuske	verb
fuskeri	noun
futurum	noun
fx	adv
fyge	verb
fygning	noun
fyld	noun
fylde	noun,verb
fyldepen	noun
fyldest	noun
fyldestgøre	verb
fyldestgørelse	noun
fyldestgørende	adj
fyldning	noun
fyldstof	noun
fyn	name
fynbo	noun
fynsk	adj
fyr	noun
fyraften	noun
fyre	verb
fyrfadslys	noun
fyring	noun
fyrre	num
fyrrekogle	noun
fyrretræ	noun
fyrretyve	num
fyrrum	noun
fyrste	noun
fyrstedømme	noun
fyrtårn	noun
fyrtøj	noun
fyrværkeri	noun
fysik	noun
fysiker	noun
fysiolog	noun
fysiologi	noun
fysiologisk	adj
fysioterapeut	noun
fysioterapi	noun
fysisk	adj,adv
fysiurg	noun
fysiurgi	noun
fysiurgisk	adj
få	adj,noun,verb
fåmælt	adj
får	noun
fårehund	noun
fårekylling	noun
fåret	adj
fæ	noun
fæces	noun
fædreland	noun
fædrene	adj
fægte	verb
fægtekamp	noun
fægtekunst	noun
fægtemaske	noun
fægtemester	noun
fægten	noun
fægter	noun
fægtning	noun
fæl	adj
fælde	noun,verb
fælg	noun
fælled	noun
fælles	adj
fællesbetegnelse	noun
fælleseje	noun
fællesgermansk	adj
fællesgrønlandsk	adj
fælleshus	noun
fælleskinesisk	adj
fælleskøn	noun
fællesmængde	noun
fællesnordisk	adj
fællesskab	noun
fællessprog	noun
fællestysk	adj
fængsel	noun
fængsle	verb
fænologi	noun
fænologisk	adj
fænomen	noun
fænomenal	adj
færd	noun
færden	noun
færdes	verb
færdig	adj,intj
færdigbygge	verb
færdiggøre	verb
færdiggørelse	noun
færdighed	noun
færdigret	noun
færdsel	noun
færdselstavle	noun
færge	noun,verb
færing	noun
færøerne	name
færøsk	adj,name
færøskhed	noun
fæste	noun,verb
fæstebonde	noun
fæstning	noun
fæstningsværk	noun
fætter	noun
føde	noun,verb
fødedygtig	adj
føderal	adj
føderalistisk	adj
føderation	noun
fødestue	noun
fødevare	noun
fødsel	noun
fødselar	noun
fødselsattest	noun
fødselsdag	noun
fødselsdagsbarn	noun
fødselsdagsfest	noun
fødselsdagskage	noun
fødselsdato	noun
fødselshjælper	noun
fødselshyppighed	noun
føj	intj
føje	adj,noun,verb
føjelig	adj
føjelighed	noun
føl	noun
føle	verb
følelse	noun
følelsesløs	adj
følelsesløshed	noun
følelsesmæssig	adj
føler	noun
følge	noun,verb
følgelig	adj,adv
følgende	adj
følgeskab	noun
følgesvend	noun
føljeton	noun
følsom	adj
følsomhed	noun
føn	noun
føniks	noun
føntørre	verb
føntørrer	noun
før	adv,conj,prep
førdatid	noun
føre	noun,verb
førelse	noun
fører	noun
førerdyrkelse	noun
føreren	name
førerhund	noun
førerskab	noun
førfest	noun
førhen	adv
føring	noun
førnutid	noun
førnævnt	adj
føromtalt	adj
først	adv
første	adj,num
førstehjælp	noun
førsteklasses	adj
førsteudgave	noun
førtidspension	noun
førtidspensionist	noun
gab	noun
gabe	verb
gaben	noun
gabestok	noun
gabon	name
gabriel	name
gade	name,noun
gadekær	noun
gadekøkken	noun
gadolinium	noun
gaffel	noun
gaffelsejl	noun
gag	noun
gaia	name
gajol	noun
gak	adj,noun
gal	adj,noun
galakse	noun
galaksehob	noun
galaktisk	adj
galant	adj
galde	noun
galdeblære	noun
galdegang	noun
galder	noun
galdre	verb
gale	verb
galeanstalt	noun
galehus	noun
galge	noun
galgenhumor	noun
galicisk	adj
galleri	noun
gallien	name
gallium	noun
gallupundersøgelse	noun
galmandsværk	noun
galnebær	noun
galning	noun
galoche	noun
galop	noun
galopere	verb
galskab	noun
galt	noun
galæble	noun
gamache	noun
gambia	name
gambier	noun
gambisk	adj
gamer	noun
gammel	adj
gammeldags	adj,adv
gammeldansk	adj,noun
gammeljomfru	noun
gang	noun
gangafstand	noun
gangart	noun
gangbange	verb
gangbar	adj
gangbro	noun
gange	conj,verb
gangning	noun
gangræn	noun
gangstativ	noun
gangsti	noun
gangstol	noun
gangtunnel	noun
ganja	noun
ganske	adj,adv
garage	noun
garantere	verb
garanti	noun
garde	noun
garder	noun
gardere	verb
gardin	noun
garn	noun
garrotte	noun
garrottere	verb
gartner	noun
gartneri	noun
garve	verb
garver	noun
garveri	noun
garvet	adj
garvning	noun
gas	noun
gase	noun
gasfelt	noun
gasformig	adj
gaskammer	noun
gaskonstant	noun
gaskromatografi	noun
gasledning	noun
gasmaske	noun
gaspedal	noun
gasrør	noun
gast	noun
gastritis	noun
gastroenterolog	noun
gastroenterologi	noun
gastroskop	noun
gasturbine	noun
gat	noun
gaussisk	adj
gave	noun
gavebrev	noun
gavebutik	noun
gavekort	noun
gavl	noun
gavlhus	noun
gavmild	adj
gavn	noun
gavne	verb
gavnlig	adj
gaydar	noun
gazastriben	name
gearkasse	noun
gearstang	noun
gebis	noun
gebrokken	adj
gebrokkent	adv
gebyr	noun
gebærde	noun,verb
ged	noun
gedde	noun
gedeblad	noun
gedulgt	adj
geek	noun
gehejm	adj
gehejmearkiv	noun
gehør	noun
geigertæller	noun
gejrfugl	noun
gejser	noun
gejst	noun
gejstlig	adj
gejstlighed	noun
gele	noun
geled	noun
gelejde	verb
gelænder	noun
gemen	adj
gemenhed	noun
gemme	noun,verb
gemmested	noun
gemmologi	noun
gemytlig	adj
gemytlighed	noun
gen	noun
genansætte	verb
genansættelse	noun
genanvende	verb
genanvendelig	adj
genanvendelse	noun
genbo	noun
genbrug	noun
genbruge	verb
genbrugelig	adj
genbrugsbutik	noun
genbrugsforretning	noun
gendanne	verb
gendannelse	noun
gene	noun
genealog	noun
genealogi	noun
general	noun
generalisere	verb
generalisering	noun
generalprøve	noun
generation	noun
generator	noun
genere	verb
generel	adj
generelt	adv
generere	verb
generisk	adj
generobre	verb
generobring	noun
genert	adj
genetik	noun
genetisk	adj
genfinde	verb
genforene	verb
genforening	noun
genforskning	noun
genfortælle	verb
genfortælling	noun
genfærd	noun
genføde	verb
genfødsel	noun
genganger	noun
gengive	verb
gengivelse	noun
gengæld	noun
gengælde	verb
gengældelse	noun
genhuse	verb
geni	noun
genitiv	noun
genkende	verb
genkendelig	adj
genkendelse	noun
genleve	verb
genlyd	noun
genlæse	verb
genmæle	noun
genne	verb
gennem	prep
gennembrud	noun
gennemføre	verb
gennemførelse	noun
gennemgang	noun
gennemgangslejr	noun
gennemgå	verb
gennemkørsel	noun
gennemleve	verb
gennemlyse	verb
gennemse	verb
gennemsigtig	adj
gennemslagskopi	noun
gennemsnit	noun
gennemsnitlig	adj
gennemsnitsalder	noun
gennemstegt	adj
gennemtræk	noun
gennemtænke	verb
genopbygge	verb
genopbygning	noun
genopdage	verb
genopdagelse	noun
genopdrage	verb
genopdragelse	noun
genoplade	verb
genopladelig	adj
genopladning	noun
genopleve	verb
genoplive	verb
genopretning	noun
genoprette	verb
genoprettelse	noun
genopstandelse	noun
genopstå	verb
genopståen	noun
genotype	noun
genova	name
genre	noun
genrejse	verb
gense	verb
gensidig	adj
gensidighed	noun
genskabe	verb
genstand	noun
genstandsled	noun
genstridig	adj
genstridighed	noun
gensyn	noun
gentage	verb
gentagelig	adj
gentagelse	noun
gentjeneste	noun
gentrificering	noun
gentænke	verb
genudsende	verb
genudsendelse	noun
genuin	adj
genus	noun
genvalg	noun
genvej	noun
genvordighed	noun
genvælge	verb
genåbne	verb
geofysik	noun
geograf	noun
geografi	noun
geografisk	adj,adv
geolog	noun
geologi	noun
geologisk	adj
geometri	noun
geometrisk	adj
geopolitik	noun
geopolitisk	adj
georg	name
georgia	name
georgien	name
georgier	noun
georgine	noun
georgisk	adj,noun
georgiskhed	noun
gepard	noun
geranium	noun
gerd	name
gerda	name
gerhard	name
gerigt	noun
germanium	noun
germansk	adj
germund	name
gerne	adv
gerning	noun
gerningsmand	noun
gerningssted	noun
gerontofobi	noun
gerrig	adj
gerrighed	noun
gert	name
gertrud	name
gesandt	noun
gesandtskab	noun
gesims	noun
gestus	noun
gevaldig	adj
gevind	noun
gevinst	noun
gevir	noun
gevær	noun
geværild	noun
ghana	name
ghaneser	noun
ghanesisk	adj
gibraltar	name
gibraltarstrædet	name
gid	adv
gide	verb
gidsel	noun
gif	noun
gift	adj,noun
giftaffald	noun
gifte	verb
giftermål	noun
giftgas	noun
giftig	adj
giftslange	noun
giftstof	noun
gigant	noun
gigantisk	adj
gigt	noun
gilde	noun
gimmer	noun
gine	noun
ginkgo	noun
ginkgotræ	noun
gips	noun
gipsbandage	noun
giraf	noun
giro	noun
gisne	verb
gisning	noun
gisp	noun
gispe	verb
gitte	name
give	verb
given	adj
givende	adj
giver	noun
givet	adj,adv
givetvis	adv
gjalde	verb
gjord	noun
gjordt	verb
glacial	adj
glaciologi	noun
glad	adj
gladiator	noun
glamme	verb
glamour	noun
glans	noun
glansbillede	noun
glarmester	noun
glas	noun
glashus	noun
glasnost	name
glaspuster	noun
glaspusteri	noun
glaspustning	noun
glasværk	noun
glasål	noun
glasøje	noun
glat	adj
glatløbet	adj
glatstrik	noun
glatte	verb
glattejern	noun
glaukom	noun
glemme	verb
glemsel	noun
glemsom	adj
glemsomhed	noun
glente	noun
gletsjer	noun
glide	verb
glidecreme	noun
glimrende	adj
glimt	noun
glinse	verb
glo	verb
globalisering	noun
globe	noun
globus	noun
gloende	adj
glohed	adj
glorie	noun
glorød	adj
glubende	adj
glubsk	adj
glug	noun
glughul	noun
glukose	noun
gluon	noun
glutenfri	adj
glyf	noun
glykosid	noun
glæde	noun,verb
glædelig	adj,adv
glædeligvis	adv
glædeshus	noun
glædespige	noun
glød	noun
gløde	verb
gløgg	noun
gnave	verb
gnaven	adj
gnavenhed	noun
gnaver	noun
gnaveri	noun
gnide	verb
gnideri	noun
gnidning	noun
gnier	noun
gnist	noun
gnom	noun
gnosticisme	noun
gnu	noun
gnubbe	verb
gnægge	verb
gobelin	noun
god	adj
godaften	intj
godbid	noun
goddag	intj
gode	noun
godgørende	adj
godhjertet	adj
godhjertethed	noun
godkende	verb
godkendelse	noun
godmodig	adj
godmorgen	intj
godnat	intj
gods	noun
godstog	noun
godt	adv
godtage	verb
godtfolk	noun
godtgøre	verb
godtgørelse	noun
godvillig	adj
gold	adj
goldhed	noun
golf	noun
golfbane	noun
golfbold	noun
golfer	noun
golfklub	noun
golfkølle	noun
golfspiller	noun
gondol	noun
google	name,verb
gople	noun
gorilla	noun
gorm	name
gotfred	name
gotisk	adj,noun
grad	noun
gradbøje	verb
gradvis	adj,adv
graf	noun
graffiti	noun
grafik	noun
grafiker	noun
grafikkort	noun
grafisk	adj
grafit	noun
grafteori	noun
gram	adj,noun
grammatik	noun
grammatikalsk	adj
grammatikbog	noun
grammatiker	noun
grammatisk	adj
gramse	verb
gran	noun
granat	noun
granatæble	noun
grande	noun
grangivelig	adv
granit	noun
grankogle	noun
granske	verb
granskning	noun
granskov	noun
grantræ	noun
grape	noun
grapefrugt	noun
grapefrugtjuice	noun
gratis	adj,adv
gratismagasin	noun
gratulant	noun
gratulere	verb
grav	noun
grave	adv,verb
graver	noun
gravere	verb
gravesen	name
gravhund	noun
gravhøj	noun
gravid	adj
graviditet	noun
gravning	noun
gravplads	noun
gravsten	noun
gravøl	noun
greb	noun
green	noun
gregers	name
gregersen	name
gregoriansk	adj
grej	noun
greje	verb
grel	adj
gren	noun
grete	name
grethe	name
grev	noun
greve	noun
grevskab	noun
grib	noun
gribe	verb
gribeklo	noun
grif	noun
grim	adj
grimasse	noun
grimassere	verb
grime	noun
grimhed	noun
grin	noun
grinagtig	adj
grinagtighed	noun
grindedrab	noun
grindehval	noun
grindekniv	noun
grine	verb
grinen	noun
gris	noun
grise	verb
griseri	noun
griset	adj
grisk	adj
griskhed	noun
gro	verb
grosserer	noun
grotesk	adj,noun
grotte	noun
grov	adj
grovhed	noun
gru	noun
grube	noun
grubehus	noun
gruble	verb
grublen	noun
grubler	noun
grubleri	noun
gruk	noun
grund	adj,noun
grundantagelse	noun
grunde	verb
grundet	adj,prep
grundfjeld	noun
grundforskning	noun
grundig	adj
grundighed	noun
grundlag	noun
grundled	noun
grundliggende	adj
grundlov	noun
grundlovsdag	noun
grundlovssikret	adj
grundlovsstridig	adj
grundlægge	verb
grundlæggelse	noun
grundlæggende	adj
grundløs	adj
grundskole	noun
grundstemning	noun
grundstof	noun
gruopvækkende	adj
gruppe	noun
gruppearbejde	noun
grupperabat	noun
gruppesex	noun
gruppeteori	noun
grus	noun
grusom	adj
grusomhed	noun
gry	name,verb
gryde	noun
grydehår	noun
gryderet	noun
gryn	noun
grynet	adj
grynt	noun
grynte	verb
grå	adj
gråbynke	noun
gråd	noun
grådig	adj
grådighed	noun
grågås	noun
gråhed	noun
gråhåret	adj
grålig	adj
gråne	verb
gråspurv	noun
gråzone	noun
græde	verb
grædemur	noun
grækenland	name
græker	noun
grænse	noun,verb
grænsebutik	noun
grænseflade	noun
grænsekontrol	noun
grænseløs	adj
grænseoverskridende	adj
grænseværdi	noun
græs	noun
græsenke	noun
græshoppe	noun
græsk	adj,noun
græsk-katolsk	adj
græskar	noun
græskarkerne	noun
græskhed	noun
græsning	noun
græsplæne	noun
græsse	verb
græsslåmaskine	noun
grævling	noun
grød	noun
grøde	noun
grøft	noun
grøn	adj
grønhed	noun
grønirisk	noun
grønland	name
grønlandsk	adj
grønlandskhed	noun
grønlig	adj
grønlænder	noun
grønsisken	noun
grønskolling	noun
grønspætte	noun
grønspættebog	noun
grønsvær	noun
grønt	noun
grøntsag	noun
guanaco	noun
guano	noun
guargummi	noun
guatemala	name
guatemalaner	noun
guatemalansk	adj
guatemalanskhed	noun
gubbi	noun
gud	name,noun
gudbarn	noun
guddatter	noun
guddom	noun
guddommelig	adj
guddommeliggøre	verb
guddommelighed	noun
gudedyrkelse	noun
gudelig	adj
gudenåen	name
gudløs	adj
gudløshed	noun
gudrun	name
gudsdyrkelse	noun
gudsforladt	adj
gudshus	noun
gudskelov	adv,intj
gudsketak	adv,intj
gudsrige	noun
gudstjeneste	noun
gudsøn	noun
guerillakrig	noun
guillotine	noun
guinea	name
guineaner	noun
guineansk	adj
guirlande	noun
guitar	noun
guitarist	noun
gul	adj
gulaglejr	noun
gulagtig	adj
guld	noun
guldalder	noun
guldalen	name
guldblomme	noun
guldbrakteat	noun
guldbryllup	noun
guldfisk	noun
guldgruppe	noun
guldkyst	name
guldkysten	name
guldmedalje	noun
guldregn	noun
guldsmed	noun
guldtand	noun
guldur	noun
gulerod	noun
gulerodskage	noun
gulerød	noun
gullig	adj
gulne	verb
gulning	noun
gulsot	noun
gulv	noun
gumme	noun
gummi	noun
gummiged	noun
gummiparagraf	noun
gummistøvle	noun
gunda	name
gunder	name
gundersen	name
gunhild	name
gunløg	name
gunna	name
gunnar	name
gunner	name
gunst	noun
gunstig	adj
gurli	name
gus	noun
gustav	name
gusten	adj
gut	noun
guttermand	noun
guvernør	noun
guvernørpost	noun
gyde	noun,verb
gydje	noun
gylden	adj,noun
gyldig	adj
gyldighed	noun
gylle	noun
gylp	noun
gylpe	verb
gylt	noun
gymnasial	adj
gymnasieelev	noun
gymnasium	noun
gynge	noun,verb
gyngehest	noun
gyngestol	noun
gynækologi	noun
gyros	noun
gyroskop	noun
gys	noun
gyse	verb
gyselig	adj
gytkjær	name
gyvel	noun
gyvelbusk	noun
gå	verb
gåde	noun
gådefuld	adj
gådefuldhed	noun
gåen	noun
gågade	noun
går	noun
gård	noun
gårdbutik	noun
gårdhave	noun
gårdsplads	noun
gårsdag	noun
gås	noun
gåsebryst	noun
gåsefod	noun
gåsehud	noun
gåsepotentil	noun
gåstol	noun
gåtur	noun
gæk	intj
gække	verb
gækkebrev	noun
gæld	noun
gælde	verb
gælisk	adj,noun
gælle	noun,verb
gænger	noun
gær	noun
gærde	noun
gærdesmutte	noun
gære	noun,verb
gæring	noun
gæsling	noun
gæst	noun
gæste	verb
gæstebog	noun
gæsteforsker	noun
gæstefred	noun
gæstehus	noun
gæstemad	noun
gæsteranch	noun
gæsterum	noun
gæstfri	adj
gæstfrihed	noun
gætte	verb
gætteri	noun
gæv	adj
gø	verb
gøde	verb
gødning	noun
gøgle	verb
gøgler	noun
gøre	verb
gørelse	noun
gørlig	adj
gøteborg	name
gøtudansk	noun
ha	intj
haag	name
habil	adj
hacke	verb
hacker	noun
had	noun
hade	verb
hadefuld	adj
hadefuldhed	noun
hader	noun
hades	name
hadith	noun
hadsk	adj
hadsprædikant	noun
hafnium	noun
hage	noun,verb
hagekors	noun
hagelskjær	name
hagen	name
hagesmæk	noun
hagl	noun
haglbøsse	noun
hagle	verb
haglgevær	noun
haitianer	noun
haitiansk	adj
haitianskhed	noun
haj	noun
hajtand	noun
hakke	noun,verb
hakkekød	noun
hal	noun
halal	adj
halalslagte	verb
hale	noun,verb
haleben	noun
haleløs	adj
haleneger	noun
haletudse	noun
hall	noun
hallehus	noun
hallo	intj
halløj	noun
halm	noun
halmballe	noun
halo	noun
hals	noun
halsbetændelse	noun
halsbrand	noun
halsbånd	noun
halse	verb
halshugge	verb
halshugning	noun
halskatar	noun
halskæde	noun
halspulsåre	noun
halstørklæde	noun
halt	adj
halte	verb
halv	adj
halvanden	num
halvbror	noun
halvdel	noun
halveringstid	noun
halvfems	num
halvfjerds	num
halvfuld	adj
halvgjort	adj
halvgud	noun
halvhjertet	adj
halvkugle	noun
halvkvalt	adj
halvleder	noun
halvmåne	noun
halvspist	adj
halvsøster	noun
halvtid	noun
halvtom	adj
halvtreds	num
halvtredsende	num
halvtredser	noun
halvtredsindstyvende	num
halvvokal	noun
halvåben	adj
halvår	noun
halvø	noun
ham	noun,pron
hamborg	name
hamiltonoperator	noun
hammer	name,noun
hammerhaj	noun
hammerkast	noun
hammerkaster	noun
hamp	noun
hamre	verb
hamring	noun
hamskifte	noun
hamskifter	noun
hamster	noun
hamstre	verb
hamstrer	noun
han	noun,pron
handel	noun
handelskammer	noun
handelsmand	noun
handicaptoilet	noun
handikaptoilet	noun
handle	verb
handledygtig	adj
handlekraft	noun
handlekraftig	adj
handler	noun
handling	noun
handlingslammet	adj
handske	noun
handskerum	noun
handyr	noun
hane	noun
hang	noun
hangar	noun
hangarskib	noun
hankat	noun
hankøn	noun
hankønsvæsen	noun
hanna	name
hannah	name
hanne	name
hanoi	name
hans	name
hanseatisk	adj
hansen	name
hansestad	noun
hansigne	name
hansine	name
harakiri	noun
harald	name
harddisk	noun
hardy	name
hare	noun
harekilling	noun
hareskår	noun
harke	verb
harm	adj
harme	noun,verb
harmfuld	adj
harmløs	adj
harmoni	noun
harmonika	noun
harmonisk	adj
harnisk	noun
harpe	noun
harpun	noun
harpy	noun
harpyørn	noun
harriet	name
harry	name
harsk	adj
harskhed	noun
harskne	verb
harskning	noun
hartmann	name
harve	noun,verb
hash	noun
hashryger	noun
hashtag	noun
hassel	noun
hasselnød	noun
hassium	noun
hast	noun
hastelov	noun
hastig	adj
hastighed	noun
hastighedskonstant	noun
hastighedsudtryk	noun
hastværk	noun
hat	noun
hater	noun
hatteklædt	adj
hattemager	noun
hav	noun
havari	noun
have	noun,verb
haveaffald	noun
havearbejde	noun
havebrug	noun
havegang	noun
havehus	noun
haver	noun
haveslange	noun
havesti	noun
havfrue	noun
havfugl	noun
havmåge	noun
havn	noun
havpattedyr	noun
havre	noun
havregryn	noun
havregrynskugle	noun
havregrød	noun
havterne	noun
havtorn	noun
havvand	noun
havørn	noun
hawaii	name
hawaiigås	noun
he	intj
hebraisk	adj,name
hebræisk	adj,name
hed	adj
hedde	verb
hede	noun
hedehøg	noun
hedengangen	adj
hedensk	adj
hedenskab	noun
hedeslag	noun
hedevig	name
hedning	noun
hedonisme	noun
hedonist	noun
hedonistisk	adj
hedvig	name
hegeliansk	adj
hegelsk	adj
hegemon	noun
hegemoni	noun
hegemonisme	noun
hegn	noun
heibergsk	adj
heidi	name
hej	intj
hejre	noun
hejsa	intj
hejse	verb
heks	noun
heksaeder	noun
hekse	verb
heksebryg	noun
heksebrænding	noun
heksedoktor	noun
hekseforfølgelse	noun
heksejagt	noun
heksekedel	noun
heksekost	noun
heksemester	noun
hekseproces	noun
hekseri	noun
heksesabbat	noun
heksetro	noun
hektar	noun
hektisk	adj
hektopascal	noun
hel	adj,name
helbred	noun
helbrede	verb
helbredelig	adj
helbredelse	noun
held	noun
heldig	adj
heldigvis	adv
hele	verb
helen	name
helena	name
helene	name
helga	name
helge	name
helgen	noun
helgendyrkelse	noun
helgenkåre	verb
helgenkåring	noun
helgoland	name
helhed	noun
helhedsvurdering	noun
helhest	noun
helhjertet	adj
helikopter	noun
helikopterperspektiv	noun
helios	name
heliosfære	noun
heliotrop	noun
helium	noun
helle	name
hellebard	noun
heller	adv
hellere	adv
hellig	adj
helligbrøde	noun
helligdag	noun
helligdom	noun
hellige	verb
helligelse	noun
helliggøre	verb
helliggørelse	noun
hellighed	noun
helmer	name
helse	noun
helsinge	name
helsinki	name
helt	adv,noun
heltal	noun
heltedyrkelse	noun
heltemod	noun
heltemodig	adj
heltid	noun
heltinde	noun
helvede	noun
helvedes	adj,intj
helvedesild	noun
helvig	name
hemikryptofyt	noun
hemisfære	noun
hemisfærisk	adj
hemmelig	adj
hemmelighed	noun
hemmelighedsfuld	adj
hemmeligholde	verb
hemming	name
hems	noun
hen	adv
hende	pron
hendriksen	name
henføre	verb
henførelse	noun
hengive	verb
hengivelse	noun
hengiven	adj
hengivenhed	noun
hengå	verb
henholdsvis	adv
henimod	prep
henkoge	verb
henleve	verb
henne	adv
henning	name
henny	name
henrettelse	noun
henriette	name
henrik	name
henrikke	name
henriksen	name
henry	name
henrykke	verb
henrykkelse	noun
henrykt	adj
henseende	noun
hensigt	noun
hensigtsmæssig	adj
hensyn	noun
hensynsfuld	adj
hensynsfuldhed	noun
hensynsled	noun
hensynsløs	adj
hensynsløshed	noun
hente	verb
henvende	verb
henvendelse	noun
henvise	verb
henvisning	noun
hepatitis	noun
her	adv
hera	name
herakles	name
heraldik	noun
herberg	noun
herbicid	noun
herbivor	adj,noun
herdis	name
herefter	adv
herfra	adv
herhen	adv
herhenne	adv
herinde	adv
herkomst	noun
herkulesmyre	noun
herlig	adj
herliggøre	verb
herliggørelse	noun
herlighed	noun
hermafrodit	noun
hermafroditisk	adj
herman	name
hermansen	name
hermed	adv
hermelin	noun
hermeneutik	noun
hermeneutiker	noun
hermeneutisk	adj
hermeneutiske	adj
hermes	name
hermetisk	adj
herned	adv
hernede	adv
herodot	name
heroin	noun
heroisk	adj
herom	adv
heromkring	adv
herop	adv
heroppe	adv
herover	adv
herovre	adv
herpes	noun
herre	noun
herrebesøg	noun
herredømme	noun
herregud	intj
herregård	noun
herreløs	adj
herrens	adj
herretoilet	noun
herskab	noun
herskabshus	noun
herskabsvilla	noun
herske	verb
hersker	noun
hertha	name
hertil	adv
hertug	noun
hertugdømme	noun
hertuginde	noun
hertz	noun
herude	adv
herunder	adv
herved	adv
hest	noun
hesteavl	noun
hestehale	noun
hestemakrel	noun
hestesko	noun
hestetyv	noun
hestevæddeløb	noun
hestia	name
heteronormativ	adj
heteronormativitet	noun
heteroseksualitet	noun
heteroseksuel	adj
heterosexisme	noun
heterotrof	adj
heureka	intj
heuristisk	adj
hhv	adv
hi	intj,noun
hidse	verb
hidsig	adj
hidtidig	adj
hidtil	adv
hierarki	noun
hierarkisk	adj
hieroglyf	noun
hige	verb
hik	noun
hikke	noun,verb
hilbertrum	noun
hilda	name
hilde	verb
hilma	name
hilse	verb
hilsen	noun
himbær	noun
himlingøje	name
himmel	noun
himmelblå	adj
himmelhvælving	noun
himmellegeme	noun
himmelskrigende	adj
himmelstormer	noun
himmerige	noun
hinanden	pron
hind	noun
hindbær	noun
hindbærsnitte	noun
hinde	noun
hindi	noun
hindre	verb
hindring	noun
hinduisme	noun
hingst	noun
hinsides	adj,prep
hint	noun
hird	noun
hirse	noun
hisset	adv
histamin	noun
histologisk	adj
historie	noun
historieskrivning	noun
historik	noun
historiker	noun
historisk	adj
hit	noun
hitliste	noun
hitte	verb
hittebarn	noun
hittegods	noun
hittegodskontor	noun
hiv	noun
hiv-infektion	noun
hiv-inficeret	adj
hiv-positiv	adj
hiv-smitte	noun
hiv-smittet	adj
hiv-test	noun
hiv-teste	verb
hiv-virus	noun
hive	verb
hivtest	noun
hjalmar	name
hjalte	name
hjelm	noun
hjem	adv,noun
hjemad	adv
hjemby	noun
hjemkundskab	noun
hjemland	noun
hjemlig	adj
hjemlængsel	noun
hjemløs	adj
hjemløshed	noun
hjemme	adv
hjemmebane	noun
hjemmebrændt	adj
hjemmefødning	noun
hjemmegjort	adj
hjemmehjælp	noun
hjemmehjælper	noun
hjemmel	noun
hjemmelavet	adj
hjemmeside	noun
hjemmeundervisning	noun
hjemmevant	adj
hjemover	adv
hjemsøge	verb
hjemsøgelse	noun
hjemve	noun
hjerne	noun
hjernebark	noun
hjernedød	adj,noun
hjerneflugt	noun
hjerneforsker	noun
hjernehalvdel	noun
hjerneskal	noun
hjernestamme	noun
hjernesvulst	noun
hjernet	adj
hjernetumor	noun
hjernevask	noun
hjernevaske	verb
hjerpe	noun
hjerte	noun
hjerteanfald	noun
hjertearytmi	noun
hjerteflimmer	noun
hjerteflimren	noun
hjertekammer	noun
hjertelig	adj
hjertelighed	noun
hjertelæge	noun
hjerteløs	adj
hjerter	noun
hjerterum	noun
hjerteslag	noun
hjertestarter	noun
hjertestop	noun
hjord	noun
hjort	noun
hjortekød	noun
hjortetaktræ	noun
hjorth	name
hjul	noun
hjulmager	noun
hjælme	noun
hjælp	intj,noun
hjælpe	verb
hjælpeløs	adj
hjælpeløshed	noun
hjælpepind	noun
hjælper	noun
hjælpesætning	noun
hjælpeudsagnsord	noun
hjælpsom	adj
hjælpsomhed	noun
hjørdis	name
hjørne	noun
hms	noun
ho	intj
hob	noun
hobby	noun
hobbyarbejde	noun
hobbykniv	noun
hoben	noun
hode	noun
hof	noun
hofdame	noun
hofmarskal	noun
hofte	noun
hofteben	noun
hofteholder	noun
hold	noun
holdbar	adj
holde	verb
holden	adj
holdent	adv
holdeplads	noun
holder	noun
holdning	noun
holdningstilkendegivelse	noun
holdt	intj
holger	name
holistisk	adj
holland	name
hollandsk	adj
hollandskhed	noun
holm	name,noun
holmberg	name
holmgaard	name
holmgang	noun
holmium	noun
hologram	noun
holst	name
holt	name
homer	name
homerisk	adj
homofob	noun
homofobi	noun
homofobisk	adj
homofon	adj,noun
homofoni	noun
homogen	adj
homograf	noun
homonym	adj,noun
homonymi	noun
homoseksualitet	noun
homoseksuel	adj
homoægteskab	noun
homøopati	noun
honduraner	noun
honduransk	adj
honduranskhed	noun
honduras	name
hongkong	name
honning	noun
honningkagehus	noun
honnør	noun
honorar	noun
honorere	verb
honorær	adj
hop	noun
hoppe	noun,verb
hor	noun
horde	noun
hore	noun,verb
horeyngel	noun
horisont	noun
horisontal	adj
horkarl	noun
hormon	noun
horn	noun
hornhinde	noun
hornugle	noun
horoskop	noun
horribel	adj
horrorfilm	noun
horsens	name
horus	name
hos	prep
hospital	noun
hoste	noun,verb
hostel	noun
hostesaft	noun
hot	adj
hotdog	noun
hotel	noun
hotter	noun
hov	intj,noun
hovdyr	noun
hoved	noun
hovedafdeling	noun
hovedbanegård	noun
hovedbeklædning	noun
hovedbeskæftigelse	noun
hovedbygning	noun
hoveddel	noun
hovede	noun
hovedformål	noun
hovedgade	noun
hovedgruppe	noun
hovedgård	noun
hovedhus	noun
hovedindgang	noun
hovedkilde	noun
hovedkontor	noun
hovedkvarter	noun
hovedlinje	noun
hovedløs	adj
hovedperson	noun
hovedpine	noun
hovedproblem	noun
hovedpude	noun
hovedpulsåre	noun
hovedregel	noun
hovedregning	noun
hovedret	noun
hovedrig	adj
hovedsag	noun
hovedsagelig	adv
hovedserie	noun
hovedskal	noun
hovedsprog	noun
hovedspørgsmål	noun
hovedstad	noun
hovedsætning	noun
hovedtelefon	noun
hovedtørklæde	noun
hovedvidne	noun
hovedårsag	noun
hoven	adj
hovenhed	noun
hoveri	noun
hovmod	noun
hovmodig	adj
hp	noun
hu	intj,noun
hud	noun
hudafskrabning	noun
hudbeskyttelsesmiddel	noun
hudfarve	noun
hudløs	adj
hue	noun,verb
hug	noun
hugge	verb
hugo	name
hugorm	noun
hugst	noun
hukommelse	noun
hukommelsestab	noun
hul	adj,noun
hulahopring	noun
huld	noun
hulda	name
hule	noun,verb
hulens	adj
hulhed	noun
hulrum	noun
human	adj
humaniora	name
humanisere	verb
humanisering	noun
humanisme	noun
humanist	noun
humanistisk	adj
humanitær	adj
humlebi	noun
hummer	noun
hummerklo	noun
humor	noun
humpe	verb
humør	noun
hun	noun,pron
hund	noun
hundeagtig	adj
hundebestand	noun
hundefoder	noun
hundegalskab	noun
hundehalsbånd	noun
hundehus	noun
hundeklo	noun
hundeliv	noun
hundemad	noun
hundeslæde	noun
hundesnor	noun
hundestejle	noun
hundestjernen	name
hundevæddeløb	noun
hundred	noun,num
hundrede	noun,num
hundreder	noun
hundredogsyttende	num
hundredtusind	noun
hundredtusindvis	adv
hundredvis	adv
hundse	verb
hundyr	noun
hunger	noun
hungersnød	noun
hungre	verb
hunkat	noun
hunkøn	noun
hunkønsvæsen	noun
hunløve	noun
huri	noun
hurlumhej	noun
hurtig	adj
hurtighed	noun
hurtigt	adv
hus	noun
husaftale	noun
husalter	noun
husapotek	noun
husarbejde	noun
husarrest	noun
husbesættelse	noun
husbesøg	noun
husbond	noun
husbrand	noun
husbuk	noun
husbyggeri	noun
husbygning	noun
husbåd	noun
husdramatiker	noun
husdyr	noun
huse	verb
husejer	noun
husere	verb
husfacade	noun
husfar	noun
husflid	noun
husflidsarbejde	noun
husflue	noun
husforsikring	noun
husfred	noun
husfrue	noun
husfårekylling	noun
husfælle	noun
husførelse	noun
husgavl	noun
husgeråd	noun
husgud	noun
hushandel	noun
husherre	noun
hushjælp	noun
hushjørne	noun
husholder	noun
husholderske	noun
husholdning	noun
husholdningsaffald	noun
husholdningssprit	noun
hushøj	adj
husinstallation	noun
huskarl	noun
huskat	noun
huske	verb
huskeliste	noun
huskøb	noun
huskøber	noun
husleje	noun
huslig	adj
huslighed	noun
husly	noun
huslån	noun
huslæge	noun
huslærer	noun
huslærerinde	noun
husløg	noun
husmand	noun
husmandskost	noun
husmoderlig	adj
husmor	noun
husmur	noun
husmus	noun
husmår	noun
husmøde	noun
husnummer	noun
husnøgle	noun
husorden	noun
husorkester	noun
huspris	noun
husregel	noun
husrotte	noun
husrum	noun
husråd	noun
husrødstjert	noun
hussalg	noun
husskade	noun
husslave	noun
husspektakler	noun
husspildevand	noun
husstand	noun
husstøv	noun
husstøvmide	noun
hussvamp	noun
hustag	noun
hustelefon	noun
hustomt	noun
hustru	noun
hustrubidrag	noun
hustugt	noun
hustype	noun
hustyran	noun
husundersøgelse	noun
husven	noun
husvild	adj
husværling	noun
husvært	noun
hv-ord	noun
hv-spørgsmål	noun
hva	pron
hvad	intj,pron
hvadend	adv
hval	noun
hvalp	noun
hvalros	noun
hvas	adj
hvede	noun
hvedebrød	noun
hvedebrødsdage	noun
hvedemel	noun
hvem	pron
hvemsomhelst	pron
hveps	noun
hvepsetalje	noun
hvepsevåge	noun
hver	pron
hverdag	noun
hverdagsliv	noun
hverken	adv
hvermand	pron
hverv	noun
hverve	verb
hvid	adj,noun
hvidagtig	adj
hvide	noun
hviderusland	name
hviderusser	noun
hviderussisk	adj,noun
hviderussiskhed	noun
hvidevare	noun
hvidhåret	adj
hvidkål	noun
hvidlig	adj
hvidløg	noun
hvidovre	name
hvidt	name
hvidvaske	verb
hvidvaskning	noun
hvidvin	noun
hvil	noun
hvile	noun,verb
hviledag	noun
hvileenergi	noun
hvilemasse	noun
hvilken	pron
hvinand	noun
hvine	verb
hvirvel	noun
hvirveldyr	noun
hvirvelløs	adj
hvirvelstorm	noun
hvirvelvind	noun
hvis	conj,pron
hviske	verb
hvisken	noun
hvislelyd	noun
hviss	conj
hvor	adv
hvordan	adv
hvorefter	conj
hvorfor	adv
hvorfra	adv
hvorhenne	adv
hvorhos	adv
hvorimod	conj
hvorledes	adv
hvorned	adv
hvornede	adv
hvornår	adv
hvorom	adv
hvorop	adv
hvoroppe	adv
hvorpå	conj
hvorsomhelst	adv
hvorvidt	conj
hvælv	noun
hvælve	verb
hvælving	noun
hvæs	noun
hvæse	verb
hvæsen	noun
hvæsse	verb
hybrid	noun
hybris	noun
hydrat	noun
hydraulisk	adj
hydrere	verb
hydrofil	adj
hydrofob	adj
hydrogen	noun
hydrogennitrat	noun
hydrolog	noun
hydrologi	noun
hydrolyse	noun
hydrometri	noun
hydrosfære	noun
hydrostatisk	adj
hygge	noun,verb
hyggehomofobi	noun
hyggelig	adj
hyggeracisme	noun
hygiejne	noun
hygiejnisk	adj
hygrometer	noun
hykle	verb
hykler	noun
hykleri	noun
hyklerisk	adj,adv
hyl	noun
hyld	noun
hylde	noun,verb
hyldebær	noun
hyldest	noun
hyle	verb
hylemorsom	adj
hylende	adv
hylle	verb
hylster	noun
hymne	noun
hynde	noun
hyperbel	noun
hyperinflation	noun
hyperion	name
hyperlink	noun
hypernym	adj,noun
hypnos	name
hypnose	noun
hypnotisere	verb
hypnotisør	noun
hyponym	adj,noun
hypotese	noun
hypotetisk	adj
hyppig	adj
hyppighed	noun
hyrde	noun
hyre	noun,verb
hysterisk	adj
hytte	noun,verb
hyttefad	noun
hytteost	noun
hyæne	noun
håb	noun
håbe	verb
håbefuld	adj
håbløs	adj
håbløshed	noun
hågen	name
hån	noun
hånd	noun
håndbold	noun
håndboldspiller	noun
håndflade	noun
håndfuld	noun
håndgemæng	noun
håndholdt	adj
håndhæve	verb
håndjern	noun
håndklæde	noun
håndlavet	adj
håndled	noun
håndplukke	verb
håndrok	noun
håndryg	noun
håndskrift	noun
håndskydevåben	noun
håndsæbe	noun
håndtag	noun
håndtaske	noun
håndten	noun
håndterbar	adj
håndtere	verb
håndtering	noun
håndterlig	adj
håndvægt	noun
håndværk	noun
håndværker	noun
håndværkertilbud	noun
håndværksmæssig	adj
håne	verb
hånlig	adj
hår	noun
hårbørste	noun
hård	adj
hårdfør	adj
hårdførhed	noun
hårdhed	noun
håret	adj
hårfin	adj
hårtørrer	noun
hæ	intj
hæder	noun
hæderlig	adj
hæderlighed	noun
hæderværdig	adj
hædre	verb
hæfte	noun,verb
hæhæ	intj
hæk	noun
hækkeløb	noun
hækle	verb
hæklenål	noun
hækling	noun
hæl	noun
hælde	verb
hældning	noun
hæle	verb
hæler	noun
hælervare	noun
hæmatologi	noun
hæmme	verb
hæmmelyd	noun
hæmning	noun
hæmningsløs	adj
hænde	verb
hændelig	adj
hændelse	noun
hænge	verb
hængebro	noun
hængekøje	noun
hængelås	noun
hænger	noun
hængning	noun
hængsel	noun
hær	noun
hærde	verb
hæresi	noun
hæretiker	noun
hæretisk	adj
hærfugl	noun
hærge	verb
hærværk	noun
hærværksmand	noun
hæs	adj,noun
hæshed	noun
hæslig	adj
hæslighed	noun
hætte	noun
hætteklædt	adj
hættemåge	noun
hævd	noun
hævde	verb
hævdelse	noun
hæve	verb
hævelse	noun
hævn	noun
hævne	verb
hævner	noun
hævngerrig	adj
hævngerrighed	noun
hævnlyst	noun
hævnlysten	adj
hævnporno	noun
hø	noun
høfde	noun
høfeber	noun
høflig	adj
høflighed	noun
høg	noun
høgeskæg	noun
høgeugle	noun
høgeurt	noun
høj	adj,noun
højbjerg	name
højborg	noun
højde	noun
højdemåler	noun
højdepunkt	noun
højdeskræk	noun
højdespring	noun
højdespringer	noun
højdesyge	noun
højesteret	noun
højfjeld	noun
højforræderi	noun
højgravid	adj
højhus	noun
højhælet	adj
højkøbenhavnsk	name
højlund	name
højlydt	adj,adv
højmose	noun
højne	verb
højovn	noun
højre	adj,noun
højredrejning	noun
højrehånd	noun
højrehåndet	adj
højreorienteret	adj
højrød	adj
højrøvethed	noun
højsind	noun
højskole	noun
højst	adv
højt	adv
højtaler	noun
højtid	noun
højtidelig	adj
højtidelighed	noun
højtlæse	verb
højtlæsning	noun
højtryk	noun
højttaler	noun
højtysk	adj,noun
højvande	noun
højærværdig	adj
høker	noun
høne	noun
hønefuld	adj
høng	name
hønsegård	noun
hønsegås	noun
hønsehus	noun
hør	intj,noun
høre	verb
høreapparat	noun
hørelse	noun
høretelefon	noun
hørfrø	noun
hørfrøolie	noun
hørt	intj
høslæt	noun
høst	noun
høstak	noun
høstdag	noun
høste	verb
høstmåned	noun
høtyv	noun
høvding	noun
høvdingedømme	noun
høved	noun
høvender	noun
høvl	noun
høvle	verb
i	prep,pron
iagttage	verb
iagttagelig	adj
iagttagelse	noun
iagttager	noun
iapetos	name
ib	name
iben	name
ibenholt	noun
iblandt	adv,prep
iboende	adj
ibrugtage	verb
ibsen	name
id	noun
ida	name
idag	adv
idaho	name
ideal	adj,noun
idealgas	noun
idealisere	verb
idealisering	noun
idealisme	noun
idealist	noun
idealistisk	adj
ideel	adj
identificerbar	adj
identificere	verb
identificering	noun
identifikation	noun
identisk	adj
identitet	noun
identitetskort	noun
identitetsmatrix	noun
identitetspolitik	noun
identitetstyveri	noun
ideogram	noun
ideolog	noun
ideologi	noun
ideologisk	adj
idet	conj
idiom	noun
idiomatisk	adj
idiosynkrasi	noun
idiot	noun
idioti	noun
idiotisk	adj
idiotsikker	adj
idiotsikre	verb
idol	noun
idoldyrkelse	noun
idolisere	verb
idolisering	noun
idræt	noun
idyl	noun
idyllisk	adj
ie	noun
ifølge	prep
iføre	verb
igen	adv
igennem	adv
igle	noun
iglo	noun
ignorant	adj,noun
ignorere	verb
ignorering	noun
igår	adv
ihjel	adv
ihærdig	adj
ihærdighed	noun
ikke	adv
ikke-reel	adj
ikkeakademisk	adj
ikkeeksisterende	adj
iklæde	verb
ikon	noun
ikonisk	adj
ikosaeder	noun
ild	noun
ilddåb	noun
ilde	adv
ildebefindende	noun
ildebrand	noun
ildelugt	noun
ildelugtende	adj
ildelydende	noun
ilder	noun
ildevarslende	adj
ildfast	adj
ildflue	noun
ildfugl	noun
ildhu	noun
ildkugle	noun
ildrød	adj
ildsjæl	noun
ildslukker	noun
ildspåsættelse	noun
ildsted	noun
ile	verb
iliaden	name
illegal	adj
illinois	name
illudere	verb
illuminere	verb
illusion	noun
illustration	noun
illustrere	verb
ilse	name
ilt	noun
ilte	noun,verb
ilter	noun
imaginær	adj
imam	noun
imbecil	adj
imbecilitet	noun
imellem	adv,prep
imens	adv
imidlertid	adv
imitere	verb
immanuel	name
immaterialret	noun
immateriel	adj
immigrant	noun
immigration	noun
immigrere	verb
immobil	adj
immobilisation	noun
immobilisere	verb
immobilisering	noun
immobilitet	noun
immun	adj
immunitet	noun
imod	adv,prep
imorgen	adv
imperialisme	noun
imperialist	noun
imperialistisk	adj
imperium	noun
implantat	noun
implementere	verb
implementering	noun
implicere	verb
implikation	noun
implodere	verb
imponere	verb
imponerende	adj
import	noun
importere	verb
importforbud	noun
importør	noun
imposant	adj
improvisere	verb
impuls	noun
impulsiv	adj
impulsmoment	noun
imødegå	verb
imødekomme	verb
imødekommende	adj
imødekommenhed	noun
ina	name
inaktiv	adj
inaktivere	verb
inaktivitet	noun
incel	noun
incidens	noun
incitament	noun
ind	adv
indadvendt	adj
indadvendthed	noun
indavl	noun
indbakke	noun
indberette	verb
indbilde	verb
indbildning	noun
indbildsk	adj
indbildskhed	noun
indbildt	adj
indblande	verb
indblik	noun
indbrud	noun
indbyde	verb
indbydelse	noun
indbygge	verb
indbygger	noun
indbygning	noun
indbyrdes	adj
inddrage	verb
inde	adv
indebrændt	adj
indebære	verb
indehaver	noun
indeks	noun
inden	adv,conj,prep
indendørs	adv
indenfor	adv,prep
indeni	adv,prep
indenlands	adv
indenlandsk	adj
indenrigs	adj
inder	noun
inderlig	adj,adv
inderliggøre	verb
inderliggørelse	noun
inderlighed	noun
inderside	noun
indervæg	noun
indeslutte	verb
indesne	verb
indestængt	adj
indestængthed	noun
indeværende	adj,noun
indfald	noun
indflydelse	noun
indflydelsesområde	noun
indflydelsessfære	noun
indflyvning	noun
indforstået	adj
indfri	verb
indfødt	adj
indføling	noun
indføre	verb
indgang	noun
indgift	noun
indgifte	noun,verb
indgreb	noun
indgå	verb
indgåelse	noun
indhente	verb
indhold	noun
indholdsgenre	noun
indhøste	verb
indiana	name
indianer	noun
indianerlejr	noun
indien	name
indifferent	adj
indigneret	adj
indigo	noun
indikation	noun
indikere	verb
indimellem	adv
indirekte	adj
indisk	adj
indiskhed	noun
indiskutabel	adj
indium	noun
individ	noun
individualisering	noun
individuel	adj
indkast	noun
indkomst	noun
indkomstmæssig	adj
indkøb	noun
indkøbscenter	noun
indkøbsliste	noun
indkørsel	noun
indland	noun
indlandsis	noun
indlemme	verb
indleve	verb
indlyd	noun
indlysende	adj,adv
indlægge	verb
indlæggelse	noun
indoeuropæisk	adj
indoktrinere	verb
indoktrinering	noun
indolens	noun
indolent	adj
indologi	noun
indoneser	noun
indonesien	name
indonesisk	adj,noun
indonesiskhed	noun
indoptage	verb
indpode	verb
indrapportere	verb
indre	adj,noun
indrejse	noun,verb
indrejsetilladelse	noun
indremissionsk	adj
indretning	noun
indrette	verb
indrømme	verb
indrømmelse	noun
indsat	adj
indsats	noun
indse	verb
indsigt	noun
indsigtsfuld	adj
indskifte	verb
indskifter	noun
indskiftning	noun
indskyde	verb
indskydelse	noun
indspist	adj
indstille	verb
indstilling	noun
indsyn	noun
indsætte	verb
indtage	verb
indtagende	adj
indtale	verb
indtaste	verb
indtil	conj,prep
indtjening	noun
indtryk	noun
indtægt	noun
industri	noun
industriaffald	noun
industrialisering	noun
industriel	adj
industriområde	noun
indvandre	verb
indvandrer	noun
indvandrerkritisk	adj
indvandrerskeptisk	adj
indvandring	noun
indvandringskritisk	adj
indvende	verb
indvendig	adj,adv
indvending	noun
indviklet	adj
indviklethed	noun
indvilge	verb
indvilgelse	noun
indvirke	verb
indvirkning	noun
indvortes	adj,adv
indøve	verb
ineffektiv	adj
ineffektivitet	noun
inerti	noun
inertialsystem	noun
inertimoment	noun
infanteri	noun
infanterist	noun
infantil	adj
infantilisere	verb
infantilisering	noun
infektion	noun
infernalsk	adj
inferno	noun
infertil	adj
infertilitet	noun
inficere	verb
infinitesimalregning	noun
infinitiv	noun
inflation	noun
influens	noun
influenza	noun
influenzaepidemi	noun
influere	verb
information	noun
informationssamfund	noun
informel	adj
informere	verb
infrarød	adj
infrastruktur	noun
inga	name
inge	name
inge-lise	name
ingeborg	name
ingefær	noun
ingelise	name
ingen	pron
ingeniør	noun
ingenlunde	adv
ingensteds	adv
ingenting	pron
inger	name
ingerlise	name
ingolf	name
ingrediens	noun
ingrid	name
ingvartsen	name
inhabil	adj
inhalere	verb
initiativ	noun
initiere	verb
injektion	noun
injektiv	adj
injicere	verb
injuriere	verb
inkarnere	verb
inkassator	noun
inklinere	verb
inkludere	verb
inkludering	noun
inklusion	noun
inkompetence	noun
inkompetent	adj
inkonsekvens	noun
inkonsekvent	adj
inkontinens	noun
inkorporere	verb
inkriminere	verb
inn	name
innovation	noun
innovativ	adj
innovere	verb
inokulere	verb
insekt	noun
insektæder	noun
inshallah	intj
insinuere	verb
insistere	verb
inspektion	noun
inspektør	noun
inspicere	verb
inspiration	noun
inspirere	verb
instabil	adj
instabilitet	noun
installation	noun
installere	verb
instinkt	noun
instinktiv	adj
instituere	verb
institut	noun
institution	noun
instruere	verb
instruktion	noun
instruktor	noun
instruktør	noun
instrument	noun
instrumentbræt	noun
intarsia	noun
integrationskonstant	noun
integrationsprøve	noun
integrere	verb
intellekt	noun
intelligens	noun
intelligensalder	noun
intelligensforskning	noun
intelligenskvotient	noun
intelligensmæssig	adj
intelligensniveau	noun
intelligensprøve	noun
intelligenstest	noun
intelligenstestning	noun
intelligensudvikling	noun
intelligensvæsen	noun
intelligent	adj
intelligentsia	noun
intensiv	adj
intensivere	verb
interaktion	noun
interaktiv	adj
interaktivitet	noun
intercitytog	noun
interessant	adj,adv
interesse	noun
interessent	noun
interesseområde	noun
interessere	verb
interessesfære	noun
interjektion	noun
interlaken	name
interlingua	noun
intern	adj
international	adj
internationalist	noun
internere	verb
internering	noun
interneringslejr	noun
internet	noun
internetforbindelse	noun
intertekstualitet	noun
intertekstuel	adj
intervention	noun
interventionisme	noun
interventionist	noun
interventionistisk	adj
intet	noun
intetanende	adj
intetkøn	noun
intetsigende	adj
intim	adj
intimidere	verb
intimidering	noun
intimitet	noun
intolerant	adj
intonere	verb
intramuskulær	adj
intranet	noun
intransitiv	adj
intravenøs	adj
intrigant	adj
intrige	noun
intrigemager	noun
intrigere	verb
intrikat	adj
introducere	verb
introduktion	noun
introspektion	noun
intuere	verb
intuition	noun
intuitiv	adj
inuit	noun
inuitisk	adj
invadere	verb
invalidere	verb
invaliditet	noun
invasion	noun
invers	adj
invertibel	adj
investere	verb
investering	noun
invitation	noun
invitere	verb
involvere	verb
iod	noun
ion	noun
ionisere	verb
ionosfære	noun
iowa	name
iphone	noun
ir	noun
irak	name
iraker	noun
irakisk	adj
irakiskhed	noun
iran	name
iraner	noun
iransk	adj,noun
iranskhed	noun
irene	name
irer	noun
iridium	noun
iris	name
irland	name
irlænder	noun
irma	name
ironi	noun
ironiker	noun
ironisere	verb
ironisk	adj
irrationel	adj
irregulær	adj
irrelevant	adj
irritabel	adj
irritation	noun
irritere	verb
irriterende	adj
irriteret	adj
irsk	adj,noun
irskhed	noun
is	noun
isabel	name
isabella	name
isaj	name
isak	name
isaksen	name
isbjerg	noun
isbjørn	noun
isbod	noun
isbryder	noun
iscenesætte	verb
ise	verb
isfjeld	noun
isflage	noun
isfri	adj
isfugl	noun
ishav	noun
ishockeyspiller	noun
ishus	noun
isis	name
iskaffe	noun
iskiosk	noun
isklump	noun
islag	noun
islam	name
islamabad	name
islamisme	noun
islamofob	adj,noun
islamofobi	noun
islamofobisk	adj
island	name
islandsk	adj,noun
islandskhed	noun
islom	noun
islænder	noun
islænding	noun
ismåge	noun
isning	noun
isobar	adj
isokor	adj
isolation	noun
isolationisme	noun
isolationist	noun
isolationistisk	adj
isolere	verb
isolering	noun
isop	noun
isoterm	adj
isotop	noun
isotrop	adj
isotropi	noun
isotropisk	adj
ispind	noun
israel	name
israeler	noun
israelit	noun
israelsk	adj
isse	noun
isslag	noun
issyl	noun
istanbul	name
istandgøre	verb
istap	noun
iste	noun
isterning	noun
istid	noun
isvaffel	noun
isvin	noun
især	adv
italesætte	verb
italesættelse	noun
italien	name
italiener	noun
italiensk	adj,noun
italienskhed	noun
ittoqqortoormiit	name
itu	adv
ivan	name
ivar	name
iver	name,noun
iversen	name
ivrig	adj
ivrighed	noun
iværksætte	verb
iværksættelse	noun
iværksætter	noun
iværksætteri	noun
ja	intj,noun
jack	name
jacob	name
jacobine	name
jacobsen	name
jade	noun
jag	noun
jage	verb
jager	noun
jagt	noun
jagte	verb
jagtfalk	noun
jagtkniv	noun
jaguar	noun
jaja	intj
jakke	noun
jakkesæt	noun
jakob	name
jakobine	name
jakobsen	name
jalousi	noun
jaloux	adj
jamaica	name
jamaicaner	noun
jamaicansk	adj
jamaicanskhed	noun
jambe	noun
jambisk	adj
jamen	intj
james	name
jammer	noun
jammerlig	adj
jamre	verb
jan	name
jane	name
janitshar	noun
janne	name
janni	name
jannick	name
jannie	name
jannik	name
januar	noun
janus	name
japan	name
japaner	noun
japansk	adj,noun
japanskhed	noun
jarl	noun
jarledømme	noun
jasmin	name,noun
jaspis	noun
jaså	intj
javaneser	noun
javanesisk	adj,name
javel	intj
javert	noun
jazz	noun
jazzhus	noun
jeanett	name
jeanette	name
jeanne	name
jeannette	name
jeg	noun,pron
jegfortæller	noun
jeiner	name
jenny	name
jens	name
jensen	name
jensigne	name
jensine	name
jeppe	name
jeppesen	name
jepsen	name
jer	pron
jeremias	name
jeres	pron
jerevan	name
jeriko	name
jern	noun
jernalder	noun
jernalderhus	noun
jernbane	noun
jernbanebro	noun
jernbanefløjl	noun
jernbanelinje	noun
jernbaneoverskæring	noun
jernbanespor	noun
jernbanetunnel	noun
jernbanevogn	noun
jersey	name
jersie	name
jerusalem	name
jes	name
jesper	name
jespersen	name
jessen	name
jessica	name
jesus	name
jeton	noun
jette	name
jiddisch	adj,name
jihad	noun
jihadisme	noun
jihadist	noun
jihadistisk	adj
jim	name
jimmi	name
jimmy	name
jo	adv,conj,intj
joachim	name
joakim	name
joan	name
job	noun
jobansøgning	noun
jobber	noun
jobbutik	noun
jobinterview	noun
jobsamtale	noun
jodle	verb
joel	name
joensen	name
johan	name
johanna	name
johanne	name
johannes	name
johannessen	name
johansen	name
john	name
johnny	name
johnsen	name
joke	noun,verb
joker	noun
jokke	verb
jokum	name
jolle	noun,verb
jomfru	noun
jomfrubur	noun
jomfrudom	noun
jomfruelig	adj
jomfruen	name
jomfrufødsel	noun
jomfruhinde	noun
jomfruolie	noun
jomfruolivenolie	noun
jomfrurejse	noun
jomfrutale	noun
jon	name
jonas	name
jonatan	name
jonathan	name
jonglør	noun
jonna	name
jonsen	name
jord	noun
jordan	name
jordaner	noun
jordansk	adj
jordbo	noun
jordboer	noun
jordbrug	noun
jordbrugsforskning	noun
jordbær	noun
jorde	verb
jordemoder	noun
jorden	name
jorderige	noun
jordisk	adj
jordnød	noun
jordnøddeolie	noun
jordnøddesmør	noun
jordskorpe	noun
jordskorpeplante	noun
jordskred	noun
jordskælv	noun
jordsvin	noun
jorvig	name
josef	name
josefine	name
josephine	name
josva	name
journal	noun
journalist	noun
journalistik	noun
journalistisk	adj
jubel	noun
jubilæum	noun
juble	verb
judastræ	noun
judith	name
judo	noun
jugoslavien	name
jugoslavisk	adj
juhl	name
juice	noun
juicer	noun
juks	noun
jul	name,noun
jule	verb
juleaften	noun
julebuk	noun
juledag	noun
julefest	noun
julefrokost	noun
julegave	noun
julekalender	noun
julekort	noun
julelys	noun
julemand	noun
julemanden	name
julemiddag	noun
julemusik	noun
julemåned	noun
julemærke	noun
julenisse	noun
julesang	noun
julestjerne	noun
julestjernen	noun
juletid	noun
juletræ	noun
juli	name
julia	name
julian	name
juliane	name
julie	name
julius	name
june	name
jungle	noun
juni	noun
jupiter	name
jura	noun
juridisk	adj
jurisdiktion	noun
jurist	noun
just	name
justere	verb
justits	noun
justitsminister	noun
juvel	noun
juveler	noun
juvenil	adj
jyde	noun
jylland	name
jysk	adj,noun
jytte	name
jæderen	name
jæger	name,noun
jægersoldat	noun
jærv	noun
jætte	noun
jættestue	noun
jævn	adj
jævnaldrende	adj
jævndøgn	noun
jævne	verb
jævnfør	prep
jævnføre	verb
jævnførelse	noun
jævnhed	noun
jævning	noun
jævnstrøm	noun
jøde	noun
jødedom	noun
jødefjendtlig	adj
jødehad	noun
jødeharpe	noun
jødisk	adj
jøkel	noun
jørgen	name
jørgensen	name
jørgine	name
jørn	name
jøsses	intj
k	noun
kaas	name
kaastrup	name
kabel	noun
kabelfærge	noun
kabys	noun
kadaver	noun
kadet	noun
kadi	noun
kaffe	noun
kaffebønne	noun
kaffekande	noun
kaffekop	noun
kaffekværn	noun
kaffemaskine	noun
kaffemik	noun
kaffemølle	noun
kag	noun
kage	noun
kagedame	noun
kageform	noun
kagemand	noun
kagle	verb
kahyt	noun
kahytsjomfru	noun
kai	name
kairo	name
kaj	name,noun
kajak	verb
kakao	noun
kakaosmør	noun
kakaotræ	noun
kakerlak	noun
kakkel	noun
kakkelovn	noun
kakofoni	noun
kaktus	noun
kalamitet	noun
kald	noun
kalde	verb
kaldesignal	noun
kaleb	name
kalejdoskop	noun
kalender	noun
kaliber	noun
kalif	noun
kalifat	noun
kalium	noun
kalk	noun
kalksten	noun
kalkulation	noun
kalkulere	verb
kalkun	noun
kalligrafi	noun
kalorius	noun
kaltoft	name
kalv	noun
kam	noun
kamel	noun
kamerahold	noun
kameramand	noun
kamikaze	noun
kamilla	name
kamille	noun
kamin	noun
kamma	name
kamme	verb
kammer	noun
kammerat	noun
kammeratskab	noun
kammerherre	noun
kammerjunk	noun
kammerjunker	noun
kammermusik	noun
kamp	noun
kampanile	noun
kampdag	noun
kampesten	noun
kampsport	noun
kampvogn	noun
kamæleon	noun
kanadisk	adj
kanal	noun
kanalisere	verb
kanalje	noun
kanariefugl	noun
kande	noun
kandestøber	noun
kandidat	noun
kandidere	verb
kandisere	verb
kanel	noun
kanelsnegl	noun
kanin	noun
kannibal	noun
kannibalisme	noun
kano	noun
kanon	adv,noun
kanonføde	noun
kanonisere	verb
kanonisering	noun
kanonkugle	noun
kansas	name
kansler	noun
kant	noun
kantet	adj
kanton	noun
kantsten	noun
kanyle	noun
kanøfle	verb
kaon	noun
kaos	noun
kaotisk	adj
kap	noun
kapacitans	noun
kapacitet	noun
kapacitor	noun
kapel	noun
kapere	verb
kapers	noun
kapitalisme	noun
kapitel	noun
kapitulation	noun
kapitæl	noun
kappe	noun,verb
kappeklædt	adj
kaprifolie	noun
kapring	noun
kapsel	noun
kaptajn	noun
kaput	adj
kar	noun
karaffel	noun
karakal	noun
karakter	noun
karakterfast	adj
karakterfasthed	noun
karakterisere	verb
karakteristik	noun
karakteristikum	noun
karakteristisk	adj
karakterløs	adj
karaktersvag	adj
karamel	noun
karantæne	noun
karate	noun
karavane	noun
karbon	name
karburator	noun
karcinogen	adj,noun
kardemomme	noun
kardinalitet	noun
kardinaltal	noun
kardiogram	noun
kardioide	noun
kardiolog	noun
kardon	noun
karelen	name
karen	name
karies	noun
karikatur	noun
karikaturtegner	noun
karikaturtegning	noun
karikere	verb
karin	name
karina	name
karisma	noun
karismatisk	adj
karl	name,noun
karla	name
karlsen	name
karm	noun
karnap	noun
karoline	name
karotin	noun
karpe	noun
karry	noun
karse	noun
karsten	name
kartager	noun
kartagisk	adj
kartesisk	adj
kartoffel	noun
kartoffelmos	noun
kartoffeltysker	noun
kartograf	noun
kartografi	noun
kartografisk	adj
karve	noun,verb
kasakhisk	noun
kasakhstan	name
kaserne	noun
kasino	noun
kasjuber	noun
kasjubisk	adj
kaskade	noun
kaskelothval	noun
kasket	noun
kasper	name
kassation	noun
kasse	noun
kasseapparat	noun
kassere	verb
kasserer	noun
kasserolle	noun
kassevogn	noun
kast	noun
kastanje	noun
kastanjebrun	adj
kastanjetræ	noun
kaste	noun,verb
kastel	noun
kaster	noun
kasteskud	noun
kastestjerne	noun
kastning	noun
kastrat	noun
kastration	noun
kastrere	verb
kastrering	noun
kasus	noun
kat	noun
katafalk	noun
katakombe	noun
katalog	noun
katalysator	noun
katalyse	noun
katalysere	verb
katalytisk	adj
katamaran	noun
katapult	noun
katar	noun
katarakt	noun
katarsis	noun
katarsisk	adj
katastrofal	adj
katastrofe	noun
katastrofeteori	noun
katastrofeår	noun
katastrofisk	adj
katatoni	noun
katatonisk	adj
kate	name
kateder	noun
katedral	noun
kategori	noun
kategorisere	verb
kategorisering	noun
kategorisk	adj
katete	noun
kateter	noun
katharina	name
kathrine	name
katja	name
katrine	name
katteagtig	adj
kattebestand	noun
kattedyr	noun
kattegrus	noun
kattejammer	noun
katteklo	noun
kattelem	noun
kattemad	noun
kaudervælsk	noun
kaustisk	adj
kaution	noun
kavaleri	noun
kavalerist	noun
kaviar	noun
kbh	name
kbm	noun
kd	noun
kdm	noun
kebab	noun
ked	adj
kede	verb
kedel	noun
kedelhus	noun
kedelig	adj
kedelighed	noun
kedsomhed	noun
kedsommelig	adj
kedsommelighed	noun
kegle	noun
kejser	noun
kejserdømme	noun
kejsergås	noun
kejserinde	noun
kejserkåbe	noun
kejserlig	adj
kejserpingvin	noun
kejserrige	noun
kejsersnit	noun
kejsertræ	noun
kejserørn	noun
kejte	noun
kejtet	adj
kejtethed	noun
kel	noun
keld	name
kemi	noun
kemiingeniør	noun
kemiker	noun
kemisk	adj
ken	name
kende	adv,verb
kendelse	noun
kendeord	noun
kender	noun
kendetegn	noun
kendetegne	verb
kendis	noun
kendsgerning	noun
kendskab	noun
kendt	adj
kenneth	name
kenning	noun
kenotaf	noun
kent	name
kentaur	noun
kentucky	name
kenya	name
kenyaner	noun
kenyansk	adj
kenyanskhed	noun
keramik	noun
keramiker	noun
keramisk	adj
kere	verb
kermesbær	noun
kerne	noun
kernefamilie	noun
kernefysik	noun
kernefysiker	noun
kernehus	noun
kernekraft	noun
kernekraftværk	noun
kernereaktion	noun
kernespaltning	noun
kernevåben	noun
kerte	noun
kerub	noun
ketchup	noun
ketogan	noun
keton	noun
ketsjer	noun
ketty	name
kevin	name
keynesianisme	noun
keynesiansk	adj
khan	noun
ki	noun
kid	noun
kidnapning	noun
kierkegaard	name
kierkegaardsk	adj
kiev	name
kigge	verb
kighoste	noun
kikkert	noun
kiks	noun
kilde	noun,verb
kildekode	noun
kilden	adj
kilder	noun
kildesprog	noun
kildre	verb
kile	noun,verb
kileskrift	noun
killing	noun
kilogram	noun
kilomet	noun
kilometer	noun
kim	name,noun
kime	verb
kimono	noun
kina	name
kinakål	noun
kind	noun
kineser	noun
kinesertræ	noun
kinesisk	adj,noun
kinesiskhed	noun
kinetisk	adj
kinøjser	noun
kiosk	noun
kippe	verb
kiribati	name
kirk	name
kirke	noun
kirkebøsse	noun
kirkegang	noun
kirkegård	noun
kirkegænger	noun
kirkeklokke	noun
kirkelig	adj
kirkeugle	noun
kirsebær	noun
kirsebærtræ	noun
kirsebærtærte	noun
kirsten	name
kirstine	name
kirtel	noun
kirurg	noun
kirurgi	noun
kirurgisk	adj
kis	noun
kiss	noun
kiste	noun
kit	noun
kittel	noun
kiwi	noun
kjeld	name
kjeldahl	name
kjeldsen	name
kjole	noun
kjortel	noun
kjove	noun
kjær	name
kjærgaard	name
kladde	noun
klage	noun,verb
klam	adj
klamhed	noun
klammeri	verb
klampt	adj
klan	noun
klandre	verb
klandring	noun
klappe	verb
klapperslange	noun
klapvogn	noun
klar	adj
klara	name
klare	verb
klargøre	verb
klarhed	noun
klarinet	noun
klarsyn	noun
klarsynet	adj
klarsynethed	noun
klasse	noun
klassekammerat	noun
klassekamp	noun
klasselokale	noun
klasseværelse	noun
klassificere	verb
klassifikation	noun
klassifikationsalgoritme	noun
klassiker	noun
klassisk	adj
klatre	verb
klatring	noun
klaus	name
klausen	name
klausul	noun
klaver	noun
klaverbokser	noun
klaviatur	noun
klejn	adj
klejne	noun
klemme	noun,verb
kleptokrat	noun
kleptokrati	noun
kleptoman	noun
kleptomani	noun
kleresi	noun
klerikal	adj
klerk	noun
klient	noun
klientel	noun
klientgøre	verb
klima	noun
klimaanlæg	noun
klimaforandring	noun
klimakatastrofe	noun
klimakterium	noun
klimatisk	adj
klimaændring	noun
kline	verb
klinik	noun
klinisk	adj
klinke	noun,verb
klint	noun
klip	noun
klippe	noun,verb
klippedue	noun
klipper	noun
klippeside	noun
klippevæg	noun
klipse	verb
klirre	verb
klistermærke	noun
klit	noun
klitoris	noun
klo	noun
kloak	noun
kloakanlæg	noun
kloakdyr	noun
kloaknet	noun
kloakrør	noun
kloaksystem	noun
klode	noun
klods	noun
klodset	adj
klodsethed	noun
klodsmajor	noun
klog	adj
klogskab	noun
klokke	noun
klokken	particle
klokker	noun
klokkeren	adj
klokkeslæt	noun
klokketårn	noun
klor	noun
klorid	noun
kloroform	noun
klorofyl	noun
klosaks	noun
kloster	noun
klosterlig	adj
klov	noun
klovdyr	noun
klovn	noun
klovne	verb
klub	noun
klubhus	noun
klud	noun
kludder	noun
kludedukke	noun
kludre	verb
klumme	noun
klump	noun
klumpe	verb
klumpfisk	noun
klumpfod	noun
klunke	noun
klunse	verb
klusil	noun
klynge	noun,verb
klæbehjerne	noun
klæde	noun,verb
klæg	adj,noun
klø	noun,verb
kløe	noun
kløft	noun
kløftehammer	noun
kløgt	noun
kløgtig	adj
klør	noun
kløve	verb
kløver	noun
kløvning	noun
km	noun
knabe	noun
knag	noun
knage	noun,verb
knagen	noun
knagende	adv
knagerække	noun
knagfryse	verb
knald	noun
knalde	verb
knaldhytte	noun
knaldrød	adj
knaldsort	adj
knallert	noun
knap	adj,adv,noun
knarr	noun
knase	verb
knastør	adj
kneb	noun
knejpe	noun
knepbar	adj
knepning	noun
kneppe	verb
knibe	noun,verb
knippel	noun
knirke	verb
kniv	noun
knivblok	noun
knivdrab	noun
knivkaster	noun
knivmord	noun
knivskaft	noun
knivskæfte	noun
knivspids	noun
knivsæg	noun
kno	noun
knob	noun
knofedt	noun
knogle	noun
knojern	noun
knokle	verb
knold	noun
knop	noun
knort	noun
knortegås	noun
knud	name
knude	noun
knudsen	name
knuge	verb
knurhår	noun
knurre	verb
knus	noun
knuse	verb
knusende	adj
knytnæve	noun
knytte	verb
knæ	noun
knægt	noun
knække	verb
knæskal	noun
ko	noun
koagulation	noun
koagulere	verb
koagulering	noun
koaksialkabel	noun
koala	noun
koalabjørn	noun
koalition	noun
kobber	noun
kobberbryllup	noun
kobberrør	noun
koben	noun
kobling	noun
kodeord	noun
koefficient	noun
kofanger	noun
koffein	noun
koffeinfri	adj
koge	verb
kogebog	noun
kogepunkt	noun
koger	noun
kogger	noun
kogle	noun
kogleri	noun
kognat	noun
kognatisk	adj
kohorte	noun
koios	name
kok	noun
kokasse	noun
koklokke	noun
kokon	noun
kokosnød	noun
kokosolie	noun
kolbe	noun
kold	adj
koldblodig	adj
koldblodighed	noun
koldbrand	noun
koldhæve	verb
kolding	name
koldskål	noun
kolera	noun
koleraepidemi	noun
kolerisk	adj
kolesterol	noun
kolibri	noun
kollaboration	noun
kollaps	noun
kollapse	verb
kollega	noun
kollegium	noun
kollektion	noun
kollektiv	adj
kollektør	noun
kolli	noun
kolofon	noun
kolon	noun
koloni	noun
kolonial	adj,noun
kolonialforretning	noun
kolonialisme	noun
kolonihave	noun
kolonihavehus	noun
kolonisere	verb
kolonisering	noun
kolonist	noun
kolonitid	noun
kolos	noun
kolossal	adj,adv
koma	noun
kombattant	noun
kombination	noun
kombinationslås	noun
kombinatorik	noun
kombinatorisk	adj
kombinere	verb
komedie	noun
komet	noun
komfort	noun
komfortabel	adj
komfortzone	noun
komfur	noun
komikerduo	noun
komintern	name
komisk	adj
komma	noun
kommandovej	noun
kommandør	noun
komme	verb
kommen	noun
kommende	adj
kommentar	noun
kommentere	verb
kommerciel	adj
kommission	noun
kommissær	noun
kommode	noun
kommunal	adj
kommune	noun
kommunikation	noun
kommunisme	noun
kommunist	noun
kommunistisk	adj
kommunistparti	noun
kommutativ	adj
kommutativitet	noun
kommutere	verb
komodovaran	noun
kompagni	noun
kompagniskab	noun
kompagnon	noun
kompakt	adj
kompakthed	noun
komparativ	adj
kompensation	noun
kompensere	verb
kompetence	noun
kompetent	adj
kompleks	adj,noun
komplement	noun
komplet	adj
komplettere	verb
komplicere	verb
kompliceret	adj
komplicerethed	noun
komplikation	noun
kompliment	noun
komplimentere	verb
komponent	noun
komponere	verb
komponist	noun
komposition	noun
kompost	noun
kompostere	verb
kompot	noun
kompres	noun
kompression	noun
kompressionsforhold	noun
kompressor	noun
komprimere	verb
komprimering	noun
kompromis	noun
kompromisløs	adj
kompromisløshed	noun
kompromittere	verb
komtesse	noun
komælk	noun
koncentrat	noun
koncentration	noun
koncentrationslejr	noun
koncentrisk	adj
koncept	noun
konception	noun
koncert	noun
koncerthus	noun
koncertina	noun
koncis	adj
kondensation	noun
konditor	noun
kondolere	verb
kondom	noun
kondor	noun
konduktion	noun
kone	noun
konebåd	noun
konfekt	noun
konference	noun
konfirmand	noun
konfirmation	noun
konfirmere	verb
konfirmeret	adj
konfiskation	noun
konfiskere	verb
konfiskering	noun
konfiture	noun
konflikt	noun
konfliktsky	adj
konfrontation	noun
konfus	adj
konføderation	noun
kong	noun
konge	noun
kongeblå	adj
kongeboa	noun
kongedømme	noun
kongehus	noun
kongelig	adj
kongepingvin	noun
kongerige	noun
kongeørn	noun
kongres	noun
kongruens	noun
konisk	adj
konjugation	noun
konjunktion	noun
konjunktiv	noun
konkav	adj
konkludere	verb
konklusion	noun
konkordie	name
konkret	adj
konkurrence	noun
konkurrencedygtig	adj
konkurs	adj,noun
konnotation	noun
konsekvens	noun
konsekvent	adj
konsensus	noun
konservativ	adj
konservator	noun
konservatorium	noun
konserveringsmiddel	noun
konsol	noun
konsolidere	verb
konsonant	noun
konsonantklynge	noun
konspiration	noun
konspirationsteoretiker	noun
konspirationsteori	noun
konstant	adj,noun
konstantin	name
konstantinopel	name
konstatere	verb
konstituere	verb
konstitutionalisme	noun
konstitutionel	adj
konstruktion	noun
konstruktiv	adj
konsul	noun
konsulat	noun
konsulent	noun
konsultation	noun
konsultere	verb
kontakt	noun
kontakte	verb
kontaktinformation	noun
kontaktlinse	noun
kontaktperson	noun
kontanter	noun
kontekst	noun
kontinent	noun
kontinental	adj
kontinuitet	noun
konto	noun
kontor	noun
kontorbygning	noun
kontorhus	noun
kontraintuitiv	adj
kontrakt	noun
kontrol	noun
kontrovers	noun
kontroversiel	adj
konveks	adj
konvektion	noun
konvention	noun
konvergensradius	noun
konversation	noun
konversere	verb
konversion	noun
konvertere	verb
konvertering	noun
konvertit	noun
konvoj	noun
koordinat	noun
koordination	noun
koordinator	noun
koordinatsystem	noun
koordinere	verb
koordinering	noun
kop	noun
koparret	adj
kopi	noun
kopiere	verb
kopimaskine	noun
kopist	noun
koppeepidemi	noun
koppel	name
kopper	noun
kopra	noun
koptisk	adj
kopulere	verb
kor	noun
korde	noun
koreaner	noun
koreansk	adj,noun
koreanskhed	noun
koreografi	noun
kork	noun
korkeg	noun
korktræ	noun
korn	noun
kornblomst	noun
kornet	adj,noun
korps	noun
korrekt	adj
korrekthed	noun
korridor	noun
korrigere	verb
korrodere	verb
korrosion	noun
kors	intj,noun
korsedderkop	noun
korset	noun
korsfæste	verb
korsfæstelse	noun
korsika	name
korsikaner	noun
korskilde	name
korstog	noun
kort	adj,adv,noun
kortbenet	adj
kortbølge	noun
korte	verb
kortfattet	adj
kortfilm	noun
kortform	noun
korthed	noun
korthus	noun
korthåret	adj
kortlivet	adj
kortsigtet	adj
kortslutning	noun
kortslutte	verb
kortspil	noun
kortvarig	adj
korund	noun
korvet	noun
kosak	noun
kosmetisk	adj
kosmisk	adj
kosmografi	noun
kosmologi	noun
kosmopolit	noun
kosmopolitisk	adj
kosmos	noun
kosovo	name
kost	noun
kostbar	adj
koste	verb
kosteffektiv	adj
kosteskaft	noun
kostume	noun
kovending	noun
kovs	noun
krabbe	noun,verb
krabbefest	noun
krabbeklo	noun
krabbekød	noun
kradse	verb
kraft	noun
kraftedeme	adv
kraftfelt	noun
kraftidiot	noun
kraftig	adj
kraftmoment	noun
kraftværk	noun
krage	noun
krak	intj,noun
krakelere	verb
krakelering	noun
krakkemut	noun
kram	noun
kramer	name
kramme	verb
krammedyr	noun
krampeseng	noun
kran	noun
kranium	noun
krank	noun
krans	noun
kranse	verb
kransekage	noun
krater	noun
krav	noun
krave	noun
kraveben	noun
kravle	verb
kravlegård	noun
kravlen	noun
kreation	noun
kreativ	adj
kreativitet	noun
kreatur	noun
kreaturhold	noun
krebs	noun
krebsdyr	noun
krebseklo	noun
krebsen	name
kreditkort	noun
kreditor	noun
kreds	noun
kredse	verb
kredsløb	noun
kredsret	noun
kreios	name
krejert	noun
kremation	noun
krematorie	noun
krematorium	noun
kremere	verb
kremering	noun
krepere	verb
kresten	name
krestine	name
kreta	name
kretensisk	adj
kreter	noun
kretisk	adj
kridhvid	adj
kridt	noun
krig	noun
kriger	noun
krigserklæring	noun
krigsfange	noun
krigsfangelejr	noun
krigsforbrydelse	noun
krigsførelse	noun
krigsgal	adj
krigshandling	noun
krigshelt	noun
krigsherre	noun
krigskunst	noun
krigsliderlighed	noun
krigsmaskine	noun
krigsmaskineri	noun
krigsskadeserstatning	noun
krigstid	noun
krigstogt	noun
krikand	noun
krikke	noun
krim	name
kriminalisere	verb
kriminalisering	noun
kriminalitet	noun
kriminel	adj
kriminologi	noun
kringle	noun
krise	noun
krisetid	noun
krista	name
kristelig	adj
kristelighed	noun
kristen	adj,name
kristendom	noun
kristenhed	noun
kristenliv	noun
kristensen	name
kristian	name
kristiane	name
kristiania	name
kristiansen	name
kristina	name
kristine	name
kristne	verb
kristoffer	name
kristoffersen	name
kristus	name
kriterium	noun
kritik	noun
kritiker	noun
kritisere	verb
kritisk	adj
kro	noun
kroat	noun
kroatien	name
kroatisk	adj,noun
kroatiskhed	noun
krog	noun
kroge	verb
kroget	adj
krogh	name
krokodille	noun
krokodilletåre	noun
krokus	noun
kromatografi	noun
kromatografisk	adj
kromosfære	noun
kromosom	noun
kronblad	noun
krondyr	noun
krone	noun,verb
kronhjort	noun
kroning	noun
kronisk	adj
kronjysk	adj
kronologi	noun
kronologisk	adj
kronos	name
kronprins	noun
kronprinsesse	noun
krop	noun
kropsbillede	noun
kropslig	adj
kropsliggøre	verb
kropsliggørelse	noun
krudt	noun
krudtmølle	noun
krukke	noun
krum	adj
krumme	noun,verb
krumning	noun
krumsabel	noun
krumtap	noun
krumtapaksel	noun
krus	noun
kruse	name,verb
kruset	adj
kryb	noun
krybbe	noun
krybdyr	noun
krybe	verb
kryben	noun
krybskytte	noun
krydderbolle	noun
kryddernellike	noun
kryddersild	noun
krydderurt	noun
krydre	verb
kryds	noun
krydse	verb
krydsermissil	noun
krydsild	noun
krydsprodukt	noun
krydstogt	noun
krympe	verb
krympning	noun
kryptisk	adj
krypton	noun
kryptovaluta	noun
krystal	noun
krystalklar	adj
krystallisere	verb
kryster	noun
krysteragtig	adj
kræft	noun
kræftfremkaldende	adj
kræftpatient	noun
kræmmer	noun
kræmmerhus	noun
krænge	verb
krænke	verb
krænkelse	noun
krænkelsesparat	adj
kræs	noun
kræse	verb
kræsen	adj
kræve	verb
krævende	adj
krølle	noun,verb
krøllejern	noun
krøllet	adj
krønike	noun
krøsus	noun
ks	symbol
kubikmeter	noun
kudsk	name
kue	verb
kuffert	noun
kugle	noun
kugleformet	adj
kugleled	noun
kuglepen	noun
kugleramme	noun
kuglestød	noun
kuglestøder	noun
kujon	noun
kujonagtig	adj
kul	noun
kulbrinte	noun
kuld	noun
kulde	noun
kuldegysning	noun
kuldioxid	noun
kuldkaste	verb
kule	noun,verb
kulhydrat	noun
kuling	noun
kuller	noun
kulmination	noun
kulminationspunkt	noun
kulmine	noun
kulminere	verb
kulsort	adj
kulstof	noun
kulstofkredsløb	noun
kulsyre	noun
kult	noun
kultfilm	noun
kultivere	verb
kultiveret	adj
kultivering	noun
kultstatus	noun
kultur	noun
kulturchok	noun
kulturel	adj
kulturhus	noun
kulturimperialisme	noun
kulturkristen	adj
kulturrevolution	noun
kulturskat	noun
kulør	noun
kulørt	adj
kun	adv
kunde	noun
kundskab	noun
kung-fu	noun
kunne	verb
kunnen	noun
kunst	noun
kunsteventyr	noun
kunstgalleri	noun
kunsthistoriker	noun
kunstig	adj
kunstlæder	noun
kunstner	noun
kunstnerisk	adj
kunstnernavn	noun
kunststof	noun
kunstværk	noun
kup	noun
kupon	noun
kuppel	noun
kur	noun
kurage	noun
kurator	noun
kure	name,verb
kurer	noun
kurere	verb
kuriøs	adj
kurs	noun
kursist	noun
kursivere	verb
kursus	noun
kurt	name
kurv	noun
kurve	noun,verb
kusine	noun
kusk	noun
kusselæbe	noun
kustode	noun
kutte	noun
kutteklædt	adj
kutter	noun
kutyme	noun
kuvert	noun
kuwait	name
kuwaiter	noun
kvad	noun
kvadrat	noun
kvadratisk	adj
kvadratkilometer	noun
kvadratmeter	noun
kvadratrod	noun
kvaj	noun
kvaje	verb
kvajebajer	noun
kvaksalver	noun
kvaksalveri	noun
kval	noun
kvalificering	noun
kvalitativ	adj
kvalitet	noun
kvalitetsmæssig	adj
kvalitetstid	noun
kvalm	adj
kvalme	noun,verb
kvan	noun
kvantefysik	noun
kvantemekanik	noun
kvantemekanisk	adj
kvantespring	noun
kvantetal	noun
kvantificere	verb
kvantitativ	adj
kvark	noun
kvart	adj,noun
kvartal	noun
kvartalsvis	adj,adv
kvarter	noun
kvartet	noun
kvarts	noun
kvartssand	noun
kvase	noun,verb
kvasiintellektuel	adj
kvast	noun
kvie	noun,verb
kvik	adj
kviksand	noun
kviksølv	noun
kvindagtig	adj
kvinde	noun
kvindeforsker	noun
kvindeforskning	noun
kvindehad	noun
kvindehader	noun
kvindekær	adj
kvindekøn	noun
kvindelig	adj,noun
kvindfolk	noun
kvist	name,noun
kvit	adj
kvittering	noun
kvotient	noun
kvotientrække	noun
kvæde	noun
kvæg	noun
kvægavl	noun
kvægbestand	noun
kvægdrift	noun
kvæghold	noun
kvægtyv	noun
kvæk	intj
kvæker	noun
kvækerfinke	noun
kvække	verb
kvæle	verb
kvæler	noun
kvælerhalsbånd	noun
kvælerslange	noun
kvælerstik	noun
kvælning	noun
kvælningsanfald	noun
kvælstof	noun
kvælstoffikserende	adj
kværke	verb
kværn	noun
kværne	verb
kvæste	verb
kvæstelse	noun
kwashiorkor	noun
kybernetik	noun
kykkeliky	intj,noun
kyklop	noun
kyle	verb
kylling	noun
kyndelmisse	noun
kyndig	adj
kyniker	noun
kynisk	adj
kynisme	noun
kynofobi	noun
kynologi	noun
kynologisk	adj
kyras	noun
kys	noun
kyse	noun,verb
kysk	adj
kyskhedsbælte	noun
kysse	verb
kysseri	noun
kyst	noun
kystbanesocialist	noun
kystlinje	noun
kz-lejr	noun
kåbe	noun
kåd	adj
kål	noun
kålrabi	noun
kålroe	noun
kår	noun
kåre	verb
kåring	noun
kæbe	noun
kæde	noun,verb
kædebrev	noun
kædemaske	noun
kædereaktion	noun
kæderyge	verb
kæderyger	noun
kædesav	noun
kæft	noun
kæk	adj
kælder	verb
kæle	verb
kæledyr	noun
kælen	noun
kælenavn	noun
kælk	noun
kælling	noun
kællingeknude	noun
kælve	verb
kælvning	noun
kæmme	verb
kæmpe	adj,noun,verb
kæmpehagl	noun
kæmpemæssig	adj
kæmpesten	noun
kænguru	noun
kæp	noun
kæphest	noun
kær	adj,noun
kære	noun,verb
kæremål	noun
kæreste	noun,verb
kærestekedelig	adj
kærestepar	noun
kærhøg	noun
kærkommen	adj
kærlig	adj
kærlighed	noun
kærlighedserklæring	noun
kærlighedsfrugt	noun
kærne	noun,verb
kærnemælk	noun
kærte	noun
kærtegne	verb
kætter	noun
kætteri	noun
kættersk	adj
kø	noun
køb	noun
købe	verb
købedygtig	adj
københavn	name
københavner	noun
københavnersnude	noun
køber	noun
købmand	noun
købmandsbutik	noun
købmandskab	noun
købslå	verb
købstad	noun
kød	noun
kødelig	adj
kødelighed	noun
kødspiser	noun
kødæder	noun
køje	noun
køkken	noun
køkkenaffald	noun
køkkenkniv	noun
køkkenmødding	noun
køkkenvask	noun
køkkenvægt	noun
køl	noun
køle	verb
køleskab	noun
kølig	adj
kølighed	noun
kølle	noun
køllesværmer	noun
kølsvin	noun
kølvand	noun
køn	adj,noun
kønnet	adj
kønsdrift	noun
kønsforsker	noun
kønsforskning	noun
kønsfælle	noun
kønsidentitet	noun
kønskamp	noun
kønskorrigerende	adj
kønskrig	noun
kønslem	noun
kønslig	adj
kønslighed	noun
kønsliv	noun
kønslæbe	noun
kønsmoden	adj
kønsmodenhed	noun
kønsmæssig	adj
kønsneutral	adj
kønsorgan	noun
kønsrollemæssig	adj
kønsspecifik	adj
kønssygdom	noun
køre	verb
kørebane	noun
kørekort	noun
kørelys	noun
kører	noun
køreskole	noun
kørestol	noun
køresyg	adj
køresyge	noun
køretøj	noun
kørsel	noun
kørvel	noun
køter	noun
l	noun
lab	noun
laber	adj
labil	adj
labilitet	noun
laborant	noun
laboratorievægt	noun
laboratorium	noun
lacrosse	noun
lad	adj,noun
lade	noun,verb
ladhed	noun
ladning	noun
ladon	name
lag	noun
lage	name
lagen	noun
lagengymnastik	noun
lager	noun
lagereddike	noun
lagkage	noun
lagune	noun
laila	name
lak	noun
lakaj	noun
lakke	verb
lakonisk	adj,adv
lakonsk	adj
lakrids	noun
laks	noun
laktose	noun
laktosefri	adj
laktoseintolerans	noun
lam	adj,noun
lama	noun
lamme	verb
lammelse	noun
lampe	noun
lampeskærm	noun
lamslå	verb
land	noun
landbrug	noun
landbrugsmæssig	adj
landdag	noun
lande	verb
landemærke	noun
landeplage	noun
landevej	noun
landevejsridder	noun
landgang	noun
landhus	noun
landingsbane	noun
landkort	noun
landmand	noun
landmine	noun
landmærke	noun
landnam	noun
landsby	noun
landsbytosse	noun
landsforræder	noun
landsforræderi	noun
landskab	noun
landsknægt	noun
landslag	noun
landsmand	noun
landsmandinde	noun
landsskadelig	adj
landsted	noun
landsting	noun
landstinget	name
landstryger	noun
landsvale	noun
landvinding	noun
lang	adj,name
langbenet	adj
langbue	noun
langbølge	noun
lange	name,noun,verb
langeland	name
langfinger	noun
langfredag	noun
langhus	noun
langhåret	adj
langs	adv
langsigtet	adj
langskib	noun
langskibs	adv
langsom	adj
langsommelig	adj
langsommelighed	noun
langsynet	adj
langsynethed	noun
langtbortistan	name
langtidshæve	verb
langvarig	adj
langvejs	adj,adv
lanterne	noun
lanthan	noun
laotiskhed	noun
lap	noun
lapning	noun
lappe	verb
lappedykker	noun
lappisk	adj
laps	noun
lapugle	noun
largeness	noun
larm	noun
larme	verb
lars	name
larsen	name
larsine	name
larve	noun
las	noun
lasagne	noun
laser	noun
lasse	name
lassen	name
last	noun
lastbil	noun
lastbilchauffør	noun
lastdyr	noun
laste	verb
lastemærke	noun
lastning	noun
latent	adj
latin	noun
latinsk	adj
latter	noun
latterfugl	noun
latterlig	adj
latterliggøre	verb
latterliggørelse	noun
lau	name
lauge	name
laura	name
laurbær	noun
laurbærkrans	noun
laurids	name
lauridsen	name
laurine	name
laurits	name
lauritsen	name
lauritz	name
laurs	name
laursen	name
laust	name
lav	adj,noun
lave	name,verb
lavendel	adj,noun
lavenergihus	noun
lavine	noun
lavkøbenhavnsk	name
lavpris	noun
lavprisbutik	noun
lavtryk	noun
lavvande	noun
lawrencium	noun
lazarus	name
le	noun,verb
lea	name
led	adj,noun
ledbus	noun
leddegigt	noun
leddyr	noun
lede	noun,verb
ledelse	noun
ledelsesmæssig	adj
leder	noun
lederskab	noun
ledestjerne	noun
ledig	adj
lediggang	noun
lediggænger	noun
ledighed	noun
leding	noun
ledning	noun
ledorm	noun
ledsage	verb
ledsagelse	noun
ledsager	noun
ledsagerske	noun
ledsætning	noun
ledvogter	noun
ledvogterhus	noun
leg	noun
legal	adj
legalisere	verb
legalisering	noun
lege	verb
legeaftale	noun
legehus	noun
legeme	noun
legemlig	adj
legemliggøre	verb
legemliggørelse	noun
legende	noun
legeplads	noun
legere	verb
legering	noun
legesyg	adj
legetøi	noun
legetøj	noun
legetøjsbutik	noun
legetøjsdyr	noun
legetøjsforretning	noun
legion	noun
legitim	adj
legitimationskort	noun
legitimere	verb
legitimering	noun
legitimitet	noun
leif	name
leje	noun,verb
lejekontrakt	noun
lejemord	noun
lejemorder	noun
lejer	noun
lejesoldat	noun
lejlighed	noun
lejlighedsvis	adj,adv
lejr	noun
lejrbål	noun
lejre	verb
lejrkuller	noun
lejrplads	noun
lejrskole	noun
leksem	noun
leksikalisere	verb
leksikograf	noun
leksikografi	noun
leksikon	noun
lektie	noun
lektion	noun
lektor	noun
lekture	noun
lem	noun
lemfældig	adj
lempe	noun,verb
lempelse	noun
len	noun
lena	name
lene	name
leningrad	name
lennart	name
leo	name
leon	name
leopard	noun
ler	noun
lerdue	noun
lerhus	noun
lerklining	noun
lesbisk	adj
let	adj,adv,noun
letal	adj
letalitet	noun
letargi	noun
letargisk	adj
lethed	noun
letland	name
letlevende	adj
letlæst	adj
letmælk	noun
letopløselig	adj
letsind	noun
letsindig	adj
letsindighed	noun
lette	noun,verb
lettelse	noun
lettet	adj
lettisk	adj,noun
lettiskhed	noun
leukocyt	noun
leukæmi	noun
lev	noun
leve	noun,verb
levealder	noun
levebrød	noun
levedygtig	adj
leveforhold	noun
leven	noun
levende	adj
levendegøre	verb
leveomkostninger	noun
lever	noun
leverbetændelse	noun
levere	verb
levering	noun
leveringsdygtig	adj
leverplet	noun
leverpostej	noun
levertran	noun
levestandard	noun
levested	noun
levetid	noun
levevilkår	noun
leveår	noun
levn	noun
levne	verb
levned	noun
levnedsmiddel	noun
levning	noun
lgbt	noun
liam	name
lian	noun
libaneser	noun
libanesisk	adj
libanesiskhed	noun
libanon	name
liberalisme	noun
liberia	name
libertarianisme	noun
libyen	name
libyer	noun
libysk	adj
libyskhed	noun
lid	noun
lide	verb
lidelse	noun
liderlig	adj
lidet	adv
lidt	adv,pron
liechtenstein	name
liechtensteiner	noun
liere	verb
liering	noun
lift	noun
lig	adj,noun
ligbleg	adj
ligbrænding	noun
lige	adj,adv,noun
ligefrem	adj,adv
ligefremhed	noun
ligeglad	adj
ligegladhed	noun
ligegyldig	adj
ligegyldighed	noun
ligeledes	adv
ligemand	noun
ligesom	adv,conj
ligestille	verb
ligestilling	noun
ligetil	adj
ligevægt	noun
ligevægtig	adj
ligevægtskonstant	noun
ligfølge	noun
ligge	verb
liggedag	noun
liggendefæ	noun
lighed	noun
lighus	noun
ligkapel	noun
ligkiste	noun
ligne	verb
lignelse	noun
lignende	adj
ligning	noun
like	noun,verb
likvidere	verb
likviditet	noun
lilian	name
lilje	noun
lilla	adj
lille	adj
lilleasien	name
lillebror	noun
lillefinger	noun
lillehjerne	noun
lillejuleaften	noun
lillesøster	noun
lilletå	noun
lilli	name
lillian	name
lilly	name
lim	noun
lime	noun,verb
lina	name
lind	adj,name,noun
linda	name
lindegaard	name
lindetræ	noun
lindorm	noun
lindre	verb
lindring	noun
line	name
lineal	noun
linette	name
lineær	adj
lingvist	noun
lingvistik	noun
lingvistisk	adj
linje	noun
linjedommer	noun
linjestykke	noun
link	noun
linned	noun
linse	noun
lipid	noun
lir	noun
lirekasse	noun
lis	name
lisa	name
lisbet	name
lisbeth	name
lise	name
lise-lotte	name
liselotte	name
lispund	noun
lissabon	name
lissi	name
lissie	name
lissom	adv
lissy	name
list	noun
liste	noun,verb
listig	adj
litauen	name
litauer	noun
litauisk	adj,noun
litauiskhed	noun
litchi	noun
liter	noun
litervis	adv
litium	noun
litografi	noun
litosfære	noun
litteratur	noun
litteraturfortegnelse	noun
litteraturliste	noun
litterær	adj
liturgi	noun
liturgisk	adj
liv	name,noun
liva	name
livagtig	adj
livagtighed	noun
live	adv,verb
livegen	adj,noun
livermorium	noun
livisk	adj,noun
livlig	adj
livlighed	noun
livligt	adv
livløs	adj
livløshed	noun
livmoder	noun
livmoderhals	noun
livreddende	adj
livredder	noun
livrem	noun
livret	noun
livsanskuelse	noun
livsbekræftende	adj
livscyklus	noun
livsfarlig	adj
livsform	noun
livsforsikring	noun
livsglæde	noun
livsindstilling	noun
livskraft	noun
livskvalitet	noun
livslang	adj
livslede	noun
livslinje	noun
livslyst	noun
livsopfattelse	noun
livsstil	noun
livssyn	noun
livstid	noun
livstruende	adj
livstræ	noun
livsvarig	adj
livsværk	noun
livvagt	noun
lizzi	name
lizzie	name
lm	noun
lo	noun
lobbye	verb
lod	noun
lodde	noun,verb
loddekolbe	noun
lodden	adj
loddetin	noun
loft	noun
loggia	noun
logik	noun
logiker	noun
logistik	noun
logistiker	noun
logre	verb
lokal	adj
lokalbedøvelse	noun
lokale	noun
lokalhistoriker	noun
lokalisere	verb
lokativ	noun
loke	name
lokke	verb
lokomotiv	noun
lokum	noun
lol	intj
lolita	noun
lolland	name
lomme	noun
lommekniv	noun
lommelygte	noun
lommeregner	noun
lommetyv	noun
lommetørklæde	noun
lomvi	noun
lomvie	noun
london	name
londoner	noun
lone	name
loppe	noun,verb
loppebid	noun
loppemarked	noun
loppetjans	noun
lorentzen	name
lort	intj,noun
los	adj,noun
losse	verb
losseplads	noun
lotte	name
lotteri	noun
lotto	noun
louise	name
louisiana	name
lov	noun
love	verb
lovhjemmel	noun
lovkyndig	adj
lovlig	adj,adv
lovliggøre	verb
lovliggørelse	noun
lovlighed	noun
lovlydig	adj
lovlydighed	noun
lovløs	adj
lovløshed	noun
lovmæssig	adj
lovovertrædelse	noun
loyal	adj
lucas	name
lud	noun
ludder	noun
lude	verb
ludoman	noun
ludomani	noun
ludvig	name
lue	noun,verb
luffe	noun,verb
luft	noun
luftfart	noun
luftfartøj	noun
luftformig	adj
luftforurening	noun
luftfugtighed	noun
luftgevær	noun
lufthavn	noun
luftkastel	noun
luftkvalitet	noun
luftmaske	noun
luftmodstand	noun
luftrør	noun
luftskib	noun
luftslag	noun
luftslange	noun
lufttryk	noun
luftvej	noun
lugger	noun
lugt	noun
lugte	verb
lukaf	noun
lukas	name
lukke	noun,verb
lukkelyd	noun
lukket	adj
lukkethed	noun
lukrativ	adj
luksuriøs	adj
luksus	noun
luksusluder	noun
lumholtz	name
lummer	adj
lumsk	adj
lun	adj
luna	name
lund	noun
lunde	noun
lune	noun,verb
lunefuld	adj
lunefuldhed	noun
lunge	noun
lungebetændelse	noun
lungecancer	noun
lungekapacitet	noun
lungekræft	noun
lungepulsåre	noun
lungeødem	noun
lunhed	noun
lunken	adj
lunkenhed	noun
lunte	noun,verb
lurvet	adj
lus	noun
lusk	noun
lussing	noun
lut	noun
lutetium	noun
lutter	adj
luxembourg	name
luxembourger	noun
luxembourgsk	adj
luxemburger	noun
luxemburgsk	adj
ly	noun
lybsk	adj
lyd	noun
lydbølge	noun
lyddæmper	noun
lyde	verb
lydefri	adj
lydefterlignende	adj
lydhør	adj
lydhørhed	noun
lydia	name
lydig	adj
lydighed	noun
lydkort	noun
lydløs	adj
lydløshed	noun
lydord	noun
lydpotte	noun
lydskrift	noun
lydsystem	noun
lygte	noun
lykke	name,noun
lykkelig	adj
lykkeligvis	adv
lykkes	verb
lyksalig	adj
lyksaliggøre	verb
lykønske	verb
lykønskning	noun
lymfe	noun
lyn	noun
lyne	verb
lyng	noun
lynhurtig	adj
lyre	noun
lyrik	noun
lyriker	noun
lys	adj,noun
lyse	verb
lyseblå	adj
lysebrun	adj
lysegrå	adj
lysegrøn	adj
lyserød	adj
lyseslukker	noun
lysestage	noun
lysforurening	noun
lysfølsom	adj
lysfølsomhed	noun
lyshudet	adj
lyshåret	adj
lyske	noun
lysne	verb
lysning	noun
lyssky	adj
lyst	noun
lyste	verb
lysten	adj
lyster	noun
lysthus	noun
lystig	adj
lystre	verb
lysår	noun
lytte	verb
lytteforståelse	noun
lyve	verb
låg	noun
låge	noun
lån	noun
låne	verb
lånehaj	noun
låneord	noun
lår	noun
lårben	noun
lårhals	noun
lårt	noun
lås	noun
låse	verb
låsesmed	noun
læ	adj,noun,verb
læbe	noun
læddike	noun
læder	noun
læderbøsse	noun
læg	adj,noun
læge	noun,verb
lægeattest	noun
lægeerklæring	noun
lægge	verb
lægte	noun
lækat	noun
lække	verb
lækker	adj
lækkersulten	adj
læmme	verb
lænd	noun
lændeklæde	noun
læne	verb
lænestol	noun
længde	noun
længdebølge	noun
længdeforkortelse	noun
længdegrad	noun
længdespring	noun
længdespringer	noun
længe	adv,noun
længerevarende	adj
længes	verb
længsel	noun
lænke	noun
lærd	adj
lærdom	noun
lære	noun,verb
læremester	noun
lærer	noun
lærerig	adj
læresætning	noun
lærevillig	adj
lærk	noun
lærke	name,noun
lærketræ	noun
lærling	noun
lærred	noun
læs	noun
læsbar	adj
læsbarhed	noun
læse	verb
læsebriller	noun
læseevne	noun
læsefelt	noun
læseferie	noun
læseforståelse	noun
læseglæde	noun
læsehest	noun
læsehjørne	noun
læsehungrende	adj
læsehæmmet	adj
læselampe	noun
læselig	adj
læselighed	noun
læselyst	noun
læsemængde	noun
læser	noun
læserbrev	noun
læsesal	noun
læsestof	noun
læsesvag	adj
læsevant	adj
læside	noun
læsion	noun
læspe	verb
læsse	verb
læst	noun
læsø	name
løb	noun
løbe	noun,verb
løbehjul	noun
løbelængde	noun
løber	noun
lød	noun
løfte	noun,verb
løg	noun
løgn	noun
løgnagtig	adj
løgnagtighed	noun
løgner	noun
løjer	noun
løjerlig	adj
løjerlighed	noun
løjpe	noun
løjtnant	noun
løkke	noun
løn	noun
lønforhøjelse	noun
lønmodtager	noun
lønne	verb
lønnetræ	noun
lønning	noun
lønsom	adj
lønsomhed	noun
lørdag	noun
løs	adj
løsagtig	adj
løsagtighed	noun
løse	verb
løsen	noun
løsesum	noun
løsgøre	verb
løsne	verb
løsning	noun
løsrive	verb
løsrivelse	noun
løss	noun
løst	adv
løsøre	noun
løv	noun
løve	noun
løvebestand	noun
løveklo	noun
løven	name
løvetand	noun
løvfældende	adj
løvgræshoppe	noun
løvinde	noun
løvskov	noun
løvstikke	noun
løvtræ	noun
machete	noun
machomand	noun
maclaurinpolynomium	noun
maclaurinrække	noun
mad	noun
madaffald	noun
madagaskar	name
maddike	noun
madding	noun
made	verb
madforgiftning	noun
madlyst	noun
madpakke	noun
madras	noun
madrid	name
madro	noun
mads	name
madsen	name
madvare	noun
madæble	noun
mafia	noun
mafiafamilie	noun
mafioso	noun
mag	noun
magasin	noun
magda	name
magdalene	name
mage	noun
magelig	adj
magelighed	noun
magellanstrædet	name
mageløs	adj
magen	adj
magenta	adj,noun
mager	adj
magerhed	noun
magi	noun
magiker	noun
magisk	adj
magistrat	noun
magna	name
magnesium	noun
magnet	noun
magnetfelt	noun
magnetisk	adj
magnoliatræ	noun
magnus	name
magnussen	name
magre	verb
magt	noun
magtdistance	noun
magte	verb
magtesløs	adj
magtesløshed	noun
magtfuld	adj
magtpåliggende	adj
mai	name
mai-britt	name
maibrit	name
maibritt	name
maiken	name
mail	noun
maile	verb
maine	name
maj	noun
maj-britt	name
maja	name
majbrit	name
majbritt	name
majestæt	noun
majonæse	noun
majs	noun
majskerne	noun
majskorn	noun
majsolie	noun
makaber	adj
makedonien	name
makedonsk	adj,noun
makedonskhed	noun
makker	noun
makkerskab	noun
makrel	noun
makrokosmos	noun
makron	noun
makronæringsstof	noun
makroskopisk	adj
makrotilstand	noun
maksime	noun
maksimum	noun
malagassisk	name
malajisk	adj,name
malaria	noun
malawi	name
malawier	noun
malawisk	adj
malaysia	name
malaysier	noun
malaysisk	adj
malaysiskhed	noun
maldiver	noun
maldivisk	adj
male	verb
malene	name
maleol	noun
maler	noun
malerbutik	noun
malerbøtte	noun
malerforretning	noun
maleri	noun
malerisk	adj,adv
malertape	noun
mali	name
malier	noun
maling	noun
malisk	adj
malke	verb
malkepige	noun
malle	noun
mallemuk	noun
malm	noun
malmø	name
malou	name
malstrøm	noun
malta	name
malte	name
malteser	noun
maltesisk	adj,noun
malthe	name
maltraktere	verb
maltraktering	noun
malware	noun
mammut	noun
man	pron
mand	noun
mandag	noun
mandarin	noun
manddom	noun
manddrab	noun
mandebod	noun
mandebøde	noun
mandefald	noun
mandeforsker	noun
mandeforskning	noun
mandehad	noun
mandel	noun
mandelgave	noun
mandelolie	noun
mandeltræ	noun
mandeluder	noun
mandemåned	noun
mandetime	noun
mandfolk	noun
mandig	adj
mandkøn	noun
mandlig	adj
mandola	noun
mandschauvinisme	noun
mandschauvinist	noun
mandschauvinistisk	adj
mandsdomineret	adj
mandshøj	adj
mandshøjde	noun
mandskab	noun
mandslem	noun
mandsling	noun
mandsstor	adj
mane	verb
manga	noun
mangan	noun
mangel	noun
mangen	adj
mangetydig	adj
mangetydighed	noun
mangfoldig	adj
mangfoldiggøre	verb
mangfoldiggørelse	noun
mangfoldighed	noun
mangle	verb
mangrove	noun
mani	noun
manifest	noun
manifestere	verb
maniodepressiv	adj
manipulere	verb
manisk	adj
manke	noun
manko	noun
mannagryn	noun
mannequin	noun
mantra	noun
manual	noun
manuskript	noun
manøvredygtig	adj
maoist	noun
maori	noun
mappe	noun
maraca	noun
maraton	noun
marc	name
march	intj,noun
marchere	verb
marcipan	noun
marcus	name
marcussen	name
mare	noun
maren	name
mareridt	noun
mareridtsagtig	adj
margarine	noun
marginalisere	verb
marginalisering	noun
margit	name
margot	name
margrete	name
margrethe	name
maria	name
mariane	name
marianne	name
marie	name
mariehøne	noun
marin	adj
marina	name,noun
marine	noun
marineblå	adj
marinere	verb
marinus	name
marion	name
maritim	adj
marius	name
mark	name,noun
markant	adj,adv
markbrug	noun
marked	noun
markedsandel	noun
markedsføre	verb
markedsføring	noun
markedsplads	noun
markere	verb
markis	noun
markise	noun
markus	name
markør	noun
marlene	name
marmelade	noun
marmor	noun
marmorkage	noun
marokkaner	noun
marokkansk	adj
marokkanskhed	noun
marokko	name
mars	name
marsala	noun
marsbo	noun
marshalløerne	name
marsk	noun
marskal	noun
marsvin	noun
martha	name
martin	name
martine	name
martinsen	name
marts	noun
martyr	noun
martyrdom	noun
martyrdød	noun
marv	noun
marxisme	noun
marxistisk	adj
mary	name
maryland	name
mas	noun
mase	verb
maskaron	noun
maske	noun
maskere	verb
maskine	noun
maskinel	adj
maskineri	noun
maskingevær	noun
maskiningeniør	noun
maskinlæsbar	adj
maskinoversættelse	noun
maskulin	adj
maskulinitet	noun
masochist	noun
massachusetts	name
massage	noun
massakre	noun
massakrere	verb
masse	noun
massebevarelse	noun
massefylde	noun
massegrav	noun
massekoncentration	noun
massemidtpunkt	noun
massere	verb
massevis	adv
masseødelæggelsesvåben	noun
massør	noun
massøse	noun
mast	noun
mastodont	noun
mastodontisk	adj
masturbation	noun
masur	noun
masurtræ	noun
mat	adj
matador	name,noun
matematik	noun
matematiker	noun
matematisere	verb
matematisk	adj
materiale	noun
materialekonstant	noun
materialisme	noun
materiel	adj,noun
mathias	name
mathiasen	name
mathies	name
mathiesen	name
mathilde	name
matilde	name
matriark	noun
matriarkat	noun
matrikel	noun
matrix	noun
matrone	noun
matros	noun
matthias	name
matthæus	name
mauretanien	name
mauretanier	noun
mave	noun,verb
maveforgiftning	noun
mavekatar	noun
mavesaft	noun
mavesår	noun
max	name
maxsø	name
maya	name
maybrit	name
maybritt	name
mayonnaise	noun
med	prep
medalje	noun
medaljon	noun
medarbejder	noun
medborger	noun
medborgerhus	noun
medborgerskab	noun
medbringe	verb
meddele	verb
meddelelse	noun
meddeler	noun
medejer	noun
medejerskab	noun
medfølelse	noun
medføre	verb
medgang	noun
medgift	noun
medgive	verb
medgå	verb
medgørlig	adj
medgørlighed	noun
mediation	noun
mediator	noun
medicin	noun
medicinere	verb
medie	noun
mediere	verb
meditation	noun
meditere	verb
medium	adj,noun
medlem	noun
medlemskab	noun
medlemskort	noun
medley	noun
medlidende	adj
medlidenhed	noun
medlidenhedsdrab	noun
medlyd	noun
medmenneske	noun
medmindre	conj
medpassager	noun
medregne	verb
medsammensvoren	adj,noun
medstuderende	noun
medtage	verb
medtrafikant	noun
medvind	noun
medvirke	verb
medvirken	noun
medynk	noun
medynkvækkende	adj
megafon	noun
megalomani	noun
megawatt	noun
megen	adj
meget	adv
meglegård	name
meitnerium	noun
mejer	noun
mejeri	noun
mejse	noun
mejsel	noun
mekaniker	noun
mekka	noun
mel	noun
melanie	name
melankoli	noun
melasse	noun
melatonin	noun
melde	verb
meldepligt	noun
meldesystem	noun
melding	noun
meldug	noun
mele	verb
melet	adj
melis	noun
melissa	name
mellem	prep
mellembølge	noun
mellemistid	noun
mellemkrigstid	noun
mellemkød	noun
mellemlang	adj
mellemmand	noun
mellemnavn	noun
mellemniveau	noun
mellemrum	noun
mellemstand	noun
mellemstation	noun
mellemting	noun
mellemøsten	name
mellemøstlig	adj
melodi	noun
melodigrandprix	noun
melodisk	adj
melodiøs	adj
melon	noun
membran	noun
meme	noun
memorere	verb
men	conj,noun
menage	noun
mendelevium	noun
mene	verb
mened	noun
menig	adj
menighed	noun
mening	noun
meningsfuld	adj
meningsfuldhed	noun
meningsfylde	noun
meningsfyldt	adj
meningsløs	adj
meningsløshed	noun
meningsmåling	noun
meningstilkendegivelse	noun
menneske	noun
menneskebestand	noun
menneskeføde	noun
menneskehandel	noun
menneskehed	noun
menneskelig	adj
menneskeliggøre	verb
menneskeliggørelse	noun
menneskelighed	noun
menneskemad	noun
menneskerettighed	noun
menneskesmugling	noun
menneskesyn	noun
mens	conj
menstruation	noun
mental	adj
mentor	noun
menu	noun
mere	adj,adv
merete	name
mergel	noun
meritokrati	noun
merkur	name
mesanmast	noun
messe	noun,verb
messehagel	noun
messing	noun
mest	adj,adv
mester	noun
mesterlig	adj
mesterskab	noun
mesterværk	noun
mestre	verb
meta	name
metabolisme	noun
metadækning	noun
metafor	noun
metaforisk	adj
metafysisk	adj
metal	noun
metallisk	adj
metallurg	noun
metallurgi	noun
metallurgisk	adj
metamorfose	noun
metatese	noun
meteor	noun
meteorit	noun
meteorolog	noun
meteorologi	noun
meteorologisk	adj
meteorregn	noun
meteorsværm	noun
meter	noun
metervis	adv
metha	name
methansyre	noun
metier	noun
metode	noun
metodik	noun
metodisk	adj
metonym	noun
metonymi	noun
metonymisk	adj
metrisk	adj
metronom	noun
metropol	noun
metropolit	noun
mette	name
mexicaner	noun
mexicansk	adj
mexicanskhed	noun
mexico	name
meyer	name
mf	noun
mfm	symbol
mgp	name
mia	name
micelle	noun
michael	name
michala	name
michella	name
michelle	name
michigan	name
middag	noun
middagsbord	noun
middel	adj,noun
middelalder	noun
middelalderlig	adj
middelalderlitteratur	noun
middelhav	noun
middelhavet	name
middelhøjtysk	adj,noun
middelklasse	noun
middelmådig	adj
middelmådighed	noun
middelnedertysk	adj,name
middelstand	noun
middelværdi	noun
mide	noun
midgård	name
midgårdsormen	name
midlertidig	adj,adv
midlertidighed	noun
midnat	noun
midsommer	noun
midsommernat	noun
midt	adv
midtbanespiller	noun
midtlivskrise	noun
midtnormal	noun
midtpunkt	noun
midvinter	noun
mie	name
mig	pron
migration	noun
migræne	noun
mikael	name
mike	name
mikkel	name
mikkelsen	name
miklagård	name
mikrobølge	noun
mikrobølgeovn	noun
mikroelektronik	noun
mikrofinans	noun
mikrofinansiering	noun
mikrofon	noun
mikrokosmos	noun
mikrolån	noun
mikrometer	noun
mikronæringsstof	noun
mikrosekund	noun
mikroskop	noun
mikroskopisk	adj
mikrotilstand	noun
mil	noun
milano	name
mild	adj
mildhed	noun
mildne	verb
mile	noun
militarisere	verb
militarist	noun
militær	adj,noun
militærlejr	noun
militærnægter	noun
miljø	noun
miljøkatastrofe	noun
miljømæssig	adj
miljøtrussel	noun
miljøvenlig	adj
milkshake	noun
mille	name
millennium	noun
miller	name
milliard	noun
milliardær	noun
milliliter	noun
millimeter	noun
million	noun,num
millionbøf	noun
millionvis	adv
millionær	noun
millisekund	noun
milt	noun
min	adj,noun,pron
minde	noun,verb
mindes	verb
mindeværdig	adj
mindretalsregering	noun
mindreværd	noun
mindreværdsfølelse	noun
mindreværdskompleks	noun
mindreårig	adj
mindske	verb
mindst	adv
mindsteløn	noun
mine	noun
minedrift	noun
mineral	noun
mineralisere	verb
mineralisering	noun
mineralog	noun
mineralogi	noun
mineralsalt	noun
mineralsk	adj
mineralvand	noun
mineskakt	noun
minimum	noun
minimælk	noun
minister	noun
ministerråd	noun
mink	noun
minkfarm	noun
minna	name
minnesota	name
minsandten	adv
mintgrøn	adj
minut	noun
minutiøs	adj
mirakel	noun
mirakelmiddel	noun
mirakuløs	adj
miriam	name
mirjam	name
mis	noun
misantropi	noun
misbillige	verb
misbilligelse	noun
misbrug	noun
misbruge	verb
misdannelse	noun
miserabel	adj
misere	noun
misfarvning	noun
misfornøjet	adj
misforstå	verb
misforståelse	noun
misfoster	noun
misgerning	noun
mishandle	verb
mishandler	noun
mishandling	noun
miskende	verb
miskund	noun
miskunde	verb
miskundelig	adj
miskundhed	noun
mislydende	noun
mislykkes	verb
mislykket	adj
mismodig	adj
misogyn	adj
misopfattelse	noun
misrøgt	noun
misrøgte	verb
misse	verb
missil	noun
missionær	noun
mississippi	name
missouri	name
mistanke	noun
miste	verb
mistelten	noun
mistillid	noun
mistolke	verb
mistrives	verb
mistro	noun,verb
mistroisk	adj
mistroiskhed	noun
mistrøstig	adj
mistrøstighed	noun
mistænke	verb
mistænkelig	adj
mistænkeliggøre	verb
mistænkeliggørelse	noun
mistænksom	adj
mistænksomhed	noun
misunde	verb
misundelig	adj
misundelse	noun
misvisende	adj
mitokondrie	noun
mjav	intj
mjød	noun
mjølner	name
mobbe	verb
mobber	noun
mobil	adj,noun
mobilisering	noun
mobilitet	noun
mobiltelefon	noun
mobning	noun
moccafarvet	adj
mod	noun,prep
modalverbum	noun
modbydelig	adj,adv
mode	noun
modehus	noun
moden	adj
modenhed	noun
moder	noun
moderat	adj
moderere	verb
moderkage	noun
moderkerne	noun
moderlig	adj
moderlighed	noun
modermærke	noun
moderne	adj
modernisere	verb
modernisering	noun
moderselskab	noun
moderskab	noun
modersmål	noun
modersmålstalende	noun
modgang	noun
modgå	verb
modificere	verb
modig	adj
modist	noun
modløs	adj
modløshed	noun
modsat	adj,adv
modsige	verb
modsigelse	noun
modspiller	noun
modstand	noun
modstander	noun
modstandsdygtig	adj
modstrid	noun
modstridende	adj
modstå	verb
modtage	verb
modtagelig	adj
modtager	noun
modulation	noun
modulere	verb
modvilje	noun
modvillig	adj
modvind	noun
mogens	name
mogensen	name
mogul	noun
mojn	intj
mol	noun
molaritet	noun
moldova	name
moldover	noun
moldovisk	adj
moldoviskhed	noun
mole	noun
molekyle	noun
molestere	verb
mollusk	noun
molybdæn	noun
molær	noun
momentan	adj
momentant	adv
moms	noun
mon	adv
mona	name
monaco	name
monark	noun
monarki	noun
monarkisk	adj
monarkisme	noun
monarkist	noun
monarkistisk	adj
mondæn	adj
monegasker	noun
monetær	adj
mongol	noun
mongoliet	name
mongolsk	adj,noun
mongolskhed	noun
monica	name
monika	name
monkeyclass	noun
monoftong	noun
monogam	adj
monokrom	adj
monokromatisk	adj
monokultur	noun
monolit	noun
monolog	noun
monopol	noun
monoteisme	noun
monoteist	noun
monoteistisk	adj
monoton	adj
monoumættet	adj
monsterpik	noun
monsun	noun
monsunregn	noun
montage	noun
montana	name
montenegriner	noun
montenegrinsk	adj
montenegro	name
montere	verb
montør	noun
monument	noun
monumental	adj
moppedreng	noun
mor	noun
moral	noun
moralsk	adj
moratorium	noun
morbid	adj
morbiditet	noun
morbror	noun
morbærtræ	noun
mord	noun
morder	noun
morderisk	adj
mordlysten	adj
more	verb
morfar	noun
morfem	noun
morfeus	name
morfin	noun
morfofonologi	noun
morfofonologisk	adj
morfologi	noun
morgen	noun
morgenfrisk	adj
morgenfrue	noun
morgengave	noun
morgengry	noun
morgenmad	noun
morgenmand	noun
morgenmenneske	noun
morgenstivert	noun
morgenstjerne	noun
morian	noun
mormon	noun
mormor	noun
moro	noun
morskab	noun
morsom	adj
morsomhed	noun
mortalitetsrate	noun
morten	name
mortensen	name
moræne	noun
mos	noun
mosaik	noun
mosaisk	adj
moscovium	noun
mosdyr	noun
mose	noun,verb
mosehornugle	noun
moses	name
moske	noun
moskva	name
moster	noun
mosøen	name
motet	noun
motherboard	noun
motion	noun
motiv	noun
motivation	noun
motivere	verb
motiveret	adj
motivering	noun
motor	noun
motorcykel	noun
motorcyklist	noun
motorisk	adj
motorkøretøj	noun
motorsav	noun
motorvej	noun
motto	noun
mountainbike	noun
mourits	name
mozambique	name
mrk	noun
mudder	noun
muddergrøft	noun
mudderklire	noun
mudre	verb
muezzin	noun
muffe	noun
muffin	noun
mufti	noun
mug	noun
muggen	adj
muh	intj
muhamed	name
mujahedin	noun
mukke	verb
mulat	noun
muld	noun
muldvarp	noun
muldyr	noun
mule	noun,verb
mulig	adj
muliggøre	verb
mulighed	noun
muligt	adv
muligvis	adv
mullah	noun
multebær	noun
multimeter	noun
multiplicere	verb
multiplikation	noun
multiplum	noun
mumie	noun
mumificere	verb
mumificering	noun
mumle	verb
mums	intj
mund	noun
mundaflæse	verb
mundaflæsning	noun
munde	verb
mundharmonika	noun
mundharpe	noun
mundheld	noun
mundhugges	verb
mundhule	noun
mundhygiejne	noun
mundlort	noun
mundret	adj
mundsex	noun
mundtlig	adj
munk	noun
munter	adj
munterhed	noun
mur	noun
mure	verb
murer	noun
murmeldyr	noun
murre	verb
mursejler	noun
mursten	noun
mus	noun
musebestand	noun
museum	noun
musical	noun
musik	noun
musikalsk	adj
musikartikel	noun
musiker	noun
musikfolk	noun
musikgenre	noun
musikgruppe	noun
musikinstrument	noun
musikkonservatorium	noun
musikproducer	noun
musikpædagog	noun
musikpædagogik	noun
musikvideo	noun
musikvideoinstruktør	noun
muskat	noun
muskel	noun
muskelbundt	noun
muskelmand	noun
musket	noun
musketer	noun
muskulær	adj
muskuløs	adj
muslim	noun
muslimsk	adj
musling	noun
musvit	noun
musvåge	noun
mut	adj
mutagen	noun
mutant	noun
mutter	noun
mvh	phrase
my	noun
myg	adj,noun
myggenæs	name
mykines	name
mykolog	noun
mynde	noun
myndig	adj
myndighed	noun
myndighedsrepræsentant	noun
mynte	noun
myr	noun
myrde	verb
myrderi	noun
myre	noun
myrebo	noun
myreflittig	adj
myreløve	noun
myresluger	noun
myresyre	noun
myriade	noun
myroblyt	noun
mysli	noun
mysterium	noun
mysticisme	noun
mystificere	verb
mystik	noun
mystiker	noun
mystisk	adj
mytisk	adj
mytologisk	adj
mytteri	noun
måbe	verb
måde	noun
mådehold	noun
måge	noun
mågeflok	noun
mågeskrig	noun
mågeunge	noun
mål	noun
målbar	adj
målbarhed	noun
måle	verb
målebånd	noun
målebæger	noun
måleenhed	noun
måler	noun
målestok	noun
målestoksforhold	noun
måleusikkerhed	noun
målgruppe	noun
måling	noun
mållinje	noun
målløs	adj
målmand	noun
målrettet	adj
målsprog	noun
måltid	noun
målvogter	noun
måne	noun
måned	noun
månedlang	adj
månedlig	adj
månedsvis	adv
månefase	noun
måneformørkelse	noun
månen	name
måneskin	noun
mår	noun
mårhund	noun
måske	adv
måtte	noun,verb
mæander	noun
mæcen	noun
mægler	noun
mægtig	adj,adv
mæh	intj
mæle	noun,verb
mælk	noun
mælkebøtte	noun
mælkechokolade	noun
mælkemand	noun
mælkesukker	noun
mælkevej	noun
mælkevejen	name
mængde	noun
mængdedifferens	noun
mængdelære	noun
mængderabat	noun
mængdetal	noun
mær	noun
mærkbar	adj
mærke	noun,verb
mærkedag	noun
mærkelig	adj,adv
mærkesag	noun
mærkværdig	adj,adv
mæslingeepidemi	noun
mæslinger	noun
mæt	adj
mø	noun
møbel	noun
mødding	noun
møde	noun,verb
møderum	noun
mødes	verb
mødom	noun
møg	noun
møgforkælet	adj
møgforkølet	adj
møglækker	adj
møgunge	noun
møl	noun
mølkugle	noun
mølle	noun
mølleejer	noun
møllehus	noun
møller	name,noun
møllesten	noun
mølædt	adj
møn	noun
mønster	noun
mønsterbryder	noun
mønstre	verb
mønstret	adj
mønt	noun
møntvaskeri	noun
mør	adj
mørbrad	noun
mørdej	noun
mørhed	noun
mørk	adj
mørke	noun
mørkeblond	adj
mørkeblå	adj
mørkebrun	adj
mørkegrøn	adj
mørkekammer	noun
mørkeræd	adj
mørkerød	adj
mørketal	noun
mørkhudet	adj
mørkhåret	adj
mørkne	verb
mørkning	noun
mørne	verb
møtrik	noun
møve	verb
n-kant	noun
nabo	noun
nabohus	noun
nabolag	noun
naboskab	noun
nadia	name
nadja	name
nadver	noun
nag	noun
nagle	noun,verb
naia	name
nairobi	name
naiv	adj
naja	name
nakke	noun
namibia	name
namibier	noun
namibisk	adj
nana	name
nanna	name
nanny	name
nanobot	noun
nanometer	noun
nanorobot	noun
nanosekund	noun
nansen	name
napoleonshat	noun
napoli	name
nappe	verb
nar	noun
narcis	noun
narhval	noun
narko	noun
narkolepsi	noun
narkoman	noun
narkomani	noun
narkose	noun
narkotikum	noun
narkotisk	adj
narre	verb
nat	noun
natalie	name
natarbejde	noun
natascha	name
natasha	name
natasja	name
natbord	noun
natcreme	noun
natdragt	noun
nathalie	name
nathanielsen	name
natherberg	noun
nathue	noun
nathyacint	noun
nation	noun
national	adj
nationaldag	noun
nationalisme	noun
nationalist	noun
nationalitet	noun
nationalsang	noun
nationalsocialisme	noun
natkjole	noun
natklub	noun
natlig	adj
natmad	noun
natportier	noun
natpotte	noun
natravn	noun
natrium	noun
natriumbenzoat	noun
natriumchlorid	noun
natriumcitrat	noun
natriumcyklamat	noun
natron	noun
natskjorte	noun
natsommerfugl	noun
natsort	adj
natsværmer	noun
nattefrost	noun
nattehimmel	noun
nattemperatur	noun
nattemørke	noun
natteravn	noun
nattergal	noun
nattesyn	noun
nattetid	noun
nattevagt	noun
nattevægter	noun
nattog	noun
nattøj	noun
natugle	noun
natur	noun
naturhistoriker	noun
naturhistorisk	adj
naturkatastrofe	noun
naturlig	adj
naturligvis	adv
naturstridig	adj
naturvidenskab	noun
naturvidenskabsmand	noun
natviol	noun
nauruer	noun
nautisk	adj
nav	noun
naver	noun
naverbor	noun
navigere	verb
navle	noun
navlestreng	noun
navn	noun
navnebroder	noun
navnebror	noun
navnedag	noun
navneform	noun
navnefælle	noun
navnemåde	noun
navneord	noun
navnlig	adv
naya	name
nazisme	noun
neandertaler	noun
neandertalmenneske	noun
nebraska	name
ned	adv
nedad	adv
nedbryde	verb
nedbrydelse	noun
nedbør	noun
nede	adv
nedefra	adv
neden	adv
nedenfor	adv,prep
nedenfra	adv
nedenunder	adv,prep
nederdel	noun
nederdrægtig	adj
nederdrægtighed	noun
nederlag	noun
nederlandene	name
nederlandsk	adj,noun
nederlænder	noun
nederst	adj
nedertysk	adj,name
nedfald	noun
nedfalden	adj
nedfaldende	adj
nedfaldsskakt	noun
nedgang	noun
nedgangstid	noun
nedgøre	verb
nedlade	verb
nedladende	adj
nedladenhed	noun
nedover	adv
nedprioritere	verb
nedre	adj
nedrig	adj
nedringet	adj
nedruste	verb
nedrustning	noun
nedrustningsaftale	noun
nedrustningsforhandling	noun
nedrustningskonference	noun
nedstamme	verb
nedstirre	verb
nedsættende	adj
nedtage	verb
nedtrykt	adj
nedtrykthed	noun
nedværdige	verb
nedværdigelse	noun
nedværdigende	adj
neg	noun
negativ	adj,noun
negativitet	noun
negativt	adv
neger	noun
negl	noun
negligere	verb
negligering	noun
nej	intj,noun
neje	verb
nekrofili	noun
nekrose	noun
nektar	noun
nektarin	noun
nellike	noun
nelly	name
nelsson	name
nem	adj
nemesis	name
nemhed	noun
nemlig	adv
nenetskij	name
neodym	noun
neofyt	noun
neon	noun
neonazisme	noun
neovagina	noun
nepal	name
nepaleser	noun
nepalesisk	adj
nepalesiskhed	noun
neptun	name
neptunium	noun
nervecelle	noun
nervekrig	noun
nervesystem	noun
nervøs	adj
nervøsitet	noun
net	adj,noun
netbutik	noun
nethandel	noun
netop	adv
nettovægt	noun
neurologi	noun
neuron	noun
neurose	noun
neurotiker	noun
neurotisk	adj
neurovidenskab	noun
neutral	adj
neutralisering	noun
neutralitet	noun
neutron	noun
neutrum	noun
nevada	name
nevø	noun
newtonsk	adj
newzealandsk	adj
newzealænder	noun
nexøbo	noun
ngn	pron
ngo	noun
ngt	pron
ni	num
nicaragua	name
nicaraguaner	noun
nicaraguansk	adj
nichlas	name
nick	name
nicki	name
nicklas	name
nicolai	name
nicolaj	name
nicole	name
nicoline	name
nidding	noun
niddingsdåd	noun
nidkær	adj
nidstirre	verb
nidvise	noun
niece	noun
niels	name
nielsen	name
nielsine	name
niende	num
nier	noun
nigeria	name
nigerianer	noun
nigeriansk	adj
nihilisme	noun
nihonium	noun
nikke	verb
nikkel	noun
niklas	name
nikolai	name
nikolaj	name
nikoline	name
nikotin	noun
niks	intj,pron
nilas	name
nilen	name
nilgås	noun
niling	noun
nils	name
nina	name
ninja	noun
ninna	name
niob	noun
niobium	noun
niogfirs	num
niogfyrre	num
nioghalvfems	num
nioghalvfjerds	num
nioghalvfjerdsfjorden	name
nioghalvtreds	num
niogtredive	num
niogtredve	num
niogtres	noun,num
niogtyve	num
nippel	noun
nis	name
nisproget	adj
nisse	name,noun
nissehue	noun
nissen	name
niti	num
nitrat	noun
nitrogen	noun
nitrogenfikserende	adj
nitrogenfiksering	noun
nitte	noun,verb
nitten	num
niveau	noun
niveaufri	adj
nix	intj
njord	name
noah	name
nobel	adj
nobelium	noun
nobilitet	noun
node	noun
nodeskrift	noun
nogen	pron
nogenlunde	adj,adv
nogensinde	adv
noget	adv
nok	adv,det,noun
nomade	noun
nomadisk	adj
nomenklatur	noun
nominal	adj,noun
nominalisering	noun
nomination	noun
nominativ	noun
nominere	verb
nonbinær	adj
nonchalant	adj,adv
nonne	noun
nonord	noun
nonsens	noun
nor	noun
nora	name
nord	adv,noun
nordafrikansk	adj
nordamerika	name
nordbo	noun
nordboer	noun
norden	name,noun
nordentoft	name
nordirer	noun
nordirland	name
nordirsk	adj
nordisk	adj
nordjyde	noun
nordjylland	name
nordjysk	adj,noun
nordkorea	name
nordkyst	noun
nordlig	adj
nordmakedonien	name
nordmand	noun
nordre	adj
nordslesvig	name
nordvest	adv,noun
nordøst	adv,noun
norge	name
norm	noun
normal	adj,adv,noun
normalfordeling	noun
normativ	adj
normativisere	verb
normativisering	noun
norrøn	adj
norrønt	noun
norsk	adj,noun
norskhed	noun
nosse	verb
nostalgi	noun
nostalgiker	noun
nostalgisk	adj
not	noun
note	noun,verb
notere	verb
notering	noun
notesbog	noun
notits	noun
notorisk	adj
nougat	noun
novelle	noun
november	noun
nu	adv,conj,noun
nuance	noun
nudansk	adj
nudel	noun
nudisme	noun
nudist	noun
nudistlejr	noun
nukleinsyre	noun
nukleon	noun
nukleontal	noun
nul	noun,num,pron
nulelement	noun
nulenergihus	noun
nulevende	adj
nulmatrix	noun
nulpunkt	noun
nulrum	noun
nulsumsspil	noun
nultolerance	noun
numerale	noun
numerisk	adj
numerolog	noun
numerologi	noun
numismatiker	noun
nummer	noun
nummerere	verb
nummerplade	noun
numse	noun
nunatak	noun
nutella	noun
nutid	noun
nutids-r	noun
nutria	noun
nuttet	adj
nuuk	name
nuværende	adj
ny	adj,noun
nybegynder	noun
nybygget	adj
nydansk	adj,name
nydansker	noun
nyde	verb
nydelig	adj,adv
nydelse	noun
nyfigen	adj
nyfigenhed	noun
nyfødt	adj
nygaard	name
nygård	name
nyhed	noun
nyhøjtysk	adj,name
nykneppet	adj
nylig	adj,adv
nymfe	noun
nymodens	adj
nynazisme	noun
nynedertysk	adj,name
nynne	verb
nynorsk	noun
nyre	noun
nyresten	noun
nys	adv,noun
nyse	verb
nysgerrig	adj
nysgerrighed	noun
nysølv	noun
nytte	noun,verb
nytteløs	adj
nyttevirkning	noun
nyttig	adj
nyttiggøre	verb
nyttiggørelse	noun
nytår	noun
nytårsaften	noun
nytårsdag	noun
nytårsforsæt	noun
nytænke	verb
nyuddannet	adj
nå	intj,verb
nåde	noun
nådesløs	adj
nådig	adj
nål	noun
nåletræ	noun
nåleøje	noun
når	conj
næ	noun
næb	noun
næbdyr	noun
nægte	verb
nægtelse	noun
nægter	noun
nælde	noun
nældetræ	noun
nænne	verb
nænsom	adj
nænsomhed	noun
næppe	adv
nær	adj,adv,prep
nærbutik	noun
nærdemokrati	noun
nærdødsoplevelse	noun
nære	verb
nærhed	noun
nærig	adj
nærighed	noun
næring	noun
næringsstof	noun
nærkontakt	noun
nærlæse	verb
nærme	verb
nærsynet	adj
nærsynethed	noun
nærvær	noun
nærværelse	noun
nærværende	adj
næs	noun
næse	noun
næsebor	noun
næsegrus	adj,adv
næsehorn	noun
næseløs	adj
næste	adj,noun,verb
næstefter	adv
næstekærlighed	noun
næsten	adv
næstfølgende	adj
næstmest	adj,adv
næsvis	adj
næve	noun
nævekamp	noun
nævenyttig	adj
nævn	noun
nævne	verb
nævnefald	noun
nævner	noun
nævneværdig	adj
nævning	noun
nød	noun
nøddeskal	noun
nøde	verb
nødhjælp	noun
nødig	adv
nødsage	verb
nødsfald	noun
nødsituation	noun
nødstilfælde	noun
nødt	adj
nødtørftig	adj
nødudgang	noun
nødvendig	adj
nødvendiggøre	verb
nødvendighed	noun
nødvendigvis	adv
nøgen	adj
nøgenbillede	noun
nøgenhed	noun
nøgle	noun
nøgleben	noun
nøglekort	noun
nøgleord	noun
nøgleroman	noun
nøgtern	adj
nøjagtig	adj,adv
nøjagtighed	noun
nøjes	adj,verb
nøjsom	adj
nøjsomhed	noun
nøkke	noun
nøle	verb
nørd	noun
nørdet	adj
nørgaard	name
nørrebro	name
nørrejyde	noun
nørrejysk	adj
nøst	noun
o	particle
oase	noun
obadias	name
obducere	verb
obduktion	noun
oberst	noun
objektgøre	verb
objektgørelse	noun
objektiv	adj,noun
objektivitet	noun
objektsprædikat	noun
oblat	noun
obligat	adj
obligatorisk	adj
oblik	adj
oboist	noun
obs	adj,name,verb
observation	noun
observator	noun
observatorium	noun
observatør	noun
observerbar	adj
observere	verb
obsidian	noun
obskur	adj
obskøn	adj
obsternasig	adj
obstetrik	noun
ocean	noun
oceanien	name
oceanisk	adj
oceanolog	noun
od	noun
oda	name
odde	noun
ode	noun
oden	name
odense	name
odenseaner	noun
odin	name
odontofobi	noun
ods	name
odysseus	name
odør	noun
offensiv	adj
offentlig	adj
offentliggøre	verb
offentliggørelse	noun
offentlighed	noun
offentligt	adv
offer	noun
offergøre	verb
offergørelse	noun
offerrolle	noun
offervillig	adj
officiel	adj
ofre	verb
ofte	adv
og	conj,particle
oganesson	noun
også	adv
ohio	name
ohøj	intj
okeanos	name
okkupant	noun
oklahoma	name
okse	noun
oksekød	noun
oksesteg	noun
oktaeder	noun
oktav	noun
oktober	noun
oktobernat	noun
ol	noun
olaf	name
olaj	name
olav	name
old	noun
oldarabisk	adj
olddansk	adj,noun
oldefar	noun
oldemor	noun
olden	noun
oldenborre	noun
oldengelsk	adj,noun
oldfransk	adj
oldgræsk	adj,noun
oldhøjtysk	adj,name
olding	noun
oldnedertysk	adj,name
oldnordisk	adj,noun
oldpolsk	adj
oldportugisisk	adj
oldspansk	adj
oldtid	noun
oldtidskundskab	noun
ole	name
olesen	name
olfert	noun
olga	name
olie	noun
olieledning	noun
oliemølle	noun
olieraffinaderi	noun
oliesand	noun
oliesheik	noun
oligark	noun
oligarki	noun
oligarkisk	adj
oline	name
oliven	noun
olivengren	noun
olivenolie	noun
oliventræ	noun
oliver	name
olivia	name
olm	adj
olsen	name
oluf	name
olympen	name
olympiade	noun
olympisk	adj
om	adv,conj,prep
oman	name
omaner	noun
omansk	adj
ombestemme	verb
ombud	noun
ombudsmand	noun
ombygge	verb
ombygning	noun
omdiskuteret	adj
omdrejningslegeme	noun
omdrejningstæller	noun
omdømme	noun
omegn	noun
omelet	noun
omend	conj
omfang	noun
omfartsvej	noun
omfatte	verb
omfattende	adj
omfavne	verb
omfavnelse	noun
omfordele	verb
omfordeling	noun
omfortolke	verb
omgang	noun
omgive	verb
omgivelse	noun
omgå	verb
omgående	adj,adv
omgås	verb
omgængelig	adj
omgøre	verb
omhandle	verb
omhu	noun
omhyggelig	adj
omhyggelighed	noun
omklædningsrum	noun
omkomme	verb
omkostning	noun
omkranse	verb
omkring	adv,intj,prep
omkringliggende	adj
omløbsretning	noun
omme	adv
omnipotent	adj
omniseksualitet	noun
omnivor	adj,noun
område	noun
omskabe	verb
omskiftelig	adj
omskiftelighed	noun
omskrive	verb
omskære	verb
omskærelse	noun
omskæring	noun
omslutte	verb
omsonst	adj,adv
omsorg	noun
omsorgsfuld	adj
omsorgsfuldhed	noun
omstridt	adj
omstændelig	adj
omstændelighed	noun
omstændighed	noun
omstøde	verb
omsyn	noun
omtale	noun,verb
omtanke	noun
omtvistelig	adj
omvej	noun
omvende	verb
omvendt	adj,adv
onanere	verb
onani	noun
ond	adj
onde	noun
ondsindet	adj
ondskab	noun
ondskabsfuld	adj
ondskabsfuldhed	noun
onkel	noun
onlinebutik	noun
onomatopoietisk	adj
onsdag	noun
ontologi	noun
ontologisk	adj
op	adv
opbygge	verb
opbygning	noun
opdage	verb
opdagelse	noun
opdatere	verb
opdigte	verb
opdigtet	adj
opdrage	verb
opdragelse	noun
opdrift	noun
opdukke	verb
opdyrke	verb
operahus	noun
operand	noun
operation	noun
operere	verb
opfarende	adj
opfatte	verb
opfattelse	noun
opfinde	verb
opfindelse	noun
opfinder	noun
opfindsom	adj
opfindsomhed	noun
opfordre	verb
opfordring	noun
opfostre	verb
opfylde	verb
opføre	verb
opførsel	noun
opgang	noun
opgave	noun
opgive	verb
opgivelse	noun
opgivende	adj
opgøre	verb
ophavsmand	noun
ophede	verb
ophidse	verb
ophjælpe	verb
ophobe	verb
opholdstilladelse	noun
ophæve	verb
ophøje	verb
ophør	noun
ophøre	verb
opiat	noun
opildne	verb
opinionsundersøgelse	noun
opium	noun
opiumsvalmue	noun
opkast	noun
opkastning	noun
opkøb	noun
opkøbe	verb
oplade	verb
opladelig	adj
oplader	noun
opladning	noun
oplag	noun
oplagt	adj
opleve	verb
oplevelse	noun
oplive	verb
oplyse	verb
oplysning	noun
oplyst	adj
opløse	verb
opløsning	noun
opmuntre	verb
opmuntring	noun
opmærkning	noun
opmærkningssprog	noun
opmærksom	adj
opmærksomhed	noun
opnå	verb
opnåelig	adj
oppe	verb
opportun	adj
opportunisme	noun
opportunist	noun
opportunistisk	adj
oppustet	adj
oppustethed	noun
opret	adj
opretholde	verb
oprette	verb
oprigtig	adj
oprigtighed	noun
oprinde	verb
oprindelig	adj
oprindelighed	noun
oprindelse	noun
oprivende	adj
opruste	verb
oprustning	noun
oprør	noun
oprøre	verb
oprører	noun
opsige	verb
opsigelse	noun
opsigt	noun
opsigtsvækkende	adj
opskrift	noun
opslag	noun
opslagsform	noun
opslagsord	noun
opslagstavle	noun
opslagsværk	noun
opsnappe	verb
opspore	verb
opsporing	noun
opstalde	verb
opstand	noun
opstandelse	noun
opstanden	adj
opstige	verb
opstigen	noun
opstillingsmøde	noun
opstå	verb
opståen	noun
opstød	noun
opsyn	noun
opsætsig	adj
opsætte	verb
optage	verb
optik	noun
optiker	noun
optimere	verb
optimering	noun
optimisme	noun
optimist	noun
optimistisk	adj
optisk	adj
optog	noun
optometrist	noun
optræde	verb
optræden	noun
optælle	verb
optøjer	noun
opvakt	adj
opvaskemaskine	noun
opvække	verb
opvækst	noun
oralsex	noun
orange	adj,noun
orangeskal	noun
orator	noun
oratoriker	noun
ord	noun
ordblind	adj
ordblindhed	noun
ordbog	noun
ordbogsagtig	adj
ordbogsarbejde	noun
ordbogsartikel	noun
ordbogsredaktør	noun
orden	noun
ordensduks	noun
ordenstal	noun
ordentlig	adj
ordfattig	adj
ordforråd	noun
ordfører	noun
ordførerskab	noun
ordholden	adj
ordholdenhed	noun
ordinaltal	noun
ordinatakse	noun
ordinere	verb
ordklasse	noun
ordkløver	noun
ordkløveri	noun
ordkløverisk	adj
ordknap	adj
ordliste	noun
ordløs	adj
ordløshed	noun
ordne	verb
ordonnans	noun
ordre	noun
ordret	adj
ordrig	adj
ordspil	noun
ordsprog	noun
ordsprogsagtig	adj
oregano	noun
oregon	name
organdonor	noun
organisation	noun
organisator	noun
organisere	verb
organisk	adj
organisme	noun
organist	noun
orgasme	noun
orgel	noun
orgie	noun
orientere	verb
orientering	noun
original	adj,noun
origo	noun
ork	noun
orkan	noun
orke	verb
orkester	noun
orkestergrav	noun
orla	name
orlog	noun
orlogsflag	noun
orlov	noun
orm	noun
ormeagtig	adj
ormegård	noun
orne	noun
ornitolog	noun
ornitologi	noun
ornitologisk	adj
ortodoks	adj
ortodoksi	noun
ortografi	noun
ortografisk	adj
ortonormal	adj
ortoreksi	noun
orwellsk	adj
os	noun,pron
oscar	name
osiris	name
oskar	name
oslo	name
osmium	noun
osmose	noun
osse	adv
ost	noun
ostekage	noun
osteløbe	noun
osvald	name
othellolagkage	noun
otolog	noun
ottawa	name
otte	num
ottekant	noun
otteling	noun
ottende	num
otteogfirs	num
otteogfyrre	num
otteoghalvfems	num
otteoghalvfjerds	num
otteoghalvtreds	num
otteogtredive	num
otteogtredve	num
otteogtres	num
otteogtyve	num
otter	noun
ottesproget	adj
otto	name
ottoman	noun
out	adj
outsourcing	noun
ouverture	noun
ouzo	noun
oval	adj,noun
ove	name
oven	adv,prep
ovenfor	adv,prep
ovenfra	adv
oveni	adv
ovenikøbet	adv
ovennævnt	adj
ovenover	adv,prep
ovenstående	adj
over	adv,noun,prep
overalt	adv
overambitiøs	adj
overarbejde	noun
overarm	noun
overbegreb	noun
overbelaste	verb
overbid	noun
overblik	noun
overbo	noun
overbringe	verb
overbygge	verb
overbygning	noun
overbærende	adj
overciviliseret	adj
overdrage	verb
overdragelse	noun
overdrive	verb
overdrivelse	noun
overdådig	adj
overdådighed	noun
overens	adv
overenskomst	noun
overensstemmelse	noun
overflade	noun
overfladisk	adj
overflod	noun
overflødig	adj
overflødiggøre	verb
overflødighed	noun
overfor	adv
overføre	verb
overført	adj
overgaard	name
overgang	noun
overgangsalder	noun
overgangsfase	noun
overgangsperiode	noun
overgivelse	noun
overgå	verb
overgøre	verb
overhale	verb
overherredømme	noun
overholde	verb
overhovedet	adv
overhus	noun
overhåndsknob	noun
overhængende	adj
overhøre	verb
overklasse	noun
overkomme	verb
overkommelig	adj
overkrop	noun
overlade	verb
overlagt	adj
overlegen	adj
overlegenhed	noun
overleve	verb
overlevelse	noun
overlevelsesmæssig	adj
overlevere	verb
overlæbe	noun
overlæge	noun
overmagt	noun
overmand	noun
overmenneskelig	adj
overmod	noun
overmoden	adj
overmodig	adj
overmorgen	noun
overmåde	adv
overmængde	noun
overmættet	adj
overnatte	verb
overnaturlig	adj
overordne	verb
overordnet	noun
overraske	verb
overraskelse	noun
overrislet	adj
oversave	adj
oversigt	noun
overskride	verb
overskridelse	noun
overskrævs	adv
overskud	noun
overskue	verb
overskuelig	adj
overskuelighed	noun
overskæg	noun
overspringshandling	noun
overstige	verb
overstå	verb
oversvømmelse	noun
oversygeplejerske	noun
oversætte	verb
oversættelse	noun
oversættelseslån	noun
oversættelsesteori	noun
oversætter	noun
overtag	noun
overtage	verb
overtagelse	noun
overtale	verb
overtid	noun
overtro	noun
overtroisk	adj
overtræde	verb
overtrædelse	noun
overtræffe	verb
overtøj	noun
overvarme	noun
overveje	verb
overvejelse	noun
overvejende	adv
overvinde	verb
overvindelig	adj
overvintre	verb
overvurdere	verb
overvurdering	noun
overvåge	verb
overvågningsliste	noun
overvægt	noun
overvægtig	adj
overvælde	verb
overvære	verb
overvættes	adj,adv
ovn	noun
ovnbagt	adj
ovnstege	verb
ovre	adv
oxalsyre	noun
oxidere	verb
oxonium	noun
oxygen	noun
ozelot	noun
ozon	noun
ozonlag	noun
pacificere	verb
pacificering	noun
pacifisme	noun
padde	noun
paddehat	noun
paddel	noun
pagaj	noun
pagat	noun
pagode	noun
pagt	noun
pak	noun
pakhus	noun
pakistan	name
pakistaner	noun
pakistansk	adj
pakke	noun,verb
palads	noun
palankin	noun
palatal	adj
palatallyd	noun
palaver	noun
palet	noun
paletkniv	noun
palimpsest	noun
palindrom	noun
palisade	noun
palladium	noun
pallas	name
palle	name
palme	noun
palmeolie	noun
palmesøndag	noun
palmetræ	noun
palæ	noun
palæontologi	noun
palæstina	name
palæstinenser	noun
palæstinensisk	adj
pan	name
panama	name
panamaner	noun
panamansk	adj
panamanskhed	noun
panda	noun
pande	noun
pandeisme	noun
pandekage	noun
pandekagehus	noun
pandelampe	noun
pandemi	noun
pandemisk	adj
pandora	name
panel	noun
panere	verb
panik	noun
panislamisme	noun
panseksualitet	noun
panser	noun
pant	noun
pantebrev	noun
panteisme	noun
pantelåner	noun
panter	noun
pantsætte	verb
pap	noun
papaja	noun
papegøje	noun
papegøjeplade	noun
papir	noun
papirarbejde	noun
papirbunke	noun
papirdynge	noun
papirfabrik	noun
papirfly	noun
papirklip	noun
papirklips	noun
papirløs	adj
papirmasse	noun
papirmølle	noun
papirværk	noun
papkasse	noun
paprika	noun
par	noun
parabol	noun
parabolantenne	noun
paradis	noun
paradisfugl	noun
paradisisk	adj
paradoks	noun
paragraf	noun
paraguay	name
paraguayaner	noun
paraguayansk	adj
parallel	adj,noun
parallelogram	noun
parallelt	adv
paralysere	verb
parameter	noun
parameterfremstilling	noun
paramilitær	adj
paranoia	noun
parantes	noun
paranød	noun
paraply	noun
parasit	noun
parasitær	adj
parat	adj
paratakse	noun
paratviden	noun
parcel	noun
parcelhus	noun
parentes	noun
parforhold	noun
parfume	noun
parfumere	verb
parfumeret	adj
paris	name
pariser	noun
pariserfransk	name
pariserrøv	noun
park	noun
parkere	verb
parkering	noun
parkeringsgarage	noun
parkeringshus	noun
parkeringsplads	noun
parkometer	noun
parksex	noun
parlament	noun
parlamentariker	noun
parlamentarisk	adj
parlamentarisme	noun
parlamentere	verb
parlamentsbygning	noun
parlamentsmedlem	noun
parlamentsvalg	noun
parodi	noun
parodiere	verb
parodisk	adj
parre	verb
parringsskrig	noun
parti	noun
participere	verb
participium	noun
partiel	adj
partifælle	noun
partikel	noun
partikulær	adj
partileder	noun
partipolitisk	adj
partisk	adj
partiskhed	noun
partner	noun
partnerskab	noun
partout	adv
parvis	adv
paryk	noun
pas	noun
pascal	noun
pasning	noun
passabel	adj
passager	noun
passagersæde	noun
passatvind	noun
passe	verb
passende	adj
passer	noun
passere	verb
passiv	adj,noun
passivisere	verb
passivitet	noun
password	noun
pasta	noun
pastel	noun
pastis	noun
pastorat	noun
pat	noun
pate	noun
patent	noun
patentere	noun
patentlåg	noun
patetisk	adj
patient	noun
patientforening	noun
patientkontakt	noun
patina	noun
patogen	adj
patolog	noun
patologi	noun
patologisk	adj
patos	noun
patriark	noun
patriarkat	noun
patricia	name
patrick	name
patron	noun
patronat	noun
patronym	noun
patronymikon	noun
patrulje	noun
patruljere	verb
patte	noun,verb
pattedyr	noun
pauke	noun
paul	name
paula	name
pauline	name
paulsen	name
paulun	noun
paulus	name
pause	noun
pauver	adj
pave	noun
pavedømme	noun
pavelig	adj
pavillon	noun
paw	name
peanut	noun
peanutbutter	noun
peber	noun
peberkage	noun
peberkværn	noun
pedant	noun
pedanteri	noun
pedantisk	adj
pedel	noun
peder	name
pedersen	name
peer	name
pege	verb
pegefinger	noun
pelagisk	adj
pelargonie	noun
pelikan	noun
pelle	name
peloponnes	name
pels	noun
pelse	verb
pelsklanner	noun
pen	noun
penalhus	noun
pendant	noun
pendul	noun
penge	noun
pengeautomat	noun
pengemaskine	noun
pengepung	noun
pengeseddel	noun
pengetank	noun
penibel	adj
penis	noun
penismisundelse	noun
penisring	noun
penneven	noun
penning	noun
pennsylvania	name
pensel	noun
pension	noun
pensionat	noun
pensum	noun
pentagon	noun
pentagram	noun
peptidbinding	noun
per	name,prep
perestrojka	noun
perfekt	adj,adv
perfektion	noun
perfektionere	verb
perfektionisme	noun
perfektionist	noun
perfektionistisk	adj
perfektum	noun
perfid	adj
perforere	verb
pergola	noun
perifer	adj
periferi	noun
periode	noun
periodisk	adj
periskop	noun
perker	noun
perkerdansk	name
perle	noun,verb
perlemor	noun
perleugle	noun
permafrost	noun
permanent	adj
pernille	name
peroral	adj
perron	noun
persefone	name
perser	noun
persien	name
persienne	noun
persille	noun
persisk	adj,noun
persiskhed	noun
person	noun
personale	noun
personalhistoriker	noun
persondyrkelse	noun
personificere	verb
personificering	noun
personifikation	noun
personlig	adj
personliggøre	verb
personlighed	noun
personrettet	adj
persontog	noun
perspektiv	noun
perspektivere	verb
pertentlig	adj
peru	name
peruaner	noun
peruansk	adj
peruanskhed	noun
peruvianer	noun
peruviansk	adj
perversion	noun
pessimist	noun
pessimistisk	adj
pest	noun
pestepidemi	noun
pesthus	noun
pesticid	noun
peter	name
petersen	name
petra	name
petrea	name
petrine	name
petriskål	noun
petroglyf	noun
petrologi	noun
philip	name
phillip	name
pi	name
pia	name
pib	noun
pibe	noun,verb
pibeand	noun
piber	noun
piberenser	noun
piberi	noun
piberyger	noun
pibesvane	noun
piccolo	noun
pickup	noun
pig	noun
pige	noun
pigebarn	noun
pigeglad	adj
pigekæreste	noun
pigenavn	noun
pigesur	adj
pigkæp	noun
pigtråd	noun
pik	noun
pikbillede	noun
pikhoved	noun
pikke	verb
pikkemand	noun
pikslikker	noun
pikstørrelse	noun
pil	noun
piletræ	noun
pilgrim	noun
pilgrimsfærd	noun
pilgrimsrejse	noun
pille	noun,verb
pilot	noun
pilotafsnit	noun
pils	noun
pilsner	noun
pilt	noun
pincet	noun
pind	noun
pindsvin	noun
pine	noun,verb
pinedød	adv
pingpong	noun
pingvin	noun
pinje	noun
pinjekerne	noun
pink	adj
pinlig	adj,adv
pinlighed	noun
pinlighedsfornemmelse	noun
pinligt	adv
pinse	noun
pinselilje	noun
pip	noun
pipeline	noun
pipette	noun
pirat	noun
pirk	noun
pirke	verb
pirre	verb
piræus	name
pis	intj,noun
pisk	noun
piske	verb
piskefløde	noun
pisker	noun
piskesmæld	noun
piskning	noun
pisse	adv,verb
pissoir	noun
pistol	noun
pistolskæfte	noun
pittoresk	adj
pive	verb
pivskid	noun
pizza	noun
pjalt	noun
pjat	noun
pjece	noun
pjok	noun
pjække	verb
placere	verb
plade	noun
pladebutik	noun
pladeforretning	noun
pladekontrakt	noun
pladespiller	noun
plads	noun
plage	noun,verb
plagiat	noun
plagiere	verb
plagiering	noun
plagsom	adj
plakat	noun
plan	noun
planche	noun
planet	noun
planetarisk	adj
planetby	noun
planke	noun
plankton	noun
planlagt	adj
planlægge	verb
planlægger	noun
planlægning	noun
plantage	noun
plante	noun,verb
planteliv	noun
planteriget	noun
planteæder	noun
plantning	noun
plapre	verb
plask	intj,noun
plaske	verb
plast	noun
plastbøtte	noun
plaster	noun
plastfolie	noun
plastik	noun
plat	adj
plateau	noun
platfod	noun
platfodet	adj
plathed	noun
platin	noun
platon	name
platonisme	noun
plattysk	adj,noun
plebejer	noun
pleje	noun,verb
plejer	noun
plekter	noun
pleonasme	noun
plet	noun
pli	noun
pligt	noun
pligtig	adj
plombe	noun
plombere	verb
plov	noun
plovmand	noun
pludre	verb
pludselig	adj,adv
pludseligt	adv
plukfisk	noun
plukke	verb
pluralis	noun
pluskvamperfektum	noun
pluto	name
plutokrat	noun
plutokrati	noun
plutokratisk	adj
plutonisk	adj
plutonium	noun
plyndre	verb
plæne	noun
plæneklipper	noun
pløje	verb
pn-overgang	noun
podagra	noun
pode	verb
podekvist	noun
podning	noun
poesi	noun
poet	noun
poetisk	adj
pogrom	noun
point	noun
pointe	noun
pokal	noun
poker	noun
pokeransigt	noun
pokerfjæs	noun
pokerspil	noun
pokker	noun
pokkers	adj,adv,intj
pol	noun
polak	noun
polar	adj
polarcirkel	noun
polarhav	noun
polaris	noun
polarisere	verb
polaritet	noun
polarlys	noun
polarræv	noun
polemik	noun
polemiker	noun
polemisere	verb
polemisk	adj
polen	name
polere	verb
polering	noun
police	noun
politi	noun
politibetjent	noun
politibil	noun
politik	noun
politiker	noun
politikerlede	noun
politimand	noun
politimester	noun
politisk	adj
politistat	noun
politistation	noun
politologi	noun
polka	noun
pollen	noun
polo	noun
polonium	noun
poloskjorte	noun
polsk	adj,noun
polskhed	noun
polterabend	noun
polyeder	noun
polyfon	adj
polygon	noun
polyhistor	noun
polynomium	noun
polyteistisk	adj
pomerans	noun
pomfrit	noun
pommern	name
pomp	noun
pompøs	adj
pondus	noun
ponton	noun
pop	noun
popmusik	noun
poppel	noun
popstjerne	noun
popularisere	verb
popularisering	noun
popularitet	noun
population	noun
populær	adj
populærvidenskab	noun
populærvidenskabelig	adj
porcelæn	noun
porcelænsbutik	noun
pore	noun
porno	noun
pornobutik	noun
pornofilm	noun
pornoforretning	noun
pornografi	noun
pornografisk	adj
porre	noun
pors	noun
port	noun
portefølje	noun
porticus	noun
porto	noun
portræt	noun
portugal	name
portugiser	noun
portugisisk	adj,noun
portugisiskhed	noun
portvin	noun
porøs	adj
porøsitet	noun
pose	noun,verb
poseidon	name
position	noun
positiv	adj,noun
possessiv	adj
post	noun
postalveolar	noun
postalveolær	adj
postbud	noun
postevand	noun
postfaktuel	adj
postgang	noun
posthus	noun
postkasserød	adj
postkontor	noun
postkort	noun
postmoderne	adj
postulat	noun
postulere	verb
postyr	noun
pote	noun
potemkinkulisse	noun
potensrække	noun
potentat	noun
potte	noun,verb
pottemager	noun
pottemagerhjul	noun
potteplante	noun
poul	name
poula	name
pouline	name
poulsen	name
povl	name
powerpoint	noun
prag	name
pragmatik	noun
pragmatiker	noun
pragmatisk	adj
pragmatisme	noun
pragt	noun
pragtdragt	noun
pragtfuld	adj
praksis	noun
praktikant	noun
praktisk	adj
prank	noun
praseodym	noun
preben	name
prekær	adj
prelle	verb
premierminister	noun
presenning	noun
presse	noun,verb
pressefrihed	noun
pression	noun
prestige	noun
priapisme	noun
prik	noun
prikprodukt	noun
primalskrig	noun
primfaktoropløsning	noun
primitiv	adj
primtal	noun
primtalsfaktorisering	noun
primær	adj
primært	adv
princip	noun
principal	adj
principiel	adj
principløs	adj
principsag	noun
prins	noun
prinsesse	noun
prioritere	verb
pris	noun
prise	noun,verb
prisliste	noun
prisme	noun
prisvinder	noun
privat	adj
privatejendom	noun
privatliv	noun
privatskole	noun
privilegere	verb
privilegeret	adj
privilegium	noun
proaktiv	adj
probat	adj
problem	noun
problematik	noun
problematisk	adj
problembarn	noun
problemformulering	noun
procedure	noun
procent	noun
procentpoint	noun
procentvis	adj,adv
proces	noun
producent	noun
producer	noun
producere	verb
produkt	noun
produktion	noun
produktionsmetode	noun
produktionsmiddel	noun
produktiv	adj
profanere	verb
profanering	noun
professionshøjskole	noun
professor	noun
profet	noun
profetere	verb
profeti	noun
profetisk	adj
profitabel	adj
proforma	adj
proformaægteskab	noun
prognose	noun
programansvarlige	noun
programmerbar	adj
programmere	verb
programmør	noun
progressiv	adj
projekt	noun
projektside	noun
prokrastinere	verb
prokrastinering	noun
proletariat	noun
prometheus	name
promethium	noun
prominent	adj
promiskuitet	noun
promiskuøs	adj
promotion	noun
promovere	verb
promovering	noun
pronomen	noun
propaganda	noun
propansyre	noun
propel	noun
propeller	noun
propen	noun
proper	adj
proportion	noun
proportional	adj
proprium	noun
proptrækker	noun
propylen	noun
prosadigt	noun
prosaisk	adj
proscenium	noun
prosit	intj
prospekt	noun
prostatamassage	noun
prostituere	verb
prostitueret	adj
prostitution	noun
protactinium	noun
protagonist	noun
proteasom	noun
protein	noun
protektorat	noun
protest	noun
protestant	noun
protestantisk	adj
protestantisme	noun
protestere	verb
protium	noun
protoindoeuropæisk	adj,noun
protolyse	noun
protomartyr	noun
proton	noun
prototype	noun
provins	noun
provinsiel	adj
provisor	noun
provisorisk	adj
prut	noun
prutte	verb
prutten	noun
prygl	noun
prygle	verb
præcis	adj,adv,intj
præcisere	verb
præcision	noun
prædestination	noun
prædike	verb
prædiken	noun
prædikestol	noun
præfiks	noun
præg	noun
præge	verb
prægnant	adj
prægtig	adj
præmis	noun
præposition	noun
præpositionsforbindelse	noun
præpositionsstyrelse	noun
prærie	noun
prærieulv	noun
præsens	noun
præsent	adj
præsentation	noun
præsentere	verb
præsident	noun
præsidentskab	noun
præsidentvalg	noun
præsidium	noun
præst	noun
præstation	noun
præstedømme	noun
præsteskab	noun
præstestand	noun
prætention	noun
prætentiøs	adj
præteritum	noun
prævention	noun
prøve	noun,verb
prøvekøre	verb
prøvelse	noun
prøverum	noun
pseudoargument	noun
pseudodebat	noun
pseudodemokrati	noun
pseudonym	adj,noun
pseudovidenskab	noun
pseudovidenskabelig	adj
psyke	noun,verb
psykedelisk	adj
psykiater	noun
psykiatri	noun
psykiatrisk	adj
psykisk	adj,adv
psykoanalyse	noun
psykoanalytiker	noun
psykolog	noun
psykologi	noun
psykologisk	adj
psykomotorisk	adj
psykopat	noun
psykopatologi	noun
psykose	noun
psykosomatisk	adj
psykotisk	adj
psykriater	noun
ptolemæisk	adj
pub	noun
pubertet	noun
publicere	verb
publicering	noun
publikation	noun
publikum	noun
puddel	noun
pudder	noun
puddersne	noun
puddersukker	noun
pude	noun
pudebetræk	noun
pudevår	noun
pudre	verb
pudring	noun
pudse	verb
pudsning	noun
puffer	noun
puh	intj
puls	noun
pulsåre	noun
pulterkammer	noun
pulterrum	noun
pulver	noun
pulversne	noun
puma	noun
pumpe	noun,verb
pund	noun
pung	noun
pungbjørn	noun
pungdyr	noun
punkt	noun
punktere	verb
punktlig	adj
punktlighed	noun
punktskrift	noun
punktum	noun
pupil	noun
puppe	noun
pur	adj
pure	adj,noun
purere	verb
purisme	noun
purist	noun
puristisk	adj
purløg	noun
purre	verb
pusle	verb
puslespil	noun
puste	verb
putte	intj,noun,verb
pygmæ	noun
pyjamas	noun
pynt	noun
pynte	verb
pyramide	noun
pyrenæerne	name
pyrrhussejr	noun
pyton	noun
på	adv,prep
påbegynde	verb
påbud	noun
påbyde	verb
påfaldende	adj
påfugl	noun
påfund	noun
påfølgende	adj
påføre	verb
pågribe	verb
pågå	verb
pågående	adj
pågældende	adj
påholdenhed	noun
påhæng	noun
påhængsvogn	noun
påkalde	verb
påklædning	noun
påklædt	adj
påkøre	verb
påkørsel	noun
pålandsvind	noun
pålidelig	adj
pålidelighed	noun
pålæg	noun
pålægge	verb
påminde	verb
påmindelse	noun
påpasselig	adj
påpege	verb
pårørende	noun
påse	verb
påske	noun
påskedag	noun
påskesøndag	noun
påskeæg	noun
påskud	noun
påskønne	verb
påskønnelse	noun
påstand	noun
påstå	verb
påståelig	adj
påståelighed	noun
påsætte	verb
påtage	verb
påtale	noun,verb
påtænke	verb
påvirke	verb
påvirkning	noun
pædagog	noun
pædagogik	noun
pæderast	noun
pæderasti	noun
pædiater	noun
pædofil	adj
pædofilgruppe	noun
pædofili	noun
pælestik	noun
pæn	adj
pænt	adv
pæon	noun
pære	noun
pæretræ	noun
pærevælling	noun
pøbel	noun
pøj	intj
pøl	noun
pølse	noun
pølsefinger	noun
pølseforgiftning	noun
pølsevogn	noun
pønse	verb
qatar	name
qatarer	noun
qatarsk	adj
qatarskhed	noun
qua	conj
quarterback	noun
quechua	noun
queer	adj
queerteori	noun
quisling	noun
quiz	noun
qvist	name
qvistgaard	name
rabalder	noun
rabarber	noun
rabat	name,noun
rabbiner	noun
rabiat	adj
rabies	noun
race	noun,verb
racelære	noun
racemæssig	adj
racer	noun
racist	noun
racistisk	adj
rad	noun
radar	noun
radbrække	verb
radikal	adj,noun
radio	noun
radioaktiv	adj
radioaktivitet	noun
radiobil	noun
radiobølge	noun
radium	noun
radius	noun
radmager	adj
radon	noun
raffinaderi	noun
raffinere	verb
raffineret	adj
rage	verb
ragelse	noun
ragna	name
ragnarok	noun
ragnhild	name
ragout	noun
rak	noun
rakel	name
raket	noun
raki	noun
rakitis	noun
ral	noun
ralle	verb
ram	adj,noun
ramadan	noun
rambuk	noun
rambutan	noun
ramkilde	name
ramme	noun,verb
rammeaftale	noun
rammepumpe	noun
ramsløg	noun
ran	noun
ranch	noun
rancher	noun
rand	noun
randers	name
randi	name
rang	noun
ranglet	adj
rangliste	noun
ransage	verb
ransagning	noun
ransagningskendelse	noun
ransel	noun
rap	adj,intj,noun
rappe	verb
rappenskralde	noun
rapper	noun
rapport	noun
rapporter	verb
rapportere	verb
rapportering	noun
rapportør	noun
rapsolie	noun
rapt	adv
rar	adj
rase	verb
rasende	adj,adv
raseri	noun
raserianfald	noun
raseriudbrud	noun
rask	adj,name
raskhed	noun
rasmine	name
rasmus	name
rasmussen	name
rast	noun
raste	verb
rastløshed	noun
rat	noun
rate	noun
ratificere	verb
rationalisere	verb
rationalisering	noun
rationalisme	noun
rationalist	noun
rationalistisk	adj
rationel	adj
rav	noun
rave	verb
ravn	name,noun
ravnemærke	noun
razzia	noun
reagens	noun
reagensglas	noun
reaktion	noun
reaktionsdygtig	adj
reaktionshastighed	noun
reaktiv	adj
reaktivere	verb
realisere	verb
realisering	noun
realist	noun
realistisk	adj
realplan	noun
rebecca	name
rebekka	name
rebelsk	adj
rebus	noun
recept	noun
recessiv	adj
recidiv	noun
recidivere	verb
recidivist	noun
reciprok	adj
recirkulation	noun
recirkulere	verb
recitation	noun
recitere	verb
redaktion	noun
redaktionsteko	noun
redaktør	noun
redde	verb
redder	noun
rede	adj,noun,verb
redebon	adj
redegøre	verb
redegørelse	noun
redelig	adj
redelighed	noun
reder	noun
rederi	noun
redigere	verb
redigering	noun
redigeringskonflikt	noun
redigeringskrig	noun
redning	noun
redoxreaktion	noun
redskab	noun
redskabsskur	noun
reducere	verb
reducering	noun
reduktion	noun
reel	adj,noun
referat	noun
referencestandard	noun
referendum	noun
referent	noun
referere	verb
refleksion	noun
refleksiv	adj
reflektere	verb
reflektion	noun
reform	noun
refraktion	noun
refræn	noun
regederlig	adj
regel	noun
regelmæssig	adj,adv
regent	noun
reger	verb
regere	verb
regering	noun
regeringsdannelse	noun
regime	noun
regina	name
regine	name
region	noun
regionaltog	noun
regissør	noun
register	noun
registrant	noun
registrator	noun
registrere	verb
registrering	noun
regitze	name
regn	noun
regnbue	noun
regnbuefamilie	noun
regnbuehinde	noun
regnbukser	noun
regnbyge	noun
regndans	noun
regndråbe	noun
regne	verb
regnemaskine	noun
regneregel	noun
regnfald	noun
regnfattig	adj
regnfrakke	noun
regnfuld	adj
regnfyldt	adj
regngud	noun
regning	noun
regnjakke	noun
regnmåler	noun
regnorm	noun
regnskab	noun
regnskov	noun
regnsky	noun
regnskyl	noun
regnskylle	noun
regntid	noun
regntæt	adj
regntøj	noun
regnvand	noun
regnvejr	noun
regulere	verb
regulær	adj
reinkarnation	noun
reinkarnere	verb
reje	noun
rejecocktail	noun
rejse	noun,verb
rejsebureau	noun
rejsefælle	noun
rejsekammerat	noun
rejsning	noun
reklame	noun
reklamere	verb
rekonvalescent	noun
rekord	noun
rekordstor	adj
rekreation	noun
rekruttere	verb
rektangel	noun
rektangulær	adj
rektor	noun
rekursionsligning	noun
rekviem	noun
rekvirere	verb
rekvisition	noun
relaterbar	adj
relatere	verb
relation	noun
relativ	adj,adv
relativistisk	adj
relevant	adj
relief	noun
religion	noun
religionshistorie	noun
religionshistoriker	noun
religionshistorisk	adj
religionsvidenskab	noun
religiøs	adj
relikt	noun
relikvie	noun
rem	noun
remonce	noun
remoulade	noun
ren	adj,noun
rende	noun,verb
rendesten	noun
rendezvous	noun
rene	name
rengøre	verb
rengøring	noun
renhed	noun
renlig	adj
renlighed	noun
renovere	verb
rensdyr	noun
rense	verb
rensning	noun
rent	adv
rentabel	adj
rente	noun
reol	noun
reparere	verb
repatriering	noun
repetere	verb
reportage	noun
reporter	noun,verb
reproducerbar	adj
reproducerbarhed	noun
reproducere	verb
reproduktionsmetode	noun
repræsentant	noun
repræsentantskab	noun
repræsentation	noun
repræsentativ	adj
repræsentativitet	noun
repræsentere	verb
republik	noun
republikaner	noun
reservat	noun
reserve	noun
reservere	verb
reserveret	adj
reserverethed	noun
reservering	noun
reservoir	noun
residens	noun
residualkvadratsum	noun
resignere	verb
resistivitet	noun
resistor	noun
resolut	adj
resolution	noun
resonans	noun
resonere	verb
respekt	noun
respektabel	adj
respektabelhed	noun
respektere	verb
respektive	adj
respektløs	adj
respirator	noun
respondent	noun
respons	noun
ressource	noun
rest	noun
restaffald	noun
restaurant	noun
restauratør	noun
restklasse	noun
restriktion	noun
restriktiv	adj
restriktivitet	noun
resultat	noun
resume	noun
resumere	verb
resurse	noun
ret	adj,adv,noun
retardere	verb
retfærd	noun
retfærdig	adj
retfærdiggøre	verb
retfærdiggørelse	noun
retfærdighed	noun
retfærdigvis	adv
retirade	noun
retmæssig	adj
retning	noun
retningslinje	noun
retorik	noun
retoriker	noun
retorisk	adj
retroaktiv	adj
retrocedere	verb
retrocession	noun
retroseksuel	adj
retsbygning	noun
retshistoriker	noun
retskilde	noun
retskrivning	noun
retslig	adj
retsløs	adj
retsløshed	noun
retssag	noun
retssal	noun
retssamfund	noun
retssikkerhed	noun
retsstat	noun
retsstridig	adj
retstavning	noun
retsvidenskab	noun
rette	verb
rettelse	noun
retter	noun
rettergang	noun
retterting	noun
rettighed	noun
returnere	verb
rev	noun
revanche	noun
revers	noun
revidere	verb
revir	noun
revisor	noun
revling	noun
revlingebær	noun
revne	noun,verb
revolution	noun
revolutionere	verb
revolutionær	adj
revy	noun
rhea	name
rhenium	noun
rhesusabe	noun
rhin	name
rhinen	name
rhodium	noun
ri	verb
ribbe	noun,verb
ribben	noun
ribbenssteg	noun
ribs	noun
richard	name
ridder	noun
ridderlig	adj
ridderlighed	noun
ridderskab	noun
ride	noun,verb
ridedyr	noun
ridehal	noun
ridehus	noun
ridning	noun
ridse	verb
ridt	noun
rie	name
riffel	noun
rift	noun
rig	adj,noun
riga	name
rigdom	noun
rige	noun
rigelig	adj
rigelighed	noun
rigmand	noun
rigmor	name
rigsdag	name
rigsdagen	name
rigsdansk	adj,noun
rigsråd	noun
rigt	adv
rigtig	adj
rigtighed	noun
riis	name
rikke	name
rim	noun
rime	verb
rimelig	adj
rimelighed	noun
rimeligvis	adv
rimfrost	noun
rimming	noun
rimtåge	noun
rinde	verb
ring	noun
ringbrynje	noun
ringdue	noun
ringe	adj,verb
ringfinger	noun
ringformet	adj
ris	noun
risalamande	noun
rise	noun
risengrød	noun
risgnasker	noun
risikabel	adj
risikere	verb
risiko	noun
risikovillig	adj
risikovillighed	noun
rist	noun
riste	verb
rister	noun
risvin	noun
rita	name
ritornel	noun
ritual	noun
rivalisering	noun
rivalitet	noun
rive	noun,verb
riviera	noun
ro	name,noun,verb
robert	name
robin	name
robot	noun
robotstøvsuger	noun
robåd	noun
rocker	noun
rod	noun
rode	noun,verb
rodebutik	noun
rododendron	noun
roe	noun
roentgenium	noun
roer	noun
rogn	noun
rok	noun
rokade	noun
rokere	verb
rokke	verb
rolf	name
rolig	adj
rolighed	noun
rollator	noun
rolle	noun
rollemodel	noun
rollespil	noun
rom	name,noun
roma	noun
roman	noun
romani	noun
romansk	adj
romantik	noun
romantiker	noun
rombe	noun
romer	noun
romerriget	name
romersk	adj
romertid	noun
romkugle	noun
ronald	name
ronni	name
ronnie	name
roomie	noun
ror	noun
rosa	adj,name
rosastegt	adj
rose	name,noun,verb
rosenkål	noun
rosin	noun
roskilde	name
roskildesyge	noun
rosmarin	noun
rotationskurve	noun
rotere	verb
rothschild	name
rotte	noun,verb
rottegift	noun
rottehale	noun
roulade	noun
rov	noun
rovdyr	noun
rovfugl	noun
royal	adj
royalisme	noun
royalist	noun
royalistisk	adj
ru	adj
ruben	name
rubidium	noun
rubin	noun
rubricere	verb
rubricering	noun
rude	noun
ruder	noun
rudimentær	adj
rufferi	noun
rug	noun
rugbrød	noun
rugemor	noun
rugmel	noun
ruinere	verb
rulle	noun,verb
rullebånd	noun
rullepølse	noun
rullestol	noun
rullevej	noun
rum	noun
rumdragt	noun
rumfartøj	noun
rumfærd	noun
rumkapløb	noun
rumme	verb
rumpe	noun
rumrejse	noun
rumtid	noun
rumvæsen	noun
rumæner	noun
rumænien	name
rumænsk	adj,noun
rumænskhed	noun
rund	adj
rundbold	noun
runde	noun,verb
rundetrunte	noun
rundhus	noun
rundkørsel	noun
rundorm	noun
rundpind	noun
rundsav	noun
rundt	adv
rundtom	adv,prep
rune	name,noun
runedansk	adj,name
runeforsker	noun
runesten	noun
runolog	noun
runologi	noun
runologisk	adj
rur	noun
rus	noun
ruse	noun
rusland	name
rusmiddel	noun
russer	noun
russerhad	noun
russisk	adj,noun
russiskhed	noun
russofili	noun
russofobi	noun
rust	noun
ruste	verb
rusten	adj
rustning	noun
rutebil	noun
rutebilstation	noun
ruth	name
ruthenium	noun
rutherfordium	noun
rutine	noun
rutsje	verb
rutsjebane	noun
ry	noun
rya	noun
ryatæppe	noun
rydde	verb
ryg	noun
ryge	verb
rygeforbud	noun
ryger	noun
ryggesløs	adj
ryghvirvel	noun
rygning	noun
rygrad	noun
rygsæk	noun
rygsøjle	noun
rygte	noun
rygtes	verb
rygvind	noun
rygværn	noun
rykke	verb
rykker	noun
rynke	noun,verb
rype	noun
ryste	verb
rytme	noun
rytmisk	adj
rytter	noun
rytteri	noun
rå	adj,noun
råb	noun
råbe	verb
råben	noun
råber	noun
råberi	noun
råbåndsknob	noun
råd	noun
rådata	noun
rådden	adj
råddenskab	noun
råde	verb
råderet	noun
rådgive	verb
rådgiver	noun
rådgivning	noun
rådhus	noun
rådig	adj
rådighed	noun
rådløs	adj
rådløshed	noun
rådne	verb
rådslagning	noun
rådslå	verb
rådsmedlem	noun
rådspørge	verb
rådvild	adj
rådvildhed	noun
rådyr	noun
råge	noun
råjern	noun
råkold	adj
råolie	noun
råsejl	noun
råstof	noun
råve	verb
råvildt	noun
ræbe	verb
ræd	adj
rædderlig	adj
rædsel	noun
rædselsfuld	adj
rædselsslagen	adj
rædselsvækkende	adj
rædselsår	noun
rædsom	adj
række	noun,verb
rækkehus	noun
ræling	noun
rænke	noun
rænkefuld	adj
rænkesmed	noun
rær	noun
ræson	noun
ræsonnere	verb
rætoromansk	adj
ræv	noun
rævegrav	noun
ræveklo	noun
ræverød	adj
røbe	verb
rød	adj
rødben	noun
rødgrød	noun
rødhals	noun
rødhåret	adj
rødhætte	name
rødknæ	noun
rødkål	noun
rødkælk	noun
rødlig	adj
rødlos	noun
rødme	noun,verb
rødne	verb
rødovre	name
rødspætte	noun
rødstjert	noun
rødtræ	noun
rødvin	noun
rødvinssauce	noun
rødvinssocialist	noun
røffel	noun
røg	noun
røgalarm	noun
røge	verb
røgelse	noun
røgt	noun
røgte	verb
rømer	name
rømme	verb
rømning	noun
røn	noun
rønne	noun
rønnebær	noun
rønnow	name
rør	intj,noun
rørdrum	noun
røre	noun,verb
rørelse	noun
rørende	adj,adv
rørhøg	noun
rørig	adj
rørledning	noun
rørstrømsk	adj
rørsukker	noun
rørt	adj
røræg	noun
røse	noun
røst	noun
røv	noun
røvbanan	noun
røvdårlig	adj
røve	verb
røver	noun
røveri	noun
røverkøb	noun
røvfuld	noun
røvhul	noun
røvkedelig	adj
røvpule	verb
røvpuleri	noun
røvslikkeri	noun
røvsur	adj
s	noun
sabbat	noun
sabbatår	noun
sabel	noun
sabina	name
sabine	name
sabotage	noun
sabotere	verb
sabotør	noun
sabrina	name
sachsen	name
sadel	noun
sadelmager	noun
sadisme	noun
sadist	noun
sadistisk	adj
safir	noun
saft	noun
saftig	adj
sag	noun
sagesløs	adj
sagfører	noun
sagkyndig	adj
saglig	adj
sagn	noun
sagte	adj,adv
sagtelig	adv
sagtens	adv
sagtmodig	adj
sagtmodighed	noun
sagtne	verb
sakral	adj
sakristi	noun
sakrosankt	adj
saks	noun
sakse	verb
sakser	noun
saksisk	adj
sal	noun
salatfad	noun
salathoved	noun
salattern	noun
salg	noun
salgsdirektør	noun
salig	adj
saliggøre	verb
salighed	noun
saligkåre	verb
saligkåring	noun
sally	name
salme	noun
salmebog	noun
salomo	name
salomonøerne	name
salt	adj,noun
salte	verb
saltkaramel	noun
saltkværn	noun
saltomortale	noun
saltsyre	noun
saltvand	noun
salut	noun
salvadoraner	noun
salvadoransk	adj
salve	noun,verb
salær	noun
samarbejde	noun,verb
samarbejdsvillig	adj
samarium	noun
sambo	adj,noun
same	noun
sameje	noun
sameksistens	noun
samfund	noun
samfundskritisk	adj
samfundsmæssig	adj
samfundssind	noun
samfundsskadelig	adj
samfundsstøtte	noun
samfærdsel	noun
samhandel	noun
samhørende	adj
samhørig	adj
samhørighed	noun
samisk	adj,noun
samiskhed	noun
samkvem	noun
samle	verb
samlebånd	noun
samleje	noun
samler	noun
samleve	verb
samlever	noun
samling	noun
samliv	noun
samme	adj
sammen	adv
sammenbrud	noun
sammenbygge	verb
sammenføje	verb
sammenføjning	noun
sammenhold	noun
sammenhæng	noun
sammenhængende	adj
sammenhørende	adj
sammenhørighed	noun
sammenligne	verb
sammenlignelig	adj
sammenlignelighed	noun
sammenlignende	adj
sammenligning	noun
sammenlæse	verb
sammenpresning	noun
sammenskrivning	noun
sammenslutning	noun
sammenstykke	verb
sammensværgelse	noun
sammensværgelsesteori	noun
sammentrækning	noun
samoa	name
samordne	verb
samråd	noun
samspil	noun
samsø	name
samt	conj
samtale	noun,verb
samtalepartner	noun
samtid	noun
samtidig	adj,adv
samtidigt	adv
samtidshistoriker	noun
samtlige	adj
samtykke	noun,verb
samuel	name
samvirke	noun
samvittighed	noun
samvittighedsfange	noun
samvittighedsfuld	adj
samvittighedsfuldhed	noun
samvittighedskval	noun
samvittighedsløs	adj
samvittighedsløshed	noun
samvittighedsnag	noun
samvær	noun
sanatorium	noun
sand	adj,noun
sandal	noun
sandbanke	noun
sandblæse	verb
sandblæsning	noun
sandbunke	noun
sanddyne	noun
sanddynge	noun
sande	verb
sandelig	adv
sandet	adj
sandfarvet	adj
sandflugt	noun
sandfygning	noun
sandfærdig	adj
sandfærdighed	noun
sandhed	noun
sandhedskærlighed	noun
sandhedsværdi	noun
sandhjælme	noun
sandhveps	noun
sandkage	noun
sandkageform	noun
sandkasse	noun
sandkorn	noun
sandkryb	noun
sandmusling	noun
sandorm	noun
sandpapir	noun
sandra	name
sandslot	noun
sandsten	noun
sandstorm	noun
sandstrand	noun
sandsynlig	adj
sandsynliggøre	verb
sandsynlighed	noun
sandsynlighedstæthed	noun
sandsynlighedstæthedsfunktion	noun
sandsynligvis	adv
sandsæk	noun
sandvåner	noun
sandwich	noun
sandwichmand	noun
sandørken	noun
sanere	verb
sanering	noun
sang	noun
sanger	noun
sangerinde	noun
sangfugl	noun
sanglærke	noun
sangskrivning	noun
sangsvane	noun
sanitær	adj
sanke	verb
sankning	noun
sankt	adj
sankthans	noun
sankthansaften	noun
sankthansdag	noun
sanktion	noun
sanne	name
sans	noun
sanse	verb
sanselig	adj
sara	name
sarah	name
sardinien	name
sardinier	noun
sardisk	adj,noun
sarkasme	noun
sarkastisk	adj
sarkofag	noun
sart	adj
sascha	name
sat	adj
satan	intj,name,noun
satanisme	noun
satans	intj
satellitby	noun
satire	noun
satiriker	noun
satirisere	verb
satirisk	adj
sats	noun
satse	verb
satsning	noun
saturn	name
saudi-arabien	name
saudier	noun
saudisk	adj
sauerkraut	noun
sav	noun
sava	name
save	verb
savhveps	noun
savl	noun
savle	verb
savn	noun
savne	verb
savojkål	noun
savsmuld	noun
savværk	noun
saxofon	noun
scandium	noun
scanningsfejl	noun
scene	noun
scepter	noun
schengenområdet	name
schengensamarbejdet	name
schmeichel	name
schmidt	name
schou	name
schweiz	name
schweizer	noun
schweizerfranc	noun
schweizerkniv	noun
schweizerost	noun
schweizertysk	adj
schweizisk	adj
schweiziskhed	noun
scientolog	noun
scientologi	noun
sclerose	noun
score	noun,verb
scorereplik	noun
scrolle	verb
se	verb
seaborgium	noun
sebastian	name
secondhandbutik	noun
secondhandshop	noun
seddel	noun
seefeld	name
seer	noun
segl	noun
segne	verb
segnefærdig	adj
segregation	noun
sej	adj,noun
sejd	noun
sejhed	noun
sejl	noun
sejle	verb
sejler	noun
sejlskib	noun
sejltur	noun
sejr	noun
sejre	verb
sejrrig	adj
sekant	noun
sekret	noun
sekretariat	noun
sekretær	noun
seks	num
sekser	noun
seksling	noun
seksogfirs	num
seksogfyrre	num
seksoghalvfems	num
seksoghalvfjerds	num
seksoghalvtreds	num
seksogtredive	num
seksogtredve	num
seksogtres	num
seksogtyve	num
sekssproget	adj
seksten	num
sekstende	adj
seksti	num
seksualitet	noun
seksuel	adj
sekt	noun
sekterisk	adj
sekterisme	noun
sektor	noun
sekularisere	verb
sekularisering	noun
sekularisme	noun
sekulær	adj
sekund	noun
sekundmeter	noun
sekundær	adj
sekundærmængde	noun
selektiv	adj
selen	noun
selene	name
self	adv
selfie	noun
selma	name
selskab	noun
selskabelig	adj
selskabelighed	noun
selskabsryger	noun
selv	adv,noun,pron
selvafbrænding	noun
selvantænde	verb
selvbeherskelse	noun
selvbestemmelse	noun
selvbetjening	noun
selvbiografi	noun
selvdød	adj
selve	adj
selvfed	adj
selvfedme	noun
selvforskyldt	adj
selvforståelig	adj
selvforståelse	noun
selvforsynende	adj
selvforsyning	noun
selvfølgelig	adj,adv
selvgjort	adj
selvgod	adj
selvhad	noun
selvhævdelse	noun
selvhøjtidelig	adj
selvhøjtidelighed	noun
selviagttagelse	noun
selvindlysende	adj,adv
selvironi	noun
selvironisk	adj
selviscenesættelse	noun
selvisk	adj
selvlavet	adj
selvlysende	adj
selvlært	adj
selvmedlidenhed	noun
selvmodsigelse	noun
selvmord	noun
selvmordsangreb	noun
selvmål	noun
selvopofrelse	noun
selvoptaget	adj
selvportræt	noun
selvransagelse	noun
selvransagende	adj
selvrespekt	noun
selvretfærdig	adj
selvretfærdighed	noun
selvsagt	adv
selvsikker	adj
selvsikkerhed	noun
selvskab	noun
selvstudium	noun
selvstyre	noun
selvstændig	adj,adv
selvstændiggøre	verb
selvstændiggørelse	noun
selvstændighed	noun
selvsyn	noun
selvtilfreds	adj
selvtilfredshed	noun
selvtillid	noun
selvtægt	noun
selvværd	noun
semantik	noun
semantisk	adj
semester	noun
semifinale	noun
semikolon	noun
semiotik	noun
semiotiker	noun
semiotisk	adj
semit	noun
semitisk	adj
sen	adj
senat	noun
senator	noun
sende	verb
sendebud	noun
sender	noun
sending	noun
sene	noun
senegal	name
senegaleser	noun
senegalesisk	adj
seneskedehindebetændelse	noun
seng	noun
sengebord	noun
sengetid	noun
sengetæppe	noun
sengetøj	noun
senil	adj
senilitet	noun
seniorforsker	noun
senmoderne	adj
senmodernitet	noun
sennep	noun
sensationslysten	adj
seoul	name
separat	adj
separatisme	noun
separatist	noun
separatistisk	adj
seppuku	noun
sepsis	noun
september	noun
septisk	adj
seraf	noun
serber	noun
serbien	name
serbisk	adj,noun
serbiskhed	noun
serbokroatisk	noun
servicere	verb
serviet	noun
servitrice	noun
ses	phrase
sesamolie	noun
set	name
severin	name
severine	name
seværdighed	noun
sex	noun
sexakt	noun
sexappeal	noun
sexet	adj
sexisme	noun
sexliv	noun
sexologi	noun
sexpartner	noun
sexstilling	noun
sfd	symbol
sfinks	noun
sfære	noun
sfærisk	adj
sgu	adv
shaman	noun
shamanisme	noun
shamanistisk	adj
shampoo	noun
sharia	noun
shawarma	noun
sheikdømme	noun
sheikh	noun
shia	noun
shiit	noun
shogun	noun
shop	noun
show	noun
si	noun,verb
siameser	noun
siamesisk	adj,name
sibilant	noun
sibirien	name
sicilianer	noun
sicilien	name
sidde	verb
side	noun
sidelinje	noun
siden	adv,conj,prep
sideordning	noun
siderisk	adj
sidespor	noun
sidespring	noun
sidestille	verb
sidsel	name
sidst	adj
sidste	adj
sierraleonsk	adj
sif	name
sig	pron
sige	verb
sigende	adj,noun
sigfred	name
signal	noun
signalpolitik	noun
signe	name
signere	verb
signifikant	adj
sigrid	name
sigt	noun
sigte	noun,verb
sigtelse	noun
sigurd	name
sigøjner	noun
sigøjnerlejr	noun
sikke	intj
sikken	adj
sikker	adj
sikkerhed	noun
sikkerhedsforanstaltning	noun
sikkerhedsliggørelse	noun
sikkerhedsnål	noun
sikkerhedsvagt	noun
sikkert	adv
sikre	verb
sikring	noun
silas	name
sild	noun
sildehaj	noun
sildemåge	noun
sildepisker	noun
silicium	noun
silikat	noun
silikone	noun
silke	noun
silkehale	noun
sille	name
silt	noun
siltet	adj
siltsten	noun
simon	name
simone	name
simonsen	name
simpel	adj
simpelthen	adv
simre	verb
simulation	noun
simulere	verb
simulering	noun
simultanoversættelse	noun
sin	pron
sind	noun
sindig	adj
sindighed	noun
sindsro	noun
sindssyg	adj
sindssyge	noun
sindssygt	adv
sine	name
singularis	noun
singulær	adj
sinister	adj
sinke	noun,verb
sinus	noun
sirene	noun
sirup	noun
sisse	name
sisyfos	name
sisyfosarbejde	noun
sit	pron
sitre	verb
situationsfornemmelse	noun
situationskomedie	noun
siv	noun
sive	verb
sivertsen	name
sjagger	noun
sjak	noun
sjal	noun
sjat	noun
sjette	num
sjippetov	noun
sjofel	adj
sjofert	noun
sjov	adj,noun
sjover	noun
sjovt	adv
sjusk	noun
sjuske	noun,verb
sjuskefejl	noun
sjuskeri	noun
sjusket	adj
sjuskethed	noun
sjæl	noun
sjælden	adj,adv
sjældenhed	noun
sjælelig	adj
sjælevandring	noun
sjælland	name
sjællandsk	adj
sjælløs	adj
skab	noun
skabe	verb
skabelon	noun
skabelonagtig	adj
skabelse	noun
skaber	noun
skabning	noun
skabsbøsse	noun
skabsjøde	noun
skabslesbisk	adj
skade	noun,verb
skadedyr	noun
skadefro	adj,adv
skadefryd	noun
skadelig	adj
skadeserstatning	noun
skadestue	noun
skaffe	verb
skaffedyr	noun
skafning	noun
skafot	noun
skaft	noun
skak	noun
skakbrik	noun
skakbræt	noun
skakmat	intj
skakspiller	noun
skakt	noun
skal	noun
skala	noun
skalamodel	noun
skalar	noun
skalarfelt	noun
skalarprodukt	noun
skaldyr	noun
skalerbar	adj
skalerbarhed	noun
skalkagtig	adj
skalkeskjul	noun
skalle	noun,verb
skam	adv,noun
skamfuld	adj
skamfølelse	noun
skamløs	adj
skamløshed	noun
skamme	verb
skammel	noun
skammelig	adj
skamplet	noun
skandale	noun
skandaløs	adj
skandaløst	adv
skandinav	noun
skandinavien	name
skandinavisk	adj
skandinaviskhed	noun
skank	noun
skanse	noun
skarabæ	noun
skare	noun
skarn	noun
skarp	adj
skarphed	noun
skarpsindig	adj
skarpsindighed	noun
skarpskytte	noun
skarpsyn	noun
skarv	noun
skat	noun
skatkammer	noun
skattekiste	noun
skattekort	noun
skattemæssig	adj
skatteyder	noun
skavank	noun
ske	noun,verb
skede	noun
skefuld	noun
skel	noun
skele	verb
skelen	noun
skelet	noun
skelne	verb
skema	noun
skepsis	noun
skepticisme	noun
skeptiker	noun
skeptisk	adj
skestork	noun
skib	noun
skibbrud	noun
skibsforlis	noun
skibsfører	noun
skibsrotte	noun
skibsvrag	noun
skid	noun
skide	adj,adv,verb
skidehus	noun
skiderik	noun
skidt	adj,intj,noun
skift	noun
skifte	noun,verb
skiftenøgle	noun
skifter	intj
skik	noun
skikkelse	noun
skilderhus	noun
skildpadde	noun
skildre	verb
skildring	noun
skille	verb
skillelinje	noun
skilling	noun
skilt	noun
skilte	verb
skiløber	noun
skimmel	noun
skin	noun
skinbarlig	adj
skind	noun
skindød	adj,noun
skinger	adj
skinhellig	adj
skinhellighed	noun
skinke	noun
skinne	noun,verb
skinneben	noun
skinnende	adj
skipper	noun
skitsere	verb
skive	noun
skizofreni	noun
skjald	noun
skjold	noun
skjorte	noun
skjul	noun
skjule	verb
skjulested	noun
sko	noun,verb
skobutik	noun
skod	adj,noun
skodde	noun,verb
skoforretning	noun
skogdrift	noun
skohandler	noun
skohorn	noun
skolde	verb
skole	noun,verb
skolealder	noun
skolebarn	noun
skolebog	noun
skolebus	noun
skoledistrikt	noun
skoleelev	noun
skolegang	noun
skolegård	noun
skolelærer	noun
skolepige	noun
skoletaske	noun
skoletime	noun
skoleår	noun
skomager	noun
skonnert	noun
skopje	name
skorpe	noun
skorpion	noun
skorpionen	name
skorsten	noun
skorte	verb
skotland	name
skotsk	adj
skotskhed	noun
skotskternet	adj
skotte	noun,verb
skotøj	noun
skov	name,noun
skovarbejde	noun
skovarbejder	noun
skovbrand	noun
skovbrug	noun
skovbryn	noun
skovdrift	noun
skovdue	noun
skovdød	noun
skovfyr	noun
skovhornugle	noun
skovhugger	noun
skovhugst	noun
skovjordbær	noun
skovklædt	adj
skovl	noun
skovrider	noun
skovskade	noun
skovsneppe	noun
skovtur	noun
skrabeæg	noun
skrald	noun
skralde	noun,verb
skraldebil	noun
skraldebøtte	noun
skraldepose	noun
skralder	noun
skraldespand	noun
skrankepave	noun
skrap	adj
skred	noun
skride	verb
skridt	noun
skridtbeskytter	noun
skridtbind	noun
skrift	noun
skrifte	noun,verb
skriftemål	noun
skriftform	noun
skriftlig	adj
skriftligt	adv
skriftrulle	noun
skrig	noun
skrige	verb
skrin	noun
skrinlægge	verb
skrive	verb
skrivebord	noun
skrivebordslampe	noun
skrivefejl	noun
skrivelse	noun
skrivemaskine	noun
skriveri	noun
skrivning	noun
skrog	noun
skrot	noun
skrotning	noun
skrotte	verb
skru	noun
skrubbe	noun,verb
skrud	noun
skrue	noun,verb
skruenøgle	noun
skruestik	noun
skruetrækker	noun
skruetvinge	noun
skruk	adj
skrumpe	verb
skrumpelever	noun
skrupelløs	adj
skrupforkert	adj
skrupforkælet	adj
skrupforvirret	adj
skrupgrine	verb
skrupskør	adj
skrupsulten	adj
skruptosset	adj
skryde	verb
skråle	verb
skråne	verb
skråning	noun
skråstreg	noun
skrædder	noun
skrædderlærling	noun
skræddermester	noun
skræddersyet	adj
skræk	noun
skrækfilm	noun
skrækkelig	adj,adv
skrækslagen	adj
skræl	noun
skrælle	verb
skrælling	noun
skræmme	verb
skrænt	noun
skrænte	verb
skræntet	adj
skræve	verb
skrøbelig	adj
skrøbelighed	noun
skub	noun
skubbe	verb
skud	noun
skuddag	noun
skude	noun
skudsikker	adj
skudår	noun
skue	noun,verb
skueproces	noun
skuespil	noun
skuespiller	noun
skuespillerinde	noun
skuffe	noun,verb
skuffejern	noun
skuffelse	noun
skuffet	verb
skulder	noun
skulderblad	noun
skuldertræk	noun
skule	verb
skulle	verb
skulptur	noun
skulptør	noun
skum	noun
skumbad	noun
skumfidus	noun
skumme	verb
skummel	adj
skummelhed	noun
skummetmælk	noun
skumring	noun
skunk	noun
skur	noun
skure	verb
skurk	noun
skurv	noun
skurvet	adj
skvat	noun
sky	adj,noun,verb
skybrud	noun
skyde	verb
skydelære	noun
skydevåben	noun
skyet	adj
skygge	noun,verb
skyggerige	noun
skyld	noun
skylde	verb
skyldes	verb
skyldfølelse	noun
skyldig	adj
skyldighed	noun
skyllemiddel	noun
skynde	verb
skyr	noun
skyskraber	noun
skyter	noun
skyts	noun
skytsengel	noun
skytte	noun
skyttel	noun
skytten	name
skål	intj,noun
skåle	verb
skåne	name,verb
skåning	noun
skånsel	noun
skånselsløs	adj
skånselsløshed	noun
skånsk	adj
skånsom	adj
skånsomhed	noun
skæbne	noun
skæbnefælle	noun
skæbnesvanger	adj
skæfte	noun
skæg	adj,noun
skægget	adj
skægstub	noun
skæl	noun
skælde	verb
skældsord	noun
skældud	noun
skældyr	noun
skælm	noun
skælmsk	adj
skælv	noun
skælve	verb
skæmt	noun
skæmte	verb
skæmtsom	adj
skænde	verb
skænderi	noun
skændes	verb
skændig	adj
skændighed	noun
skændsel	noun
skænk	noun
skænke	verb
skær	adj,noun
skære	verb
skærebræt	noun
skærende	adj
skærf	noun
skærgård	noun
skærm	noun
skærmydsel	noun
skærpe	verb
skærpekød	noun
skærsild	noun
skærtorsdag	noun
skæv	adj
skævhed	noun
skød	noun
skøde	noun
skødesløs	adj
skøjte	noun,verb
skøn	adj,noun
skønhed	noun
skønhedssalon	noun
skønlitteratur	noun
skønne	verb
skønsmæssig	adj
skønt	conj
skør	adj
skørbug	noun
skørhed	noun
skørost	noun
skørt	noun
sladre	verb
slag	noun
slagen	adj
slagge	noun
slagmark	noun
slagord	noun
slags	adj
slagskib	noun
slagsmål	noun
slagte	verb
slagtehus	noun
slagtekniv	noun
slagter	noun
slagterbutik	noun
slagteri	noun
slagterkniv	noun
slagterstik	noun
slagtilfælde	noun
slang	noun
slange	noun,verb
slangeagtig	adj
slangebestand	noun
slangebid	noun
slangebøsse	noun
slangehoved	noun
slangekrølle	noun
slangen	name
slangeskind	noun
slank	adj
slap	adj
slapsvans	noun
slatten	adj
slave	noun,verb
slavearbejde	noun
slavegjort	adj
slavegøre	verb
slaver	noun
slaveri	noun
slavisk	adj
slavonien	name
slem	adj
slesk	adj,adv
slesvig-holsten	name
slet	adj,adv
slette	noun,verb
slibe	verb
sliber	noun
slid	noun
slide	noun,verb
slidgigt	noun
slidsom	adj
slik	noun
slikbutik	noun
slikforretning	noun
slikke	verb
slikkelap	noun
slikkepind	noun
slikkepot	noun
slim	noun
slippe	verb
slips	noun
slipsedyr	noun
slitage	noun
slof	noun
slot	noun
slovak	noun
slovakiet	name
slovakisk	adj,noun
slovakiskhed	noun
slovener	noun
slovenien	name
slovensk	adj,noun
slovenskhed	noun
slowmotion	noun
slud	noun
sludder	noun
sludre	verb
sluge	verb
slugt	noun
slukke	verb
slumre	verb
slurk	noun
sluse	noun
slut	adj,intj,noun
slutning	noun
slutspurt	noun
slutte	verb
slyngel	noun
slå	noun,verb
slåen	noun
slåenbær	noun
slående	adj
slås	verb
slåskamp	noun
slæb	noun
slæbe	verb
slæber	noun
slæde	noun,verb
slædefart	noun
slæe	noun
slægt	noun
slægtled	noun
slægtning	noun
slægtsforskning	noun
slægtskab	noun
slæng	noun
slænge	verb
slæt	noun
sløjfe	noun,verb
slør	noun
sløre	verb
sløring	noun
slørugle	noun
sløse	verb
sløseri	noun
sløset	adj
sløv	adj
smag	noun
smage	verb
smagløs	adj
smagløshed	noun
smagsløg	noun
smagsprøve	noun
smagssans	noun
smagsstof	noun
smal	adj
smalltalk	noun
smalspor	noun
smaragd	noun
smart	adj
smed	name,noun
smede	verb
smedejern	noun
smegma	noun
smelte	verb
smeltepunkt	noun
smeltevarme	noun
smergel	noun
smerte	noun,verb
smertefri	adj
smertefuld	adj
smertelig	adj
smertelindring	noun
smertestillende	adj
smidig	adj
smidiggøre	verb
smidighed	noun
smil	noun
smile	verb
smiley	noun
smilla	name
sminke	noun,verb
sminkedukke	noun
smitsom	adj
smitte	noun,verb
smog	noun
smoking	noun
sms	noun
smudsig	adj
smudsighed	noun
smug	noun
smugdrikke	verb
smugdrikkeri	noun
smugkig	noun
smugkigge	verb
smuglæse	verb
smuk	adj
smuldre	verb
smule	noun
smut	noun
smutte	verb
smyge	verb
smykke	noun,verb
smykkebutik	noun
smykkeforretning	noun
små	adj
småbarn	noun
småborgerskab	noun
småfuld	adj
småhus	noun
småkage	noun
smålig	adj
smålighed	noun
småregn	noun
småregne	verb
småsnakke	verb
småspise	verb
småsur	adj
småting	noun
smædeskrift	noun
smæk	noun
smækbukser	noun
smækfed	adj
smække	verb
smæld	noun
smælde	verb
smælder	noun
smældfed	adj
smøge	noun,verb
smølf	noun
smør	noun
smørbjerg	noun
smøre	noun,verb
smørelse	noun
smørepålæg	noun
smørrebrød	noun
smørtenor	noun
snabel	noun
snabel-a	noun
snakke	verb
snakkesalig	adj
snaldret	adj
snappe	verb
snaps	noun
snare	noun
snarere	adv
snarlig	adj
snarrådig	adj
snarrådighed	noun
snart	adv
snavset	adj
sne	noun,verb
snebold	noun
snebær	noun
snedig	adj
snedighed	noun
snedker	noun
snedkermester	noun
snedække	noun
snefald	noun
snefygning	noun
snegl	noun
sneglehus	noun
snegås	noun
snehvide	name
snekanon	noun
snemand	noun
snerle	noun
snerpe	noun
snerpet	adj
snerre	noun,verb
snert	adv,noun
snes	noun
snescooter	noun
snesevis	adv
sneslynge	noun
snestorm	noun
sneugle	noun
snevejr	noun
snige	verb
snigmorder	noun
snigskytte	noun
snigtyv	noun
sniksnak	noun
snild	adj
snilde	noun
snildt	adv
snitte	noun,verb
sno	verb
snobbe	noun,verb
snobbet	adj
snog	noun
snor	noun
snorke	verb
snot	noun
snothvalp	noun
snotunge	noun
snu	adj
snubbe	verb
snuble	verb
snuhed	noun
snuppe	verb
snurre	verb
snurretop	noun
snusket	adj
snut	noun
snyd	noun
snyde	verb
snydepels	noun
snyder	noun
snyderi	noun
snære	verb
snæver	adj
snæversynet	adj
snørebånd	noun
so	noun
sober	adj
social	adj
socialdemokrat	noun
socialdemokrati	noun
socialisme	noun
socialist	noun
socialistisk	adj
sociolekt	noun
sociolog	noun
sociologi	noun
sociologisk	adj
socioøkonomisk	adj
sod	noun
soda	noun
sodavand	noun
sodomi	noun
sofa	noun
sofavælger	noun
sofia	name
sofie	name
sofisme	noun
sofus	name
sogn	noun
sognekirke	noun
sojabønne	noun
sojaolie	noun
sok	noun
sokrates	name
sokratisk	adj
sol	noun
solarium	noun
solbad	noun
solbade	verb
solbader	noun
solbær	noun
sold	noun
soldat	noun
soldug	noun
soldyrkelse	noun
sole	verb
solen	name
solformørkelse	noun
solgud	noun
solhverv	noun
solid	adj
solidarisk	adj
solidaritet	noun
solmasse	noun
solnedgang	noun
solopgang	noun
solsikke	noun
solsikkeolie	noun
solskin	noun
solskoldning	noun
solsort	noun
solsystem	noun
soludbrud	noun
solur	noun
solveig	name
solvej	name
solvejg	name
solvens	noun
solvind	noun
som	conj,pron
somalia	name
somalier	noun
somalisk	adj
somaliskhed	noun
somatik	noun
somatisk	adj
sommer	noun
sommerdag	noun
sommerfugl	noun
sommerhalvår	noun
sommerhus	noun
sommerlejr	noun
sommermåned	noun
sommernat	noun
sommerregn	noun
sommersolhverv	noun
sommertid	noun
sommetider	adv
sonar	noun
sonate	noun
sonde	noun
sondere	verb
sondre	verb
sonet	noun
sonisk	adj
sonja	name
sonny	name
sophia	name
sophie	name
sophus	name
sopran	noun
sorg	noun
sorgfri	adj
sorgfuld	adj
sorgløs	adj
sort	adj,adv,noun
sortehavet	name
sortering	noun
sorteringsalgoritme	noun
sorteringsmaskine	noun
sorthed	noun
sorthus	noun
sortklædt	adj
sortladen	adj
sortmejse	noun
sortne	verb
sortseer	noun
souvenir	noun
souvenirbutik	noun
sove	verb
sovedyr	noun
sovepose	noun
sover	noun
sovesal	noun
soveværelse	noun
sovjetunionen	name
sovs	noun
spadsere	verb
spag	adj
spagfærdig	adj
spagfærdighed	noun
spalte	noun,verb
spam	noun
spamme	verb
spammer	noun
spand	noun
spang	noun
spanien	name
spanier	noun
spansk	adj,noun
spanskhed	noun
spar	noun
spare	noun,verb
sparegris	noun
spark	noun
sparsom	adj
sparsommelig	adj
sparsomt	adv
sparta	name
spartaner	noun
spartansk	adj
sparto	noun
spas	noun
spasser	noun
spastiker	noun
spat	noun
spatel	noun
specialbutik	noun
specialforretning	noun
specialisere	verb
specialisering	noun
speciel	adj
specificere	verb
specificering	noun
specifik	adj
spedalsk	adj
spedalskhed	noun
speeder	noun
speedmarker	noun
speedometer	noun
spegepølse	noun
spejde	verb
spejder	noun
spejderlejr	noun
spejl	noun
spejle	verb
spejlæg	noun
spektakel	noun
spektakelmager	noun
spekter	noun
spektrofotometri	noun
spektrum	noun
spekulation	noun
spekulativ	adj
spekulere	verb
spelt	noun
sperm	noun
spermatozo	noun
spidde	verb
spids	adj,noun
spidsand	noun
spidsborger	noun
spidse	verb
spidskål	noun
spidsmus	noun
spil	noun
spild	noun
spilde	verb
spildevand	noun
spile	verb
spilfigur	noun
spilkarakter	noun
spille	verb
spillekort	noun
spilleliste	noun
spiller	noun
spind	noun
spinde	verb
spindelvæv	noun
spindler	noun
spindoktor	noun
spinkel	adj
spinkelhed	noun
spion	noun
spionage	noun
spionere	verb
spir	noun
spiral	noun
spiritualitet	noun
spirituel	adj
spirituskørsel	noun
spise	noun,verb
spisebord	noun
spiseforstyrrelse	noun
spisehus	noun
spisekammer	noun
spisepind	noun
spiserør	noun
spiseske	noun
spiseskefuld	noun
spisested	noun
spisestue	noun
spiseæble	noun
spjætte	verb
splejse	verb
splejset	adj
splitte	verb
splittergal	adj
splitternøgen	adj
spole	noun,verb
spolere	verb
spondæ	noun
spondæisk	adj
sponsor	noun
spontan	adj
spontanitet	noun
spor	noun
sporadisk	adj
spore	noun,verb
sporehus	noun
sporløst	adv
sport	noun
sportsbutik	noun
sportsforretning	noun
sportsserie	noun
sportsudøver	noun
sporvogn	noun
spot	noun
spotsk	adj
spotte	verb
spottedrossel	noun
sprede	verb
spredning	noun
spredt	adj
spring	noun
springe	verb
springer	noun
springhalt	adj
springkniv	noun
springvand	noun
sprinte	verb
sprit	noun
spritbilist	noun
sprog	noun
sprogbrug	noun
sprogforsker	noun
sprogkyndig	adj
sproglig	adj
sproglyd	noun
sprogrensning	noun
sprogrøgt	noun
sprogspil	noun
sprogvidenskab	noun
sprogvidenskabelig	adj
sprut	noun
sprutte	verb
sprække	noun,verb
sprænge	verb
sprængning	noun
sprængstof	noun
sprød	adj
sprødhed	noun
sprøjte	noun,verb
sprøjtepose	noun
spule	verb
spurt	noun
spurte	verb
spurv	noun
spurvehøg	noun
spy	noun,verb
spyd	noun
spydig	adj
spydighed	noun
spydkast	noun
spydkaster	noun
spyt	noun
spytkirtel	noun
spytte	verb
spå	verb
spådom	noun
spåkone	noun
spåkvinde	noun
spåmand	noun
spån	noun
spånplade	noun
spædbarn	noun
spædbarnsdødelighed	noun
spæk	noun
spækhugger	noun
spækhøker	noun
spække	verb
spænde	noun,verb
spændende	adj
spænding	noun
spændingsforskel	noun
spændstig	adj
spændstighed	noun
spændt	adj
spæne	verb
spærre	noun,verb
spætmejse	noun
spætte	noun
spøg	noun
spøge	verb
spøgelse	noun
spøgelsesbilist	noun
spøgelseshus	noun
spørge	verb
spørgeundersøgelse	noun
spørgsmål	noun
spørgsmålstegn	noun
squash	noun
squashspiller	noun
srilankaner	noun
srilankansk	adj
srilankanskhed	noun
stab	noun
stabel	noun
stabil	adj
stabilisator	noun
stable	verb
stabling	noun
stadieveksling	noun
stadig	adj,adv
stadigvæk	adv
stadion	noun
stafet	noun
staffeli	noun
stage	name
stagflation	noun
stagnation	noun
stagnere	verb
stak	noun
stakit	noun
stakkel	noun
stakkels	adj
stakket	adj
stakåndet	adj
stakåndethed	noun
stald	noun
stalinisme	noun
stalinsk	adj
stamcelle	noun
stamfunktion	noun
stamkunde	noun
stamme	noun,verb
stammebåd	noun
stammen	noun
stammer	noun
stampe	verb
stand	noun
standard	noun
standardafvigelse	noun
standart	noun
standhaftig	adj
standhaftighed	noun
standpunkt	noun
standse	verb
stang	noun
stangmaske	noun
stangspring	noun
stangspringer	noun
stangstiv	adj
stangtennis	noun
staniol	noun
stank	noun
start	noun
startbane	noun
startblok	noun
starte	verb
starter	noun
startkomma	noun
startlinje	noun
starut	noun
stat	noun
statelig	adj
station	noun
stationcar	noun
stationsby	noun
statisk	adj
stativ	adj,noun
statsborger	noun
statsborgerskab	noun
statsbudget	noun
statsløs	adj
statsminister	noun
statsministerembede	noun
statsoverhoved	noun
statue	noun
status	noun
statussymbol	noun
stav	noun
stave	noun,verb
stavefejl	noun
staveform	noun
stavekontrol	noun
stavelse	noun
stavemåde	noun
stavgang	noun
stavkirke	noun
stavlygte	noun
stavn	noun
stavning	noun
stavnsbånd	noun
stavrim	noun
stavær	noun
steakhouse	noun
steakkniv	noun
stearin	noun
sted	noun
stedbarn	noun
steddatter	noun
stedfar	noun
stedfortræderkrig	noun
stedmor	noun
stedord	noun
stedprøve	noun
stedsans	noun
stedsegrøn	adj
stedvektor	noun
steen	name
stefan	name
stefanus	name
steffen	name
steffensen	name
steg	noun
stege	verb
stegepande	noun
stegning	noun
stel	noun
stele	noun
stella	name
stemme	noun,verb
stemmejern	noun
stempel	noun
stemt	adj
sten	name,noun
stenalder	noun
stenbro	noun
stenbukken	name
stenbunke	noun
stendynge	noun
stendød	adj
stene	verb
stenfrugt	noun
stenhugger	noun
stenhus	noun
stenhård	adj
stening	noun
stente	noun
stenvender	noun
stephan	name
stephanie	name
steppe	noun
stereotyp	noun
steril	adj
sterilisation	noun
sterilisere	verb
sterilitet	noun
stetoskop	noun
steven	name
steward	noun
stewardesse	noun
stgm	noun
sti	noun
stift	noun
stiftblyant	noun
stifte	verb
stiftelse	noun
stig	name
stige	noun,verb
stigma	noun
stigning	noun
stik	adv,noun
stikdåse	noun
stikirenddreng	noun
stikke	verb
stikkelsbær	noun
stikkende	adj
stikkeri	noun
stikkontakt	noun
stiknarkoman	noun
stikprøve	noun
stiksav	noun
stil	noun
stilhed	noun
stilig	adj
stilk	noun
stillads	noun
stille	adj,adv,noun,verb
stilleben	noun
stillehavet	name
stilleleg	noun
stillestående	adj
stilling	noun
stime	noun
stimulans	noun
stimulation	noun
stimulator	noun
stimulere	verb
stimulering	noun
stimulus	noun
stind	adj
stine	name
stinkdyr	noun
stinke	verb
stipendium	noun
stirre	verb
stiv	adj
stivelse	noun
stiver	noun
stivhed	noun
stivne	verb
stjerne	noun
stjernebillede	noun
stjernedyrkelse	noun
stjernehob	noun
stjernekaster	noun
stjernekort	noun
stjerneskud	noun
stjernestøv	noun
stjålen	adj
stjæle	verb
stm	noun
stockholm	name
stodder	noun
stof	noun
stofafhængig	adj
stofafhængighed	noun
stofbevarelse	noun
stoffri	adj
stofkonstant	noun
stoflig	adj
stoflighed	noun
stofmisbrug	noun
stofmisbruger	noun
stofmængde	noun
stofmængdekoncentration	noun
stofskifte	noun
stok	noun
stokastisk	adj
stol	noun
stole	verb
stoledans	noun
stolt	adj
stolthed	noun
stopmæt	adj
stoppe	verb
stor	adj
storbritannien	name
storby	noun
storcirkel	noun
storcirkelbue	noun
storebror	noun
storebælt	name
storesøster	noun
storetå	noun
storgople	noun
storhed	noun
storhjerne	noun
stork	noun
storkenæb	noun
storm	name,noun
storme	verb
stormflod	noun
stormfugl	noun
stormmåge	noun
stormogul	noun
stormsvale	noun
stormvind	noun
storpolitik	noun
storryger	noun
storsind	noun
storsindet	adj
stortrives	verb
stovt	adj
straf	noun
strafarbejde	noun
strafbar	adj
straffe	verb
straffeattest	noun
straffekoloni	noun
straffelejr	noun
straffelov	noun
strafferet	noun
straffespark	noun
straffesparksplet	noun
straffrihed	noun
straframme	noun
straight	adj,noun
straks	adv,conj
stram	adj
stramhed	noun
stramme	verb
strand	noun
strande	verb
stranding	noun
strandkant	noun
strandkål	noun
strandskade	noun
strandvolley	noun
strategi	noun
strategisk	adj
stratosfære	noun
stratosfærisk	adj
streg	noun
strege	verb
stregkode	noun
strejf	noun
strejfe	verb
strejke	noun,verb
streng	adj,noun
strengeinstrument	noun
strenghed	noun
stress	noun
stresse	verb
stribe	noun,verb
strid	adj,noun
stridbar	adj
stridbarhed	noun
stride	verb
strides	verb
stridig	adj
stridighed	noun
stridskær	adj
stridskølle	noun
stridslysten	adj
stridsvogn	noun
strik	noun
strikke	noun,verb
strikkefasthed	noun
strikkepind	noun
strikketøj	noun
strikning	noun
strippoker	noun
strofe	noun
strontium	noun
strop	noun
strube	noun
strubehoste	noun
strubehoved	noun
struds	noun
stryg	noun
stryge	verb
strygebræt	noun
strygejern	noun
strygekvartet	noun
strygekvintet	noun
strygning	noun
strå	noun
strådød	noun
stråmand	noun
stræbe	verb
stræben	noun
stræber	noun
stræbsom	adj
stræbsomhed	noun
stræde	noun
strække	verb
strø	noun,verb
strøg	noun
strøm	name,noun
strømme	verb
strømning	noun
strømpe	noun
strømpepind	noun
strømstyrke	noun
stub	noun
stud	noun
student	noun
studentereksamen	noun
studere	verb
studerende	noun
studie	noun
studievejleder	noun
studium	noun
studse	verb
stue	noun
stuearrest	noun
stueflue	noun
stuehus	noun
stuepige	noun
stueren	adj
stum	adj
stumhed	noun
stump	adj,noun
stund	noun
stupid	adj
stupiditet	noun
stuve	verb
stuvning	noun
styg	adj
stykke	noun,verb
stylte	noun
styr	noun
styrbord	adv,noun
styre	noun,verb
styrehus	noun
styrelse	noun
styresystem	noun
styrke	noun,verb
styrkelse	noun
styrmand	noun
styrte	verb
styrtende	adj
styrtregn	noun
styrtregne	verb
stå	noun,verb
stående	adj
ståhej	noun
stål	noun
stålorm	noun
ståltråd	noun
ståsted	noun
stædig	adj
stædighed	noun
stække	verb
stængel	noun
stænke	verb
stænket	adj
stænkning	noun
stær	noun
stærk	adj
stærkhed	noun
stævne	noun,verb
stævnemøde	noun
stævning	noun
støbe	verb
støbejern	noun
støber	noun
støberi	noun
stød	noun
støddæmper	noun
støde	verb
støder	noun
stødt	adj
stødtand	noun
støj	noun
støjbergsk	adj
støje	verb
støkiometri	noun
stønne	verb
stønnen	noun
stør	noun
størkne	verb
størrelse	noun
størrelsesmæssig	adj
støt	adj,adv
støtte	noun,verb
støv	noun
støve	verb
støvet	adj
støvle	noun
støvmide	noun
støvsuge	verb
støvsuger	noun
subarktisk	adj
subjekt	noun
subjektiv	adj
subjektivitet	noun
subjektsprædikat	noun
subkontinent	noun
subkultur	noun
subkulturel	adj
subkutan	adj
sublim	adj
sublimere	verb
submarin	adj
substans	noun
substantiel	adj
substantiv	noun
substituere	verb
substitut	noun
subtil	adj
subtraktion	noun
subversiv	adj
subwoofer	noun
succes	noun
sudan	name
sudaner	noun
sudaneser	noun
sudanesisk	adj
sudanesiskhed	noun
sudansk	adj
sudoku	noun
suffiks	noun
sufi	noun
sufisme	noun
suge	verb
sugekolbe	noun
suggerere	verb
sukke	verb
sukker	noun
sukkerraffinaderi	noun
sukkerroe	noun
sukkersyge	noun
sukkervand	noun
sul	noun
sule	noun
sulfat	noun
sult	noun
sultan	noun
sultanat	noun
sulte	verb
sultedød	noun
sulten	adj
sultestrejke	noun,verb
sum	noun
sump	noun
sumpbæver	noun
sumpmejse	noun
sumpskildpadde	noun
sund	adj,noun
sunde	verb
sundhed	noun
sundhedsfarlig	adj
sundhedsmæssig	adj
sune	name
sunni	noun
superb	adj
superhelt	noun
superledende	adj
superleder	noun
supermagt	noun
supermarked	noun
superorganisme	noun
superskurk	noun
suppe	noun
suppedas	noun
supplement	noun
supplere	verb
sur	adj,noun
sura	noun
surbær	noun
surdej	noun
surhedsregulator	noun
surjektiv	adj
surkål	noun
surmule	verb
sus	noun
susan	name
susanna	name
susanne	name
sushi	noun
suspekt	adj
suspendere	verb
suspensorium	noun
sussi	name
sussie	name
sut	noun
sutte	verb
sutteflaske	noun
suveræn	adj,noun
suverænitet	noun
suverænitetsafgivelse	noun
svada	noun
svag	adj
svagelig	adj
svagelighed	noun
svaghed	noun
sval	adj
svale	noun,verb
svalegang	noun
svalhed	noun
svamp	noun
svampignon	noun
svane	noun
svanegås	noun
svaneham	noun
svanesang	noun
svanger	adj
svangerskab	noun
svar	noun
svare	verb
svarperson	noun
svartbag	noun
svastika	noun
sved	noun
sveddråbe	noun
svede	verb
svedig	adj
svelle	noun
svend	name,noun
svendborgenser	noun
svendsen	name
svensk	adj,noun
svensker	noun
svenskhed	noun
svensknøgle	noun
svensson	name
sverige	name
svide	verb
svie	noun,verb
svig	noun
svigagtig	adj
svige	verb
svigerdatter	noun
svigerfamilie	noun
svigerfar	noun
svigerinde	noun
svigermor	noun
svigersøn	noun
svigte	verb
svimmel	adj
svimmelhed	noun
svin	noun
svind	noun
svinde	verb
svindel	noun
svindle	verb
svindler	noun
svindleri	noun
svine	verb
svinekød	noun
svineri	noun
svinge	verb
svip	noun
svire	verb
svirre	verb
svoger	noun
svoren	adj
svovl	noun
svovlsyre	noun
svullen	adj
svulme	verb
svulst	noun
svulstig	adj
svulstighed	noun
svække	verb
svækkelse	noun
svækling	noun
svælg	noun
svælge	verb
svælgkatar	noun
svær	adj,noun
sværd	noun
sværdbrev	noun
sværddrager	noun
sværdfisk	noun
sværge	verb
sværhedsgrad	noun
sværm	noun
sværme	verb
sværmer	noun
svæve	verb
svøb	noun
svøbe	noun,verb
svømme	verb
svømmebassin	noun
svømmehal	noun
svømning	noun
sy	verb
syd	adv,noun
sydafrikaner	noun
sydafrikansk	adj
sydamerika	name
syde	verb
syden	noun
sydkorea	name
sydkyst	noun
sydlig	adj
sydslesvig	name
sydsudan	name
sydvest	adv,noun
sydøst	adv,noun
syer	noun
syerske	noun
syfilis	noun
syfilitiker	noun
syfilitisk	adj
syg	adj
sygdom	noun
sygdomsfri	adj
syge	noun
sygebesøg	noun
sygehus	noun
sygelig	adj
sygeliggøre	verb
sygelighed	noun
sygeplejerske	noun
sygne	verb
sykofant	noun
syl	noun
syllogisme	noun
sylte	noun,verb
syltetøj	noun
sylvia	name
symaskine	noun
symbol	noun
symbolpolitik	noun
symfoni	noun
symfoniorkester	noun
symmetri	noun
symmetrisk	adj
sympati	noun
sympatisere	verb
sympatisk	adj
sympatisør	noun
symptom	noun
syn	noun
synagoge	noun
synapse	noun
synd	noun
synde	verb
synder	noun
synderlig	adj
syndflod	noun
syndig	adj
syndighed	noun
syndrom	noun
syndsbekendelse	noun
syndsforladelse	noun
syne	verb
synekdoke	noun
synergetisk	adj
synergi	noun
synes	verb
synge	verb
synke	verb
synkron	adj
synkronisere	verb
synkronisering	noun
synlig	adj
synliggøre	verb
synliggørelse	noun
synlighed	noun
synonym	adj,noun
synonymi	noun
synonymordbog	noun
synoptisk	adj
synsbedrag	noun
synsfelt	noun
synsforstyrrelse	noun
synsk	adj
synskhed	noun
synsmæssig	adj
synsnerve	noun
synsprøve	noun
synspunkt	noun
synssans	noun
synstest	noun
syntaks	noun
syntese	noun
syntetisk	adj
syre	noun
syregruppe	noun
syren	noun
syrer	noun
syreregn	noun
syret	adj
syrien	name
syrienskriger	noun
syrisk	adj
syriskhed	noun
syrlig	adj
syrlighed	noun
syrne	verb
syrning	noun
sysle	verb
syssel	noun
system	noun
systematik	noun
systematisere	verb
systematisk	adj
systemisk	adj
sytten	num
syv	num
syvende	num
syver	noun
syvkæmper	noun
syvling	noun
syvogfirs	num
syvogfyrre	num
syvoghalvfems	num
syvoghalvfjerds	num
syvoghalvtreds	num
syvogtredive	num
syvogtredve	num
syvogtres	num
syvogtyve	num
syvsproget	adj
syvti	num
så	adv,conj,intj,pron,verb
sådan	adj,adv
såfremt	conj
sågar	adv
såkaldt	adj
sål	noun
sålbænk	noun
således	adv
sår	adj,noun
sårbar	adj
sårbarhed	noun
såre	verb
såsom	conj
såsæd	noun
sæbe	noun,verb
sæbeopera	noun
sæbeskål	noun
sæd	name,noun
sædafgang	noun
sædblære	noun
sædcelle	noun
sæde	noun
sædegård	noun
sædelighed	noun
sædelighedsforbrydelse	noun
sædgås	noun
sædvane	noun
sædvanlig	adj
sædvanligvis	adv
sæk	noun
sækkevæddeløb	noun
sæl	noun
sælbestand	noun
sælge	verb
sælger	noun
sælsom	adj
sænke	verb
sær	adj
særaftale	noun
særbehandling	noun
særdeles	adv
særdeleshed	noun
særegen	adj
særegenhed	noun
særinteresse	noun
særkende	noun
særlig	adj
særligt	adv
særomvisning	noun
særordning	noun
særpræg	noun
særskilt	adj
særskrivning	noun
særsproglig	adj
særstatus	noun
særstilling	noun
særsyn	noun
særtilbud	noun
særtilfælde	noun
særtræk	noun
sæson	noun
sæsonkort	noun
sæt	noun
sæter	noun
sætning	noun
sætte	verb
sætter	noun
sætternisse	noun
sø	noun
søbe	verb
søbred	noun
sød	adj,noun
søde	verb
sødestof	noun
sødladen	adj
sødme	noun
sødmælk	noun
sødygtig	adj
søfarer	noun
søfugl	noun
søgaard	name
søgang	noun
søgbar	adj
søge	verb
søgemaskine	noun
søgeresultat	noun
søgsmål	noun
søgt	adj
søhelt	noun
søjle	noun
søko	noun
søkonge	noun
søkort	noun
søle	noun,verb
sølle	adj
sølv	noun
sølvbryllup	noun
sølvgrå	adj
sølvhvid	adj
sølvmedalje	noun
sølvmåge	noun
sølvnitrat	noun
sølvpapir	noun
sølvpapirshat	noun
sølvsmed	noun
sølvtøj	noun
søløve	noun
søm	noun
sømagt	noun
sømand	noun
sømandskab	noun
sømil	noun
sømme	verb
sømmelig	adj
sømmelighed	noun
sømærke	noun
søn	noun
søndag	noun
søndergaard	name
sønderjyde	noun
sønderjysk	adj,noun
søndre	adj,verb
søpapegøje	noun
søpindsvin	noun
søren	adv,name
sørensen	name
sørge	verb
sørgelig	adj
sørgmodig	adj
sørgmodighed	noun
sørine	name
sørøver	noun
søs	name
søskende	noun
søslag	noun
søster	noun
søsterprojekt	noun
søsterselskab	noun
søsterskab	noun
søstjerne	noun
søsyg	adj
søsyge	noun
søtunge	noun
søvn	noun
søvnapnø	noun
søvndrukken	adj
søvngænger	noun
søvngængeri	noun
søvnig	adj
søvnighed	noun
søvnløs	adj
søvnløshed	noun
søvnmangel	noun
søvnproblem	noun
søværn	noun
t	character,noun
ta	verb
tab	noun
tabe	verb
tabel	noun
taber	noun
tabu	noun
tabuisere	verb
taburet	noun
tadsjiker	noun
taffeland	noun
tag	noun
tagalog	noun
tage	name,verb
tagetage	noun
tagetes	noun
taglharpe	noun
tagrende	noun
taiwan	name
taiwaner	noun
taiwansk	adj
tak	intj,noun
takke	verb
takkekort	noun
taknemmelig	adj
taknemmelighed	noun
taks	noun
tal	noun
tale	noun,verb
taleboble	noun
talehandling	noun
taleksempel	noun
talekunst	noun
talemåde	noun
talent	noun
taler	noun
talg	noun
talisman	noun
talje	noun
talk	noun
talkum	noun
tallerken	noun
tallerkenneger	noun
tallinn	name
talløs	adj
talmæssig	adj
talord	noun
talrig	adj
talsmand	noun
talsperson	noun
talstærk	adj
talteori	noun
tam	adj
tamgås	noun
tamp	noun
tampere	name
tand	noun
tandbørste	noun
tandhjul	noun
tandlæge	noun
tandlægeangst	noun
tandpasta	noun
tandsmør	noun
tandsten	noun
tandtråd	noun
tang	name,noun
tange	noun
tangens	noun
tangent	noun
tango	noun
tanja	name
tank	noun
tankbil	noun
tanke	noun,verb
tankeeksperiment	noun
tankeform	noun
tankefuld	adj
tankegang	noun
tankegods	noun
tankelæser	noun
tankeløs	adj
tankeløshed	noun
tanker	noun
tankereferat	noun
tanketom	adj
tankevækkende	adj
tankskib	noun
tankstation	noun
tankvogn	noun
tantal	noun
tante	noun
tanzania	name
tanzaniansk	adj
tanzanier	noun
tap	noun
tape	noun,verb
tapet	noun
taphul	noun
tappe	verb
tapper	adj
tapperhed	noun
tarm	noun
tarok	noun
tarot	noun
tartan	noun
tarv	noun
tarvelig	adj
tasiilaq	name
taske	noun
taskekrabbe	noun
tasmanien	name
tast	noun
tastatur	noun
taste	verb
tatovere	verb
tatovering	noun
tatovør	noun
tautologi	noun
tautologisk	adj
tavl	noun
tavle	noun
tavs	adj
tavshed	noun
tavshedspligt	noun
taxa	noun
taxachauffør	noun
taxi	noun
taxivej	noun
taylorpolynomium	noun
taylorrække	noun
tb	noun
tchad	name
te	noun,verb
teater	noun
teatralsk	adj
tebrev	noun
technetium	noun
teddy	name
teddybjørn	noun
teenager	noun
tegl	noun
teglværk	noun
tegn	noun
tegne	verb
tegnebog	noun
tegnebord	noun
tegnefilm	noun
tegner	noun
tegneserie	noun
tegning	noun
tegnsprog	noun
tegnsætning	noun
teheran	name
tehus	noun
teint	noun
tejst	noun
teknik	noun
tekniker	noun
teknisk	adj
teknologisk	adj
tekst	noun
tekstil	noun
tekstilproduktion	noun
tekstnær	adj
tekstuel	adj
tekstur	noun
telefon	noun
telefonbog	noun
telefonboks	noun
telefoni	noun
telefonnummer	noun
telefonsamtale	noun
telefonsvarer	noun
telegraf	noun
telegrafi	noun
telegrafist	noun
telegram	noun
teleskop	noun
teleskopisk	adj
tellur	noun
tellurium	noun
telt	noun
teltlejr	noun
tema	noun
temmelig	adv
tempel	noun
tempeltræ	noun
temperament	noun
temperamentsfuld	adj
temperatur	noun
temperaturforhold	noun
tempo	noun
temporær	adj
ten	noun
tendens	noun
tenna	name
tennessee	name
tennessin	noun
tennis	noun
tennisbane	noun
tennisbold	noun
tennisketsjer	noun
tennisspiller	noun
tenor	noun
teokrati	noun
teolog	noun
teologi	noun
teologisk	adj
teorem	noun
teoretiker	noun
teoretisere	verb
teoretisk	adj
teori	noun
teosofi	noun
tepose	noun
tepotte	noun
terapeut	noun
terapi	noun
terbium	noun
termin	noun
terminologi	noun
terminologisk	adj
termisk	adj
termometer	noun
termostat	noun
terne	noun
terning	noun
terpentin	noun
terrasse	noun
terrestrisk	adj
terrier	noun
territorial	adj
territorium	noun
terror	noun
terrorhandling	noun
terrorliste	noun
terræn	noun
terzet	noun
terzine	noun
tese	noun
teske	noun
teskefuld	noun
test	noun
testamente	noun
teste	verb
tester	noun
testikel	noun
testimonial	noun
testimonium	noun
testning	noun
testosteron	noun
tetraeder	noun
tetrahydrocannabinol	noun
texas	name
thai	noun
thailand	name
thailandsk	adj
thailandskhed	noun
thailænder	noun
thallium	noun
thanatos	name
thea	name
theben	name
theis	name
themis	name
themsen	name
theodor	name
theodora	name
therese	name
thomas	name
thomassen	name
thomine	name
thomsen	name
thor	name
thora	name
thorbjørn	name
thorium	noun
thorkild	name
thorsen	name
thorshavn	name
thorup	name
thorvald	name
thorvaldsen	name
thrane	name
thrige	name
thukydid	name
thulium	noun
thyge	name
thygesen	name
thyra	name
thøgersen	name
ti	num
tibetaner	noun
tibetansk	adj
tibetanskhed	noun
tibetologi	noun
tid	noun
tidevand	noun
tidlig	adj,adv
tidløs	adj
tidsalder	noun
tidsel	noun
tidsforlængelse	noun
tidsfrist	noun
tidsledelse	noun
tidslinje	noun
tidsmaskine	noun
tidsnok	adv
tidsoptimist	noun
tidspunkt	noun
tidsrejse	noun
tidsskrift	noun
tidssvarende	adj
tidszone	noun
tidsånd	noun
tie	verb
tiende	noun,num
tiendedel	noun
tier	noun
tiger	noun
tigerbestand	noun
tigge	verb
tigger	noun
tiggeri	noun
tight	adj
tikæmper	noun
til	adv,conj,prep
tilbage	adv
tilbagegang	noun
tilbageholdende	adj
tilbageholdenhed	noun
tilbageslag	noun
tilbagestående	adj
tilbageståenhed	noun
tilbagevirkende	adj
tilbede	verb
tilbedelse	noun
tilbeder	noun
tilberede	verb
tilberedelse	noun
tilberedning	noun
tilblivelse	noun
tilbomme	verb
tilbringe	verb
tilbud	noun
tilbyde	verb
tilbygge	verb
tilbygning	noun
tilbøjelig	adj
tilbøjelighed	noun
tilde	name
tildele	verb
tildragelse	noun
tildække	verb
tilforladelig	adj
tilforn	adv
tilfreds	adj
tilfredshed	noun
tilfredsstille	verb
tilfredsstillende	adj,adv
tilfælde	noun
tilfældig	adj
tilfældighed	noun
tilfældighedsfund	noun
tilfældigvis	adv
tilføje	verb
tilføjelse	noun
tilføre	verb
tilførsel	noun
tilgang	noun
tilgive	verb
tilgivelig	adj
tilgivelse	noun
tilgodese	verb
tilgå	verb
tilgængelig	adj
tilgængeliggøre	verb
tilgængelighed	noun
tilhviske	verb
tilhænger	noun
tilhør	noun
tilhøre	verb
tilhørende	adj
tilhører	noun
tilhørsforhold	noun
tilhørssted	noun
tilintetgøre	verb
tilintetgørelse	noun
tilkende	verb
tilkendegive	verb
tilkendegivelse	noun
tilknytning	noun
tilknytte	verb
tilkørsel	noun
tillade	verb
tilladelse	noun
tilledning	noun
tillid	noun
tillidskultur	noun
tillykke	intj,noun
tillæg	noun
tillægsform	noun
tillægsord	noun
tilmed	adv
tilnavn	noun
tilpas	adj
tilpasning	noun
tilpasningsdygtig	adj
tilpasse	verb
tilpasset	verb
tilråbe	verb
tilråde	verb
tilrådelig	adj
tilsammen	adv
tilsidesætte	verb
tilsige	verb
tilskynde	verb
tilskyndelse	noun
tilslutte	verb
tilstand	noun
tilstandsfunktion	noun
tilstedeværelse	noun
tilstrækkelig	adj
tilstå	verb
tilståelse	noun
tilstøde	verb
tilstødende	adj
tilsyn	noun
tilsyneladende	adj,adv
tilsætte	verb
tiltag	noun
tiltage	verb
tiltale	noun,verb
tiltalefald	noun
tiltalende	adj
tiltro	noun,verb
tiltrække	verb
tilvejebringe	verb
tilvejebringelse	noun
tilværelse	noun
tim	name
time	noun,verb
timeglas	noun
timemanager	noun
timer	noun
timevis	adv
timian	noun
timotheus	name
tin	noun
tina	name
tinde	noun
tinding	noun
tindre	verb
tindrende	adv
tine	name
ting	noun
tinge	verb
tingest	noun
tinghus	noun
tingmand	noun
tingslig	adj
tingsliggøre	verb
tingsliggørelse	noun
tippe	verb
tirade	noun
tirre	verb
tirsdag	noun
tisproget	adj
tisse	verb
tisser	noun
tit	adv,noun
titan	noun
titanium	noun
titel	noun
titrand	noun
titrator	noun
titrere	verb
titrering	noun
titte	verb
titusind	noun
titusindvis	adv
tivoli	noun
tja	intj
tjek	noun
tjekke	noun,verb
tjekket	adj
tjekkiet	name
tjekkisk	adj,noun
tjekkiskhed	noun
tjekkoslovakiet	name
tjekliste	noun
tjene	verb
tjener	noun
tjenerskab	noun
tjeneste	noun
tjenestegørende	adj
tjenlig	adj
tjenstlig	adj
tjenstvillig	adj
tjenstvillighed	noun
tjernobyl	name
tjetjener	noun
tjetjenien	name
tjetjensk	adj,name
tjukotskij	name
tjur	noun
tjære	noun,verb
tjæresand	noun
tjørn	noun
to	num
tobak	noun
tobias	name
toer	noun
tofamilieshus	noun
toft	name,noun
tofte	noun
tog	noun
togbillet	noun
togstation	noun
togt	noun
togvogn	noun
toilet	noun
toiletbørste	noun
toiletpapir	noun
toiletrulle	noun
toke	name
toksikolog	noun
toksin	noun
toksisk	adj
toksvig	name
tokyo	name
told	noun
tolerant	adj
tolerere	verb
tolk	noun
tolke	verb
tolkning	noun
tolv	num
tolvfingertarm	noun
tolvte	num
tom	adj,name
tomas	name
tomat	noun
tomatiseret	adj
tomatjuice	noun
tomatsuppe	noun
tombak	noun
tombola	noun
tomgang	noun
tomhed	noun
tomle	verb
tomme	noun
tommel	noun
tommelfinger	noun
tommelfingerregel	noun
tommestok	noun
tommy	name
tomrum	noun
tomt	noun
ton	noun
tone	noun,verb
tonegang	noun
tonga	name
tonni	name
tonny	name
tony	name
toogfirs	num
toogfyrre	num
tooghalvfems	num
tooghalvfjerds	num
tooghalvtreds	num
toogtredive	num
toogtredve	num
toogtres	num
toogtyve	num
top	noun
topas	noun
topform	noun
topløs	adj
topnøgle	noun
topograf	noun
topografi	noun
topografisk	adj
topolog	noun
topologi	noun
topstyret	adj
topti	noun
toptiliste	noun
tor	name
torben	name
torden	noun
tordengud	noun
tordensky	noun
tordenvejr	noun
tordne	verb
torino	name
torkild	name
torn	noun
tornado	noun
tornblad	noun
tornefuld	adj
tornerose	name
tornet	adj
tornirisk	noun
tornløs	adj
tornsanger	noun
torp	noun
torsdag	noun
torsion	noun
torsk	noun
torso	noun
torsten	name
tortere	verb
tortur	noun
torturere	verb
torturkammer	noun
torv	noun
tosproget	adj
tosse	noun,verb
tosset	adj
total	adj,noun
totalitarisme	noun
totalmatrix	noun
totalt	adv
toti	num
tov	noun
tove	name
tradition	noun
traditionel	adj
trafikant	noun
trafiklys	noun
trafikprop	noun
trafikskole	noun
tragedie	noun
tragisk	adj
tragt	noun
trailer	noun
traktat	noun
traktatstridig	adj
traktere	verb
traktor	noun
traktorfører	noun
trampe	verb
trampolin	noun
trance	noun
tranceagtig	adj
tranebær	noun
trang	adj,noun
trankebar	name
tranquebar	name
transfobi	noun
transformator	noun
transformer	noun
transfyr	noun
transistor	noun
transistorradio	noun
transitiv	adj
transkvinde	noun
transkønnet	adj
transkønnethed	noun
translitteration	noun
transmand	noun
transmission	noun
transmittere	verb
transparens	noun
transparent	adj,noun
transperson	noun
transpige	noun
transportabel	adj
transportsyge	noun
transseksuel	adj
transskription	noun
transvestit	noun
trapez	noun
trappe	noun
trappeform	noun
trappehus	noun
traske	verb
traumatisk	adj
trav	noun
trave	verb
travl	adj
travlhed	noun
tre	num
tredive	num
tredivte	num
tredje	num
tredjedel	noun
tredjepart	noun
tredjeudgave	noun
treer	noun
trekant	noun
trekantet	adj
trekke	verb
trekløver	noun
tremme	noun
treogfirs	num
treogfyrre	num
treoghalvfems	num
treoghalvfjerds	num
treoghalvtreds	num
treogtredive	num
treogtredve	num
treogtres	num
treogtyve	num
tres	num
tresindstyvende	num
trespring	noun
trespringer	noun
tresproget	adj
tressende	num
treti	num
tretten	num
treven	adj
triangel	noun
triangulær	adj
triatlon	noun
trick	noun
trigonometrisk	adj
trille	verb
trillebør	noun
trilling	noun
trimester	noun
trin	noun
trine	name
trinidader	noun
trinidadisk	adj
triode	noun
trist	adj
tristesse	noun
tristhed	noun
trit	noun
tritium	noun
triumf	noun
trivelig	adj
trives	verb
trivialnavn	noun
triviel	adj
trivsel	noun
tro	adj,noun,verb
trods	noun,prep
trodse	verb
trodsig	adj
troels	name
troelsgaard	name
troende	adj,noun
trofast	adj
trofasthed	noun
troglodyt	noun
troja	name
trojaner	noun
trojansk	adj
trokæ	noun
trokæisk	adj
trold	noun
trolddom	noun
trolddomsmæssig	adj
troldkarl	noun
troldkvinde	noun
troldmand	noun
troldspejl	noun
trolig	adj
troløs	adj
troløshed	noun
tromlefed	adj
tromme	noun,verb
trommehinde	noun
trommestik	noun
trommesæt	noun
trompet	noun
trompeter	noun
tromsø	name
tronarving	noun
trondhjem	name
trone	noun,verb
tropisk	adj
tropisme	noun
troposfære	noun
trosbekendelse	noun
trosfælle	noun
troskab	noun
troslære	noun
trossamfund	noun
trosse	noun
troværdig	adj
troværdighed	noun
trubadur	noun
truck	noun
true	verb
trug	noun
trumf	noun
trumpisme	name,noun
trussel	noun
tryg	adj
tryghed	noun
tryk	noun
trykblyant	noun
trykfejl	noun
trykke	verb
trykker	noun
trykkoger	noun
trykstærk	adj
tryksvag	adj
trylle	verb
tryllebinde	verb
trylledej	noun
tryllekunstner	noun
trylleri	noun
tryllestav	noun
tryne	noun,verb
tråd	noun
tråde	verb
trådløs	adj
træ	noun
træagtig	adj
træblæseinstrument	noun
træblæser	noun
træbord	noun
træbro	noun
træbåd	noun
træbænk	noun
træde	verb
trædemølle	noun
træf	noun
træffe	verb
træffende	adj,adv
træffes	verb
træg	adj
træghed	noun
trægrænse	noun
trægulv	noun
træhest	noun
træhus	noun
træhveps	noun
træindustri	noun
træk	noun
trækbasun	noun
trækdyr	noun
trækfugl	noun
trækharmonika	noun
trækirke	noun
trække	verb
trækkerdreng	noun
trækrone	noun
trækul	noun
træl	noun
trælagtig	adj
trældom	noun
trælle	verb
træls	adj
trælsom	adj
træløs	adj
træmasse	noun
træn	noun
træne	verb
træner	noun
trænet	adj
trænge	verb
træning	noun
træningsdragt	noun
træningslejr	noun
trærod	noun
træskib	noun
træsko	noun
træskonæb	noun
træskur	noun
træsnit	noun
træstamme	noun
træstub	noun
træt	adj
træthed	noun
trætop	noun
trætte	verb
trættekær	adj
trævare	noun
trævl	noun
trøffel	noun
trøje	noun
trøst	noun
trøste	verb
trøster	noun
trøstesløs	adj
trøstesløshed	noun
trøstig	adj
tsk	intj
tsunami	noun
tuberkulose	noun
tuberose	noun
tud	noun
tude	verb
tudekiks	noun
tudse	noun
tudsegammel	adj
tue	name
tugtelse	noun
tugthus	noun
tulipan	noun
tulipantræ	noun
tumor	noun
tumult	noun
tun	noun
tuneser	noun
tunesien	name
tunesisk	adj
tunesiskhed	noun
tung	adj
tunge	noun
tungemål	noun
tungnem	adj
tungnemhed	noun
tungsind	noun
tungsindig	adj
tungsindighed	noun
tungtopløselig	adj
tunika	noun
tunis	name
tunnel	noun
tunnelbane	noun
tunnelsyn	noun
tupilak	noun
tur	noun
turban	noun
turbine	noun
turde	verb
turisme	noun
turist	noun
turiststrøm	noun
turkis	adj,noun
turkmener	noun
turkmenistan	name
turnus	noun
turteldue	noun
tus	noun
tusind	noun,num
tusinde	noun,num
tusindvis	adv
tusmørke	noun
tut	noun
tutte	verb
tuvalu	name
tv	noun
tv-avis	noun
tv-kanal	noun
tv-program	noun
tv-serie	noun
tv-station	noun
tvang	noun
tvangsarbejde	noun
tvangshandling	noun
tvangsindlægge	verb
tvangsindlæggelse	noun
tvangstanke	noun
tvedragt	noun
tvekamp	noun
tvelyd	noun
tvetydig	adj
tvetydighed	noun
tveægget	adj
tvilling	name,noun
tvillingerne	name
tvillingeskab	noun
tvinde	verb
tvinge	noun,verb
tvist	noun
tviste	verb
tvivl	noun
tvivle	verb
tvivler	noun
tvivlrådig	adj
tvivlrådighed	noun
tvivlsom	adj
tvungen	adj
tvær	adj
tværbølge	noun
tvære	verb
tværfløjte	noun
tværs	adv
tværskib	noun
tværskibs	adv
tvært	adv
tværtimod	adv
tværvektor	noun
tvætte	verb
tweet	noun
tweete	verb
ty	verb
tyde	verb
tydelig	adj
tydeliggøre	verb
tydeliggørelse	noun
tydelighed	noun
tydeligvis	adv
tyende	noun
tyfon	noun
tyfus	noun
tyfusepidemi	noun
tygge	verb
tyggegummi	noun
tyk	adj
tykhornsfår	noun
tykkelse	noun
tykmælk	noun
tyktarm	noun
tylle	verb
tympanon	noun
tynd	adj
tyndtarm	noun
tyndtlagskromatografi	noun
tyngde	noun
tyngdefelt	noun
tyngdekraft	noun
tynge	verb
type	noun
typehus	noun
typeopgave	noun
typisk	adj
typograf	noun
typografi	noun
tyr	name,noun
tyran	noun
tyre	verb
tyren	name
tyrker	noun
tyrkerdue	noun
tyrkiet	name
tyrkificering	noun
tyrkisk	adj,noun
tyrkiskhed	noun
tysk	adj,noun
tyskbog	noun
tysken	name
tysker	noun
tyskertøs	noun
tyskhed	noun
tyskland	name
tyst	adj,adv
tysthed	noun
tystne	verb
tyttebær	noun
tyv	noun
tyve	num
tyvende	num
tyver	noun
tyveri	noun
tzatziki	noun
tå	noun
tåbe	noun
tåbelig	adj
tåbelighed	noun
tåge	noun,verb
tågekammer	noun
tåle	verb
tålelig	adj
tålmodig	adj
tålmodighed	noun
tånegl	noun
tår	noun
tåre	noun
tåregas	noun
tårn	noun
tårne	verb
tårnfalk	noun
tåsinge	name
tæft	noun
tække	noun,verb
tækkelig	adj
tækkemand	noun
tækkes	verb
tælle	noun,verb
tællelig	adj
tæller	noun
tælling	noun
tæmme	verb
tæmning	noun
tænde	verb
tænder	noun
tænding	noun
tændstik	noun
tændstikmand	noun
tændstikæske	noun
tænkbar	adj
tænke	verb
tænkelig	adj
tænkemåde	noun
tænker	noun
tænkning	noun
tænksom	adj
tænksomhed	noun
tænkt	adj
tæppe	noun,verb
tære	verb
tæring	noun
tærske	verb
tærskel	noun
tærskelværdi	noun
tærte	noun
tæsk	noun
tæske	verb
tæt	adj,adv
tætbebygget	adj
tætbygget	adj
tæthed	noun
tætne	verb
tætning	noun
tætsiddende	adj
tætte	verb
tæv	noun
tæve	noun,verb
tø	noun,verb
tøffel	noun
tøffelhelt	noun
tøj	noun
tøjbutik	noun
tøjdyr	noun
tøjforretning	noun
tøjhus	noun
tøjle	noun,verb
tøjr	noun
tøjte	noun
tølt	noun
tømme	noun,verb
tømmer	noun
tømmerflåde	noun
tømmermænd	noun
tømmerstik	noun
tømrer	noun
tønde	noun
tønnes	name
tør	adj
tørfisk	noun
tørklæde	noun
tørre	verb
tørretumbler	noun
tørst	noun
tørstig	adj
tørstof	noun
tørtid	noun
tørv	noun
tøs	noun
tøsedreng	noun
tøsne	noun
tøve	verb
tøvejr	noun
tøvelæsioner	noun
tøven	noun
uacceptabel	adj
uafbrudt	adj
uafhængig	adj
uafhængighed	noun
uafhængighedsdag	noun
uafhængighedserklæring	noun
uafhængighedskamp	noun
uafhængighedskrig	noun
uafladelig	adj,adv
uagtet	conj,prep
uagtsom	adj
ualmindelig	adj,adv
uanselig	adj
uanset	conj,prep
uanskuelig	adj
uanstændig	adj
uanstændighed	noun
uansvarlig	adj
uansvarlighed	noun
uartig	adj
uartighed	noun
uattraktiv	adj
ubalance	noun
ubarmhjertig	adj
ubarmhjertighed	noun
ubeboelig	adj
ubeboet	adj
ubebygget	adj
ubeføjet	adj
ubegavet	adj
ubegavethed	noun
ubegribelig	adj
ubegrundet	adj
ubehag	noun
ubehagelig	adj
ubehagelighed	noun
ubehandlet	adj
ubehændig	adj
ubehøvlet	adj
ubekvem	adj
ubekymret	adj
ubelastet	adj
ubelejlig	adj
ubemærket	adj
ubemærkethed	noun
uberegnelig	adj
uberegnelighed	noun
uberettiget	adj
uberygtet	adj
uberørt	adj
ubesat	adj
ubeset	adv
ubeskeden	adj
ubeskedenhed	noun
ubeslutsom	adj
ubeslutsomhed	noun
ubeslægtet	adj
ubestandig	adj
ubestandighed	noun
ubestemmelig	adj
ubestemt	adj
ubestikkelig	adj
ubestridelig	adj
ubesværet	adj
ubetinget	adj
ubetydelig	adj
ubetydelighed	noun
ubetænkelig	adj
ubetænksom	adj
ubetænksomhed	noun
ubevidst	adj
ubevinget	adj
ubevægelig	adj
ubevægelighed	noun
ubrugelig	adj
ubåd	noun
ubøjelig	adj
ubønhørlig	adj
ucharmerende	adj
uciviliseret	adj
ud	adv
udadvendt	adj
udadvendthed	noun
udannet	adj
udarbejde	verb
udbrede	verb
udbredelse	noun
udbredt	adj
udbrud	noun
udbud	noun
udbygge	verb
udbygning	noun
uddanne	verb
uddannelse	noun
uddannelsesinstitution	noun
uddannelsesmæssig	adj
uddateret	adj
uddele	verb
uddrag	noun
uddunstning	noun
uddybe	verb
uddybning	noun
uddø	verb
uddød	adj
uddøen	noun
ude	adv
udeblive	verb
udeblivelse	noun
udefra	adv
udelade	verb
udelelig	adj
udelukke	verb
udelukkelse	noun
udelukkende	adv
udemokratisk	adj
udemærket	adj
uden	prep
udenad	adv
udenadslære	noun,verb
udendørs	adv
udenfor	adv
udenlands	adv
udenlandsk	adj
udenomsparlamentarisk	adj
udenpå	prep
udenrigs	adj
udenrigshandel	noun
udenrigsminister	noun
udenrigsministerium	noun
udenrigspolitik	noun
udenrigspolitisk	adj
udfald	noun
udfaldsrum	noun
udflugt	noun
udfordring	noun
udformning	noun
udforske	verb
udforskning	noun
udføre	verb
udførelse	noun
udgang	noun
udgangsforbud	noun
udgangspunkt	noun
udgave	noun
udgift	noun
udgive	verb
udgivelse	noun
udgræde	verb
udgå	verb
udgøre	verb
udholde	verb
udholdelig	adj
udholdenhed	noun
udhus	noun
udkast	noun
udklædning	noun
udklædt	adj
udkomme	noun,verb
udkommentere	verb
udkøre	verb
udkørsel	noun
udkørt	adj
udland	noun
udlede	verb
udleje	verb
udlejer	noun
udlejning	noun
udleve	verb
udlicitere	verb
udlyd	noun
udlænding	noun
udløbsdato	noun
udmatning	noun
udmatte	verb
udmattelse	noun
udmattelseskrig	noun
udmattet	adj
udmelde	verb
udmeldelse	noun
udmelding	noun
udmærke	verb
udmærket	adj,adv
udnytte	verb
udnyttelse	noun
udnævne	verb
udogmatisk	adj
udramatisk	adj
udrede	verb
udregne	verb
udregning	noun
udrejse	noun,verb
udrejsecenter	noun
udrensning	noun
udrette	verb
udrydde	verb
udryddelse	noun
udryddelseslejr	noun
udråbsord	noun
udråbstegn	noun
udsagn	noun
udsagnsled	noun
udsagnsord	noun
udsat	adj
udsathed	noun
udse	verb
udseende	adj,noun
udsende	verb
udsendelse	noun
udsigt	noun
udskifte	verb
udskifter	noun
udskiftning	noun
udskiftningsspiller	noun
udskrift	noun
udskrive	verb
udskud	noun
udskyde	verb
udskæld	noun
udskælde	verb
udskældning	noun
udslette	verb
udslettelse	noun
udstede	verb
udstrakt	adj
udstråle	verb
udstrækning	noun
udstykke	verb
udstyr	noun
udstyre	verb
udstøde	verb
udstødningsrør	noun
udsyn	noun
udsætte	verb
udsøge	verb
udsøgt	adj
udsøgthed	noun
udtale	noun,verb
udtalelse	noun
udtryk	noun
udtrykke	verb
udtryksløs	adj
udtryksløst	adv
udtrykt	adj
uduelig	adj
udvalg	noun
udvandre	verb
udvandrer	noun
udvandring	noun
udveksle	verb
udveksling	noun
udvekslingsstudent	noun
udvendig	adj
udvide	verb
udvidelse	noun
udvikl	verb
udvikle	verb
udvikler	noun
udvikling	noun
udviklingsbiologi	noun
udvise	verb
udvortes	adj
udvælge	verb
udygtig	adj
udyr	noun
udåd	noun
udånde	verb
udødelig	adj
udødeliggøre	verb
udødelighed	noun
uegennyttig	adj
uegnet	adj
uelastisk	adj
uelskværdig	adj
uempatisk	adj
uendelig	adj
uendelighed	noun
uenig	adj
uenighed	noun
uerfaren	adj
uerfarenhed	noun
uerkendelig	adj
uerotisk	adj
uerstattelig	adj
ufarlig	adj
ufattelig	adj
ufestlig	adj
uffe	name
ufin	adj
ufleksibel	adj
ufolignelig	adj,adv
uforanderlig	adj
uforanderlighed	noun
uforenelig	adj
uforfærdet	adj
uforfærdethed	noun
uforklarlig	adj
uforlignelig	adj,adv
uforløst	adj
uformåen	noun
uforsagt	adj
uforsigtig	adj
uforskammet	adj
uforskammethed	noun
uforsonlig	adj
uforstand	noun
uforstandig	adj
uforstyrret	adj
uforståelig	adj
uforståelighed	noun
uforsvarlig	adj
uforsætlig	adj
ufortrøden	adj
uforudset	adj
uforudsigelig	adj
uforudsigelighed	noun
ufredelig	adj
ufri	adj
ufrivillig	adj
ufrugtbar	adj
ufrugtbarhed	noun
ufuldkommen	adj
ufuldkommenhed	noun
ufuldstændig	adj
ufødt	adj
ufølsom	adj
ufølsomhed	noun
uganda	name
ugander	noun
ugandisk	adj
uge	noun
ugedag	noun
ugentlig	adj,adv
ugerning	noun
ugevis	adv
ugift	adj
ugjort	adj
ugle	noun,verb
uglebestand	noun
ugleklo	noun
ugudelig	adj
ugudelighed	noun
ugunstig	adj
ugyldig	adj
ugyldiggøre	verb
ugyldighed	noun
ugæstfri	adj
ugæstfrihed	noun
uhelbredelig	adj
uheld	noun
uheldig	adj
uheldighed	noun
uheldigvis	adv
uhensigtsmæssig	adj
uhildet	adj
uhre	name
uhygge	noun
uhyggelig	adj
uhygiejnisk	adj
uhyre	adj,adv,noun
uhyrlig	adj,adv
uhåndterlig	adj
uhæderlig	adj
uhæderlighed	noun
uhøflig	adj
uhøflighed	noun
uhøjtidelig	adj
uhørt	adj
uidentificerbar	adj
uidiomatisk	adj
uigendrivelig	adj
uigennemsigtig	adj
uighur	noun
uimodståelig	adj
uimodståelighed	noun
uinspireret	adj
uintelligent	adj
ujævn	adj
ukampdygtig	adj
ukendt	adj
uklanderlig	adj
uklar	adj
uklarhed	noun
uklog	adj
ukomfortabel	adj
ukontroversiel	adj
ukraine	name
ukrainer	noun
ukrainsk	adj,noun
ukrainskhed	noun
ukristelig	adj
ukrudt	noun
ukultiveret	adj
ukvemsord	noun
ulastelig	adj
ulastelighed	noun
uld	noun
ulden	adj
ulejlige	verb
ulejlighed	noun
ulempe	noun
ulf	name
ulidelig	adj
ulidelighed	noun
ulig	adj
ulige	adj
ulighed	noun
ulk	noun
ulla	name
ulme	verb
ulogisk	adj
ulovlig	adj
ulovliggøre	verb
ulovliggørelse	noun
ulovlighed	noun
ulrik	name
ulrikke	name
ultimatum	noun
ultralyd	noun
ultraviolet	adj
ulv	noun
ulydig	adj
ulydighed	noun
ulykke	noun
ulykkelig	adj
ulykkeligvis	adv
ulykkesbil	noun
ulyksalig	adj
ulyksalighed	noun
ulyst	noun
ulæselig	adj
ulæst	adj
ulønsom	adj
umage	adj,noun
umagelig	adj
umami	noun
umbra	noun
umedgørlig	adj
umedgørlighed	noun
umenneskelig	adj,adv
umenneskeliggørelse	noun
umenneskelighed	noun
umiak	noun
umiddelbar	adj
umiddelbarhed	noun
umiddelbart	adv
umoden	adj
umodenhed	noun
umoderne	adj
umoralsk	adj
umotiveret	adj
umulig	adj
umuliggøre	verb
umulighed	noun
umyndig	adj
umyndiggøre	verb
umyndiggørelse	noun
umyndighed	noun
umådelig	adj,adv
umælende	adj
unaturlig	adj
unbrakonøgle	noun
unddrage	verb
unde	verb
under	adv,noun,prep
underarm	noun
underart	noun
underbegreb	noun
underbid	noun
underbo	noun
underbukser	noun
underbygge	verb
underdanig	adj
underdrive	verb
underdrivelse	noun
underernæret	adj
underernæring	noun
underfamilie	noun
underfuld	adj
underfundig	adj
undergang	noun
undergrave	verb
undergå	verb
undergørende	adj
underhold	noun
underholde	verb
underholdende	adj
underholder	noun
underholdning	noun
underholdningsbranche	noun
underholdningsindustri	noun
underhus	noun
underkastelse	noun
underkende	verb
underkop	noun
underkue	verb
underkuelse	noun
underlag	noun
underlegen	adj
underlegenhed	noun
underlig	adj
underliv	noun
underlæbe	noun
undermand	noun
underordne	verb
underordnet	adj,noun
underrette	verb
underskrive	verb
underskud	noun
underslæb	noun
underst	adj
understrege	verb
understregning	noun
understøttelsespunkt	noun
undersættelse	noun
undersøge	verb
undersøgelse	noun
undersøgelseskommission	noun
undersøger	noun
undertiden	adv
undertrykke	verb
undertrykkelse	noun
undertrøje	noun
undertøj	noun
undervarme	noun
underverden	noun
undervise	verb
underviser	noun
undervisning	noun
undervisningsmæssig	adj
undervurdere	verb
undervurdering	noun
undervægt	noun
undervægtig	adj
undfange	verb
undfangelse	noun
undfly	verb
undgå	verb
undgåelig	adj
undgåelse	noun
undgælde	verb
undlade	verb
undre	verb
undren	noun
undse	verb
undseelse	noun
undselig	adj
undselighed	noun
undsige	verb
undskyld	intj
undskylde	verb
undskyldning	noun
undslippe	verb
undslå	verb
undsætning	noun
undsætte	verb
undtage	verb
undtagelse	noun
undtagelsesløs	adj
undtagelsesløst	adv
undtagelsestilstand	noun
undtagen	conj,prep
undulat	noun
undvige	verb
undvigelse	noun
undvigelseshastighed	noun
undvære	verb
ung	adj
ungarer	noun
ungarn	name
ungarsk	adj,noun
ungarskhed	noun
ungdom	noun
ungdommelig	adj
ungdommelighed	noun
ungdomsherberg	noun
ungdomshus	noun
ungdomslejr	noun
ungdomsorganisation	noun
ungdomstid	noun
unge	noun
ungkarl	noun
unik	adj
unilateral	adj
union	noun
univers	noun
universel	adj
universitet	noun
universitetslektor	noun
unormal	adj
unormalitet	noun
ununbium	noun
ununhexium	noun
ununnilium	noun
ununoctium	noun
ununpentium	noun
ununquadium	noun
ununseptium	noun
ununtrium	noun
unyttig	adj
unægtelig	adv
unødvendig	adj,adv
unødvendigt	adv
unøjagtig	adj
unøjagtighed	noun
uomgængelig	adj,adv
uomtvistelig	adj
uopdaget	adj
uopdragen	adj
uophørlig	adj
uoplyst	adj
uopmærksom	adj
uopmærksomhed	noun
uopnåelig	adj
uopnåelighed	noun
uorganisk	adj
uoverensstemmelse	noun
uoverenstemmelse	noun
uoverkommelig	adj
uoverkommelighed	noun
uoverlagt	adj
uoverskuelig	adj
uoverskuelighed	noun
uoverstigelig	adj
uovertruffen	adj
uovervindelig	adj
uovervindelighed	noun
uparfumeret	adj
upartisk	adj
upartiskhed	noun
upassende	adj
upersonlig	adj
upersonlighed	noun
uplanlagt	adj
uploade	verb
upolitisk	adj
upopulær	adj
upraktisk	adj
uproblematisk	adj
upræcis	adj
uprætentiøs	adj
ups	intj
upålidelig	adj
upålidelighed	noun
upåvirket	adj
ur	noun
uran	noun
uranos	name
uranus	name
urbefolkning	noun
urealistisk	adj
uredelig	adj
uredelighed	noun
uren	adj
urenhed	noun
urenlig	adj
urenlighed	noun
uret	adj,noun
uretfærdig	adj
uretfærdighed	noun
uretmæssig	adj
urfugl	noun
urgammel	adj
urgermansk	adj
urigtig	adj
urigtighed	noun
urimelig	adj
urimelighed	noun
urin	noun
urinal	noun
urinale	noun
urinblære	noun
urindoeuropæisk	adj,noun
urinrør	noun
urinsekt	noun
urinsyre	noun
urinsyregigt	noun
urmager	noun
urnordisk	adj,name
uro	noun
urokkelig	adj
urokkelighed	noun
urokse	noun
urolig	adj
urolighed	noun
urolog	noun
urologi	noun
urologisk	adj
urskov	noun
ursuppe	noun
urt	noun
urtekniv	noun
urtepotte	noun
urtid	noun
uruguay	name
uruguayaner	noun
uruguayansk	adj
uræmi	noun
urørt	adj
usagt	adj
usammenhængende	adj
usammenlignelig	adj
usand	adj
usandfærdig	adj
usandfærdighed	noun
usandhed	noun
usandsynlig	adj
usandsynlighed	noun
usbeker	noun
usbekistan	name
uselskabelig	adj
usikker	adj
usikkerhed	noun
uskadelig	adj
uskadeliggøre	verb
uskadeliggørelse	noun
uskadt	adj
uskarp	adj
uskreven	adj
uskyld	noun
uskyldig	adj
uskyldighed	noun
usling	noun
usmagelig	adj
usmagelighed	noun
usocial	adj
usolidarisk	adj
uspoleret	adj
ussel	adj
ustabil	adj
ustabilitet	noun
ustadig	adj
ustemt	adj
usund	adj
usundhed	noun
usurpator	noun
usurpere	verb
usvigelig	adj
usympatisk	adj
usynlig	adj
usynliggøre	verb
usynlighed	noun
usårlig	adj
usårlighed	noun
usædelig	adj
usædelighed	noun
usædvanlig	adj,adv
usømmelig	adj
utah	name
utaknemmelig	adj
utaknemmelighed	noun
utal	noun
utallig	adj
utidssvarende	adj
utilbøjelig	adj
utilbøjelighed	noun
utilfreds	adj
utilfredshed	noun
utilfredsstillende	adj
utilgivelig	adj,adv
utilstrækkelig	adj
utiltalende	adj
utiltrækkende	adj
utopi	noun
utopisk	adj
utopisme	noun
utopist	noun
utro	adj
utrolig	adj,adv
utroskab	noun
utroværdig	adj
utroværdighed	noun
utryg	adj
utryghed	noun
utrøstelig	adj
utvetydig	adj
utvivlsom	adj
utydelig	adj
utydelighed	noun
utålelig	adj
utålmodig	adj
utålmodighed	noun
utænkelig	adj
utænkelighed	noun
utæt	adj
utæthed	noun
utøj	noun
uudholdelig	adj
uudtømmelig	adj
uundgåelig	adj,adv
uvane	noun
uvanlig	adj
uvant	adj
uvarieret	adj
uvasket	adj
uvederhæftig	adj
uvederhæftighed	noun
uvejr	noun
uven	noun
uvenlig	adj
uvenlighed	noun
uvenskab	noun
uventet	adj
uvidende	adj
uvidenhed	noun
uvidenskabelig	adj
uvigtig	adj
uvildig	adj
uvildighed	noun
uvilje	noun
uvilkårlig	adj
uvillig	adj
uvillighed	noun
uvirksom	adj
uvirksomhed	noun
uvis	adj
uvular	noun
uvulær	adj
uvægerlig	adv
uværdig	adj
uværdighed	noun
uvæsen	noun
uvæsentlig	adj
uægte	adj
uærlig	adj
uærlighed	noun
uønskelig	adj
v-hals	noun
vabel	noun
vable	noun
vaccination	noun
vaccine	noun
vade	noun,verb
vadefugl	noun
vadehavet	name
vadested	noun
vaffel	noun
vag	adj
vagabond	noun
vagina	noun
vagn	name
vagt	noun
vagtel	noun
vagtelkonge	noun
vagtelæg	noun
vagthus	noun
vagtsom	adj
vagtsomhed	noun
vajsenhus	noun
vakuum	noun
valborg	name
valdemar	name
valdemarsdag	noun
valen	adj
valenhed	noun
valens	noun
valentin	name
valentinsdag	noun
valfart	noun
valg	noun
valgbar	adj
valgdag	noun
valgfag	noun
valgflæsk	noun
valgfri	adj
valgkamp	noun
valgkreds	noun
valgnat	noun
valgsvindel	noun
valhal	name
valid	adj
valke	verb
valkyrie	noun
vallak	noun
valle	noun
valmue	noun
valnød	noun
valnødtræ	noun
valravn	noun
vals	noun
valte	verb
valuta	noun
vammel	adj
vampyr	noun
vams	noun
van	noun
vanadium	noun
vand	noun
vandal	noun
vandalisere	verb
vandalisering	noun
vandalisme	noun
vandbad	noun
vandbakkelse	noun
vanddamp	noun
vanddråbe	noun
vande	verb
vandelskende	adj
vandfald	noun
vandfarve	noun
vandfly	noun
vandhund	noun
vandkraft	noun
vandledning	noun
vandløs	adj
vandmand	noun
vandmanden	name
vandmelon	noun
vandmåler	noun
vandmølle	noun
vandnymfe	noun
vandpolo	noun
vandre	verb
vandrefalk	noun
vandregræshoppe	noun
vandrehistorie	noun
vandrer	noun
vandrerhjem	noun
vandring	noun
vandrutsjebane	noun
vandrør	noun
vandskyende	adj
vandtank	noun
vandur	noun
vandværk	noun
vane	noun
vanedyr	noun
vanessa	name
vanhellige	verb
vanhelligelse	noun
vanilje	noun
vaniljeis	noun
vaniljekrans	noun
vaniljesukker	noun
vankelmodig	adj
vankelmodighed	noun
vankundig	adj
vanlig	adj
vanligvis	adv
vanry	noun
vanrøgt	noun
vanrøgte	verb
vansire	verb
vanskabning	noun
vanskabt	adj
vanskelig	adj
vanskeliggøre	verb
vanskelighed	noun
vant	adj
vante	noun
vantrives	verb
vantrivsel	noun
vantro	adj,noun
vanvid	noun
vanvittig	adj,adv
vanære	noun,verb
var	adj
varan	noun
varbjørn	noun
varde	noun
vare	noun,verb
varehus	noun
varetage	verb
varetægt	noun
variabel	adj,noun
varians	noun
variant	noun
variation	noun
variere	verb
varieret	adj
varietet	noun
varig	adj
varighed	noun
varkat	noun
varm	adj
varme	noun,verb
varmefylde	noun
varmekapacitet	noun
varmeledning	noun
varmeledningsevne	noun
varmeovn	noun
varmestråling	noun
varmestrøm	noun
varpe	verb
varsel	noun
varsle	verb
varsom	adj
varsomhed	noun
varte	verb
varulv	noun
vasal	noun
vase	noun
vasektomi	noun
vask	noun
vaskbar	adj
vaske	verb
vaskebjørn	noun
vaskebræt	noun
vaskehus	noun
vaskeklud	noun
vaskemaskine	noun
vaskemiddel	noun
vaskepulver	noun
vaskeri	noun
vaskning	noun
vat	noun
vaterpas	noun
vatikanstaten	name
vatpik	noun
vatpind	noun
vattet	adj
ve	noun
ved	adv,noun,prep
vedblive	verb
vedblivende	adv
vederhæftig	adj
vederhæftighed	noun
vedgå	verb
vedkomme	verb
vedkommende	adj
vedligeholde	verb
vedligeholdelse	noun
vedrøre	verb
vedrørende	prep
vedtage	verb
vedtægt	noun
vedvare	verb
vedvarende	adj
vefsen	name
veg	adj
veganer	noun
vegetabilsk	adj
vegetar	noun
vegetation	noun
veghed	noun
vegi-vare	noun
vegne	noun
vej	noun
vejbod	noun
veje	name,verb
vejle	name
vejlede	verb
vejledende	adj
vejleder	noun
vejledning	noun
vejning	noun
vejr	noun
vejre	verb
vejrfast	adj
vejrhane	noun
vejrkort	noun
vejrlig	noun
vejrprognose	noun
vejrtrækning	noun
vejrudsigt	noun
vejskilt	noun
vekselstrøm	noun
vekselvarm	adj
veksle	verb
veksling	noun
vektor	noun
vektorfelt	noun
vektorfunktion	noun
vektorprodukt	noun
vektorrum	noun
vel	adv,intj
velar	noun
velbefindende	noun
velbehag	noun
velbekomme	intj
velberåd	adj
velbygget	adj
veldefineret	noun
velfortjent	adj
velfærd	noun
velfærdssamfund	noun
velfærdsstat	noun
velgjort	adj
velgørende	adj
velgørenhed	noun
velgører	noun
velhavende	adj
velholdt	adj
velhængt	adj
velkendt	adj
velklædt	adj
velkommen	intj
velkomst	noun
vellevned	noun
velocipede	noun
velopdragen	adj
velopdragenhed	noun
velsigne	verb
velsignelse	noun
velskrevet	adj
velsmagende	adj
velstand	noun
veltalende	adj
veltalenhed	noun
veludstyret	adj
velvilje	noun
velvillig	adj
velvillighed	noun
velvære	noun
velynder	noun
velær	adj
velærværdig	adj
velærværdighed	noun
vemod	noun
vemodig	adj
ven	noun
vende	verb
vending	noun
vene	noun
venedig	name
venetianer	noun
venezuela	name
venezuelaner	noun
venezuelansk	adj
venezuelanskhed	noun
veninde	noun
venindeskab	noun
venlig	adj
venlighed	noun
venligst	adv
venneanmodning	noun
venneløs	adj
venskab	noun
venskabsby	noun
venskabskamp	noun
venster	adj
venstre	adj,noun
venstrehånd	noun
venstrehåndet	adj
venstreorienteret	adj
vente	verb
venteliste	noun
ventesal	noun
ventetid	noun
venteværelse	noun
ventil	noun
ventilator	noun
ventilatorrem	noun
ventilere	verb
venus	name
vera	name
veranda	noun
verballed	noun
verbalsubstantiv	noun
verbum	noun
verden	noun
verdensberygtet	adj
verdensberømt	adj
verdensborger	noun
verdensdel	noun
verdensfred	noun
verdenshav	noun
verdenskendt	adj
verdenskort	noun
verdenskrig	noun
verdensmester	noun
verdensmesterskab	noun
verdensrekord	noun
verdensrum	noun
verdensstjerne	noun
verdslig	adj
verdsliggøre	verb
verdsliggørelse	noun
verdslighed	noun
verificere	verb
vermont	name
verner	name
vers	noun
vertikal	adj
vest	adv,noun
vestafrika	name
vestasiatisk	adj
vestasien	name
vesten	noun
vesterbotnisk	adj,name
vestergaard	name
vesterhavet	name
vesterlænding	noun
vestgrønlandsk	adj,noun
vestibule	noun
vestkyst	noun
vestlig	adj
vestliggøre	verb
vestliggørelse	noun
vestnordisk	adj,name
vestre	adj
vesttysk	adj
vesttysker	noun
veteran	noun
veto	noun
vexillologi	noun
vi	pron
via	prep
viadukt	noun
vibe	noun
vibeke	name
viborg	name
vicevært	noun
victor	name
victoria	name
vid	adj,noun
vidar	name
vidde	noun
vide	verb
videbegær	noun
videbegærlig	adj
viden	noun
videnskab	noun
videnskabelig	adj
videnskabeliggøre	verb
videnskabelighed	noun
videnskabsfilosofi	noun
videnskabshistoriker	noun
videnskabskvinde	noun
videnskabsmand	noun
video	noun
videobutik	noun
videoforretning	noun
videokamera	noun
videospilfigur	noun
videospilkarakter	noun
videre	adv
videresende	verb
videresendelse	noun
vidje	noun
vidne	noun,verb
vidt	adv
vidunder	noun
vidunderbarn	noun
vidunderlig	adj,adv
vie	verb
vielse	noun
vielsesattest	noun
vielsesring	noun
vietnam	name
vietnameser	noun
vietnamesisk	adj,name
vietnamesiskhed	noun
vig	noun
vige	verb
vigende	adj
vigepligt	noun
vigga	name
viggo	name
vigtig	adj
vigtighed	noun
vikar	noun
viking	noun
vikingetid	noun
vikle	noun,verb
viktor	name
viktoria	name
vikunja	noun
vild	adj
vilddyr	noun
vildgås	noun
vildledelse	noun
vildmark	noun
vildskab	noun
vildsvin	noun
vildt	noun
vildtbestand	noun
vilhelm	name
vilhelmine	name
vilje	noun
viljekraft	noun
viljestyrke	noun
viljestærk	adj
viljesvag	adj
vilkår	noun
vilkårlig	adj,adv
vilkårlighed	noun
villa	noun
villads	name
villadsen	name
ville	verb
villig	adj
villighed	noun
villy	name
vilnius	name
vin	noun
vinaigrette	noun
vind	adj,noun
vindbøjtel	noun
vinde	noun,verb
vindeby	name
vinder	noun
vindhastighed	noun
vindkraft	noun
vindmølle	noun
vindpust	noun
vindrue	noun
vindruekerneolie	noun
vindskede	noun
vindstyrke	noun
vindstød	noun
vindtunnel	noun
vindue	noun
vindueskarm	noun
vinduesvisker	noun
vinge	noun
vingefang	noun
vingegaard	name
vingeløs	adj
vingummibamse	noun
vinhus	noun
vinke	verb
vinkel	noun
vinkelacceleration	noun
vinkelhalveringslinie	noun
vinkelhastighed	noun
vinliste	noun
vinproducent	noun
vinstok	noun
vinter	noun
vinterdag	noun
vinterdepression	noun
vintereg	noun
vintergæk	noun
vinterhalvår	noun
vinterlejr	noun
vintermåned	noun
vinternat	noun
vinterregn	noun
vintersolhverv	noun
vintertid	noun
vintervejr	noun
viola	name
violet	adj
violin	noun
violinist	noun
vippe	noun,verb
vipstjert	noun
virak	noun
virginia	name
viril	adj
virke	noun,verb
virkelig	adj,adv
virkeliggøre	verb
virkeliggørelse	noun
virkelighed	noun
virkelighedsflugt	noun
virkelysten	adj
virkning	noun
virksom	adj
virksomhed	noun
virolog	noun
virologi	noun
virologisk	adj
virtuel	adj
virtuos	adj,noun
virulent	adj
virus	noun
virusforskning	noun
vis	adj,noun
vis-a-vis	adv,prep
visdom	noun
visdomsord	noun
visdomstand	noun
vise	noun,verb
visent	noun
viser	noun
vished	noun
visitkort	noun
visk	noun
viske	verb
viskelæder	noun
viskestykke	noun
viskositet	noun
viskøs	adj
vismand	noun
visne	verb
visse	noun
vissen	adj
vist	adv
visuel	adj
visum	noun
vita	name
vital	adj
vitalitet	noun
vitamin	noun
vitaminmangel	noun
vitaminpille	noun
vits	noun
vitterlig	adv
vitterliggøre	verb
vittig	adj
vittighed	noun
vivi	name
vivian	name
vm	symbol
vod	noun
vodka	noun
vogn	noun
vogte	verb
vogter	noun
vogterhus	noun
vokal	noun
vokalharmoni	noun
vokativ	noun
voks	noun
vokse	verb
voksealder	noun
voksen	adj
vokseværk	noun
volapyk	noun
vold	noun
volde	verb
voldelig	adj
voldelighed	noun
voldgrav	noun
voldpule	verb
voldskvinde	noun
voldsmand	noun
voldsom	adj
voldsomhed	noun
voldspise	verb
voldtage	verb
voldtægt	noun
voldtægtskvinde	noun
voldtægtsmand	noun
voliere	noun
volleyballspiller	noun
volut	noun
vom	noun
vor	pron
vorde	verb
vordende	adj
vore	pron
vores	pron
vorherre	name
vornedskab	noun
vort	pron
vorte	noun
vortemælk	noun
voss	name
vov	intj
vove	verb
vovet	adj
vrag	noun
vrage	verb
vrang	adj,noun
vrangforestilling	noun
vrangvillig	adj
vrangvillighed	noun
vranten	adj
vred	adj
vrede	noun
vredesudbrud	noun
vredladen	adj
vrid	noun
vride	verb
vridning	noun
vrikke	verb
vrinsk	intj
vrinske	verb
vrisse	verb
vrissen	adj
vræle	verb
vrøvl	noun
vrøvle	verb
vuf	intj
vugge	noun,verb
vuggedød	noun
vuggestue	noun
vulgær	adj
vulgærlatin	noun
vulkan	noun
vuns	particle
vurdere	verb
vurdering	noun
vy	noun
våben	noun
våbenfør	adj
våbenhus	noun
våbenhvile	noun
våbenkammer	noun
våbenkapløb	noun
våbenskjold	noun
våd	adj
våde	noun
vådeskud	noun
vådområde	noun
våge	noun,verb
vågehval	noun
vågen	adj
vågne	verb
vånde	verb
vås	noun
våse	verb
vædde	verb
væddeløb	noun
væddemål	noun
vædder	noun
vædderen	name
væde	noun,verb
væg	noun
væge	noun
vægelsindet	adj
væggelus	noun
vægmaleri	noun
vægre	verb
vægt	noun
vægte	verb
vægten	name
vægter	noun
vægtig	adj
vægtløs	adj
vægtløshed	noun
vægtmæssig	adj
vægtning	noun
vægtstang	noun
væk	adv
vække	verb
vækkelse	noun
vækkeur	noun
vækning	noun
vækst	noun
væksthus	noun
vælde	noun,verb
vældig	adj,adv
vælge	verb
vælger	noun
vælling	noun
vælte	verb
væltepeter	noun
væmmelig	adj
væmmelse	noun
væmmes	verb
vænne	verb
værd	adj,noun
værdi	noun
værdidom	noun
værdifuld	adj
værdig	adj
værdighed	noun
værdiløs	adj
værdiløshed	noun
værdimængde	noun
værdipolitik	noun
værdsætte	verb
værdsættelse	noun
være	verb
værelse	noun
væremåde	noun
væren	noun
værested	noun
værge	noun,verb
værgeløs	adj
værgeløshed	noun
værk	noun
værke	verb
værksted	noun
værktøj	noun
værling	noun
værn	noun
værne	verb
værnemager	noun
værnemagt	noun
værre	adj,adv
værsgo	intj
værsågod	intj
vært	noun
værtinde	noun
værtshus	noun
værtskab	noun
væsel	noun
væsen	noun
væsentlig	adj,adv
væske	noun,verb
vætte	noun
væv	noun
væve	verb
vævestol	noun
vølve	noun
w	character
wagner	name
walbom	name
wales	name
waliser	noun
walisisk	adj,noun
walisiskhed	noun
walkie-talkie	noun
warszawa	name
washington	name
wc	noun
wc-rulle	noun
webbaseret	adj
webbutik	noun
webshop	noun
website	noun
weekend	noun
weichsel	name
weichselfloden	name
while-løkke	noun
whiskeybæltet	name
whisky	noun
whiskysovs	noun
whist	noun
whistleblower	noun
wien	name
wiener	noun
wienerbrød	noun
wiki	noun
wikikode	noun
wikiordbog	noun
wikipedia	name,noun
wikipediabrugerside	noun
wiktionary	name
william	name
willy	name
winnie	name
winther	name
wisconsin	name
wolfram	noun
wyoming	name
x-akse	noun
x-kromosom	noun
xanthangummi	noun
xenia	name
xenofob	noun
xenofobi	noun
xenofobisk	adj
xenon	noun
xylofon	noun
y-akse	noun
y-kromosom	noun
yde	verb
ydelse	noun
yderdør	noun
yderkant	noun
yderlig	adj
yderligere	adj,adv
yderlighed	noun
yderligtgående	adj
ydermere	adv
ydermål	noun
yderpol	noun
yderpunkt	noun
yderside	noun
ydervæg	noun
ydmyg	adj
ydmyge	verb
ydmygelse	noun
ydmyghed	noun
ydre	adj,noun
yemen	name
yggdrasil	name
ymer	noun
ymte	verb
ynde	noun,verb
yndig	adj
yndighed	noun
yndling	noun
yndlings	adj
yndlingsfarve	noun
yngel	noun
yngle	verb
ynglebestand	noun
yngling	noun
ynk	noun
ynke	verb
ynkelig	adj
ynkelighed	noun
ynkes	verb
ynkværdig	adj
yoga	noun
yoghurt	noun
yppe	verb
ypperlig	adj
ypperst	adj
ypperstepræst	noun
ypperstepræstinde	noun
ypsilon	noun
yrsa	name
yt	adj
ytre	verb
ytring	noun
ytringsfrihed	noun
ytterbium	noun
yttrium	noun
yver	noun
yvonne	name
zacharias	name
zagreb	name
zakarias	name
zambia	name
zambier	noun
zambisk	adj
zambiskhed	noun
zar	noun
zardømme	noun
zarina	noun
zebra	noun
zebrafinke	noun
zeitgeist	noun
zekarja	name
zen	noun
zenia	name
zenit	noun
zeppeliner	noun
zeugma	noun
zeus	name
zink	noun
zirconium	noun
zirkon	noun
zloty	noun
zodiakus	name
zone	noun
zoo	noun
zoolog	noun
zoologi	noun
zoologisk	adj
zucchini	noun
å	character,intj,noun
åben	adj
åbenbar	adj
åbenbare	verb
åbenbart	adv
åbenhed	noun
åbenhjertet	adj
åbenlys	adj
åbne	verb
åbning	noun
åbningsceremoni	noun
åbningstid	noun
ådsel	noun
ådselæder	noun
åg	noun
åger	noun
ågerkarl	noun
ågre	verb
åkande	noun
ål	noun
åland	name
ålandsøerne	name
ålborg	name
åleglat	adj
ålegræs	noun
ålekrage	noun
ånd	noun
ånde	noun,verb
åndedrag	noun
åndedræt	noun
åndelig	adj
åndeliggøre	verb
åndeliggørelse	noun
åndelighed	noun
åndenød	noun
åndet	adj
åndsforladt	adj
åndsfraværelse	noun
åndsfraværende	adj
åndsliv	noun
åndssvaghed	noun
åndsvag	adj
år	noun
årbog	noun
åre	noun
årepresse	noun
åretold	noun
årevis	adv
årfugl	noun
århundred	noun
århundrede	noun
århusianer	noun
århusiansk	adj
årlig	adj
årsag	noun
årsdag	noun
årstid	noun
årti	noun
årtusind	noun
årtusinde	noun
årvågen	adj
årvågenhed	noun
ås	noun
åse	name
åsted	noun
åsyn	noun
æ	character
æble	noun
æblejuice	noun
æblekage	noun
æblekerne	noun
æblemos	noun
æblesaft	noun
æbleskive	noun
æbleskrog	noun
æblesnitte	noun
æblesyre	noun
æbletræ	noun
æbletærte	noun
æde	noun,verb
ædel	adj
ædelgas	noun
ædelmodig	adj
ædelsten	noun
ædru	adj
ædruelig	adj
ædruelighed	noun
æg	noun
ægcelle	noun
ægge	verb
æggeblomme	noun
æggebæger	noun
æggehvide	noun
æggeleder	noun
æggeskal	noun
æggestok	noun
ægløsning	noun
ægte	adj,verb
ægtefælle	noun
ægtehustru	noun
ægtemand	noun
ægtepar	noun
ægteskab	noun
ægteskabelig	adj
ægteskabsbryder	noun
ægthed	noun
ægypten	name
ægypter	noun
ægyptisk	adj
ækel	adj
ækvator	noun
ækvatorial	adj
ækvatorialguinea	name
ælde	noun,verb
ældgammel	adj
ældning	noun
ældste	noun
ælling	noun
ælte	noun,verb
ændre	verb
ændring	noun
ændringsforslag	noun
æneas	name
æneiden	name
ængste	verb
ængstelig	adj
ængstelighed	noun
ængstelse	noun
æon	noun
æra	noun
ærbar	adj
ærbarhed	noun
ærbødighed	noun
ære	noun,verb
ærefrygt	noun
ærekær	adj
æresdrab	noun
ærgelig	adj
ærgerlig	adj
ærgerrig	adj
ærgre	verb
ærgrelse	noun
ærinde	noun
ærkeamerikansk	adj
ærkebiskop	noun
ærkebisp	noun
ærkebispedømme	noun
ærkedansk	adj
ærkedegn	noun
ærkeengel	noun
ærkeengelsk	adj
ærkefjende	noun
ærkefransk	adj
ærkehertug	noun
ærkeitaliensk	adj
ærkekinesisk	adj
ærkesvensk	adj
ærketysk	adj
ærlig	adj
ærlighed	noun
ærme	noun
ært	noun
ærværdig	adj
æsel	noun
æske	noun
æstet	noun
æstetisk	adj
æstuarium	noun
æter	noun
ætling	noun
ætse	noun
æv	intj
ø	character,noun
øbo	noun
øde	adj,noun,verb
ødegård	noun
ødelæg	verb
ødelægge	verb
ødelæggelse	noun
ødem	noun
ødemark	noun
ødipal	adj
ødipus	name
ødipuskompleks	noun
øf	intj
øffe	verb
øg	noun
øge	verb
øgenavn	noun
øgle	noun
øgruppe	noun
øh	intj
øje	noun,verb
øjeblik	noun
øjeblikkelig	adj,adv
øjebæ	noun
øjelåg	noun
øjemed	noun
øjenbryn	noun
øjendråber	noun
øjenhøjde	noun
øjenlåg	noun
øjenlæge	noun
øjensynlig	adj,adv
øjenvippe	noun
øjesten	noun
øjeæble	noun
øjne	verb
økologi	noun
økologisk	adj
økonom	noun
økonomi	noun
økonomichef	noun
økonomidirektør	noun
økonomisk	adj
økoturisme	noun
økoturist	noun
økse	noun
økumenisk	adj
øl	noun
ølbong	noun
øldrikkeri	noun
øldåse	noun
ølkage	noun
øllebrød	noun
ølmave	noun
øm	adj
ømfindtlig	adj
ømhed	noun
ønske	noun,verb
ønskedrøm	noun
ønskelig	adj
ønskelighed	noun
ønskeliste	noun
ønskeseddel	noun
ønsketænkning	noun
ønskværdig	adj
ønskværdighed	noun
ør	adj
øre	noun
øre-næse-hals-læge	noun
øreflip	noun
øregang	noun
øremærke	verb
øremærkning	noun
ørentvist	noun
øreprop	noun
ørering	noun
øresund	name
øresundsbroen	name
øretæve	noun
ørevoks	noun
ørken	noun
ørkensand	noun
ørkesløs	adj
ørkesløshed	noun
ørn	noun
ørneklo	noun
ørred	noun
ørsted	name
øse	noun,verb
øsregn	noun
øsregne	verb
øst	adv,noun
østat	noun
østen	noun
østergaard	name
østers	noun
østersøen	name
østgrønlandsk	adj,noun
østjøde	noun
østkyst	noun
østlig	adj
østnordisk	adj,name
østre	adj
østrig	name
østrig-ungarn	name
østriger	noun
østrigsk	adj,name
østrigskhed	noun
østtimor	name
østtysk	adj
østtysker	noun
østtyskland	name
øv	intj
øve	verb
øvelse	noun
øverst	adj,adv
øvet	adj
øvning	noun
øvre	adj
øvrig	adj
