word	form
aaa	
aaaban	
aaban	inaaban
aaban	inaaaban
aaban	aaaban
aaban	aabin
aaban	inaaab
aaban	pag-aaban
aaban	pinapag-aaban
aaban	pinag-aaaban
aaban	ipag-aab
aaban	ipinapag-aab
aaban	ipaaab
aaban	ipinaaaab
aaban	ipinapaaab
aaban	ipagpaaab
aaban	ipinagpapaaab
aaban	ipinapagpaaab
aaban	ikapagpaaab
aaban	ikinapagpapaaab
aaban	ikinakapagpaaab
aaban	maaab
aaban	naaaab
aaban	maaaban
aaban	naaaaban
aaban	maipag-aab
aaban	naipag-aaab
aaban	naipapag-aab
aaban	naiipag-aab
aaban	maikapag-aab
aaban	naikapag-aaab
aaban	naikapapag-aab
aaban	naiikapag-aab
aaban	mapag-aaban
aaban	napag-aaaban
aaban	napapag-aaban
aaban	maipaaab
aaban	naipaaaab
aaban	naipapaaab
aaban	naiipaaab
aaban	maipagpaaab
aaban	naipagpapaaab
aaban	naipapagpaaab
aaban	naiipagpaaab
aaban	maikapagpaaab
aaban	naikapagpapaaab
aaban	naikakapagpaaab
aaban	naiikapagpaaab
aaban	mapagpaaaban
aaban	napagpapaaaaban
aaban	napapagpaaaban
aaban	mapapag-aaban
aaban	napapapag-aaban
aaban	makipag-aab
aaban	nakikipag-aab
aaban	makiaab
aaban	nakikiaab
aaban	makipagpaaab
aaban	nakikipagpaaab
aabisuhan	
aagaw	
aakyat	
aalog-alog	
aalpombrahin	
aamin	
aaminin	
aamyendahan	
aanhin	
aanulahin	
aarawan	
aasahan	
aawat	
abahin	inaaba
abain	inaaba
abakahan	inaabakahan
abakahan	inabakahan
abakahan	aabakahan
abakahan	pag-abakahan
abakahan	pinapag-abakahan
abakahan	pinag-aabakahan
abakahan	ipag-abaka
abakahan	ipinapag-abaka
abakahan	ipagpaabaka
abakahan	ipinagpapaabaka
abakahan	ipinapagpaabaka
abakahan	ikapagpaabaka
abakahan	ikinapagpapaabaka
abakahan	ikinakapagpaabaka
abakahan	maipag-abaka
abakahan	naipag-aabaka
abakahan	naipapag-abaka
abakahan	naiipag-abaka
abakahan	maikapag-abaka
abakahan	naikapag-aabaka
abakahan	naikapapag-abaka
abakahan	naiikapag-abaka
abakahan	mapag-abakaan
abakahan	napag-aabakaan
abakahan	napapag-abakaan
abakahan	maipagpaabaka
abakahan	naipagpapaabaka
abakahan	naipapagpaabaka
abakahan	naiipagpaabaka
abakahan	maikapagpaabaka
abakahan	naikapagpapaabaka
abakahan	naikakapagpaabaka
abakahan	naiikapagpaabaka
abakahan	mapagpaabakahan
abakahan	napagpapaaabakahan
abakahan	napapagpaabakahan
abakahan	mapapag-abakahan
abakahan	napapapag-abakahan
abakahan	makipag-abaka
abakahan	nakikipag-abaka
abakahan	makiabaka
abakahan	nakikiabaka
abakahan	makipagpaabaka
abakahan	nakikipagpaabaka
abalahin	inabala
abalahin	inaabala
abalahin	aabalahin
abangan	inabangan
abangan	inaabangan
abangan	aabangan
abatan	inabatan
abatan	inaabatan
abatan	aabatan
abayan	inabayan
abayan	inaabayan
abayan	aabayan
abisuhan	inabisuhan
abisuhan	inaabisuhan
abisuhan	aabisuhan
abisuhan	trigger
abrogahin	inabroga
abrogahin	inaabroga
abrogahin	aabrogahin
abuhan	inabuhan
abuhan	inaabuhan
abuhan	aabuhan
abuhin	inabo
abuhin	inaabo
abuhin	aabuhin
abuluyan	inabuluyan
abuluyan	inaabuluyan
abuluyan	aabuluyan
abusuhin	inabuso
abusuhin	inaabuso
abusuhin	aabusuhin
abusuhin	pag-abusuhan
abusuhin	pinapag-abusuhan
abusuhin	pinag-aabusuhan
abusuhin	ipag-abuso
abusuhin	ipinapag-abuso
abusuhin	ipaabuso
abusuhin	ipinaaabuso
abusuhin	ipinapaabuso
abusuhin	ipagpaabuso
abusuhin	ipinagpapaabuso
abusuhin	ipinapagpaabuso
abusuhin	ikapagpaabuso
abusuhin	ikinapagpapaabuso
abusuhin	ikinakapagpaabuso
abusuhin	maabuso
abusuhin	naaabuso
abusuhin	maipag-abuso
abusuhin	naipag-aabuso
abusuhin	naipapag-abuso
abusuhin	naiipag-abuso
abusuhin	maikapag-abuso
abusuhin	naikapag-aabuso
abusuhin	naikapapag-abuso
abusuhin	naiikapag-abuso
abusuhin	mapag-abusoan
abusuhin	napag-aabusoan
abusuhin	napapag-abusoan
abusuhin	maipaabuso
abusuhin	naipaaabuso
abusuhin	naipapaabuso
abusuhin	naiipaabuso
abusuhin	maipagpaabuso
abusuhin	naipagpapaabuso
abusuhin	naipapagpaabuso
abusuhin	naiipagpaabuso
abusuhin	maikapagpaabuso
abusuhin	naikapagpapaabuso
abusuhin	naikakapagpaabuso
abusuhin	naiikapagpaabuso
abusuhin	mapagpaabusuhan
abusuhin	napagpapaaabusuhan
abusuhin	napapagpaabusuhan
abusuhin	mapapag-abusuhan
abusuhin	napapapag-abusuhan
abusuhin	makipag-abuso
abusuhin	nakikipag-abuso
abusuhin	makiabuso
abusuhin	nakikiabuso
abusuhin	makipagpaabuso
abusuhin	nakikipagpaabuso
abutan	inabutan
abutan	inaabutan
abutan	aabutan
abutin	inabot
abutin	inaabot
abutin	aabutin
abyarin	inabyad
abyarin	inaabyad
abyarin	aabyarin
abyarin	pag-abyaran
abyarin	pinapag-abyaran
abyarin	pinag-aabyaran
abyarin	iabyad
abyarin	iniaabyad
abyarin	ipaabyad
abyarin	ipinaaabyad
abyarin	ipinapaabyad
abyarin	ipagpaabyad
abyarin	ipinagpapaabyad
abyarin	ipinapagpaabyad
abyarin	ikapagpaabyad
abyarin	ikinapagpapaabyad
abyarin	ikinakapagpaabyad
abyarin	maabyad
abyarin	naaabyad
abyarin	maiabyad
abyarin	naiaabyad
abyarin	maikaabyad
abyarin	naikaaabyad
abyarin	naikakaabyad
abyarin	naiikaabyad
abyarin	mapag-abyadan
abyarin	napag-aabyadan
abyarin	napapag-abyadan
abyarin	maipaabyad
abyarin	naipaaabyad
abyarin	naipapaabyad
abyarin	naiipaabyad
abyarin	maipagpaabyad
abyarin	naipagpapaabyad
abyarin	naipapagpaabyad
abyarin	naiipagpaabyad
abyarin	maikapagpaabyad
abyarin	naikapagpapaabyad
abyarin	naikakapagpaabyad
abyarin	naiikapagpaabyad
abyarin	mapagpaabyaran
abyarin	napagpapaaabyaran
abyarin	napapagpaabyaran
abyarin	mapapag-abyaran
abyarin	napapapag-abyaran
abyarin	makiabyad
abyarin	nakikiabyad
abyarin	makipagpaabyad
abyarin	nakikipagpaabyad
abyugin	inabyog
abyugin	inaabyog
abyugin	aabyugin
adulahin	inadula
adulahin	inaadula
adulahin	aadulahin
agahan	inagahan
agahan	inaagahan
agahan	aagahan
agawin	inagaw
agawin	inaagaw
agawin	aagawin
aginalduhan	inaginalduhan
aginalduhan	inaaginalduhan
aginalduhan	aaginalduhan
ahitin	inahit
ahitin	inaahit
ahitin	aahitin
ahituhin	inahito
ahituhin	inaahito
ahituhin	aahituhin
ahunin	inahon
ahunin	inaahon
ahunin	aahunin
ahunin	pag-ahunan
ahunin	pinapag-ahunan
ahunin	pinag-aahunan
ahunin	iahon
ahunin	iniaahon
ahunin	ipaahon
ahunin	ipinaaahon
ahunin	ipinapaahon
ahunin	ipagpaahon
ahunin	ipinagpapaahon
ahunin	ipinapagpaahon
ahunin	ikapagpaahon
ahunin	ikinapagpapaahon
ahunin	ikinakapagpaahon
ahunin	maahon
ahunin	naaahon
ahunin	maiahon
ahunin	naiaahon
ahunin	maikaahon
ahunin	naikaaahon
ahunin	naikakaahon
ahunin	naiikaahon
ahunin	mapag-ahonan
ahunin	napag-aahonan
ahunin	napapag-ahonan
ahunin	maipaahon
ahunin	naipaaahon
ahunin	naipapaahon
ahunin	naiipaahon
ahunin	maipagpaahon
ahunin	naipagpapaahon
ahunin	naipapagpaahon
ahunin	naiipagpaahon
ahunin	maikapagpaahon
ahunin	naikapagpapaahon
ahunin	naikakapagpaahon
ahunin	naiikapagpaahon
ahunin	mapagpaahunan
ahunin	napagpapaaahunan
ahunin	napapagpaahunan
ahunin	mapapag-ahunan
ahunin	napapapag-ahunan
ahunin	makiahon
ahunin	nakikiahon
ahunin	makipagpaahon
ahunin	nakikipagpaahon
akayin	inakay
akayin	inaakay
akayin	aakayin
akayin	pag-akayan
akayin	pinapag-akayan
akayin	pinag-aakayan
akayin	iakay
akayin	iniaakay
akayin	ipaakay
akayin	ipinaaakay
akayin	ipinapaakay
akayin	ipagpaakay
akayin	ipinagpapaakay
akayin	ipinapagpaakay
akayin	ikapagpaakay
akayin	ikinapagpapaakay
akayin	ikinakapagpaakay
akayin	maakay
akayin	naaakay
akayin	maiakay
akayin	naiaakay
akayin	maikaakay
akayin	naikaaakay
akayin	naikakaakay
akayin	naiikaakay
akayin	mapag-akayan
akayin	napag-aakayan
akayin	napapag-akayan
akayin	maipaakay
akayin	naipaaakay
akayin	naipapaakay
akayin	naiipaakay
akayin	maipagpaakay
akayin	naipagpapaakay
akayin	naipapagpaakay
akayin	naiipagpaakay
akayin	maikapagpaakay
akayin	naikapagpapaakay
akayin	naikakapagpaakay
akayin	naiikapagpaakay
akayin	mapagpaakayan
akayin	napagpapaaakayan
akayin	napapagpaakayan
akayin	mapapag-akayan
akayin	napapapag-akayan
akayin	makiakay
akayin	nakikiakay
akayin	makipagpaakay
akayin	nakikipagpaakay
aksiyunan	inaksiyunan
aksiyunan	inaaksiyunan
aksiyunan	aaksiyunan
aksyunan	inaksyunan
aksyunan	inaaksyunan
aksyunan	aaksyunan
aktingan	inaktingan
aktingan	inaaktingan
aktingan	aaktingan
akuin	inako
akuin	inaako
akuin	aakuin
akyatan	inakyatan
akyatan	inaakyatan
akyatan	aakyatan
akyatin	inakyat
akyatin	inaakyat
akyatin	aakyatin
akyatin	pag-akyatan
akyatin	pinapag-akyatan
akyatin	pinag-aakyatan
akyatin	iakyat
akyatin	iniaakyat
akyatin	ipaakyat
akyatin	ipinaaakyat
akyatin	ipinapaakyat
akyatin	ipagpaakyat
akyatin	ipinagpapaakyat
akyatin	ipinapagpaakyat
akyatin	ikapagpaakyat
akyatin	ikinapagpapaakyat
akyatin	ikinakapagpaakyat
akyatin	maakyat
akyatin	naaakyat
akyatin	maiakyat
akyatin	naiaakyat
akyatin	maikaakyat
akyatin	naikaaakyat
akyatin	naikakaakyat
akyatin	naiikaakyat
akyatin	mapag-akyatan
akyatin	napag-aakyatan
akyatin	napapag-akyatan
akyatin	maipaakyat
akyatin	naipaaakyat
akyatin	naipapaakyat
akyatin	naiipaakyat
akyatin	maipagpaakyat
akyatin	naipagpapaakyat
akyatin	naipapagpaakyat
akyatin	naiipagpaakyat
akyatin	maikapagpaakyat
akyatin	naikapagpapaakyat
akyatin	naikakapagpaakyat
akyatin	naiikapagpaakyat
akyatin	mapagpaakyatan
akyatin	napagpapaaakyatan
akyatin	napapagpaakyatan
akyatin	mapapag-akyatan
akyatin	napapapag-akyatan
akyatin	makiakyat
akyatin	nakikiakyat
akyatin	makipagpaakyat
akyatin	nakikipagpaakyat
alahasan	inalahasan
alahasan	inaalahasan
alahasan	aalahasan
alalahanin	inalalahan
alalahanin	inaaalalahan
alalahanin	aalalahanin
alalahanin	inaalalahan
alalayan	inalalayan
alalayan	inaalalayan
alalayan	aalalayan
alamin	inaalam
alayan	inalayan
alayan	inaalayan
alayan	aalayan
alegorisahin	inalegorisa
alegorisahin	inaalegorisa
alegorisahin	aalegorisahin
alilain	inalila
alilain	inaalila
alilain	aalilain
alipustain	inalipusta
alipustain	inaalipusta
alipustain	aalipustain
alis	
alisan	inalisan
alisan	inaalisan
alisan	aalisan
alisin	inalis
alisin	inaalis
alisin	aalisin
alituntunin	inalitunton
alituntunin	inaalitunton
alituntunin	aalituntunin
alkampuran	inalkampuran
alkampuran	inaalkampuran
alkampuran	aalkampuran
alkoholisahan	inalkoholisahan
alkoholisahan	inaalkoholisahan
alkoholisahan	aalkoholisahan
alkoholisahin	inalkoholisa
alkoholisahin	inaalkoholisa
alkoholisahin	aalkoholisahin
almasenahin	inalmasena
almasenahin	inaalmasena
almasenahin	aalmasenahin
almirulan	inalmirulan
almirulan	inaalmirulan
almirulan	aalmirulan
almusalin	inalmusal
almusalin	inaalmusal
almusalin	aalmusalin
almusalin	pag-almusalan
almusalin	pinapag-almusalan
almusalin	pinag-aalmusalan
almusalin	ipag-almusal
almusalin	ipinapag-almusal
almusalin	ipaalmusal
almusalin	ipinaaalmusal
almusalin	ipinapaalmusal
almusalin	ipagpaalmusal
almusalin	ipinagpapaalmusal
almusalin	ipinapagpaalmusal
almusalin	ikapagpaalmusal
almusalin	ikinapagpapaalmusal
almusalin	ikinakapagpaalmusal
almusalin	maalmusal
almusalin	naaalmusal
almusalin	maipag-almusal
almusalin	naipag-aalmusal
almusalin	naipapag-almusal
almusalin	naiipag-almusal
almusalin	maikapag-almusal
almusalin	naikapag-aalmusal
almusalin	naikapapag-almusal
almusalin	naiikapag-almusal
almusalin	mapag-almusalan
almusalin	napag-aalmusalan
almusalin	napapag-almusalan
almusalin	maipaalmusal
almusalin	naipaaalmusal
almusalin	naipapaalmusal
almusalin	naiipaalmusal
almusalin	maipagpaalmusal
almusalin	naipagpapaalmusal
almusalin	naipapagpaalmusal
almusalin	naiipagpaalmusal
almusalin	maikapagpaalmusal
almusalin	naikapagpapaalmusal
almusalin	naikakapagpaalmusal
almusalin	naiikapagpaalmusal
almusalin	mapagpaalmusalan
almusalin	napagpapaaalmusalan
almusalin	napapagpaalmusalan
almusalin	mapapag-almusalan
almusalin	napapapag-almusalan
almusalin	makipag-almusal
almusalin	nakikipag-almusal
almusalin	makialmusal
almusalin	nakikialmusal
almusalin	makipagpaalmusal
almusalin	nakikipagpaalmusal
alpabetisahin	inalpabetisa
alpabetisahin	inaalpabetisa
alpabetisahin	aalpabetisahin
alpombrahin	inalpombra
alpombrahin	inaalpombra
alpombrahin	aalpombrahin
alugin	inalog
alugin	inaalog
alugin	aalugin
amerikanahin	inamerikana
amerikanahin	inaamerikana
amerikanahin	aamerikanahin
ametralyahin	inametralya
ametralyahin	inaametralya
ametralyahin	aametralyahin
aminin	inamin
aminin	inaamin
aminin	aaminin
aminin	pag-aminan
aminin	pinapag-aminan
aminin	pinag-aaminan
aminin	iamin
aminin	iniaamin
aminin	ipaamin
aminin	ipinaaamin
aminin	ipinapaamin
aminin	ipagpaamin
aminin	ipinagpapaamin
aminin	ipinapagpaamin
aminin	ikapagpaamin
aminin	ikinapagpapaamin
aminin	ikinakapagpaamin
aminin	maamin
aminin	naaamin
aminin	maiamin
aminin	naiaamin
aminin	maikaamin
aminin	naikaaamin
aminin	naikakaamin
aminin	naiikaamin
aminin	mapag-aminan
aminin	napag-aaminan
aminin	napapag-aminan
aminin	maipaamin
aminin	naipaaamin
aminin	naipapaamin
aminin	naiipaamin
aminin	maipagpaamin
aminin	naipagpapaamin
aminin	naipapagpaamin
aminin	naiipagpaamin
aminin	maikapagpaamin
aminin	naikapagpapaamin
aminin	naikakapagpaamin
aminin	naiikapagpaamin
aminin	mapagpaaminan
aminin	napagpapaaaminan
aminin	napapagpaaminan
aminin	mapapag-aminan
aminin	napapapag-aminan
aminin	makiamin
aminin	nakikiamin
aminin	makipagpaamin
aminin	nakikipagpaamin
ampunan	inampunan
ampunan	inaampunan
ampunan	aampunan
anayin	inanay
anayin	inaanay
anayin	aanayin
anestesyahan	inanestesyahan
anestesyahan	inaanestesyahan
anestesyahan	aanestesyahan
anestisahan	inanestisahan
anestisahan	inaanestisahan
anestisahan	aanestisahan
animahan	inanimahan
animahan	inaanimahan
animahan	aanimahan
anisan	inanisan
anisan	inaanisan
anisan	aanisan
anodinahan	
anotahan	inanotahan
anotahan	inaanotahan
anotahan	aanotahan
antukin	inantok
antukin	inaantok
antukin	aantukin
anuhin	inano
anuhin	inaano
anuhin	aanuhin
anulahin	inanula
anulahin	inaanula
anulahin	aanulahin
apatan	inapatan
apatan	inaapatan
apatan	aapatan
apihin	inapi
apihin	inaapi
apihin	aapihin
apihin	pag-apihan
apihin	pinapag-apihan
apihin	pinag-aapihan
apihin	iapi
apihin	iniaapi
apihin	ipaapi
apihin	ipinaaapi
apihin	ipinapaapi
apihin	ipagpaapi
apihin	ipinagpapaapi
apihin	ipinapagpaapi
apihin	ikapagpaapi
apihin	ikinapagpapaapi
apihin	ikinakapagpaapi
apihin	maapi
apihin	naaapi
apihin	maiapi
apihin	naiaapi
apihin	maikaapi
apihin	naikaaapi
apihin	naikakaapi
apihin	naiikaapi
apihin	mapag-apian
apihin	napag-aapian
apihin	napapag-apian
apihin	maipaapi
apihin	naipaaapi
apihin	naipapaapi
apihin	naiipaapi
apihin	maipagpaapi
apihin	naipagpapaapi
apihin	naipapagpaapi
apihin	naiipagpaapi
apihin	maikapagpaapi
apihin	naikapagpapaapi
apihin	naikakapagpaapi
apihin	naiikapagpaapi
apihin	mapagpaapihan
apihin	napagpapaaapihan
apihin	napapagpaapihan
apihin	mapapag-apihan
apihin	napapapag-apihan
apihin	makiapi
apihin	nakikiapi
apihin	makipagpaapi
apihin	nakikipagpaapi
apuyan	inapuyan
apuyan	inaapuyan
apuyan	aapuyan
aralan	inaralan
aralan	inaaralan
aralan	aaralan
aralin	inaral
aralin	inaaral
aralin	aaralin
aralin	pag-aralan
aralin	pinapag-aralan
aralin	pinag-aaralan
aralin	iaral
aralin	iniaaral
aralin	ipaaral
aralin	ipinaaaral
aralin	ipinapaaral
aralin	ipagpaaral
aralin	ipinagpapaaral
aralin	ipinapagpaaral
aralin	ikapagpaaral
aralin	ikinapagpapaaral
aralin	ikinakapagpaaral
aralin	maaral
aralin	naaaral
aralin	maiaral
aralin	naiaaral
aralin	maikaaral
aralin	naikaaaral
aralin	naikakaaral
aralin	naiikaaral
aralin	mapag-aralan
aralin	napag-aaralan
aralin	napapag-aralan
aralin	maipaaral
aralin	naipaaaral
aralin	naipapaaral
aralin	naiipaaral
aralin	maipagpaaral
aralin	naipagpapaaral
aralin	naipapagpaaral
aralin	naiipagpaaral
aralin	maikapagpaaral
aralin	naikapagpapaaral
aralin	naikakapagpaaral
aralin	naiikapagpaaral
aralin	mapagpaaralan
aralin	napagpapaaaralan
aralin	napapagpaaralan
aralin	mapapag-aralan
aralin	napapapag-aralan
aralin	makiaral
aralin	nakikiaral
aralin	makipagpaaral
aralin	nakikipagpaaral
arawan	inarawan
arawan	inaarawan
arawan	aarawan
ariin	inari
ariin	inaari
ariin	aariin
arugain	inaruga
arugain	inaaruga
arugain	aarugain
asahan	inasahan
asahan	inaasahan
asahan	aasahan
asahan	pag-asahan
asahan	pinapag-asahan
asahan	pinag-aasahan
asahan	iasa
asahan	iniaasa
asahan	ipagpaasa
asahan	ipinagpapaasa
asahan	ipinapagpaasa
asahan	ikapagpaasa
asahan	ikinapagpapaasa
asahan	ikinakapagpaasa
asahan	maasahan
asahan	naaasahan
asahan	maiasa
asahan	naiaasa
asahan	maikaasa
asahan	naikaaasa
asahan	naikakaasa
asahan	naiikaasa
asahan	mapag-asaan
asahan	napag-aasaan
asahan	napapag-asaan
asahan	maipagpaasa
asahan	naipagpapaasa
asahan	naipapagpaasa
asahan	naiipagpaasa
asahan	maikapagpaasa
asahan	naikapagpapaasa
asahan	naikakapagpaasa
asahan	naiikapagpaasa
asahan	mapagpaasahan
asahan	napagpapaaasahan
asahan	napapagpaasahan
asahan	mapapag-asahan
asahan	napapapag-asahan
asahan	makiasa
asahan	nakikiasa
asahan	makipagpaasa
asahan	nakikipagpaasa
asalin	inasal
asalin	inaasal
asalin	aasalin
asentuhan	inasentuhan
asentuhan	inaasentuhan
asentuhan	aasentuhan
asidulahan	inasidulahan
asidulahan	inaasidulahan
asidulahan	aasidulahan
asinan	inasinan
asinan	inaasinan
asinan	aasinan
asinan	pag-asinan
asinan	pinapag-asinan
asinan	pinag-aasinan
asinan	ipag-asin
asinan	ipinapag-asin
asinan	ipagpaasin
asinan	ipinagpapaasin
asinan	ipinapagpaasin
asinan	ikapagpaasin
asinan	ikinapagpapaasin
asinan	ikinakapagpaasin
asinan	maasinan
asinan	naaasinan
asinan	maipag-asin
asinan	naipag-aasin
asinan	naipapag-asin
asinan	naiipag-asin
asinan	maikapag-asin
asinan	naikapag-aasin
asinan	naikapapag-asin
asinan	naiikapag-asin
asinan	mapag-asinan
asinan	napag-aasinan
asinan	napapag-asinan
asinan	maipagpaasin
asinan	naipagpapaasin
asinan	naipapagpaasin
asinan	naiipagpaasin
asinan	maikapagpaasin
asinan	naikapagpapaasin
asinan	naikakapagpaasin
asinan	naiikapagpaasin
asinan	mapagpaasinan
asinan	napagpapaaasinan
asinan	napapagpaasinan
asinan	mapapag-asinan
asinan	napapapag-asinan
asinan	makipag-asin
asinan	nakikipag-asin
asinan	makiasin
asinan	nakikiasin
asinan	makipagpaasin
asinan	nakikipagpaasin
atakihin	inatake
atakihin	inaatake
atakihin	aatakihin
atakihin	pag-atakihan
atakihin	pinapag-atakihan
atakihin	pinag-aatakihan
atakihin	iatake
atakihin	iniaatake
atakihin	ipaatake
atakihin	ipinaaatake
atakihin	ipinapaatake
atakihin	ipagpaatake
atakihin	ipinagpapaatake
atakihin	ipinapagpaatake
atakihin	ikapagpaatake
atakihin	ikinapagpapaatake
atakihin	ikinakapagpaatake
atakihin	maatake
atakihin	naaatake
atakihin	maiatake
atakihin	naiaatake
atakihin	maikaatake
atakihin	naikaaatake
atakihin	naikakaatake
atakihin	naiikaatake
atakihin	mapag-atakean
atakihin	napag-aatakean
atakihin	napapag-atakean
atakihin	maipaatake
atakihin	naipaaatake
atakihin	naipapaatake
atakihin	naiipaatake
atakihin	maipagpaatake
atakihin	naipagpapaatake
atakihin	naipapagpaatake
atakihin	naiipagpaatake
atakihin	maikapagpaatake
atakihin	naikapagpapaatake
atakihin	naikakapagpaatake
atakihin	naiikapagpaatake
atakihin	mapagpaatakihan
atakihin	napagpapaaatakihan
atakihin	napapagpaatakihan
atakihin	mapapag-atakihan
atakihin	napapapag-atakihan
atakihin	makiatake
atakihin	nakikiatake
atakihin	makipagpaatake
atakihin	nakikipagpaatake
atasan	inatasan
atasan	inaatasan
atasan	aatasan
atayin	inatay
atayin	inaatay
atayin	aatayin
atigin	inatig
atigin	inaatig
atigin	aatigin
aw-awan	inaw-awan
aw-awan	inaaw-awan
aw-awan	aaw-awan
awayin	inaway
awayin	inaaway
awayin	aawayin
awayin	pag-awayan
awayin	pinapag-awayan
awayin	pinag-aawayan
awayin	ipag-away
awayin	ipinapag-away
awayin	ikapag-away
awayin	ikinapag-aaway
awayin	ikinakapag-away
awayin	ipaaway
awayin	ipinaaaway
awayin	ipinapaaway
awayin	ipagpaaway
awayin	ipinagpapaaway
awayin	ipinapagpaaway
awayin	ikapagpaaway
awayin	ikinapagpapaaway
awayin	ikinakapagpaaway
awayin	maaway
awayin	naaaway
awayin	maipag-away
awayin	naipag-aaway
awayin	naipapag-away
awayin	naiipag-away
awayin	maikapag-away
awayin	naikapag-aaway
awayin	naikapapag-away
awayin	naiikapag-away
awayin	mapag-awayan
awayin	napag-aawayan
awayin	napapag-awayan
awayin	maipaaway
awayin	naipaaaway
awayin	naipapaaway
awayin	naiipaaway
awayin	maipagpaaway
awayin	naipagpapaaway
awayin	naipapagpaaway
awayin	naiipagpaaway
awayin	maikapagpaaway
awayin	naikapagpapaaway
awayin	naikakapagpaaway
awayin	naiikapagpaaway
awayin	mapagpaawayan
awayin	napagpapaaawayan
awayin	napapagpaawayan
awayin	mapapag-awayan
awayin	napapapag-awayan
awayin	makipag-away
awayin	nakikipag-away
awayin	makiaway
awayin	nakikiaway
awayin	makipagpaaway
awayin	nakikipagpaaway
awitin	inawit
awitin	inaawit
awitin	aawitin
awitin	awitan
awitin	inaawitan
awitin	pag-awitan
awitin	pinapag-awitan
awitin	pinag-aawitan
awitin	iawit
awitin	iniaawit
awitin	ipagpaawit
awitin	ipinagpapaawit
awitin	ipinapagpaawit
awitin	ikapagpaawit
awitin	ikinapagpapaawit
awitin	ikinakapagpaawit
awitin	maawitan
awitin	naaawitan
awitin	mapag-awitan
awitin	napag-aawitan
awitin	napapag-awitan
awitin	maiawit
awitin	naiaawit
awitin	maikaawit
awitin	naikaaawit
awitin	naikakaawit
awitin	naiikaawit
awitin	maipagpaawit
awitin	naipagpapaawit
awitin	naipapagpaawit
awitin	naiipagpaawit
awitin	maikapagpaawit
awitin	naikapagpapaawit
awitin	naikakapagpaawit
awitin	naiikapagpaawit
awitin	mapagpaawitan
awitin	napagpapaaawitan
awitin	napapagpaawitan
awitin	mapapag-awitan
awitin	napapapag-awitan
awitin	makiawit
awitin	nakikiawit
awitin	makipagpaawit
awitin	nakikipagpaawit
ayaw	
ayslahan	inayslahan
ayslahan	inaayslahan
ayslahan	aayslahan
ayusin	inayos
ayusin	inaayos
ayusin	aayusin
ayusin	pag-ayusan
ayusin	pinapag-ayusan
ayusin	pinag-aayusan
ayusin	ipag-ayos
ayusin	ipinapag-ayos
ayusin	ipaayos
ayusin	ipinaaayos
ayusin	ipinapaayos
ayusin	ipagpaayos
ayusin	ipinagpapaayos
ayusin	ipinapagpaayos
ayusin	ikapagpaayos
ayusin	ikinapagpapaayos
ayusin	ikinakapagpaayos
ayusin	maayos
ayusin	naaayos
ayusin	maipag-ayos
ayusin	naipag-aayos
ayusin	naipapag-ayos
ayusin	naiipag-ayos
ayusin	maikapag-ayos
ayusin	naikapag-aayos
ayusin	naikapapag-ayos
ayusin	naiikapag-ayos
ayusin	mapag-ayosan
ayusin	napag-aayosan
ayusin	napapag-ayosan
ayusin	maipaayos
ayusin	naipaaayos
ayusin	naipapaayos
ayusin	naiipaayos
ayusin	maipagpaayos
ayusin	naipagpapaayos
ayusin	naipapagpaayos
ayusin	naiipagpaayos
ayusin	maikapagpaayos
ayusin	naikapagpapaayos
ayusin	naikakapagpaayos
ayusin	naiikapagpaayos
ayusin	mapagpaayusan
ayusin	napagpapaaayusan
ayusin	napapagpaayusan
ayusin	mapapag-ayusan
ayusin	napapapag-ayusan
ayusin	makipag-ayos
ayusin	nakikipag-ayos
ayusin	makiayos
ayusin	nakikiayos
ayusin	makipagpaayos
ayusin	nakikipagpaayos
babaan	binabaan
babaan	binababaan
babaan	bababaan
babaan	inababaan
babaan	pagbabaan
babaan	pinapagbabaan
babaan	pinagbababaan
babaan	ibaba
babaan	ibinababa
babaan	ipagpababa
babaan	ipinagpapababa
babaan	ipinapagpababa
babaan	ikapagpababa
babaan	ikinapagpapababa
babaan	ikinakapagpababa
babaan	mababaan
babaan	nabababaan
babaan	maibaba
babaan	naibababa
babaan	maikababa
babaan	naikabababa
babaan	naikakababa
babaan	naiikababa
babaan	mapagbabaan
babaan	napagbababaan
babaan	napapagbabaan
babaan	maipagpababa
babaan	naipagpapababa
babaan	naipapagpababa
babaan	naiipagpababa
babaan	maikapagpababa
babaan	naikapagpapababa
babaan	naikakapagpababa
babaan	naiikapagpababa
babaan	mapagpababaan
babaan	napagpapabababaan
babaan	napapagpababaan
babaan	mapapagbabaan
babaan	napapapagbabaan
babaan	makibaba
babaan	nakikibaba
babaan	makipagpababa
babaan	nakikipagpababa
bababa	
bababaihin	
babagsak	
babahin	
babaihin	binabae
babaihin	binababae
babaihin	bababaihin
babakunahan	
babalik	
babalikin	
babasagin	
babasahin	
babatukan	
babayaran	
babuyin	binaboy
babuyin	binababoy
babuyin	bababoy
bagalan	binagalan
bagalan	binabagalan
bagalan	babagalan
bagsakan	binagsakan
bagsakan	binabagsakan
bagsakan	babagsakan
bagyuhin	binagyo
bagyuhin	binabagyo
bagyuhin	babagyuhin
bahagan	binahagan
bahagan	binabahagan
bahagan	babahagan
bahain	binaha
bahain	binabaha
bahain	babahain
bahain	inabaha
bahain	pagbahaan
bahain	pinapagbahaan
bahain	pinagbabahaan
bahain	ipagbaha
bahain	ipinapagbaha
bahain	ipabaha
bahain	ipinababaha
bahain	ipinapabaha
bahain	ipagpabaha
bahain	ipinagpapabaha
bahain	ipinapagpabaha
bahain	ikapagpabaha
bahain	ikinapagpapabaha
bahain	ikinakapagpabaha
bahain	mabaha
bahain	nababaha
bahain	maipagbaha
bahain	naipagbabaha
bahain	naipapagbaha
bahain	naiipagbaha
bahain	maikapagbaha
bahain	naikapagbabaha
bahain	naikapapagbaha
bahain	naiikapagbaha
bahain	mapagbahaan
bahain	napagbabahaan
bahain	napapagbahaan
bahain	maipabaha
bahain	naipababaha
bahain	naipapabaha
bahain	naiipabaha
bahain	maipagpabaha
bahain	naipagpapabaha
bahain	naipapagpabaha
bahain	naiipagpabaha
bahain	maikapagpabaha
bahain	naikapagpapabaha
bahain	naikakapagpabaha
bahain	naiikapagpabaha
bahain	mapagpabahaan
bahain	napagpapababahaan
bahain	napapagpabahaan
bahain	mapapagbahaan
bahain	napapapagbahaan
bahain	makipagbaha
bahain	nakikipagbaha
bahain	makibaha
bahain	nakikibaha
bahain	makipagpabaha
bahain	nakikipagpabaha
bakbakan	binakbakan
bakbakan	binabakbakan
bakbakan	babakbakan
baklaran	binaklaran
baklaran	binabaklaran
baklaran	babaklaran
bakunahan	binakunahan
bakunahan	binabakunahan
bakunahan	babakunahan
bakuran	binakuran
bakuran	binabakuran
bakuran	babakuran
balaan	binalaan
balaan	binabalaan
balaan	babalaan
balakubakin	binalakubak
balakubakin	binabalakubak
balakubakin	babalakubakin
balansehin	binalanse
balansehin	binabalanse
balansehin	babalansehin
balasahin	binalasa
balasahin	binabalasa
balasahin	babalasahin
balasahin	inabalasa
balasahin	pagbalasahan
balasahin	pinapagbalasahan
balasahin	pinagbabalasahan
balasahin	ipagbalasa
balasahin	ipinapagbalasa
balasahin	ipabalasa
balasahin	ipinababalasa
balasahin	ipinapabalasa
balasahin	ipagpabalasa
balasahin	ipinagpapabalasa
balasahin	ipinapagpabalasa
balasahin	ikapagpabalasa
balasahin	ikinapagpapabalasa
balasahin	ikinakapagpabalasa
balasahin	mabalasa
balasahin	nababalasa
balasahin	maipagbalasa
balasahin	naipagbabalasa
balasahin	naipapagbalasa
balasahin	naiipagbalasa
balasahin	maikapagbalasa
balasahin	naikapagbabalasa
balasahin	naikapapagbalasa
balasahin	naiikapagbalasa
balasahin	mapagbalasaan
balasahin	napagbabalasaan
balasahin	napapagbalasaan
balasahin	maipabalasa
balasahin	naipababalasa
balasahin	naipapabalasa
balasahin	naiipabalasa
balasahin	maipagpabalasa
balasahin	naipagpapabalasa
balasahin	naipapagpabalasa
balasahin	naiipagpabalasa
balasahin	maikapagpabalasa
balasahin	naikapagpapabalasa
balasahin	naikakapagpabalasa
balasahin	naiikapagpabalasa
balasahin	mapagpabalasahan
balasahin	napagpapababalasahan
balasahin	napapagpabalasahan
balasahin	mapapagbalasahan
balasahin	napapapagbalasahan
balasahin	makipagbalasa
balasahin	nakikipagbalasa
balasahin	makibalasa
balasahin	nakikibalasa
balasahin	makipagpabalasa
balasahin	nakikipagpabalasa
baldahin	binabalda
balewalain	binalewala
balewalain	binabalewala
balewalain	babalewalain
balian	binalian
balian	binabalian
balian	babalian
baligtarin	binaligtad
baligtarin	binabaligtad
baligtarin	babaligtarin
baligtarin	inabaligtad
baligtarin	pagbaligtaran
baligtarin	pinapagbaligtaran
baligtarin	pinagbabaligtaran
baligtarin	ibaligtad
baligtarin	ibinabaligtad
baligtarin	ipabaligtad
baligtarin	ipinababaligtad
baligtarin	ipinapabaligtad
baligtarin	ipagpabaligtad
baligtarin	ipinagpapabaligtad
baligtarin	ipinapagpabaligtad
baligtarin	ikapagpabaligtad
baligtarin	ikinapagpapabaligtad
baligtarin	ikinakapagpabaligtad
baligtarin	mabaligtad
baligtarin	nababaligtad
baligtarin	maibaligtad
baligtarin	naibabaligtad
baligtarin	maikabaligtad
baligtarin	naikababaligtad
baligtarin	naikakabaligtad
baligtarin	naiikabaligtad
baligtarin	mapagbaligtadan
baligtarin	napagbabaligtadan
baligtarin	napapagbaligtadan
baligtarin	maipabaligtad
baligtarin	naipababaligtad
baligtarin	naipapabaligtad
baligtarin	naiipabaligtad
baligtarin	maipagpabaligtad
baligtarin	naipagpapabaligtad
baligtarin	naipapagpabaligtad
baligtarin	naiipagpabaligtad
baligtarin	maikapagpabaligtad
baligtarin	naikapagpapabaligtad
baligtarin	naikakapagpabaligtad
baligtarin	naiikapagpabaligtad
baligtarin	mapagpabaligtaran
baligtarin	napagpapababaligtaran
baligtarin	napapagpabaligtaran
baligtarin	mapapagbaligtaran
baligtarin	napapapagbaligtaran
baligtarin	makibaligtad
baligtarin	nakikibaligtad
baligtarin	makipagpabaligtad
baligtarin	nakikipagpabaligtad
baliin	binali
baliin	binabali
baliin	babaliin
baliin	inabali
baliin	pagbalian
baliin	pinapagbalian
baliin	pinagbabalian
baliin	ibali
baliin	ibinabali
baliin	ipabali
baliin	ipinababali
baliin	ipinapabali
baliin	ipagpabali
baliin	ipinagpapabali
baliin	ipinapagpabali
baliin	ikapagpabali
baliin	ikinapagpapabali
baliin	ikinakapagpabali
baliin	mabali
baliin	nababali
baliin	maibali
baliin	naibabali
baliin	maikabali
baliin	naikababali
baliin	naikakabali
baliin	naiikabali
baliin	mapagbalian
baliin	napagbabalian
baliin	napapagbalian
baliin	maipabali
baliin	naipababali
baliin	naipapabali
baliin	naiipabali
baliin	maipagpabali
baliin	naipagpapabali
baliin	naipapagpabali
baliin	naiipagpabali
baliin	maikapagpabali
baliin	naikapagpapabali
baliin	naikakapagpabali
baliin	naiikapagpabali
baliin	mapagpabalian
baliin	napagpapababalian
baliin	napapagpabalian
baliin	mapapagbalian
baliin	napapapagbalian
baliin	makibali
baliin	nakikibali
baliin	makipagpabali
baliin	nakikipagpabali
balikan	binalikan
balikan	binabalikan
balikan	babalikan
balikatin	binalikat
balikatin	binabalikat
balikatin	babalikatin
balitaan	binalitaan
balitaan	binabalitaan
balitaan	babalitaan
balsahan	binalsahan
balsahan	binabalsahan
balsahan	babalsahan
balunin	binalon
balunin	binabalon
balunin	babalunin
balutin	binalot
balutin	binabalot
balutin	babalutin
balutin	inabalot
balutin	pagbalutan
balutin	pinapagbalutan
balutin	pinagbabalutan
balutin	ipagbalot
balutin	ipinapagbalot
balutin	ipabalot
balutin	ipinababalot
balutin	ipinapabalot
balutin	ipagpabalot
balutin	ipinagpapabalot
balutin	ipinapagpabalot
balutin	ikapagpabalot
balutin	ikinapagpapabalot
balutin	ikinakapagpabalot
balutin	mabalot
balutin	nababalot
balutin	maipagbalot
balutin	naipagbabalot
balutin	naipapagbalot
balutin	naiipagbalot
balutin	maikapagbalot
balutin	naikapagbabalot
balutin	naikapapagbalot
balutin	naiikapagbalot
balutin	mapagbalotan
balutin	napagbabalotan
balutin	napapagbalotan
balutin	maipabalot
balutin	naipababalot
balutin	naipapabalot
balutin	naiipabalot
balutin	maipagpabalot
balutin	naipagpapabalot
balutin	naipapagpabalot
balutin	naiipagpabalot
balutin	maikapagpabalot
balutin	naikapagpapabalot
balutin	naikakapagpabalot
balutin	naiikapagpabalot
balutin	mapagpabalutan
balutin	napagpapababalutan
balutin	napapagpabalutan
balutin	mapapagbalutan
balutin	napapapagbalutan
balutin	makipagbalot
balutin	nakikipagbalot
balutin	makibalot
balutin	nakikibalot
balutin	makipagpabalot
balutin	nakikipagpabalot
balutin	ibalot
balutin	ibinabalot
balutin	maibalot
balutin	naibabalot
balutin	maikabalot
balutin	naikababalot
balutin	naikakabalot
balutin	naiikabalot
banalin	binanal
banalin	binabanal
banalin	babanalin
banggitin	binanggit
banggitin	binabanggit
banggitin	babanggitin
banggitin	inabanggit
banggitin	pagbanggitan
banggitin	pinapagbanggitan
banggitin	pinagbabanggitan
banggitin	ibanggit
banggitin	ibinabanggit
banggitin	ipabanggit
banggitin	ipinababanggit
banggitin	ipinapabanggit
banggitin	ipagpabanggit
banggitin	ipinagpapabanggit
banggitin	ipinapagpabanggit
banggitin	ikapagpabanggit
banggitin	ikinapagpapabanggit
banggitin	ikinakapagpabanggit
banggitin	mabanggit
banggitin	nababanggit
banggitin	maibanggit
banggitin	naibabanggit
banggitin	maikabanggit
banggitin	naikababanggit
banggitin	naikakabanggit
banggitin	naiikabanggit
banggitin	mapagbanggitan
banggitin	napagbabanggitan
banggitin	napapagbanggitan
banggitin	maipabanggit
banggitin	naipababanggit
banggitin	naipapabanggit
banggitin	naiipabanggit
banggitin	maipagpabanggit
banggitin	naipagpapabanggit
banggitin	naipapagpabanggit
banggitin	naiipagpabanggit
banggitin	maikapagpabanggit
banggitin	naikapagpapabanggit
banggitin	naikakapagpabanggit
banggitin	naiikapagpabanggit
banggitin	mapagpabanggitan
banggitin	napagpapababanggitan
banggitin	napapagpabanggitan
banggitin	mapapagbanggitan
banggitin	napapapagbanggitan
banggitin	makibanggit
banggitin	nakikibanggit
banggitin	makipagpabanggit
banggitin	nakikipagpabanggit
banggitin	ipagbanggit
banggitin	ipinapagbanggit
banggitin	maipagbanggit
banggitin	naipagbabanggit
banggitin	naipapagbanggit
banggitin	naiipagbanggit
banggitin	maikapagbanggit
banggitin	naikapagbabanggit
banggitin	naikapapagbanggit
banggitin	naiikapagbanggit
banggitin	makipagbanggit
banggitin	nakikipagbanggit
banlian	binanlian
banlian	binabanlian
banlian	babanlian
bantayan	binantayan
bantayan	binabantayan
bantayan	babantayan
bantayan	bantayin
bantayan	binabantay
bantayan	inabantay
bantayan	inabantayan
bantayan	pagbantayan
bantayan	pinapagbantayan
bantayan	pinagbabantayan
bantayan	ipagbantay
bantayan	ipinapagbantay
bantayan	ipabantay
bantayan	ipinababantay
bantayan	ipinapabantay
bantayan	ipagpabantay
bantayan	ipinagpapabantay
bantayan	ipinapagpabantay
bantayan	ikapagpabantay
bantayan	ikinapagpapabantay
bantayan	ikinakapagpabantay
bantayan	mabantay
bantayan	nababantay
bantayan	mabantayan
bantayan	nababantayan
bantayan	maipagbantay
bantayan	naipagbabantay
bantayan	naipapagbantay
bantayan	naiipagbantay
bantayan	maikapagbantay
bantayan	naikapagbabantay
bantayan	naikapapagbantay
bantayan	naiikapagbantay
bantayan	mapagbantayan
bantayan	napagbabantayan
bantayan	napapagbantayan
bantayan	maipabantay
bantayan	naipababantay
bantayan	naipapabantay
bantayan	naiipabantay
bantayan	maipagpabantay
bantayan	naipagpapabantay
bantayan	naipapagpabantay
bantayan	naiipagpabantay
bantayan	maikapagpabantay
bantayan	naikapagpapabantay
bantayan	naikakapagpabantay
bantayan	naiikapagpabantay
bantayan	mapagpabantayan
bantayan	napagpapababantayan
bantayan	napapagpabantayan
bantayan	mapapagbantayan
bantayan	napapapagbantayan
bantayan	makipagbantay
bantayan	nakikipagbantay
bantayan	makibantay
bantayan	nakikibantay
bantayan	makipagpabantay
bantayan	nakikipagpabantay
bantuan	binantuan
bantuan	binabantuan
bantuan	babantuan
bantuan	inabantuan
bantuan	pagbantuan
bantuan	pinapagbantuan
bantuan	pinagbabantuan
bantuan	ipagbanto
bantuan	ipinapagbanto
bantuan	ipagpabanto
bantuan	ipinagpapabanto
bantuan	ipinapagpabanto
bantuan	ikapagpabanto
bantuan	ikinapagpapabanto
bantuan	ikinakapagpabanto
bantuan	mabantuan
bantuan	nababantuan
bantuan	maipagbanto
bantuan	naipagbabanto
bantuan	naipapagbanto
bantuan	naiipagbanto
bantuan	maikapagbanto
bantuan	naikapagbabanto
bantuan	naikapapagbanto
bantuan	naiikapagbanto
bantuan	mapagbantoan
bantuan	napagbabantoan
bantuan	napapagbantoan
bantuan	maipagpabanto
bantuan	naipagpapabanto
bantuan	naipapagpabanto
bantuan	naiipagpabanto
bantuan	maikapagpabanto
bantuan	naikapagpapabanto
bantuan	naikakapagpabanto
bantuan	naiikapagpabanto
bantuan	mapagpabantuan
bantuan	napagpapababantuan
bantuan	napapagpabantuan
bantuan	mapapagbantuan
bantuan	napapapagbantuan
bantuan	makipagbanto
bantuan	nakikipagbanto
bantuan	makibanto
bantuan	nakikibanto
bantuan	makipagpabanto
bantuan	nakikipagpabanto
barilin	binaril
barilin	binabaril
barilin	babarilin
barilin	inabaril
barilin	pagbarilan
barilin	pinapagbarilan
barilin	pinagbabarilan
barilin	ibaril
barilin	ibinabaril
barilin	ipabaril
barilin	ipinababaril
barilin	ipinapabaril
barilin	ipagpabaril
barilin	ipinagpapabaril
barilin	ipinapagpabaril
barilin	ikapagpabaril
barilin	ikinapagpapabaril
barilin	ikinakapagpabaril
barilin	mabaril
barilin	nababaril
barilin	maibaril
barilin	naibabaril
barilin	maikabaril
barilin	naikababaril
barilin	naikakabaril
barilin	naiikabaril
barilin	mapagbarilan
barilin	napagbabarilan
barilin	napapagbarilan
barilin	maipabaril
barilin	naipababaril
barilin	naipapabaril
barilin	naiipabaril
barilin	maipagpabaril
barilin	naipagpapabaril
barilin	naipapagpabaril
barilin	naiipagpabaril
barilin	maikapagpabaril
barilin	naikapagpapabaril
barilin	naikakapagpabaril
barilin	naiikapagpabaril
barilin	mapagpabarilan
barilin	napagpapababarilan
barilin	napapagpabarilan
barilin	mapapagbarilan
barilin	napapapagbarilan
barilin	makibaril
barilin	nakikibaril
barilin	makipagpabaril
barilin	nakikipagpabaril
barilin	pamarilan
barilin	pinamamarilan
barilin	pinapamarilan
barilin	ipamaril
barilin	ipinapamaril
barilin	ipapamaril
barilin	ipinapapamaril
barilin	ikapagpapamaril
barilin	ikinapagpapapamaril
barilin	ikinakapagpapamaril
barilin	papamarilan
barilin	pinapapamarilan
barilin	maipaaril
barilin	naipaaaril
barilin	naipapaaril
barilin	naiipaaril
barilin	maikapaaril
barilin	naikapaaaril
barilin	naikapapaaril
barilin	naiikapaaril
barilin	mapaarilan
barilin	napaaarilan
barilin	napapaarilan
barilin	maipapamaril
barilin	naipapapamaril
barilin	naiipapamaril
barilin	maikapagpapamaril
barilin	naikapagpapapamaril
barilin	naikakapagpapamaril
barilin	naiikapagpapamaril
barilin	mapapamarilan
barilin	napapapamarilan
barilin	makipamaril
barilin	nakikipamaril
basagin	binasag
basagin	binabasag
basagin	babasagin
basagin	inabasag
basagin	basagan
basagin	binabasagan
basagin	inabasagan
basagin	pagbasagan
basagin	pinapagbasagan
basagin	pinagbabasagan
basagin	ibasag
basagin	ibinabasag
basagin	ipabasag
basagin	ipinababasag
basagin	ipinapabasag
basagin	ipagpabasag
basagin	ipinagpapabasag
basagin	ipinapagpabasag
basagin	ikapagpabasag
basagin	ikinapagpapabasag
basagin	ikinakapagpabasag
basagin	mabasag
basagin	nababasag
basagin	mabasagan
basagin	nababasagan
basagin	maibasag
basagin	naibabasag
basagin	maikabasag
basagin	naikababasag
basagin	naikakabasag
basagin	naiikabasag
basagin	mapagbasagan
basagin	napagbabasagan
basagin	napapagbasagan
basagin	maipabasag
basagin	naipababasag
basagin	naipapabasag
basagin	naiipabasag
basagin	maipagpabasag
basagin	naipagpapabasag
basagin	naipapagpabasag
basagin	naiipagpabasag
basagin	maikapagpabasag
basagin	naikapagpapabasag
basagin	naikakapagpabasag
basagin	naiikapagpabasag
basagin	mapagpabasagan
basagin	napagpapababasagan
basagin	napapagpabasagan
basagin	mapapagbasagan
basagin	napapapagbasagan
basagin	makibasag
basagin	nakikibasag
basagin	makipagpabasag
basagin	nakikipagpabasag
basahan	binasahan
basahan	binabasahan
basahan	babasahan
basahan	basahin
basahan	binabasa
basahan	inabasa
basahan	inabasahan
basahan	pagbasahan
basahan	pinapagbasahan
basahan	pinagbabasahan
basahan	ipagbasa
basahan	ipinapagbasa
basahan	ipabasa
basahan	ipinababasa
basahan	ipinapabasa
basahan	ipagpabasa
basahan	ipinagpapabasa
basahan	ipinapagpabasa
basahan	ikapagpabasa
basahan	ikinapagpapabasa
basahan	ikinakapagpabasa
basahan	mabasa
basahan	nababasa
basahan	mabasahan
basahan	nababasahan
basahan	maipagbasa
basahan	naipagbabasa
basahan	naipapagbasa
basahan	naiipagbasa
basahan	maikapagbasa
basahan	naikapagbabasa
basahan	naikapapagbasa
basahan	naiikapagbasa
basahan	mapagbasaan
basahan	napagbabasaan
basahan	napapagbasaan
basahan	maipabasa
basahan	naipababasa
basahan	naipapabasa
basahan	naiipabasa
basahan	maipagpabasa
basahan	naipagpapabasa
basahan	naipapagpabasa
basahan	naiipagpabasa
basahan	maikapagpabasa
basahan	naikapagpapabasa
basahan	naikakapagpabasa
basahan	naiikapagpabasa
basahan	mapagpabasahan
basahan	napagpapababasahan
basahan	napapagpabasahan
basahan	mapapagbasahan
basahan	napapapagbasahan
basahan	makipagbasa
basahan	nakikipagbasa
basahan	makibasa
basahan	nakikibasa
basahan	makipagpabasa
basahan	nakikipagpabasa
basahin	binasa
basahin	binabasa
basahin	babasahin
basahin	inabasa
basahin	basahan
basahin	binabasahan
basahin	inabasahan
basahin	pagbasahan
basahin	pinapagbasahan
basahin	pinagbabasahan
basahin	ipagbasa
basahin	ipinapagbasa
basahin	ipabasa
basahin	ipinababasa
basahin	ipinapabasa
basahin	ipagpabasa
basahin	ipinagpapabasa
basahin	ipinapagpabasa
basahin	ikapagpabasa
basahin	ikinapagpapabasa
basahin	ikinakapagpabasa
basahin	mabasa
basahin	nababasa
basahin	mabasahan
basahin	nababasahan
basahin	maipagbasa
basahin	naipagbabasa
basahin	naipapagbasa
basahin	naiipagbasa
basahin	maikapagbasa
basahin	naikapagbabasa
basahin	naikapapagbasa
basahin	naiikapagbasa
basahin	mapagbasaan
basahin	napagbabasaan
basahin	napapagbasaan
basahin	maipabasa
basahin	naipababasa
basahin	naipapabasa
basahin	naiipabasa
basahin	maipagpabasa
basahin	naipagpapabasa
basahin	naipapagpabasa
basahin	naiipagpabasa
basahin	maikapagpabasa
basahin	naikapagpapabasa
basahin	naikakapagpabasa
basahin	naiikapagpabasa
basahin	mapagpabasahan
basahin	napagpapababasahan
basahin	napapagpabasahan
basahin	mapapagbasahan
basahin	napapapagbasahan
basahin	makipagbasa
basahin	nakikipagbasa
basahin	makibasa
basahin	nakikibasa
basahin	makipagpabasa
basahin	nakikipagpabasa
basain	binasa
basain	binabasa
basain	babasain
basain	inabasa
basain	pambasaan
basain	pinambabasaan
basain	pinapambasaan
basain	ipambasa
basain	ipinapambasa
basain	ipabasa
basain	ipinababasa
basain	ipinapabasa
basain	ipagpabasa
basain	ipinagpapabasa
basain	ipinapagpabasa
basain	ipapambasa
basain	ipinapapambasa
basain	ikapagpapambasa
basain	ikinapagpapapambasa
basain	ikinakapagpapambasa
basain	papambasaan
basain	pinapapambasaan
basain	mabasa
basain	nababasa
basain	maipaasa
basain	naipaaasa
basain	naipapaasa
basain	naiipaasa
basain	maikapaasa
basain	naikapaaasa
basain	naikapapaasa
basain	naiikapaasa
basain	mapaasaan
basain	napaaasaan
basain	napapaasaan
basain	maipabasa
basain	naipababasa
basain	naipapabasa
basain	naiipabasa
basain	maipagpabasa
basain	naipagpapabasa
basain	naipapagpabasa
basain	naiipagpabasa
basain	maipapambasa
basain	naipapapambasa
basain	naiipapambasa
basain	maikapagpapambasa
basain	naikapagpapapambasa
basain	naikakapagpapambasa
basain	naiikapagpapambasa
basain	mapapambasaan
basain	napapapambasaan
basain	makipambasa
basain	nakikipambasa
basain	makipagpabasa
basain	nakikipagpabasa
basbasan	binasbasan
basbasan	binabasbasan
basbasan	babasbasan
basbasan	inabasbasan
basbasan	pagbasbasan
basbasan	pinapagbasbasan
basbasan	pinagbabasbasan
basbasan	ibasbas
basbasan	ibinabasbas
basbasan	ipagpabasbas
basbasan	ipinagpapabasbas
basbasan	ipinapagpabasbas
basbasan	ikapagpabasbas
basbasan	ikinapagpapabasbas
basbasan	ikinakapagpabasbas
basbasan	mabasbasan
basbasan	nababasbasan
basbasan	maibasbas
basbasan	naibabasbas
basbasan	maikabasbas
basbasan	naikababasbas
basbasan	naikakabasbas
basbasan	naiikabasbas
basbasan	mapagbasbasan
basbasan	napagbabasbasan
basbasan	napapagbasbasan
basbasan	maipagpabasbas
basbasan	naipagpapabasbas
basbasan	naipapagpabasbas
basbasan	naiipagpabasbas
basbasan	maikapagpabasbas
basbasan	naikapagpapabasbas
basbasan	naikakapagpabasbas
basbasan	naiikapagpabasbas
basbasan	mapagpabasbasan
basbasan	napagpapababasbasan
basbasan	napapagpabasbasan
basbasan	mapapagbasbasan
basbasan	napapapagbasbasan
basbasan	makibasbas
basbasan	nakikibasbas
basbasan	makipagpabasbas
basbasan	nakikipagpabasbas
bastusin	binastos
bastusin	binabastos
bastusin	babastuson
bastusin	inabastos
bastusin	pambastusan
bastusin	pinambabastusan
bastusin	pinapambastusan
bastusin	ipambastos
bastusin	ipinapambastos
bastusin	ipabastos
bastusin	ipinababastos
bastusin	ipinapabastos
bastusin	ipagpabastos
bastusin	ipinagpapabastos
bastusin	ipinapagpabastos
bastusin	ipapambastos
bastusin	ipinapapambastos
bastusin	ikapagpapambastos
bastusin	ikinapagpapapambastos
bastusin	ikinakapagpapambastos
bastusin	papambastusan
bastusin	pinapapambastusan
bastusin	mabastos
bastusin	nababastos
bastusin	maipaastos
bastusin	naipaaastos
bastusin	naipapaastos
bastusin	naiipaastos
bastusin	maikapaastos
bastusin	naikapaaastos
bastusin	naikapapaastos
bastusin	naiikapaastos
bastusin	mapaastosan
bastusin	napaaastosan
bastusin	napapaastosan
bastusin	maipabastos
bastusin	naipababastos
bastusin	naipapabastos
bastusin	naiipabastos
bastusin	maipagpabastos
bastusin	naipagpapabastos
bastusin	naipapagpabastos
bastusin	naiipagpabastos
bastusin	maipapambastos
bastusin	naipapapambastos
bastusin	naiipapambastos
bastusin	maikapagpapambastos
bastusin	naikapagpapapambastos
bastusin	naikakapagpapambastos
bastusin	naiikapagpapambastos
bastusin	mapapambastusan
bastusin	napapapambastusan
bastusin	makipambastos
bastusin	nakikipambastos
bastusin	makipagpabastos
bastusin	nakikipagpabastos
basurahan	binasurahan
basurahan	binabasurahan
basurahan	babasurahan
basyuhin	binasyo
basyuhin	binabasyo
basyuhin	babasyuhin
batayan	binatayan
batayan	binabatayan
batayan	babatayan
batikan	binatikan
batikan	binabatikan
batikan	babatikan
batikusin	binatikos
batikusin	binabatikos
batikusin	babatikusin
batikusin	inabatikos
batikusin	pagbatikusan
batikusin	pinapagbatikusan
batikusin	pinagbabatikusan
batikusin	ibatikos
batikusin	ibinabatikos
batikusin	ipabatikos
batikusin	ipinababatikos
batikusin	ipinapabatikos
batikusin	ipagpabatikos
batikusin	ipinagpapabatikos
batikusin	ipinapagpabatikos
batikusin	ikapagpabatikos
batikusin	ikinapagpapabatikos
batikusin	ikinakapagpabatikos
batikusin	mabatikos
batikusin	nababatikos
batikusin	maibatikos
batikusin	naibabatikos
batikusin	maikabatikos
batikusin	naikababatikos
batikusin	naikakabatikos
batikusin	naiikabatikos
batikusin	mapagbatikosan
batikusin	napagbabatikosan
batikusin	napapagbatikosan
batikusin	maipabatikos
batikusin	naipababatikos
batikusin	naipapabatikos
batikusin	naiipabatikos
batikusin	maipagpabatikos
batikusin	naipagpapabatikos
batikusin	naipapagpabatikos
batikusin	naiipagpabatikos
batikusin	maikapagpabatikos
batikusin	naikapagpapabatikos
batikusin	naikakapagpabatikos
batikusin	naiikapagpabatikos
batikusin	mapagpabatikusan
batikusin	napagpapababatikusan
batikusin	napapagpabatikusan
batikusin	mapapagbatikusan
batikusin	napapapagbatikusan
batikusin	makibatikos
batikusin	nakikibatikos
batikusin	makipagpabatikos
batikusin	nakikipagpabatikos
batukan	binatukan
batukan	binabatukan
batukan	babatukan
baunan	binaunan
baunan	binabaunan
baunan	babaunan
baunan	baunin
baunan	binabaon
baunan	inabaon
baunan	inabaunan
baunan	pagbaunan
baunan	pinapagbaunan
baunan	pinagbabaunan
baunan	ipagbaon
baunan	ipinapagbaon
baunan	ipabaon
baunan	ipinababaon
baunan	ipinapabaon
baunan	ipagpabaon
baunan	ipinagpapabaon
baunan	ipinapagpabaon
baunan	ikapagpabaon
baunan	ikinapagpapabaon
baunan	ikinakapagpabaon
baunan	mabaon
baunan	nababaon
baunan	mabaunan
baunan	nababaunan
baunan	maipagbaon
baunan	naipagbabaon
baunan	naipapagbaon
baunan	naiipagbaon
baunan	maikapagbaon
baunan	naikapagbabaon
baunan	naikapapagbaon
baunan	naiikapagbaon
baunan	mapagbaonan
baunan	napagbabaonan
baunan	napapagbaonan
baunan	maipabaon
baunan	naipababaon
baunan	naipapabaon
baunan	naiipabaon
baunan	maipagpabaon
baunan	naipagpapabaon
baunan	naipapagpabaon
baunan	naiipagpabaon
baunan	maikapagpabaon
baunan	naikapagpapabaon
baunan	naikakapagpabaon
baunan	naiikapagpabaon
baunan	mapagpabaunan
baunan	napagpapababaunan
baunan	napapagpabaunan
baunan	mapapagbaunan
baunan	napapapagbaunan
baunan	makipagbaon
baunan	nakikipagbaon
baunan	makibaon
baunan	nakikibaon
baunan	makipagpabaon
baunan	nakikipagpabaon
bawian	binawian
bawian	binabawian
bawian	babawian
bawian	bawiin
bawian	binabawi
bawian	inabawi
bawian	inabawian
bawian	pagbawian
bawian	pinapagbawian
bawian	pinagbabawian
bawian	ibawi
bawian	ibinabawi
bawian	ipabawi
bawian	ipinababawi
bawian	ipinapabawi
bawian	ipagpabawi
bawian	ipinagpapabawi
bawian	ipinapagpabawi
bawian	ikapagpabawi
bawian	ikinapagpapabawi
bawian	ikinakapagpabawi
bawian	mabawi
bawian	nababawi
bawian	mabawian
bawian	nababawian
bawian	maibawi
bawian	naibabawi
bawian	maikabawi
bawian	naikababawi
bawian	naikakabawi
bawian	naiikabawi
bawian	mapagbawian
bawian	napagbabawian
bawian	napapagbawian
bawian	maipabawi
bawian	naipababawi
bawian	naipapabawi
bawian	naiipabawi
bawian	maipagpabawi
bawian	naipagpapabawi
bawian	naipapagpabawi
bawian	naiipagpabawi
bawian	maikapagpabawi
bawian	naikapagpapabawi
bawian	naikakapagpabawi
bawian	naiikapagpabawi
bawian	mapagpabawian
bawian	napagpapababawian
bawian	napapagpabawian
bawian	mapapagbawian
bawian	napapapagbawian
bawian	makibawi
bawian	nakikibawi
bawian	makipagpabawi
bawian	nakikipagpabawi
bayaan	binayaan
bayaan	binabayaan
bayaan	babayaan
bayabasan	binayabasan
bayabasan	binabayabasan
bayabasan	babayabasan
bayaran	binayaran
bayaran	binabayaran
bayaran	babayaran
bayaran	inabayaran
bayaran	pagbayaran
bayaran	pinapagbayaran
bayaran	pinagbabayaran
bayaran	ipagbayad
bayaran	ipinapagbayad
bayaran	ipagpabayad
bayaran	ipinagpapabayad
bayaran	ipinapagpabayad
bayaran	ikapagpabayad
bayaran	ikinapagpapabayad
bayaran	ikinakapagpabayad
bayaran	mabayaran
bayaran	nababayaran
bayaran	maipagbayad
bayaran	naipagbabayad
bayaran	naipapagbayad
bayaran	naiipagbayad
bayaran	maikapagbayad
bayaran	naikapagbabayad
bayaran	naikapapagbayad
bayaran	naiikapagbayad
bayaran	mapagbayadan
bayaran	napagbabayadan
bayaran	napapagbayadan
bayaran	maipagpabayad
bayaran	naipagpapabayad
bayaran	naipapagpabayad
bayaran	naiipagpabayad
bayaran	maikapagpabayad
bayaran	naikapagpapabayad
bayaran	naikakapagpabayad
bayaran	naiikapagpabayad
bayaran	mapagpabayaran
bayaran	napagpapababayaran
bayaran	napapagpabayaran
bayaran	mapapagbayaran
bayaran	napapapagbayaran
bayaran	makipagbayad
bayaran	nakikipagbayad
bayaran	makibayad
bayaran	nakikibayad
bayaran	makipagpabayad
bayaran	nakikipagpabayad
baybayin	binaybay
baybayin	binabaybay
baybayin	babaybayin
baybayin	inabaybay
baybayin	baybayan
baybayin	binabaybayan
baybayin	inabaybayan
baybayin	pagbaybayan
baybayin	pinapagbaybayan
baybayin	pinagbabaybayan
baybayin	ibaybay
baybayin	ibinabaybay
baybayin	ipabaybay
baybayin	ipinababaybay
baybayin	ipinapabaybay
baybayin	ipagpabaybay
baybayin	ipinagpapabaybay
baybayin	ipinapagpabaybay
baybayin	ikapagpabaybay
baybayin	ikinapagpapabaybay
baybayin	ikinakapagpabaybay
baybayin	mabaybay
baybayin	nababaybay
baybayin	mabaybayan
baybayin	nababaybayan
baybayin	maibaybay
baybayin	naibabaybay
baybayin	maikabaybay
baybayin	naikababaybay
baybayin	naikakabaybay
baybayin	naiikabaybay
baybayin	mapagbaybayan
baybayin	napagbabaybayan
baybayin	napapagbaybayan
baybayin	maipabaybay
baybayin	naipababaybay
baybayin	naipapabaybay
baybayin	naiipabaybay
baybayin	maipagpabaybay
baybayin	naipagpapabaybay
baybayin	naipapagpabaybay
baybayin	naiipagpabaybay
baybayin	maikapagpabaybay
baybayin	naikapagpapabaybay
baybayin	naikakapagpabaybay
baybayin	naiikapagpabaybay
baybayin	mapagpabaybayan
baybayin	napagpapababaybayan
baybayin	napapagpabaybayan
baybayin	mapapagbaybayan
baybayin	napapapagbaybayan
baybayin	makibaybay
baybayin	nakikibaybay
baybayin	makipagpabaybay
baybayin	nakikipagpabaybay
benditahan	binenditahan
benditahan	binebenditahan
benditahan	bebenditahan
benta	
beripikahin	bineripika
beripikahin	bineberipika
beripikahin	beberipikahin
bibigay	
bibili	
bibilis	
bidbiran	binidbiran
bidbiran	binibidbiran
bidbiran	bibidbiran
biglain	binigla
biglain	binibigla
biglain	bibiglain
biglain	gitlain
biglain	ginigitla
bigtihin	binigti
bigtihin	binibigti
bigtihin	bibigtihin
biguin	binigo
biguin	binibigo
biguin	bibiguin
bigyan	binigyan
bigyan	binibigyan
bigyan	bibigyan
bigyan	inabigyan
bigyan	pagbigyan
bigyan	pinapagbigyan
bigyan	pinagbibigyan
bigyan	ipagbigay
bigyan	ipinapagbigay
bigyan	ipagpabigay
bigyan	ipinagpapabigay
bigyan	ipinapagpabigay
bigyan	ikapagpabigay
bigyan	ikinapagpapabigay
bigyan	ikinakapagpabigay
bigyan	mabigyan
bigyan	nabibigyan
bigyan	maipagbigay
bigyan	naipagbibigay
bigyan	naipapagbigay
bigyan	naiipagbigay
bigyan	maikapagbigay
bigyan	naikapagbibigay
bigyan	naikapapagbigay
bigyan	naiikapagbigay
bigyan	mapagbigayan
bigyan	napagbibigayan
bigyan	napapagbigayan
bigyan	maipagpabigay
bigyan	naipagpapabigay
bigyan	naipapagpabigay
bigyan	naiipagpabigay
bigyan	maikapagpabigay
bigyan	naikapagpapabigay
bigyan	naikakapagpabigay
bigyan	naiikapagpabigay
bigyan	mapagpabigyan
bigyan	napagpapabibigyan
bigyan	napapagpabigyan
bigyan	mapapagbigyan
bigyan	napapapagbigyan
bigyan	makipagbigay
bigyan	nakikipagbigay
bigyan	makibigay
bigyan	nakikibigay
bigyan	makipagpabigay
bigyan	nakikipagpabigay
bigyang-diin	binigyang-diin
bigyang-diin	binibigyang-diin
bigyang-diin	bibigyang-diin
bihasahin	binihasa
bihasahin	binibihasa
bihasahin	bibihasahin
bilangan	binilangan
bilangan	binibilangan
bilangan	bibilangan
bilangin	binilang
bilangin	binibilang
bilangin	bibilangin
bilangin	inabilang
bilangin	bilangan
bilangin	binibilangan
bilangin	inabilangan
bilangin	pagbilangan
bilangin	pinapagbilangan
bilangin	pinagbibilangan
bilangin	ibilang
bilangin	ibinibilang
bilangin	ipabilang
bilangin	ipinabibilang
bilangin	ipinapabilang
bilangin	ipagpabilang
bilangin	ipinagpapabilang
bilangin	ipinapagpabilang
bilangin	ikapagpabilang
bilangin	ikinapagpapabilang
bilangin	ikinakapagpabilang
bilangin	mabilang
bilangin	nabibilang
bilangin	mabilangan
bilangin	nabibilangan
bilangin	maibilang
bilangin	naibibilang
bilangin	maikabilang
bilangin	naikabibilang
bilangin	naikakabilang
bilangin	naiikabilang
bilangin	mapagbilangan
bilangin	napagbibilangan
bilangin	napapagbilangan
bilangin	maipabilang
bilangin	naipabibilang
bilangin	naipapabilang
bilangin	naiipabilang
bilangin	maipagpabilang
bilangin	naipagpapabilang
bilangin	naipapagpabilang
bilangin	naiipagpabilang
bilangin	maikapagpabilang
bilangin	naikapagpapabilang
bilangin	naikakapagpabilang
bilangin	naiikapagpabilang
bilangin	mapagpabilangan
bilangin	napagpapabibilangan
bilangin	napapagpabilangan
bilangin	mapapagbilangan
bilangin	napapapagbilangan
bilangin	makibilang
bilangin	nakikibilang
bilangin	makipagpabilang
bilangin	nakikipagpabilang
bilhan	binilhan
bilhan	binibilhan
bilhan	bibilhan
bilhan	bilhin
bilhan	binibili
bilhan	inabili
bilhan	inabilhan
bilhan	pagbilhan
bilhan	pinapagbilhan
bilhan	pinagbibilhan
bilhan	ibili
bilhan	ibinibili
bilhan	ipabili
bilhan	ipinabibili
bilhan	ipinapabili
bilhan	ipagpabili
bilhan	ipinagpapabili
bilhan	ipinapagpabili
bilhan	ikapagpabili
bilhan	ikinapagpapabili
bilhan	ikinakapagpabili
bilhan	mabili
bilhan	nabibili
bilhan	mabilhan
bilhan	nabibilhan
bilhan	maibili
bilhan	naibibili
bilhan	maikabili
bilhan	naikabibili
bilhan	naikakabili
bilhan	naiikabili
bilhan	mapagbilian
bilhan	napagbibilian
bilhan	napapagbilian
bilhan	maipabili
bilhan	naipabibili
bilhan	naipapabili
bilhan	naiipabili
bilhan	maipagpabili
bilhan	naipagpapabili
bilhan	naipapagpabili
bilhan	naiipagpabili
bilhan	maikapagpabili
bilhan	naikapagpapabili
bilhan	naikakapagpabili
bilhan	naiikapagpabili
bilhan	mapagpabilhan
bilhan	napagpapabibilhan
bilhan	napapagpabilhan
bilhan	mapapagbilhan
bilhan	napapapagbilhan
bilhan	makibili
bilhan	nakikibili
bilhan	makipagpabili
bilhan	nakikipagpabili
bilhin	binili
bilhin	binibili
bilhin	bibilhin
bilhin	inabili
bilhin	bilhan
bilhin	binibilhan
bilhin	inabilhan
bilhin	pagbilhan
bilhin	pinapagbilhan
bilhin	pinagbibilhan
bilhin	ibili
bilhin	ibinibili
bilhin	ipabili
bilhin	ipinabibili
bilhin	ipinapabili
bilhin	ipagpabili
bilhin	ipinagpapabili
bilhin	ipinapagpabili
bilhin	ikapagpabili
bilhin	ikinapagpapabili
bilhin	ikinakapagpabili
bilhin	mabili
bilhin	nabibili
bilhin	mabilhan
bilhin	nabibilhan
bilhin	maibili
bilhin	naibibili
bilhin	maikabili
bilhin	naikabibili
bilhin	naikakabili
bilhin	naiikabili
bilhin	mapagbilian
bilhin	napagbibilian
bilhin	napapagbilian
bilhin	maipabili
bilhin	naipabibili
bilhin	naipapabili
bilhin	naiipabili
bilhin	maipagpabili
bilhin	naipagpapabili
bilhin	naipapagpabili
bilhin	naiipagpabili
bilhin	maikapagpabili
bilhin	naikapagpapabili
bilhin	naikakapagpabili
bilhin	naiikapagpabili
bilhin	mapagpabilhan
bilhin	napagpapabibilhan
bilhin	napapagpabilhan
bilhin	mapapagbilhan
bilhin	napapapagbilhan
bilhin	makibili
bilhin	nakikibili
bilhin	makipagpabili
bilhin	nakikipagpabili
bili	
bilisan	binilisan
bilisan	binibilisan
bilisan	bibilisan
bilugan	binilugan
bilugan	binibilugan
bilugan	bibilugan
bilugan	bilugin
bilugan	binibilog
bilugan	inabilog
bilugan	inabilugan
bilugan	pagbilugan
bilugan	pinapagbilugan
bilugan	pinagbibilugan
bilugan	ipagbilog
bilugan	ipinapagbilog
bilugan	ipabilog
bilugan	ipinabibilog
bilugan	ipinapabilog
bilugan	ipagpabilog
bilugan	ipinagpapabilog
bilugan	ipinapagpabilog
bilugan	ikapagpabilog
bilugan	ikinapagpapabilog
bilugan	ikinakapagpabilog
bilugan	mabilog
bilugan	nabibilog
bilugan	mabilugan
bilugan	nabibilugan
bilugan	maipagbilog
bilugan	naipagbibilog
bilugan	naipapagbilog
bilugan	naiipagbilog
bilugan	maikapagbilog
bilugan	naikapagbibilog
bilugan	naikapapagbilog
bilugan	naiikapagbilog
bilugan	mapagbilogan
bilugan	napagbibilogan
bilugan	napapagbilogan
bilugan	maipabilog
bilugan	naipabibilog
bilugan	naipapabilog
bilugan	naiipabilog
bilugan	maipagpabilog
bilugan	naipagpapabilog
bilugan	naipapagpabilog
bilugan	naiipagpabilog
bilugan	maikapagpabilog
bilugan	naikapagpapabilog
bilugan	naikakapagpabilog
bilugan	naiikapagpabilog
bilugan	mapagpabilugan
bilugan	napagpapabibilugan
bilugan	napapagpabilugan
bilugan	mapapagbilugan
bilugan	napapapagbilugan
bilugan	makipagbilog
bilugan	nakikipagbilog
bilugan	makibilog
bilugan	nakikibilog
bilugan	makipagpabilog
bilugan	nakikipagpabilog
bilugin	binilog
bilugin	binibilog
bilugin	bibilugin
bilugin	inabilog
bilugin	bilugan
bilugin	binibilugan
bilugin	inabilugan
bilugin	pagbilugan
bilugin	pinapagbilugan
bilugin	pinagbibilugan
bilugin	ipagbilog
bilugin	ipinapagbilog
bilugin	ipabilog
bilugin	ipinabibilog
bilugin	ipinapabilog
bilugin	ipagpabilog
bilugin	ipinagpapabilog
bilugin	ipinapagpabilog
bilugin	ikapagpabilog
bilugin	ikinapagpapabilog
bilugin	ikinakapagpabilog
bilugin	mabilog
bilugin	nabibilog
bilugin	mabilugan
bilugin	nabibilugan
bilugin	maipagbilog
bilugin	naipagbibilog
bilugin	naipapagbilog
bilugin	naiipagbilog
bilugin	maikapagbilog
bilugin	naikapagbibilog
bilugin	naikapapagbilog
bilugin	naiikapagbilog
bilugin	mapagbilogan
bilugin	napagbibilogan
bilugin	napapagbilogan
bilugin	maipabilog
bilugin	naipabibilog
bilugin	naipapabilog
bilugin	naiipabilog
bilugin	maipagpabilog
bilugin	naipagpapabilog
bilugin	naipapagpabilog
bilugin	naiipagpabilog
bilugin	maikapagpabilog
bilugin	naikapagpapabilog
bilugin	naikakapagpabilog
bilugin	naiikapagpabilog
bilugin	mapagpabilugan
bilugin	napagpapabibilugan
bilugin	napapagpabilugan
bilugin	mapapagbilugan
bilugin	napapapagbilugan
bilugin	makipagbilog
bilugin	nakikipagbilog
bilugin	makibilog
bilugin	nakikibilog
bilugin	makipagpabilog
bilugin	nakikipagpabilog
binababae	
binabae	
binabakunahan	
binabalik	
binabasa	
binabatukan	
binago	
binakunahan	
binalik	
binasa	
binata	
binatog	
binatukan	
binawian	
binili	
binubuweltahan	
binuweltahan	
biruin	biniro
biruin	binibiro
biruin	bibiruin
biruin	inabiro
biruin	pagbiruan
biruin	pinapagbiruan
biruin	pinagbibiruan
biruin	ibiro
biruin	ibinibiro
biruin	ipabiro
biruin	ipinabibiro
biruin	ipinapabiro
biruin	ipagpabiro
biruin	ipinagpapabiro
biruin	ipinapagpabiro
biruin	ikapagpabiro
biruin	ikinapagpapabiro
biruin	ikinakapagpabiro
biruin	mabiro
biruin	nabibiro
biruin	maibiro
biruin	naibibiro
biruin	maikabiro
biruin	naikabibiro
biruin	naikakabiro
biruin	naiikabiro
biruin	mapagbiroan
biruin	napagbibiroan
biruin	napapagbiroan
biruin	maipabiro
biruin	naipabibiro
biruin	naipapabiro
biruin	naiipabiro
biruin	maipagpabiro
biruin	naipagpapabiro
biruin	naipapagpabiro
biruin	naiipagpabiro
biruin	maikapagpabiro
biruin	naikapagpapabiro
biruin	naikakapagpabiro
biruin	naiikapagpabiro
biruin	mapagpabiruan
biruin	napagpapabibiruan
biruin	napapagpabiruan
biruin	mapapagbiruan
biruin	napapapagbiruan
biruin	makibiro
biruin	nakikibiro
biruin	makipagpabiro
biruin	nakikipagpabiro
bisitahin	binisita
bisitahin	binibisita
bisitahin	bibisitahin
bisitahin	inabisita
bisitahin	pagbisitahan
bisitahin	pinapagbisitahan
bisitahin	pinagbibisitahan
bisitahin	ibisita
bisitahin	ibinibisita
bisitahin	ipabisita
bisitahin	ipinabibisita
bisitahin	ipinapabisita
bisitahin	ipagpabisita
bisitahin	ipinagpapabisita
bisitahin	ipinapagpabisita
bisitahin	ikapagpabisita
bisitahin	ikinapagpapabisita
bisitahin	ikinakapagpabisita
bisitahin	mabisita
bisitahin	nabibisita
bisitahin	maibisita
bisitahin	naibibisita
bisitahin	maikabisita
bisitahin	naikabibisita
bisitahin	naikakabisita
bisitahin	naiikabisita
bisitahin	mapagbisitaan
bisitahin	napagbibisitaan
bisitahin	napapagbisitaan
bisitahin	maipabisita
bisitahin	naipabibisita
bisitahin	naipapabisita
bisitahin	naiipabisita
bisitahin	maipagpabisita
bisitahin	naipagpapabisita
bisitahin	naipapagpabisita
bisitahin	naiipagpabisita
bisitahin	maikapagpabisita
bisitahin	naikapagpapabisita
bisitahin	naikakapagpabisita
bisitahin	naiikapagpabisita
bisitahin	mapagpabisitahan
bisitahin	napagpapabibisitahan
bisitahin	napapagpabisitahan
bisitahin	mapapagbisitahan
bisitahin	napapapagbisitahan
bisitahin	makibisita
bisitahin	nakikibisita
bisitahin	makipagpabisita
bisitahin	nakikipagpabisita
botohan	binotohan
botohan	binobotohan
botohan	bobotohan
bubulong	
bubungan	binubungan
bubungan	binububungan
bubungan	bububungan
bubuweltahan	
bugbugin	binugbog
bugbugin	binubugbog
bugbugin	bubugbugin
bugbugin	inabugbog
bugbugin	pagbugbugan
bugbugin	pinapagbugbugan
bugbugin	pinagbubugbugan
bugbugin	ibugbog
bugbugin	ibinubugbog
bugbugin	ipabugbog
bugbugin	ipinabubugbog
bugbugin	ipinapabugbog
bugbugin	ipagpabugbog
bugbugin	ipinagpapabugbog
bugbugin	ipinapagpabugbog
bugbugin	ikapagpabugbog
bugbugin	ikinapagpapabugbog
bugbugin	ikinakapagpabugbog
bugbugin	mabugbog
bugbugin	nabubugbog
bugbugin	maibugbog
bugbugin	naibubugbog
bugbugin	maikabugbog
bugbugin	naikabubugbog
bugbugin	naikakabugbog
bugbugin	naiikabugbog
bugbugin	mapagbugbogan
bugbugin	napagbubugbogan
bugbugin	napapagbugbogan
bugbugin	maipabugbog
bugbugin	naipabubugbog
bugbugin	naipapabugbog
bugbugin	naiipabugbog
bugbugin	maipagpabugbog
bugbugin	naipagpapabugbog
bugbugin	naipapagpabugbog
bugbugin	naiipagpabugbog
bugbugin	maikapagpabugbog
bugbugin	naikapagpapabugbog
bugbugin	naikakapagpabugbog
bugbugin	naiikapagpabugbog
bugbugin	mapagpabugbugan
bugbugin	napagpapabubugbugan
bugbugin	napapagpabugbugan
bugbugin	mapapagbugbugan
bugbugin	napapapagbugbugan
bugbugin	makibugbog
bugbugin	nakikibugbog
bugbugin	makipagpabugbog
bugbugin	nakikipagpabugbog
bugbugin	pamugbugan
bugbugin	pinamumugbugan
bugbugin	pinapamugbugan
bugbugin	ipamugbog
bugbugin	ipinapamugbog
bugbugin	ipapamugbog
bugbugin	ipinapapamugbog
bugbugin	ikapagpapamugbog
bugbugin	ikinapagpapapamugbog
bugbugin	ikinakapagpapamugbog
bugbugin	papamugbugan
bugbugin	pinapapamugbugan
bugbugin	maipaugbog
bugbugin	naipauugbog
bugbugin	naipapaugbog
bugbugin	naiipaugbog
bugbugin	maikapaugbog
bugbugin	naikapauugbog
bugbugin	naikapapaugbog
bugbugin	naiikapaugbog
bugbugin	mapaugbogan
bugbugin	napauugbogan
bugbugin	napapaugbogan
bugbugin	maipapamugbog
bugbugin	naipapapamugbog
bugbugin	naiipapamugbog
bugbugin	maikapagpapamugbog
bugbugin	naikapagpapapamugbog
bugbugin	naikakapagpapamugbog
bugbugin	naiikapagpapamugbog
bugbugin	mapapamugbugan
bugbugin	napapapamugbugan
bugbugin	makipamugbog
bugbugin	nakikipamugbog
bugbugin	kabugbugan
bugbugin	kinakabugbugan
bugbugin	kinabubugbugan
buhanginan	binuhanginan
buhanginan	binubuhanginan
buhanginan	bubuhanginan
buhayin	binuhay
buhayin	binubuhay
buhayin	bubuhayin
buhusan	binuhusan
buhusan	binubuhusan
buhusan	bubuhusan
buklatin	binuklat
buklatin	binubuklat
buklatin	bubuklatin
buksan	binuksan
buksan	binubuksan
buksan	bubuksan
buksan	inabuksan
buksan	pagbuksan
buksan	pinapagbuksan
buksan	pinagbubuksan
buksan	ibukas
buksan	ibinubukas
buksan	ipagpabukas
buksan	ipinagpapabukas
buksan	ipinapagpabukas
buksan	ikapagpabukas
buksan	ikinapagpapabukas
buksan	ikinakapagpabukas
buksan	mabuksan
buksan	nabubuksan
buksan	maibukas
buksan	naibubukas
buksan	maikabukas
buksan	naikabubukas
buksan	naikakabukas
buksan	naiikabukas
buksan	mapagbukasan
buksan	napagbubukasan
buksan	napapagbukasan
buksan	maipagpabukas
buksan	naipagpapabukas
buksan	naipapagpabukas
buksan	naiipagpabukas
buksan	maikapagpabukas
buksan	naikapagpapabukas
buksan	naikakapagpabukas
buksan	naiikapagpabukas
buksan	mapagpabuksan
buksan	napagpapabubuksan
buksan	napapagpabuksan
buksan	mapapagbuksan
buksan	napapapagbuksan
buksan	makibukas
buksan	nakikibukas
buksan	makipagpabukas
buksan	nakikipagpabukas
bulabugin	binulabog
bulabugin	binubulabog
bulabugin	bubulabugin
bulakan	binulakan
bulakan	binubulakan
bulakan	bubulakan
buluburan	binuluburan
buluburan	binubuluburan
buluburan	bubuluburan
bulwagan	binubulwagan
bumaba	bumababa
bumaba	bababa
bumaba	babaan
bumaba	binababaan
bumaba	inababaan
bumaba	pagbabaan
bumaba	pinapagbabaan
bumaba	pinagbababaan
bumaba	ibaba
bumaba	ibinababa
bumaba	ipagpababa
bumaba	ipinagpapababa
bumaba	ipinapagpababa
bumaba	ikapagpababa
bumaba	ikinapagpapababa
bumaba	ikinakapagpababa
bumaba	mababaan
bumaba	nabababaan
bumaba	maibaba
bumaba	naibababa
bumaba	maikababa
bumaba	naikabababa
bumaba	naikakababa
bumaba	naiikababa
bumaba	mapagbabaan
bumaba	napagbababaan
bumaba	napapagbabaan
bumaba	maipagpababa
bumaba	naipagpapababa
bumaba	naipapagpababa
bumaba	naiipagpababa
bumaba	maikapagpababa
bumaba	naikapagpapababa
bumaba	naikakapagpababa
bumaba	naiikapagpababa
bumaba	mapagpababaan
bumaba	napagpapabababaan
bumaba	napapagpababaan
bumaba	mapapagbabaan
bumaba	napapapagbabaan
bumaba	makibaba
bumaba	nakikibaba
bumaba	makipagpababa
bumaba	nakikipagpababa
bumabagsak	
bumabahin	
bumagal	bumabagal
bumagal	babagal
bumagal	bungmabagal
bumagsak	bumabagsak
bumagsak	babagsak
bumagsak	bagsakin
bumagsak	binabagsak
bumagsak	inabagsak
bumagsak	pagbagsakan
bumagsak	pinapagbagsakan
bumagsak	pinagbabagsakan
bumagsak	ibagsak
bumagsak	ibinabagsak
bumagsak	ipabagsak
bumagsak	ipinababagsak
bumagsak	ipinapabagsak
bumagsak	ipagpabagsak
bumagsak	ipinagpapabagsak
bumagsak	ipinapagpabagsak
bumagsak	ikapagpabagsak
bumagsak	ikinapagpapabagsak
bumagsak	ikinakapagpabagsak
bumagsak	mabagsak
bumagsak	nababagsak
bumagsak	maibagsak
bumagsak	naibabagsak
bumagsak	maikabagsak
bumagsak	naikababagsak
bumagsak	naikakabagsak
bumagsak	naiikabagsak
bumagsak	mapagbagsakan
bumagsak	napagbabagsakan
bumagsak	napapagbagsakan
bumagsak	maipabagsak
bumagsak	naipababagsak
bumagsak	naipapabagsak
bumagsak	naiipabagsak
bumagsak	maipagpabagsak
bumagsak	naipagpapabagsak
bumagsak	naipapagpabagsak
bumagsak	naiipagpabagsak
bumagsak	maikapagpabagsak
bumagsak	naikapagpapabagsak
bumagsak	naikakapagpabagsak
bumagsak	naiikapagpabagsak
bumagsak	mapagpabagsakan
bumagsak	napagpapababagsakan
bumagsak	napapagpabagsakan
bumagsak	mapapagbagsakan
bumagsak	napapapagbagsakan
bumagsak	makibagsak
bumagsak	nakikibagsak
bumagsak	makipagpabagsak
bumagsak	nakikipagpabagsak
bumagyo	bumabagyo
bumagyo	babagyo
bumagyo	bungmabagyo
bumaha	bumabaha
bumaha	babaha
bumaha	bungmabaha
bumahin	bumabahin
bumahin	babahin
bumahin	bahinan
bumahin	binabahinan
bumahin	inabahinan
bumahin	pagbahinan
bumahin	pinapagbahinan
bumahin	pinagbabahinan
bumahin	ibahin
bumahin	ibinabahin
bumahin	ipagpabahin
bumahin	ipinagpapabahin
bumahin	ipinapagpabahin
bumahin	ikapagpabahin
bumahin	ikinapagpapabahin
bumahin	ikinakapagpabahin
bumahin	mabahinan
bumahin	nababahinan
bumahin	maibahin
bumahin	naibabahin
bumahin	maikabahin
bumahin	naikababahin
bumahin	naikakabahin
bumahin	naiikabahin
bumahin	mapagbahinan
bumahin	napagbabahinan
bumahin	napapagbahinan
bumahin	maipagpabahin
bumahin	naipagpapabahin
bumahin	naipapagpabahin
bumahin	naiipagpabahin
bumahin	maikapagpabahin
bumahin	naikapagpapabahin
bumahin	naikakapagpabahin
bumahin	naiikapagpabahin
bumahin	mapagpabahinan
bumahin	napagpapababahinan
bumahin	napapagpabahinan
bumahin	mapapagbahinan
bumahin	napapapagbahinan
bumahin	makibahin
bumahin	nakikibahin
bumahin	makipagpabahin
bumahin	nakikipagpabahin
bumahing	bumabahing
bumahing	babahing
bumahing	bahingan
bumahing	binabahingan
bumahing	inabahingan
bumahing	pagbahingan
bumahing	pinapagbahingan
bumahing	pinagbabahingan
bumahing	ibahing
bumahing	ibinabahing
bumahing	ipagpabahing
bumahing	ipinagpapabahing
bumahing	ipinapagpabahing
bumahing	ikapagpabahing
bumahing	ikinapagpapabahing
bumahing	ikinakapagpabahing
bumahing	mabahingan
bumahing	nababahingan
bumahing	maibahing
bumahing	naibabahing
bumahing	maikabahing
bumahing	naikababahing
bumahing	naikakabahing
bumahing	naiikabahing
bumahing	mapagbahingan
bumahing	napagbabahingan
bumahing	napapagbahingan
bumahing	maipagpabahing
bumahing	naipagpapabahing
bumahing	naipapagpabahing
bumahing	naiipagpabahing
bumahing	maikapagpabahing
bumahing	naikapagpapabahing
bumahing	naikakapagpabahing
bumahing	naiikapagpabahing
bumahing	mapagpabahingan
bumahing	napagpapababahingan
bumahing	napapagpabahingan
bumahing	mapapagbahingan
bumahing	napapapagbahingan
bumahing	makibahing
bumahing	nakikibahing
bumahing	makipagpabahing
bumahing	nakikipagpabahing
bumali	bumabali
bumali	babali
bumali	baliin
bumali	binabali
bumali	inabali
bumali	pagbalian
bumali	pinapagbalian
bumali	pinagbabalian
bumali	ibali
bumali	ibinabali
bumali	ipabali
bumali	ipinababali
bumali	ipinapabali
bumali	ipagpabali
bumali	ipinagpapabali
bumali	ipinapagpabali
bumali	ikapagpabali
bumali	ikinapagpapabali
bumali	ikinakapagpabali
bumali	mabali
bumali	nababali
bumali	maibali
bumali	naibabali
bumali	maikabali
bumali	naikababali
bumali	naikakabali
bumali	naiikabali
bumali	mapagbalian
bumali	napagbabalian
bumali	napapagbalian
bumali	maipabali
bumali	naipababali
bumali	naipapabali
bumali	naiipabali
bumali	maipagpabali
bumali	naipagpapabali
bumali	naipapagpabali
bumali	naiipagpabali
bumali	maikapagpabali
bumali	naikapagpapabali
bumali	naikakapagpabali
bumali	naiikapagpabali
bumali	mapagpabalian
bumali	napagpapababalian
bumali	napapagpabalian
bumali	mapapagbalian
bumali	napapapagbalian
bumali	makibali
bumali	nakikibali
bumali	makipagpabali
bumali	nakikipagpabali
bumalik	bumabalik
bumalik	babalik
bumalik	balikan
bumalik	binabalikan
bumalik	inabalikan
bumalik	pagbalikan
bumalik	pinapagbalikan
bumalik	pinagbabalikan
bumalik	ibalik
bumalik	ibinabalik
bumalik	ipagpabalik
bumalik	ipinagpapabalik
bumalik	ipinapagpabalik
bumalik	ikapagpabalik
bumalik	ikinapagpapabalik
bumalik	ikinakapagpabalik
bumalik	mabalikan
bumalik	nababalikan
bumalik	maibalik
bumalik	naibabalik
bumalik	maikabalik
bumalik	naikababalik
bumalik	naikakabalik
bumalik	naiikabalik
bumalik	mapagbalikan
bumalik	napagbabalikan
bumalik	napapagbalikan
bumalik	maipagpabalik
bumalik	naipagpapabalik
bumalik	naipapagpabalik
bumalik	naiipagpabalik
bumalik	maikapagpabalik
bumalik	naikapagpapabalik
bumalik	naikakapagpabalik
bumalik	naiikapagpabalik
bumalik	mapagpabalikan
bumalik	napagpapababalikan
bumalik	napapagpabalikan
bumalik	mapapagbalikan
bumalik	napapapagbalikan
bumalik	makibalik
bumalik	nakikibalik
bumalik	makipagpabalik
bumalik	nakikipagpabalik
bumalikwas	bumabalikwas
bumalikwas	babalikwas
bumalikwas	bungmabalikwas
bumalintong	bumabalintong
bumalintong	babalintong
bumalintong	bungmabalintong
bumasa	bumabasa
bumasa	babasa
bumasa	basahin
bumasa	binabasa
bumasa	inabasa
bumasa	basahan
bumasa	binabasahan
bumasa	inabasahan
bumasa	pagbasahan
bumasa	pinapagbasahan
bumasa	pinagbabasahan
bumasa	ibasa
bumasa	ibinabasa
bumasa	ipabasa
bumasa	ipinababasa
bumasa	ipinapabasa
bumasa	ipagpabasa
bumasa	ipinagpapabasa
bumasa	ipinapagpabasa
bumasa	ikapagpabasa
bumasa	ikinapagpapabasa
bumasa	ikinakapagpabasa
bumasa	mabasa
bumasa	nababasa
bumasa	mabasahan
bumasa	nababasahan
bumasa	maibasa
bumasa	naibabasa
bumasa	maikabasa
bumasa	naikababasa
bumasa	naikakabasa
bumasa	naiikabasa
bumasa	mapagbasaan
bumasa	napagbabasaan
bumasa	napapagbasaan
bumasa	maipabasa
bumasa	naipababasa
bumasa	naipapabasa
bumasa	naiipabasa
bumasa	maipagpabasa
bumasa	naipagpapabasa
bumasa	naipapagpabasa
bumasa	naiipagpabasa
bumasa	maikapagpabasa
bumasa	naikapagpapabasa
bumasa	naikakapagpabasa
bumasa	naiikapagpabasa
bumasa	mapagpabasahan
bumasa	napagpapababasahan
bumasa	napapagpabasahan
bumasa	mapapagbasahan
bumasa	napapapagbasahan
bumasa	makibasa
bumasa	nakikibasa
bumasa	makipagpabasa
bumasa	nakikipagpabasa
bumasag	bumabasag
bumasag	babasag
bumasag	basagin
bumasag	binabasag
bumasag	inabasag
bumasag	pagbasagan
bumasag	pinapagbasagan
bumasag	pinagbabasagan
bumasag	ibasag
bumasag	ibinabasag
bumasag	ipabasag
bumasag	ipinababasag
bumasag	ipinapabasag
bumasag	ipagpabasag
bumasag	ipinagpapabasag
bumasag	ipinapagpabasag
bumasag	ikapagpabasag
bumasag	ikinapagpapabasag
bumasag	ikinakapagpabasag
bumasag	mabasag
bumasag	nababasag
bumasag	maibasag
bumasag	naibabasag
bumasag	maikabasag
bumasag	naikababasag
bumasag	naikakabasag
bumasag	naiikabasag
bumasag	mapagbasagan
bumasag	napagbabasagan
bumasag	napapagbasagan
bumasag	maipabasag
bumasag	naipababasag
bumasag	naipapabasag
bumasag	naiipabasag
bumasag	maipagpabasag
bumasag	naipagpapabasag
bumasag	naipapagpabasag
bumasag	naiipagpabasag
bumasag	maikapagpabasag
bumasag	naikapagpapabasag
bumasag	naikakapagpabasag
bumasag	naiikapagpabasag
bumasag	mapagpabasagan
bumasag	napagpapababasagan
bumasag	napapagpabasagan
bumasag	mapapagbasagan
bumasag	napapapagbasagan
bumasag	makibasag
bumasag	nakikibasag
bumasag	makipagpabasag
bumasag	nakikipagpabasag
bumata	bumabata
bumata	babata
bumata	bungmabata
bumatak	bumabatak
bumatak	babatak
bumatak	batakin
bumatak	binabatak
bumatak	inabatak
bumatak	pagbatakan
bumatak	pinapagbatakan
bumatak	pinagbabatakan
bumatak	ibatak
bumatak	ibinabatak
bumatak	ipabatak
bumatak	ipinababatak
bumatak	ipinapabatak
bumatak	ipagpabatak
bumatak	ipinagpapabatak
bumatak	ipinapagpabatak
bumatak	ikapagpabatak
bumatak	ikinapagpapabatak
bumatak	ikinakapagpabatak
bumatak	mabatak
bumatak	nababatak
bumatak	maibatak
bumatak	naibabatak
bumatak	maikabatak
bumatak	naikababatak
bumatak	naikakabatak
bumatak	naiikabatak
bumatak	mapagbatakan
bumatak	napagbabatakan
bumatak	napapagbatakan
bumatak	maipabatak
bumatak	naipababatak
bumatak	naipapabatak
bumatak	naiipabatak
bumatak	maipagpabatak
bumatak	naipagpapabatak
bumatak	naipapagpabatak
bumatak	naiipagpabatak
bumatak	maikapagpabatak
bumatak	naikapagpapabatak
bumatak	naikakapagpabatak
bumatak	naiikapagpabatak
bumatak	mapagpabatakan
bumatak	napagpapababatakan
bumatak	napapagpabatakan
bumatak	mapapagbatakan
bumatak	napapapagbatakan
bumatak	makibatak
bumatak	nakikibatak
bumatak	makipagpabatak
bumatak	nakikipagpabatak
bumatik	bumamatik
bumatik	babatik
bumbunan	binumbunan
bumbunan	binubumbunan
bumbunan	bubumbunan
bumibili	
bumibiyahe	
bumigay	bumibigay
bumigay	bibigay
bumigay	bungmibigay
bumigo	bumibigo
bumigo	bibigo
bumigo	bungmibigo
bumihag	bumibihag
bumihag	bibihag
bumihag	bihagin
bumihag	binibihag
bumihag	inabihag
bumihag	bihagan
bumihag	binibihagan
bumihag	inabihagan
bumihag	pagbihagan
bumihag	pinapagbihagan
bumihag	pinagbibihagan
bumihag	ibihag
bumihag	ibinibihag
bumihag	ipabihag
bumihag	ipinabibihag
bumihag	ipinapabihag
bumihag	ipagpabihag
bumihag	ipinagpapabihag
bumihag	ipinapagpabihag
bumihag	ikapagpabihag
bumihag	ikinapagpapabihag
bumihag	ikinakapagpabihag
bumihag	mabihag
bumihag	nabibihag
bumihag	mabihagan
bumihag	nabibihagan
bumihag	maibihag
bumihag	naibibihag
bumihag	maikabihag
bumihag	naikabibihag
bumihag	naikakabihag
bumihag	naiikabihag
bumihag	mapagbihagan
bumihag	napagbibihagan
bumihag	napapagbihagan
bumihag	maipabihag
bumihag	naipabibihag
bumihag	naipapabihag
bumihag	naiipabihag
bumihag	maipagpabihag
bumihag	naipagpapabihag
bumihag	naipapagpabihag
bumihag	naiipagpabihag
bumihag	maikapagpabihag
bumihag	naikapagpapabihag
bumihag	naikakapagpabihag
bumihag	naiikapagpabihag
bumihag	mapagpabihagan
bumihag	napagpapabibihagan
bumihag	napapagpabihagan
bumihag	mapapagbihagan
bumihag	napapapagbihagan
bumihag	makibihag
bumihag	nakikibihag
bumihag	makipagpabihag
bumihag	nakikipagpabihag
bumili	bumibili
bumili	bibili
bumili	bilhin
bumili	binibili
bumili	inabili
bumili	bilhan
bumili	binibilhan
bumili	inabilhan
bumili	pagbilhan
bumili	pinapagbilhan
bumili	pinagbibilhan
bumili	ibili
bumili	ibinibili
bumili	ipabili
bumili	ipinabibili
bumili	ipinapabili
bumili	ipagpabili
bumili	ipinagpapabili
bumili	ipinapagpabili
bumili	ikapagpabili
bumili	ikinapagpapabili
bumili	ikinakapagpabili
bumili	mabili
bumili	nabibili
bumili	mabilhan
bumili	nabibilhan
bumili	maibili
bumili	naibibili
bumili	maikabili
bumili	naikabibili
bumili	naikakabili
bumili	naiikabili
bumili	mapagbilian
bumili	napagbibilian
bumili	napapagbilian
bumili	maipabili
bumili	naipabibili
bumili	naipapabili
bumili	naiipabili
bumili	maipagpabili
bumili	naipagpapabili
bumili	naipapagpabili
bumili	naiipagpabili
bumili	maikapagpabili
bumili	naikapagpapabili
bumili	naikakapagpabili
bumili	naiikapagpabili
bumili	mapagpabilhan
bumili	napagpapabibilhan
bumili	napapagpabilhan
bumili	mapapagbilhan
bumili	napapapagbilhan
bumili	makibili
bumili	nakikibili
bumili	makipagpabili
bumili	nakikipagpabili
bumilis	bumibilis
bumilis	bibilis
bumilis	bungmibilis
bumisita	bumibisita
bumisita	bibisita
bumisita	bisitahin
bumisita	binibisita
bumisita	inabisita
bumisita	pagbisitahan
bumisita	pinapagbisitahan
bumisita	pinagbibisitahan
bumisita	ibisita
bumisita	ibinibisita
bumisita	ipabisita
bumisita	ipinabibisita
bumisita	ipinapabisita
bumisita	ipagpabisita
bumisita	ipinagpapabisita
bumisita	ipinapagpabisita
bumisita	ikapagpabisita
bumisita	ikinapagpapabisita
bumisita	ikinakapagpabisita
bumisita	mabisita
bumisita	nabibisita
bumisita	maibisita
bumisita	naibibisita
bumisita	maikabisita
bumisita	naikabibisita
bumisita	naikakabisita
bumisita	naiikabisita
bumisita	mapagbisitaan
bumisita	napagbibisitaan
bumisita	napapagbisitaan
bumisita	maipabisita
bumisita	naipabibisita
bumisita	naipapabisita
bumisita	naiipabisita
bumisita	maipagpabisita
bumisita	naipagpapabisita
bumisita	naipapagpabisita
bumisita	naiipagpabisita
bumisita	maikapagpabisita
bumisita	naikapagpapabisita
bumisita	naikakapagpabisita
bumisita	naiikapagpabisita
bumisita	mapagpabisitahan
bumisita	napagpapabibisitahan
bumisita	napapagpabisitahan
bumisita	mapapagbisitahan
bumisita	napapapagbisitahan
bumisita	makibisita
bumisita	nakikibisita
bumisita	makipagpabisita
bumisita	nakikipagpabisita
bumitiw	bumibitiw
bumitiw	bibitiw
bumitiw	bitiwan
bumitiw	binibitiwan
bumitiw	inabitiwan
bumitiw	pagbitiwan
bumitiw	pinapagbitiwan
bumitiw	pinagbibitiwan
bumitiw	ibitiw
bumitiw	ibinibitiw
bumitiw	ipagpabitiw
bumitiw	ipinagpapabitiw
bumitiw	ipinapagpabitiw
bumitiw	ikapagpabitiw
bumitiw	ikinapagpapabitiw
bumitiw	ikinakapagpabitiw
bumitiw	mabitiwan
bumitiw	nabibitiwan
bumitiw	maibitiw
bumitiw	naibibitiw
bumitiw	maikabitiw
bumitiw	naikabibitiw
bumitiw	naikakabitiw
bumitiw	naiikabitiw
bumitiw	mapagbitiwan
bumitiw	napagbibitiwan
bumitiw	napapagbitiwan
bumitiw	maipagpabitiw
bumitiw	naipagpapabitiw
bumitiw	naipapagpabitiw
bumitiw	naiipagpabitiw
bumitiw	maikapagpabitiw
bumitiw	naikapagpapabitiw
bumitiw	naikakapagpabitiw
bumitiw	naiikapagpabitiw
bumitiw	mapagpabitiwan
bumitiw	napagpapabibitiwan
bumitiw	napapagpabitiwan
bumitiw	mapapagbitiwan
bumitiw	napapapagbitiwan
bumitiw	makibitiw
bumitiw	nakikibitiw
bumitiw	makipagpabitiw
bumitiw	nakikipagpabitiw
bumiyahe	bumibiyahe
bumiyahe	bibiyahe
bumiyahe	bungmibiyahe
bumoto	bumoboto
bumoto	boboto
bumoto	bungmoboto
bumubulong	
bumuka	bumubuka
bumuka	bubuka
bumuka	bungmubuka
bumula	bumubula
bumula	bubula
bumulag	bumubulag
bumulag	bubulag
bumulag	bulagin
bumulag	binubulag
bumulag	inabulag
bumulag	bulagan
bumulag	binubulagan
bumulag	inabulagan
bumulag	pagbulagan
bumulag	pinapagbulagan
bumulag	pinagbubulagan
bumulag	ibulag
bumulag	ibinubulag
bumulag	ipabulag
bumulag	ipinabubulag
bumulag	ipinapabulag
bumulag	ipagpabulag
bumulag	ipinagpapabulag
bumulag	ipinapagpabulag
bumulag	ikapagpabulag
bumulag	ikinapagpapabulag
bumulag	ikinakapagpabulag
bumulag	mabulag
bumulag	nabubulag
bumulag	mabulagan
bumulag	nabubulagan
bumulag	maibulag
bumulag	naibubulag
bumulag	maikabulag
bumulag	naikabubulag
bumulag	naikakabulag
bumulag	naiikabulag
bumulag	mapagbulagan
bumulag	napagbubulagan
bumulag	napapagbulagan
bumulag	maipabulag
bumulag	naipabubulag
bumulag	naipapabulag
bumulag	naiipabulag
bumulag	maipagpabulag
bumulag	naipagpapabulag
bumulag	naipapagpabulag
bumulag	naiipagpabulag
bumulag	maikapagpabulag
bumulag	naikapagpapabulag
bumulag	naikakapagpabulag
bumulag	naiikapagpabulag
bumulag	mapagpabulagan
bumulag	napagpapabubulagan
bumulag	napapagpabulagan
bumulag	mapapagbulagan
bumulag	napapapagbulagan
bumulag	makibulag
bumulag	nakikibulag
bumulag	makipagpabulag
bumulag	nakikipagpabulag
bumulok	bumubulok
bumulok	bubulok
bumulok	bungmubulok
bumulong	bumubulong
bumulong	bubulong
bumulong	bulungan
bumulong	binubulungan
bumulong	inabulungan
bumulong	pagbulungan
bumulong	pinapagbulungan
bumulong	pinagbubulungan
bumulong	ibulong
bumulong	ibinubulong
bumulong	ipagpabulong
bumulong	ipinagpapabulong
bumulong	ipinapagpabulong
bumulong	ikapagpabulong
bumulong	ikinapagpapabulong
bumulong	ikinakapagpabulong
bumulong	mabulungan
bumulong	nabubulungan
bumulong	maibulong
bumulong	naibubulong
bumulong	maikabulong
bumulong	naikabubulong
bumulong	naikakabulong
bumulong	naiikabulong
bumulong	mapagbulongan
bumulong	napagbubulongan
bumulong	napapagbulongan
bumulong	maipagpabulong
bumulong	naipagpapabulong
bumulong	naipapagpabulong
bumulong	naiipagpabulong
bumulong	maikapagpabulong
bumulong	naikapagpapabulong
bumulong	naikakapagpabulong
bumulong	naiikapagpabulong
bumulong	mapagpabulungan
bumulong	napagpapabubulungan
bumulong	napapagpabulungan
bumulong	mapapagbulungan
bumulong	napapapagbulungan
bumulong	makibulong
bumulong	nakikibulong
bumulong	makipagpabulong
bumulong	nakikipagpabulong
bumulwak	bumubulwak
bumulwak	bubulwak
bumuo	bumubuo
bumuo	bubuo
bumuo	buuin
bumuo	binubuo
bumuo	inabuo
bumuo	pagbuuan
bumuo	pinapagbuuan
bumuo	pinagbubuuan
bumuo	ibuo
bumuo	ibinubuo
bumuo	ipabuo
bumuo	ipinabubuo
bumuo	ipinapabuo
bumuo	ipagpabuo
bumuo	ipinagpapabuo
bumuo	ipinapagpabuo
bumuo	ikapagpabuo
bumuo	ikinapagpapabuo
bumuo	ikinakapagpabuo
bumuo	mabuo
bumuo	nabubuo
bumuo	maibuo
bumuo	naibubuo
bumuo	maikabuo
bumuo	naikabubuo
bumuo	naikakabuo
bumuo	naiikabuo
bumuo	mapagbuoan
bumuo	napagbubuoan
bumuo	napapagbuoan
bumuo	maipabuo
bumuo	naipabubuo
bumuo	naipapabuo
bumuo	naiipabuo
bumuo	maipagpabuo
bumuo	naipagpapabuo
bumuo	naipapagpabuo
bumuo	naiipagpabuo
bumuo	maikapagpabuo
bumuo	naikapagpapabuo
bumuo	naikakapagpabuo
bumuo	naiikapagpabuo
bumuo	mapagpabuuan
bumuo	napagpapabubuuan
bumuo	napapagpabuuan
bumuo	mapapagbuuan
bumuo	napapapagbuuan
bumuo	makibuo
bumuo	nakikibuo
bumuo	makipagpabuo
bumuo	nakikipagpabuo
bumusina	bumubusina
bumusina	bubusina
bumusina	pagbusina
bumusina	businahan
bumusina	binubusinahan
bumusina	inabusinahan
bumusina	pagbusinahan
bumusina	pinapagbusinahan
bumusina	pinagbubusinahan
bumusina	ibusina
bumusina	ibinubusina
bumusina	ipagpabusina
bumusina	ipinagpapabusina
bumusina	ipinapagpabusina
bumusina	ikapagpabusina
bumusina	ikinapagpapabusina
bumusina	ikinakapagpabusina
bumusina	mabusinahan
bumusina	nabubusinahan
bumusina	maibusina
bumusina	naibubusina
bumusina	maikabusina
bumusina	naikabubusina
bumusina	naikakabusina
bumusina	naiikabusina
bumusina	mapagbusinaan
bumusina	napagbubusinaan
bumusina	napapagbusinaan
bumusina	maipagpabusina
bumusina	naipagpapabusina
bumusina	naipapagpabusina
bumusina	naiipagpabusina
bumusina	maikapagpabusina
bumusina	naikapagpapabusina
bumusina	naikakapagpabusina
bumusina	naiikapagpabusina
bumusina	mapagpabusinahan
bumusina	napagpapabubusinahan
bumusina	napapagpabusinahan
bumusina	mapapagbusinahan
bumusina	napapapagbusinahan
bumusina	makibusina
bumusina	nakikibusina
bumusina	makipagpabusina
bumusina	nakikipagpabusina
bumuwelta	bumubuwelta
bumuwelta	bubuwelta
bumuwelta	bungmubuwelta
bungangaan	binungangaan
bungangaan	binubungangaan
bungangaan	bubungangaan
bungkagin	
buntutan	binuntutan
buntutan	binubuntutan
buntutan	bubuntutan
buntutan	inabuntutan
buntutan	pagbuntutan
buntutan	pinapagbuntutan
buntutan	pinagbubuntutan
buntutan	ibuntot
buntutan	ibinubuntot
buntutan	ipagpabuntot
buntutan	ipinagpapabuntot
buntutan	ipinapagpabuntot
buntutan	ikapagpabuntot
buntutan	ikinapagpapabuntot
buntutan	ikinakapagpabuntot
buntutan	mabuntutan
buntutan	nabubuntutan
buntutan	maibuntot
buntutan	naibubuntot
buntutan	maikabuntot
buntutan	naikabubuntot
buntutan	naikakabuntot
buntutan	naiikabuntot
buntutan	mapagbuntotan
buntutan	napagbubuntotan
buntutan	napapagbuntotan
buntutan	maipagpabuntot
buntutan	naipagpapabuntot
buntutan	naipapagpabuntot
buntutan	naiipagpabuntot
buntutan	maikapagpabuntot
buntutan	naikapagpapabuntot
buntutan	naikakapagpabuntot
buntutan	naiikapagpabuntot
buntutan	mapagpabuntutan
buntutan	napagpapabubuntutan
buntutan	napapagpabuntutan
buntutan	mapapagbuntutan
buntutan	napapapagbuntutan
buntutan	makibuntot
buntutan	nakikibuntot
buntutan	makipagpabuntot
buntutan	nakikipagpabuntot
buoin	binuo
buoin	binubuo
buoin	bubuoin
buoin	inabuo
buoin	pagbuoan
buoin	pinapagbuoan
buoin	pinagbubuoan
buoin	ibuo
buoin	ibinubuo
buoin	ipabuo
buoin	ipinabubuo
buoin	ipinapabuo
buoin	ipagpabuo
buoin	ipinagpapabuo
buoin	ipinapagpabuo
buoin	ikapagpabuo
buoin	ikinapagpapabuo
buoin	ikinakapagpabuo
buoin	mabuo
buoin	nabubuo
buoin	maibuo
buoin	naibubuo
buoin	maikabuo
buoin	naikabubuo
buoin	naikakabuo
buoin	naiikabuo
buoin	mapagbuoan
buoin	napagbubuoan
buoin	napapagbuoan
buoin	maipabuo
buoin	naipabubuo
buoin	naipapabuo
buoin	naiipabuo
buoin	maipagpabuo
buoin	naipagpapabuo
buoin	naipapagpabuo
buoin	naiipagpabuo
buoin	maikapagpabuo
buoin	naikapagpapabuo
buoin	naikakapagpabuo
buoin	naiikapagpabuo
buoin	mapagpabuoan
buoin	napagpapabubuoan
buoin	napapagpabuoan
buoin	mapapagbuoan
buoin	napapapagbuoan
buoin	makibuo
buoin	nakikibuo
buoin	makipagpabuo
buoin	nakikipagpabuo
buorin	binuod
buorin	binubuod
buorin	bubuorin
buorin	inabuod
buorin	pagbuoran
buorin	pinapagbuoran
buorin	pinagbubuoran
buorin	ipagbuod
buorin	ipinapagbuod
buorin	ipabuod
buorin	ipinabubuod
buorin	ipinapabuod
buorin	ipagpabuod
buorin	ipinagpapabuod
buorin	ipinapagpabuod
buorin	ikapagpabuod
buorin	ikinapagpapabuod
buorin	ikinakapagpabuod
buorin	mabuod
buorin	nabubuod
buorin	maipagbuod
buorin	naipagbubuod
buorin	naipapagbuod
buorin	naiipagbuod
buorin	maikapagbuod
buorin	naikapagbubuod
buorin	naikapapagbuod
buorin	naiikapagbuod
buorin	mapagbuodan
buorin	napagbubuodan
buorin	napapagbuodan
buorin	maipabuod
buorin	naipabubuod
buorin	naipapabuod
buorin	naiipabuod
buorin	maipagpabuod
buorin	naipagpapabuod
buorin	naipapagpabuod
buorin	naiipagpabuod
buorin	maikapagpabuod
buorin	naikapagpapabuod
buorin	naikakapagpabuod
buorin	naiikapagpabuod
buorin	mapagpabuoran
buorin	napagpapabubuoran
buorin	napapagpabuoran
buorin	mapapagbuoran
buorin	napapapagbuoran
buorin	makipagbuod
buorin	nakikipagbuod
buorin	makibuod
buorin	nakikibuod
buorin	makipagpabuod
buorin	nakikipagpabuod
burahin	binura
burahin	binubura
burahin	buburahin
burahin	inabura
burahin	burahan
burahin	binuburahan
burahin	inaburahan
burahin	pagburahan
burahin	pinapagburahan
burahin	pinagbuburahan
burahin	ipagbura
burahin	ipinapagbura
burahin	ipabura
burahin	ipinabubura
burahin	ipinapabura
burahin	ipagpabura
burahin	ipinagpapabura
burahin	ipinapagpabura
burahin	ikapagpabura
burahin	ikinapagpapabura
burahin	ikinakapagpabura
burahin	mabura
burahin	nabubura
burahin	maburahan
burahin	nabuburahan
burahin	maipagbura
burahin	naipagbubura
burahin	naipapagbura
burahin	naiipagbura
burahin	maikapagbura
burahin	naikapagbubura
burahin	naikapapagbura
burahin	naiikapagbura
burahin	mapagburaan
burahin	napagbuburaan
burahin	napapagburaan
burahin	maipabura
burahin	naipabubura
burahin	naipapabura
burahin	naiipabura
burahin	maipagpabura
burahin	naipagpapabura
burahin	naipapagpabura
burahin	naiipagpabura
burahin	maikapagpabura
burahin	naikapagpapabura
burahin	naikakapagpabura
burahin	naiikapagpabura
burahin	mapagpaburahan
burahin	napagpapabuburahan
burahin	napapagpaburahan
burahin	mapapagburahan
burahin	napapapagburahan
burahin	makipagbura
burahin	nakikipagbura
burahin	makibura
burahin	nakikibura
burahin	makipagpabura
burahin	nakikipagpabura
butuhan	binutuhan
butuhan	binubutuhan
butuhan	bubutuhan
buuin	binuo
buuin	binubuo
buuin	bubuuin
buuin	inabuo
buuin	pagbuuan
buuin	pinapagbuuan
buuin	pinagbubuuan
buuin	ibuo
buuin	ibinubuo
buuin	ipabuo
buuin	ipinabubuo
buuin	ipinapabuo
buuin	ipagpabuo
buuin	ipinagpapabuo
buuin	ipinapagpabuo
buuin	ikapagpabuo
buuin	ikinapagpapabuo
buuin	ikinakapagpabuo
buuin	mabuo
buuin	nabubuo
buuin	maibuo
buuin	naibubuo
buuin	maikabuo
buuin	naikabubuo
buuin	naikakabuo
buuin	naiikabuo
buuin	mapagbuoan
buuin	napagbubuoan
buuin	napapagbuoan
buuin	maipabuo
buuin	naipabubuo
buuin	naipapabuo
buuin	naiipabuo
buuin	maipagpabuo
buuin	naipagpapabuo
buuin	naipapagpabuo
buuin	naiipagpabuo
buuin	maikapagpabuo
buuin	naikapagpapabuo
buuin	naikakapagpabuo
buuin	naiikapagpabuo
buuin	mapagpabuuan
buuin	napagpapabubuuan
buuin	napapagpabuuan
buuin	mapapagbuuan
buuin	napapapagbuuan
buuin	makibuo
buuin	nakikibuo
buuin	makipagpabuo
buuin	nakikipagpabuo
buurin	binuod
buurin	binubuod
buurin	bubuurin
buurin	buorin
buurin	inabuod
buurin	pagbuoran
buurin	pinapagbuoran
buurin	pinagbubuoran
buurin	ipagbuod
buurin	ipinapagbuod
buurin	ipabuod
buurin	ipinabubuod
buurin	ipinapabuod
buurin	ipagpabuod
buurin	ipinagpapabuod
buurin	ipinapagpabuod
buurin	ikapagpabuod
buurin	ikinapagpapabuod
buurin	ikinakapagpabuod
buurin	mabuod
buurin	nabubuod
buurin	maipagbuod
buurin	naipagbubuod
buurin	naipapagbuod
buurin	naiipagbuod
buurin	maikapagbuod
buurin	naikapagbubuod
buurin	naikapapagbuod
buurin	naiikapagbuod
buurin	mapagbuodan
buurin	napagbubuodan
buurin	napapagbuodan
buurin	maipabuod
buurin	naipabubuod
buurin	naipapabuod
buurin	naiipabuod
buurin	maipagpabuod
buurin	naipagpapabuod
buurin	naipapagpabuod
buurin	naiipagpabuod
buurin	maikapagpabuod
buurin	naikapagpapabuod
buurin	naikakapagpabuod
buurin	naiikapagpabuod
buurin	mapagpabuoran
buurin	napagpapabubuoran
buurin	napapagpabuoran
buurin	mapapagbuoran
buurin	napapapagbuoran
buurin	makipagbuod
buurin	nakikipagbuod
buurin	makibuod
buurin	nakikibuod
buurin	makipagpabuod
buurin	nakikipagpabuod
buwagin	binuwag
buwagin	binubuwag
buwagin	bubuwagin
buwagin	inabuwag
buwagin	pagbuwagan
buwagin	pinapagbuwagan
buwagin	pinagbubuwagan
buwagin	ibuwag
buwagin	ibinubuwag
buwagin	ipabuwag
buwagin	ipinabubuwag
buwagin	ipinapabuwag
buwagin	ipagpabuwag
buwagin	ipinagpapabuwag
buwagin	ipinapagpabuwag
buwagin	ikapagpabuwag
buwagin	ikinapagpapabuwag
buwagin	ikinakapagpabuwag
buwagin	mabuwag
buwagin	nabubuwag
buwagin	maibuwag
buwagin	naibubuwag
buwagin	maikabuwag
buwagin	naikabubuwag
buwagin	naikakabuwag
buwagin	naiikabuwag
buwagin	mapagbuwagan
buwagin	napagbubuwagan
buwagin	napapagbuwagan
buwagin	maipabuwag
buwagin	naipabubuwag
buwagin	naipapabuwag
buwagin	naiipabuwag
buwagin	maipagpabuwag
buwagin	naipagpapabuwag
buwagin	naipapagpabuwag
buwagin	naiipagpabuwag
buwagin	maikapagpabuwag
buwagin	naikapagpapabuwag
buwagin	naikakapagpabuwag
buwagin	naiikapagpabuwag
buwagin	mapagpabuwagan
buwagin	napagpapabubuwagan
buwagin	napapagpabuwagan
buwagin	mapapagbuwagan
buwagin	napapapagbuwagan
buwagin	makibuwag
buwagin	nakikibuwag
buwagin	makipagpabuwag
buwagin	nakikipagpabuwag
buwisan	binuwisan
buwisan	binubuwisan
buwisan	bubuwisan
buyuhin	binuyo
buyuhin	binubuyo
buyuhin	bubuyuhin
buyunin	binuyon
buyunin	binubuyon
buyunin	bubuyunin
daanan	dinaanan
daanan	dinadaanan
daanan	dinaraanan
daanan	dadaanan
daanan	daraanan
dadalawa	
dadalawampuin	
dadalwa	
dagdagan	dinagdagan
dagdagan	dinaragdagan
dagdagan	daragdagan
dahikan	dinahikan
dahikan	dinarahikan
dahikan	darahikan
dakutin	dinakot
dakutin	dinadakot
dakutin	dadakutin
dalasan	dinalasan
dalasan	dinadalasan
dalasan	dadalasan
dalasan	inadalasan
dalasan	pagdalasan
dalasan	pinapagdalasan
dalasan	pinagdadalasan
dalasan	idalas
dalasan	idinadalas
dalasan	ipagpadalas
dalasan	ipinagpapadalas
dalasan	ipinapagpadalas
dalasan	ikapagpadalas
dalasan	ikinapagpapadalas
dalasan	ikinakapagpadalas
dalasan	madalasan
dalasan	nadadalasan
dalasan	maidalas
dalasan	naidadalas
dalasan	maikadalas
dalasan	naikadadalas
dalasan	naikakadalas
dalasan	naiikadalas
dalasan	mapagdalasan
dalasan	napagdadalasan
dalasan	napapagdalasan
dalasan	maipagpadalas
dalasan	naipagpapadalas
dalasan	naipapagpadalas
dalasan	naiipagpadalas
dalasan	maikapagpadalas
dalasan	naikapagpapadalas
dalasan	naikakapagpadalas
dalasan	naiikapagpadalas
dalasan	mapagpadalasan
dalasan	napagpapadadalasan
dalasan	napapagpadalasan
dalasan	mapapagdalasan
dalasan	napapapagdalasan
dalasan	makidalas
dalasan	nakikidalas
dalasan	makipagpadalas
dalasan	nakikipagpadalas
dalawin	dinalaw
dalawin	dinadalaw
dalawin	dadalawin
dalawin	inadalaw
dalawin	pagdalawan
dalawin	pinapagdalawan
dalawin	pinagdadalawan
dalawin	idalaw
dalawin	idinadalaw
dalawin	ipadalaw
dalawin	ipinadadalaw
dalawin	ipinapadalaw
dalawin	ipagpadalaw
dalawin	ipinagpapadalaw
dalawin	ipinapagpadalaw
dalawin	ikapagpadalaw
dalawin	ikinapagpapadalaw
dalawin	ikinakapagpadalaw
dalawin	madalaw
dalawin	nadadalaw
dalawin	maidalaw
dalawin	naidadalaw
dalawin	maikadalaw
dalawin	naikadadalaw
dalawin	naikakadalaw
dalawin	naiikadalaw
dalawin	mapagdalawan
dalawin	napagdadalawan
dalawin	napapagdalawan
dalawin	maipadalaw
dalawin	naipadadalaw
dalawin	naipapadalaw
dalawin	naiipadalaw
dalawin	maipagpadalaw
dalawin	naipagpapadalaw
dalawin	naipapagpadalaw
dalawin	naiipagpadalaw
dalawin	maikapagpadalaw
dalawin	naikapagpapadalaw
dalawin	naikakapagpadalaw
dalawin	naiikapagpadalaw
dalawin	mapagpadalawan
dalawin	napagpapadadalawan
dalawin	napapagpadalawan
dalawin	mapapagdalawan
dalawin	napapapagdalawan
dalawin	makidalaw
dalawin	nakikidalaw
dalawin	makipagpadalaw
dalawin	nakikipagpadalaw
dalhin	dinala
dalhin	dinadala
dalhin	dadalhin
dalhin	inadala
dalhin	dalhan
dalhin	dinadalhan
dalhin	inadalhan
dalhin	pagdalhan
dalhin	pinapagdalhan
dalhin	pinagdadalhan
dalhin	ipagdala
dalhin	ipinapagdala
dalhin	ipadala
dalhin	ipinadadala
dalhin	ipinapadala
dalhin	ipagpadala
dalhin	ipinagpapadala
dalhin	ipinapagpadala
dalhin	ikapagpadala
dalhin	ikinapagpapadala
dalhin	ikinakapagpadala
dalhin	madala
dalhin	nadadala
dalhin	madalhan
dalhin	nadadalhan
dalhin	maipagdala
dalhin	naipagdadala
dalhin	naipapagdala
dalhin	naiipagdala
dalhin	maikapagdala
dalhin	naikapagdadala
dalhin	naikapapagdala
dalhin	naiikapagdala
dalhin	mapagdalaan
dalhin	napagdadalaan
dalhin	napapagdalaan
dalhin	maipadala
dalhin	naipadadala
dalhin	naipapadala
dalhin	naiipadala
dalhin	maipagpadala
dalhin	naipagpapadala
dalhin	naipapagpadala
dalhin	naiipagpadala
dalhin	maikapagpadala
dalhin	naikapagpapadala
dalhin	naikakapagpadala
dalhin	naiikapagpadala
dalhin	mapagpadalhan
dalhin	napagpapadadalhan
dalhin	napapagpadalhan
dalhin	mapapagdalhan
dalhin	napapapagdalhan
dalhin	makipagdala
dalhin	nakikipagdala
dalhin	makidala
dalhin	nakikidala
dalhin	makipagpadala
dalhin	nakikipagpadala
damahan	dinamahan
damahan	dinadamahan
damahan	dadamahan
damdamin	dinamdam
damdamin	dinaramdam
damdamin	daramdamin
damuhan	dinamuhan
damuhan	dinadamuhan
damuhan	dadamuhan
dantayan	dinantayan
dantayan	dinadantayan
dantayan	dadantayan
dantayan	inadantayan
dantayan	pagdantayan
dantayan	pinapagdantayan
dantayan	pinagdadantayan
dantayan	idantay
dantayan	idinadantay
dantayan	ipagpadantay
dantayan	ipinagpapadantay
dantayan	ipinapagpadantay
dantayan	ikapagpadantay
dantayan	ikinapagpapadantay
dantayan	ikinakapagpadantay
dantayan	madantayan
dantayan	nadadantayan
dantayan	maidantay
dantayan	naidadantay
dantayan	maikadantay
dantayan	naikadadantay
dantayan	naikakadantay
dantayan	naiikadantay
dantayan	mapagdantayan
dantayan	napagdadantayan
dantayan	napapagdantayan
dantayan	maipagpadantay
dantayan	naipagpapadantay
dantayan	naipapagpadantay
dantayan	naiipagpadantay
dantayan	maikapagpadantay
dantayan	naikapagpapadantay
dantayan	naikakapagpadantay
dantayan	naiikapagpadantay
dantayan	mapagpadantayan
dantayan	napagpapadadantayan
dantayan	napapagpadantayan
dantayan	mapapagdantayan
dantayan	napapapagdantayan
dantayan	makidantay
dantayan	nakikidantay
dantayan	makipagpadantay
dantayan	nakikipagpadantay
dapat	
daraan	
darating	
daspanin	dinaspan
daspanin	dinadaspan
daspanin	dadaspanin
daspanin	inadaspan
daspanin	pagdaspanan
daspanin	pinapagdaspanan
daspanin	pinagdadaspanan
daspanin	ipagdaspan
daspanin	ipinapagdaspan
daspanin	ipadaspan
daspanin	ipinadadaspan
daspanin	ipinapadaspan
daspanin	ipagpadaspan
daspanin	ipinagpapadaspan
daspanin	ipinapagpadaspan
daspanin	ikapagpadaspan
daspanin	ikinapagpapadaspan
daspanin	ikinakapagpadaspan
daspanin	madaspan
daspanin	nadadaspan
daspanin	maipagdaspan
daspanin	naipagdadaspan
daspanin	naipapagdaspan
daspanin	naiipagdaspan
daspanin	maikapagdaspan
daspanin	naikapagdadaspan
daspanin	naikapapagdaspan
daspanin	naiikapagdaspan
daspanin	mapagdaspanan
daspanin	napagdadaspanan
daspanin	napapagdaspanan
daspanin	maipadaspan
daspanin	naipadadaspan
daspanin	naipapadaspan
daspanin	naiipadaspan
daspanin	maipagpadaspan
daspanin	naipagpapadaspan
daspanin	naipapagpadaspan
daspanin	naiipagpadaspan
daspanin	maikapagpadaspan
daspanin	naikapagpapadaspan
daspanin	naikakapagpadaspan
daspanin	naiikapagpadaspan
daspanin	mapagpadaspanan
daspanin	napagpapadadaspanan
daspanin	napapagpadaspanan
daspanin	mapapagdaspanan
daspanin	napapapagdaspanan
daspanin	makipagdaspan
daspanin	nakikipagdaspan
daspanin	makidaspan
daspanin	nakikidaspan
daspanin	makipagpadaspan
daspanin	nakikipagpadaspan
datingan	dinatingan
datingan	dinaratingan
datingan	daratingan
datingan	dinadatingan
dayain	dinaya
dayain	dinaraya
dayain	darayain
dekorasyunan	dinekorasyunan
dekorasyunan	dinedekorasyunan
dekorasyunan	dedekorasyunan
dekorasyunan	inadekorasyunan
dekorasyunan	pagdekorasyunan
dekorasyunan	pinapagdekorasyunan
dekorasyunan	pinagdedekorasyunan
dekorasyunan	ipagdekorasyon
dekorasyunan	ipinapagdekorasyon
dekorasyunan	ipagpadekorasyon
dekorasyunan	ipinagpapadekorasyon
dekorasyunan	ipinapagpadekorasyon
dekorasyunan	ikapagpadekorasyon
dekorasyunan	ikinapagpapadekorasyon
dekorasyunan	ikinakapagpadekorasyon
dekorasyunan	madekorasyunan
dekorasyunan	nadedekorasyunan
dekorasyunan	maipagdekorasyon
dekorasyunan	naipagdedekorasyon
dekorasyunan	naipapagdekorasyon
dekorasyunan	naiipagdekorasyon
dekorasyunan	maikapagdekorasyon
dekorasyunan	naikapagdedekorasyon
dekorasyunan	naikapapagdekorasyon
dekorasyunan	naiikapagdekorasyon
dekorasyunan	mapagdekorasyonan
dekorasyunan	napagdedekorasyonan
dekorasyunan	napapagdekorasyonan
dekorasyunan	maipagpadekorasyon
dekorasyunan	naipagpapadekorasyon
dekorasyunan	naipapagpadekorasyon
dekorasyunan	naiipagpadekorasyon
dekorasyunan	maikapagpadekorasyon
dekorasyunan	naikapagpapadekorasyon
dekorasyunan	naikakapagpadekorasyon
dekorasyunan	naiikapagpadekorasyon
dekorasyunan	mapagpadekorasyunan
dekorasyunan	napagpapadedekorasyunan
dekorasyunan	napapagpadekorasyunan
dekorasyunan	mapapagdekorasyunan
dekorasyunan	napapapagdekorasyunan
dekorasyunan	makipagdekorasyon
dekorasyunan	nakikipagdekorasyon
dekorasyunan	makidekorasyon
dekorasyunan	nakikidekorasyon
dekorasyunan	makipagpadekorasyon
dekorasyunan	nakikipagpadekorasyon
depensahan	dinepensahan
depensahan	dinedepensahan
depensahan	dedepensahan
dibdibin	dinibdib
dibdibin	dinidibdib
dibdibin	didibdibin
didilawan	
diinan	diniinan
diinan	dinidiinan
diinan	didiinan
diinan	inadiinan
diinan	pagdiinan
diinan	pinapagdiinan
diinan	pinagdidiinan
diinan	idiin
diinan	idinidiin
diinan	ipagpadiin
diinan	ipinagpapadiin
diinan	ipinapagpadiin
diinan	ikapagpadiin
diinan	ikinapagpapadiin
diinan	ikinakapagpadiin
diinan	madiinan
diinan	nadidiinan
diinan	maidiin
diinan	naididiin
diinan	maikadiin
diinan	naikadidiin
diinan	naikakadiin
diinan	naiikadiin
diinan	mapagdiinan
diinan	napagdidiinan
diinan	napapagdiinan
diinan	maipagpadiin
diinan	naipagpapadiin
diinan	naipapagpadiin
diinan	naiipagpadiin
diinan	maikapagpadiin
diinan	naikapagpapadiin
diinan	naikakapagpadiin
diinan	naiikapagpadiin
diinan	mapagpadiinan
diinan	napagpapadidiinan
diinan	napapagpadiinan
diinan	mapapagdiinan
diinan	napapapagdiinan
diinan	makidiin
diinan	nakikidiin
diinan	makipagpadiin
diinan	nakikipagpadiin
diitan	diniitan
diitan	dinidiitan
diitan	didiitan
dilaan	dinilaan
dilaan	dinidilaan
dilaan	didilaan
dilawan	dinilawan
dilawan	dinidilawan
dilawan	didilawan
diligan	diniligan
diligan	dinidiligan
diligan	didiligan
diligan	inadiligan
diligan	pagdiligan
diligan	pinapagdiligan
diligan	pinagdidiligan
diligan	ipagdilig
diligan	ipinapagdilig
diligan	ipagpadilig
diligan	ipinagpapadilig
diligan	ipinapagpadilig
diligan	ikapagpadilig
diligan	ikinapagpapadilig
diligan	ikinakapagpadilig
diligan	madiligan
diligan	nadidiligan
diligan	maipagdilig
diligan	naipagdidilig
diligan	naipapagdilig
diligan	naiipagdilig
diligan	maikapagdilig
diligan	naikapagdidilig
diligan	naikapapagdilig
diligan	naiikapagdilig
diligan	mapagdiligan
diligan	napagdidiligan
diligan	napapagdiligan
diligan	maipagpadilig
diligan	naipagpapadilig
diligan	naipapagpadilig
diligan	naiipagpadilig
diligan	maikapagpadilig
diligan	naikapagpapadilig
diligan	naikakapagpadilig
diligan	naiikapagpadilig
diligan	mapagpadiligan
diligan	napagpapadidiligan
diligan	napapagpadiligan
diligan	mapapagdiligan
diligan	napapapagdiligan
diligan	makipagdilig
diligan	nakikipagdilig
diligan	makidilig
diligan	nakikidilig
diligan	makipagpadilig
diligan	nakikipagpadilig
diliman	diniliman
diliman	dinidiliman
diliman	didiliman
diliman	inadiliman
diliman	pagdiliman
diliman	pinapagdiliman
diliman	pinagdidiliman
diliman	idilim
diliman	idinidilim
diliman	ipagpadilim
diliman	ipinagpapadilim
diliman	ipinapagpadilim
diliman	ikapagpadilim
diliman	ikinapagpapadilim
diliman	ikinakapagpadilim
diliman	madiliman
diliman	nadidiliman
diliman	maidilim
diliman	naididilim
diliman	maikadilim
diliman	naikadidilim
diliman	naikakadilim
diliman	naiikadilim
diliman	mapagdiliman
diliman	napagdidiliman
diliman	napapagdiliman
diliman	maipagpadilim
diliman	naipagpapadilim
diliman	naipapagpadilim
diliman	naiipagpadilim
diliman	maikapagpadilim
diliman	naikapagpapadilim
diliman	naikakapagpadilim
diliman	naiikapagpadilim
diliman	mapagpadiliman
diliman	napagpapadidiliman
diliman	napapagpadiliman
diliman	mapapagdiliman
diliman	napapapagdiliman
diliman	makidilim
diliman	nakikidilim
diliman	makipagpadilim
diliman	nakikipagpadilim
dinadala	
dinala	
dinggin	dininig
dinggin	dinidinig
dinggin	didinggin
dinidilawan	
dinilawan	
dinuduguan	
dinuduluhan	
dinug-an	
dinuguan	
dinuluhan	
disiplinahin	dinisiplina
disiplinahin	dinidisiplina
disiplinahin	didisiplinahin
doblehin	dinoble
doblehin	dinodoble
doblehin	dodoblehin
duduguan	
duduluhan	
duguan	dinuguan
duguan	dinuruguan
duguan	duruguan
duguan	dinuduguan
dukalin	dinukal
dukalin	dinudukal
dukalin	dudukalin
dukwangin	dinukwang
dukwangin	dinudukwang
dukwangin	dudukwang
dukwangin	inadukwang
dukwangin	pagdukwangan
dukwangin	pinapagdukwangan
dukwangin	pinagdudukwangan
dukwangin	idukwang
dukwangin	idinudukwang
dukwangin	ipadukwang
dukwangin	ipinadudukwang
dukwangin	ipinapadukwang
dukwangin	ipagpadukwang
dukwangin	ipinagpapadukwang
dukwangin	ipinapagpadukwang
dukwangin	ikapagpadukwang
dukwangin	ikinapagpapadukwang
dukwangin	ikinakapagpadukwang
dukwangin	madukwang
dukwangin	nadudukwang
dukwangin	maidukwang
dukwangin	naidudukwang
dukwangin	maikadukwang
dukwangin	naikadudukwang
dukwangin	naikakadukwang
dukwangin	naiikadukwang
dukwangin	mapagdukwangan
dukwangin	napagdudukwangan
dukwangin	napapagdukwangan
dukwangin	maipadukwang
dukwangin	naipadudukwang
dukwangin	naipapadukwang
dukwangin	naiipadukwang
dukwangin	maipagpadukwang
dukwangin	naipagpapadukwang
dukwangin	naipapagpadukwang
dukwangin	naiipagpadukwang
dukwangin	maikapagpadukwang
dukwangin	naikapagpapadukwang
dukwangin	naikakapagpadukwang
dukwangin	naiikapagpadukwang
dukwangin	mapagpadukwangan
dukwangin	napagpapadudukwangan
dukwangin	napapagpadukwangan
dukwangin	mapapagdukwangan
dukwangin	napapapagdukwangan
dukwangin	makidukwang
dukwangin	nakikidukwang
dukwangin	makipagpadukwang
dukwangin	nakikipagpadukwang
dulangan	dinulangan
dulangan	dinurulangan
dulangan	durulangan
dulugan	dinulugan
dulugan	dinudulugan
dulugan	dudulugan
duluhan	dinuluhan
duluhan	dinuduluhan
duluhan	duduluhan
dumaan	dumaraan
dumaan	daraan
dumaan	daanin
dumaan	dinadaan
dumaan	inadaan
dumaan	daanan
dumaan	dinadaanan
dumaan	inadaanan
dumaan	pagdaanan
dumaan	pinapagdaanan
dumaan	pinagdadaanan
dumaan	idaan
dumaan	idinadaan
dumaan	ipadaan
dumaan	ipinadadaan
dumaan	ipinapadaan
dumaan	ipagpadaan
dumaan	ipinagpapadaan
dumaan	ipinapagpadaan
dumaan	ikapagpadaan
dumaan	ikinapagpapadaan
dumaan	ikinakapagpadaan
dumaan	madaan
dumaan	nadadaan
dumaan	madaanan
dumaan	nadadaanan
dumaan	maidaan
dumaan	naidadaan
dumaan	maikadaan
dumaan	naikadadaan
dumaan	naikakadaan
dumaan	naiikadaan
dumaan	mapagdaanan
dumaan	napagdadaanan
dumaan	napapagdaanan
dumaan	maipadaan
dumaan	naipadadaan
dumaan	naipapadaan
dumaan	naiipadaan
dumaan	maipagpadaan
dumaan	naipagpapadaan
dumaan	naipapagpadaan
dumaan	naiipagpadaan
dumaan	maikapagpadaan
dumaan	naikapagpapadaan
dumaan	naikakapagpadaan
dumaan	naiikapagpadaan
dumaan	mapagpadaanan
dumaan	napagpapadadaanan
dumaan	napapagpadaanan
dumaan	mapapagdaanan
dumaan	napapapagdaanan
dumaan	makidaan
dumaan	nakikidaan
dumaan	makipagpadaan
dumaan	nakikipagpadaan
dumagdag	dumaragdag
dumagdag	daragdag
dumagdag	dumadagdag
dumagdag	dungmadagdag
dumagit	dumadagit
dumagit	dadagit
dumagit	dungmadagit
dumagsin	dumadagsin
dumagsin	dadagsin
dumagsin	dungmadagsin
dumagundong	dumaragundong
dumagundong	daragundong
dumalaw	dumadalaw
dumalaw	dadalaw
dumalaw	dalawin
dumalaw	dinadalaw
dumalaw	inadalaw
dumalaw	pagdalawan
dumalaw	pinapagdalawan
dumalaw	pinagdadalawan
dumalaw	ipagdalaw
dumalaw	ipinapagdalaw
dumalaw	ipadalaw
dumalaw	ipinadadalaw
dumalaw	ipinapadalaw
dumalaw	ipagpadalaw
dumalaw	ipinagpapadalaw
dumalaw	ipinapagpadalaw
dumalaw	ikapagpadalaw
dumalaw	ikinapagpapadalaw
dumalaw	ikinakapagpadalaw
dumalaw	madalaw
dumalaw	nadadalaw
dumalaw	maipagdalaw
dumalaw	naipagdadalaw
dumalaw	naipapagdalaw
dumalaw	naiipagdalaw
dumalaw	maikapagdalaw
dumalaw	naikapagdadalaw
dumalaw	naikapapagdalaw
dumalaw	naiikapagdalaw
dumalaw	mapagdalawan
dumalaw	napagdadalawan
dumalaw	napapagdalawan
dumalaw	maipadalaw
dumalaw	naipadadalaw
dumalaw	naipapadalaw
dumalaw	naiipadalaw
dumalaw	maipagpadalaw
dumalaw	naipagpapadalaw
dumalaw	naipapagpadalaw
dumalaw	naiipagpadalaw
dumalaw	maikapagpadalaw
dumalaw	naikapagpapadalaw
dumalaw	naikakapagpadalaw
dumalaw	naiikapagpadalaw
dumalaw	mapagpadalawan
dumalaw	napagpapadadalawan
dumalaw	napapagpadalawan
dumalaw	mapapagdalawan
dumalaw	napapapagdalawan
dumalaw	makipagdalaw
dumalaw	nakikipagdalaw
dumalaw	makidalaw
dumalaw	nakikidalaw
dumalaw	makipagpadalaw
dumalaw	nakikipagpadalaw
dumaldal	dumadaldal
dumaldal	dadaldal
dumaldal	daldalan
dumaldal	dinadaldalan
dumaldal	inadaldalan
dumaldal	pagdaldalan
dumaldal	pinapagdaldalan
dumaldal	pinagdadaldalan
dumaldal	idaldal
dumaldal	idinadaldal
dumaldal	ipagpadaldal
dumaldal	ipinagpapadaldal
dumaldal	ipinapagpadaldal
dumaldal	ikapagpadaldal
dumaldal	ikinapagpapadaldal
dumaldal	ikinakapagpadaldal
dumaldal	madaldalan
dumaldal	nadadaldalan
dumaldal	maidaldal
dumaldal	naidadaldal
dumaldal	maikadaldal
dumaldal	naikadadaldal
dumaldal	naikakadaldal
dumaldal	naiikadaldal
dumaldal	mapagdaldalan
dumaldal	napagdadaldalan
dumaldal	napapagdaldalan
dumaldal	maipagpadaldal
dumaldal	naipagpapadaldal
dumaldal	naipapagpadaldal
dumaldal	naiipagpadaldal
dumaldal	maikapagpadaldal
dumaldal	naikapagpapadaldal
dumaldal	naikakapagpadaldal
dumaldal	naiikapagpadaldal
dumaldal	mapagpadaldalan
dumaldal	napagpapadadaldalan
dumaldal	napapagpadaldalan
dumaldal	mapapagdaldalan
dumaldal	napapapagdaldalan
dumaldal	makidaldal
dumaldal	nakikidaldal
dumaldal	makipagpadaldal
dumaldal	nakikipagpadaldal
dumali	dumadali
dumali	dadali
dumali	dalian
dumali	dinadalian
dumali	inadalian
dumali	pagdalian
dumali	pinapagdalian
dumali	pinagdadalian
dumali	idali
dumali	idinadali
dumali	ipagpadali
dumali	ipinagpapadali
dumali	ipinapagpadali
dumali	ikapagpadali
dumali	ikinapagpapadali
dumali	ikinakapagpadali
dumali	madalian
dumali	nadadalian
dumali	maidali
dumali	naidadali
dumali	maikadali
dumali	naikadadali
dumali	naikakadali
dumali	naiikadali
dumali	mapagdalian
dumali	napagdadalian
dumali	napapagdalian
dumali	maipagpadali
dumali	naipagpapadali
dumali	naipapagpadali
dumali	naiipagpadali
dumali	maikapagpadali
dumali	naikapagpapadali
dumali	naikakapagpadali
dumali	naiikapagpadali
dumali	mapagpadalian
dumali	napagpapadadalian
dumali	napapagpadalian
dumali	mapapagdalian
dumali	napapapagdalian
dumali	makidali
dumali	nakikidali
dumali	makipagpadali
dumali	nakikipagpadali
dumalisay	dumadalisay
dumalisay	dadalisay
dumalisay	dalisayin
dumalisay	dinadalisay
dumalisay	inadalisay
dumalisay	pagdalisayan
dumalisay	pinapagdalisayan
dumalisay	pinagdadalisayan
dumalisay	idalisay
dumalisay	idinadalisay
dumalisay	ipadalisay
dumalisay	ipinadadalisay
dumalisay	ipinapadalisay
dumalisay	ipagpadalisay
dumalisay	ipinagpapadalisay
dumalisay	ipinapagpadalisay
dumalisay	ikapagpadalisay
dumalisay	ikinapagpapadalisay
dumalisay	ikinakapagpadalisay
dumalisay	madalisay
dumalisay	nadadalisay
dumalisay	maidalisay
dumalisay	naidadalisay
dumalisay	maikadalisay
dumalisay	naikadadalisay
dumalisay	naikakadalisay
dumalisay	naiikadalisay
dumalisay	mapagdalisayan
dumalisay	napagdadalisayan
dumalisay	napapagdalisayan
dumalisay	maipadalisay
dumalisay	naipadadalisay
dumalisay	naipapadalisay
dumalisay	naiipadalisay
dumalisay	maipagpadalisay
dumalisay	naipagpapadalisay
dumalisay	naipapagpadalisay
dumalisay	naiipagpadalisay
dumalisay	maikapagpadalisay
dumalisay	naikapagpapadalisay
dumalisay	naikakapagpadalisay
dumalisay	naiikapagpadalisay
dumalisay	mapagpadalisayan
dumalisay	napagpapadadalisayan
dumalisay	napapagpadalisayan
dumalisay	mapapagdalisayan
dumalisay	napapapagdalisayan
dumalisay	makidalisay
dumalisay	nakikidalisay
dumalisay	makipagpadalisay
dumalisay	nakikipagpadalisay
dumalo	dumadalo
dumalo	dadalo
dumalo	daluhan
dumalo	dinadaluhan
dumalo	inadaluhan
dumalo	pagdaluhan
dumalo	pinapagdaluhan
dumalo	pinagdadaluhan
dumalo	idalo
dumalo	idinadalo
dumalo	ipagpadalo
dumalo	ipinagpapadalo
dumalo	ipinapagpadalo
dumalo	ikapagpadalo
dumalo	ikinapagpapadalo
dumalo	ikinakapagpadalo
dumalo	madaluhan
dumalo	nadadaluhan
dumalo	maidalo
dumalo	naidadalo
dumalo	maikadalo
dumalo	naikadadalo
dumalo	naikakadalo
dumalo	naiikadalo
dumalo	mapagdaloan
dumalo	napagdadaloan
dumalo	napapagdaloan
dumalo	maipagpadalo
dumalo	naipagpapadalo
dumalo	naipapagpadalo
dumalo	naiipagpadalo
dumalo	maikapagpadalo
dumalo	naikapagpapadalo
dumalo	naikakapagpadalo
dumalo	naiikapagpadalo
dumalo	mapagpadaluhan
dumalo	napagpapadadaluhan
dumalo	napapagpadaluhan
dumalo	mapapagdaluhan
dumalo	napapapagdaluhan
dumalo	makidalo
dumalo	nakikidalo
dumalo	makipagpadalo
dumalo	nakikipagpadalo
dumaloy	dumadaloy
dumaloy	dadaloy
dumaloy	daluyan
dumaloy	dinadaluyan
dumaloy	inadaluyan
dumaloy	pagdaluyan
dumaloy	pinapagdaluyan
dumaloy	pinagdadaluyan
dumaloy	idaloy
dumaloy	idinadaloy
dumaloy	ipagpadaloy
dumaloy	ipinagpapadaloy
dumaloy	ipinapagpadaloy
dumaloy	ikapagpadaloy
dumaloy	ikinapagpapadaloy
dumaloy	ikinakapagpadaloy
dumaloy	madaluyan
dumaloy	nadadaluyan
dumaloy	maidaloy
dumaloy	naidadaloy
dumaloy	maikadaloy
dumaloy	naikadadaloy
dumaloy	naikakadaloy
dumaloy	naiikadaloy
dumaloy	mapagdaloyan
dumaloy	napagdadaloyan
dumaloy	napapagdaloyan
dumaloy	maipagpadaloy
dumaloy	naipagpapadaloy
dumaloy	naipapagpadaloy
dumaloy	naiipagpadaloy
dumaloy	maikapagpadaloy
dumaloy	naikapagpapadaloy
dumaloy	naikakapagpadaloy
dumaloy	naiikapagpadaloy
dumaloy	mapagpadaluyan
dumaloy	napagpapadadaluyan
dumaloy	napapagpadaluyan
dumaloy	mapapagdaluyan
dumaloy	napapapagdaluyan
dumaloy	makidaloy
dumaloy	nakikidaloy
dumaloy	makipagpadaloy
dumaloy	nakikipagpadaloy
dumapa	dumadapa
dumapa	dadapa
dumapa	dungmadapa
dumaragundong	
dumating	dumarating
dumating	darating
dumating	dungmarating
dumausdos	dumadausdos
dumausdos	dadausdos
dumausdos	dungmadausdos
dumighay	dumidighay
dumighay	didighay
dumighay	dungmidighay
dumihan	dinumihan
dumihan	dinudumihan
dumihan	dudumihan
dumilaw	dumidilaw
dumilaw	didilaw
dumilaw	dungmidilaw
dumilim	dumidilim
dumilim	didilim
dumilim	dungmidilim
dumito	dumirito
dumito	dirito
dumito	dumidito
dumito	dungmidito
dumugin	dinumog
dumugin	dinudumog
dumugin	dudumugin
dumugo	dumudugo
dumugo	dudugo
dumugo	dungmudugo
dumukot	dumurukot
dumukot	durukot
dumukot	dukutin
dumukot	dinudukot
dumukot	inadukot
dumukot	dukutan
dumukot	dinudukutan
dumukot	inadukutan
dumukot	pagdukutan
dumukot	pinapagdukutan
dumukot	pinagdudukutan
dumukot	idukot
dumukot	idinudukot
dumukot	ipadukot
dumukot	ipinadudukot
dumukot	ipinapadukot
dumukot	ipagpadukot
dumukot	ipinagpapadukot
dumukot	ipinapagpadukot
dumukot	ikapagpadukot
dumukot	ikinapagpapadukot
dumukot	ikinakapagpadukot
dumukot	madukot
dumukot	nadudukot
dumukot	madukutan
dumukot	nadudukutan
dumukot	maidukot
dumukot	naidudukot
dumukot	maikadukot
dumukot	naikadudukot
dumukot	naikakadukot
dumukot	naiikadukot
dumukot	mapagdukotan
dumukot	napagdudukotan
dumukot	napapagdukotan
dumukot	maipadukot
dumukot	naipadudukot
dumukot	naipapadukot
dumukot	naiipadukot
dumukot	maipagpadukot
dumukot	naipagpapadukot
dumukot	naipapagpadukot
dumukot	naiipagpadukot
dumukot	maikapagpadukot
dumukot	naikapagpapadukot
dumukot	naikakapagpadukot
dumukot	naiikapagpadukot
dumukot	mapagpadukutan
dumukot	napagpapadudukutan
dumukot	napapagpadukutan
dumukot	mapapagdukutan
dumukot	napapapagdukutan
dumukot	makidukot
dumukot	nakikidukot
dumukot	makipagpadukot
dumukot	nakikipagpadukot
dumulas	dumudulas
dumulas	dudulas
dumulas	dungmudulas
dumumi	dumudumi
dumumi	dudumi
dumumi	dungmudumi
dumungaw	dumurungaw
dumungaw	durungaw
dumungaw	dumudungaw
dumungaw	dungmudungaw
dumupok	dumudupok
dumupok	dudupok
dumupok	dungmudupok
dumura	dumudura
dumura	dudura
dumura	durain
dumura	dinudura
dumura	inadura
dumura	duraan
dumura	dinuduraan
dumura	inaduraan
dumura	pagduraan
dumura	pinapagduraan
dumura	pinagduduraan
dumura	idura
dumura	idinudura
dumura	ipadura
dumura	ipinadudura
dumura	ipinapadura
dumura	ipagpadura
dumura	ipinagpapadura
dumura	ipinapagpadura
dumura	ikapagpadura
dumura	ikinapagpapadura
dumura	ikinakapagpadura
dumura	madura
dumura	nadudura
dumura	maduraan
dumura	naduduraan
dumura	maidura
dumura	naidudura
dumura	maikadura
dumura	naikadudura
dumura	naikakadura
dumura	naiikadura
dumura	mapagduraan
dumura	napagduduraan
dumura	napapagduraan
dumura	maipadura
dumura	naipadudura
dumura	naipapadura
dumura	naiipadura
dumura	maipagpadura
dumura	naipagpapadura
dumura	naipapagpadura
dumura	naiipagpadura
dumura	maikapagpadura
dumura	naikapagpapadura
dumura	naikakapagpadura
dumura	naiikapagpadura
dumura	mapagpaduraan
dumura	napagpapaduduraan
dumura	napapagpaduraan
dumura	mapapagduraan
dumura	napapapagduraan
dumura	makidura
dumura	nakikidura
dumura	makipagpadura
dumura	nakikipagpadura
dumurukot	
dumurungaw	
dunggulin	dinunggol
dunggulin	dinudunggol
dunggulin	dudunggulin
duongan	dinuongan
duongan	dinuruongan
duongan	duruongan
duraan	dinuraan
duraan	dinuduraan
duraan	duduraan
durukot	
durungaw	
dutdutin	dinutdot
dutdutin	dinudutdot
dutdutin	dudutdutin
dutdutin	inadutdot
dutdutin	pagdutdutan
dutdutin	pinapagdutdutan
dutdutin	pinagdudutdutan
dutdutin	idutdot
dutdutin	idinudutdot
dutdutin	ipadutdot
dutdutin	ipinadudutdot
dutdutin	ipinapadutdot
dutdutin	ipagpadutdot
dutdutin	ipinagpapadutdot
dutdutin	ipinapagpadutdot
dutdutin	ikapagpadutdot
dutdutin	ikinapagpapadutdot
dutdutin	ikinakapagpadutdot
dutdutin	madutdot
dutdutin	nadudutdot
dutdutin	maidutdot
dutdutin	naidudutdot
dutdutin	maikadutdot
dutdutin	naikadudutdot
dutdutin	naikakadutdot
dutdutin	naiikadutdot
dutdutin	mapagdutdotan
dutdutin	napagdudutdotan
dutdutin	napapagdutdotan
dutdutin	maipadutdot
dutdutin	naipadudutdot
dutdutin	naipapadutdot
dutdutin	naiipadutdot
dutdutin	maipagpadutdot
dutdutin	naipagpapadutdot
dutdutin	naipapagpadutdot
dutdutin	naiipagpadutdot
dutdutin	maikapagpadutdot
dutdutin	naikapagpapadutdot
dutdutin	naikakapagpadutdot
dutdutin	naiikapagpadutdot
dutdutin	mapagpadutdutan
dutdutin	napagpapadudutdutan
dutdutin	napapagpadutdutan
dutdutin	mapapagdutdutan
dutdutin	napapapagdutdutan
dutdutin	makidutdot
dutdutin	nakikidutdot
dutdutin	makipagpadutdot
dutdutin	nakikipagpadutdot
dyinodyolog	
dyinolog	
dyodyologin	
eemyendahan	
eere	
ekisan	inekisan
ekisan	ineekisan
ekisan	eekisan
emyendahan	inemyendahan
emyendahan	ineemyendahan
emyendahan	eemyendahan
gabihin	ginabi
gabihin	ginagabi
gabihin	gagabihin
gagabay	
gagamit	
gagapang	
gaguhin	ginago
gaguhin	ginagago
gaguhin	gagaguhin
galawin	ginalaw
galawin	ginagalaw
galawin	gagalawin
galawin	inagalaw
galawin	paggalawan
galawin	pinapaggalawan
galawin	pinaggagalawan
galawin	igalaw
galawin	iginagalaw
galawin	ipagalaw
galawin	ipinagagalaw
galawin	ipinapagalaw
galawin	ipagpagalaw
galawin	ipinagpapagalaw
galawin	ipinapagpagalaw
galawin	ikapagpagalaw
galawin	ikinapagpapagalaw
galawin	ikinakapagpagalaw
galawin	magalaw
galawin	nagagalaw
galawin	maigalaw
galawin	naigagalaw
galawin	maikagalaw
galawin	naikagagalaw
galawin	naikakagalaw
galawin	naiikagalaw
galawin	mapaggalawan
galawin	napaggagalawan
galawin	napapaggalawan
galawin	maipagalaw
galawin	naipagagalaw
galawin	naipapagalaw
galawin	naiipagalaw
galawin	maipagpagalaw
galawin	naipagpapagalaw
galawin	naipapagpagalaw
galawin	naiipagpagalaw
galawin	maikapagpagalaw
galawin	naikapagpapagalaw
galawin	naikakapagpagalaw
galawin	naiikapagpagalaw
galawin	mapagpagalawan
galawin	napagpapagagalawan
galawin	napapagpagalawan
galawin	mapapaggalawan
galawin	napapapaggalawan
galawin	makigalaw
galawin	nakikigalaw
galawin	makipagpagalaw
galawin	nakikipagpagalaw
galitin	ginalit
galitin	ginagalit
galitin	gagalitin
galugarin	ginalugad
galugarin	ginagalugad
galugarin	gagalugarin
gamitan	ginamitan
gamitan	ginagamitan
gamitan	gagamitan
gamutin	ginamot
gamutin	ginagamot
gamutin	gagamutin
gamutin	inagamot
gamutin	paggamutan
gamutin	pinapaggamutan
gamutin	pinaggagamutan
gamutin	igamot
gamutin	iginagamot
gamutin	ipagamot
gamutin	ipinagagamot
gamutin	ipinapagamot
gamutin	ipagpagamot
gamutin	ipinagpapagamot
gamutin	ipinapagpagamot
gamutin	ikapagpagamot
gamutin	ikinapagpapagamot
gamutin	ikinakapagpagamot
gamutin	magamot
gamutin	nagagamot
gamutin	maigamot
gamutin	naigagamot
gamutin	maikagamot
gamutin	naikagagamot
gamutin	naikakagamot
gamutin	naiikagamot
gamutin	mapaggamotan
gamutin	napaggagamotan
gamutin	napapaggamotan
gamutin	maipagamot
gamutin	naipagagamot
gamutin	naipapagamot
gamutin	naiipagamot
gamutin	maipagpagamot
gamutin	naipagpapagamot
gamutin	naipapagpagamot
gamutin	naiipagpagamot
gamutin	maikapagpagamot
gamutin	naikapagpapagamot
gamutin	naikakapagpagamot
gamutin	naiikapagpagamot
gamutin	mapagpagamutan
gamutin	napagpapagagamutan
gamutin	napapagpagamutan
gamutin	mapapaggamutan
gamutin	napapapaggamutan
gamutin	makigamot
gamutin	nakikigamot
gamutin	makipagpagamot
gamutin	nakikipagpagamot
gantihan	ginantihan
gantihan	ginagantihan
gantihan	gagantihan
gantihan	gantihin
gantihan	ginaganti
gantihan	inaganti
gantihan	inagantihan
gantihan	paggantihan
gantihan	pinapaggantihan
gantihan	pinaggagantihan
gantihan	iganti
gantihan	iginaganti
gantihan	ipaganti
gantihan	ipinagaganti
gantihan	ipinapaganti
gantihan	ipagpaganti
gantihan	ipinagpapaganti
gantihan	ipinapagpaganti
gantihan	ikapagpaganti
gantihan	ikinapagpapaganti
gantihan	ikinakapagpaganti
gantihan	maganti
gantihan	nagaganti
gantihan	magantihan
gantihan	nagagantihan
gantihan	maiganti
gantihan	naigaganti
gantihan	maikaganti
gantihan	naikagaganti
gantihan	naikakaganti
gantihan	naiikaganti
gantihan	mapaggantian
gantihan	napaggagantian
gantihan	napapaggantian
gantihan	maipaganti
gantihan	naipagaganti
gantihan	naipapaganti
gantihan	naiipaganti
gantihan	maipagpaganti
gantihan	naipagpapaganti
gantihan	naipapagpaganti
gantihan	naiipagpaganti
gantihan	maikapagpaganti
gantihan	naikapagpapaganti
gantihan	naikakapagpaganti
gantihan	naiikapagpaganti
gantihan	mapagpagantihan
gantihan	napagpapagagantihan
gantihan	napapagpagantihan
gantihan	mapapaggantihan
gantihan	napapapaggantihan
gantihan	makiganti
gantihan	nakikiganti
gantihan	makipagpaganti
gantihan	nakikipagpaganti
gasolinahan	ginasolinahan
gasolinahan	ginagasolinahan
gasolinahan	gagasolinahan
gastusin	ginastos
gastusin	ginagastos
gastusin	gagastusin
gataan	ginataan
gataan	ginagataan
gataan	gagataan
gawan	ginawan
gawan	ginagawan
gawan	gagawan
gawan	gawin
gawan	ginagawa
gawan	inagawa
gawan	inagawan
gawan	paggawan
gawan	pinapaggawan
gawan	pinaggagawan
gawan	igawa
gawan	iginagawa
gawan	ipagawa
gawan	ipinagagawa
gawan	ipinapagawa
gawan	ipagpagawa
gawan	ipinagpapagawa
gawan	ipinapagpagawa
gawan	ikapagpagawa
gawan	ikinapagpapagawa
gawan	ikinakapagpagawa
gawan	magawa
gawan	nagagawa
gawan	magawan
gawan	nagagawan
gawan	maigawa
gawan	naigagawa
gawan	maikagawa
gawan	naikagagawa
gawan	naikakagawa
gawan	naiikagawa
gawan	mapaggawaan
gawan	napaggagawaan
gawan	napapaggawaan
gawan	maipagawa
gawan	naipagagawa
gawan	naipapagawa
gawan	naiipagawa
gawan	maipagpagawa
gawan	naipagpapagawa
gawan	naipapagpagawa
gawan	naiipagpagawa
gawan	maikapagpagawa
gawan	naikapagpapagawa
gawan	naikakapagpagawa
gawan	naiikapagpagawa
gawan	mapagpagawan
gawan	napagpapagagawan
gawan	napapagpagawan
gawan	mapapaggawan
gawan	napapapaggawan
gawan	makigawa
gawan	nakikigawa
gawan	makipagpagawa
gawan	nakikipagpagawa
gawin	ginawa
gawin	ginagawa
gawin	gagawin
gawin	inagawa
gawin	gawan
gawin	ginagawan
gawin	inagawan
gawin	paggawan
gawin	pinapaggawan
gawin	pinaggagawan
gawin	igawa
gawin	iginagawa
gawin	ipagawa
gawin	ipinagagawa
gawin	ipinapagawa
gawin	ipagpagawa
gawin	ipinagpapagawa
gawin	ipinapagpagawa
gawin	ikapagpagawa
gawin	ikinapagpapagawa
gawin	ikinakapagpagawa
gawin	magawa
gawin	nagagawa
gawin	magawan
gawin	nagagawan
gawin	maigawa
gawin	naigagawa
gawin	maikagawa
gawin	naikagagawa
gawin	naikakagawa
gawin	naiikagawa
gawin	mapaggawaan
gawin	napaggagawaan
gawin	napapaggawaan
gawin	maipagawa
gawin	naipagagawa
gawin	naipapagawa
gawin	naiipagawa
gawin	maipagpagawa
gawin	naipagpapagawa
gawin	naipapagpagawa
gawin	naiipagpagawa
gawin	maikapagpagawa
gawin	naikapagpapagawa
gawin	naikakapagpagawa
gawin	naiikapagpagawa
gawin	mapagpagawan
gawin	napagpapagagawan
gawin	napapagpagawan
gawin	mapapaggawan
gawin	napapapaggawan
gawin	makigawa
gawin	nakikigawa
gawin	makipagpagawa
gawin	nakikipagpagawa
gayahin	ginaya
gayahin	ginagaya
gayahin	gagayahin
gayumahin	ginayuma
gayumahin	ginagayuma
gayumahin	gagayumahin
gibain	giniba
gibain	ginigiba
gibain	gigibain
gibain	inagiba
gibain	paggibaan
gibain	pinapaggibaan
gibain	pinaggigibaan
gibain	igiba
gibain	iginigiba
gibain	ipagiba
gibain	ipinagigiba
gibain	ipinapagiba
gibain	ipagpagiba
gibain	ipinagpapagiba
gibain	ipinapagpagiba
gibain	ikapagpagiba
gibain	ikinapagpapagiba
gibain	ikinakapagpagiba
gibain	magiba
gibain	nagigiba
gibain	maigiba
gibain	naigigiba
gibain	maikagiba
gibain	naikagigiba
gibain	naikakagiba
gibain	naiikagiba
gibain	mapaggibaan
gibain	napaggigibaan
gibain	napapaggibaan
gibain	maipagiba
gibain	naipagigiba
gibain	naipapagiba
gibain	naiipagiba
gibain	maipagpagiba
gibain	naipagpapagiba
gibain	naipapagpagiba
gibain	naiipagpagiba
gibain	maikapagpagiba
gibain	naikapagpapagiba
gibain	naikakapagpagiba
gibain	naiikapagpagiba
gibain	mapagpagibaan
gibain	napagpapagigibaan
gibain	napapagpagibaan
gibain	mapapaggibaan
gibain	napapapaggibaan
gibain	makigiba
gibain	nakikigiba
gibain	makipagpagiba
gibain	nakikipagpagiba
ginagawa	
ginataan	
ginawa	
ginawin	gininaw
ginawin	giniginaw
ginawin	giginawin
giniikan	
giniling	
ginintuan	
ginisa	
ginulay	
gisahin	ginisa
gisahin	ginigisa
gisahin	gigisahin
gisahin	igisa
gisahin	iginigisa
gisahin	inagisa
gisahin	paggisahan
gisahin	pinapaggisahan
gisahin	pinaggigisahan
gisahin	ipaggisa
gisahin	ipinapaggisa
gisahin	ipagisa
gisahin	ipinagigisa
gisahin	ipinapagisa
gisahin	ipagpagisa
gisahin	ipinagpapagisa
gisahin	ipinapagpagisa
gisahin	ikapagpagisa
gisahin	ikinapagpapagisa
gisahin	ikinakapagpagisa
gisahin	maigisa
gisahin	naigigisa
gisahin	magisa
gisahin	nagigisa
gisahin	maipaggisa
gisahin	naipaggigisa
gisahin	naipapaggisa
gisahin	naiipaggisa
gisahin	maikapaggisa
gisahin	naikapaggigisa
gisahin	naikapapaggisa
gisahin	naiikapaggisa
gisahin	mapaggisaan
gisahin	napaggigisaan
gisahin	napapaggisaan
gisahin	maipagisa
gisahin	naipagigisa
gisahin	naipapagisa
gisahin	naiipagisa
gisahin	maipagpagisa
gisahin	naipagpapagisa
gisahin	naipapagpagisa
gisahin	naiipagpagisa
gisahin	maikapagpagisa
gisahin	naikapagpapagisa
gisahin	naikakapagpagisa
gisahin	naiikapagpagisa
gisahin	mapagpagisahan
gisahin	napagpapagigisahan
gisahin	napapagpagisahan
gisahin	mapapaggisahan
gisahin	napapapaggisahan
gisahin	makipaggisa
gisahin	nakikipaggisa
gisahin	makigisa
gisahin	nakikigisa
gisahin	makipagpagisa
gisahin	nakikipagpagisa
gitlapian	ginitlapian
gitlapian	ginigitlapian
gitlapian	gigitlapian
giyerahin	giniyera
giyerahin	ginigiyera
giyerahin	gigiyerahin
grumadweyt	gumagradweyt
grumadweyt	gagradweyt
gulangan	ginulangan
gulangan	ginugulangan
gulangan	gugulangan
gulatin	ginulat
gulatin	ginugulat
gulatin	gugulatin
gulayin	ginulay
gulayin	ginugulay
gulayin	gugulayin
gulindaan	ginulindaan
gulindaan	gugulindaan
guluhin	ginulo
guluhin	ginugulo
guluhin	guguluhin
gumabay	gumagabay
gumabay	gagabay
gumagabay	
gumagad	gumagagad
gumagad	gagagad
gumagad	gungmagagad
gumagamit	
gumagapang	
gumala	gumagala
gumala	gagala
gumala	gungmagala
gumalaw	gumagalaw
gumalaw	gagalaw
gumalaw	gungmagalaw
gumaling	gumagaling
gumaling	gagaling
gumaling	gungmagaling
gumamit	gumagamit
gumamit	gagamit
gumamit	gamitin
gumamit	ginagamit
gumamit	inagamit
gumamit	paggamitan
gumamit	pinapaggamitan
gumamit	pinaggagamitan
gumamit	igamit
gumamit	iginagamit
gumamit	ipagamit
gumamit	ipinagagamit
gumamit	ipinapagamit
gumamit	ipagpagamit
gumamit	ipinagpapagamit
gumamit	ipinapagpagamit
gumamit	ikapagpagamit
gumamit	ikinapagpapagamit
gumamit	ikinakapagpagamit
gumamit	magamit
gumamit	nagagamit
gumamit	maigamit
gumamit	naigagamit
gumamit	maikagamit
gumamit	naikagagamit
gumamit	naikakagamit
gumamit	naiikagamit
gumamit	mapaggamitan
gumamit	napaggagamitan
gumamit	napapaggamitan
gumamit	maipagamit
gumamit	naipagagamit
gumamit	naipapagamit
gumamit	naiipagamit
gumamit	maipagpagamit
gumamit	naipagpapagamit
gumamit	naipapagpagamit
gumamit	naiipagpagamit
gumamit	maikapagpagamit
gumamit	naikapagpapagamit
gumamit	naikakapagpagamit
gumamit	naiikapagpagamit
gumamit	mapagpagamitan
gumamit	napagpapagagamitan
gumamit	napapagpagamitan
gumamit	mapapaggamitan
gumamit	napapapaggamitan
gumamit	makigamit
gumamit	nakikigamit
gumamit	makipagpagamit
gumamit	nakikipagpagamit
gumanap	gumaganap
gumanap	gaganap
gumanap	gampanan
gumanap	ginagampanan
gumanap	inagampanan
gumanap	paggampanan
gumanap	pinapaggampanan
gumanap	pinaggagampanan
gumanap	iganap
gumanap	iginaganap
gumanap	ipagpaganap
gumanap	ipinagpapaganap
gumanap	ipinapagpaganap
gumanap	ikapagpaganap
gumanap	ikinapagpapaganap
gumanap	ikinakapagpaganap
gumanap	magampanan
gumanap	nagagampanan
gumanap	maiganap
gumanap	naigaganap
gumanap	maikaganap
gumanap	naikagaganap
gumanap	naikakaganap
gumanap	naiikaganap
gumanap	mapagganapan
gumanap	napaggaganapan
gumanap	napapagganapan
gumanap	maipagpaganap
gumanap	naipagpapaganap
gumanap	naipapagpaganap
gumanap	naiipagpaganap
gumanap	maikapagpaganap
gumanap	naikapagpapaganap
gumanap	naikakapagpaganap
gumanap	naiikapagpaganap
gumanap	mapagpagampanan
gumanap	napagpapagagampanan
gumanap	napapagpagampanan
gumanap	mapapaggampanan
gumanap	napapapaggampanan
gumanap	makiganap
gumanap	nakikiganap
gumanap	makipagpaganap
gumanap	nakikipagpaganap
gumanda	gumaganda
gumanda	gaganda
gumanda	gungmaganda
gumapang	gumagapang
gumapang	gagapang
gumapang	gapangin
gumapang	ginagapang
gumapang	inagapang
gumapang	gapangan
gumapang	ginagapangan
gumapang	inagapangan
gumapang	paggapangan
gumapang	pinapaggapangan
gumapang	pinaggagapangan
gumapang	igapang
gumapang	iginagapang
gumapang	ipagapang
gumapang	ipinagagapang
gumapang	ipinapagapang
gumapang	ipagpagapang
gumapang	ipinagpapagapang
gumapang	ipinapagpagapang
gumapang	ikapagpagapang
gumapang	ikinapagpapagapang
gumapang	ikinakapagpagapang
gumapang	magapang
gumapang	nagagapang
gumapang	magapangan
gumapang	nagagapangan
gumapang	maigapang
gumapang	naigagapang
gumapang	maikagapang
gumapang	naikagagapang
gumapang	naikakagapang
gumapang	naiikagapang
gumapang	mapaggapangan
gumapang	napaggagapangan
gumapang	napapaggapangan
gumapang	maipagapang
gumapang	naipagagapang
gumapang	naipapagapang
gumapang	naiipagapang
gumapang	maipagpagapang
gumapang	naipagpapagapang
gumapang	naipapagpagapang
gumapang	naiipagpagapang
gumapang	maikapagpagapang
gumapang	naikapagpapagapang
gumapang	naikakapagpagapang
gumapang	naiikapagpagapang
gumapang	mapagpagapangan
gumapang	napagpapagagapangan
gumapang	napapagpagapangan
gumapang	mapapaggapangan
gumapang	napapapaggapangan
gumapang	makigapang
gumapang	nakikigapang
gumapang	makipagpagapang
gumapang	nakikipagpagapang
gumastos	gumagastos
gumastos	gagastos
gumastos	gastusin
gumastos	ginagastos
gumastos	inagastos
gumastos	gastusan
gumastos	ginagastusan
gumastos	inagastusan
gumastos	paggastusan
gumastos	pinapaggastusan
gumastos	pinaggagastusan
gumastos	igastos
gumastos	iginagastos
gumastos	ipagastos
gumastos	ipinagagastos
gumastos	ipinapagastos
gumastos	ipagpagastos
gumastos	ipinagpapagastos
gumastos	ipinapagpagastos
gumastos	ikapagpagastos
gumastos	ikinapagpapagastos
gumastos	ikinakapagpagastos
gumastos	magastos
gumastos	nagagastos
gumastos	magastusan
gumastos	nagagastusan
gumastos	maigastos
gumastos	naigagastos
gumastos	maikagastos
gumastos	naikagagastos
gumastos	naikakagastos
gumastos	naiikagastos
gumastos	mapaggastosan
gumastos	napaggagastosan
gumastos	napapaggastosan
gumastos	maipagastos
gumastos	naipagagastos
gumastos	naipapagastos
gumastos	naiipagastos
gumastos	maipagpagastos
gumastos	naipagpapagastos
gumastos	naipapagpagastos
gumastos	naiipagpagastos
gumastos	maikapagpagastos
gumastos	naikapagpapagastos
gumastos	naikakapagpagastos
gumastos	naiikapagpagastos
gumastos	mapagpagastusan
gumastos	napagpapagagastusan
gumastos	napapagpagastusan
gumastos	mapapaggastusan
gumastos	napapapaggastusan
gumastos	makigastos
gumastos	nakikigastos
gumastos	makipagpagastos
gumastos	nakikipagpagastos
gumawa	gumagawa
gumawa	gagawa
gumawa	gawin
gumawa	ginagawa
gumawa	inagawa
gumawa	gawan
gumawa	ginagawan
gumawa	inagawan
gumawa	paggawan
gumawa	pinapaggawan
gumawa	pinaggagawan
gumawa	igawa
gumawa	iginagawa
gumawa	ipagawa
gumawa	ipinagagawa
gumawa	ipinapagawa
gumawa	ipagpagawa
gumawa	ipinagpapagawa
gumawa	ipinapagpagawa
gumawa	ikapagpagawa
gumawa	ikinapagpapagawa
gumawa	ikinakapagpagawa
gumawa	magawa
gumawa	nagagawa
gumawa	magawan
gumawa	nagagawan
gumawa	maigawa
gumawa	naigagawa
gumawa	maikagawa
gumawa	naikagagawa
gumawa	naikakagawa
gumawa	naiikagawa
gumawa	mapaggawaan
gumawa	napaggagawaan
gumawa	napapaggawaan
gumawa	maipagawa
gumawa	naipagagawa
gumawa	naipapagawa
gumawa	naiipagawa
gumawa	maipagpagawa
gumawa	naipagpapagawa
gumawa	naipapagpagawa
gumawa	naiipagpagawa
gumawa	maikapagpagawa
gumawa	naikapagpapagawa
gumawa	naikakapagpagawa
gumawa	naiikapagpagawa
gumawa	mapagpagawan
gumawa	napagpapagagawan
gumawa	napapagpagawan
gumawa	mapapaggawan
gumawa	napapapaggawan
gumawa	makigawa
gumawa	nakikigawa
gumawa	makipagpagawa
gumawa	nakikipagpagawa
gumawa-gawa	gumagawa-gawa
gumawa-gawa	gagawa-gawa
gumawa-gawa	gungmagawa-gawa
gumayak	gumagayak
gumayak	gagayak
gumayak	gungmagayak
gumilid	gumigilid
gumilid	gigilid
gumilid	gungmigilid
gumimik	gumigimik
gumimik	gigimik
gumimik	gungmigimik
gumising	gumigising
gumising	gigising
gumising	gungmigising
gumuho	gumuguho
gumuho	guguho
gumuho	gungmuguho
gumulang	gumugulang
gumulang	gugulang
gumulang	gungmugulang
gumulo	gumugulo
gumulo	gugulo
gumulo	gungmugulo
gumulong	gumugulong
gumulong	gugulong
gumulong	gungmugulong
gumuwapo	gumuguwapo
gumuwapo	guguwapo
gumuwapo	gungmuguwapo
gunitain	ginunita
gunitain	ginugunita
gunitain	gugunitain
gusto	
gutumin	ginutom
gutumin	ginugutom
gutumin	gugutumin
gutumin	inagutom
gutumin	kagutuman
gutumin	kinakagutuman
gutumin	kinagugutuman
gutumin	ipagutom
gutumin	ipinagugutom
gutumin	ipinapagutom
gutumin	ikapagpagutom
gutumin	ikinapagpapagutom
gutumin	ikinakapagpagutom
gutumin	magutom
gutumin	nagugutom
gutumin	maipagutom
gutumin	naipagugutom
gutumin	naipapagutom
gutumin	naiipagutom
gutumin	maikapagpagutom
gutumin	naikapagpapagutom
gutumin	naikakapagpagutom
gutumin	naiikapagpagutom
gutumin	makigutom
gutumin	nakikigutom
gutumin	makipagpagutom
gutumin	nakikipagpagutom
habulan	hinabulan
habulan	hinahabulan
habulan	hahabulan
habulin	hinabol
habulin	hinahabol
habulin	hahabulin
habulin	inahabol
habulin	habulan
habulin	hinahabulan
habulin	inahabulan
habulin	paghabulan
habulin	pinapaghabulan
habulin	pinaghahabulan
habulin	ihabol
habulin	inihahabol
habulin	ipahabol
habulin	ipinahahabol
habulin	ipinapahabol
habulin	ipagpahabol
habulin	ipinagpapahabol
habulin	ipinapagpahabol
habulin	ikapagpahabol
habulin	ikinapagpapahabol
habulin	ikinakapagpahabol
habulin	mahabol
habulin	nahahabol
habulin	mahabulan
habulin	nahahabulan
habulin	maihabol
habulin	naihahabol
habulin	maikahabol
habulin	naikahahabol
habulin	naikakahabol
habulin	naiikahabol
habulin	mapaghabolan
habulin	napaghahabolan
habulin	napapaghabolan
habulin	maipahabol
habulin	naipahahabol
habulin	naipapahabol
habulin	naiipahabol
habulin	maipagpahabol
habulin	naipagpapahabol
habulin	naipapagpahabol
habulin	naiipagpahabol
habulin	maikapagpahabol
habulin	naikapagpapahabol
habulin	naikakapagpahabol
habulin	naiikapagpahabol
habulin	mapagpahabulan
habulin	napagpapahahabulan
habulin	napapagpahabulan
habulin	mapapaghabulan
habulin	napapapaghabulan
habulin	makihabol
habulin	nakikihabol
habulin	makipagpahabol
habulin	nakikipagpahabol
hagdanan	hinagdanan
hagdanan	hinahagdanan
hagdanan	hahagdanan
hahagkan	
halangan	hinalangan
halangan	hinahalangan
halangan	hahalangan
halangan	inahalangan
halangan	paghalangan
halangan	pinapaghalangan
halangan	pinaghahalangan
halangan	ipaghalang
halangan	ipinapaghalang
halangan	ipagpahalang
halangan	ipinagpapahalang
halangan	ipinapagpahalang
halangan	ikapagpahalang
halangan	ikinapagpapahalang
halangan	ikinakapagpahalang
halangan	mahalangan
halangan	nahahalangan
halangan	maipaghalang
halangan	naipaghahalang
halangan	naipapaghalang
halangan	naiipaghalang
halangan	maikapaghalang
halangan	naikapaghahalang
halangan	naikapapaghalang
halangan	naiikapaghalang
halangan	mapaghalangan
halangan	napaghahalangan
halangan	napapaghalangan
halangan	maipagpahalang
halangan	naipagpapahalang
halangan	naipapagpahalang
halangan	naiipagpahalang
halangan	maikapagpahalang
halangan	naikapagpapahalang
halangan	naikakapagpahalang
halangan	naiikapagpahalang
halangan	mapagpahalangan
halangan	napagpapahahalangan
halangan	napapagpahalangan
halangan	mapapaghalangan
halangan	napapapaghalangan
halangan	makipaghalang
halangan	nakikipaghalang
halangan	makihalang
halangan	nakikihalang
halangan	makipagpahalang
halangan	nakikipagpahalang
halayin	hinalay
halayin	hinahalay
halayin	hahalayin
halayin	inahalay
halayin	panghalayan
halayin	pinanghahalayan
halayin	pinapanghalayan
halayin	ipanghalay
halayin	ipinapanghalay
halayin	ipahalay
halayin	ipinahahalay
halayin	ipinapahalay
halayin	ipagpahalay
halayin	ipinagpapahalay
halayin	ipinapagpahalay
halayin	ipapanghalay
halayin	ipinapapanghalay
halayin	ikapagpapanghalay
halayin	ikinapagpapapanghalay
halayin	ikinakapagpapanghalay
halayin	papanghalayan
halayin	pinapapanghalayan
halayin	mahalay
halayin	nahahalay
halayin	maipaalay
halayin	naipaaalay
halayin	naipapaalay
halayin	naiipaalay
halayin	maikapaalay
halayin	naikapaaalay
halayin	naikapapaalay
halayin	naiikapaalay
halayin	mapaalayan
halayin	napaaalayan
halayin	napapaalayan
halayin	maipahalay
halayin	naipahahalay
halayin	naipapahalay
halayin	naiipahalay
halayin	maipagpahalay
halayin	naipagpapahalay
halayin	naipapagpahalay
halayin	naiipagpahalay
halayin	maipapanghalay
halayin	naipapapanghalay
halayin	naiipapanghalay
halayin	maikapagpapanghalay
halayin	naikapagpapapanghalay
halayin	naikakapagpapanghalay
halayin	naiikapagpapanghalay
halayin	mapapanghalayan
halayin	napapapanghalayan
halayin	makipanghalay
halayin	nakikipanghalay
halayin	makipagpahalay
halayin	nakikipagpahalay
halikan	hinalikan
halikan	hinahalikan
halikan	hahalikan
halikan	inahalikan
halikan	paghalikan
halikan	pinapaghalikan
halikan	pinaghahalikan
halikan	ihalik
halikan	inihahalik
halikan	ipagpahalik
halikan	ipinagpapahalik
halikan	ipinapagpahalik
halikan	ikapagpahalik
halikan	ikinapagpapahalik
halikan	ikinakapagpahalik
halikan	mahalikan
halikan	nahahalikan
halikan	maihalik
halikan	naihahalik
halikan	maikahalik
halikan	naikahahalik
halikan	naikakahalik
halikan	naiikahalik
halikan	mapaghalikan
halikan	napaghahalikan
halikan	napapaghalikan
halikan	maipagpahalik
halikan	naipagpapahalik
halikan	naipapagpahalik
halikan	naiipagpahalik
halikan	maikapagpahalik
halikan	naikapagpapahalik
halikan	naikakapagpahalik
halikan	naiikapagpahalik
halikan	mapagpahalikan
halikan	napagpapahahalikan
halikan	napapagpahalikan
halikan	mapapaghalikan
halikan	napapapaghalikan
halikan	makihalik
halikan	nakikihalik
halikan	makipagpahalik
halikan	nakikipagpahalik
halughugin	hinalughog
halughugin	hinahalughog
halughugin	hahalughugin
hamakin	hinamak
hamakin	hinahamak
hamakin	hahamakin
hamakin	inahamak
hamakin	paghamakan
hamakin	pinapaghamakan
hamakin	pinaghahamakan
hamakin	ihamak
hamakin	inihahamak
hamakin	ipahamak
hamakin	ipinahahamak
hamakin	ipinapahamak
hamakin	ipagpahamak
hamakin	ipinagpapahamak
hamakin	ipinapagpahamak
hamakin	ikapagpahamak
hamakin	ikinapagpapahamak
hamakin	ikinakapagpahamak
hamakin	mahamak
hamakin	nahahamak
hamakin	maihamak
hamakin	naihahamak
hamakin	maikahamak
hamakin	naikahahamak
hamakin	naikakahamak
hamakin	naiikahamak
hamakin	mapaghamakan
hamakin	napaghahamakan
hamakin	napapaghamakan
hamakin	maipahamak
hamakin	naipahahamak
hamakin	naipapahamak
hamakin	naiipahamak
hamakin	maipagpahamak
hamakin	naipagpapahamak
hamakin	naipapagpahamak
hamakin	naiipagpahamak
hamakin	maikapagpahamak
hamakin	naikapagpapahamak
hamakin	naikakapagpahamak
hamakin	naiikapagpahamak
hamakin	mapagpahamakan
hamakin	napagpapahahamakan
hamakin	napapagpahamakan
hamakin	mapapaghamakan
hamakin	napapapaghamakan
hamakin	makihamak
hamakin	nakikihamak
hamakin	makipagpahamak
hamakin	nakikipagpahamak
hambingin	hinambing
hambingin	hinahambing
hambingin	hahambingin
hamunin	hinamon
hamunin	hinahamon
hamunin	hahamunin
hamunin	inahamon
hamunin	paghamunan
hamunin	pinapaghamunan
hamunin	pinaghahamunan
hamunin	ihamon
hamunin	inihahamon
hamunin	ipahamon
hamunin	ipinahahamon
hamunin	ipinapahamon
hamunin	ipagpahamon
hamunin	ipinagpapahamon
hamunin	ipinapagpahamon
hamunin	ikapagpahamon
hamunin	ikinapagpapahamon
hamunin	ikinakapagpahamon
hamunin	mahamon
hamunin	nahahamon
hamunin	maihamon
hamunin	naihahamon
hamunin	maikahamon
hamunin	naikahahamon
hamunin	naikakahamon
hamunin	naiikahamon
hamunin	mapaghamonan
hamunin	napaghahamonan
hamunin	napapaghamonan
hamunin	maipahamon
hamunin	naipahahamon
hamunin	naipapahamon
hamunin	naiipahamon
hamunin	maipagpahamon
hamunin	naipagpapahamon
hamunin	naipapagpahamon
hamunin	naiipagpahamon
hamunin	maikapagpahamon
hamunin	naikapagpapahamon
hamunin	naikakapagpahamon
hamunin	naiikapagpahamon
hamunin	mapagpahamunan
hamunin	napagpapahahamunan
hamunin	napapagpahamunan
hamunin	mapapaghamunan
hamunin	napapapaghamunan
hamunin	makihamon
hamunin	nakikihamon
hamunin	makipagpahamon
hamunin	nakikipagpahamon
hamunin	hamonin
hamunin	paghamonan
hamunin	pinapaghamonan
hamunin	pinaghahamonan
hamunin	ipaghamon
hamunin	ipinapaghamon
hamunin	maipaghamon
hamunin	naipaghahamon
hamunin	naipapaghamon
hamunin	naiipaghamon
hamunin	maikapaghamon
hamunin	naikapaghahamon
hamunin	naikapapaghamon
hamunin	naiikapaghamon
hamunin	mapagpahamonan
hamunin	napagpapahahamonan
hamunin	napapagpahamonan
hamunin	mapapaghamonan
hamunin	napapapaghamonan
hamunin	makipaghamon
hamunin	nakikipaghamon
hanapin	hinanap
hanapin	hinahanap
hanapin	hahanapin
hanapin	inahanap
hanapin	hanapan
hanapin	hinahanapan
hanapin	inahanapan
hanapin	paghanapan
hanapin	pinapaghanapan
hanapin	pinaghahanapan
hanapin	ihanap
hanapin	inihahanap
hanapin	ipahanap
hanapin	ipinahahanap
hanapin	ipinapahanap
hanapin	ipagpahanap
hanapin	ipinagpapahanap
hanapin	ipinapagpahanap
hanapin	ikapagpahanap
hanapin	ikinapagpapahanap
hanapin	ikinakapagpahanap
hanapin	mahanap
hanapin	nahahanap
hanapin	mahanapan
hanapin	nahahanapan
hanapin	maihanap
hanapin	naihahanap
hanapin	maikahanap
hanapin	naikahahanap
hanapin	naikakahanap
hanapin	naiikahanap
hanapin	mapaghanapan
hanapin	napaghahanapan
hanapin	napapaghanapan
hanapin	maipahanap
hanapin	naipahahanap
hanapin	naipapahanap
hanapin	naiipahanap
hanapin	maipagpahanap
hanapin	naipagpapahanap
hanapin	naipapagpahanap
hanapin	naiipagpahanap
hanapin	maikapagpahanap
hanapin	naikapagpapahanap
hanapin	naikakapagpahanap
hanapin	naiikapagpahanap
hanapin	mapagpahanapan
hanapin	napagpapahahanapan
hanapin	napapagpahanapan
hanapin	mapapaghanapan
hanapin	napapapaghanapan
hanapin	makihanap
hanapin	nakikihanap
hanapin	makipagpahanap
hanapin	nakikipagpahanap
hanayan	hinanayan
hanayan	hinahanayan
hanayan	hahanayan
handaan	hinandaan
handaan	hinahandaan
handaan	hahandaan
hangarin	hinangad
hangarin	hinahangad
hangarin	hahangarin
hangarin	inahangad
hangarin	paghangaran
hangarin	pinapaghangaran
hangarin	pinaghahangaran
hangarin	ipaghangad
hangarin	ipinapaghangad
hangarin	ipahangad
hangarin	ipinahahangad
hangarin	ipinapahangad
hangarin	ipagpahangad
hangarin	ipinagpapahangad
hangarin	ipinapagpahangad
hangarin	ikapagpahangad
hangarin	ikinapagpapahangad
hangarin	ikinakapagpahangad
hangarin	mahangad
hangarin	nahahangad
hangarin	maipaghangad
hangarin	naipaghahangad
hangarin	naipapaghangad
hangarin	naiipaghangad
hangarin	maikapaghangad
hangarin	naikapaghahangad
hangarin	naikapapaghangad
hangarin	naiikapaghangad
hangarin	mapaghangadan
hangarin	napaghahangadan
hangarin	napapaghangadan
hangarin	maipahangad
hangarin	naipahahangad
hangarin	naipapahangad
hangarin	naiipahangad
hangarin	maipagpahangad
hangarin	naipagpapahangad
hangarin	naipapagpahangad
hangarin	naiipagpahangad
hangarin	maikapagpahangad
hangarin	naikapagpapahangad
hangarin	naikakapagpahangad
hangarin	naiikapagpahangad
hangarin	mapagpahangaran
hangarin	napagpapahahangaran
hangarin	napapagpahangaran
hangarin	mapapaghangaran
hangarin	napapapaghangaran
hangarin	makipaghangad
hangarin	nakikipaghangad
hangarin	makihangad
hangarin	nakikihangad
hangarin	makipagpahangad
hangarin	nakikipagpahangad
hangganan	hinangganan
hangganan	hinahangganan
hangganan	hahangganan
hanginin	hinangin
hanginin	hinahangin
hanginin	hahanginin
hantungan	hinantungan
hantungan	hinahantungan
hantungan	hahantungan
hapunan	hinapunan
hapunan	hinahapunan
hapunan	hahapunan
harapan	hinarapan
harapan	hinaharapan
harapan	haharapan
harapin	hinarap
harapin	hinaharap
harapin	haharapin
hasain	hinasa
hasain	hinahasa
hasain	hahasain
hatakin	hinatak
hatakin	hinahatak
hatakin	hahatakin
hatiin	hinati
hatiin	hinahati
hatiin	hahatiin
hatiin	inahati
hatiin	hatian
hatiin	hinahatian
hatiin	inahatian
hatiin	paghatian
hatiin	pinapaghatian
hatiin	pinaghahatian
hatiin	ipaghati
hatiin	ipinapaghati
hatiin	ipahati
hatiin	ipinahahati
hatiin	ipinapahati
hatiin	ipagpahati
hatiin	ipinagpapahati
hatiin	ipinapagpahati
hatiin	ikapagpahati
hatiin	ikinapagpapahati
hatiin	ikinakapagpahati
hatiin	mahati
hatiin	nahahati
hatiin	mahatian
hatiin	nahahatian
hatiin	maipaghati
hatiin	naipaghahati
hatiin	naipapaghati
hatiin	naiipaghati
hatiin	maikapaghati
hatiin	naikapaghahati
hatiin	naikapapaghati
hatiin	naiikapaghati
hatiin	mapaghatian
hatiin	napaghahatian
hatiin	napapaghatian
hatiin	maipahati
hatiin	naipahahati
hatiin	naipapahati
hatiin	naiipahati
hatiin	maipagpahati
hatiin	naipagpapahati
hatiin	naipapagpahati
hatiin	naiipagpahati
hatiin	maikapagpahati
hatiin	naikapagpapahati
hatiin	naikakapagpahati
hatiin	naiikapagpahati
hatiin	mapagpahatian
hatiin	napagpapahahatian
hatiin	napapagpahatian
hatiin	mapapaghatian
hatiin	napapapaghatian
hatiin	makipaghati
hatiin	nakikipaghati
hatiin	makihati
hatiin	nakikihati
hatiin	makipagpahati
hatiin	nakikipagpahati
hawakan	hinawakan
hawakan	hinahawakan
hawakan	hahawakan
hawakan	inahawakan
hawakan	paghawakan
hawakan	pinapaghawakan
hawakan	pinaghahawakan
hawakan	ihawak
hawakan	inihahawak
hawakan	ipagpahawak
hawakan	ipinagpapahawak
hawakan	ipinapagpahawak
hawakan	ikapagpahawak
hawakan	ikinapagpapahawak
hawakan	ikinakapagpahawak
hawakan	mahawakan
hawakan	nahahawakan
hawakan	maihawak
hawakan	naihahawak
hawakan	maikahawak
hawakan	naikahahawak
hawakan	naikakahawak
hawakan	naiikahawak
hawakan	mapaghawakan
hawakan	napaghahawakan
hawakan	napapaghawakan
hawakan	maipagpahawak
hawakan	naipagpapahawak
hawakan	naipapagpahawak
hawakan	naiipagpahawak
hawakan	maikapagpahawak
hawakan	naikapagpapahawak
hawakan	naikakapagpahawak
hawakan	naiikapagpahawak
hawakan	mapagpahawakan
hawakan	napagpapahahawakan
hawakan	napapagpahawakan
hawakan	mapapaghawakan
hawakan	napapapaghawakan
hawakan	makihawak
hawakan	nakikihawak
hawakan	makipagpahawak
hawakan	nakikipagpahawak
hayaan	hinayaan
hayaan	hinahayaan
hayaan	hahayaan
higaan	hinigaan
higaan	hinihigaan
higaan	hihigaan
hihipan	
himatayin	hinimatay
himatayin	hinihimatay
himatayin	hihimatayin
himpilan	hinimpilan
himpilan	hinihimpilan
himpilan	hihimpilan
hinagkan	
hinahabol	
hinahagkan	
hinaharap	
hinakot	
hinangin	hininang
hinangin	hinihinang
hinangin	hihinangin
hinating	
hingalin	hiningal
hingalin	hinihingal
hingalin	hihingalin
hingan	hiningan
hingan	hinihingan
hingan	hihingan
hingan	inahingan
hingan	paghingan
hingan	pinapaghingan
hingan	pinaghihingan
hingan	ihingi
hingan	inihihingi
hingan	ipagpahingi
hingan	ipinagpapahingi
hingan	ipinapagpahingi
hingan	ikapagpahingi
hingan	ikinapagpapahingi
hingan	ikinakapagpahingi
hingan	mahingan
hingan	nahihingan
hingan	maihingi
hingan	naihihingi
hingan	maikahingi
hingan	naikahihingi
hingan	naikakahingi
hingan	naiikahingi
hingan	mapaghingian
hingan	napaghihingian
hingan	napapaghingian
hingan	maipagpahingi
hingan	naipagpapahingi
hingan	naipapagpahingi
hingan	naiipagpahingi
hingan	maikapagpahingi
hingan	naikapagpapahingi
hingan	naikakapagpahingi
hingan	naiikapagpahingi
hingan	mapagpahingan
hingan	napagpapahihingan
hingan	napapagpahingan
hingan	mapapaghingan
hingan	napapapaghingan
hingan	makihingi
hingan	nakikihingi
hingan	makipagpahingi
hingan	nakikipagpahingi
hingin	hiningi
hingin	hinihingi
hingin	hihingin
hingin	inahingi
hingin	paghingan
hingin	pinapaghingan
hingin	pinaghihingan
hingin	ihingi
hingin	inihihingi
hingin	ipahingi
hingin	ipinahihingi
hingin	ipinapahingi
hingin	ipagpahingi
hingin	ipinagpapahingi
hingin	ipinapagpahingi
hingin	ikapagpahingi
hingin	ikinapagpapahingi
hingin	ikinakapagpahingi
hingin	mahingi
hingin	nahihingi
hingin	maihingi
hingin	naihihingi
hingin	maikahingi
hingin	naikahihingi
hingin	naikakahingi
hingin	naiikahingi
hingin	mapaghingian
hingin	napaghihingian
hingin	napapaghingian
hingin	maipahingi
hingin	naipahihingi
hingin	naipapahingi
hingin	naiipahingi
hingin	maipagpahingi
hingin	naipagpapahingi
hingin	naipapagpahingi
hingin	naiipagpahingi
hingin	maikapagpahingi
hingin	naikapagpapahingi
hingin	naikakapagpahingi
hingin	naiikapagpahingi
hingin	mapagpahingan
hingin	napagpapahihingan
hingin	napapagpahingan
hingin	mapapaghingan
hingin	napapapaghingan
hingin	makihingi
hingin	nakikihingi
hingin	makipagpahingi
hingin	nakikipagpahingi
hinihipan	
hininga	hingahin
hininga	hinihinga
hininikan	hinininikan
hininikan	hinihininikan
hininikan	hihininikan
hintayin	hinintay
hintayin	hinihintay
hintayin	hihintayin
hintuan	hinintuan
hintuan	hinihintuan
hintuan	hihintuan
hinudas	
hinula	
hipan	hinipan
hipan	hinihipan
hipan	hihipan
hipan	inahipan
hipan	paghipan
hipan	pinapaghipan
hipan	pinaghihipan
hipan	ihihip
hipan	inihihihip
hipan	ipagpahihip
hipan	ipinagpapahihip
hipan	ipinapagpahihip
hipan	ikapagpahihip
hipan	ikinapagpapahihip
hipan	ikinakapagpahihip
hipan	mahipan
hipan	nahihipan
hipan	maihihip
hipan	naihihihip
hipan	maikahihip
hipan	naikahihihip
hipan	naikakahihip
hipan	naiikahihip
hipan	mapaghihipan
hipan	napaghihihipan
hipan	napapaghihipan
hipan	maipagpahihip
hipan	naipagpapahihip
hipan	naipapagpahihip
hipan	naiipagpahihip
hipan	maikapagpahihip
hipan	naikapagpapahihip
hipan	naikakapagpahihip
hipan	naiikapagpahihip
hipan	mapagpahipan
hipan	napagpapahihipan
hipan	napapagpahipan
hipan	mapapaghipan
hipan	napapapaghipan
hipan	makihihip
hipan	nakikihihip
hipan	makipagpahihip
hipan	nakikipagpahihip
hiraman	hiniraman
hiraman	hinihiraman
hiraman	hihiraman
hiramin	hiniram
hiramin	hinihiram
hiramin	hihiramin
hithitin	hinithit
hithitin	hinihithit
hithitin	hihithitin
hithitin	inahithit
hithitin	hithitan
hithitin	hinihithitan
hithitin	inahithitan
hithitin	paghithitan
hithitin	pinapaghithitan
hithitin	pinaghihithitan
hithitin	ihithit
hithitin	inihihithit
hithitin	ipahithit
hithitin	ipinahihithit
hithitin	ipinapahithit
hithitin	ipagpahithit
hithitin	ipinagpapahithit
hithitin	ipinapagpahithit
hithitin	ikapagpahithit
hithitin	ikinapagpapahithit
hithitin	ikinakapagpahithit
hithitin	mahithit
hithitin	nahihithit
hithitin	mahithitan
hithitin	nahihithitan
hithitin	maihithit
hithitin	naihihithit
hithitin	maikahithit
hithitin	naikahihithit
hithitin	naikakahithit
hithitin	naiikahithit
hithitin	mapaghithitan
hithitin	napaghihithitan
hithitin	napapaghithitan
hithitin	maipahithit
hithitin	naipahihithit
hithitin	naipapahithit
hithitin	naiipahithit
hithitin	maipagpahithit
hithitin	naipagpapahithit
hithitin	naipapagpahithit
hithitin	naiipagpahithit
hithitin	maikapagpahithit
hithitin	naikapagpapahithit
hithitin	naikakapagpahithit
hithitin	naiikapagpahithit
hithitin	mapagpahithitan
hithitin	napagpapahihithitan
hithitin	napapagpahithitan
hithitin	mapapaghithitan
hithitin	napapapaghithitan
hithitin	makihithit
hithitin	nakikihithit
hithitin	makipagpahithit
hithitin	nakikipagpahithit
hiyain	hiniya
hiyain	hinihiya
hiyain	hihiyain
hornalan	hinornalan
hornalan	hinohornalan
hornalan	hohornalan
hudasin	hinudas
hudasin	hinuhudas
hudasin	huhudasin
hudasin	inahudas
hudasin	panghudasan
hudasin	pinanghuhudasan
hudasin	pinapanghudasan
hudasin	ipanghudas
hudasin	ipinapanghudas
hudasin	ipahudas
hudasin	ipinahuhudas
hudasin	ipinapahudas
hudasin	ipagpahudas
hudasin	ipinagpapahudas
hudasin	ipinapagpahudas
hudasin	ipapanghudas
hudasin	ipinapapanghudas
hudasin	ikapagpapanghudas
hudasin	ikinapagpapapanghudas
hudasin	ikinakapagpapanghudas
hudasin	papanghudasan
hudasin	pinapapanghudasan
hudasin	mahudas
hudasin	nahuhudas
hudasin	maipaudas
hudasin	naipauudas
hudasin	naipapaudas
hudasin	naiipaudas
hudasin	maikapaudas
hudasin	naikapauudas
hudasin	naikapapaudas
hudasin	naiikapaudas
hudasin	mapaudasan
hudasin	napauudasan
hudasin	napapaudasan
hudasin	maipahudas
hudasin	naipahuhudas
hudasin	naipapahudas
hudasin	naiipahudas
hudasin	maipagpahudas
hudasin	naipagpapahudas
hudasin	naipapagpahudas
hudasin	naiipagpahudas
hudasin	maipapanghudas
hudasin	naipapapanghudas
hudasin	naiipapanghudas
hudasin	maikapagpapanghudas
hudasin	naikapagpapapanghudas
hudasin	naikakapagpapanghudas
hudasin	naiikapagpapanghudas
hudasin	mapapanghudasan
hudasin	napapapanghudasan
hudasin	makipanghudas
hudasin	nakikipanghudas
hudasin	makipagpahudas
hudasin	nakikipagpahudas
hugasan	hinugasan
hugasan	hinuhugasan
hugasan	huhugasan
hugasan	huhasan
hugasan	hinuhuhasan
hugasan	inahuhasan
hugasan	paghuhasan
hugasan	pinapaghuhasan
hugasan	pinaghuhuhasan
hugasan	ipaghugas
hugasan	ipinapaghugas
hugasan	ipagpahugas
hugasan	ipinagpapahugas
hugasan	ipinapagpahugas
hugasan	ikapagpahugas
hugasan	ikinapagpapahugas
hugasan	ikinakapagpahugas
hugasan	mahuhasan
hugasan	nahuhuhasan
hugasan	maipaghugas
hugasan	naipaghuhugas
hugasan	naipapaghugas
hugasan	naiipaghugas
hugasan	maikapaghugas
hugasan	naikapaghuhugas
hugasan	naikapapaghugas
hugasan	naiikapaghugas
hugasan	mapaghugasan
hugasan	napaghuhugasan
hugasan	napapaghugasan
hugasan	maipagpahugas
hugasan	naipagpapahugas
hugasan	naipapagpahugas
hugasan	naiipagpahugas
hugasan	maikapagpahugas
hugasan	naikapagpapahugas
hugasan	naikakapagpahugas
hugasan	naiikapagpahugas
hugasan	mapagpahuhasan
hugasan	napagpapahuhuhasan
hugasan	napapagpahuhasan
hugasan	mapapaghuhasan
hugasan	napapapaghuhasan
hugasan	makipaghugas
hugasan	nakikipaghugas
hugasan	makihugas
hugasan	nakikihugas
hugasan	makipagpahugas
hugasan	nakikipagpahugas
hukayin	hinukay
hukayin	hinuhukay
hukayin	huhukayin
hukayin	inahukay
hukayin	paghukayan
hukayin	pinapaghukayan
hukayin	pinaghuhukayan
hukayin	ipaghukay
hukayin	ipinapaghukay
hukayin	ipahukay
hukayin	ipinahuhukay
hukayin	ipinapahukay
hukayin	ipagpahukay
hukayin	ipinagpapahukay
hukayin	ipinapagpahukay
hukayin	ikapagpahukay
hukayin	ikinapagpapahukay
hukayin	ikinakapagpahukay
hukayin	mahukay
hukayin	nahuhukay
hukayin	maipaghukay
hukayin	naipaghuhukay
hukayin	naipapaghukay
hukayin	naiipaghukay
hukayin	maikapaghukay
hukayin	naikapaghuhukay
hukayin	naikapapaghukay
hukayin	naiikapaghukay
hukayin	mapaghukayan
hukayin	napaghuhukayan
hukayin	napapaghukayan
hukayin	maipahukay
hukayin	naipahuhukay
hukayin	naipapahukay
hukayin	naiipahukay
hukayin	maipagpahukay
hukayin	naipagpapahukay
hukayin	naipapagpahukay
hukayin	naiipagpahukay
hukayin	maikapagpahukay
hukayin	naikapagpapahukay
hukayin	naikakapagpahukay
hukayin	naiikapagpahukay
hukayin	mapagpahukayan
hukayin	napagpapahuhukayan
hukayin	napapagpahukayan
hukayin	mapapaghukayan
hukayin	napapapaghukayan
hukayin	makipaghukay
hukayin	nakikipaghukay
hukayin	makihukay
hukayin	nakikihukay
hukayin	makipagpahukay
hukayin	nakikipagpahukay
hukuman	hinukuman
hukuman	hinuhukuman
hukuman	huhukuman
hulmahin	hinulma
hulmahin	hinuhulma
hulmahin	huhulmahin
hulmahin	hulmain
hulmahin	inahulma
hulmahin	paghulmaan
hulmahin	pinapaghulmaan
hulmahin	pinaghuhulmaan
hulmahin	ihulma
hulmahin	inihuhulma
hulmahin	ipahulma
hulmahin	ipinahuhulma
hulmahin	ipinapahulma
hulmahin	ipagpahulma
hulmahin	ipinagpapahulma
hulmahin	ipinapagpahulma
hulmahin	ikapagpahulma
hulmahin	ikinapagpapahulma
hulmahin	ikinakapagpahulma
hulmahin	mahulma
hulmahin	nahuhulma
hulmahin	maihulma
hulmahin	naihuhulma
hulmahin	maikahulma
hulmahin	naikahuhulma
hulmahin	naikakahulma
hulmahin	naiikahulma
hulmahin	mapaghulmaan
hulmahin	napaghuhulmaan
hulmahin	napapaghulmaan
hulmahin	maipahulma
hulmahin	naipahuhulma
hulmahin	naipapahulma
hulmahin	naiipahulma
hulmahin	maipagpahulma
hulmahin	naipagpapahulma
hulmahin	naipapagpahulma
hulmahin	naiipagpahulma
hulmahin	maikapagpahulma
hulmahin	naikapagpapahulma
hulmahin	naikakapagpahulma
hulmahin	naiikapagpahulma
hulmahin	mapagpahulmaan
hulmahin	napagpapahuhulmaan
hulmahin	napapagpahulmaan
hulmahin	mapapaghulmaan
hulmahin	napapapaghulmaan
hulmahin	makihulma
hulmahin	nakikihulma
hulmahin	makipagpahulma
hulmahin	nakikipagpahulma
hulmahin	ipaghulma
hulmahin	ipinapaghulma
hulmahin	maipaghulma
hulmahin	naipaghuhulma
hulmahin	naipapaghulma
hulmahin	naiipaghulma
hulmahin	maikapaghulma
hulmahin	naikapaghuhulma
hulmahin	naikapapaghulma
hulmahin	naiikapaghulma
hulmahin	makipaghulma
hulmahin	nakikipaghulma
humadlang	humahadlang
humadlang	hahadlang
humadlang	hadlangan
humadlang	hinahadlangan
humadlang	inahadlangan
humadlang	paghadlangan
humadlang	pinapaghadlangan
humadlang	pinaghahadlangan
humadlang	ihadlang
humadlang	inihahadlang
humadlang	ipagpahadlang
humadlang	ipinagpapahadlang
humadlang	ipinapagpahadlang
humadlang	ikapagpahadlang
humadlang	ikinapagpapahadlang
humadlang	ikinakapagpahadlang
humadlang	mahadlangan
humadlang	nahahadlangan
humadlang	maihadlang
humadlang	naihahadlang
humadlang	maikahadlang
humadlang	naikahahadlang
humadlang	naikakahadlang
humadlang	naiikahadlang
humadlang	mapaghadlangan
humadlang	napaghahadlangan
humadlang	napapaghadlangan
humadlang	maipagpahadlang
humadlang	naipagpapahadlang
humadlang	naipapagpahadlang
humadlang	naiipagpahadlang
humadlang	maikapagpahadlang
humadlang	naikapagpapahadlang
humadlang	naikakapagpahadlang
humadlang	naiikapagpahadlang
humadlang	mapagpahadlangan
humadlang	napagpapahahadlangan
humadlang	napapagpahadlangan
humadlang	mapapaghadlangan
humadlang	napapapaghadlangan
humadlang	makihadlang
humadlang	nakikihadlang
humadlang	makipagpahadlang
humadlang	nakikipagpahadlang
humagikhik	humahagikhik
humagikhik	hahagikhik
humagikhik	hungmahagikhik
humagulgol	humahagulgol
humagulgol	hahagulgol
humagulgol	hungmahagulgol
humagulhol	humahagulhol
humagulhol	hahagulhol
humagulhol	hungmahagulhol
humalakhak	humahalakhak
humalakhak	hahalakhak
humalakhak	hungmahalakhak
humalik	humahalik
humalik	hahalik
humalik	halikan
humalik	hinahalikan
humalik	inahalikan
humalik	paghalikan
humalik	pinapaghalikan
humalik	pinaghahalikan
humalik	ihalik
humalik	inihahalik
humalik	ipagpahalik
humalik	ipinagpapahalik
humalik	ipinapagpahalik
humalik	ikapagpahalik
humalik	ikinapagpapahalik
humalik	ikinakapagpahalik
humalik	mahalikan
humalik	nahahalikan
humalik	maihalik
humalik	naihahalik
humalik	maikahalik
humalik	naikahahalik
humalik	naikakahalik
humalik	naiikahalik
humalik	mapaghalikan
humalik	napaghahalikan
humalik	napapaghalikan
humalik	maipagpahalik
humalik	naipagpapahalik
humalik	naipapagpahalik
humalik	naiipagpahalik
humalik	maikapagpahalik
humalik	naikapagpapahalik
humalik	naikakapagpahalik
humalik	naiikapagpahalik
humalik	mapagpahalikan
humalik	napagpapahahalikan
humalik	napapagpahalikan
humalik	mapapaghalikan
humalik	napapapaghalikan
humalik	makihalik
humalik	nakikihalik
humalik	makipagpahalik
humalik	nakikipagpahalik
humalili	humahalili
humalili	hahalili
humalili	halilihan
humalili	hinahalilihan
humalili	inahalilihan
humalili	paghalilihan
humalili	pinapaghalilihan
humalili	pinaghahalilihan
humalili	ihalili
humalili	inihahalili
humalili	ipagpahalili
humalili	ipinagpapahalili
humalili	ipinapagpahalili
humalili	ikapagpahalili
humalili	ikinapagpapahalili
humalili	ikinakapagpahalili
humalili	mahalilihan
humalili	nahahalilihan
humalili	maihalili
humalili	naihahalili
humalili	maikahalili
humalili	naikahahalili
humalili	naikakahalili
humalili	naiikahalili
humalili	mapaghalilian
humalili	napaghahalilian
humalili	napapaghalilian
humalili	maipagpahalili
humalili	naipagpapahalili
humalili	naipapagpahalili
humalili	naiipagpahalili
humalili	maikapagpahalili
humalili	naikapagpapahalili
humalili	naikakapagpahalili
humalili	naiikapagpahalili
humalili	mapagpahalilihan
humalili	napagpapahahalilihan
humalili	napapagpahalilihan
humalili	mapapaghalilihan
humalili	napapapaghalilihan
humalili	makihalili
humalili	nakikihalili
humalili	makipagpahalili
humalili	nakikipagpahalili
humanda	humahanda
humanda	hahanda
humanda	handain
humanda	hinahanda
humanda	inahanda
humanda	handaan
humanda	hinahandaan
humanda	inahandaan
humanda	paghandaan
humanda	pinapaghandaan
humanda	pinaghahandaan
humanda	ihanda
humanda	inihahanda
humanda	ipahanda
humanda	ipinahahanda
humanda	ipinapahanda
humanda	ipagpahanda
humanda	ipinagpapahanda
humanda	ipinapagpahanda
humanda	ikapagpahanda
humanda	ikinapagpapahanda
humanda	ikinakapagpahanda
humanda	mahanda
humanda	nahahanda
humanda	mahandaan
humanda	nahahandaan
humanda	maihanda
humanda	naihahanda
humanda	maikahanda
humanda	naikahahanda
humanda	naikakahanda
humanda	naiikahanda
humanda	mapaghandaan
humanda	napaghahandaan
humanda	napapaghandaan
humanda	maipahanda
humanda	naipahahanda
humanda	naipapahanda
humanda	naiipahanda
humanda	maipagpahanda
humanda	naipagpapahanda
humanda	naipapagpahanda
humanda	naiipagpahanda
humanda	maikapagpahanda
humanda	naikapagpapahanda
humanda	naikakapagpahanda
humanda	naiikapagpahanda
humanda	mapagpahandaan
humanda	napagpapahahandaan
humanda	napapagpahandaan
humanda	mapapaghandaan
humanda	napapapaghandaan
humanda	makihanda
humanda	nakikihanda
humanda	makipagpahanda
humanda	nakikipagpahanda
humandusay	humahandusay
humandusay	hahandusay
humandusay	hungmahandusay
humatsing	humahatsing
humatsing	hahatsing
humatsing	hungmahatsing
humawak	humahawak
humawak	hahawak
humawak	hawakan
humawak	hinahawakan
humawak	inahawakan
humawak	paghawakan
humawak	pinapaghawakan
humawak	pinaghahawakan
humawak	ihawak
humawak	inihahawak
humawak	ipagpahawak
humawak	ipinagpapahawak
humawak	ipinapagpahawak
humawak	ikapagpahawak
humawak	ikinapagpapahawak
humawak	ikinakapagpahawak
humawak	mahawakan
humawak	nahahawakan
humawak	maihawak
humawak	naihahawak
humawak	maikahawak
humawak	naikahahawak
humawak	naikakahawak
humawak	naiikahawak
humawak	mapaghawakan
humawak	napaghahawakan
humawak	napapaghawakan
humawak	maipagpahawak
humawak	naipagpapahawak
humawak	naipapagpahawak
humawak	naiipagpahawak
humawak	maikapagpahawak
humawak	naikapagpapahawak
humawak	naikakapagpahawak
humawak	naiikapagpahawak
humawak	mapagpahawakan
humawak	napagpapahahawakan
humawak	napapagpahawakan
humawak	mapapaghawakan
humawak	napapapaghawakan
humawak	makihawak
humawak	nakikihawak
humawak	makipagpahawak
humawak	nakikipagpahawak
humayo	humahayo
humayo	hahayo
humayo	hungmahayo
humiga	humihiga
humiga	hihiga
humiga	higaan
humiga	hinihigaan
humiga	inahigaan
humiga	paghigaan
humiga	pinapaghigaan
humiga	pinaghihigaan
humiga	ihiga
humiga	inihihiga
humiga	ipagpahiga
humiga	ipinagpapahiga
humiga	ipinapagpahiga
humiga	ikapagpahiga
humiga	ikinapagpapahiga
humiga	ikinakapagpahiga
humiga	mahigaan
humiga	nahihigaan
humiga	maihiga
humiga	naihihiga
humiga	maikahiga
humiga	naikahihiga
humiga	naikakahiga
humiga	naiikahiga
humiga	mapaghigaan
humiga	napaghihigaan
humiga	napapaghigaan
humiga	maipagpahiga
humiga	naipagpapahiga
humiga	naipapagpahiga
humiga	naiipagpahiga
humiga	maikapagpahiga
humiga	naikapagpapahiga
humiga	naikakapagpahiga
humiga	naiikapagpahiga
humiga	mapagpahigaan
humiga	napagpapahihigaan
humiga	napapagpahigaan
humiga	mapapaghigaan
humiga	napapapaghigaan
humiga	makihiga
humiga	nakikihiga
humiga	makipagpahiga
humiga	nakikipagpahiga
humigit	humihigit
humigit	hihigit
humigit	higitin
humigit	hinihigit
humigit	inahigit
humigit	higitan
humigit	hinihigitan
humigit	inahigitan
humigit	paghigitan
humigit	pinapaghigitan
humigit	pinaghihigitan
humigit	ihigit
humigit	inihihigit
humigit	ipahigit
humigit	ipinahihigit
humigit	ipinapahigit
humigit	ipagpahigit
humigit	ipinagpapahigit
humigit	ipinapagpahigit
humigit	ikapagpahigit
humigit	ikinapagpapahigit
humigit	ikinakapagpahigit
humigit	mahigit
humigit	nahihigit
humigit	mahigitan
humigit	nahihigitan
humigit	maihigit
humigit	naihihigit
humigit	maikahigit
humigit	naikahihigit
humigit	naikakahigit
humigit	naiikahigit
humigit	mapaghigitan
humigit	napaghihigitan
humigit	napapaghigitan
humigit	maipahigit
humigit	naipahihigit
humigit	naipapahigit
humigit	naiipahigit
humigit	maipagpahigit
humigit	naipagpapahigit
humigit	naipapagpahigit
humigit	naiipagpahigit
humigit	maikapagpahigit
humigit	naikapagpapahigit
humigit	naikakapagpahigit
humigit	naiikapagpahigit
humigit	mapagpahigitan
humigit	napagpapahihigitan
humigit	napapagpahigitan
humigit	mapapaghigitan
humigit	napapapaghigitan
humigit	makihigit
humigit	nakikihigit
humigit	makipagpahigit
humigit	nakikipagpahigit
humigop	humihigop
humigop	hihigop
humihip	humihihip
humihip	hihihip
humihip	hipan
humihip	hinihipan
humihip	inahipan
humihip	paghipan
humihip	pinapaghipan
humihip	pinaghihipan
humihip	ihihip
humihip	inihihihip
humihip	ipagpahihip
humihip	ipinagpapahihip
humihip	ipinapagpahihip
humihip	ikapagpahihip
humihip	ikinapagpapahihip
humihip	ikinakapagpahihip
humihip	mahipan
humihip	nahihipan
humihip	maihihip
humihip	naihihihip
humihip	maikahihip
humihip	naikahihihip
humihip	naikakahihip
humihip	naiikahihip
humihip	mapaghihipan
humihip	napaghihihipan
humihip	napapaghihipan
humihip	maipagpahihip
humihip	naipagpapahihip
humihip	naipapagpahihip
humihip	naiipagpahihip
humihip	maikapagpahihip
humihip	naikapagpapahihip
humihip	naikakapagpahihip
humihip	naiikapagpahihip
humihip	mapagpahipan
humihip	napagpapahihipan
humihip	napapagpahipan
humihip	mapapaghipan
humihip	napapapaghipan
humihip	makihihip
humihip	nakikihihip
humihip	makipagpahihip
humihip	nakikipagpahihip
humilab	humihilab
humilab	hihilab
humilab	hilabin
humilab	hinihilab
humilab	inahilab
humilab	paghilaban
humilab	pinapaghilaban
humilab	pinaghihilaban
humilab	ihilab
humilab	inihihilab
humilab	ipahilab
humilab	ipinahihilab
humilab	ipinapahilab
humilab	ipagpahilab
humilab	ipinagpapahilab
humilab	ipinapagpahilab
humilab	ikapagpahilab
humilab	ikinapagpapahilab
humilab	ikinakapagpahilab
humilab	mahilab
humilab	nahihilab
humilab	maihilab
humilab	naihihilab
humilab	maikahilab
humilab	naikahihilab
humilab	naikakahilab
humilab	naiikahilab
humilab	mapaghilaban
humilab	napaghihilaban
humilab	napapaghilaban
humilab	maipahilab
humilab	naipahihilab
humilab	naipapahilab
humilab	naiipahilab
humilab	maipagpahilab
humilab	naipagpapahilab
humilab	naipapagpahilab
humilab	naiipagpahilab
humilab	maikapagpahilab
humilab	naikapagpapahilab
humilab	naikakapagpahilab
humilab	naiikapagpahilab
humilab	mapagpahilaban
humilab	napagpapahihilaban
humilab	napapagpahilaban
humilab	mapapaghilaban
humilab	napapapaghilaban
humilab	makihilab
humilab	nakikihilab
humilab	makipagpahilab
humilab	nakikipagpahilab
humimas	humihimas
humimas	hihimas
humimas	hungmihimas
humina	humihina
humina	hihina
humina	hungmihina
huminga	humihinga
huminga	hihinga
huminga	ihinga
huminga	inihihinga
huminga	inahinga
huminga	hingahan
huminga	hinihingahan
huminga	inahingahan
huminga	paghingahan
huminga	pinapaghingahan
huminga	pinaghihingahan
huminga	ipahinga
huminga	ipinahihinga
huminga	ipinapahinga
huminga	ipagpahinga
huminga	ipinagpapahinga
huminga	ipinapagpahinga
huminga	ikapagpahinga
huminga	ikinapagpapahinga
huminga	ikinakapagpahinga
huminga	maihinga
huminga	naihihinga
huminga	mahingahan
huminga	nahihingahan
huminga	maikahinga
huminga	naikahihinga
huminga	naikakahinga
huminga	naiikahinga
huminga	mapaghingaan
huminga	napaghihingaan
huminga	napapaghingaan
huminga	maipahinga
huminga	naipahihinga
huminga	naipapahinga
huminga	naiipahinga
huminga	maipagpahinga
huminga	naipagpapahinga
huminga	naipapagpahinga
huminga	naiipagpahinga
huminga	maikapagpahinga
huminga	naikapagpapahinga
huminga	naikakapagpahinga
huminga	naiikapagpahinga
huminga	mapagpahingahan
huminga	napagpapahihingahan
huminga	napapagpahingahan
huminga	mapapaghingahan
huminga	napapapaghingahan
huminga	makihinga
huminga	nakikihinga
huminga	makipagpahinga
huminga	nakikipagpahinga
humingi	humihingi
humingi	hihingi
humingi	hingin
humingi	hinihingi
humingi	inahingi
humingi	hingan
humingi	hinihingan
humingi	inahingan
humingi	paghingan
humingi	pinapaghingan
humingi	pinaghihingan
humingi	ihingi
humingi	inihihingi
humingi	ipahingi
humingi	ipinahihingi
humingi	ipinapahingi
humingi	ipagpahingi
humingi	ipinagpapahingi
humingi	ipinapagpahingi
humingi	ikapagpahingi
humingi	ikinapagpapahingi
humingi	ikinakapagpahingi
humingi	mahingi
humingi	nahihingi
humingi	mahingan
humingi	nahihingan
humingi	maihingi
humingi	naihihingi
humingi	maikahingi
humingi	naikahihingi
humingi	naikakahingi
humingi	naiikahingi
humingi	mapaghingian
humingi	napaghihingian
humingi	napapaghingian
humingi	maipahingi
humingi	naipahihingi
humingi	naipapahingi
humingi	naiipahingi
humingi	maipagpahingi
humingi	naipagpapahingi
humingi	naipapagpahingi
humingi	naiipagpahingi
humingi	maikapagpahingi
humingi	naikapagpapahingi
humingi	naikakapagpahingi
humingi	naiikapagpahingi
humingi	mapagpahingan
humingi	napagpapahihingan
humingi	napapagpahingan
humingi	mapapaghingan
humingi	napapapaghingan
humingi	makihingi
humingi	nakikihingi
humingi	makipagpahingi
humingi	nakikipagpahingi
huminto	humihinto
huminto	hihinto
huminto	hintuin
huminto	hinihinto
huminto	inahinto
huminto	hintuan
huminto	hinihintuan
huminto	inahintuan
huminto	paghintuan
huminto	pinapaghintuan
huminto	pinaghihintuan
huminto	ihinto
huminto	inihihinto
huminto	ipahinto
huminto	ipinahihinto
huminto	ipinapahinto
huminto	ipagpahinto
huminto	ipinagpapahinto
huminto	ipinapagpahinto
huminto	ikapagpahinto
huminto	ikinapagpapahinto
huminto	ikinakapagpahinto
huminto	mahinto
huminto	nahihinto
huminto	mahintuan
huminto	nahihintuan
huminto	maihinto
huminto	naihihinto
huminto	maikahinto
huminto	naikahihinto
huminto	naikakahinto
huminto	naiikahinto
huminto	mapaghintoan
huminto	napaghihintoan
huminto	napapaghintoan
huminto	maipahinto
huminto	naipahihinto
huminto	naipapahinto
huminto	naiipahinto
huminto	maipagpahinto
huminto	naipagpapahinto
huminto	naipapagpahinto
huminto	naiipagpahinto
huminto	maikapagpahinto
huminto	naikapagpapahinto
huminto	naikakapagpahinto
huminto	naiikapagpahinto
huminto	mapagpahintuan
huminto	napagpapahihintuan
huminto	napapagpahintuan
huminto	mapapaghintuan
huminto	napapapaghintuan
huminto	makihinto
huminto	nakikihinto
huminto	makipagpahinto
huminto	nakikipagpahinto
humiram	humihiram
humiram	hihiram
humiram	hiramin
humiram	hinihiram
humiram	inahiram
humiram	hiraman
humiram	hinihiraman
humiram	inahiraman
humiram	paghiraman
humiram	pinapaghiraman
humiram	pinaghihiraman
humiram	ihiram
humiram	inihihiram
humiram	ipahiram
humiram	ipinahihiram
humiram	ipinapahiram
humiram	ipagpahiram
humiram	ipinagpapahiram
humiram	ipinapagpahiram
humiram	ikapagpahiram
humiram	ikinapagpapahiram
humiram	ikinakapagpahiram
humiram	mahiram
humiram	nahihiram
humiram	mahiraman
humiram	nahihiraman
humiram	maihiram
humiram	naihihiram
humiram	maikahiram
humiram	naikahihiram
humiram	naikakahiram
humiram	naiikahiram
humiram	mapaghiraman
humiram	napaghihiraman
humiram	napapaghiraman
humiram	maipahiram
humiram	naipahihiram
humiram	naipapahiram
humiram	naiipahiram
humiram	maipagpahiram
humiram	naipagpapahiram
humiram	naipapagpahiram
humiram	naiipagpahiram
humiram	maikapagpahiram
humiram	naikapagpapahiram
humiram	naikakapagpahiram
humiram	naiikapagpahiram
humiram	mapagpahiraman
humiram	napagpapahihiraman
humiram	napapagpahiraman
humiram	mapapaghiraman
humiram	napapapaghiraman
humiram	makihiram
humiram	nakikihiram
humiram	makipagpahiram
humiram	nakikipagpahiram
humirap	humihirap
humirap	hihirap
humirap	hungmihirap
humuthot	humuhuthot
humuthot	huhuthot
humuthot	huthutin
humuthot	hinuhuthot
humuthot	inahuthot
humuthot	paghuthutan
humuthot	pinapaghuthutan
humuthot	pinaghuhuthutan
humuthot	ihuthot
humuthot	inihuhuthot
humuthot	ipahuthot
humuthot	ipinahuhuthot
humuthot	ipinapahuthot
humuthot	ipagpahuthot
humuthot	ipinagpapahuthot
humuthot	ipinapagpahuthot
humuthot	ikapagpahuthot
humuthot	ikinapagpapahuthot
humuthot	ikinakapagpahuthot
humuthot	mahuthot
humuthot	nahuhuthot
humuthot	maihuthot
humuthot	naihuhuthot
humuthot	maikahuthot
humuthot	naikahuhuthot
humuthot	naikakahuthot
humuthot	naiikahuthot
humuthot	mapaghuthotan
humuthot	napaghuhuthotan
humuthot	napapaghuthotan
humuthot	maipahuthot
humuthot	naipahuhuthot
humuthot	naipapahuthot
humuthot	naiipahuthot
humuthot	maipagpahuthot
humuthot	naipagpapahuthot
humuthot	naipapagpahuthot
humuthot	naiipagpahuthot
humuthot	maikapagpahuthot
humuthot	naikapagpapahuthot
humuthot	naikakapagpahuthot
humuthot	naiikapagpahuthot
humuthot	mapagpahuthutan
humuthot	napagpapahuhuthutan
humuthot	napapagpahuthutan
humuthot	mapapaghuthutan
humuthot	napapapaghuthutan
humuthot	makihuthot
humuthot	nakikihuthot
humuthot	makipagpahuthot
humuthot	nakikipagpahuthot
husgahan	hinusgahan
husgahan	hinuhusgahan
husgahan	huhusgahan
huwag	
i-like	ini-like
i-like	inila-like
i-like	ila-like
i-post	ipinost
i-post	ipino-post
i-post	ipo-post
i-scan	ini-scan
i-scan	inii-scan
i-scan	ii-scan
i-share	ishinare
i-share	isine-share
i-share	ise-share
i-xerox	i-xinerox
i-xerox	i-xinexerox
i-xerox	i-xexerox
iaanula	
iagpang	iniagpang
iagpang	iniaagpang
iagpang	iaagpang
iandar	iniandar
iandar	iniaandar
iandar	iaandar
ianula	inianula
ianula	iniaanula
ianula	iaanula
ibaba	ibinaba
ibaba	ibinababa
ibaba	ibababa
ibabalik	
ibabaw	ibinabaw
ibabaw	ibinababaw
ibabaw	ibababaw
ibagsak	ibinagsak
ibagsak	ibinabagsak
ibagsak	ibabagsak
ibahaw	ibinahaw
ibahaw	ibinabahaw
ibahaw	ibabahaw
ibahin	iniba
ibahin	iniiba
ibahin	iibahin
ibalatkayo	ibinalatkayo
ibalatkayo	ibinabalatkayo
ibalatkayo	ibabalatkayo
ibalik	ibinalik
ibalik	ibinabalik
ibalik	ibabalik
ibalik-tanaw	ibinalik-tanaw
ibalik-tanaw	ibinabalik-tanaw
ibalik-tanaw	ibabalik-tanaw
ibanto	ibinanto
ibanto	ibinabanto
ibanto	ibabanto
ibase	ibinase
ibase	ibinabase
ibase	ibabase
ibayo	ibinayo
ibayo	ibinabayo
ibayo	ibabayo
ibenta	ibinenta
ibenta	ibinebenta
ibenta	ibebenta
ibibigay	
ibig	
ibigay	ibinigay
ibigay	ibinibigay
ibigay	ibibigay
ibigin	inibig
ibigin	iniibig
ibigin	iibigin
ibili	ibinili
ibili	ibinibili
ibili	ibibili
ibilis	ibinilis
ibilis	ibinibilis
ibilis	ibibilis
ibinabalik	
ibinalik	
ibinibigay	
ibinigay	
ibintog	ibinintog
ibintog	ibinibintog
ibintog	ibibintog
iboto	ibinoto
iboto	ibinoboto
iboto	iboboto
iboykot	ibinoykot
iboykot	ibinoboykot
iboykot	iboboykot
ibulagta	ibinulagta
ibulagta	ibinubulagta
ibulagta	ibubulagta
idaos	idinaos
idaos	idinaraos
idaos	idaraos
idausdos	idinausdos
idausdos	idinarausdos
idausdos	idarausdos
idawit	idinawit
idawit	idinadawit
idawit	idadawit
idawit	inadawit
idawit	pagdawitan
idawit	pinapagdawitan
idawit	pinagdadawitan
idawit	ipagdawit
idawit	ipinapagdawit
idawit	ipadawit
idawit	ipinadadawit
idawit	ipinapadawit
idawit	ipagpadawit
idawit	ipinagpapadawit
idawit	ipinapagpadawit
idawit	ikapagpadawit
idawit	ikinapagpapadawit
idawit	ikinakapagpadawit
idawit	maidawit
idawit	naidadawit
idawit	maipagdawit
idawit	naipagdadawit
idawit	naipapagdawit
idawit	naiipagdawit
idawit	maikapagdawit
idawit	naikapagdadawit
idawit	naikapapagdawit
idawit	naiikapagdawit
idawit	mapagdawitan
idawit	napagdadawitan
idawit	napapagdawitan
idawit	maipadawit
idawit	naipadadawit
idawit	naipapadawit
idawit	naiipadawit
idawit	maipagpadawit
idawit	naipagpapadawit
idawit	naipapagpadawit
idawit	naiipagpadawit
idawit	maikapagpadawit
idawit	naikapagpapadawit
idawit	naikakapagpadawit
idawit	naiikapagpadawit
idawit	mapagpadawitan
idawit	napagpapadadawitan
idawit	napapagpadawitan
idawit	mapapagdawitan
idawit	napapapagdawitan
idawit	makipagdawit
idawit	nakikipagdawit
idawit	makidawit
idawit	nakikidawit
idawit	makipagpadawit
idawit	nakikipagpadawit
identipikahin	inidentipika
identipikahin	iniidentipika
identipikahin	iidentipikahin
idikit	idinikit
idikit	idinidikit
idikit	ididikit
idila	idinila
idila	idinidila
idila	ididila
iendoso	iniendoso
iendoso	inieendoso
iendoso	ieendoso
igapos	iginapos
igapos	iginagapos
igapos	igagapos
igaya	iginaya
igaya	iginagaya
igaya	igagaya
igbahan	inigbahan
igbahan	iniigbahan
igbahan	iigbahan
ihagis	inihagis
ihagis	inihahagis
ihagis	ihahagis
ihalili	inihalili
ihalili	inihahalili
ihalili	ihahalili
ihalintulad	inihalintulad
ihalintulad	inihahalintulad
ihalintulad	ihahalintulad
ihambing	inihambing
ihambing	inihahambing
ihambing	ihahambing
ihandusay	inihandusay
ihandusay	inihahandusay
ihandusay	ihahandusay
ihanga	inihanga
ihanga	inihahanga
ihanga	ihahanga
ihatid-sundo	inihatid-sundo
ihatid-sundo	inihahatid-sundo
ihatid-sundo	ihahatid-sundo
ihian	inihian
ihian	iniihian
ihian	iihian
ihian	inaihian
ihian	pag-ihian
ihian	pinapag-ihian
ihian	pinag-iihian
ihian	iihi
ihian	iniiihi
ihian	ipagpaihi
ihian	ipinagpapaihi
ihian	ipinapagpaihi
ihian	ikapagpaihi
ihian	ikinapagpapaihi
ihian	ikinakapagpaihi
ihian	maihian
ihian	naiihian
ihian	maiihi
ihian	naiiihi
ihian	maikaihi
ihian	naikaiihi
ihian	naikakaihi
ihian	naiikaihi
ihian	mapag-ihian
ihian	napag-iihian
ihian	napapag-ihian
ihian	maipagpaihi
ihian	naipagpapaihi
ihian	naipapagpaihi
ihian	naiipagpaihi
ihian	maikapagpaihi
ihian	naikapagpapaihi
ihian	naikakapagpaihi
ihian	naiikapagpaihi
ihian	mapagpaihian
ihian	napagpapaiihian
ihian	napapagpaihian
ihian	mapapag-ihian
ihian	napapapag-ihian
ihian	makiihi
ihian	nakikiihi
ihian	makipagpaihi
ihian	nakikipagpaihi
ihiwalay	inihiwalay
ihiwalay	inihihiwalay
ihiwalay	ihihiwalay
iibig	
iibigin	
iinog	
iinom	
iiyak	
ikabalik	ikinabalik
ikabalik	ikinababalik
ikabalik	ikababalik
ikabalik	kinababalik
ikabalik	ikinakabalik
ikabalik	kinakabalik
ikabilanggo	ikinabilanggo
ikabilanggo	ikinabibilanggo
ikabilanggo	ikabibilanggo
ikabilanggo	kinabibilanggo
ikabilanggo	ikinakabilanggo
ikabilanggo	kinakabilanggo
ikabit	ikinabit
ikabit	ikinakabit
ikabit	ikakabit
ikagalak	ikinagalak
ikagalak	ikinagagalak
ikagalak	ikagagalak
ikagalit	ikinagalit
ikagalit	ikinagagalit
ikagalit	ikagagalit
ikagalit	kinagagalit
ikagalit	ikinakagalit
ikagalit	kinakagalit
ikahon	ikinahon
ikahon	ikinakahon
ikahon	ikakahon
ikakasal	
ikalabog	ikinalabog
ikalabog	ikinakalabog
ikalabog	ikakalabog
ikalat	ikinalat
ikalat	ikinakalat
ikalat	ikakalat
ikapayid	ikinapayid
ikapayid	ikinapapayid
ikapayid	ikapapayid
ikatha	ikinatha
ikatha	ikinakatha
ikatha	ikakatha
ikinagagalak	
ikinalat	
ikinonsidera	
ikonsidera	ikinonsidera
ikonsidera	ikinokonsidera
ikonsidera	ikokonsidera
ikuha	ikinuha
ikuha	ikinukuha
ikuha	ikukuha
ikunwa	ikinunwa
ikunwa	ikinukunwa
ikunwa	ikukunwa
ilabnaw	inilabnaw
ilabnaw	inilalabnaw
ilabnaw	ilalabnaw
ilaganap	inilaganap
ilaganap	inilalaganap
ilaganap	ilalaganap
ilagay	inilagay
ilagay	inilalagay
ilagay	ilalagay
ilaglag	inilaglag
ilaglag	inilalaglag
ilaglag	ilalaglag
ilahok	inilahok
ilahok	inilalahok
ilahok	ilalahok
ilakas	inilakas
ilakas	inilalakas
ilakas	ilalakas
ilalim	inilalim
ilalim	inilalalim
ilalim	ilalalim
ilampas	inilampas
ilampas	inilalampas
ilampas	ilalampas
ilantad	inilantad
ilantad	inilalantad
ilantad	ilalantad
ilapit	inilapit
ilapit	inilalapit
ilapit	ilalapit
ilawak	inilawak
ilawak	inilalawak
ilawak	ilalawak
ilawan	inilawan
ilawan	iniilawan
ilawan	iilawan
ilaya	inilaya
ilaya	inilalaya
ilaya	ilalaya
ilihis	inilihis
ilihis	inililihis
ilihis	ililihis
ilikas	inilikas
ilikas	inililikas
ilikas	ililikas
ilikha	inilikha
ilikha	inililikha
ilikha	ililikha
iliko	iniliko
iliko	inililiko
iliko	ililiko
ilubog	inilubog
ilubog	inilulubog
ilubog	ilulubog
iluhog	iniluhog
iluhog	iniluluhog
iluhog	iluluhog
imbentuhin	inimbento
imbentuhin	iniimbento
imbentuhin	iimbentuhin
inaaaban	
inaaban	
inaabisuhan	
inaama	
inaamyendahan	
inaantok	
inaanula	
inaarawan	
inabisuhan	
inahin	inina
inahin	iniina
inahin	iinahin
inakay	
inamyendahan	
inanak	
inano	
inanula	
inarawan	
inari	
inasal	
indahin	ininda
indahin	iniinda
indahin	iindahin
ineemyendahan	
inemyendahan	
ingudngod	inginudngod
ingudngod	inginungudngod
ingudngod	ingungudngod
ini-ref	
iniaanula	
inianula	
iniba	
inibig	
iniibig	
iniina	
iniinom	
inilubog	
ininom	
inipit	
inire-ref	
iniri	
inisin	ininis
inisin	iniinis
inisin	iinisin
inisin	inainis
inisin	pang-inisan
inisin	pinang-iinisan
inisin	pinapang-inisan
inisin	ipang-inis
inisin	ipinapang-inis
inisin	ipainis
inisin	ipinaiinis
inisin	ipinapainis
inisin	ipagpainis
inisin	ipinagpapainis
inisin	ipinapagpainis
inisin	ipapang-inis
inisin	ipinapapang-inis
inisin	ikapagpapang-inis
inisin	ikinapagpapapang-inis
inisin	ikinakapagpapang-inis
inisin	papang-inisan
inisin	pinapapang-inisan
inisin	mainis
inisin	naiinis
inisin	maipainis
inisin	naipaiinis
inisin	naipapainis
inisin	naiipainis
inisin	maikapainis
inisin	naikapaiinis
inisin	naikapapainis
inisin	naiikapainis
inisin	mapainisan
inisin	napaiinisan
inisin	napapainisan
inisin	maipagpainis
inisin	naipagpapainis
inisin	naipapagpainis
inisin	naiipagpainis
inisin	maipapang-inis
inisin	naipapapang-inis
inisin	naiipapang-inis
inisin	maikapagpapang-inis
inisin	naikapagpapapang-inis
inisin	naikakapagpapang-inis
inisin	naiikapagpapang-inis
inisin	mapapang-inisan
inisin	napapapang-inisan
inisin	makipang-inis
inisin	nakikipang-inis
inisin	makipagpainis
inisin	nakikipagpainis
initan	ininitan
initan	iniinitan
initan	iinitan
initan	inainitan
initan	pag-initan
initan	pinapag-initan
initan	pinag-iinitan
initan	ipag-init
initan	ipinapag-init
initan	ipagpainit
initan	ipinagpapainit
initan	ipinapagpainit
initan	ikapagpainit
initan	ikinapagpapainit
initan	ikinakapagpainit
initan	mainitan
initan	naiinitan
initan	maipag-init
initan	naipag-iinit
initan	naipapag-init
initan	naiipag-init
initan	maikapag-init
initan	naikapag-iinit
initan	naikapapag-init
initan	naiikapag-init
initan	mapag-initan
initan	napag-iinitan
initan	napapag-initan
initan	maipagpainit
initan	naipagpapainit
initan	naipapagpainit
initan	naiipagpainit
initan	maikapagpainit
initan	naikapagpapainit
initan	naikakapagpainit
initan	naiikapagpainit
initan	mapagpainitan
initan	napagpapaiinitan
initan	napapagpainitan
initan	mapapag-initan
initan	napapapag-initan
initan	makipag-init
initan	nakikipag-init
initan	makiinit
initan	nakikiinit
initan	makipagpainit
initan	nakikipagpainit
initin	ininit
initin	iniinit
initin	iinitin
inspeksiyunin	ininspeksiyon
inspeksiyunin	iniinspeksiyon
inspeksiyunin	iinspeksiyunin
inspeksiyunin	inainspeksiyon
inspeksiyunin	pag-inspeksiyunan
inspeksiyunin	pinapag-inspeksiyunan
inspeksiyunin	pinag-iinspeksiyunan
inspeksiyunin	ipag-inspeksiyon
inspeksiyunin	ipinapag-inspeksiyon
inspeksiyunin	ipainspeksiyon
inspeksiyunin	ipinaiinspeksiyon
inspeksiyunin	ipinapainspeksiyon
inspeksiyunin	ipagpainspeksiyon
inspeksiyunin	ipinagpapainspeksiyon
inspeksiyunin	ipinapagpainspeksiyon
inspeksiyunin	ikapagpainspeksiyon
inspeksiyunin	ikinapagpapainspeksiyon
inspeksiyunin	ikinakapagpainspeksiyon
inspeksiyunin	mainspeksiyon
inspeksiyunin	naiinspeksiyon
inspeksiyunin	maipag-inspeksiyon
inspeksiyunin	naipag-iinspeksiyon
inspeksiyunin	naipapag-inspeksiyon
inspeksiyunin	naiipag-inspeksiyon
inspeksiyunin	maikapag-inspeksiyon
inspeksiyunin	naikapag-iinspeksiyon
inspeksiyunin	naikapapag-inspeksiyon
inspeksiyunin	naiikapag-inspeksiyon
inspeksiyunin	mapag-inspeksiyonan
inspeksiyunin	napag-iinspeksiyonan
inspeksiyunin	napapag-inspeksiyonan
inspeksiyunin	maipainspeksiyon
inspeksiyunin	naipaiinspeksiyon
inspeksiyunin	naipapainspeksiyon
inspeksiyunin	naiipainspeksiyon
inspeksiyunin	maipagpainspeksiyon
inspeksiyunin	naipagpapainspeksiyon
inspeksiyunin	naipapagpainspeksiyon
inspeksiyunin	naiipagpainspeksiyon
inspeksiyunin	maikapagpainspeksiyon
inspeksiyunin	naikapagpapainspeksiyon
inspeksiyunin	naikakapagpainspeksiyon
inspeksiyunin	naiikapagpainspeksiyon
inspeksiyunin	mapagpainspeksiyunan
inspeksiyunin	napagpapaiinspeksiyunan
inspeksiyunin	napapagpainspeksiyunan
inspeksiyunin	mapapag-inspeksiyunan
inspeksiyunin	napapapag-inspeksiyunan
inspeksiyunin	makipag-inspeksiyon
inspeksiyunin	nakikipag-inspeksiyon
inspeksiyunin	makiinspeksiyon
inspeksiyunin	nakikiinspeksiyon
inspeksiyunin	makipagpainspeksiyon
inspeksiyunin	nakikipagpainspeksiyon
insulahin	ininsula
insulahin	iniinsula
insulahin	iinsulahin
interbiyuhin	ininterbiyu
interbiyuhin	iniinterbiyu
interbiyuhin	iinterbiyuhin
intindihin	inintindi
intindihin	iniintindi
intindihin	iintindihin
intindihin	inaintindi
intindihin	pag-intindihan
intindihin	pinapag-intindihan
intindihin	pinag-iintindihan
intindihin	iintindi
intindihin	iniiintindi
intindihin	ipaintindi
intindihin	ipinaiintindi
intindihin	ipinapaintindi
intindihin	ipagpaintindi
intindihin	ipinagpapaintindi
intindihin	ipinapagpaintindi
intindihin	ikapagpaintindi
intindihin	ikinapagpapaintindi
intindihin	ikinakapagpaintindi
intindihin	maintindi
intindihin	naiintindi
intindihin	maiintindi
intindihin	naiiintindi
intindihin	maikaintindi
intindihin	naikaiintindi
intindihin	naikakaintindi
intindihin	naiikaintindi
intindihin	mapag-intindian
intindihin	napag-iintindian
intindihin	napapag-intindian
intindihin	maipaintindi
intindihin	naipaiintindi
intindihin	naipapaintindi
intindihin	naiipaintindi
intindihin	maipagpaintindi
intindihin	naipagpapaintindi
intindihin	naipapagpaintindi
intindihin	naiipagpaintindi
intindihin	maikapagpaintindi
intindihin	naikapagpapaintindi
intindihin	naikakapagpaintindi
intindihin	naiikapagpaintindi
intindihin	mapagpaintindihan
intindihin	napagpapaiintindihan
intindihin	napapagpaintindihan
intindihin	mapapag-intindihan
intindihin	napapapag-intindihan
intindihin	makiintindi
intindihin	nakikiintindi
intindihin	makipagpaintindi
intindihin	nakikipagpaintindi
inuman	ininuman
inuman	iniinuman
inuman	iinuman
inuman	inumin
inuman	iniinom
inuman	inainom
inuman	inainuman
inuman	pag-inuman
inuman	pinapag-inuman
inuman	pinag-iinuman
inuman	iinom
inuman	iniiinom
inuman	ipainom
inuman	ipinaiinom
inuman	ipinapainom
inuman	ipagpainom
inuman	ipinagpapainom
inuman	ipinapagpainom
inuman	ikapagpainom
inuman	ikinapagpapainom
inuman	ikinakapagpainom
inuman	mainom
inuman	naiinom
inuman	mainuman
inuman	naiinuman
inuman	maiinom
inuman	naiiinom
inuman	maikainom
inuman	naikaiinom
inuman	naikakainom
inuman	naiikainom
inuman	mapag-inoman
inuman	napag-iinoman
inuman	napapag-inoman
inuman	maipainom
inuman	naipaiinom
inuman	naipapainom
inuman	naiipainom
inuman	maipagpainom
inuman	naipagpapainom
inuman	naipapagpainom
inuman	naiipagpainom
inuman	maikapagpainom
inuman	naikapagpapainom
inuman	naikakapagpainom
inuman	naiikapagpainom
inuman	mapagpainuman
inuman	napagpapaiinuman
inuman	napapagpainuman
inuman	mapapag-inuman
inuman	napapapag-inuman
inuman	makiinom
inuman	nakikiinom
inuman	makipagpainom
inuman	nakikipagpainom
inumin	ininom
inumin	iniinom
inumin	iinumin
inumin	inainom
inumin	inuman
inumin	iniinuman
inumin	inainuman
inumin	pag-inuman
inumin	pinapag-inuman
inumin	pinag-iinuman
inumin	iinom
inumin	iniiinom
inumin	ipainom
inumin	ipinaiinom
inumin	ipinapainom
inumin	ipagpainom
inumin	ipinagpapainom
inumin	ipinapagpainom
inumin	ikapagpainom
inumin	ikinapagpapainom
inumin	ikinakapagpainom
inumin	mainom
inumin	naiinom
inumin	mainuman
inumin	naiinuman
inumin	maiinom
inumin	naiiinom
inumin	maikainom
inumin	naikaiinom
inumin	naikakainom
inumin	naiikainom
inumin	mapag-inoman
inumin	napag-iinoman
inumin	napapag-inoman
inumin	maipainom
inumin	naipaiinom
inumin	naipapainom
inumin	naiipainom
inumin	maipagpainom
inumin	naipagpapainom
inumin	naipapagpainom
inumin	naiipagpainom
inumin	maikapagpainom
inumin	naikapagpapainom
inumin	naikakapagpainom
inumin	naiikapagpainom
inumin	mapagpainuman
inumin	napagpapaiinuman
inumin	napapagpainuman
inumin	mapapag-inuman
inumin	napapapag-inuman
inumin	makiinom
inumin	nakikiinom
inumin	makipagpainom
inumin	nakikipagpainom
inunan	
inusisa	
inuulit	
inuusisa	
inuwak	
ipaalam	ipinaalam
ipaalam	ipinaaalam
ipaalam	ipaaalam
ipaalam	ipinapaalam
ipaalam	pinapaalam
ipaayos	ipinaayos
ipaayos	ipinapaayos
ipaayos	ipapaayos
ipaayos	pinapaayos
ipabalik	ipinabalik
ipabalik	ipinapabalik
ipabalik	ipapabalik
ipabalik	pinapabalik
ipabasa	ipinabasa
ipabasa	ipinapabasa
ipabasa	ipapabasa
ipabasa	basahin
ipabasa	binabasa
ipabasa	inabasa
ipabasa	basahan
ipabasa	binabasahan
ipabasa	inabasahan
ipabasa	pagbasahan
ipabasa	pinapagbasahan
ipabasa	pinagbabasahan
ipabasa	ibasa
ipabasa	ibinabasa
ipabasa	ipinababasa
ipabasa	ipagpabasa
ipabasa	ipinagpapabasa
ipabasa	ipinapagpabasa
ipabasa	ikapagpabasa
ipabasa	ikinapagpapabasa
ipabasa	ikinakapagpabasa
ipabasa	mabasa
ipabasa	nababasa
ipabasa	mabasahan
ipabasa	nababasahan
ipabasa	maibasa
ipabasa	naibabasa
ipabasa	maikabasa
ipabasa	naikababasa
ipabasa	naikakabasa
ipabasa	naiikabasa
ipabasa	mapagbasaan
ipabasa	napagbabasaan
ipabasa	napapagbasaan
ipabasa	maipabasa
ipabasa	naipababasa
ipabasa	naipapabasa
ipabasa	naiipabasa
ipabasa	maipagpabasa
ipabasa	naipagpapabasa
ipabasa	naipapagpabasa
ipabasa	naiipagpabasa
ipabasa	maikapagpabasa
ipabasa	naikapagpapabasa
ipabasa	naikakapagpabasa
ipabasa	naiikapagpabasa
ipabasa	mapagpabasahan
ipabasa	napagpapababasahan
ipabasa	napapagpabasahan
ipabasa	mapapagbasahan
ipabasa	napapapagbasahan
ipabasa	makibasa
ipabasa	nakikibasa
ipabasa	makipagpabasa
ipabasa	nakikipagpabasa
ipabatid	ipinabatid
ipabatid	ipinababatid
ipabatid	ipababatid
ipadala	ipinadala
ipadala	ipinapadala
ipadala	ipapadala
ipadala	dalhin
ipadala	dinadala
ipadala	inadala
ipadala	dalhan
ipadala	dinadalhan
ipadala	inadalhan
ipadala	pagdalhan
ipadala	pinapagdalhan
ipadala	pinagdadalhan
ipadala	ipagdala
ipadala	ipinapagdala
ipadala	ipinadadala
ipadala	ipagpadala
ipadala	ipinagpapadala
ipadala	ipinapagpadala
ipadala	ikapagpadala
ipadala	ikinapagpapadala
ipadala	ikinakapagpadala
ipadala	madala
ipadala	nadadala
ipadala	madalhan
ipadala	nadadalhan
ipadala	maipagdala
ipadala	naipagdadala
ipadala	naipapagdala
ipadala	naiipagdala
ipadala	maikapagdala
ipadala	naikapagdadala
ipadala	naikapapagdala
ipadala	naiikapagdala
ipadala	mapagdalaan
ipadala	napagdadalaan
ipadala	napapagdalaan
ipadala	maipadala
ipadala	naipadadala
ipadala	naipapadala
ipadala	naiipadala
ipadala	maipagpadala
ipadala	naipagpapadala
ipadala	naipapagpadala
ipadala	naiipagpadala
ipadala	maikapagpadala
ipadala	naikapagpapadala
ipadala	naikakapagpadala
ipadala	naiikapagpadala
ipadala	mapagpadalhan
ipadala	napagpapadadalhan
ipadala	napapagpadalhan
ipadala	mapapagdalhan
ipadala	napapapagdalhan
ipadala	makipagdala
ipadala	nakikipagdala
ipadala	makidala
ipadala	nakikidala
ipadala	makipagpadala
ipadala	nakikipagpadala
ipadama	ipinadama
ipadama	ipinadarama
ipadama	ipadarama
ipagawa	ipinagawa
ipagawa	ipinagagawa
ipagawa	ipagagawa
ipagawa	gawin
ipagawa	ginagawa
ipagawa	inagawa
ipagawa	gawan
ipagawa	ginagawan
ipagawa	inagawan
ipagawa	paggawan
ipagawa	pinapaggawan
ipagawa	pinaggagawan
ipagawa	igawa
ipagawa	iginagawa
ipagawa	ipinapagawa
ipagawa	ipagpagawa
ipagawa	ipinagpapagawa
ipagawa	ipinapagpagawa
ipagawa	ikapagpagawa
ipagawa	ikinapagpapagawa
ipagawa	ikinakapagpagawa
ipagawa	magawa
ipagawa	nagagawa
ipagawa	magawan
ipagawa	nagagawan
ipagawa	maigawa
ipagawa	naigagawa
ipagawa	maikagawa
ipagawa	naikagagawa
ipagawa	naikakagawa
ipagawa	naiikagawa
ipagawa	mapaggawaan
ipagawa	napaggagawaan
ipagawa	napapaggawaan
ipagawa	maipagawa
ipagawa	naipagagawa
ipagawa	naipapagawa
ipagawa	naiipagawa
ipagawa	maipagpagawa
ipagawa	naipagpapagawa
ipagawa	naipapagpagawa
ipagawa	naiipagpagawa
ipagawa	maikapagpagawa
ipagawa	naikapagpapagawa
ipagawa	naikakapagpagawa
ipagawa	naiikapagpagawa
ipagawa	mapagpagawan
ipagawa	napagpapagagawan
ipagawa	napapagpagawan
ipagawa	mapapaggawan
ipagawa	napapapaggawan
ipagawa	makigawa
ipagawa	nakikigawa
ipagawa	makipagpagawa
ipagawa	nakikipagpagawa
ipagbalatkayo	ipinagbalatkayo
ipagbalatkayo	ipinagbabalatkayo
ipagbalatkayo	ipagbabalatkayo
ipagbigay-alam	ipinagbigay-alam
ipagbigay-alam	ipinagbibigay-alam
ipagbigay-alam	ipagbibigay-alam
ipagbilin	ipinagbilin
ipagbilin	ipinagbibilin
ipagbilin	ipagbibilin
ipagbilin	pinagbibilin
ipagkaiba	ipinagkaiba
ipagkaiba	ipinagkakaiba
ipagkaiba	ipagkakaiba
ipagkaisa	ipinagkaisa
ipagkaisa	ipinagkakaisa
ipagkaisa	ipagkakaisa
ipagkait	ipinagkait
ipagkait	ipinagkakait
ipagkait	ipagkakait
ipagkait	ipinagkarait
ipagkait	pinagkarait
ipagkasundo	ipinagkasundo
ipagkasundo	ipinagkakasundo
ipagkasundo	ipagkakasundo
ipagkibit-balikat	ipinagkibit-balikat
ipagkibit-balikat	ipinapagkibit-balikat
ipagkibit-balikat	ipapagkibit-balikat
ipagkibit-balikat	ipinagkikibit-balikat
ipagkibit-balikat	pinagkikibit-balikat
ipagkunwa	ipinagkunwa
ipagkunwa	ipinagkukunwa
ipagkunwa	ipagkukunwa
ipagkunwa	pinagkukunwa
ipagkunwari	ipinagkunwari
ipagkunwari	ipinagkukunwari
ipagkunwari	ipagkukunwari
ipagkunwari	pinagkukunwari
ipaglaban	ipinaglaban
ipaglaban	ipinaglalaban
ipaglaban	ipaglalaban
ipagmalaki	ipinagmalaki
ipagmalaki	ipinagmamalaki
ipagmalaki	ipagmamalaki
ipagmalaki	pinagmamalaki
ipagmayabang	ipinagmayabang
ipagmayabang	ipinagmamayabang
ipagmayabang	ipagmamayabang
ipagmayabang	pinagmamayabang
ipagnilay	ipinagnilay
ipagnilay	ipinagninilay
ipagnilay	ipagninilay
ipagpaiba-iba	ipinagpaiba-iba
ipagpaiba-iba	ipinagpapaiba-iba
ipagpaiba-iba	ipagpapaiba-iba
ipagpanggap	ipinagpanggap
ipagpanggap	ipinagpapanggap
ipagpanggap	ipagpapanggap
ipagpanggap	pinagpapanggap
ipagsama	ipinagsama
ipagsama	ipinagsasama
ipagsama	ipagsasama
ipagsanggalang	ipinagsanggalang
ipagsanggalang	ipinagsasanggalang
ipagsanggalang	ipagsasanggalang
ipagsanggalang	pinagsasanggalang
ipagsawalang-bahala	ipinagsawalang-bahala
ipagsawalang-bahala	ipinagsasawalang-bahala
ipagsawalang-bahala	ipagsasawalang-bahala
ipagsawalang-bahala	pinagsasawalang-bahala
ipagtanggol	ipinagtanggol
ipagtanggol	ipinagtatanggol
ipagtanggol	ipagtatanggol
ipagtapat	ipinagtapat
ipagtapat	ipinagtatapat
ipagtapat	ipagtatapat
ipagtapat	pinagtatapat
ipagwagi	ipinagwagi
ipagwagi	ipinagwawagi
ipagwagi	ipagwawagi
ipagwagi	pinagwawagi
ipahalata	ipinahalata
ipahalata	ipinahahalata
ipahalata	ipahahalata
ipahiwatig	ipinahiwatig
ipahiwatig	ipinahihiwatig
ipahiwatig	ipahihiwatig
ipaiba-iba	ipinaiba-iba
ipaiba-iba	ipinaiiba-iba
ipaiba-iba	ipaiiba-iba
ipaintindi	ipinaintindi
ipaintindi	ipinapaintindi
ipaintindi	ipapaintindi
ipaintindi	intindihin
ipaintindi	iniintindi
ipaintindi	inaintindi
ipaintindi	pag-intindihan
ipaintindi	pinapag-intindihan
ipaintindi	pinag-iintindihan
ipaintindi	iintindi
ipaintindi	iniiintindi
ipaintindi	ipinaiintindi
ipaintindi	ipagpaintindi
ipaintindi	ipinagpapaintindi
ipaintindi	ipinapagpaintindi
ipaintindi	ikapagpaintindi
ipaintindi	ikinapagpapaintindi
ipaintindi	ikinakapagpaintindi
ipaintindi	maintindi
ipaintindi	naiintindi
ipaintindi	maiintindi
ipaintindi	naiiintindi
ipaintindi	maikaintindi
ipaintindi	naikaiintindi
ipaintindi	naikakaintindi
ipaintindi	naiikaintindi
ipaintindi	mapag-intindian
ipaintindi	napag-iintindian
ipaintindi	napapag-intindian
ipaintindi	maipaintindi
ipaintindi	naipaiintindi
ipaintindi	naipapaintindi
ipaintindi	naiipaintindi
ipaintindi	maipagpaintindi
ipaintindi	naipagpapaintindi
ipaintindi	naipapagpaintindi
ipaintindi	naiipagpaintindi
ipaintindi	maikapagpaintindi
ipaintindi	naikapagpapaintindi
ipaintindi	naikakapagpaintindi
ipaintindi	naiikapagpaintindi
ipaintindi	mapagpaintindihan
ipaintindi	napagpapaiintindihan
ipaintindi	napapagpaintindihan
ipaintindi	mapapag-intindihan
ipaintindi	napapapag-intindihan
ipaintindi	makiintindi
ipaintindi	nakikiintindi
ipaintindi	makipagpaintindi
ipaintindi	nakikipagpaintindi
ipakahulugan	ipinakahulugan
ipakahulugan	ipinapakahulugan
ipakahulugan	ipapakahulugan
ipakausap	ipinakausap
ipakausap	ipinapakausap
ipakausap	ipapakausap
ipakausap	pinapakausap
ipakita	ipinakita
ipakita	ipinapakita
ipakita	ipapakita
ipakita	pinapakita
ipakuha	ipinakuha
ipakuha	ipinapakuha
ipakuha	ipapakuha
ipakuha	kunin
ipakuha	kinukuha
ipakuha	inakuha
ipakuha	kunan
ipakuha	kinukunan
ipakuha	inakunan
ipakuha	pagkunan
ipakuha	pinapagkunan
ipakuha	pinagkukunan
ipakuha	ikuha
ipakuha	ikinukuha
ipakuha	ipinakukuha
ipakuha	ipagpakuha
ipakuha	ipinagpapakuha
ipakuha	ipinapagpakuha
ipakuha	ikapagpakuha
ipakuha	ikinapagpapakuha
ipakuha	ikinakapagpakuha
ipakuha	makuha
ipakuha	nakukuha
ipakuha	makunan
ipakuha	nakukunan
ipakuha	maikuha
ipakuha	naikukuha
ipakuha	maikakuha
ipakuha	naikakukuha
ipakuha	naikakakuha
ipakuha	naiikakuha
ipakuha	mapagkuhaan
ipakuha	napagkukuhaan
ipakuha	napapagkuhaan
ipakuha	maipakuha
ipakuha	naipakukuha
ipakuha	naipapakuha
ipakuha	naiipakuha
ipakuha	maipagpakuha
ipakuha	naipagpapakuha
ipakuha	naipapagpakuha
ipakuha	naiipagpakuha
ipakuha	maikapagpakuha
ipakuha	naikapagpapakuha
ipakuha	naikakapagpakuha
ipakuha	naiikapagpakuha
ipakuha	mapagpakunan
ipakuha	napagpapakukunan
ipakuha	napapagpakunan
ipakuha	mapapagkunan
ipakuha	napapapagkunan
ipakuha	makikuha
ipakuha	nakikikuha
ipakuha	makipagpakuha
ipakuha	nakikipagpakuha
ipaliban	ipinaliban
ipaliban	ipinapaliban
ipaliban	ipapaliban
ipalinaw	ipinalinaw
ipalinaw	ipinalilinaw
ipalinaw	ipalilinaw
ipalinis	ipinalinis
ipalinis	ipinapalinis
ipalinis	ipapalinis
ipalinis	linisin
ipalinis	nililinis
ipalinis	inalinis
ipalinis	paglinisan
ipalinis	pinapaglinisan
ipalinis	pinaglilinisan
ipalinis	ipaglinis
ipalinis	ipinapaglinis
ipalinis	ipinalilinis
ipalinis	ipagpalinis
ipalinis	ipinagpapalinis
ipalinis	ipinapagpalinis
ipalinis	ikapagpalinis
ipalinis	ikinapagpapalinis
ipalinis	ikinakapagpalinis
ipalinis	malinis
ipalinis	nalilinis
ipalinis	maipaglinis
ipalinis	naipaglilinis
ipalinis	naipapaglinis
ipalinis	naiipaglinis
ipalinis	maikapaglinis
ipalinis	naikapaglilinis
ipalinis	naikapapaglinis
ipalinis	naiikapaglinis
ipalinis	mapaglinisan
ipalinis	napaglilinisan
ipalinis	napapaglinisan
ipalinis	maipalinis
ipalinis	naipalilinis
ipalinis	naipapalinis
ipalinis	naiipalinis
ipalinis	maipagpalinis
ipalinis	naipagpapalinis
ipalinis	naipapagpalinis
ipalinis	naiipagpalinis
ipalinis	maikapagpalinis
ipalinis	naikapagpapalinis
ipalinis	naikakapagpalinis
ipalinis	naiikapagpalinis
ipalinis	mapagpalinisan
ipalinis	napagpapalilinisan
ipalinis	napapagpalinisan
ipalinis	mapapaglinisan
ipalinis	napapapaglinisan
ipalinis	makipaglinis
ipalinis	nakikipaglinis
ipalinis	makilinis
ipalinis	nakikilinis
ipalinis	makipagpalinis
ipalinis	nakikipagpalinis
ipalit	ipinalit
ipalit	ipinapalit
ipalit	ipapalit
ipaliwanag	ipinaliwanag
ipaliwanag	ipinaliliwanag
ipaliwanag	ipaliliwanag
ipamagitan	ipinamagitan
ipamagitan	ipinamamagitan
ipamagitan	ipamamagitan
ipamahagi	
ipamigay	ipinamigay
ipamigay	ipinapamigay
ipamigay	ipapamigay
ipamigay	ipinamimigay
ipamigay	pamigyan
ipamigay	pinamimigyan
ipamigay	pinapamigyan
ipamigay	ipagpabigay
ipamigay	ipinagpapabigay
ipamigay	ipinapagpabigay
ipamigay	ipinapapamigay
ipamigay	ikapagpapamigay
ipamigay	ikinapagpapapamigay
ipamigay	ikinakapagpapamigay
ipamigay	papamigyan
ipamigay	pinapapamigyan
ipamigay	maipamigay
ipamigay	naipamimigay
ipamigay	naipapamigay
ipamigay	naiipamigay
ipamigay	maipaigay
ipamigay	naipaiigay
ipamigay	naipapaigay
ipamigay	naiipaigay
ipamigay	maikapaigay
ipamigay	naikapaiigay
ipamigay	naikapapaigay
ipamigay	naiikapaigay
ipamigay	mapaigayan
ipamigay	napaiigayan
ipamigay	napapaigayan
ipamigay	maipagpabigay
ipamigay	naipagpapabigay
ipamigay	naipapagpabigay
ipamigay	naiipagpabigay
ipamigay	maipapamigay
ipamigay	naipapapamigay
ipamigay	naiipapamigay
ipamigay	maikapagpapamigay
ipamigay	naikapagpapapamigay
ipamigay	naikakapagpapamigay
ipamigay	naiikapagpapamigay
ipamigay	mapapamigyan
ipamigay	napapapamigyan
ipamigay	makipamigay
ipamigay	nakikipamigay
ipamigay	makipagpabigay
ipamigay	nakikipagpabigay
ipampatay	ipinampatay
ipampatay	ipinampapatay
ipampatay	ipampapatay
ipamukha	ipinamukha
ipamukha	ipinamumukha
ipamukha	ipamumukha
ipandagdag	ipinandagdag
ipandagdag	ipinapandagdag
ipandagdag	ipapandagdag
ipangako	ipinangako
ipangako	ipinangangako
ipangako	ipangangako
ipangako	ipinapangako
ipanotaryo	ipinanotaryo
ipanotaryo	ipinapanotaryo
ipanotaryo	ipapanotaryo
ipanotaryo	pinapanotaryo
ipantakip	ipinantakip
ipantakip	ipinapantakip
ipantakip	ipapantakip
ipapapatay	
ipapatay	ipinapatay
ipapatay	ipinapapatay
ipapatay	ipapapatay
ipaputol	ipinaputol
ipaputol	ipinapuputol
ipaputol	ipapuputol
iparusa	ipinarusa
iparusa	ipinaparusa
iparusa	ipaparusa
ipasabi	ipinasabi
ipasabi	ipinasasabi
ipasabi	ipasasabi
ipasadya	ipinasadya
ipasadya	ipinasasadya
ipasadya	ipasasadya
ipasagot	ipinasagot
ipasagot	ipinapasagot
ipasagot	ipapasagot
ipasagot	sagutin
ipasagot	sinasagot
ipasagot	inasagot
ipasagot	sagutan
ipasagot	sinasagutan
ipasagot	inasagutan
ipasagot	pagsagutan
ipasagot	pinapagsagutan
ipasagot	pinagsasagutan
ipasagot	isagot
ipasagot	isinasagot
ipasagot	ipinasasagot
ipasagot	ipagpasagot
ipasagot	ipinagpapasagot
ipasagot	ipinapagpasagot
ipasagot	ikapagpasagot
ipasagot	ikinapagpapasagot
ipasagot	ikinakapagpasagot
ipasagot	masagot
ipasagot	nasasagot
ipasagot	masagutan
ipasagot	nasasagutan
ipasagot	maisagot
ipasagot	naisasagot
ipasagot	maikasagot
ipasagot	naikasasagot
ipasagot	naikakasagot
ipasagot	naiikasagot
ipasagot	mapagsagotan
ipasagot	napagsasagotan
ipasagot	napapagsagotan
ipasagot	maipasagot
ipasagot	naipasasagot
ipasagot	naipapasagot
ipasagot	naiipasagot
ipasagot	maipagpasagot
ipasagot	naipagpapasagot
ipasagot	naipapagpasagot
ipasagot	naiipagpasagot
ipasagot	maikapagpasagot
ipasagot	naikapagpapasagot
ipasagot	naikakapagpasagot
ipasagot	naiikapagpasagot
ipasagot	mapagpasagutan
ipasagot	napagpapasasagutan
ipasagot	napapagpasagutan
ipasagot	mapapagsagutan
ipasagot	napapapagsagutan
ipasagot	makisagot
ipasagot	nakikisagot
ipasagot	makipagpasagot
ipasagot	nakikipagpasagot
ipasimula	ipinasimula
ipasimula	ipinasisimula
ipasimula	ipasisimula
ipasok	ipinasok
ipasok	ipinapasok
ipasok	ipapasok
ipatalastas	ipinatalastas
ipatalastas	ipinatatalastas
ipatalastas	ipatatalastas
ipatanggal	ipinatanggal
ipatanggal	ipinapatanggal
ipatanggal	ipapatanggal
ipatanggal	tanggalin
ipatanggal	tinatanggal
ipatanggal	inatanggal
ipatanggal	tanggalan
ipatanggal	tinatanggalan
ipatanggal	inatanggalan
ipatanggal	pagtanggalan
ipatanggal	pinapagtanggalan
ipatanggal	pinagtatanggalan
ipatanggal	ipagtanggal
ipatanggal	ipinapagtanggal
ipatanggal	ipinatatanggal
ipatanggal	ipagpatanggal
ipatanggal	ipinagpapatanggal
ipatanggal	ipinapagpatanggal
ipatanggal	ikapagpatanggal
ipatanggal	ikinapagpapatanggal
ipatanggal	ikinakapagpatanggal
ipatanggal	matanggal
ipatanggal	natatanggal
ipatanggal	matanggalan
ipatanggal	natatanggalan
ipatanggal	maipagtanggal
ipatanggal	naipagtatanggal
ipatanggal	naipapagtanggal
ipatanggal	naiipagtanggal
ipatanggal	maikapagtanggal
ipatanggal	naikapagtatanggal
ipatanggal	naikapapagtanggal
ipatanggal	naiikapagtanggal
ipatanggal	mapagtanggalan
ipatanggal	napagtatanggalan
ipatanggal	napapagtanggalan
ipatanggal	maipatanggal
ipatanggal	naipatatanggal
ipatanggal	naipapatanggal
ipatanggal	naiipatanggal
ipatanggal	maipagpatanggal
ipatanggal	naipagpapatanggal
ipatanggal	naipapagpatanggal
ipatanggal	naiipagpatanggal
ipatanggal	maikapagpatanggal
ipatanggal	naikapagpapatanggal
ipatanggal	naikakapagpatanggal
ipatanggal	naiikapagpatanggal
ipatanggal	mapagpatanggalan
ipatanggal	napagpapatatanggalan
ipatanggal	napapagpatanggalan
ipatanggal	mapapagtanggalan
ipatanggal	napapapagtanggalan
ipatanggal	makipagtanggal
ipatanggal	nakikipagtanggal
ipatanggal	makitanggal
ipatanggal	nakikitanggal
ipatanggal	makipagpatanggal
ipatanggal	nakikipagpatanggal
ipatapon	ipinatapon
ipatapon	ipinapatapon
ipatapon	ipapatapon
ipatapon	tapunin
ipatapon	tinatapon
ipatapon	inatapon
ipatapon	tapunan
ipatapon	tinatapunan
ipatapon	inatapunan
ipatapon	pagtapunan
ipatapon	pinapagtapunan
ipatapon	pinagtatapunan
ipatapon	ipagtapon
ipatapon	ipinapagtapon
ipatapon	ipinatatapon
ipatapon	ipagpatapon
ipatapon	ipinagpapatapon
ipatapon	ipinapagpatapon
ipatapon	ikapagpatapon
ipatapon	ikinapagpapatapon
ipatapon	ikinakapagpatapon
ipatapon	matapon
ipatapon	natatapon
ipatapon	matapunan
ipatapon	natatapunan
ipatapon	maipagtapon
ipatapon	naipagtatapon
ipatapon	naipapagtapon
ipatapon	naiipagtapon
ipatapon	maikapagtapon
ipatapon	naikapagtatapon
ipatapon	naikapapagtapon
ipatapon	naiikapagtapon
ipatapon	mapagtaponan
ipatapon	napagtataponan
ipatapon	napapagtaponan
ipatapon	maipatapon
ipatapon	naipatatapon
ipatapon	naipapatapon
ipatapon	naiipatapon
ipatapon	maipagpatapon
ipatapon	naipagpapatapon
ipatapon	naipapagpatapon
ipatapon	naiipagpatapon
ipatapon	maikapagpatapon
ipatapon	naikapagpapatapon
ipatapon	naikakapagpatapon
ipatapon	naiikapagpatapon
ipatapon	mapagpatapunan
ipatapon	napagpapatatapunan
ipatapon	napapagpatapunan
ipatapon	mapapagtapunan
ipatapon	napapapagtapunan
ipatapon	makipagtapon
ipatapon	nakikipagtapon
ipatapon	makitapon
ipatapon	nakikitapon
ipatapon	makipagpatapon
ipatapon	nakikipagpatapon
ipatatag	ipinatatag
ipatatag	ipinatatatag
ipatatag	ipatatatag
ipatay	ipinatay
ipatay	ipinapatay
ipatay	ipapatay
ipatong	ipinatong
ipatong	ipinapatong
ipatong	ipapatong
ipatotoo	ipinatotoo
ipatotoo	ipinatototoo
ipatotoo	ipatototoo
ipatunay	ipinatunay
ipatunay	ipinapatunay
ipatunay	ipapatunay
ipatunay	pinapatunay
ipatungkol	ipinatungkol
ipatungkol	ipinatutungkol
ipatungkol	ipatutungkol
ipatupad	ipinatupad
ipatupad	ipinatutupad
ipatupad	ipatutupad
ipawalang-bisa	ipinawalang-bisa
ipawalang-bisa	ipinawawalang-bisa
ipawalang-bisa	ipawawalang-bisa
ipawalang-bisa	ipinapawalang-bisa
ipawalang-bisa	pinapawalang-bisa
ipinaglaban	
ipinagtanggol	
ipinaiba-iba	
ipinapapatay	
ipinapatay	
ipinasimula	
ipinatay	
ipinatunay	
ipino-post	
ipinost	
ipintig	ipinintig
ipintig	ipinipintig
ipintig	ipipintig
ipitan	inipitan
ipitan	iniipitan
ipitan	iipitan
ipo-post	
ipunin	inipon
ipunin	iniipon
ipunin	iipunin
ipunin	inaipon
ipunin	pag-ipunan
ipunin	pinapag-ipunan
ipunin	pinag-iipunan
ipunin	ipag-ipon
ipunin	ipinapag-ipon
ipunin	ipaipon
ipunin	ipinaiipon
ipunin	ipinapaipon
ipunin	ipagpaipon
ipunin	ipinagpapaipon
ipunin	ipinapagpaipon
ipunin	ikapagpaipon
ipunin	ikinapagpapaipon
ipunin	ikinakapagpaipon
ipunin	maipon
ipunin	naiipon
ipunin	maipag-ipon
ipunin	naipag-iipon
ipunin	naipapag-ipon
ipunin	naiipag-ipon
ipunin	maikapag-ipon
ipunin	naikapag-iipon
ipunin	naikapapag-ipon
ipunin	naiikapag-ipon
ipunin	mapag-iponan
ipunin	napag-iiponan
ipunin	napapag-iponan
ipunin	maipaipon
ipunin	naipaiipon
ipunin	naipapaipon
ipunin	naiipaipon
ipunin	maipagpaipon
ipunin	naipagpapaipon
ipunin	naipapagpaipon
ipunin	naiipagpaipon
ipunin	maikapagpaipon
ipunin	naikapagpapaipon
ipunin	naikakapagpaipon
ipunin	naiikapagpaipon
ipunin	mapagpaipunan
ipunin	napagpapaiipunan
ipunin	napapagpaipunan
ipunin	mapapag-ipunan
ipunin	napapapag-ipunan
ipunin	makipag-ipon
ipunin	nakikipag-ipon
ipunin	makiipon
ipunin	nakikiipon
ipunin	makipagpaipon
ipunin	nakikipagpaipon
ipuwesto	ipinuwesto
ipuwesto	ipinupuwesto
ipuwesto	ipupuwesto
iragilap	iniragilap
iragilap	iniraragilap
iragilap	iraragilap
ire-ref	
irebisa	inirebisa
irebisa	inirerebisa
irebisa	irerebisa
irekomenda	inirekomenda
irekomenda	inirerekomenda
irekomenda	irerekomenda
irekomenda	pagrekomendahan
irekomenda	pinapagrekomendahan
irekomenda	pinagrerekomendahan
irekomenda	ipagrekomenda
irekomenda	ipinapagrekomenda
irekomenda	ipagparekomenda
irekomenda	ipinagpaparekomenda
irekomenda	ipinapagparekomenda
irekomenda	ikapagparekomenda
irekomenda	ikinapagpaparekomenda
irekomenda	ikinakapagparekomenda
irekomenda	maipagrekomenda
irekomenda	naipagrerekomenda
irekomenda	naipapagrekomenda
irekomenda	naiipagrekomenda
irekomenda	maikapagrekomenda
irekomenda	naikapagrerekomenda
irekomenda	naikapapagrekomenda
irekomenda	naiikapagrekomenda
irekomenda	mapagrekomendaan
irekomenda	napagrerekomendaan
irekomenda	napapagrekomendaan
irekomenda	maipagparekomenda
irekomenda	naipagpaparekomenda
irekomenda	naipapagparekomenda
irekomenda	naiipagparekomenda
irekomenda	maikapagparekomenda
irekomenda	naikapagpaparekomenda
irekomenda	naikakapagparekomenda
irekomenda	naiikapagparekomenda
irekomenda	mapagparekomendahan
irekomenda	napagpaparerekomendahan
irekomenda	napapagparekomendahan
irekomenda	mapapagrekomendahan
irekomenda	napapapagrekomendahan
irekomenda	makipagrekomenda
irekomenda	nakikipagrekomenda
irekomenda	makirekomenda
irekomenda	nakikirekomenda
irekomenda	makipagparekomenda
irekomenda	nakikipagparekomenda
irihin	iniri
irihin	iniiri
irihin	iirihin
irihin	iriin
is	
isa-isahin	inisa-isa
isa-isahin	iniisa-isa
isa-isahin	iisa-isahin
isaalang-alang	isinaalang-alang
isaalang-alang	isinasaalang-alang
isaalang-alang	isasaalang-alang
isaanyo	isinaanyo
isaanyo	isinasaanyo
isaanyo	isasaanyo
isaayos	isinaayos
isaayos	isinasaayos
isaayos	isasaayos
isabay	isinabay
isabay	isinasabay
isabay	isasabay
isabog	isinabog
isabog	isinasabog
isabog	isasabog
isabuhay	isinabuhay
isabuhay	isinasabuhay
isabuhay	isasabuhay
isadiwa	isinadiwa
isadiwa	isinasadiwa
isadiwa	isasadiwa
isadula	isinadula
isadula	isinasadula
isadula	isasadula
isagawa	isinagawa
isagawa	isinasagawa
isagawa	isasagawa
isahan	inisahan
isahan	iniisahan
isahan	iisahan
isahin	inisa
isahin	iniisa
isahin	iisahin
isaisip	isinaisip
isaisip	isinasaisip
isaisip	isasaisip
isakatuparan	isinakatuparan
isakatuparan	isinasakatuparan
isakatuparan	isasakatuparan
isakay	isinakay
isakay	isinasakay
isakay	isasakay
isaksak	isinaksak
isaksak	isinasaksak
isaksak	isasaksak
isalarawan	isinalarawan
isalarawan	isinasalarawan
isalarawan	isasalarawan
isalba	isinalba
isalba	isinasalba
isalba	isasalba
isali	isinali
isali	isinasali
isali	isasali
isama	isinama
isama	isinasama
isama	isasama
isanggalang	isinanggalang
isanggalang	isinasanggalang
isanggalang	isasanggalang
isangkot	isinangkot
isangkot	isinasangkot
isangkot	isasangkot
isangla	isinangla
isangla	isinasangla
isangla	isasangla
isanobela	isinanobela
isanobela	isinasanobela
isanobela	isasanobela
isantabi	isinantabi
isantabi	isinasantabi
isantabi	isasantabi
isapanahon	isinapanahon
isapanahon	isinasapanahon
isapanahon	isasapanahon
isapelikula	isinapelikula
isapelikula	isinasapelikula
isapelikula	isasapelikula
isapinal	isinapinal
isapinal	isinasapinal
isapinal	isasapinal
isapribado	isinapribado
isapribado	isinasapribado
isapribado	isasapribado
isapubliko	isinapubliko
isapubliko	isinasapubliko
isapubliko	isasapubliko
isapubliko	pagsasapubliko
isapuso	isinapuso
isapuso	isinasapuso
isapuso	isasapuso
isara	isinara
isara	isinasara
isara	isasara
isasaayos	
isasantabi	
isauli	isinauli
isauli	isinasauli
isauli	isasauli
isaulo	isinaulo
isaulo	isinasaulo
isaulo	isasaulo
iset	isinet
iset	isineset
iset	iseset
ishinare	
isigan	inisigan
isigan	iniisigan
isigan	iisigan
isikdo	isinikdo
isikdo	isinisikdo
isikdo	isisikdo
isiklab	isiniklab
isiklab	isinisiklab
isiklab	isisiklab
isinaanyo	
isinaayos	
isinama	
isinantabi	
isinasaayos	
isinasantabi	
isine-share	
isingit	isiningit
isingit	isinisingit
isingit	isisingit
isipan	inisipan
isipan	iniisipan
isipan	iisipan
isipin	inisip
isipin	iniisip
isipin	iisipin
isisi	isinisi
isisi	isinisisi
isisi	isisisi
isnabin	inisnab
isnabin	iniisnab
isnabin	iisnabin
isuksok	isinuksok
isuksok	isinusuksok
isuksok	isusuksok
isulat	isinulat
isulat	isinusulat
isulat	isusulat
isumbong	isinumbong
isumbong	isinusumbong
isumbong	isusumbong
isumpa	isinumpa
isumpa	isinusumpa
isumpa	isusumpa
isuot	isinuot
isuot	isinusuot
isuot	isusuot
itaas	itinaas
itaas	itinataas
itaas	itataas
itaboy	itinaboy
itaboy	itinataboy
itaboy	itataboy
itago	itinago
itago	itinatago
itago	itatago
itakas	itinakas
itakas	itinatakas
itakas	itatakas
itala	itinala
itala	itinatala
itala	itatala
itali	itinali
itali	itinatali
itali	itatali
italik	itinalik
italik	itinatalik
italik	itatalik
itanggi	itinaggi
itanggi	itinatanggi
itanggi	itatanggi
itanim	itinanim
itanim	itinatanim
itanim	itatanim
itapat	itinapat
itapat	itinatapat
itapat	itatapat
itapon	itinapon
itapon	itinatapon
itapon	itatapon
itatag	itinatag
itatag	itinatatag
itatag	itatatag
itatakas	
itinakas	
itinalik	
itinanim	
itinatakas	
itindi	itinindi
itindi	itinitindi
itindi	ititindi
itiwalag	itiniwalag
itiwalag	itinitiwalag
itiwalag	ititiwalag
itubig	itinubig
itubig	itinutubig
itubig	itutubig
itulad	itinulad
itulad	itinutulad
itulad	itutulad
itulog	itinulog
itulog	itinutulog
itulog	itutulog
iunlad	iniunlad
iunlad	iniuunlad
iunlad	iuunlad
iusli	iniusli
iusli	iniuusli
iusli	iuusli
iuwi	iniuwi
iuwi	iniuuwi
iuwi	iuuwi
iwan	iniwan
iwan	iniiwan
iwan	iiwan
iwanan	iniwanan
iwanan	iniiwanan
iwanan	iiwanan
kaawaan	kinaawaan
kaawaan	kinaaawaan
kaawaan	kaaawaan
kabibili	
kaburatahin	kinaburata
kaburatahin	kinakaburata
kaburatahin	kakaburatahin
kagigising	
kagisnan	kinagisnan
kagisnan	kinagigisnan
kagisnan	kagigisnan
kahabagan	kinahabagan
kahabagan	kinahahabagan
kahabagan	kahahabagan
kahigin	kinahig
kahigin	kinakahig
kahigin	kakahigin
kahihinatnan	
kahihiwas	
kahinatnan	kinahinatnan
kahinatnan	kinahihinatnan
kahinatnan	kahihinatnan
kaibiganin	kinaibigan
kaibiganin	kinakaibigan
kaibiganin	kakaibiganin
kailanganin	kinailangan
kailanganin	kinakailangan
kailanganin	kakailanganin
kailanganin	inakailangan
kailanganin	pangailanganan
kailanganin	pinangangailanganan
kailanganin	pinapangailanganan
kailanganin	ipangailangan
kailanganin	ipinapangailangan
kailanganin	ipakailangan
kailanganin	ipinakakailangan
kailanganin	ipinapakailangan
kailanganin	ipagpakailangan
kailanganin	ipinagpapakailangan
kailanganin	ipinapagpakailangan
kailanganin	ipapangailangan
kailanganin	ipinapapangailangan
kailanganin	ikapagpapangailangan
kailanganin	ikinapagpapapangailangan
kailanganin	ikinakapagpapangailangan
kailanganin	papangailanganan
kailanganin	pinapapangailanganan
kailanganin	makailangan
kailanganin	nakakailangan
kailanganin	maipaailangan
kailanganin	naipaaailangan
kailanganin	naipapaailangan
kailanganin	naiipaailangan
kailanganin	maikapaailangan
kailanganin	naikapaaailangan
kailanganin	naikapapaailangan
kailanganin	naiikapaailangan
kailanganin	mapaailanganan
kailanganin	napaaailanganan
kailanganin	napapaailanganan
kailanganin	maipakailangan
kailanganin	naipakakailangan
kailanganin	naipapakailangan
kailanganin	naiipakailangan
kailanganin	maipagpakailangan
kailanganin	naipagpapakailangan
kailanganin	naipapagpakailangan
kailanganin	naiipagpakailangan
kailanganin	maipapangailangan
kailanganin	naipapapangailangan
kailanganin	naiipapangailangan
kailanganin	maikapagpapangailangan
kailanganin	naikapagpapapangailangan
kailanganin	naikakapagpapangailangan
kailanganin	naiikapagpapangailangan
kailanganin	mapapangailanganan
kailanganin	napapapangailanganan
kailanganin	makipangailangan
kailanganin	nakikipangailangan
kailanganin	makipagpakailangan
kailanganin	nakikipagpakailangan
kainan	kinainan
kainan	kinakainan
kainan	kakainan
kainin	kinain
kainin	kinakain
kainin	kakainin
kakabig	
kakagat	
kakain	
kakainan	
kakainin	
kakakain	
kakampi	
kakanan	
kakapitan	
kakastiguhin	
kakawayan	
kakukuwento	
kalabanin	kinalaban
kalabanin	kinakalaban
kalabanin	kakalabanin
kalabitin	kinalabit
kalabitin	kinakalabit
kalabitin	kakalabitin
kaladkarin	kinaladkad
kaladkarin	kinakaladkad
kaladkarin	kakaladkarin
kalakihan	kinalakihan
kalakihan	kinalalakihan
kalakihan	kalalakihan
kalalakihan	
kalawangin	kinalawang
kalawangin	kinakalawang
kalawangin	kakalawangin
kalawangin	trigger
kaliligaw	
kalimutan	kinalimutan
kalimutan	kinalilimutan
kalimutan	kalilimutan
kalimutan	kalimotan
kalimutan	kinakalimotan
kamayan	kinamayan
kamayan	kinakamayan
kamayan	kakamayan
kandaduhan	kinandaduhan
kandaduhan	kinakandaduhan
kandaduhan	kakandaduhan
kandaduhan	inakandaduhan
kandaduhan	pagkandaduhan
kandaduhan	pinapagkandaduhan
kandaduhan	pinagkakandaduhan
kandaduhan	ipagkandado
kandaduhan	ipinapagkandado
kandaduhan	ipagpakandado
kandaduhan	ipinagpapakandado
kandaduhan	ipinapagpakandado
kandaduhan	ikapagpakandado
kandaduhan	ikinapagpapakandado
kandaduhan	ikinakapagpakandado
kandaduhan	makandaduhan
kandaduhan	nakakandaduhan
kandaduhan	maipagkandado
kandaduhan	naipagkakandado
kandaduhan	naipapagkandado
kandaduhan	naiipagkandado
kandaduhan	maikapagkandado
kandaduhan	naikapagkakandado
kandaduhan	naikapapagkandado
kandaduhan	naiikapagkandado
kandaduhan	mapagkandadoan
kandaduhan	napagkakandadoan
kandaduhan	napapagkandadoan
kandaduhan	maipagpakandado
kandaduhan	naipagpapakandado
kandaduhan	naipapagpakandado
kandaduhan	naiipagpakandado
kandaduhan	maikapagpakandado
kandaduhan	naikapagpapakandado
kandaduhan	naikakapagpakandado
kandaduhan	naiikapagpakandado
kandaduhan	mapagpakandaduhan
kandaduhan	napagpapakakandaduhan
kandaduhan	napapagpakandaduhan
kandaduhan	mapapagkandaduhan
kandaduhan	napapapagkandaduhan
kandaduhan	makipagkandado
kandaduhan	nakikipagkandado
kandaduhan	makikandado
kandaduhan	nakikikandado
kandaduhan	makipagpakandado
kandaduhan	nakikipagpakandado
kantahan	kinakantahan
kantahin	kinanta
kantahin	kinakanta
kantahin	kakantahin
kantutin	kinantot
kantutin	kinakantot
kantutin	kakantutin
kapaghihiwas	
kapain	kinapa
kapain	kinakapa
kapain	kakapain
kapalan	kinapalan
kapalan	kinakapalan
kapalan	kakapalan
kapitan	kinapitan
kapitan	kinakapitan
kapitan	kakapitan
kapkapan	kinapkapan
kapkapan	kinakapkapan
kapkapan	kakapkapan
kararampot	
karirin	kinarir
karirin	kinakarir
karirin	kakaririn
karmahin	kinarma
karmahin	kinakarma
karmahin	kakarmahin
karumihan	kinarumihan
karumihan	kinarurumihan
karumihan	karurumihan
kasamahin	kinasama
kasamahin	kinakasama
kasamahin	kakasamahin
kastiguhin	kinastigo
kastiguhin	kinakastigo
kastiguhin	kakastiguhin
katawanin	kinatawan
katawanin	kinakatawan
katawanin	kakatawanin
katayin	kinatay
katayin	kinakatay
katayin	kakatayin
katayin	inakatay
katayin	pagkatayan
katayin	pinapagkatayan
katayin	pinagkakatayan
katayin	ipagkatay
katayin	ipinapagkatay
katayin	ipakatay
katayin	ipinakakatay
katayin	ipinapakatay
katayin	ipagpakatay
katayin	ipinagpapakatay
katayin	ipinapagpakatay
katayin	ikapagpakatay
katayin	ikinapagpapakatay
katayin	ikinakapagpakatay
katayin	makatay
katayin	nakakatay
katayin	maipagkatay
katayin	naipagkakatay
katayin	naipapagkatay
katayin	naiipagkatay
katayin	maikapagkatay
katayin	naikapagkakatay
katayin	naikapapagkatay
katayin	naiikapagkatay
katayin	mapagkatayan
katayin	napagkakatayan
katayin	napapagkatayan
katayin	maipakatay
katayin	naipakakatay
katayin	naipapakatay
katayin	naiipakatay
katayin	maipagpakatay
katayin	naipagpapakatay
katayin	naipapagpakatay
katayin	naiipagpakatay
katayin	maikapagpakatay
katayin	naikapagpapakatay
katayin	naikakapagpakatay
katayin	naiikapagpakatay
katayin	mapagpakatayan
katayin	napagpapakakatayan
katayin	napapagpakatayan
katayin	mapapagkatayan
katayin	napapapagkatayan
katayin	makipagkatay
katayin	nakikipagkatay
katayin	makikatay
katayin	nakikikatay
katayin	makipagpakatay
katayin	nakikipagpakatay
katigan	kinatigan
katigan	kinakatigan
katigan	kakatigan
katigan	inakatigan
katigan	pagkatigan
katigan	pinapagkatigan
katigan	pinagkakatigan
katigan	ikatig
katigan	ikinakatig
katigan	ipagpakatig
katigan	ipinagpapakatig
katigan	ipinapagpakatig
katigan	ikapagpakatig
katigan	ikinapagpapakatig
katigan	ikinakapagpakatig
katigan	makatigan
katigan	nakakatigan
katigan	maikatig
katigan	naikakatig
katigan	maikakatig
katigan	naikakakatig
katigan	naiikakatig
katigan	mapagkatigan
katigan	napagkakatigan
katigan	napapagkatigan
katigan	maipagpakatig
katigan	naipagpapakatig
katigan	naipapagpakatig
katigan	naiipagpakatig
katigan	maikapagpakatig
katigan	naikapagpapakatig
katigan	naikakapagpakatig
katigan	naiikapagpakatig
katigan	mapagpakatigan
katigan	napagpapakakatigan
katigan	napapagpakatigan
katigan	mapapagkatigan
katigan	napapapagkatigan
katigan	makikatig
katigan	nakikikatig
katigan	makipagpakatig
katigan	nakikipagpakatig
kausapin	kinausap
kausapin	kinakausap
kausapin	kakausapin
kawatan	kinawatan
kawatan	kinakawatan
kawatan	kakawatan
kawayan	kinawayan
kawayan	kinakawayan
kawayan	kakawayan
kawkawin	kinawkaw
kawkawin	kinakawkaw
kawkawin	kakawkawin
ketongin	kinetong
ketongin	kineketong
ketongin	keketongin
ketsapan	kinetsapan
ketsapan	kineketsapan
ketsapan	keketsapan
kikilan	kinikilan
kikilan	kinikikilan
kikilan	kikikilan
kikilan	inakikilan
kikilan	pangikilan
kikilan	pinangingikilan
kikilan	pinapangikilan
kikilan	ipangikil
kikilan	ipinapangikil
kikilan	ipagpakikil
kikilan	ipinagpapakikil
kikilan	ipinapagpakikil
kikilan	ipapangikil
kikilan	ipinapapangikil
kikilan	ikapagpapangikil
kikilan	ikinapagpapapangikil
kikilan	ikinakapagpapangikil
kikilan	papangikilan
kikilan	pinapapangikilan
kikilan	makikilan
kikilan	nakikikilan
kikilan	maipaikil
kikilan	naipaiikil
kikilan	naipapaikil
kikilan	naiipaikil
kikilan	maikapaikil
kikilan	naikapaiikil
kikilan	naikapapaikil
kikilan	naiikapaikil
kikilan	mapaikilan
kikilan	napaiikilan
kikilan	napapaikilan
kikilan	maipagpakikil
kikilan	naipagpapakikil
kikilan	naipapagpakikil
kikilan	naiipagpakikil
kikilan	maipapangikil
kikilan	naipapapangikil
kikilan	naiipapangikil
kikilan	maikapagpapangikil
kikilan	naikapagpapapangikil
kikilan	naikakapagpapangikil
kikilan	naiikapagpapangikil
kikilan	mapapangikilan
kikilan	napapapangikilan
kikilan	makipangikil
kikilan	nakikipangikil
kikilan	makipagpakikil
kikilan	nakikipagpakikil
kikiligin	
kilabutan	kinilabutan
kilabutan	kinikilabutan
kilabutan	kikilabutan
kilawin	kinilaw
kilawin	kinikilaw
kilawin	kikilawin
kiligin	kinilig
kiligin	kinikilig
kiligin	kikiligin
kilitiin	kiniliti
kilitiin	kinikiliti
kilitiin	kikilitiin
kilitiin	inakiliti
kilitiin	pangilitian
kilitiin	pinangingilitian
kilitiin	pinapangilitian
kilitiin	ipangiliti
kilitiin	ipinapangiliti
kilitiin	ipakiliti
kilitiin	ipinakikiliti
kilitiin	ipinapakiliti
kilitiin	ipagpakiliti
kilitiin	ipinagpapakiliti
kilitiin	ipinapagpakiliti
kilitiin	ipapangiliti
kilitiin	ipinapapangiliti
kilitiin	ikapagpapangiliti
kilitiin	ikinapagpapapangiliti
kilitiin	ikinakapagpapangiliti
kilitiin	papangilitian
kilitiin	pinapapangilitian
kilitiin	makiliti
kilitiin	nakikiliti
kilitiin	maipailiti
kilitiin	naipaiiliti
kilitiin	naipapailiti
kilitiin	naiipailiti
kilitiin	maikapailiti
kilitiin	naikapaiiliti
kilitiin	naikapapailiti
kilitiin	naiikapailiti
kilitiin	mapailitian
kilitiin	napaiilitian
kilitiin	napapailitian
kilitiin	maipakiliti
kilitiin	naipakikiliti
kilitiin	naipapakiliti
kilitiin	naiipakiliti
kilitiin	maipagpakiliti
kilitiin	naipagpapakiliti
kilitiin	naipapagpakiliti
kilitiin	naiipagpakiliti
kilitiin	maipapangiliti
kilitiin	naipapapangiliti
kilitiin	naiipapangiliti
kilitiin	maikapagpapangiliti
kilitiin	naikapagpapapangiliti
kilitiin	naikakapagpapangiliti
kilitiin	naiikapagpapangiliti
kilitiin	mapapangilitian
kilitiin	napapapangilitian
kilitiin	makipangiliti
kilitiin	nakikipangiliti
kilitiin	makipagpakiliti
kilitiin	nakikipagpakiliti
kilusan	kinilusan
kilusan	kinikilusan
kilusan	kikilusan
kinahig	
kinahinatnan	
kinain	
kinakain	
kinakapatid	
kinakastigo	
kinakausap	
kinakawayan	
kinastigo	
kinatawan	
kinawayan	
kinikilig	
kinilig	
kinokonsenti	
kinokontak	
kinonsenti	
kinontak	
kinopya	
kinudkod	
kinukudkod	
kiya	
kokonsentihin	
kokontakin	
koloran	kinoloran
koloran	kinokoloran
koloran	kokoloran
kondenahin	kinondena
kondenahin	kinokondena
kondenahin	kokondenahin
konsentihin	kinonsenti
konsentihin	kinokonsenti
konsentihin	kokonsentihin
konsentihin	inakonsenti
konsentihin	pangonsentihan
konsentihin	pinangongonsentihan
konsentihin	pinapangonsentihan
konsentihin	ipangonsenti
konsentihin	ipinapangonsenti
konsentihin	ipakonsenti
konsentihin	ipinakokonsenti
konsentihin	ipinapakonsenti
konsentihin	ipagpakonsenti
konsentihin	ipinagpapakonsenti
konsentihin	ipinapagpakonsenti
konsentihin	ipapangonsenti
konsentihin	ipinapapangonsenti
konsentihin	ikapagpapangonsenti
konsentihin	ikinapagpapapangonsenti
konsentihin	ikinakapagpapangonsenti
konsentihin	papangonsentihan
konsentihin	pinapapangonsentihan
konsentihin	makonsenti
konsentihin	nakokonsenti
konsentihin	maipaonsenti
konsentihin	naipaoonsenti
konsentihin	naipapaonsenti
konsentihin	naiipaonsenti
konsentihin	maikapaonsenti
konsentihin	naikapaoonsenti
konsentihin	naikapapaonsenti
konsentihin	naiikapaonsenti
konsentihin	mapaonsentian
konsentihin	napaoonsentian
konsentihin	napapaonsentian
konsentihin	maipakonsenti
konsentihin	naipakokonsenti
konsentihin	naipapakonsenti
konsentihin	naiipakonsenti
konsentihin	maipagpakonsenti
konsentihin	naipagpapakonsenti
konsentihin	naipapagpakonsenti
konsentihin	naiipagpakonsenti
konsentihin	maipapangonsenti
konsentihin	naipapapangonsenti
konsentihin	naiipapangonsenti
konsentihin	maikapagpapangonsenti
konsentihin	naikapagpapapangonsenti
konsentihin	naikakapagpapangonsenti
konsentihin	naiikapagpapangonsenti
konsentihin	mapapangonsentihan
konsentihin	napapapangonsentihan
konsentihin	makipangonsenti
konsentihin	nakikipangonsenti
konsentihin	makipagpakonsenti
konsentihin	nakikipagpakonsenti
konsiderahin	kinonsidera
konsiderahin	kinokonsidera
konsiderahin	kokonsiderahin
kontakin	kinontak
kontakin	kinokontak
kontakin	kokontakin
kopyahin	kinopya
kopyahin	kinokopya
kopyahin	kokopyahin
kopyahin	inakopya
kopyahin	pagkopyahan
kopyahin	pinapagkopyahan
kopyahin	pinagkokopyahan
kopyahin	ikopya
kopyahin	ikinokopya
kopyahin	ipakopya
kopyahin	ipinakokopya
kopyahin	ipinapakopya
kopyahin	ipagpakopya
kopyahin	ipinagpapakopya
kopyahin	ipinapagpakopya
kopyahin	ikapagpakopya
kopyahin	ikinapagpapakopya
kopyahin	ikinakapagpakopya
kopyahin	makopya
kopyahin	nakokopya
kopyahin	maikopya
kopyahin	naikokopya
kopyahin	maikakopya
kopyahin	naikakokopya
kopyahin	naikakakopya
kopyahin	naiikakopya
kopyahin	mapagkopyaan
kopyahin	napagkokopyaan
kopyahin	napapagkopyaan
kopyahin	maipakopya
kopyahin	naipakokopya
kopyahin	naipapakopya
kopyahin	naiipakopya
kopyahin	maipagpakopya
kopyahin	naipagpapakopya
kopyahin	naipapagpakopya
kopyahin	naiipagpakopya
kopyahin	maikapagpakopya
kopyahin	naikapagpapakopya
kopyahin	naikakapagpakopya
kopyahin	naiikapagpakopya
kopyahin	mapagpakopyahan
kopyahin	napagpapakokopyahan
kopyahin	napapagpakopyahan
kopyahin	mapapagkopyahan
kopyahin	napapapagkopyahan
kopyahin	makikopya
kopyahin	nakikikopya
kopyahin	makipagpakopya
kopyahin	nakikipagpakopya
kopyahin	pangopyahan
kopyahin	pinangongopyahan
kopyahin	pinapangopyahan
kopyahin	ipangopya
kopyahin	ipinapangopya
kopyahin	ipapangopya
kopyahin	ipinapapangopya
kopyahin	ikapagpapangopya
kopyahin	ikinapagpapapangopya
kopyahin	ikinakapagpapangopya
kopyahin	papangopyahan
kopyahin	pinapapangopyahan
kopyahin	maipaopya
kopyahin	naipaoopya
kopyahin	naipapaopya
kopyahin	naiipaopya
kopyahin	maikapaopya
kopyahin	naikapaoopya
kopyahin	naikapapaopya
kopyahin	naiikapaopya
kopyahin	mapaopyaan
kopyahin	napaoopyaan
kopyahin	napapaopyaan
kopyahin	maipapangopya
kopyahin	naipapapangopya
kopyahin	naiipapangopya
kopyahin	maikapagpapangopya
kopyahin	naikapagpapapangopya
kopyahin	naikakapagpapangopya
kopyahin	naiikapagpapangopya
kopyahin	mapapangopyahan
kopyahin	napapapangopyahan
kopyahin	makipangopya
kopyahin	nakikipangopya
koronahan	kinoronahan
koronahan	kinokoronahan
koronahan	kokoronahan
koryentehin	kinoryente
koryentehin	kinokoryente
koryentehin	kokoryentehin
kudkurin	kinudkod
kudkurin	kinukudkod
kudkurin	kukudkurin
kukudkurin	
kukuha	
kukunan	
kukupas	
kukutsarahin	
kulatahin	kinulata
kulatahin	kinukulata
kulatahin	kukulatahin
kumabig	kumakabig
kumabig	kakabig
kumabig	kabigin
kumabig	kinakabig
kumabig	inakabig
kumabig	pagkabigan
kumabig	pinapagkabigan
kumabig	pinagkakabigan
kumabig	ikabig
kumabig	ikinakabig
kumabig	ipakabig
kumabig	ipinakakabig
kumabig	ipinapakabig
kumabig	ipagpakabig
kumabig	ipinagpapakabig
kumabig	ipinapagpakabig
kumabig	ikapagpakabig
kumabig	ikinapagpapakabig
kumabig	ikinakapagpakabig
kumabig	makabig
kumabig	nakakabig
kumabig	maikabig
kumabig	naikakabig
kumabig	maikakabig
kumabig	naikakakabig
kumabig	naiikakabig
kumabig	mapagkabigan
kumabig	napagkakabigan
kumabig	napapagkabigan
kumabig	maipakabig
kumabig	naipakakabig
kumabig	naipapakabig
kumabig	naiipakabig
kumabig	maipagpakabig
kumabig	naipagpapakabig
kumabig	naipapagpakabig
kumabig	naiipagpakabig
kumabig	maikapagpakabig
kumabig	naikapagpapakabig
kumabig	naikakapagpakabig
kumabig	naiikapagpakabig
kumabig	mapagpakabigan
kumabig	napagpapakakabigan
kumabig	napapagpakabigan
kumabig	mapapagkabigan
kumabig	napapapagkabigan
kumabig	makikabig
kumabig	nakikikabig
kumabig	makipagpakabig
kumabig	nakikipagpakabig
kumagat	kumakagat
kumagat	kakagat
kumagat	kagatin
kumagat	kinakagat
kumagat	inakagat
kumagat	kagatan
kumagat	kinakagatan
kumagat	inakagatan
kumagat	pagkagatan
kumagat	pinapagkagatan
kumagat	pinagkakagatan
kumagat	ikagat
kumagat	ikinakagat
kumagat	ipakagat
kumagat	ipinakakagat
kumagat	ipinapakagat
kumagat	ipagpakagat
kumagat	ipinagpapakagat
kumagat	ipinapagpakagat
kumagat	ikapagpakagat
kumagat	ikinapagpapakagat
kumagat	ikinakapagpakagat
kumagat	makagat
kumagat	nakakagat
kumagat	makagatan
kumagat	nakakagatan
kumagat	maikagat
kumagat	naikakagat
kumagat	maikakagat
kumagat	naikakakagat
kumagat	naiikakagat
kumagat	mapagkagatan
kumagat	napagkakagatan
kumagat	napapagkagatan
kumagat	maipakagat
kumagat	naipakakagat
kumagat	naipapakagat
kumagat	naiipakagat
kumagat	maipagpakagat
kumagat	naipagpapakagat
kumagat	naipapagpakagat
kumagat	naiipagpakagat
kumagat	maikapagpakagat
kumagat	naikapagpapakagat
kumagat	naikakapagpakagat
kumagat	naiikapagpakagat
kumagat	mapagpakagatan
kumagat	napagpapakakagatan
kumagat	napapagpakagatan
kumagat	mapapagkagatan
kumagat	napapapagkagatan
kumagat	makikagat
kumagat	nakikikagat
kumagat	makipagpakagat
kumagat	nakikipagpakagat
kumahog	kumakahog
kumahog	kakahog
kumahog	kungmakahog
kumain	kumakain
kumain	kakain
kumain	kainin
kumain	kinakain
kumain	inakain
kumain	kainan
kumain	kinakainan
kumain	inakainan
kumain	pagkainan
kumain	pinapagkainan
kumain	pinagkakainan
kumain	ikain
kumain	ikinakain
kumain	ipakain
kumain	ipinakakain
kumain	ipinapakain
kumain	ipagpakain
kumain	ipinagpapakain
kumain	ipinapagpakain
kumain	ikapagpakain
kumain	ikinapagpapakain
kumain	ikinakapagpakain
kumain	makain
kumain	nakakain
kumain	makainan
kumain	nakakainan
kumain	maikain
kumain	naikakain
kumain	maikakain
kumain	naikakakain
kumain	naiikakain
kumain	mapagkainan
kumain	napagkakainan
kumain	napapagkainan
kumain	maipakain
kumain	naipakakain
kumain	naipapakain
kumain	naiipakain
kumain	maipagpakain
kumain	naipagpapakain
kumain	naipapagpakain
kumain	naiipagpakain
kumain	maikapagpakain
kumain	naikapagpapakain
kumain	naikakapagpakain
kumain	naiikapagpakain
kumain	mapagpakainan
kumain	napagpapakakainan
kumain	napapagpakainan
kumain	mapapagkainan
kumain	napapapagkainan
kumain	makikain
kumain	nakikikain
kumain	makipagpakain
kumain	nakikipagpakain
kumakabig	
kumakagat	
kumakain	
kumalat	kumakalat
kumalat	kakalat
kumalat	kungmakalat
kumampi	kumakampi
kumampi	kakampi
kumampi	kampihan
kumampi	kinakampihan
kumampi	inakampihan
kumampi	pagkampihan
kumampi	pinapagkampihan
kumampi	pinagkakampihan
kumampi	ikampi
kumampi	ikinakampi
kumampi	ipagpakampi
kumampi	ipinagpapakampi
kumampi	ipinapagpakampi
kumampi	ikapagpakampi
kumampi	ikinapagpapakampi
kumampi	ikinakapagpakampi
kumampi	makampihan
kumampi	nakakampihan
kumampi	maikampi
kumampi	naikakampi
kumampi	maikakampi
kumampi	naikakakampi
kumampi	naiikakampi
kumampi	mapagkampian
kumampi	napagkakampian
kumampi	napapagkampian
kumampi	maipagpakampi
kumampi	naipagpapakampi
kumampi	naipapagpakampi
kumampi	naiipagpakampi
kumampi	maikapagpakampi
kumampi	naikapagpapakampi
kumampi	naikakapagpakampi
kumampi	naiikapagpakampi
kumampi	mapagpakampihan
kumampi	napagpapakakampihan
kumampi	napapagpakampihan
kumampi	mapapagkampihan
kumampi	napapapagkampihan
kumampi	makikampi
kumampi	nakikikampi
kumampi	makipagpakampi
kumampi	nakikipagpakampi
kumanan	kumakanan
kumanan	kakanan
kumanan	kungmakanan
kumandidato	kumakandidato
kumandidato	kakandidato
kumanta	kumakanta
kumanta	kakanta
kumanta	kantahin
kumanta	kinakanta
kumanta	inakanta
kumanta	kantahan
kumanta	kinakantahan
kumanta	inakantahan
kumanta	pagkantahan
kumanta	pinapagkantahan
kumanta	pinagkakantahan
kumanta	ikanta
kumanta	ikinakanta
kumanta	ipakanta
kumanta	ipinakakanta
kumanta	ipinapakanta
kumanta	ipagpakanta
kumanta	ipinagpapakanta
kumanta	ipinapagpakanta
kumanta	ikapagpakanta
kumanta	ikinapagpapakanta
kumanta	ikinakapagpakanta
kumanta	makanta
kumanta	nakakanta
kumanta	makantahan
kumanta	nakakantahan
kumanta	maikanta
kumanta	naikakanta
kumanta	maikakanta
kumanta	naikakakanta
kumanta	naiikakanta
kumanta	mapagkantaan
kumanta	napagkakantaan
kumanta	napapagkantaan
kumanta	maipakanta
kumanta	naipakakanta
kumanta	naipapakanta
kumanta	naiipakanta
kumanta	maipagpakanta
kumanta	naipagpapakanta
kumanta	naipapagpakanta
kumanta	naiipagpakanta
kumanta	maikapagpakanta
kumanta	naikapagpapakanta
kumanta	naikakapagpakanta
kumanta	naiikapagpakanta
kumanta	mapagpakantahan
kumanta	napagpapakakantahan
kumanta	napapagpakantahan
kumanta	mapapagkantahan
kumanta	napapapagkantahan
kumanta	makikanta
kumanta	nakikikanta
kumanta	makipagpakanta
kumanta	nakikipagpakanta
kumapa	kumakapa
kumapa	kakapa
kumapal	kumakapal
kumapal	kakapal
kumapal	kungmakapal
kumapit	kumakapit
kumapit	kakapit
kumapit	kungmakapit
kumaripas	kumakaripas
kumaripas	kakaripas
kumaripas	kungmakaripas
kumatawan	kumakatawan
kumatawan	kakatawan
kumayod	kumakayod
kumayod	kakayod
kumayod	kungmakayod
kumbinsihin	kinumbinsi
kumbinsihin	kinukumbinsi
kumbinsihin	kukumbisihin
kumidlat	kumikidlat
kumidlat	kikidlat
kumidlat	kungmikidlat
kumintab	kumikintab
kumintab	kikintab
kumintab	kungmikintab
kumislot	kumikislot
kumislot	kikislot
kumislot	kungmikislot
kumita	kumikita
kumita	kikita
kumitil	kumikitil
kumitil	kikitil
kumitil	kungmikitil
kumonsulta	kumokonsulta
kumonsulta	kokonsulta
kumuha	kumukuha
kumuha	kukuha
kumuha	kuhain
kumuha	kinukuha
kumuha	inakuha
kumuha	pagkuhaan
kumuha	pinapagkuhaan
kumuha	pinagkukuhaan
kumuha	ikuha
kumuha	ikinukuha
kumuha	ipakuha
kumuha	ipinakukuha
kumuha	ipinapakuha
kumuha	ipagpakuha
kumuha	ipinagpapakuha
kumuha	ipinapagpakuha
kumuha	ikapagpakuha
kumuha	ikinapagpapakuha
kumuha	ikinakapagpakuha
kumuha	makuha
kumuha	nakukuha
kumuha	maikuha
kumuha	naikukuha
kumuha	maikakuha
kumuha	naikakukuha
kumuha	naikakakuha
kumuha	naiikakuha
kumuha	mapagkuhaan
kumuha	napagkukuhaan
kumuha	napapagkuhaan
kumuha	maipakuha
kumuha	naipakukuha
kumuha	naipapakuha
kumuha	naiipakuha
kumuha	maipagpakuha
kumuha	naipagpapakuha
kumuha	naipapagpakuha
kumuha	naiipagpakuha
kumuha	maikapagpakuha
kumuha	naikapagpapakuha
kumuha	naikakapagpakuha
kumuha	naiikapagpakuha
kumuha	mapagpakuhaan
kumuha	napagpapakukuhaan
kumuha	napapagpakuhaan
kumuha	mapapagkuhaan
kumuha	napapapagkuhaan
kumuha	makikuha
kumuha	nakikikuha
kumuha	makipagpakuha
kumuha	nakikipagpakuha
kumukuha	
kumukulo	
kumukupas	
kumulang	kumukulang
kumulang	kukulang
kumulang	kungmukulang
kumulimlim	kumukulimlim
kumulimlim	kukulimlim
kumulimlim	kungmukulimlim
kumulo	kumukulo
kumulo	kukulo
kumulo	kungmukulo
kumulog	kumukulog
kumulog	kukulog
kumulog	kungmukulog
kumupas	kumukupas
kumupas	kukupas
kumupas	pagkupasan
kumupas	pinapagkupasan
kumupas	pinagkukupasan
kumupas	ikupas
kumupas	ikinukupas
kumupas	ipagpakupas
kumupas	ipinagpapakupas
kumupas	ipinapagpakupas
kumupas	ikapagpakupas
kumupas	ikinapagpapakupas
kumupas	ikinakapagpakupas
kumupas	maikupas
kumupas	naikukupas
kumupas	maikakupas
kumupas	naikakukupas
kumupas	naikakakupas
kumupas	naiikakupas
kumupas	mapagkupasan
kumupas	napagkukupasan
kumupas	napapagkupasan
kumupas	maipagpakupas
kumupas	naipagpapakupas
kumupas	naipapagpakupas
kumupas	naiipagpakupas
kumupas	maikapagpakupas
kumupas	naikapagpapakupas
kumupas	naikakapagpakupas
kumupas	naiikapagpakupas
kumupas	mapagpakupasan
kumupas	napagpapakukupasan
kumupas	napapagpakupasan
kumupas	mapapagkupasan
kumupas	napapapagkupasan
kumupas	makikupas
kumupas	nakikikupas
kumupas	makipagpakupas
kumupas	nakikipagpakupas
kumustahin	kinumusta
kumustahin	kinukumusta
kumustahin	kukumustahin
kumutan	kinumutan
kumutan	kinukumutan
kumutan	kukumutan
kumuyakoy	kumukuyakoy
kumuyakoy	kukuyakoy
kumuyakoy	kungmukuyakoy
kunan	kinunan
kunan	kinukunan
kunan	kukunan
kunin	kinuha
kunin	kinukuha
kunin	kukunin
kuskusin	kinuskos
kuskusin	kinukuskos
kuskusin	kukuskusin
kutingtingin	kinutingting
kutingtingin	kinukutingting
kutingtingin	kukutingtingin
kutingtingin	inakutingting
kutingtingin	pagkutingtingan
kutingtingin	pinapagkutingtingan
kutingtingin	pinagkukutingtingan
kutingtingin	ipagkutingting
kutingtingin	ipinapagkutingting
kutingtingin	ipakutingting
kutingtingin	ipinakukutingting
kutingtingin	ipinapakutingting
kutingtingin	ipagpakutingting
kutingtingin	ipinagpapakutingting
kutingtingin	ipinapagpakutingting
kutingtingin	ikapagpakutingting
kutingtingin	ikinapagpapakutingting
kutingtingin	ikinakapagpakutingting
kutingtingin	makutingting
kutingtingin	nakukutingting
kutingtingin	maipagkutingting
kutingtingin	naipagkukutingting
kutingtingin	naipapagkutingting
kutingtingin	naiipagkutingting
kutingtingin	maikapagkutingting
kutingtingin	naikapagkukutingting
kutingtingin	naikapapagkutingting
kutingtingin	naiikapagkutingting
kutingtingin	mapagkutingtingan
kutingtingin	napagkukutingtingan
kutingtingin	napapagkutingtingan
kutingtingin	maipakutingting
kutingtingin	naipakukutingting
kutingtingin	naipapakutingting
kutingtingin	naiipakutingting
kutingtingin	maipagpakutingting
kutingtingin	naipagpapakutingting
kutingtingin	naipapagpakutingting
kutingtingin	naiipagpakutingting
kutingtingin	maikapagpakutingting
kutingtingin	naikapagpapakutingting
kutingtingin	naikakapagpakutingting
kutingtingin	naiikapagpakutingting
kutingtingin	mapagpakutingtingan
kutingtingin	napagpapakukutingtingan
kutingtingin	napapagpakutingtingan
kutingtingin	mapapagkutingtingan
kutingtingin	napapapagkutingtingan
kutingtingin	makipagkutingting
kutingtingin	nakikipagkutingting
kutingtingin	makikutingting
kutingtingin	nakikikutingting
kutingtingin	makipagpakutingting
kutingtingin	nakikipagpakutingting
kutsarahin	kinutsara
kutsarahin	kinukutsara
kutsarahin	kukutsarahin
kutsaritahin	kinutsarita
kutsaritahin	kinukutsarita
kutsaritahin	kukutsarita
kuwarentahin	kinuwarenta
kuwarentahin	kinukuwarenta
kuwarentahin	kukuwarentahin
kuyugin	kinuyog
kuyugin	kinukuyog
kuyugin	kukuyugin
kwarentahin	kinwarenta
kwarentahin	kinakwarenta
kwarentahin	kakwarentahin
labanan	nilabanan
labanan	nilalabanan
labanan	lalabanan
labasan	nilabasan
labasan	nilalabasan
labasan	lalabasan
labhan	nilabhan
labhan	nilalabhan
labhan	lalabhan
labhan	inalabhan
labhan	paglabhan
labhan	pinapaglabhan
labhan	pinaglalabhan
labhan	ipaglaba
labhan	ipinapaglaba
labhan	ipagpalaba
labhan	ipinagpapalaba
labhan	ipinapagpalaba
labhan	ikapagpalaba
labhan	ikinapagpapalaba
labhan	ikinakapagpalaba
labhan	malabhan
labhan	nalalabhan
labhan	maipaglaba
labhan	naipaglalaba
labhan	naipapaglaba
labhan	naiipaglaba
labhan	maikapaglaba
labhan	naikapaglalaba
labhan	naikapapaglaba
labhan	naiikapaglaba
labhan	mapaglabaan
labhan	napaglalabaan
labhan	napapaglabaan
labhan	maipagpalaba
labhan	naipagpapalaba
labhan	naipapagpalaba
labhan	naiipagpalaba
labhan	maikapagpalaba
labhan	naikapagpapalaba
labhan	naikakapagpalaba
labhan	naiikapagpalaba
labhan	mapagpalabhan
labhan	napagpapalalabhan
labhan	napapagpalabhan
labhan	mapapaglabhan
labhan	napapapaglabhan
labhan	makipaglaba
labhan	nakikipaglaba
labhan	makilaba
labhan	nakikilaba
labhan	makipagpalaba
labhan	nakikipagpalaba
labihan	nilabihan
labihan	nilalabihan
labihan	lalabihan
lagay	
lagdaan	nilagdaan
lagdaan	nilalagdaan
lagdaan	lalagdaan
lagnatin	nilagnat
lagnatin	nilalagnat
lagnatin	lalagnatin
lagumlalangin	nilagumlalang
lagumlalangin	nilalagumlalang
lagumlalangin	lalagumlalangin
lagusan	nilagusan
lagusan	nilalagusan
lagusan	lalagusan
lagyan	nilagyan
lagyan	nilalagyan
lagyan	lalagyan
lagyan	inalagyan
lagyan	paglagyan
lagyan	pinapaglagyan
lagyan	pinaglalagyan
lagyan	ipaglagay
lagyan	ipinapaglagay
lagyan	ipagpalagay
lagyan	ipinagpapalagay
lagyan	ipinapagpalagay
lagyan	ikapagpalagay
lagyan	ikinapagpapalagay
lagyan	ikinakapagpalagay
lagyan	malagyan
lagyan	nalalagyan
lagyan	maipaglagay
lagyan	naipaglalagay
lagyan	naipapaglagay
lagyan	naiipaglagay
lagyan	maikapaglagay
lagyan	naikapaglalagay
lagyan	naikapapaglagay
lagyan	naiikapaglagay
lagyan	mapaglagayan
lagyan	napaglalagayan
lagyan	napapaglagayan
lagyan	maipagpalagay
lagyan	naipagpapalagay
lagyan	naipapagpalagay
lagyan	naiipagpalagay
lagyan	maikapagpalagay
lagyan	naikapagpapalagay
lagyan	naikakapagpalagay
lagyan	naiikapagpalagay
lagyan	mapagpalagyan
lagyan	napagpapalalagyan
lagyan	napapagpalagyan
lagyan	mapapaglagyan
lagyan	napapapaglagyan
lagyan	makipaglagay
lagyan	nakikipaglagay
lagyan	makilagay
lagyan	nakikilagay
lagyan	makipagpalagay
lagyan	nakikipagpalagay
laitin	nilait
laitin	nilalait
laitin	lalaitin
lakihan	nilakihan
lakihan	nilalakihan
lakihan	lalakihan
lalaban	
lalabas	
lalabhan	
lalagyan	
lalaki	
lalapisin	
lamasin	nilamas
lamasin	nilalamas
lamasin	lalamasin
langawin	nilangaw
langawin	nilalangaw
langawin	lalangawin
lapain	nilapa
lapain	nilalapa
lapain	lalapain
lapain	inalapa
lapain	panlapaan
lapain	pinanlalapaan
lapain	pinapanlapaan
lapain	ipanlapa
lapain	ipinapanlapa
lapain	ipalapa
lapain	ipinalalapa
lapain	ipinapalapa
lapain	ipagpalapa
lapain	ipinagpapalapa
lapain	ipinapagpalapa
lapain	ipapanlapa
lapain	ipinapapanlapa
lapain	ikapagpapanlapa
lapain	ikinapagpapapanlapa
lapain	ikinakapagpapanlapa
lapain	papanlapaan
lapain	pinapapanlapaan
lapain	malapa
lapain	nalalapa
lapain	maipaapa
lapain	naipaaapa
lapain	naipapaapa
lapain	naiipaapa
lapain	maikapaapa
lapain	naikapaaapa
lapain	naikapapaapa
lapain	naiikapaapa
lapain	mapaapaan
lapain	napaaapaan
lapain	napapaapaan
lapain	maipalapa
lapain	naipalalapa
lapain	naipapalapa
lapain	naiipalapa
lapain	maipagpalapa
lapain	naipagpapalapa
lapain	naipapagpalapa
lapain	naiipagpalapa
lapain	maipapanlapa
lapain	naipapapanlapa
lapain	naiipapanlapa
lapain	maikapagpapanlapa
lapain	naikapagpapapanlapa
lapain	naikakapagpapanlapa
lapain	naiikapagpapanlapa
lapain	mapapanlapaan
lapain	napapapanlapaan
lapain	makipanlapa
lapain	nakikipanlapa
lapain	makipagpalapa
lapain	nakikipagpalapa
lapastanganin	nilapastangan
lapastanganin	nilalapastangan
lapastanganin	lalapastanganin
lapastanganin	inalapastangan
lapastanganin	paglapastanganan
lapastanganin	pinapaglapastanganan
lapastanganin	pinaglalapastanganan
lapastanganin	ilapastangan
lapastanganin	inilalapastangan
lapastanganin	ipalapastangan
lapastanganin	ipinalalapastangan
lapastanganin	ipinapalapastangan
lapastanganin	ipagpalapastangan
lapastanganin	ipinagpapalapastangan
lapastanganin	ipinapagpalapastangan
lapastanganin	ikapagpalapastangan
lapastanganin	ikinapagpapalapastangan
lapastanganin	ikinakapagpalapastangan
lapastanganin	malapastangan
lapastanganin	nalalapastangan
lapastanganin	mailapastangan
lapastanganin	nailalapastangan
lapastanganin	maikalapastangan
lapastanganin	naikalalapastangan
lapastanganin	naikakalapastangan
lapastanganin	naiikalapastangan
lapastanganin	mapaglapastanganan
lapastanganin	napaglalapastanganan
lapastanganin	napapaglapastanganan
lapastanganin	maipalapastangan
lapastanganin	naipalalapastangan
lapastanganin	naipapalapastangan
lapastanganin	naiipalapastangan
lapastanganin	maipagpalapastangan
lapastanganin	naipagpapalapastangan
lapastanganin	naipapagpalapastangan
lapastanganin	naiipagpalapastangan
lapastanganin	maikapagpalapastangan
lapastanganin	naikapagpapalapastangan
lapastanganin	naikakapagpalapastangan
lapastanganin	naiikapagpalapastangan
lapastanganin	mapagpalapastanganan
lapastanganin	napagpapalalapastanganan
lapastanganin	napapagpalapastanganan
lapastanganin	mapapaglapastanganan
lapastanganin	napapapaglapastanganan
lapastanganin	makilapastangan
lapastanganin	nakikilapastangan
lapastanganin	makipagpalapastangan
lapastanganin	nakikipagpalapastangan
lapian	nilapian
lapian	nilalapian
lapian	lalapian
lapisin	nilapis
lapisin	nilalapis
lapisin	lalapisin
lasingin	nilasing
lasingin	nilalasing
lasingin	lalasingin
lasunin	nilason
lasunin	nilalason
lasunin	lalasunin
layagan	nilayagan
layagan	nilalayagan
layagan	lalayagan
layunin	nilayon
layunin	nilalayon
layunin	lalayunin
libingan	nilibingan
libingan	nililibingan
libingan	lilibingan
ligiran	niligiran
ligiran	nililigiran
ligiran	liligiran
ligpitin	niligpit
ligpitin	nililigpit
ligpitin	liligpitin
ligpitin	inaligpit
ligpitin	pagligpitan
ligpitin	pinapagligpitan
ligpitin	pinagliligpitan
ligpitin	ipagligpit
ligpitin	ipinapagligpit
ligpitin	ipaligpit
ligpitin	ipinaliligpit
ligpitin	ipinapaligpit
ligpitin	ipagpaligpit
ligpitin	ipinagpapaligpit
ligpitin	ipinapagpaligpit
ligpitin	ikapagpaligpit
ligpitin	ikinapagpapaligpit
ligpitin	ikinakapagpaligpit
ligpitin	maligpit
ligpitin	naliligpit
ligpitin	maipagligpit
ligpitin	naipagliligpit
ligpitin	naipapagligpit
ligpitin	naiipagligpit
ligpitin	maikapagligpit
ligpitin	naikapagliligpit
ligpitin	naikapapagligpit
ligpitin	naiikapagligpit
ligpitin	mapagligpitan
ligpitin	napagliligpitan
ligpitin	napapagligpitan
ligpitin	maipaligpit
ligpitin	naipaliligpit
ligpitin	naipapaligpit
ligpitin	naiipaligpit
ligpitin	maipagpaligpit
ligpitin	naipagpapaligpit
ligpitin	naipapagpaligpit
ligpitin	naiipagpaligpit
ligpitin	maikapagpaligpit
ligpitin	naikapagpapaligpit
ligpitin	naikakapagpaligpit
ligpitin	naiikapagpaligpit
ligpitin	mapagpaligpitan
ligpitin	napagpapaliligpitan
ligpitin	napapagpaligpitan
ligpitin	mapapagligpitan
ligpitin	napapapagligpitan
ligpitin	makipagligpit
ligpitin	nakikipagligpit
ligpitin	makiligpit
ligpitin	nakikiligpit
ligpitin	makipagpaligpit
ligpitin	nakikipagpaligpit
lihisan	nilihisan
lihisan	nililihisan
lihisan	lilihisan
lilipad	
linangin	nilinang
linangin	nililinang
linangin	lilinangin
lindulin	nilindol
lindulin	nililindol
lindulin	lilindulin
linisan	nilinisan
linisan	nililinisan
linisan	lilinisan
linisan	linisin
linisan	nililinis
linisan	inalinis
linisan	inalinisan
linisan	paglinisan
linisan	pinapaglinisan
linisan	pinaglilinisan
linisan	ipaglinis
linisan	ipinapaglinis
linisan	ipalinis
linisan	ipinalilinis
linisan	ipinapalinis
linisan	ipagpalinis
linisan	ipinagpapalinis
linisan	ipinapagpalinis
linisan	ikapagpalinis
linisan	ikinapagpapalinis
linisan	ikinakapagpalinis
linisan	malinis
linisan	nalilinis
linisan	malinisan
linisan	nalilinisan
linisan	maipaglinis
linisan	naipaglilinis
linisan	naipapaglinis
linisan	naiipaglinis
linisan	maikapaglinis
linisan	naikapaglilinis
linisan	naikapapaglinis
linisan	naiikapaglinis
linisan	mapaglinisan
linisan	napaglilinisan
linisan	napapaglinisan
linisan	maipalinis
linisan	naipalilinis
linisan	naipapalinis
linisan	naiipalinis
linisan	maipagpalinis
linisan	naipagpapalinis
linisan	naipapagpalinis
linisan	naiipagpalinis
linisan	maikapagpalinis
linisan	naikapagpapalinis
linisan	naikakapagpalinis
linisan	naiikapagpalinis
linisan	mapagpalinisan
linisan	napagpapalilinisan
linisan	napapagpalinisan
linisan	mapapaglinisan
linisan	napapapaglinisan
linisan	makipaglinis
linisan	nakikipaglinis
linisan	makilinis
linisan	nakikilinis
linisan	makipagpalinis
linisan	nakikipagpalinis
linisin	nilinis
linisin	nililinis
linisin	lilinisin
linisin	inalinis
linisin	linisan
linisin	nililinisan
linisin	inalinisan
linisin	paglinisan
linisin	pinapaglinisan
linisin	pinaglilinisan
linisin	ipaglinis
linisin	ipinapaglinis
linisin	ipalinis
linisin	ipinalilinis
linisin	ipinapalinis
linisin	ipagpalinis
linisin	ipinagpapalinis
linisin	ipinapagpalinis
linisin	ikapagpalinis
linisin	ikinapagpapalinis
linisin	ikinakapagpalinis
linisin	malinis
linisin	nalilinis
linisin	malinisan
linisin	nalilinisan
linisin	maipaglinis
linisin	naipaglilinis
linisin	naipapaglinis
linisin	naiipaglinis
linisin	maikapaglinis
linisin	naikapaglilinis
linisin	naikapapaglinis
linisin	naiikapaglinis
linisin	mapaglinisan
linisin	napaglilinisan
linisin	napapaglinisan
linisin	maipalinis
linisin	naipalilinis
linisin	naipapalinis
linisin	naiipalinis
linisin	maipagpalinis
linisin	naipagpapalinis
linisin	naipapagpalinis
linisin	naiipagpalinis
linisin	maikapagpalinis
linisin	naikapagpapalinis
linisin	naikakapagpalinis
linisin	naiikapagpalinis
linisin	mapagpalinisan
linisin	napagpapalilinisan
linisin	napapagpalinisan
linisin	mapapaglinisan
linisin	napapapaglinisan
linisin	makipaglinis
linisin	nakikipaglinis
linisin	makilinis
linisin	nakikilinis
linisin	makipagpalinis
linisin	nakikipagpalinis
lipatan	nilipatan
lipatan	nililipatan
lipatan	lilipatan
liripan	niliripan
liripan	nililiripan
liripan	liliripan
liripin	nilirip
liripin	nililirip
liripin	liliripin
listahan	nilistahan
listahan	nililistahan
listahan	lilistahan
liwanagin	niliwanag
liwanagin	nililiwanag
liwanagin	liliwanagin
liwasan	niliwasan
liwasan	nililiwasan
liwasan	liliwasan
lubayan	nilubayan
lubayan	nilulubayan
lubayan	lulubayan
lubigan	nilubigan
lubigan	nilulubigan
lubigan	lulubigan
luhaan	niluhaan
luhaan	niluluhaan
luhaan	luluhaan
luhuran	niluhuran
luhuran	niluluhuran
luhuran	luluhuran
luhuran	inaluhuran
luhuran	pagluhuran
luhuran	pinapagluhuran
luhuran	pinagluluhuran
luhuran	iluhod
luhuran	iniluluhod
luhuran	ipagpaluhod
luhuran	ipinagpapaluhod
luhuran	ipinapagpaluhod
luhuran	ikapagpaluhod
luhuran	ikinapagpapaluhod
luhuran	ikinakapagpaluhod
luhuran	maluhuran
luhuran	naluluhuran
luhuran	mailuhod
luhuran	nailuluhod
luhuran	maikaluhod
luhuran	naikaluluhod
luhuran	naikakaluhod
luhuran	naiikaluhod
luhuran	mapagluhodan
luhuran	napagluluhodan
luhuran	napapagluhodan
luhuran	maipagpaluhod
luhuran	naipagpapaluhod
luhuran	naipapagpaluhod
luhuran	naiipagpaluhod
luhuran	maikapagpaluhod
luhuran	naikapagpapaluhod
luhuran	naikakapagpaluhod
luhuran	naiikapagpaluhod
luhuran	mapagpaluhuran
luhuran	napagpapaluluhuran
luhuran	napapagpaluhuran
luhuran	mapapagluhuran
luhuran	napapapagluhuran
luhuran	makiluhod
luhuran	nakikiluhod
luhuran	makipagpaluhod
luhuran	nakikipagpaluhod
lukbanan	nilukbanan
lukbanan	nilulukbanan
lukbanan	lulukbanan
luklukan	niluklukan
luklukan	niluluklukan
luklukan	luluklukan
lumabag	lumalabag
lumabag	lalabag
lumabag	labagin
lumabag	nilalabag
lumabag	inalabag
lumabag	paglabagan
lumabag	pinapaglabagan
lumabag	pinaglalabagan
lumabag	ilabag
lumabag	inilalabag
lumabag	ipalabag
lumabag	ipinalalabag
lumabag	ipinapalabag
lumabag	ipagpalabag
lumabag	ipinagpapalabag
lumabag	ipinapagpalabag
lumabag	ikapagpalabag
lumabag	ikinapagpapalabag
lumabag	ikinakapagpalabag
lumabag	malabag
lumabag	nalalabag
lumabag	mailabag
lumabag	nailalabag
lumabag	maikalabag
lumabag	naikalalabag
lumabag	naikakalabag
lumabag	naiikalabag
lumabag	mapaglabagan
lumabag	napaglalabagan
lumabag	napapaglabagan
lumabag	maipalabag
lumabag	naipalalabag
lumabag	naipapalabag
lumabag	naiipalabag
lumabag	maipagpalabag
lumabag	naipagpapalabag
lumabag	naipapagpalabag
lumabag	naiipagpalabag
lumabag	maikapagpalabag
lumabag	naikapagpapalabag
lumabag	naikakapagpalabag
lumabag	naiikapagpalabag
lumabag	mapagpalabagan
lumabag	napagpapalalabagan
lumabag	napapagpalabagan
lumabag	mapapaglabagan
lumabag	napapapaglabagan
lumabag	makilabag
lumabag	nakikilabag
lumabag	makipagpalabag
lumabag	nakikipagpalabag
lumaban	lumalaban
lumaban	lalaban
lumaban	labanan
lumaban	nilalabanan
lumaban	inalabanan
lumaban	paglabanan
lumaban	pinapaglabanan
lumaban	pinaglalabanan
lumaban	ilaban
lumaban	inilalaban
lumaban	ipagpalaban
lumaban	ipinagpapalaban
lumaban	ipinapagpalaban
lumaban	ikapagpalaban
lumaban	ikinapagpapalaban
lumaban	ikinakapagpalaban
lumaban	malabanan
lumaban	nalalabanan
lumaban	mailaban
lumaban	nailalaban
lumaban	maikalaban
lumaban	naikalalaban
lumaban	naikakalaban
lumaban	naiikalaban
lumaban	mapaglabanan
lumaban	napaglalabanan
lumaban	napapaglabanan
lumaban	maipagpalaban
lumaban	naipagpapalaban
lumaban	naipapagpalaban
lumaban	naiipagpalaban
lumaban	maikapagpalaban
lumaban	naikapagpapalaban
lumaban	naikakapagpalaban
lumaban	naiikapagpalaban
lumaban	mapagpalabanan
lumaban	napagpapalalabanan
lumaban	napapagpalabanan
lumaban	mapapaglabanan
lumaban	napapapaglabanan
lumaban	makilaban
lumaban	nakikilaban
lumaban	makipagpalaban
lumaban	nakikipagpalaban
lumabas	lumalabas
lumabas	lalabas
lumabas	lungmalabas
lumabnaw	lumalabnaw
lumabnaw	lalabnaw
lumabnaw	lungmalabnaw
lumabo	lumalabo
lumabo	lalabo
lumabo	lungmalabo
lumaganap	lumalaganap
lumaganap	lalaganap
lumaganap	paglaganapan
lumaganap	pinapaglaganapan
lumaganap	pinaglalaganapan
lumaganap	ilaganap
lumaganap	inilalaganap
lumaganap	ipagpalaganap
lumaganap	ipinagpapalaganap
lumaganap	ipinapagpalaganap
lumaganap	ikapagpalaganap
lumaganap	ikinapagpapalaganap
lumaganap	ikinakapagpalaganap
lumaganap	mailaganap
lumaganap	nailalaganap
lumaganap	maikalaganap
lumaganap	naikalalaganap
lumaganap	naikakalaganap
lumaganap	naiikalaganap
lumaganap	mapaglaganapan
lumaganap	napaglalaganapan
lumaganap	napapaglaganapan
lumaganap	maipagpalaganap
lumaganap	naipagpapalaganap
lumaganap	naipapagpalaganap
lumaganap	naiipagpalaganap
lumaganap	maikapagpalaganap
lumaganap	naikapagpapalaganap
lumaganap	naikakapagpalaganap
lumaganap	naiikapagpalaganap
lumaganap	mapagpalaganapan
lumaganap	napagpapalalaganapan
lumaganap	napapagpalaganapan
lumaganap	mapapaglaganapan
lumaganap	napapapaglaganapan
lumaganap	makilaganap
lumaganap	nakikilaganap
lumaganap	makipagpalaganap
lumaganap	nakikipagpalaganap
lumagda	lumalagda
lumagda	lalagda
lumagda	ilagda
lumagda	inilalagda
lumagda	inalagda
lumagda	lagdaan
lumagda	nilalagdaan
lumagda	inalagdaan
lumagda	paglagdaan
lumagda	pinapaglagdaan
lumagda	pinaglalagdaan
lumagda	ipalagda
lumagda	ipinalalagda
lumagda	ipinapalagda
lumagda	ipagpalagda
lumagda	ipinagpapalagda
lumagda	ipinapagpalagda
lumagda	ikapagpalagda
lumagda	ikinapagpapalagda
lumagda	ikinakapagpalagda
lumagda	mailagda
lumagda	nailalagda
lumagda	malagdaan
lumagda	nalalagdaan
lumagda	maikalagda
lumagda	naikalalagda
lumagda	naikakalagda
lumagda	naiikalagda
lumagda	mapaglagdaan
lumagda	napaglalagdaan
lumagda	napapaglagdaan
lumagda	maipalagda
lumagda	naipalalagda
lumagda	naipapalagda
lumagda	naiipalagda
lumagda	maipagpalagda
lumagda	naipagpapalagda
lumagda	naipapagpalagda
lumagda	naiipagpalagda
lumagda	maikapagpalagda
lumagda	naikapagpapalagda
lumagda	naikakapagpalagda
lumagda	naiikapagpalagda
lumagda	mapagpalagdaan
lumagda	napagpapalalagdaan
lumagda	napapagpalagdaan
lumagda	mapapaglagdaan
lumagda	napapapaglagdaan
lumagda	makilagda
lumagda	nakikilagda
lumagda	makipagpalagda
lumagda	nakikipagpalagda
lumagkit	lumalagkit
lumagkit	lalagkit
lumagkit	lungmalagkit
lumago	lumalago
lumago	lalago
lumago	paglaguan
lumago	pinapaglaguan
lumago	pinaglalaguan
lumago	ilago
lumago	inilalago
lumago	ipagpalago
lumago	ipinagpapalago
lumago	ipinapagpalago
lumago	ikapagpalago
lumago	ikinapagpapalago
lumago	ikinakapagpalago
lumago	mailago
lumago	nailalago
lumago	maikalago
lumago	naikalalago
lumago	naikakalago
lumago	naiikalago
lumago	mapaglagoan
lumago	napaglalagoan
lumago	napapaglagoan
lumago	maipagpalago
lumago	naipagpapalago
lumago	naipapagpalago
lumago	naiipagpalago
lumago	maikapagpalago
lumago	naikapagpapalago
lumago	naikakapagpalago
lumago	naiikapagpalago
lumago	mapagpalaguan
lumago	napagpapalalaguan
lumago	napapagpalaguan
lumago	mapapaglaguan
lumago	napapapaglaguan
lumago	makilago
lumago	nakikilago
lumago	makipagpalago
lumago	nakikipagpalago
lumakad	lumalakad
lumakad	lalakad
lumakad	lungmalakad
lumakas	lumalakas
lumakas	lalakas
lumakas	lungmalakas
lumakdang	lumalakdang
lumakdang	lalakdang
lumakdang	lungmalakdang
lumaki	lumalaki
lumaki	lalaki
lumaki	lungmalaki
lumaktaw	lumalaktaw
lumaktaw	lalaktaw
lumaktaw	laktawan
lumaktaw	nilalaktawan
lumaktaw	inalaktawan
lumaktaw	paglaktawan
lumaktaw	pinapaglaktawan
lumaktaw	pinaglalaktawan
lumaktaw	ilaktaw
lumaktaw	inilalaktaw
lumaktaw	ipagpalaktaw
lumaktaw	ipinagpapalaktaw
lumaktaw	ipinapagpalaktaw
lumaktaw	ikapagpalaktaw
lumaktaw	ikinapagpapalaktaw
lumaktaw	ikinakapagpalaktaw
lumaktaw	malaktawan
lumaktaw	nalalaktawan
lumaktaw	mailaktaw
lumaktaw	nailalaktaw
lumaktaw	maikalaktaw
lumaktaw	naikalalaktaw
lumaktaw	naikakalaktaw
lumaktaw	naiikalaktaw
lumaktaw	mapaglaktawan
lumaktaw	napaglalaktawan
lumaktaw	napapaglaktawan
lumaktaw	maipagpalaktaw
lumaktaw	naipagpapalaktaw
lumaktaw	naipapagpalaktaw
lumaktaw	naiipagpalaktaw
lumaktaw	maikapagpalaktaw
lumaktaw	naikapagpapalaktaw
lumaktaw	naikakapagpalaktaw
lumaktaw	naiikapagpalaktaw
lumaktaw	mapagpalaktawan
lumaktaw	napagpapalalaktawan
lumaktaw	napapagpalaktawan
lumaktaw	mapapaglaktawan
lumaktaw	napapapaglaktawan
lumaktaw	makilaktaw
lumaktaw	nakikilaktaw
lumaktaw	makipagpalaktaw
lumaktaw	nakikipagpalaktaw
lumalaban	
lumalabas	
lumambitin	lumalambitin
lumambitin	lalambitin
lumambitin	lungmalambitin
lumamig	lumalamig
lumamig	lalamig
lumamig	lungmalamig
lumangoy	lumalangoy
lumangoy	lalangoy
lumangoy	languyin
lumangoy	nilalangoy
lumangoy	inalangoy
lumangoy	languyan
lumangoy	nilalanguyan
lumangoy	inalanguyan
lumangoy	paglanguyan
lumangoy	pinapaglanguyan
lumangoy	pinaglalanguyan
lumangoy	ilangoy
lumangoy	inilalangoy
lumangoy	ipalangoy
lumangoy	ipinalalangoy
lumangoy	ipinapalangoy
lumangoy	ipagpalangoy
lumangoy	ipinagpapalangoy
lumangoy	ipinapagpalangoy
lumangoy	ikapagpalangoy
lumangoy	ikinapagpapalangoy
lumangoy	ikinakapagpalangoy
lumangoy	malangoy
lumangoy	nalalangoy
lumangoy	malanguyan
lumangoy	nalalanguyan
lumangoy	mailangoy
lumangoy	nailalangoy
lumangoy	maikalangoy
lumangoy	naikalalangoy
lumangoy	naikakalangoy
lumangoy	naiikalangoy
lumangoy	mapaglangoyan
lumangoy	napaglalangoyan
lumangoy	napapaglangoyan
lumangoy	maipalangoy
lumangoy	naipalalangoy
lumangoy	naipapalangoy
lumangoy	naiipalangoy
lumangoy	maipagpalangoy
lumangoy	naipagpapalangoy
lumangoy	naipapagpalangoy
lumangoy	naiipagpalangoy
lumangoy	maikapagpalangoy
lumangoy	naikapagpapalangoy
lumangoy	naikakapagpalangoy
lumangoy	naiikapagpalangoy
lumangoy	mapagpalanguyan
lumangoy	napagpapalalanguyan
lumangoy	napapagpalanguyan
lumangoy	mapapaglanguyan
lumangoy	napapapaglanguyan
lumangoy	makilangoy
lumangoy	nakikilangoy
lumangoy	makipagpalangoy
lumangoy	nakikipagpalangoy
lumanta	lumalanta
lumanta	lalanta
lumanta	lungmalanta
lumapad	lumalapad
lumapad	lalapad
lumapad	lungmalapad
lumapastangan	lumalapastangan
lumapastangan	lalapastangan
lumapastangan	lungmalapastangan
lumapirot	lumalapirot
lumapirot	lalapirot
lumapirot	lungmalapirot
lumapit	lumalapit
lumapit	lalapit
lumapit	lapitan
lumapit	nilalapitan
lumapit	inalapitan
lumapit	paglapitan
lumapit	pinapaglapitan
lumapit	pinaglalapitan
lumapit	ilapit
lumapit	inilalapit
lumapit	ipagpalapit
lumapit	ipinagpapalapit
lumapit	ipinapagpalapit
lumapit	ikapagpalapit
lumapit	ikinapagpapalapit
lumapit	ikinakapagpalapit
lumapit	malapitan
lumapit	nalalapitan
lumapit	mailapit
lumapit	nailalapit
lumapit	maikalapit
lumapit	naikalalapit
lumapit	naikakalapit
lumapit	naiikalapit
lumapit	mapaglapitan
lumapit	napaglalapitan
lumapit	napapaglapitan
lumapit	maipagpalapit
lumapit	naipagpapalapit
lumapit	naipapagpalapit
lumapit	naiipagpalapit
lumapit	maikapagpalapit
lumapit	naikapagpapalapit
lumapit	naikakapagpalapit
lumapit	naiikapagpalapit
lumapit	mapagpalapitan
lumapit	napagpapalalapitan
lumapit	napapagpalapitan
lumapit	mapapaglapitan
lumapit	napapapaglapitan
lumapit	makilapit
lumapit	nakikilapit
lumapit	makipagpalapit
lumapit	nakikipagpalapit
lumapot	lumalapot
lumapot	lalapot
lumapot	lungmalapot
lumawak	lumalawak
lumawak	lalawak
lumawak	lungmalawak
lumaya	lumalaya
lumaya	lalaya
lumaya	lungmalaya
lumayas	lumalayas
lumayas	lalayas
lumayas	lungmalayas
lumayo	lumalayo
lumayo	lalayo
lumayo	lungmalayo
lumigwak	lumiligwak
lumigwak	liligwak
lumigwak	lungmiligwak
lumihis	lumilihis
lumihis	lilihis
lumihis	lungmilihis
lumiit	lumiliit
lumiit	liliit
lumiit	lungmiliit
lumikha	lumilikha
lumikha	lilikha
lumikha	lungmilikha
lumiko	lumiliko
lumiko	liliko
lumiko	likuan
lumiko	nililikuan
lumiko	inalikuan
lumiko	paglikuan
lumiko	pinapaglikuan
lumiko	pinaglilikuan
lumiko	iliko
lumiko	inililiko
lumiko	ipagpaliko
lumiko	ipinagpapaliko
lumiko	ipinapagpaliko
lumiko	ikapagpaliko
lumiko	ikinapagpapaliko
lumiko	ikinakapagpaliko
lumiko	malikuan
lumiko	nalilikuan
lumiko	mailiko
lumiko	naililiko
lumiko	maikaliko
lumiko	naikaliliko
lumiko	naikakaliko
lumiko	naiikaliko
lumiko	mapaglikoan
lumiko	napaglilikoan
lumiko	napapaglikoan
lumiko	maipagpaliko
lumiko	naipagpapaliko
lumiko	naipapagpaliko
lumiko	naiipagpaliko
lumiko	maikapagpaliko
lumiko	naikapagpapaliko
lumiko	naikakapagpaliko
lumiko	naiikapagpaliko
lumiko	mapagpalikuan
lumiko	napagpapalilikuan
lumiko	napapagpalikuan
lumiko	mapapaglikuan
lumiko	napapapaglikuan
lumiko	makiliko
lumiko	nakikiliko
lumiko	makipagpaliko
lumiko	nakikipagpaliko
lumilipad	
luminaw	lumilinaw
luminaw	lilinaw
luminaw	lungmilinaw
lumindol	lumilindol
lumindol	lilindol
lumindol	lungmilindol
luminis	lumilinis
luminis	lilinis
luminis	lungmilinis
lumipad	lumilipad
lumipad	lilipad
lumipad	lungmilipad
lumipol	lumilipol
lumipol	lilipol
lumipol	lungmilipol
lumiwanag	lumiliwanag
lumiwanag	liliwanag
lumiwanag	lungmiliwanag
lumuha	lumuluha
lumuha	luluha
lumuha	lungmuluha
lumuklok	lumuluklok
lumuklok	luluklok
lumuklok	lungmuluklok
lumundag	lumulundag
lumundag	lulundag
lumundag	lundagin
lumundag	nilulundag
lumundag	inalundag
lumundag	lundagan
lumundag	nilulundagan
lumundag	inalundagan
lumundag	paglundagan
lumundag	pinapaglundagan
lumundag	pinaglulundagan
lumundag	ilundag
lumundag	inilulundag
lumundag	ipalundag
lumundag	ipinalulundag
lumundag	ipinapalundag
lumundag	ipagpalundag
lumundag	ipinagpapalundag
lumundag	ipinapagpalundag
lumundag	ikapagpalundag
lumundag	ikinapagpapalundag
lumundag	ikinakapagpalundag
lumundag	malundag
lumundag	nalulundag
lumundag	malundagan
lumundag	nalulundagan
lumundag	mailundag
lumundag	nailulundag
lumundag	maikalundag
lumundag	naikalulundag
lumundag	naikakalundag
lumundag	naiikalundag
lumundag	mapaglundagan
lumundag	napaglulundagan
lumundag	napapaglundagan
lumundag	maipalundag
lumundag	naipalulundag
lumundag	naipapalundag
lumundag	naiipalundag
lumundag	maipagpalundag
lumundag	naipagpapalundag
lumundag	naipapagpalundag
lumundag	naiipagpalundag
lumundag	maikapagpalundag
lumundag	naikapagpapalundag
lumundag	naikakapagpalundag
lumundag	naiikapagpalundag
lumundag	mapagpalundagan
lumundag	napagpapalulundagan
lumundag	napapagpalundagan
lumundag	mapapaglundagan
lumundag	napapapaglundagan
lumundag	makilundag
lumundag	nakikilundag
lumundag	makipagpalundag
lumundag	nakikipagpalundag
lumutang	lumulutang
lumutang	lulutang
lumutang	lungmulutang
lumuwag	lumuluwag
lumuwag	luluwag
lumuwag	lungmuluwag
lunukin	nilunok
lunukin	nilulunok
lunukin	lulunukin
lunukin	inalunok
lunukin	paglunukan
lunukin	pinapaglunukan
lunukin	pinaglulunukan
lunukin	ilunok
lunukin	inilulunok
lunukin	ipalunok
lunukin	ipinalulunok
lunukin	ipinapalunok
lunukin	ipagpalunok
lunukin	ipinagpapalunok
lunukin	ipinapagpalunok
lunukin	ikapagpalunok
lunukin	ikinapagpapalunok
lunukin	ikinakapagpalunok
lunukin	malunok
lunukin	nalulunok
lunukin	mailunok
lunukin	nailulunok
lunukin	maikalunok
lunukin	naikalulunok
lunukin	naikakalunok
lunukin	naiikalunok
lunukin	mapaglunokan
lunukin	napaglulunokan
lunukin	napapaglunokan
lunukin	maipalunok
lunukin	naipalulunok
lunukin	naipapalunok
lunukin	naiipalunok
lunukin	maipagpalunok
lunukin	naipagpapalunok
lunukin	naipapagpalunok
lunukin	naiipagpalunok
lunukin	maikapagpalunok
lunukin	naikapagpapalunok
lunukin	naikakapagpalunok
lunukin	naiikapagpalunok
lunukin	mapagpalunukan
lunukin	napagpapalulunukan
lunukin	napapagpalunukan
lunukin	mapapaglunukan
lunukin	napapapaglunukan
lunukin	makilunok
lunukin	nakikilunok
lunukin	makipagpalunok
lunukin	nakikipagpalunok
lunurin	nilunod
lunurin	nilulunod
lunurin	lulunurin
lunurin	inalunod
lunurin	kalunuran
lunurin	kinakalunuran
lunurin	kinalulunuran
lunurin	ipalunod
lunurin	ipinalulunod
lunurin	ipinapalunod
lunurin	ikapagpalunod
lunurin	ikinapagpapalunod
lunurin	ikinakapagpalunod
lunurin	malunod
lunurin	nalulunod
lunurin	maipalunod
lunurin	naipalulunod
lunurin	naipapalunod
lunurin	naiipalunod
lunurin	maikapagpalunod
lunurin	naikapagpapalunod
lunurin	naikakapagpalunod
lunurin	naiikapagpalunod
lunurin	makilunod
lunurin	nakikilunod
lunurin	makipagpalunod
lunurin	nakikipagpalunod
lusubin	nilusob
lusubin	nilulusob
lusubin	lulusubin
lutuin	niluto
lutuin	niluluto
lutuin	lulutuin
maaapektuhan	
maaaral	
maaari	
maaasahan	
maaayos	
maadik	naadik
maadik	naaadik
maadik	maaadik
maagnas	naagnas
maagnas	naaagnas
maagnas	maaagnas
maagrabyado	naagrabyado
maagrabyado	naaagrabyado
maagrabyado	maaagrabyado
maagrabyado	agrabyaduhin
maagrabyado	inaagrabyado
maagrabyado	kaagrabyaduhan
maagrabyado	kinakaagrabyaduhan
maagrabyado	kinaaagrabyaduhan
maagrabyado	ipaagrabyado
maagrabyado	ipinaaagrabyado
maagrabyado	ipinapaagrabyado
maagrabyado	ikapagpaagrabyado
maagrabyado	ikinapagpapaagrabyado
maagrabyado	ikinakapagpaagrabyado
maagrabyado	maipaagrabyado
maagrabyado	naipaaagrabyado
maagrabyado	naipapaagrabyado
maagrabyado	naiipaagrabyado
maagrabyado	maikapagpaagrabyado
maagrabyado	naikapagpapaagrabyado
maagrabyado	naikakapagpaagrabyado
maagrabyado	naiikapagpaagrabyado
maagrabyado	makiagrabyado
maagrabyado	nakikiagrabyado
maagrabyado	makipagpaagrabyado
maagrabyado	nakikipagpaagrabyado
maakit	naakit
maakit	naaakit
maakit	maaakit
maaksaya	naaksaya
maaksaya	naaaksaya
maaksaya	maaaksaya
maaktuhan	naaktuhan
maaktuhan	naaaktuhan
maaktuhan	maaaktuhan
maambunan	naambunan
maambunan	naaambunan
maambunan	maaambunan
maano	naano
maano	naaano
maano	maaano
maapektuhan	naapektuhan
maapektuhan	naaapektuhan
maapektuhan	maaapektuhan
maaral	naaral
maaral	naaaral
maaral	maaaral
maari	naari
maari	naaari
maari	maaari
maayos	naayos
maayos	naaayos
maayos	maaayos
mababa	nababa
mababa	nabababa
mababa	mabababa
mabababa	
mababakas	
mababalakid	
mababanas	
mabagay	nabagay
mabagay	nababagay
mabagay	mababagay
mabagsakan	nabagsakan
mabagsakan	nababagsakan
mabagsakan	mababagsakan
mabakas	nabakas
mabakas	nababakas
mabakas	mababakas
mabalahaw	nabalahaw
mabalahaw	nababalahaw
mabalahaw	mababalahaw
mabalaho	nabalaho
mabalaho	nababalaho
mabalaho	mababalaho
mabalakid	nabalakid
mabalakid	nababalakid
mabalakid	mababalakid
mabali	nabali
mabali	nababali
mabali	mababali
mabali	baliin
mabali	binabali
mabali	inabali
mabali	pagbalian
mabali	pinapagbalian
mabali	pinagbabalian
mabali	ibali
mabali	ibinabali
mabali	ipabali
mabali	ipinababali
mabali	ipinapabali
mabali	ipagpabali
mabali	ipinagpapabali
mabali	ipinapagpabali
mabali	ikapagpabali
mabali	ikinapagpapabali
mabali	ikinakapagpabali
mabali	maibali
mabali	naibabali
mabali	maikabali
mabali	naikababali
mabali	naikakabali
mabali	naiikabali
mabali	mapagbalian
mabali	napagbabalian
mabali	napapagbalian
mabali	maipabali
mabali	naipababali
mabali	naipapabali
mabali	naiipabali
mabali	maipagpabali
mabali	naipagpapabali
mabali	naipapagpabali
mabali	naiipagpabali
mabali	maikapagpabali
mabali	naikapagpapabali
mabali	naikakapagpabali
mabali	naiikapagpabali
mabali	mapagpabalian
mabali	napagpapababalian
mabali	napapagpabalian
mabali	mapapagbalian
mabali	napapapagbalian
mabali	makibali
mabali	nakikibali
mabali	makipagpabali
mabali	nakikipagpabali
mabalik	nabalik
mabalik	nababalik
mabalik	mababalik
mabasa	nabasa
mabasa	nababasa
mabasa	mababasa
mabasa	basahin
mabasa	binabasa
mabasa	inabasa
mabasa	basahan
mabasa	binabasahan
mabasa	inabasahan
mabasa	pagbasahan
mabasa	pinapagbasahan
mabasa	pinagbabasahan
mabasa	ibasa
mabasa	ibinabasa
mabasa	ipabasa
mabasa	ipinababasa
mabasa	ipinapabasa
mabasa	ipagpabasa
mabasa	ipinagpapabasa
mabasa	ipinapagpabasa
mabasa	ikapagpabasa
mabasa	ikinapagpapabasa
mabasa	ikinakapagpabasa
mabasa	mabasahan
mabasa	nababasahan
mabasa	maibasa
mabasa	naibabasa
mabasa	maikabasa
mabasa	naikababasa
mabasa	naikakabasa
mabasa	naiikabasa
mabasa	mapagbasaan
mabasa	napagbabasaan
mabasa	napapagbasaan
mabasa	maipabasa
mabasa	naipababasa
mabasa	naipapabasa
mabasa	naiipabasa
mabasa	maipagpabasa
mabasa	naipagpapabasa
mabasa	naipapagpabasa
mabasa	naiipagpabasa
mabasa	maikapagpabasa
mabasa	naikapagpapabasa
mabasa	naikakapagpabasa
mabasa	naiikapagpabasa
mabasa	mapagpabasahan
mabasa	napagpapababasahan
mabasa	napapagpabasahan
mabasa	mapapagbasahan
mabasa	napapapagbasahan
mabasa	makibasa
mabasa	nakikibasa
mabasa	makipagpabasa
mabasa	nakikipagpabasa
mabasag	nabasag
mabasag	nababasag
mabasag	mababasag
mabasag	basagin
mabasag	binabasag
mabasag	inabasag
mabasag	basagan
mabasag	binabasagan
mabasag	inabasagan
mabasag	pagbasagan
mabasag	pinapagbasagan
mabasag	pinagbabasagan
mabasag	ibasag
mabasag	ibinabasag
mabasag	ipabasag
mabasag	ipinababasag
mabasag	ipinapabasag
mabasag	ipagpabasag
mabasag	ipinagpapabasag
mabasag	ipinapagpabasag
mabasag	ikapagpabasag
mabasag	ikinapagpapabasag
mabasag	ikinakapagpabasag
mabasag	mabasagan
mabasag	nababasagan
mabasag	maibasag
mabasag	naibabasag
mabasag	maikabasag
mabasag	naikababasag
mabasag	naikakabasag
mabasag	naiikabasag
mabasag	mapagbasagan
mabasag	napagbabasagan
mabasag	napapagbasagan
mabasag	maipabasag
mabasag	naipababasag
mabasag	naipapabasag
mabasag	naiipabasag
mabasag	maipagpabasag
mabasag	naipagpapabasag
mabasag	naipapagpabasag
mabasag	naiipagpabasag
mabasag	maikapagpabasag
mabasag	naikapagpapabasag
mabasag	naikakapagpabasag
mabasag	naiikapagpabasag
mabasag	mapagpabasagan
mabasag	napagpapababasagan
mabasag	napapagpabasagan
mabasag	mapapagbasagan
mabasag	napapapagbasagan
mabasag	makibasag
mabasag	nakikibasag
mabasag	makipagpabasag
mabasag	nakikipagpabasag
mabato	nabato
mabato	nababato
mabato	mababato
mabayaran	nabayaran
mabayaran	nababayaran
mabayaran	mababayaran
mabayaran	bayaran
mabayaran	binabayaran
mabayaran	inabayaran
mabayaran	pagbayaran
mabayaran	pinapagbayaran
mabayaran	pinagbabayaran
mabayaran	ipagbayad
mabayaran	ipinapagbayad
mabayaran	ipagpabayad
mabayaran	ipinagpapabayad
mabayaran	ipinapagpabayad
mabayaran	ikapagpabayad
mabayaran	ikinapagpapabayad
mabayaran	ikinakapagpabayad
mabayaran	maipagbayad
mabayaran	naipagbabayad
mabayaran	naipapagbayad
mabayaran	naiipagbayad
mabayaran	maikapagbayad
mabayaran	naikapagbabayad
mabayaran	naikapapagbayad
mabayaran	naiikapagbayad
mabayaran	mapagbayadan
mabayaran	napagbabayadan
mabayaran	napapagbayadan
mabayaran	maipagpabayad
mabayaran	naipagpapabayad
mabayaran	naipapagpabayad
mabayaran	naiipagpabayad
mabayaran	maikapagpabayad
mabayaran	naikapagpapabayad
mabayaran	naikakapagpabayad
mabayaran	naiikapagpabayad
mabayaran	mapagpabayaran
mabayaran	napagpapababayaran
mabayaran	napapagpabayaran
mabayaran	mapapagbayaran
mabayaran	napapapagbayaran
mabayaran	makipagbayad
mabayaran	nakikipagbayad
mabayaran	makibayad
mabayaran	nakikibayad
mabayaran	makipagpabayad
mabayaran	nakikipagpabayad
mabigatan	nabigatan
mabigatan	nabibigatan
mabigatan	mabibigatan
mabigo	nabigo
mabigo	nabibigo
mabigo	mabibigo
mabilog	nabilog
mabilog	nabibilog
mabilog	mabibilog
mabosesan	nabosesan
mabosesan	nabobosesan
mabosesan	mabobosesan
mabubuhay	
mabubuwisit	
mabuhay	nabuhay
mabuhay	nabubuhay
mabuhay	mabubuhay
mabuhol	nabuhol
mabuhol	nabubuhol
mabuhol	mabubuhol
mabuhol	buhulin
mabuhol	binubuhol
mabuhol	inabuhol
mabuhol	pagbuhulan
mabuhol	pinapagbuhulan
mabuhol	pinagbubuhulan
mabuhol	ipagbuhol
mabuhol	ipinapagbuhol
mabuhol	ipabuhol
mabuhol	ipinabubuhol
mabuhol	ipinapabuhol
mabuhol	ipagpabuhol
mabuhol	ipinagpapabuhol
mabuhol	ipinapagpabuhol
mabuhol	ikapagpabuhol
mabuhol	ikinapagpapabuhol
mabuhol	ikinakapagpabuhol
mabuhol	maipagbuhol
mabuhol	naipagbubuhol
mabuhol	naipapagbuhol
mabuhol	naiipagbuhol
mabuhol	maikapagbuhol
mabuhol	naikapagbubuhol
mabuhol	naikapapagbuhol
mabuhol	naiikapagbuhol
mabuhol	mapagbuholan
mabuhol	napagbubuholan
mabuhol	napapagbuholan
mabuhol	maipabuhol
mabuhol	naipabubuhol
mabuhol	naipapabuhol
mabuhol	naiipabuhol
mabuhol	maipagpabuhol
mabuhol	naipagpapabuhol
mabuhol	naipapagpabuhol
mabuhol	naiipagpabuhol
mabuhol	maikapagpabuhol
mabuhol	naikapagpapabuhol
mabuhol	naikakapagpabuhol
mabuhol	naiikapagpabuhol
mabuhol	mapagpabuhulan
mabuhol	napagpapabubuhulan
mabuhol	napapagpabuhulan
mabuhol	mapapagbuhulan
mabuhol	napapapagbuhulan
mabuhol	makipagbuhol
mabuhol	nakikipagbuhol
mabuhol	makibuhol
mabuhol	nakikibuhol
mabuhol	makipagpabuhol
mabuhol	nakikipagpabuhol
mabulas	nabulas
mabulas	nabubulas
mabulas	mabubulas
mabulunan	nabulunan
mabulunan	nabubulunan
mabulunan	mabubulunan
mabunutan	nabunutan
mabunutan	nabubunutan
mabunutan	mabubunutan
maburol	naburol
maburol	nabuburol
maburol	mabuburol
maburyong	naburyong
maburyong	nabuburyong
maburyong	mabuburyong
maburyong	kaburyongan
maburyong	kinakaburyongan
maburyong	kinabuburyongan
maburyong	ikapagpaburyong
maburyong	ikinapagpapaburyong
maburyong	ikinakapagpaburyong
maburyong	maikapagpaburyong
maburyong	naikapagpapaburyong
maburyong	naikakapagpaburyong
maburyong	naiikapagpaburyong
maburyong	makiburyong
maburyong	nakikiburyong
maburyong	makipagpaburyong
maburyong	nakikipagpaburyong
mabutas	nabutas
mabutas	nabubutas
mabutas	mabubutas
mabuwaya	nabuwaya
mabuwaya	nabubuwaya
mabuwaya	nabuwabuwaya
mabuwaya	mabubuwaya
mabuwaya	mabuwabuwaya
mabuwaya	buwayahin
mabuwaya	binubuwaya
mabuwaya	inabuwaya
mabuwaya	pambuwayahan
mabuwaya	pinambubuwayahan
mabuwaya	pinapambuwayahan
mabuwaya	ipambuwaya
mabuwaya	ipinapambuwaya
mabuwaya	ipabuwaya
mabuwaya	ipinabubuwaya
mabuwaya	ipinapabuwaya
mabuwaya	ipagpabuwaya
mabuwaya	ipinagpapabuwaya
mabuwaya	ipinapagpabuwaya
mabuwaya	ipapambuwaya
mabuwaya	ipinapapambuwaya
mabuwaya	ikapagpapambuwaya
mabuwaya	ikinapagpapapambuwaya
mabuwaya	ikinakapagpapambuwaya
mabuwaya	papambuwayahan
mabuwaya	pinapapambuwayahan
mabuwaya	maipauwaya
mabuwaya	naipauuwaya
mabuwaya	naipapauwaya
mabuwaya	naiipauwaya
mabuwaya	maikapauwaya
mabuwaya	naikapauuwaya
mabuwaya	naikapapauwaya
mabuwaya	naiikapauwaya
mabuwaya	mapauwayaan
mabuwaya	napauuwayaan
mabuwaya	napapauwayaan
mabuwaya	maipabuwaya
mabuwaya	naipabubuwaya
mabuwaya	naipapabuwaya
mabuwaya	naiipabuwaya
mabuwaya	maipagpabuwaya
mabuwaya	naipagpapabuwaya
mabuwaya	naipapagpabuwaya
mabuwaya	naiipagpabuwaya
mabuwaya	maipapambuwaya
mabuwaya	naipapapambuwaya
mabuwaya	naiipapambuwaya
mabuwaya	maikapagpapambuwaya
mabuwaya	naikapagpapapambuwaya
mabuwaya	naikakapagpapambuwaya
mabuwaya	naiikapagpapambuwaya
mabuwaya	mapapambuwayahan
mabuwaya	napapapambuwayahan
mabuwaya	makipambuwaya
mabuwaya	nakikipambuwaya
mabuwaya	makipagpabuwaya
mabuwaya	nakikipagpabuwaya
mabuwisit	nabuwisit
mabuwisit	nabubuwisit
mabuwisit	mabubuwisit
mabuwisit	buwisitin
mabuwisit	binubuwisit
mabuwisit	inabuwisit
mabuwisit	kabuwisitan
mabuwisit	kinakabuwisitan
mabuwisit	kinabubuwisitan
mabuwisit	ipabuwisit
mabuwisit	ipinabubuwisit
mabuwisit	ipinapabuwisit
mabuwisit	ikapagpabuwisit
mabuwisit	ikinapagpapabuwisit
mabuwisit	ikinakapagpabuwisit
mabuwisit	maipabuwisit
mabuwisit	naipabubuwisit
mabuwisit	naipapabuwisit
mabuwisit	naiipabuwisit
mabuwisit	maikapagpabuwisit
mabuwisit	naikapagpapabuwisit
mabuwisit	naikakapagpabuwisit
mabuwisit	naiikapagpabuwisit
mabuwisit	makibuwisit
mabuwisit	nakikibuwisit
mabuwisit	makipagpabuwisit
mabuwisit	nakikipagpabuwisit
madalian	nadalian
madalian	nadadalian
madalian	madadalian
madaliin	minadali
madaliin	minamadali
madaliin	mamadaliin
madamay	nadamay
madamay	nadadamay
madamay	madadamay
madaya	nadaya
madaya	nadadaya
madaya	nadaraya
madaya	madadaya
madaya	madaraya
madaya	dayain
madaya	dinadaya
madaya	inadaya
madaya	pandayaan
madaya	pinandadayaan
madaya	pinapandayaan
madaya	ipandaya
madaya	ipinapandaya
madaya	ipadaya
madaya	ipinadadaya
madaya	ipinapadaya
madaya	ipagpadaya
madaya	ipinagpapadaya
madaya	ipinapagpadaya
madaya	ipapandaya
madaya	ipinapapandaya
madaya	ikapagpapandaya
madaya	ikinapagpapapandaya
madaya	ikinakapagpapandaya
madaya	papandayaan
madaya	pinapapandayaan
madaya	maipaaya
madaya	naipaaaya
madaya	naipapaaya
madaya	naiipaaya
madaya	maikapaaya
madaya	naikapaaaya
madaya	naikapapaaya
madaya	naiikapaaya
madaya	mapaayaan
madaya	napaaayaan
madaya	napapaayaan
madaya	maipadaya
madaya	naipadadaya
madaya	naipapadaya
madaya	naiipadaya
madaya	maipagpadaya
madaya	naipagpapadaya
madaya	naipapagpadaya
madaya	naiipagpadaya
madaya	maipapandaya
madaya	naipapapandaya
madaya	naiipapandaya
madaya	maikapagpapandaya
madaya	naikapagpapapandaya
madaya	naikakapagpapandaya
madaya	naiikapagpapandaya
madaya	mapapandayaan
madaya	napapapandayaan
madaya	makipandaya
madaya	nakikipandaya
madaya	makipagpadaya
madaya	nakikipagpadaya
madeskaril	nadeskaril
madeskaril	nadedeskaril
madeskaril	madedeskaril
madiin	nadiin
madiin	nadidiin
madiin	madidiin
madiin	idiin
madiin	idinidiin
madiin	inadiin
madiin	kadiinan
madiin	kinakadiinan
madiin	kinadidiinan
madiin	ipadiin
madiin	ipinadidiin
madiin	ipinapadiin
madiin	ikapagpadiin
madiin	ikinapagpapadiin
madiin	ikinakapagpadiin
madiin	maidiin
madiin	naididiin
madiin	maipadiin
madiin	naipadidiin
madiin	naipapadiin
madiin	naiipadiin
madiin	maikapagpadiin
madiin	naikapagpapadiin
madiin	naikakapagpadiin
madiin	naiikapagpadiin
madiin	makidiin
madiin	nakikidiin
madiin	makipagpadiin
madiin	nakikipagpadiin
maduga	naduga
maduga	naduruga
maduga	maduruga
madulas	nadulas
madulas	nadudulas
madulas	madudulas
madumi	nadumi
madumi	nadudumi
madumi	madudumi
madumi	matae
madumi	natatae
maduwal	naduwal
maduwal	naduruwal
maduwal	maduruwal
maduwal	naduduwal
mag-aamyenda	
mag-aaral	
mag-aararo	
mag-abala	nag-abala
mag-abala	nag-aabala
mag-abala	mag-aabala
mag-abang	nag-abang
mag-abang	nag-aabang
mag-abang	mag-aabang
mag-abaniko	nag-abaniko
mag-abaniko	nag-aabaniko
mag-abaniko	mag-aabaniko
mag-abdika	nag-abdika
mag-abdika	nag-aabdika
mag-abdika	mag-aabdika
mag-abese	nag-abese
mag-abese	nag-aabese
mag-abese	mag-aabese
mag-abuloy	nag-abuloy
mag-abuloy	nag-aabuloy
mag-abuloy	mag-aabuloy
mag-abuso	nag-abuso
mag-abuso	nag-aabuso
mag-abuso	mag-aabuso
mag-abuso	abusuhin
mag-abuso	inaabuso
mag-abuso	pag-abusuhan
mag-abuso	pinapag-abusuhan
mag-abuso	pinag-aabusuhan
mag-abuso	ipag-abuso
mag-abuso	ipinapag-abuso
mag-abuso	ipaabuso
mag-abuso	ipinaaabuso
mag-abuso	ipinapaabuso
mag-abuso	ipagpaabuso
mag-abuso	ipinagpapaabuso
mag-abuso	ipinapagpaabuso
mag-abuso	ikapagpaabuso
mag-abuso	ikinapagpapaabuso
mag-abuso	ikinakapagpaabuso
mag-abuso	maabuso
mag-abuso	naaabuso
mag-abuso	maipag-abuso
mag-abuso	naipag-aabuso
mag-abuso	naipapag-abuso
mag-abuso	naiipag-abuso
mag-abuso	maikapag-abuso
mag-abuso	naikapag-aabuso
mag-abuso	naikapapag-abuso
mag-abuso	naiikapag-abuso
mag-abuso	mapag-abusoan
mag-abuso	napag-aabusoan
mag-abuso	napapag-abusoan
mag-abuso	maipaabuso
mag-abuso	naipaaabuso
mag-abuso	naipapaabuso
mag-abuso	naiipaabuso
mag-abuso	maipagpaabuso
mag-abuso	naipagpapaabuso
mag-abuso	naipapagpaabuso
mag-abuso	naiipagpaabuso
mag-abuso	maikapagpaabuso
mag-abuso	naikapagpapaabuso
mag-abuso	naikakapagpaabuso
mag-abuso	naiikapagpaabuso
mag-abuso	mapagpaabusuhan
mag-abuso	napagpapaaabusuhan
mag-abuso	napapagpaabusuhan
mag-abuso	mapapag-abusuhan
mag-abuso	napapapag-abusuhan
mag-abuso	makipag-abuso
mag-abuso	nakikipag-abuso
mag-abuso	makiabuso
mag-abuso	nakikiabuso
mag-abuso	makipagpaabuso
mag-abuso	nakikipagpaabuso
mag-agpang	nag-agpang
mag-agpang	nag-aagpang
mag-agpang	mag-aagpang
mag-agpang	agpangan
mag-agpang	inaagpangan
mag-agpang	pag-agpangan
mag-agpang	pinapag-agpangan
mag-agpang	pinag-aagpangan
mag-agpang	ipag-agpang
mag-agpang	ipinapag-agpang
mag-agpang	ipagpaagpang
mag-agpang	ipinagpapaagpang
mag-agpang	ipinapagpaagpang
mag-agpang	ikapagpaagpang
mag-agpang	ikinapagpapaagpang
mag-agpang	ikinakapagpaagpang
mag-agpang	maagpangan
mag-agpang	naaagpangan
mag-agpang	maipag-agpang
mag-agpang	naipag-aagpang
mag-agpang	naipapag-agpang
mag-agpang	naiipag-agpang
mag-agpang	maikapag-agpang
mag-agpang	naikapag-aagpang
mag-agpang	naikapapag-agpang
mag-agpang	naiikapag-agpang
mag-agpang	mapag-agpangan
mag-agpang	napag-aagpangan
mag-agpang	napapag-agpangan
mag-agpang	maipagpaagpang
mag-agpang	naipagpapaagpang
mag-agpang	naipapagpaagpang
mag-agpang	naiipagpaagpang
mag-agpang	maikapagpaagpang
mag-agpang	naikapagpapaagpang
mag-agpang	naikakapagpaagpang
mag-agpang	naiikapagpaagpang
mag-agpang	mapagpaagpangan
mag-agpang	napagpapaaagpangan
mag-agpang	napapagpaagpangan
mag-agpang	mapapag-agpangan
mag-agpang	napapapag-agpangan
mag-agpang	makipag-agpang
mag-agpang	nakikipag-agpang
mag-agpang	makiagpang
mag-agpang	nakikiagpang
mag-agpang	makipagpaagpang
mag-agpang	nakikipagpaagpang
mag-ahedres	nag-ahedres
mag-ahedres	nag-aahedres
mag-ahedres	mag-aahedres
mag-aklas	nag-aklas
mag-aklas	nag-aaklas
mag-aklas	mag-aaklas
mag-aksaya	nag-aksaya
mag-aksaya	nag-aaksaya
mag-aksaya	mag-aaksaya
mag-aksaya	aksayahin
mag-aksaya	inaaksaya
mag-aksaya	pagaksayahan
mag-aksaya	pinapagaksayahan
mag-aksaya	pinagakaksayahan
mag-aksaya	ipag-aksaya
mag-aksaya	ipinapag-aksaya
mag-aksaya	ipaaksaya
mag-aksaya	ipinaaaksaya
mag-aksaya	ipinapaaksaya
mag-aksaya	ipagpaaksaya
mag-aksaya	ipinagpapaaksaya
mag-aksaya	ipinapagpaaksaya
mag-aksaya	ikapagpaaksaya
mag-aksaya	ikinapagpapaaksaya
mag-aksaya	ikinakapagpaaksaya
mag-aksaya	maaksaya
mag-aksaya	naaaksaya
mag-aksaya	maipag-aksaya
mag-aksaya	naipag-aaksaya
mag-aksaya	naipapag-aksaya
mag-aksaya	naiipag-aksaya
mag-aksaya	maikapag-aksaya
mag-aksaya	naikapag-aaksaya
mag-aksaya	naikapapag-aksaya
mag-aksaya	naiikapag-aksaya
mag-aksaya	mapag-aksayaan
mag-aksaya	napag-aaksayaan
mag-aksaya	napapag-aksayaan
mag-aksaya	maipaaksaya
mag-aksaya	naipaaaksaya
mag-aksaya	naipapaaksaya
mag-aksaya	naiipaaksaya
mag-aksaya	maipagpaaksaya
mag-aksaya	naipagpapaaksaya
mag-aksaya	naipapagpaaksaya
mag-aksaya	naiipagpaaksaya
mag-aksaya	maikapagpaaksaya
mag-aksaya	naikapagpapaaksaya
mag-aksaya	naikakapagpaaksaya
mag-aksaya	naiikapagpaaksaya
mag-aksaya	mapagpaaksayahan
mag-aksaya	napagpapaakaksayahan
mag-aksaya	napapagpaaksayahan
mag-aksaya	mapapagaksayahan
mag-aksaya	napapapagaksayahan
mag-aksaya	makipag-aksaya
mag-aksaya	nakikipag-aksaya
mag-aksaya	makiaksaya
mag-aksaya	nakikiaksaya
mag-aksaya	makipagpaaksaya
mag-aksaya	nakikipagpaaksaya
mag-alala	nag-alala
mag-alala	nag-aalala
mag-alala	mag-aalala
mag-alay	nag-alay
mag-alay	nag-aalay
mag-alay	mag-aalay
mag-alboroto	nag-alboroto
mag-alboroto	nag-aalboroto
mag-alboroto	mag-aalboroto
mag-alimuranin	nag-alimuranin
mag-alimuranin	nag-aalimuranin
mag-alimuranin	mag-aalimuranin
mag-almasena	nag-almasena
mag-almasena	nag-aalmasena
mag-almasena	mag-aalmasena
mag-almusal	nag-almusal
mag-almusal	nag-aalmusal
mag-almusal	mag-aalmusal
mag-alog	nag-alog
mag-alog	nag-aalog
mag-alog	mag-aalog
mag-alsa	nag-alsa
mag-alsa	nag-aalsa
mag-alsa	mag-aalsa
mag-amoy	nag-amoy
mag-amoy	nag-aamoy
mag-amoy	mag-aamoy
mag-anak	nag-anak
mag-anak	nag-aanak
mag-anak	mag-aanak
mag-anunsiyo	nag-anunsiyo
mag-anunsiyo	nag-aanunsiyo
mag-anunsiyo	mag-aanunsiyo
mag-anunsiyo	ianunsiyo
mag-anunsiyo	iniaanunsiyo
mag-anunsiyo	inaanunsiyo
mag-anunsiyo	pag-anunsiyoan
mag-anunsiyo	pinapag-anunsiyoan
mag-anunsiyo	pinag-aanunsiyoan
mag-anunsiyo	ipag-anunsiyo
mag-anunsiyo	ipinapag-anunsiyo
mag-anunsiyo	ipaanunsiyo
mag-anunsiyo	ipinaaanunsiyo
mag-anunsiyo	ipinapaanunsiyo
mag-anunsiyo	ipagpaanunsiyo
mag-anunsiyo	ipinagpapaanunsiyo
mag-anunsiyo	ipinapagpaanunsiyo
mag-anunsiyo	ikapagpaanunsiyo
mag-anunsiyo	ikinapagpapaanunsiyo
mag-anunsiyo	ikinakapagpaanunsiyo
mag-anunsiyo	maianunsiyo
mag-anunsiyo	naiaanunsiyo
mag-anunsiyo	maipag-anunsiyo
mag-anunsiyo	naipag-aanunsiyo
mag-anunsiyo	naipapag-anunsiyo
mag-anunsiyo	naiipag-anunsiyo
mag-anunsiyo	maikapag-anunsiyo
mag-anunsiyo	naikapag-aanunsiyo
mag-anunsiyo	naikapapag-anunsiyo
mag-anunsiyo	naiikapag-anunsiyo
mag-anunsiyo	mapag-anunsiyoan
mag-anunsiyo	napag-aanunsiyoan
mag-anunsiyo	napapag-anunsiyoan
mag-anunsiyo	maipaanunsiyo
mag-anunsiyo	naipaaanunsiyo
mag-anunsiyo	naipapaanunsiyo
mag-anunsiyo	naiipaanunsiyo
mag-anunsiyo	maipagpaanunsiyo
mag-anunsiyo	naipagpapaanunsiyo
mag-anunsiyo	naipapagpaanunsiyo
mag-anunsiyo	naiipagpaanunsiyo
mag-anunsiyo	maikapagpaanunsiyo
mag-anunsiyo	naikapagpapaanunsiyo
mag-anunsiyo	naikakapagpaanunsiyo
mag-anunsiyo	naiikapagpaanunsiyo
mag-anunsiyo	mapagpaanunsiyoan
mag-anunsiyo	napagpapaaanunsiyoan
mag-anunsiyo	napapagpaanunsiyoan
mag-anunsiyo	mapapag-anunsiyoan
mag-anunsiyo	napapapag-anunsiyoan
mag-anunsiyo	makipag-anunsiyo
mag-anunsiyo	nakikipag-anunsiyo
mag-anunsiyo	makianunsiyo
mag-anunsiyo	nakikianunsiyo
mag-anunsiyo	makipagpaanunsiyo
mag-anunsiyo	nakikipagpaanunsiyo
mag-anunsyo	nag-anunsyo
mag-anunsyo	nag-aanunsyo
mag-anunsyo	mag-aanunsyo
mag-anyaya	nag-anyaya
mag-anyaya	nag-aanyaya
mag-anyaya	mag-aanyaya
mag-aplay	nag-aplay
mag-aplay	nag-aaplay
mag-aplay	mag-aaplay
mag-apuhap	nag-apuhap
mag-apuhap	nag-aapuhap
mag-apuhap	mag-aapuhap
mag-apura	nag-apura
mag-apura	nag-aapura
mag-apura	mag-aapura
mag-apura	apurahin
mag-apura	inaapura
mag-apura	pag-apurahan
mag-apura	pinapag-apurahan
mag-apura	pinag-aapurahan
mag-apura	ipag-apura
mag-apura	ipinapag-apura
mag-apura	ipaapura
mag-apura	ipinaaapura
mag-apura	ipinapaapura
mag-apura	ipagpaapura
mag-apura	ipinagpapaapura
mag-apura	ipinapagpaapura
mag-apura	ikapagpaapura
mag-apura	ikinapagpapaapura
mag-apura	ikinakapagpaapura
mag-apura	maapura
mag-apura	naaapura
mag-apura	maipag-apura
mag-apura	naipag-aapura
mag-apura	naipapag-apura
mag-apura	naiipag-apura
mag-apura	maikapag-apura
mag-apura	naikapag-aapura
mag-apura	naikapapag-apura
mag-apura	naiikapag-apura
mag-apura	mapag-apuraan
mag-apura	napag-aapuraan
mag-apura	napapag-apuraan
mag-apura	maipaapura
mag-apura	naipaaapura
mag-apura	naipapaapura
mag-apura	naiipaapura
mag-apura	maipagpaapura
mag-apura	naipagpapaapura
mag-apura	naipapagpaapura
mag-apura	naiipagpaapura
mag-apura	maikapagpaapura
mag-apura	naikapagpapaapura
mag-apura	naikakapagpaapura
mag-apura	naiikapagpaapura
mag-apura	mapagpaapurahan
mag-apura	napagpapaaapurahan
mag-apura	napapagpaapurahan
mag-apura	mapapag-apurahan
mag-apura	napapapag-apurahan
mag-apura	makipag-apura
mag-apura	nakikipag-apura
mag-apura	makiapura
mag-apura	nakikiapura
mag-apura	makipagpaapura
mag-apura	nakikipagpaapura
mag-aral	nag-aral
mag-aral	nag-aaral
mag-aral	mag-aaral
mag-araro	nag-araro
mag-araro	nag-aararo
mag-araro	mag-aararo
mag-arkila	nag-arkila
mag-arkila	nag-aarkila
mag-arkila	mag-aarkila
mag-arkila	arkilahin
mag-arkila	inaarkila
mag-arkila	pag-arkilahan
mag-arkila	pinapag-arkilahan
mag-arkila	pinag-aarkilahan
mag-arkila	ipag-arkila
mag-arkila	ipinapag-arkila
mag-arkila	ipaarkila
mag-arkila	ipinaaarkila
mag-arkila	ipinapaarkila
mag-arkila	ipagpaarkila
mag-arkila	ipinagpapaarkila
mag-arkila	ipinapagpaarkila
mag-arkila	ikapagpaarkila
mag-arkila	ikinapagpapaarkila
mag-arkila	ikinakapagpaarkila
mag-arkila	maarkila
mag-arkila	naaarkila
mag-arkila	maipag-arkila
mag-arkila	naipag-aarkila
mag-arkila	naipapag-arkila
mag-arkila	naiipag-arkila
mag-arkila	maikapag-arkila
mag-arkila	naikapag-aarkila
mag-arkila	naikapapag-arkila
mag-arkila	naiikapag-arkila
mag-arkila	mapag-arkilaan
mag-arkila	napag-aarkilaan
mag-arkila	napapag-arkilaan
mag-arkila	maipaarkila
mag-arkila	naipaaarkila
mag-arkila	naipapaarkila
mag-arkila	naiipaarkila
mag-arkila	maipagpaarkila
mag-arkila	naipagpapaarkila
mag-arkila	naipapagpaarkila
mag-arkila	naiipagpaarkila
mag-arkila	maikapagpaarkila
mag-arkila	naikapagpapaarkila
mag-arkila	naikakapagpaarkila
mag-arkila	naiikapagpaarkila
mag-arkila	mapagpaarkilahan
mag-arkila	napagpapaaarkilahan
mag-arkila	napapagpaarkilahan
mag-arkila	mapapag-arkilahan
mag-arkila	napapapag-arkilahan
mag-arkila	makipag-arkila
mag-arkila	nakikipag-arkila
mag-arkila	makiarkila
mag-arkila	nakikiarkila
mag-arkila	makipagpaarkila
mag-arkila	nakikipagpaarkila
mag-asawa	nag-asawa
mag-asawa	nag-aasawa
mag-asawa	mag-aasawa
mag-asawa	asawahin
mag-asawa	inaasawa
mag-asawa	pag-asawahan
mag-asawa	pinapag-asawahan
mag-asawa	pinag-aasawahan
mag-asawa	ipag-asawa
mag-asawa	ipinapag-asawa
mag-asawa	ipaasawa
mag-asawa	ipinaaasawa
mag-asawa	ipinapaasawa
mag-asawa	ipagpaasawa
mag-asawa	ipinagpapaasawa
mag-asawa	ipinapagpaasawa
mag-asawa	ikapagpaasawa
mag-asawa	ikinapagpapaasawa
mag-asawa	ikinakapagpaasawa
mag-asawa	maasawa
mag-asawa	naaasawa
mag-asawa	maipag-asawa
mag-asawa	naipag-aasawa
mag-asawa	naipapag-asawa
mag-asawa	naiipag-asawa
mag-asawa	maikapag-asawa
mag-asawa	naikapag-aasawa
mag-asawa	naikapapag-asawa
mag-asawa	naiikapag-asawa
mag-asawa	mapag-asawaan
mag-asawa	napag-aasawaan
mag-asawa	napapag-asawaan
mag-asawa	maipaasawa
mag-asawa	naipaaasawa
mag-asawa	naipapaasawa
mag-asawa	naiipaasawa
mag-asawa	maipagpaasawa
mag-asawa	naipagpapaasawa
mag-asawa	naipapagpaasawa
mag-asawa	naiipagpaasawa
mag-asawa	maikapagpaasawa
mag-asawa	naikapagpapaasawa
mag-asawa	naikakapagpaasawa
mag-asawa	naiikapagpaasawa
mag-asawa	mapagpaasawahan
mag-asawa	napagpapaaasawahan
mag-asawa	napapagpaasawahan
mag-asawa	mapapag-asawahan
mag-asawa	napapapag-asawahan
mag-asawa	makipag-asawa
mag-asawa	nakikipag-asawa
mag-asawa	makiasawa
mag-asawa	nakikiasawa
mag-asawa	makipagpaasawa
mag-asawa	nakikipagpaasawa
mag-asikaso	nag-asikaso
mag-asikaso	nag-aasikaso
mag-asikaso	mag-aasikaso
mag-away	nag-away
mag-away	nag-aaway
mag-away	mag-aaway
mag-away	awayin
mag-away	inaaway
mag-away	pag-awayan
mag-away	pinapag-awayan
mag-away	pinag-aawayan
mag-away	ipag-away
mag-away	ipinapag-away
mag-away	ipaaway
mag-away	ipinaaaway
mag-away	ipinapaaway
mag-away	ipagpaaway
mag-away	ipinagpapaaway
mag-away	ipinapagpaaway
mag-away	ikapagpaaway
mag-away	ikinapagpapaaway
mag-away	ikinakapagpaaway
mag-away	maaway
mag-away	naaaway
mag-away	maipag-away
mag-away	naipag-aaway
mag-away	naipapag-away
mag-away	naiipag-away
mag-away	maikapag-away
mag-away	naikapag-aaway
mag-away	naikapapag-away
mag-away	naiikapag-away
mag-away	mapag-awayan
mag-away	napag-aawayan
mag-away	napapag-awayan
mag-away	maipaaway
mag-away	naipaaaway
mag-away	naipapaaway
mag-away	naiipaaway
mag-away	maipagpaaway
mag-away	naipagpapaaway
mag-away	naipapagpaaway
mag-away	naiipagpaaway
mag-away	maikapagpaaway
mag-away	naikapagpapaaway
mag-away	naikakapagpaaway
mag-away	naiikapagpaaway
mag-away	mapagpaawayan
mag-away	napagpapaaawayan
mag-away	napapagpaawayan
mag-away	mapapag-awayan
mag-away	napapapag-awayan
mag-away	makipag-away
mag-away	nakikipag-away
mag-away	makiaway
mag-away	nakikiaway
mag-away	makipagpaaway
mag-away	nakikipagpaaway
mag-ayuno	nag-ayuno
mag-ayuno	nag-aayuno
mag-ayuno	mag-aayuno
mag-bisaya	nag-bisaya
mag-bisaya	nagbi-bisaya
mag-bisaya	magbi-bisaya
mag-comment	nag-comment
mag-comment	nagko-comment
mag-comment	magko-comment
mag-eemyenda	
mag-ehersisyo	nag-ehersisyo
mag-ehersisyo	nag-eehersisyo
mag-ehersisyo	mag-eehersisyo
mag-ehersisyo	pag-ehersisyuhan
mag-ehersisyo	pinapag-ehersisyuhan
mag-ehersisyo	pinag-eehersisyuhan
mag-ehersisyo	ipag-ehersisyo
mag-ehersisyo	ipinapag-ehersisyo
mag-ehersisyo	ipagpaehersisyo
mag-ehersisyo	ipinagpapaehersisyo
mag-ehersisyo	ipinapagpaehersisyo
mag-ehersisyo	ikapagpaehersisyo
mag-ehersisyo	ikinapagpapaehersisyo
mag-ehersisyo	ikinakapagpaehersisyo
mag-ehersisyo	maipag-ehersisyo
mag-ehersisyo	naipag-eehersisyo
mag-ehersisyo	naipapag-ehersisyo
mag-ehersisyo	naiipag-ehersisyo
mag-ehersisyo	maikapag-ehersisyo
mag-ehersisyo	naikapag-eehersisyo
mag-ehersisyo	naikapapag-ehersisyo
mag-ehersisyo	naiikapag-ehersisyo
mag-ehersisyo	mapag-ehersisyoan
mag-ehersisyo	napag-eehersisyoan
mag-ehersisyo	napapag-ehersisyoan
mag-ehersisyo	maipagpaehersisyo
mag-ehersisyo	naipagpapaehersisyo
mag-ehersisyo	naipapagpaehersisyo
mag-ehersisyo	naiipagpaehersisyo
mag-ehersisyo	maikapagpaehersisyo
mag-ehersisyo	naikapagpapaehersisyo
mag-ehersisyo	naikakapagpaehersisyo
mag-ehersisyo	naiikapagpaehersisyo
mag-ehersisyo	mapagpaehersisyuhan
mag-ehersisyo	napagpapaeehersisyuhan
mag-ehersisyo	napapagpaehersisyuhan
mag-ehersisyo	mapapag-ehersisyuhan
mag-ehersisyo	napapapag-ehersisyuhan
mag-ehersisyo	makipag-ehersisyo
mag-ehersisyo	nakikipag-ehersisyo
mag-ehersisyo	makiehersisyo
mag-ehersisyo	nakikiehersisyo
mag-ehersisyo	makipagpaehersisyo
mag-ehersisyo	nakikipagpaehersisyo
mag-embalsamo	nag-embalsamo
mag-embalsamo	nag-eembalsamo
mag-embalsamo	mag-eembalsamo
mag-empake	nag-empake
mag-empake	nag-eempake
mag-empake	mag-eempake
mag-emyenda	nag-emyenda
mag-emyenda	nag-eemyenda
mag-emyenda	mag-eemyenda
mag-emyenda	iemyenda
mag-emyenda	inieemyenda
mag-emyenda	inaemyenda
mag-emyenda	emyendahan
mag-emyenda	ineemyendahan
mag-emyenda	inaemyendahan
mag-emyenda	pag-emyendahan
mag-emyenda	pinapag-emyendahan
mag-emyenda	pinag-eemyendahan
mag-emyenda	ipag-emyenda
mag-emyenda	ipinapag-emyenda
mag-emyenda	ipaemyenda
mag-emyenda	ipinaeemyenda
mag-emyenda	ipinapaemyenda
mag-emyenda	ipagpaemyenda
mag-emyenda	ipinagpapaemyenda
mag-emyenda	ipinapagpaemyenda
mag-emyenda	ikapagpaemyenda
mag-emyenda	ikinapagpapaemyenda
mag-emyenda	ikinakapagpaemyenda
mag-emyenda	maiemyenda
mag-emyenda	naieemyenda
mag-emyenda	maemyendahan
mag-emyenda	naeemyendahan
mag-emyenda	maipag-emyenda
mag-emyenda	naipag-eemyenda
mag-emyenda	naipapag-emyenda
mag-emyenda	naiipag-emyenda
mag-emyenda	maikapag-emyenda
mag-emyenda	naikapag-eemyenda
mag-emyenda	naikapapag-emyenda
mag-emyenda	naiikapag-emyenda
mag-emyenda	mapag-emyendaan
mag-emyenda	napag-eemyendaan
mag-emyenda	napapag-emyendaan
mag-emyenda	maipaemyenda
mag-emyenda	naipaeemyenda
mag-emyenda	naipapaemyenda
mag-emyenda	naiipaemyenda
mag-emyenda	maipagpaemyenda
mag-emyenda	naipagpapaemyenda
mag-emyenda	naipapagpaemyenda
mag-emyenda	naiipagpaemyenda
mag-emyenda	maikapagpaemyenda
mag-emyenda	naikapagpapaemyenda
mag-emyenda	naikakapagpaemyenda
mag-emyenda	naiikapagpaemyenda
mag-emyenda	mapagpaemyendahan
mag-emyenda	napagpapaeemyendahan
mag-emyenda	napapagpaemyendahan
mag-emyenda	mapapag-emyendahan
mag-emyenda	napapapag-emyendahan
mag-emyenda	makipag-emyenda
mag-emyenda	nakikipag-emyenda
mag-emyenda	makiemyenda
mag-emyenda	nakikiemyenda
mag-emyenda	makipagpaemyenda
mag-emyenda	nakikipagpaemyenda
mag-eroplano	nag-eroplano
mag-eroplano	nag-eeroplano
mag-eroplano	mag-eeroplano
mag-espadahan	nag-espadahan
mag-espadahan	nag-eespadahan
mag-espadahan	mag-eespadahan
mag-igba	nag-igba
mag-igba	nag-iigba
mag-igba	mag-iigba
mag-igib	nag-igib
mag-igib	nag-iigib
mag-igib	mag-iigib
mag-iigib	
mag-iinaama	
mag-iiniina	
mag-iiras	
mag-imbak	nag-imbak
mag-imbak	nag-iimbak
mag-imbak	mag-iimbak
mag-imprenta	nag-imprenta
mag-imprenta	nag-iimprenta
mag-imprenta	mag-iimprenta
mag-inaama	nag-inaama
mag-inaama	nag-iinaama
mag-inaama	mag-iinaama
mag-ingat	nag-ingat
mag-ingat	nag-iingat
mag-ingat	mag-iingat
mag-ingles	nag-ingles
mag-ingles	nag-iingles
mag-ingles	mag-iingles
mag-iniina	nag-iniina
mag-iniina	nag-iiniina
mag-iniina	mag-iiniina
mag-interbiyu	nag-interbiyu
mag-interbiyu	nag-iinterbiyu
mag-interbiyu	mag-iinterbiyu
mag-ipon	nag-ipon
mag-ipon	nag-iipon
mag-ipon	mag-iipon
mag-iras	nag-iras
mag-iras	nag-iiras
mag-iras	mag-iiras
mag-isa	nag-isa
mag-isa	nag-iisa
mag-isa	mag-iisa
mag-isang-dibdib	nag-isang-dibdib
mag-isang-dibdib	nag-iisang-dibdib
mag-isang-dibdib	mag-iisang-dibdib
mag-isip	nag-isip
mag-isip	nag-iisip
mag-isip	mag-iisip
mag-iskedyul	nag-iskedyul
mag-iskedyul	nag-iiskedyul
mag-iskedyul	mag-iiskedyul
mag-istambay	nag-istambay
mag-istambay	nag-iistambay
mag-istambay	mag-iistambay
mag-like	nag-like
mag-like	nagla-like
mag-like	magla-like
mag-opera	nag-opera
mag-opera	nag-oopera
mag-opera	mag-oopera
mag-opisina	nag-opisina
mag-opisina	nag-oopisina
mag-opisina	mag-oopisina
mag-overtaym	nag-overtaym
mag-overtaym	nag-oovertaym
mag-overtaym	mag-oovertaym
mag-post	nag-post
mag-post	nagpo-post
mag-post	magpo-post
mag-subscribe	nag-subscribe
mag-subscribe	nagsu-subscribe
mag-subscribe	magsu-subscribe
mag-subscribe	magsubscribe
mag-subscribe	nagsusubscribe
mag-tweet	nag-tweet
mag-tweet	nagtu-tweet
mag-tweet	magtu-tweet
mag-ulay	nag-ulay
mag-ulay	nag-uulay
mag-ulay	mag-uulay
mag-uling	nag-uling
mag-uling	nag-uuling
mag-uling	mag-uuling
mag-umpisa	nag-umpisa
mag-umpisa	nag-uumpisa
mag-umpisa	mag-uumpisa
mag-umpisa	magumpisa
mag-umpisa	nagumumpisa
mag-usap	nag-usap
mag-usap	nag-uusap
mag-usap	mag-uusap
mag-utos	nag-utos
mag-utos	nag-uutos
mag-utos	mag-uutos
mag-uuling	
magaanan	nagaanan
magaanan	nagagaanan
magaanan	magagaanan
magaganap	
magagandahan	
magalaw	nagalaw
magalaw	nagagalaw
magalaw	magagalaw
magalit	nagalit
magalit	nagagalit
magalit	magagalit
magamot	nagagamot
maganap	naganap
maganap	nagaganap
maganap	magaganap
maganap	ganapin
maganap	ginaganap
maganap	inaganap
maganap	kaganapan
maganap	kinakaganapan
maganap	kinagaganapan
maganap	ipaganap
maganap	ipinagaganap
maganap	ipinapaganap
maganap	ikapagpaganap
maganap	ikinapagpapaganap
maganap	ikinakapagpaganap
maganap	maipaganap
maganap	naipagaganap
maganap	naipapaganap
maganap	naiipaganap
maganap	maikapagpaganap
maganap	naikapagpapaganap
maganap	naikakapagpaganap
maganap	naiikapagpaganap
maganap	makiganap
maganap	nakikiganap
maganap	makipagpaganap
maganap	nakikipagpaganap
magandahan	nagandahan
magandahan	nagagandahan
magandahan	magagandahan
magawa	nagawa
magawa	nagagawa
magawa	magagawa
magbabaka	
magbabakal	
magbabaon	
magbabasa	
magbahay-bahay	nagbahay-bahay
magbahay-bahay	nagbabahay-bahay
magbahay-bahay	magbabahay-bahay
magbakal	nagbakal
magbakal	nagbabakal
magbakal	magbabakal
magbakasakali	nagbakasakali
magbakasakali	nagbabakasakali
magbakasakali	magbabakasakali
magbalatkayo	nagbalatkayo
magbalatkayo	nagbabalatkayo
magbalatkayo	magbabalatkayo
magbalik	nagbalik
magbalik	nagbabalik
magbalik	magbabalik
magbalik-islam	
magbalik-loob	nagbalik-loob
magbalik-loob	nagbabalik-loob
magbalik-loob	magbabalik-loob
magbaluti	nagbaluti
magbaluti	nagbabaluti
magbaluti	magbabaluti
magbanda	nagbanda
magbanda	nagbabanda
magbanda	magbabanda
magbansag	nagbansag
magbansag	nagbabansag
magbansag	magbabansag
magbansag	bansagan
magbansag	binnbansagan
magbansag	inabansagan
magbansag	pagbansagan
magbansag	pinapagbansagan
magbansag	pinagbnbansagan
magbansag	ipagbansag
magbansag	ipinapagbansag
magbansag	ipagpabansag
magbansag	ipinagpapabansag
magbansag	ipinapagpabansag
magbansag	ikapagpabansag
magbansag	ikinapagpapabansag
magbansag	ikinakapagpabansag
magbansag	mabansagan
magbansag	nabnbansagan
magbansag	maipagbansag
magbansag	naipagbabansag
magbansag	naipapagbansag
magbansag	naiipagbansag
magbansag	maikapagbansag
magbansag	naikapagbabansag
magbansag	naikapapagbansag
magbansag	naiikapagbansag
magbansag	mapagbansagan
magbansag	napagbabansagan
magbansag	napapagbansagan
magbansag	maipagpabansag
magbansag	naipagpapabansag
magbansag	naipapagpabansag
magbansag	naiipagpabansag
magbansag	maikapagpabansag
magbansag	naikapagpapabansag
magbansag	naikakapagpabansag
magbansag	naiikapagpabansag
magbansag	mapagpabansagan
magbansag	napagpapabnbansagan
magbansag	napapagpabansagan
magbansag	mapapagbansagan
magbansag	napapapagbansagan
magbansag	makipagbansag
magbansag	nakikipagbansag
magbansag	makibansag
magbansag	nakikibansag
magbansag	makipagpabansag
magbansag	nakikipagpabansag
magbanta	nagbanta
magbanta	nagbabanta
magbanta	magbabanta
magbaon	nagbaon
magbaon	nagbabaon
magbaon	magbabaon
magbaon	baunin
magbaon	binabaon
magbaon	inabaon
magbaon	pagbaunan
magbaon	pinapagbaunan
magbaon	pinagbabaunan
magbaon	ipagbaon
magbaon	ipinapagbaon
magbaon	ipabaon
magbaon	ipinababaon
magbaon	ipinapabaon
magbaon	ipagpabaon
magbaon	ipinagpapabaon
magbaon	ipinapagpabaon
magbaon	ikapagpabaon
magbaon	ikinapagpapabaon
magbaon	ikinakapagpabaon
magbaon	mabaon
magbaon	nababaon
magbaon	maipagbaon
magbaon	naipagbabaon
magbaon	naipapagbaon
magbaon	naiipagbaon
magbaon	maikapagbaon
magbaon	naikapagbabaon
magbaon	naikapapagbaon
magbaon	naiikapagbaon
magbaon	mapagbaonan
magbaon	napagbabaonan
magbaon	napapagbaonan
magbaon	maipabaon
magbaon	naipababaon
magbaon	naipapabaon
magbaon	naiipabaon
magbaon	maipagpabaon
magbaon	naipagpapabaon
magbaon	naipapagpabaon
magbaon	naiipagpabaon
magbaon	maikapagpabaon
magbaon	naikapagpapabaon
magbaon	naikakapagpabaon
magbaon	naiikapagpabaon
magbaon	mapagpabaunan
magbaon	napagpapababaunan
magbaon	napapagpabaunan
magbaon	mapapagbaunan
magbaon	napapapagbaunan
magbaon	makipagbaon
magbaon	nakikipagbaon
magbaon	makibaon
magbaon	nakikibaon
magbaon	makipagpabaon
magbaon	nakikipagpabaon
magbarena	nagbarena
magbarena	nagbabarena
magbarena	magbabarena
magbasa	nagbasa
magbasa	nagbabasa
magbasa	magbabasa
magbasa	basahin
magbasa	binabasa
magbasa	inabasa
magbasa	basahan
magbasa	binabasahan
magbasa	inabasahan
magbasa	pagbasahan
magbasa	pinapagbasahan
magbasa	pinagbabasahan
magbasa	ipagbasa
magbasa	ipinapagbasa
magbasa	ipabasa
magbasa	ipinababasa
magbasa	ipinapabasa
magbasa	ipagpabasa
magbasa	ipinagpapabasa
magbasa	ipinapagpabasa
magbasa	ikapagpabasa
magbasa	ikinapagpapabasa
magbasa	ikinakapagpabasa
magbasa	mabasa
magbasa	nababasa
magbasa	mabasahan
magbasa	nababasahan
magbasa	maipagbasa
magbasa	naipagbabasa
magbasa	naipapagbasa
magbasa	naiipagbasa
magbasa	maikapagbasa
magbasa	naikapagbabasa
magbasa	naikapapagbasa
magbasa	naiikapagbasa
magbasa	mapagbasaan
magbasa	napagbabasaan
magbasa	napapagbasaan
magbasa	maipabasa
magbasa	naipababasa
magbasa	naipapabasa
magbasa	naiipabasa
magbasa	maipagpabasa
magbasa	naipagpapabasa
magbasa	naipapagpabasa
magbasa	naiipagpabasa
magbasa	maikapagpabasa
magbasa	naikapagpapabasa
magbasa	naikakapagpabasa
magbasa	naiikapagpabasa
magbasa	mapagpabasahan
magbasa	napagpapababasahan
magbasa	napapagpabasahan
magbasa	mapapagbasahan
magbasa	napapapagbasahan
magbasa	makipagbasa
magbasa	nakikipagbasa
magbasa	makibasa
magbasa	nakikibasa
magbasa	makipagpabasa
magbasa	nakikipagpabasa
magbasanlot	nagbasanlot
magbasanlot	nagbabasanlot
magbasanlot	magbabasanlot
magbatak	nagbatak
magbatak	nagbabatak
magbatak	magbabatak
magbati	nagbabati
magbawas	nagbawas
magbawas	nagbabawas
magbawas	magbabawas
magbayad	nagbayad
magbayad	nagbabayad
magbayad	magbabayad
magbayad	bayaran
magbayad	binabayaran
magbayad	inabayaran
magbayad	pagbayaran
magbayad	pinapagbayaran
magbayad	pinagbabayaran
magbayad	ipagbayad
magbayad	ipinapagbayad
magbayad	ipagpabayad
magbayad	ipinagpapabayad
magbayad	ipinapagpabayad
magbayad	ikapagpabayad
magbayad	ikinapagpapabayad
magbayad	ikinakapagpabayad
magbayad	mabayaran
magbayad	nababayaran
magbayad	maipagbayad
magbayad	naipagbabayad
magbayad	naipapagbayad
magbayad	naiipagbayad
magbayad	maikapagbayad
magbayad	naikapagbabayad
magbayad	naikapapagbayad
magbayad	naiikapagbayad
magbayad	mapagbayadan
magbayad	napagbabayadan
magbayad	napapagbayadan
magbayad	maipagpabayad
magbayad	naipagpapabayad
magbayad	naipapagpabayad
magbayad	naiipagpabayad
magbayad	maikapagpabayad
magbayad	naikapagpapabayad
magbayad	naikakapagpabayad
magbayad	naiikapagpabayad
magbayad	mapagpabayaran
magbayad	napagpapababayaran
magbayad	napapagpabayaran
magbayad	mapapagbayaran
magbayad	napapapagbayaran
magbayad	makipagbayad
magbayad	nakikipagbayad
magbayad	makibayad
magbayad	nakikibayad
magbayad	makipagpabayad
magbayad	nakikipagpabayad
magbenta	nagbenta
magbenta	nagbebenta
magbenta	magbebenta
magbenta	bentahin
magbenta	binebenta
magbenta	inabenta
magbenta	pagbentahan
magbenta	pinapagbentahan
magbenta	pinagbebentahan
magbenta	ipagbenta
magbenta	ipinapagbenta
magbenta	ipabenta
magbenta	ipinabebenta
magbenta	ipinapabenta
magbenta	ipagpabenta
magbenta	ipinagpapabenta
magbenta	ipinapagpabenta
magbenta	ikapagpabenta
magbenta	ikinapagpapabenta
magbenta	ikinakapagpabenta
magbenta	mabenta
magbenta	nabebenta
magbenta	maipagbenta
magbenta	naipagbebenta
magbenta	naipapagbenta
magbenta	naiipagbenta
magbenta	maikapagbenta
magbenta	naikapagbebenta
magbenta	naikapapagbenta
magbenta	naiikapagbenta
magbenta	mapagbentaan
magbenta	napagbebentaan
magbenta	napapagbentaan
magbenta	maipabenta
magbenta	naipabebenta
magbenta	naipapabenta
magbenta	naiipabenta
magbenta	maipagpabenta
magbenta	naipagpapabenta
magbenta	naipapagpabenta
magbenta	naiipagpabenta
magbenta	maikapagpabenta
magbenta	naikapagpapabenta
magbenta	naikakapagpabenta
magbenta	naiikapagpabenta
magbenta	mapagpabentahan
magbenta	napagpapabebentahan
magbenta	napapagpabentahan
magbenta	mapapagbentahan
magbenta	napapapagbentahan
magbenta	makipagbenta
magbenta	nakikipagbenta
magbenta	makibenta
magbenta	nakikibenta
magbenta	makipagpabenta
magbenta	nakikipagpabenta
magbentilador	nagbentilador
magbentilador	nagbebentilador
magbentilador	magbebentilador
magbibigas	
magbigay	nagbigay
magbigay	nagbibigay
magbigay	magbibigay
magbigay	bigyan
magbigay	binibigyan
magbigay	inabigyan
magbigay	pagbigyan
magbigay	pinapagbigyan
magbigay	pinagbibigyan
magbigay	ipagbigay
magbigay	ipinapagbigay
magbigay	ipagpabigay
magbigay	ipinagpapabigay
magbigay	ipinapagpabigay
magbigay	ikapagpabigay
magbigay	ikinapagpapabigay
magbigay	ikinakapagpabigay
magbigay	mabigyan
magbigay	nabibigyan
magbigay	maipagbigay
magbigay	naipagbibigay
magbigay	naipapagbigay
magbigay	naiipagbigay
magbigay	maikapagbigay
magbigay	naikapagbibigay
magbigay	naikapapagbigay
magbigay	naiikapagbigay
magbigay	mapagbigayan
magbigay	napagbibigayan
magbigay	napapagbigayan
magbigay	maipagpabigay
magbigay	naipagpapabigay
magbigay	naipapagpabigay
magbigay	naiipagpabigay
magbigay	maikapagpabigay
magbigay	naikapagpapabigay
magbigay	naikakapagpabigay
magbigay	naiikapagpabigay
magbigay	mapagpabigyan
magbigay	napagpapabibigyan
magbigay	napapagpabigyan
magbigay	mapapagbigyan
magbigay	napapapagbigyan
magbigay	makipagbigay
magbigay	nakikipagbigay
magbigay	makibigay
magbigay	nakikibigay
magbigay	makipagpabigay
magbigay	nakikipagpabigay
magbigay-daan	nagbigay-daan
magbigay-daan	nagbibigay-daan
magbigay-daan	magbibigay-daan
magbigay-pugay	nagbigay-pugay
magbigay-pugay	nagbibigay-pugay
magbigay-pugay	magbibigay-pugay
magbigti	nagbigti
magbigti	nagbibigti
magbigti	magbibigti
magbihis	nagbihis
magbihis	nagbibihis
magbihis	magbibihis
magbihis	bihisan
magbihis	binibihisan
magbihis	inabihisan
magbihis	pagbihisan
magbihis	pinapagbihisan
magbihis	pinagbibihisan
magbihis	ipagbihis
magbihis	ipinapagbihis
magbihis	ipagpabihis
magbihis	ipinagpapabihis
magbihis	ipinapagpabihis
magbihis	ikapagpabihis
magbihis	ikinapagpapabihis
magbihis	ikinakapagpabihis
magbihis	mabihisan
magbihis	nabibihisan
magbihis	maipagbihis
magbihis	naipagbibihis
magbihis	naipapagbihis
magbihis	naiipagbihis
magbihis	maikapagbihis
magbihis	naikapagbibihis
magbihis	naikapapagbihis
magbihis	naiikapagbihis
magbihis	mapagbihisan
magbihis	napagbibihisan
magbihis	napapagbihisan
magbihis	maipagpabihis
magbihis	naipagpapabihis
magbihis	naipapagpabihis
magbihis	naiipagpabihis
magbihis	maikapagpabihis
magbihis	naikapagpapabihis
magbihis	naikakapagpabihis
magbihis	naiikapagpabihis
magbihis	mapagpabihisan
magbihis	napagpapabibihisan
magbihis	napapagpabihisan
magbihis	mapapagbihisan
magbihis	napapapagbihisan
magbihis	makipagbihis
magbihis	nakikipagbihis
magbihis	makibihis
magbihis	nakikibihis
magbihis	makipagpabihis
magbihis	nakikipagpabihis
magbilad	nagbilad
magbilad	nagbibilad
magbilad	magbibilad
magbilad	ibilad
magbilad	ibinibilad
magbilad	inabilad
magbilad	bilaran
magbilad	binibilaran
magbilad	inabilaran
magbilad	pagbilaran
magbilad	pinapagbilaran
magbilad	pinagbibilaran
magbilad	ipagbilad
magbilad	ipinapagbilad
magbilad	ipabilad
magbilad	ipinabibilad
magbilad	ipinapabilad
magbilad	ipagpabilad
magbilad	ipinagpapabilad
magbilad	ipinapagpabilad
magbilad	ikapagpabilad
magbilad	ikinapagpapabilad
magbilad	ikinakapagpabilad
magbilad	maibilad
magbilad	naibibilad
magbilad	mabilaran
magbilad	nabibilaran
magbilad	maipagbilad
magbilad	naipagbibilad
magbilad	naipapagbilad
magbilad	naiipagbilad
magbilad	maikapagbilad
magbilad	naikapagbibilad
magbilad	naikapapagbilad
magbilad	naiikapagbilad
magbilad	mapagbiladan
magbilad	napagbibiladan
magbilad	napapagbiladan
magbilad	maipabilad
magbilad	naipabibilad
magbilad	naipapabilad
magbilad	naiipabilad
magbilad	maipagpabilad
magbilad	naipagpapabilad
magbilad	naipapagpabilad
magbilad	naiipagpabilad
magbilad	maikapagpabilad
magbilad	naikapagpapabilad
magbilad	naikakapagpabilad
magbilad	naiikapagpabilad
magbilad	mapagpabilaran
magbilad	napagpapabibilaran
magbilad	napapagpabilaran
magbilad	mapapagbilaran
magbilad	napapapagbilaran
magbilad	makipagbilad
magbilad	nakikipagbilad
magbilad	makibilad
magbilad	nakikibilad
magbilad	makipagpabilad
magbilad	nakikipagpabilad
magbilang	nagbilang
magbilang	nagbibilang
magbilang	magbibilang
magbilang	bilangin
magbilang	binibilang
magbilang	inabilang
magbilang	pagbilangan
magbilang	pinapagbilangan
magbilang	pinagbibilangan
magbilang	ipagbilang
magbilang	ipinapagbilang
magbilang	ipabilang
magbilang	ipinabibilang
magbilang	ipinapabilang
magbilang	ipagpabilang
magbilang	ipinagpapabilang
magbilang	ipinapagpabilang
magbilang	ikapagpabilang
magbilang	ikinapagpapabilang
magbilang	ikinakapagpabilang
magbilang	mabilang
magbilang	nabibilang
magbilang	maipagbilang
magbilang	naipagbibilang
magbilang	naipapagbilang
magbilang	naiipagbilang
magbilang	maikapagbilang
magbilang	naikapagbibilang
magbilang	naikapapagbilang
magbilang	naiikapagbilang
magbilang	mapagbilangan
magbilang	napagbibilangan
magbilang	napapagbilangan
magbilang	maipabilang
magbilang	naipabibilang
magbilang	naipapabilang
magbilang	naiipabilang
magbilang	maipagpabilang
magbilang	naipagpapabilang
magbilang	naipapagpabilang
magbilang	naiipagpabilang
magbilang	maikapagpabilang
magbilang	naikapagpapabilang
magbilang	naikakapagpabilang
magbilang	naiikapagpabilang
magbilang	mapagpabilangan
magbilang	napagpapabibilangan
magbilang	napapagpabilangan
magbilang	mapapagbilangan
magbilang	napapapagbilangan
magbilang	makipagbilang
magbilang	nakikipagbilang
magbilang	makibilang
magbilang	nakikibilang
magbilang	makipagpabilang
magbilang	nakikipagpabilang
magbili	nagbili
magbili	nagbibili
magbili	magbibili
magbinata	nagbinata
magbinata	nagbibinata
magbinata	magbibinata
magbingi-bingihan	nagbingi-bingihan
magbingi-bingihan	nagbibingi-bingihan
magbingi-bingihan	magbibingi-bingihan
magbingi-bingihan	pagbibingi-bingihan
magbiro	nagbiro
magbiro	nagbibiro
magbiro	magbibiro
magbisikleta	nagbisikleta
magbisikleta	nagbibisikleta
magbisikleta	magbibisikleta
magbiyahe	nagbiyahe
magbiyahe	nagbibiyahe
magbiyahe	magbibiyahe
magbrotsa	nagbrotsa
magbrotsa	nagbobrotsa
magbrotsa	magbobrotsa
magbubukid	
magbuhat	nagbuhat
magbuhat	nagbubuhat
magbuhat	magbubuhat
magbukid	nagbukid
magbukid	nagbubukid
magbukid	magbubukid
magbulag-bulagan	nagbulag-bulagan
magbulag-bulagan	nagbubulag-bulagan
magbulag-bulagan	magbubulag-bulagan
magbulakbol	nagbulakbol
magbulakbol	nagbubulakbol
magbunganga	nagbunganga
magbunganga	nagbubunganga
magbunganga	magbubunganga
magbusisi	nagbusisi
magbusisi	nagbubusisi
magbusisi	magbubusisi
magbutas	nagbutas
magbutas	nagbubutas
magbutas	magbubutas
magdabog	nagdabog
magdabog	nagdarabog
magdabog	magdarabog
magdabog	nagdadabog
magdadalandan	
magdagdag	nagdagdag
magdagdag	nagdaragdag
magdagdag	magdaragdag
magdagdag	nagdadagdag
magdala	nagdala
magdala	nagdadala
magdala	magdadala
magdalaga	nagdalaga
magdalaga	nagdadalaga
magdalaga	magdadalaga
magdalang-tao	nagdalang-tao
magdalang-tao	nagdadalang-tao
magdalang-tao	magdadalang-tao
magdalang-tao	pagdadalang-tao
magdalawang-isip	
magdaos	nagdaos
magdaos	nagdaraos
magdaos	magdaraos
magdaos	nagdadaos
magdasal	nagdasal
magdasal	nagdarasal
magdasal	magdarasal
magdaspan	nagdaspan
magdaspan	nagdadaspan
magdaspan	magdadaspan
magdaspan	daspanin
magdaspan	dinadaspan
magdaspan	inadaspan
magdaspan	pagdaspanan
magdaspan	pinapagdaspanan
magdaspan	pinagdadaspanan
magdaspan	ipagdaspan
magdaspan	ipinapagdaspan
magdaspan	ipadaspan
magdaspan	ipinadadaspan
magdaspan	ipinapadaspan
magdaspan	ipagpadaspan
magdaspan	ipinagpapadaspan
magdaspan	ipinapagpadaspan
magdaspan	ikapagpadaspan
magdaspan	ikinapagpapadaspan
magdaspan	ikinakapagpadaspan
magdaspan	madaspan
magdaspan	nadadaspan
magdaspan	maipagdaspan
magdaspan	naipagdadaspan
magdaspan	naipapagdaspan
magdaspan	naiipagdaspan
magdaspan	maikapagdaspan
magdaspan	naikapagdadaspan
magdaspan	naikapapagdaspan
magdaspan	naiikapagdaspan
magdaspan	mapagdaspanan
magdaspan	napagdadaspanan
magdaspan	napapagdaspanan
magdaspan	maipadaspan
magdaspan	naipadadaspan
magdaspan	naipapadaspan
magdaspan	naiipadaspan
magdaspan	maipagpadaspan
magdaspan	naipagpapadaspan
magdaspan	naipapagpadaspan
magdaspan	naiipagpadaspan
magdaspan	maikapagpadaspan
magdaspan	naikapagpapadaspan
magdaspan	naikakapagpadaspan
magdaspan	naiikapagpadaspan
magdaspan	mapagpadaspanan
magdaspan	napagpapadadaspanan
magdaspan	napapagpadaspanan
magdaspan	mapapagdaspanan
magdaspan	napapapagdaspanan
magdaspan	makipagdaspan
magdaspan	nakikipagdaspan
magdaspan	makidaspan
magdaspan	nakikidaspan
magdaspan	makipagpadaspan
magdaspan	nakikipagpadaspan
magdawit	nagdawit
magdawit	nagdadawit
magdawit	magdadawit
magdawit	idawit
magdawit	idinadawit
magdawit	inadawit
magdawit	pagdawitan
magdawit	pinapagdawitan
magdawit	pinagdadawitan
magdawit	ipagdawit
magdawit	ipinapagdawit
magdawit	ipadawit
magdawit	ipinadadawit
magdawit	ipinapadawit
magdawit	ipagpadawit
magdawit	ipinagpapadawit
magdawit	ipinapagpadawit
magdawit	ikapagpadawit
magdawit	ikinapagpapadawit
magdawit	ikinakapagpadawit
magdawit	maidawit
magdawit	naidadawit
magdawit	maipagdawit
magdawit	naipagdadawit
magdawit	naipapagdawit
magdawit	naiipagdawit
magdawit	maikapagdawit
magdawit	naikapagdadawit
magdawit	naikapapagdawit
magdawit	naiikapagdawit
magdawit	mapagdawitan
magdawit	napagdadawitan
magdawit	napapagdawitan
magdawit	maipadawit
magdawit	naipadadawit
magdawit	naipapadawit
magdawit	naiipadawit
magdawit	maipagpadawit
magdawit	naipagpapadawit
magdawit	naipapagpadawit
magdawit	naiipagpadawit
magdawit	maikapagpadawit
magdawit	naikapagpapadawit
magdawit	naikakapagpadawit
magdawit	naiikapagpadawit
magdawit	mapagpadawitan
magdawit	napagpapadadawitan
magdawit	napapagpadawitan
magdawit	mapapagdawitan
magdawit	napapapagdawitan
magdawit	makipagdawit
magdawit	nakikipagdawit
magdawit	makidawit
magdawit	nakikidawit
magdawit	makipagpadawit
magdawit	nakikipagpadawit
magdebate	nagdebate
magdebate	nagdedebate
magdebate	magdedebate
magdebate	pagdebatihan
magdebate	pinapagdebatihan
magdebate	pinagdedebatihan
magdebate	ipagdebate
magdebate	ipinapagdebate
magdebate	ipagpadebate
magdebate	ipinagpapadebate
magdebate	ipinapagpadebate
magdebate	ikapagpadebate
magdebate	ikinapagpapadebate
magdebate	ikinakapagpadebate
magdebate	maipagdebate
magdebate	naipagdedebate
magdebate	naipapagdebate
magdebate	naiipagdebate
magdebate	maikapagdebate
magdebate	naikapagdedebate
magdebate	naikapapagdebate
magdebate	naiikapagdebate
magdebate	mapagdebatean
magdebate	napagdedebatean
magdebate	napapagdebatean
magdebate	maipagpadebate
magdebate	naipagpapadebate
magdebate	naipapagpadebate
magdebate	naiipagpadebate
magdebate	maikapagpadebate
magdebate	naikapagpapadebate
magdebate	naikakapagpadebate
magdebate	naiikapagpadebate
magdebate	mapagpadebatihan
magdebate	napagpapadedebatihan
magdebate	napapagpadebatihan
magdebate	mapapagdebatihan
magdebate	napapapagdebatihan
magdebate	makipagdebate
magdebate	nakikipagdebate
magdebate	makidebate
magdebate	nakikidebate
magdebate	makipagpadebate
magdebate	nakikipagpadebate
magdede	nagdede
magdede	nagdedede
magdede	magdedede
magdede	dedein
magdede	dinedede
magdede	inadede
magdede	pagdedean
magdede	pinapagdedean
magdede	pinagdededean
magdede	ipagdede
magdede	ipinapagdede
magdede	ipadede
magdede	ipinadedede
magdede	ipinapadede
magdede	ipagpadede
magdede	ipinagpapadede
magdede	ipinapagpadede
magdede	ikapagpadede
magdede	ikinapagpapadede
magdede	ikinakapagpadede
magdede	madede
magdede	nadedede
magdede	maipagdede
magdede	naipagdedede
magdede	naipapagdede
magdede	naiipagdede
magdede	maikapagdede
magdede	naikapagdedede
magdede	naikapapagdede
magdede	naiikapagdede
magdede	mapagdedean
magdede	napagdededean
magdede	napapagdedean
magdede	maipadede
magdede	naipadedede
magdede	naipapadede
magdede	naiipadede
magdede	maipagpadede
magdede	naipagpapadede
magdede	naipapagpadede
magdede	naiipagpadede
magdede	maikapagpadede
magdede	naikapagpapadede
magdede	naikakapagpadede
magdede	naiikapagpadede
magdede	mapagpadedean
magdede	napagpapadededean
magdede	napapagpadedean
magdede	mapapagdedean
magdede	napapapagdedean
magdede	makipagdede
magdede	nakikipagdede
magdede	makidede
magdede	nakikidede
magdede	makipagpadede
magdede	nakikipagpadede
magdedeliryo	
magdeliryo	nagdeliryo
magdeliryo	nagdedeliryo
magdeliryo	magdedeliryo
magdemanda	nagdemanda
magdemanda	nagdedemand
magdemanda	magdedemanda
magdemanda	idemanda
magdemanda	idinedemanda
magdemanda	inademanda
magdemanda	pagdemandaan
magdemanda	pinapagdemandaan
magdemanda	pinagdedemandaan
magdemanda	ipagdemanda
magdemanda	ipinapagdemanda
magdemanda	ipademanda
magdemanda	ipinadedemanda
magdemanda	ipinapademanda
magdemanda	ipagpademanda
magdemanda	ipinagpapademanda
magdemanda	ipinapagpademanda
magdemanda	ikapagpademanda
magdemanda	ikinapagpapademanda
magdemanda	ikinakapagpademanda
magdemanda	maidemanda
magdemanda	naidedemanda
magdemanda	maipagdemanda
magdemanda	naipagdedemanda
magdemanda	naipapagdemanda
magdemanda	naiipagdemanda
magdemanda	maikapagdemanda
magdemanda	naikapagdedemanda
magdemanda	naikapapagdemanda
magdemanda	naiikapagdemanda
magdemanda	mapagdemandaan
magdemanda	napagdedemandaan
magdemanda	napapagdemandaan
magdemanda	maipademanda
magdemanda	naipadedemanda
magdemanda	naipapademanda
magdemanda	naiipademanda
magdemanda	maipagpademanda
magdemanda	naipagpapademanda
magdemanda	naipapagpademanda
magdemanda	naiipagpademanda
magdemanda	maikapagpademanda
magdemanda	naikapagpapademanda
magdemanda	naikakapagpademanda
magdemanda	naiikapagpademanda
magdemanda	mapagpademandaan
magdemanda	napagpapadedemandaan
magdemanda	napapagpademandaan
magdemanda	mapapagdemandaan
magdemanda	napapapagdemandaan
magdemanda	makipagdemanda
magdemanda	nakikipagdemanda
magdemanda	makidemanda
magdemanda	nakikidemanda
magdemanda	makipagpademanda
magdemanda	nakikipagpademanda
magdikdik	nagdikdik
magdikdik	nagdidikdik
magdikdik	magdidikdik
magdikdik	dikdikin
magdikdik	dinidikdik
magdikdik	inadikdik
magdikdik	pagdikdikan
magdikdik	pinapagdikdikan
magdikdik	pinagdidikdikan
magdikdik	ipagdikdik
magdikdik	ipinapagdikdik
magdikdik	ipadikdik
magdikdik	ipinadidikdik
magdikdik	ipinapadikdik
magdikdik	ipagpadikdik
magdikdik	ipinagpapadikdik
magdikdik	ipinapagpadikdik
magdikdik	ikapagpadikdik
magdikdik	ikinapagpapadikdik
magdikdik	ikinakapagpadikdik
magdikdik	madikdik
magdikdik	nadidikdik
magdikdik	maipagdikdik
magdikdik	naipagdidikdik
magdikdik	naipapagdikdik
magdikdik	naiipagdikdik
magdikdik	maikapagdikdik
magdikdik	naikapagdidikdik
magdikdik	naikapapagdikdik
magdikdik	naiikapagdikdik
magdikdik	mapagdikdikan
magdikdik	napagdidikdikan
magdikdik	napapagdikdikan
magdikdik	maipadikdik
magdikdik	naipadidikdik
magdikdik	naipapadikdik
magdikdik	naiipadikdik
magdikdik	maipagpadikdik
magdikdik	naipagpapadikdik
magdikdik	naipapagpadikdik
magdikdik	naiipagpadikdik
magdikdik	maikapagpadikdik
magdikdik	naikapagpapadikdik
magdikdik	naikakapagpadikdik
magdikdik	naiikapagpadikdik
magdikdik	mapagpadikdikan
magdikdik	napagpapadidikdikan
magdikdik	napapagpadikdikan
magdikdik	mapapagdikdikan
magdikdik	napapapagdikdikan
magdikdik	makipagdikdik
magdikdik	nakikipagdikdik
magdikdik	makidikdik
magdikdik	nakikidikdik
magdikdik	makipagpadikdik
magdikdik	nakikipagpadikdik
magdikit	nagdikit
magdikit	nagdidikit
magdikit	nagdirikit
magdikit	magdidikit
magdikit	magdirikit
magdikit	idikit
magdikit	idinidikit
magdikit	inadikit
magdikit	dikitan
magdikit	dinidikitan
magdikit	inadikitan
magdikit	pagdikitan
magdikit	pinapagdikitan
magdikit	pinagdidikitan
magdikit	ipagdikit
magdikit	ipinapagdikit
magdikit	ipadikit
magdikit	ipinadidikit
magdikit	ipinapadikit
magdikit	ipagpadikit
magdikit	ipinagpapadikit
magdikit	ipinapagpadikit
magdikit	ikapagpadikit
magdikit	ikinapagpapadikit
magdikit	ikinakapagpadikit
magdikit	maidikit
magdikit	naididikit
magdikit	madikitan
magdikit	nadidikitan
magdikit	maipagdikit
magdikit	naipagdidikit
magdikit	naipapagdikit
magdikit	naiipagdikit
magdikit	maikapagdikit
magdikit	naikapagdidikit
magdikit	naikapapagdikit
magdikit	naiikapagdikit
magdikit	mapagdikitan
magdikit	napagdidikitan
magdikit	napapagdikitan
magdikit	maipadikit
magdikit	naipadidikit
magdikit	naipapadikit
magdikit	naiipadikit
magdikit	maipagpadikit
magdikit	naipagpapadikit
magdikit	naipapagpadikit
magdikit	naiipagpadikit
magdikit	maikapagpadikit
magdikit	naikapagpapadikit
magdikit	naikakapagpadikit
magdikit	naiikapagpadikit
magdikit	mapagpadikitan
magdikit	napagpapadidikitan
magdikit	napapagpadikitan
magdikit	mapapagdikitan
magdikit	napapapagdikitan
magdikit	makipagdikit
magdikit	nakikipagdikit
magdikit	makidikit
magdikit	nakikidikit
magdikit	makipagpadikit
magdikit	nakikipagpadikit
magdilig	nagdilig
magdilig	nagdidilig
magdilig	magdidilig
magdiwang	nagdiwang
magdiwang	nagdiriwang
magdiwang	magdiriwang
magdiwang	pagdiwangan
magdiwang	pinapagdiwangan
magdiwang	pinagdidiwangan
magdiwang	ipagdiwang
magdiwang	ipinapagdiwang
magdiwang	ipagpadiwang
magdiwang	ipinagpapadiwang
magdiwang	ipinapagpadiwang
magdiwang	ikapagpadiwang
magdiwang	ikinapagpapadiwang
magdiwang	ikinakapagpadiwang
magdiwang	maipagdiwang
magdiwang	naipagdidiwang
magdiwang	naipapagdiwang
magdiwang	naiipagdiwang
magdiwang	maikapagdiwang
magdiwang	naikapagdidiwang
magdiwang	naikapapagdiwang
magdiwang	naiikapagdiwang
magdiwang	mapagdiwangan
magdiwang	napagdidiwangan
magdiwang	napapagdiwangan
magdiwang	maipagpadiwang
magdiwang	naipagpapadiwang
magdiwang	naipapagpadiwang
magdiwang	naiipagpadiwang
magdiwang	maikapagpadiwang
magdiwang	naikapagpapadiwang
magdiwang	naikakapagpadiwang
magdiwang	naiikapagpadiwang
magdiwang	mapagpadiwangan
magdiwang	napagpapadidiwangan
magdiwang	napapagpadiwangan
magdiwang	mapapagdiwangan
magdiwang	napapapagdiwangan
magdiwang	makipagdiwang
magdiwang	nakikipagdiwang
magdiwang	makidiwang
magdiwang	nakikidiwang
magdiwang	makipagpadiwang
magdiwang	nakikipagpadiwang
magdroga	nagdroga
magdroga	nagdodroga
magdroga	magdodroga
magduda	nagduda
magduda	nagdududa
magduda	magdududa
magduda	pagdudahan
magduda	pinapagdudahan
magduda	pinagdududahan
magduda	ipagduda
magduda	ipinapagduda
magduda	ipagpaduda
magduda	ipinagpapaduda
magduda	ipinapagpaduda
magduda	ikapagpaduda
magduda	ikinapagpapaduda
magduda	ikinakapagpaduda
magduda	maipagduda
magduda	naipagdududa
magduda	naipapagduda
magduda	naiipagduda
magduda	maikapagduda
magduda	naikapagdududa
magduda	naikapapagduda
magduda	naiikapagduda
magduda	mapagdudaan
magduda	napagdududaan
magduda	napapagdudaan
magduda	maipagpaduda
magduda	naipagpapaduda
magduda	naipapagpaduda
magduda	naiipagpaduda
magduda	maikapagpaduda
magduda	naikapagpapaduda
magduda	naikakapagpaduda
magduda	naiikapagpaduda
magduda	mapagpadudahan
magduda	napagpapadududahan
magduda	napapagpadudahan
magduda	mapapagdudahan
magduda	napapapagdudahan
magduda	makipagduda
magduda	nakikipagduda
magduda	makiduda
magduda	nakikiduda
magduda	makipagpaduda
magduda	nakikipagpaduda
magdulang	nagdulang
magdulang	nagdurulang
magdulang	magdurulang
magdulot	nagdulot
magdulot	nagdudulot
magdulot	magdudulot
magdulot	dulutin
magdulot	dinudulot
magdulot	inadulot
magdulot	pagdulutan
magdulot	pinapagdulutan
magdulot	pinagdudulutan
magdulot	ipagdulot
magdulot	ipinapagdulot
magdulot	ipadulot
magdulot	ipinadudulot
magdulot	ipinapadulot
magdulot	ipagpadulot
magdulot	ipinagpapadulot
magdulot	ipinapagpadulot
magdulot	ikapagpadulot
magdulot	ikinapagpapadulot
magdulot	ikinakapagpadulot
magdulot	madulot
magdulot	nadudulot
magdulot	maipagdulot
magdulot	naipagdudulot
magdulot	naipapagdulot
magdulot	naiipagdulot
magdulot	maikapagdulot
magdulot	naikapagdudulot
magdulot	naikapapagdulot
magdulot	naiikapagdulot
magdulot	mapagdulotan
magdulot	napagdudulotan
magdulot	napapagdulotan
magdulot	maipadulot
magdulot	naipadudulot
magdulot	naipapadulot
magdulot	naiipadulot
magdulot	maipagpadulot
magdulot	naipagpapadulot
magdulot	naipapagpadulot
magdulot	naiipagpadulot
magdulot	maikapagpadulot
magdulot	naikapagpapadulot
magdulot	naikakapagpadulot
magdulot	naiikapagpadulot
magdulot	mapagpadulutan
magdulot	napagpapadudulutan
magdulot	napapagpadulutan
magdulot	mapapagdulutan
magdulot	napapapagdulutan
magdulot	makipagdulot
magdulot	nakikipagdulot
magdulot	makidulot
magdulot	nakikidulot
magdulot	makipagpadulot
magdulot	nakikipagpadulot
magdurulang	
magdusa	nagdusa
magdusa	nagdurusa
magdusa	magdurusa
magdusa	pagdusahan
magdusa	pinapagdusahan
magdusa	pinagdudusahan
magdusa	ipagdusa
magdusa	ipinapagdusa
magdusa	ipagpadusa
magdusa	ipinagpapadusa
magdusa	ipinapagpadusa
magdusa	ikapagpadusa
magdusa	ikinapagpapadusa
magdusa	ikinakapagpadusa
magdusa	maipagdusa
magdusa	naipagdudusa
magdusa	naipapagdusa
magdusa	naiipagdusa
magdusa	maikapagdusa
magdusa	naikapagdudusa
magdusa	naikapapagdusa
magdusa	naiikapagdusa
magdusa	mapagdusaan
magdusa	napagdudusaan
magdusa	napapagdusaan
magdusa	maipagpadusa
magdusa	naipagpapadusa
magdusa	naipapagpadusa
magdusa	naiipagpadusa
magdusa	maikapagpadusa
magdusa	naikapagpapadusa
magdusa	naikakapagpadusa
magdusa	naiikapagpadusa
magdusa	mapagpadusahan
magdusa	napagpapadudusahan
magdusa	napapagpadusahan
magdusa	mapapagdusahan
magdusa	napapapagdusahan
magdusa	makipagdusa
magdusa	nakikipagdusa
magdusa	makidusa
magdusa	nakikidusa
magdusa	makipagpadusa
magdusa	nakikipagpadusa
magdyip	nagdyip
magdyip	nagdyidyip
magdyip	magdyidyip
maggantsilyo	naggantsilyo
maggantsilyo	naggagantsilyo
maggantsilyo	maggagantsilyo
maggapas	naggapas
maggapas	naggagapas
maggapas	maggagapas
maggatong	naggatong
maggatong	naggagatong
maggatong	maggagatong
maggatong	gatungan
maggatong	ginagatungan
maggatong	inagatungan
maggatong	paggatungan
maggatong	pinapaggatungan
maggatong	pinaggagatungan
maggatong	ipaggatong
maggatong	ipinapaggatong
maggatong	ipagpagatong
maggatong	ipinagpapagatong
maggatong	ipinapagpagatong
maggatong	ikapagpagatong
maggatong	ikinapagpapagatong
maggatong	ikinakapagpagatong
maggatong	magatungan
maggatong	nagagatungan
maggatong	maipaggatong
maggatong	naipaggagatong
maggatong	naipapaggatong
maggatong	naiipaggatong
maggatong	maikapaggatong
maggatong	naikapaggagatong
maggatong	naikapapaggatong
maggatong	naiikapaggatong
maggatong	mapaggatongan
maggatong	napaggagatongan
maggatong	napapaggatongan
maggatong	maipagpagatong
maggatong	naipagpapagatong
maggatong	naipapagpagatong
maggatong	naiipagpagatong
maggatong	maikapagpagatong
maggatong	naikapagpapagatong
maggatong	naikakapagpagatong
maggatong	naiikapagpagatong
maggatong	mapagpagatungan
maggatong	napagpapagagatungan
maggatong	napapagpagatungan
maggatong	mapapaggatungan
maggatong	napapapaggatungan
maggatong	makipaggatong
maggatong	nakikipaggatong
maggatong	makigatong
maggatong	nakikigatong
maggatong	makipagpagatong
maggatong	nakikipagpagatong
maggayat	naggayat
maggayat	naggagayat
maggayat	maggagayat
maggiba	naggiba
maggiba	naggigiba
maggiba	maggigiba
maggigitara	
maggitara	naggitara
maggitara	naggigitara
maggitara	maggigitara
maggitara	paggitarahan
maggitara	pinapaggitarahan
maggitara	pinaggigitarahan
maggitara	ipaggitara
maggitara	ipinapaggitara
maggitara	ipagpagitara
maggitara	ipinagpapagitara
maggitara	ipinapagpagitara
maggitara	ikapagpagitara
maggitara	ikinapagpapagitara
maggitara	ikinakapagpagitara
maggitara	maipaggitara
maggitara	naipaggigitara
maggitara	naipapaggitara
maggitara	naiipaggitara
maggitara	maikapaggitara
maggitara	naikapaggigitara
maggitara	naikapapaggitara
maggitara	naiikapaggitara
maggitara	mapaggitaraan
maggitara	napaggigitaraan
maggitara	napapaggitaraan
maggitara	maipagpagitara
maggitara	naipagpapagitara
maggitara	naipapagpagitara
maggitara	naiipagpagitara
maggitara	maikapagpagitara
maggitara	naikapagpapagitara
maggitara	naikakapagpagitara
maggitara	naiikapagpagitara
maggitara	mapagpagitarahan
maggitara	napagpapagigitarahan
maggitara	napapagpagitarahan
maggitara	mapapaggitarahan
maggitara	napapapaggitarahan
maggitara	makipaggitara
maggitara	nakikipaggitara
maggitara	makigitara
maggitara	nakikigitara
maggitara	makipagpagitara
maggitara	nakikipagpagitara
maghabi	naghabi
maghabi	naghahabi
maghabi	maghahabi
maghabilin	naghabilin
maghabilin	naghahabilin
maghabilin	maghahabilin
maghabla	naghabla
maghabla	naghahabla
maghabla	maghahabla
maghagilap	naghagilap
maghagilap	naghahagilap
maghagilap	maghahagilap
maghahasik	
maghalabos	naghalabos
maghalabos	naghahalabos
maghalabos	maghahalabos
maghalal	naghalal
maghalal	naghahalal
maghalal	maghahalal
maghalikan	naghalikan
maghalikan	naghahalikan
maghalikan	maghahalikan
maghalili	naghalili
maghalili	naghahalili
maghalili	maghahalili
maghanap	naghanap
maghanap	naghahanap
maghanap	maghahanap
maghanapbuhay	naghanapbuhay
maghanapbuhay	naghahanapbuhay
maghanapbuhay	maghahanapbuhay
maghanda	naghanda
maghanda	naghahanda
maghanda	maghahanda
maghanda	paghahanda
maghangad	naghangad
maghangad	naghahangad
maghangad	maghahangd
maghari	naghari
maghari	naghahari
maghari	maghahari
maghari-harian	naghari-harian
maghari-harian	naghahari-harian
maghari-harian	maghahari-harian
maghasik	naghasik
maghasik	naghahasik
maghasik	maghahasik
maghati	naghati
maghati	naghahati
maghati	maghahati
maghatid	naghatid
maghatid	naghahatid
maghatid	maghahatid
maghatol	naghatol
maghatol	naghahatol
maghatol	maghahatol
maghawak	naghawak
maghawak	naghahawak
maghawak	maghahawak
maghiganti	naghiganti
maghiganti	naghihiganti
maghiganti	maghihiganti
maghiganti	paghihiganti
maghihipon	
maghihiwas	
maghikab	naghikab
maghikab	naghihikab
maghikab	maghihikab
maghikahos	naghikahos
maghikahos	naghihikahos
maghikahos	maghihikahos
maghikahos	hikahusin
maghikahos	hinihikahos
maghikahos	inahikahos
maghikahos	paghikahusan
maghikahos	pinapaghikahusan
maghikahos	pinaghihikahusan
maghikahos	ipaghikahos
maghikahos	ipinapaghikahos
maghikahos	ipahikahos
maghikahos	ipinahihikahos
maghikahos	ipinapahikahos
maghikahos	ipagpahikahos
maghikahos	ipinagpapahikahos
maghikahos	ipinapagpahikahos
maghikahos	ikapagpahikahos
maghikahos	ikinapagpapahikahos
maghikahos	ikinakapagpahikahos
maghikahos	mahikahos
maghikahos	nahihikahos
maghikahos	maipaghikahos
maghikahos	naipaghihikahos
maghikahos	naipapaghikahos
maghikahos	naiipaghikahos
maghikahos	maikapaghikahos
maghikahos	naikapaghihikahos
maghikahos	naikapapaghikahos
maghikahos	naiikapaghikahos
maghikahos	mapaghikahosan
maghikahos	napaghihikahosan
maghikahos	napapaghikahosan
maghikahos	maipahikahos
maghikahos	naipahihikahos
maghikahos	naipapahikahos
maghikahos	naiipahikahos
maghikahos	maipagpahikahos
maghikahos	naipagpapahikahos
maghikahos	naipapagpahikahos
maghikahos	naiipagpahikahos
maghikahos	maikapagpahikahos
maghikahos	naikapagpapahikahos
maghikahos	naikakapagpahikahos
maghikahos	naiikapagpahikahos
maghikahos	mapagpahikahusan
maghikahos	napagpapahihikahusan
maghikahos	napapagpahikahusan
maghikahos	mapapaghikahusan
maghikahos	napapapaghikahusan
maghikahos	makipaghikahos
maghikahos	nakikipaghikahos
maghikahos	makihikahos
maghikahos	nakikihikahos
maghikahos	makipagpahikahos
maghikahos	nakikipagpahikahos
maghikaw	naghikaw
maghikaw	naghihikaw
maghikaw	maghihikaw
maghilamos	naghilamos
maghilamos	naghihilamos
maghilamos	maghihilamos
maghilamos	hilamusin
maghilamos	hinihilamos
maghilamos	inahilamos
maghilamos	hilamusan
maghilamos	hinihilamusan
maghilamos	inahilamusan
maghilamos	paghilamusan
maghilamos	pinapaghilamusan
maghilamos	pinaghihilamusan
maghilamos	ipaghilamos
maghilamos	ipinapaghilamos
maghilamos	ipahilamos
maghilamos	ipinahihilamos
maghilamos	ipinapahilamos
maghilamos	ipagpahilamos
maghilamos	ipinagpapahilamos
maghilamos	ipinapagpahilamos
maghilamos	ikapagpahilamos
maghilamos	ikinapagpapahilamos
maghilamos	ikinakapagpahilamos
maghilamos	mahilamos
maghilamos	nahihilamos
maghilamos	mahilamusan
maghilamos	nahihilamusan
maghilamos	maipaghilamos
maghilamos	naipaghihilamos
maghilamos	naipapaghilamos
maghilamos	naiipaghilamos
maghilamos	maikapaghilamos
maghilamos	naikapaghihilamos
maghilamos	naikapapaghilamos
maghilamos	naiikapaghilamos
maghilamos	mapaghilamosan
maghilamos	napaghihilamosan
maghilamos	napapaghilamosan
maghilamos	maipahilamos
maghilamos	naipahihilamos
maghilamos	naipapahilamos
maghilamos	naiipahilamos
maghilamos	maipagpahilamos
maghilamos	naipagpapahilamos
maghilamos	naipapagpahilamos
maghilamos	naiipagpahilamos
maghilamos	maikapagpahilamos
maghilamos	naikapagpapahilamos
maghilamos	naikakapagpahilamos
maghilamos	naiikapagpahilamos
maghilamos	mapagpahilamusan
maghilamos	napagpapahihilamusan
maghilamos	napapagpahilamusan
maghilamos	mapapaghilamusan
maghilamos	napapapaghilamusan
maghilamos	makipaghilamos
maghilamos	nakikipaghilamos
maghilamos	makihilamos
maghilamos	nakikihilamos
maghilamos	makipagpahilamos
maghilamos	nakikipagpahilamos
maghilik	naghilik
maghilik	naghihilik
maghilik	maghihilik
maghimagsik	naghimagsik
maghimagsik	naghihimagsik
maghimagsik	maghihimagsik
maghimutok	naghimutok
maghimutok	naghihimutok
maghimutok	maghihimutok
maghinala	naghinala
maghinala	naghihinala
maghinala	maghihinala
maghingalo	naghingalo
maghingalo	naghihingalo
maghingalo	maghihingalo
maghininik	naghininik
maghininik	naghihininik
maghininik	maghihininik
maghintay	naghintay
maghintay	naghihintay
maghintay	maghihintay
maghinto	naghinto
maghinto	naghihinto
maghinto	maghihinto
maghinuha	naghinuha
maghinuha	naghihinuha
maghinuha	maghihinuha
maghipon	naghipon
maghipon	naghihipon
maghipon	maghihipon
maghirap	naghirap
maghirap	naghihirap
maghirap	maghihirap
maghitso	naghitso
maghitso	naghihitso
maghitso	maghihitso
maghiwalay	naghiwalay
maghiwalay	naghihiwalay
maghiwalay	maghihiwalay
maghiwalay	hiwalayan
maghiwalay	hinihiwalayan
maghiwalay	inahiwalayan
maghiwalay	paghiwalayan
maghiwalay	pinapaghiwalayan
maghiwalay	pinaghihiwalayan
maghiwalay	ipaghiwalay
maghiwalay	ipinapaghiwalay
maghiwalay	ipagpahiwalay
maghiwalay	ipinagpapahiwalay
maghiwalay	ipinapagpahiwalay
maghiwalay	ikapagpahiwalay
maghiwalay	ikinapagpapahiwalay
maghiwalay	ikinakapagpahiwalay
maghiwalay	mahiwalayan
maghiwalay	nahihiwalayan
maghiwalay	maipaghiwalay
maghiwalay	naipaghihiwalay
maghiwalay	naipapaghiwalay
maghiwalay	naiipaghiwalay
maghiwalay	maikapaghiwalay
maghiwalay	naikapaghihiwalay
maghiwalay	naikapapaghiwalay
maghiwalay	naiikapaghiwalay
maghiwalay	mapaghiwalayan
maghiwalay	napaghihiwalayan
maghiwalay	napapaghiwalayan
maghiwalay	maipagpahiwalay
maghiwalay	naipagpapahiwalay
maghiwalay	naipapagpahiwalay
maghiwalay	naiipagpahiwalay
maghiwalay	maikapagpahiwalay
maghiwalay	naikapagpapahiwalay
maghiwalay	naikakapagpahiwalay
maghiwalay	naiikapagpahiwalay
maghiwalay	mapagpahiwalayan
maghiwalay	napagpapahihiwalayan
maghiwalay	napapagpahiwalayan
maghiwalay	mapapaghiwalayan
maghiwalay	napapapaghiwalayan
maghiwalay	makipaghiwalay
maghiwalay	nakikipaghiwalay
maghiwalay	makihiwalay
maghiwalay	nakikihiwalay
maghiwalay	makipagpahiwalay
maghiwalay	nakikipagpahiwalay
maghiwalay	ihiwalay
maghiwalay	inihihiwalay
maghiwalay	inahiwalay
maghiwalay	ipahiwalay
maghiwalay	ipinahihiwalay
maghiwalay	ipinapahiwalay
maghiwalay	maihiwalay
maghiwalay	naihihiwalay
maghiwalay	maipahiwalay
maghiwalay	naipahihiwalay
maghiwalay	naipapahiwalay
maghiwalay	naiipahiwalay
maghiwas	naghiwas
maghiwas	naghihiwas
maghiwas	maghihiwas
maghiyas	naghiyas
maghiyas	naghihiyas
maghiyas	maghihiyas
maghubad	naghubad
maghubad	naghuhubad
maghubad	maghuhubad
maghugas	naghugas
maghugas	naghuhugas
maghugas	maghuhugas
maghugas	huhasan
maghugas	hinuhuhasan
maghugas	inahuhasan
maghugas	paghuhasan
maghugas	pinapaghuhasan
maghugas	pinaghuhuhasan
maghugas	ipaghugas
maghugas	ipinapaghugas
maghugas	ipagpahugas
maghugas	ipinagpapahugas
maghugas	ipinapagpahugas
maghugas	ikapagpahugas
maghugas	ikinapagpapahugas
maghugas	ikinakapagpahugas
maghugas	mahuhasan
maghugas	nahuhuhasan
maghugas	maipaghugas
maghugas	naipaghuhugas
maghugas	naipapaghugas
maghugas	naiipaghugas
maghugas	maikapaghugas
maghugas	naikapaghuhugas
maghugas	naikapapaghugas
maghugas	naiikapaghugas
maghugas	mapaghugasan
maghugas	napaghuhugasan
maghugas	napapaghugasan
maghugas	maipagpahugas
maghugas	naipagpapahugas
maghugas	naipapagpahugas
maghugas	naiipagpahugas
maghugas	maikapagpahugas
maghugas	naikapagpapahugas
maghugas	naikakapagpahugas
maghugas	naiikapagpahugas
maghugas	mapagpahuhasan
maghugas	napagpapahuhuhasan
maghugas	napapagpahuhasan
maghugas	mapapaghuhasan
maghugas	napapapaghuhasan
maghugas	makipaghugas
maghugas	nakikipaghugas
maghugas	makihugas
maghugas	nakikihugas
maghugas	makipagpahugas
maghugas	nakikipagpahugas
maghugas-kamay	naghugas-kamay
maghugas-kamay	naghuhugas-kamay
maghugas-kamay	maghuhugas-kamay
maghuhugas	
maghuhugas-kamay	
maghuhuwego	
maghulog	naghulog
maghulog	naghuhulog
maghulog	maghuhulog
maghumpay	naghumpay
maghumpay	naghuhumpay
maghumpay	maghuhumpay
maghuramentado	naghuramentado
maghuramentado	naghuhuramentado
maghuramentado	maghuhuramentado
magiging	
maging	naging
maging	nagiging
maging	magiging
magintao	nagintao
magintao	nagigintao
magintao	magigintao
magisnan	nagisnan
magisnan	nagigisnan
magisnan	magigisnan
magkaaksidente	nagkaaksidente
magkaaksidente	nagkakaaksidente
magkaaksidente	magkakaaksidente
magkaalmoranas	nagkaalmoranas
magkaalmoranas	nagkakaalmoranas
magkaalmoranas	magkakaalmoranas
magkaano	nagkaano
magkaano	nagkakaano
magkaano	magkakaano
magkaaway	nagkaaway
magkaaway	nagkakaaway
magkaaway	magkakaaway
magkabagang	nagkabagang
magkabagang	nagkakabagang
magkabagang	magkakabagang
magkabilihan	nagkabilihan
magkabilihan	nagkakabilihan
magkabilihan	magkakabilihan
magkabit	nagkabit
magkabit	nagkakabit
magkabit	magkakabit
magkabit	nagkarabit
magkabungang-araw	nagkabungang-araw
magkabungang-araw	nagkakabungang-araw
magkabungang-araw	magkakabungang-araw
magkadiyabetes	nagkadiyabetes
magkadiyabetes	nagkakadiyabetes
magkadiyabetes	magkakadiyabetes
magkagrado	nagkagrado
magkagrado	nagkakagrado
magkagrado	magkakagrado
magkaintindihan	nagkaintindihan
magkaintindihan	nagkakaintindihan
magkaintindihan	magkakaintindihan
magkaisa	nagkaisa
magkaisa	nagkakaisa
magkaisa	magkakaisa
magkakakilala	
magkakalapati	
magkakaluban	
magkakapatid	nagkakapatid
magkakapatid	nagkakakapatid
magkakapatid	magkakakapatid
magkakape	
magkakapitbahay	nagkakapitbahay
magkakapitbahay	nagkakakapitbahay
magkakapitbahay	magkakakapitbahay
magkakarayom	
magkakaroon	magkaroon
magkakaroon	nagkakaroon
magkakatay	
magkakilala	nagkakilala
magkakilala	nagkakakilala
magkakilala	magkakakilala
magkakotse	nagkakotse
magkakotse	nagkakakotse
magkakotse	magkakakotse
magkalat	nagkalat
magkalat	nagkakalat
magkalat	magkakalat
magkali	nagkali
magkali	nagkakali
magkali	magkakali
magkalimbahin	nagkakalimbahin
magkalimbahin	magkakalimbahin
magkaluban	nagkaluban
magkaluban	nagkakaluban
magkaluban	magkakaluban
magkamabutihan	nagkamabutihan
magkamabutihan	nagkamamabutihan
magkamabutihan	magkamamabutihan
magkamali	nagkamali
magkamali	nagkakamali
magkamali	magkakamali
magkamayroon	nagkamayroon
magkamayroon	nagkakamayroon
magkamayroon	magkakamayroon
magkameron	nagkameron
magkameron	nagkakameron
magkameron	magkakameron
magkani-kaniya	nagkani-kaniya
magkani-kaniya	nagkakani-kaniya
magkani-kaniya	magkakani-kaniya
magkanlong	nagkanlong
magkanlong	nagkakanlong
magkanlong	magkakanlong
magkantahan	nagkantahan
magkantahan	nagkakantahan
magkantahan	magkakantahan
magkantutan	nagkantutan
magkantutan	nagkakantutan
magkantutan	magkakantutan
magkapaa	nagkapaa
magkapaa	nagkakapaa
magkape	nagkape
magkape	nagkakape
magkape	magkakape
magkapigsa	nagkapigsa
magkapigsa	nagkakapigsa
magkapigsa	magkakapigsa
magkarga	nagkarga
magkarga	nagkakarga
magkarga	magkakarga
magkarga	kargahin
magkarga	kinakarga
magkarga	inakarga
magkarga	pagkargahan
magkarga	pinapagkargahan
magkarga	pinagkakargahan
magkarga	ipagkarga
magkarga	ipinapagkarga
magkarga	ipakarga
magkarga	ipinakakarga
magkarga	ipinapakarga
magkarga	ipagpakarga
magkarga	ipinagpapakarga
magkarga	ipinapagpakarga
magkarga	ikapagpakarga
magkarga	ikinapagpapakarga
magkarga	ikinakapagpakarga
magkarga	makarga
magkarga	nakakarga
magkarga	maipagkarga
magkarga	naipagkakarga
magkarga	naipapagkarga
magkarga	naiipagkarga
magkarga	maikapagkarga
magkarga	naikapagkakarga
magkarga	naikapapagkarga
magkarga	naiikapagkarga
magkarga	mapagkargaan
magkarga	napagkakargaan
magkarga	napapagkargaan
magkarga	maipakarga
magkarga	naipakakarga
magkarga	naipapakarga
magkarga	naiipakarga
magkarga	maipagpakarga
magkarga	naipagpapakarga
magkarga	naipapagpakarga
magkarga	naiipagpakarga
magkarga	maikapagpakarga
magkarga	naikapagpapakarga
magkarga	naikakapagpakarga
magkarga	naiikapagpakarga
magkarga	mapagpakargahan
magkarga	napagpapakakargahan
magkarga	napapagpakargahan
magkarga	mapapagkargahan
magkarga	napapapagkargahan
magkarga	makipagkarga
magkarga	nakikipagkarga
magkarga	makikarga
magkarga	nakikikarga
magkarga	makipagpakarga
magkarga	nakikipagpakarga
magkaroon	nagkaroon
magkaroon	nagkakaroon
magkaroon	magkakaroon
magkasakit	nagkasakit
magkasakit	nagkakasakit
magkasakit	magkakasakit
magkasiya	nagkasiya
magkasiya	nagkakasiya
magkasiya	magkakasiya
magkasundo	nagkasundo
magkasundo	nagkakasundo
magkasundo	magkakasundo
magkataon	nagkataon
magkataon	nagkakataon
magkataon	magkakataon
magkataon	trigger
magkatapat	nagkatapat
magkatapat	nagkakatapat
magkatapat	magkakatapat
magkatawang-tao	nagkatawang-tao
magkatawang-tao	nagkakatawang-tao
magkatawang-tao	magkakatawang-tao
magkatay	nagkatay
magkatay	nagkakatay
magkatay	magkakatay
magkatay	pagkatay
magkatay	katayin
magkatay	kinakatay
magkatay	inakatay
magkatay	pagkatayan
magkatay	pinapagkatayan
magkatay	pinagkakatayan
magkatay	ipagkatay
magkatay	ipinapagkatay
magkatay	ipakatay
magkatay	ipinakakatay
magkatay	ipinapakatay
magkatay	ipagpakatay
magkatay	ipinagpapakatay
magkatay	ipinapagpakatay
magkatay	ikapagpakatay
magkatay	ikinapagpapakatay
magkatay	ikinakapagpakatay
magkatay	makatay
magkatay	nakakatay
magkatay	maipagkatay
magkatay	naipagkakatay
magkatay	naipapagkatay
magkatay	naiipagkatay
magkatay	maikapagkatay
magkatay	naikapagkakatay
magkatay	naikapapagkatay
magkatay	naiikapagkatay
magkatay	mapagkatayan
magkatay	napagkakatayan
magkatay	napapagkatayan
magkatay	maipakatay
magkatay	naipakakatay
magkatay	naipapakatay
magkatay	naiipakatay
magkatay	maipagpakatay
magkatay	naipagpapakatay
magkatay	naipapagpakatay
magkatay	naiipagpakatay
magkatay	maikapagpakatay
magkatay	naikapagpapakatay
magkatay	naikakapagpakatay
magkatay	naiikapagpakatay
magkatay	mapagpakatayan
magkatay	napagpapakakatayan
magkatay	napapagpakatayan
magkatay	mapapagkatayan
magkatay	napapapagkatayan
magkatay	makipagkatay
magkatay	nakikipagkatay
magkatay	makikatay
magkatay	nakikikatay
magkatay	makipagpakatay
magkatay	nakikipagpakatay
magkatsansa	nagkatsansa
magkatsansa	nagkakatsansa
magkatsansa	magkakatsansa
magkautang	nagkautang
magkautang	nagkakautang
magkautang	magkakautang
magkekeso	
magkekwento	
magkeso	nagkeso
magkeso	nagkekeso
magkeso	magkekeso
magkeyk	nagkekeyk
magko-comment	
magkudeta	nagkudeta
magkudeta	nagkukudeta
magkudeta	magkukudeta
magkukuwento	
magkukwento	
magkumahog	nagkumahog
magkumahog	nagkukumahog
magkumahog	magkukumahog
magkumot	nagkumot
magkumot	nagkukumot
magkumot	magkukumot
magkunwari	nagkunwari
magkunwari	nagkukunwari
magkunwari	magkukunwari
magkusang-loob	nagkusang-loob
magkusang-loob	nagkukusang-loob
magkusang-loob	magkukusang-loob
magkusi	nagkusi
magkusi	nagkukusi
magkusi	magkukusi
magkuskos	nagkuskos
magkuskos	nagkukuskos
magkuskos	magkukuskos
magkuskos	kuskusin
magkuskos	kinukuskos
magkuskos	inakuskos
magkuskos	kuskusan
magkuskos	kinukuskusan
magkuskos	inakuskusan
magkuskos	pagkuskusan
magkuskos	pinapagkuskusan
magkuskos	pinagkukuskusan
magkuskos	ipagkuskos
magkuskos	ipinapagkuskos
magkuskos	ipakuskos
magkuskos	ipinakukuskos
magkuskos	ipinapakuskos
magkuskos	ipagpakuskos
magkuskos	ipinagpapakuskos
magkuskos	ipinapagpakuskos
magkuskos	ikapagpakuskos
magkuskos	ikinapagpapakuskos
magkuskos	ikinakapagpakuskos
magkuskos	makuskos
magkuskos	nakukuskos
magkuskos	makuskusan
magkuskos	nakukuskusan
magkuskos	maipagkuskos
magkuskos	naipagkukuskos
magkuskos	naipapagkuskos
magkuskos	naiipagkuskos
magkuskos	maikapagkuskos
magkuskos	naikapagkukuskos
magkuskos	naikapapagkuskos
magkuskos	naiikapagkuskos
magkuskos	mapagkuskosan
magkuskos	napagkukuskosan
magkuskos	napapagkuskosan
magkuskos	maipakuskos
magkuskos	naipakukuskos
magkuskos	naipapakuskos
magkuskos	naiipakuskos
magkuskos	maipagpakuskos
magkuskos	naipagpapakuskos
magkuskos	naipapagpakuskos
magkuskos	naiipagpakuskos
magkuskos	maikapagpakuskos
magkuskos	naikapagpapakuskos
magkuskos	naikakapagpakuskos
magkuskos	naiikapagpakuskos
magkuskos	mapagpakuskusan
magkuskos	napagpapakukuskusan
magkuskos	napapagpakuskusan
magkuskos	mapapagkuskusan
magkuskos	napapapagkuskusan
magkuskos	makipagkuskos
magkuskos	nakikipagkuskos
magkuskos	makikuskos
magkuskos	nakikikuskos
magkuskos	makipagpakuskos
magkuskos	nakikipagpakuskos
magkutsara	nagkutsara
magkutsara	nagkukutsara
magkutsara	magkukutsara
magkutsaron	nagkutsaron
magkutsaron	nagkukutsaron
magkutsaron	magkukutsaron
magkuwenta	nagkuwenta
magkuwenta	nagkukuwenta
magkuwenta	magkukuwenta
magkuwento	nagkuwento
magkuwento	nagkukuwento
magkuwento	magkukuwento
magkwento	nagkwento
magkwento	nagkekwento
magkwento	magkekwento
maglaba	naglaba
maglaba	naglalaba
maglaba	maglalaba
maglabas	naglalabas
magladlad	nagladlad
magladlad	naglaladlad
magladlad	maglaladlad
maglagay	naglagay
maglagay	naglalagay
maglagay	maglalagay
maglaho	naglaho
maglaho	naglalaho
maglaho	maglalaho
maglakad	naglakad
maglakad	naglalakad
maglakad	maglalakad
maglakbay	naglakbay
maglakbay	naglalakbay
maglakbay	maglalakbay
maglako	naglako
maglako	naglalako
maglako	maglalako
maglakwatsa	naglakwatsa
maglakwatsa	naglalakwatsa
maglakwatsa	maglalakwatsa
maglalako	
maglalaway	
maglandi	naglandi
maglandi	naglalandi
maglandi	maglalandi
maglanggas	naglanggas
maglanggas	naglalanggas
maglanggas	maglalanggas
maglangib	naglangib
maglangib	naglalangib
maglangib	maglalangib
maglango	naglango
maglango	naglalango
maglango	maglalango
maglantod	naglantod
maglantod	naglalantod
maglantod	maglalantod
maglapa	naglapa
maglapa	naglalapa
maglapa	maglalapa
maglapastangan	naglapastangan
maglapastangan	naglalapastangan
maglapastangan	maglalapastangan
maglarawan	naglarawan
maglarawan	naglalarawan
maglarawan	maglalarawan
maglaro	naglaro
maglaro	naglalaro
maglaro	maglalaro
maglaro	laruin
maglaro	nilalaro
maglaro	inalaro
maglaro	paglaruan
maglaro	pinapaglaruan
maglaro	pinaglalaruan
maglaro	ipaglaro
maglaro	ipinapaglaro
maglaro	ipalaro
maglaro	ipinalalaro
maglaro	ipinapalaro
maglaro	ipagpalaro
maglaro	ipinagpapalaro
maglaro	ipinapagpalaro
maglaro	ikapagpalaro
maglaro	ikinapagpapalaro
maglaro	ikinakapagpalaro
maglaro	malaro
maglaro	nalalaro
maglaro	maipaglaro
maglaro	naipaglalaro
maglaro	naipapaglaro
maglaro	naiipaglaro
maglaro	maikapaglaro
maglaro	naikapaglalaro
maglaro	naikapapaglaro
maglaro	naiikapaglaro
maglaro	mapaglaroan
maglaro	napaglalaroan
maglaro	napapaglaroan
maglaro	maipalaro
maglaro	naipalalaro
maglaro	naipapalaro
maglaro	naiipalaro
maglaro	maipagpalaro
maglaro	naipagpapalaro
maglaro	naipapagpalaro
maglaro	naiipagpalaro
maglaro	maikapagpalaro
maglaro	naikapagpapalaro
maglaro	naikakapagpalaro
maglaro	naiikapagpalaro
maglaro	mapagpalaruan
maglaro	napagpapalalaruan
maglaro	napapagpalaruan
maglaro	mapapaglaruan
maglaro	napapapaglaruan
maglaro	makipaglaro
maglaro	nakikipaglaro
maglaro	makilaro
maglaro	nakikilaro
maglaro	makipagpalaro
maglaro	nakikipagpalaro
maglasing	naglasing
maglasing	naglalasing
maglasing	maglalasing
maglaslas	naglaslas
maglaslas	naglalaslas
maglaslas	maglalaslas
maglaso	naglaso
maglaso	naglalaso
maglaso	maglalaso
maglathala	naglathala
maglathala	naglalathala
maglathala	maglalathala
maglaway	naglaway
maglaway	naglalaway
maglaway	maglalaway
maglayag	naglayag
maglayag	naglalayag
maglayag	maglalayag
maglibing	naglibing
maglibing	naglilibing
maglibing	maglilibing
maglihi	naglihi
maglihi	naglilihi
maglihi	maglilihi
maglingid	naglingid
maglingid	naglilingid
maglingid	maglilingid
maglingkod	naglingkod
maglingkod	naglilingkod
maglingkod	maglilingkod
maglingkod	paglingkuran
maglingkod	pinapaglingkuran
maglingkod	pinaglilingkuran
maglingkod	ipaglingkod
maglingkod	ipinapaglingkod
maglingkod	ipagpalingkod
maglingkod	ipinagpapalingkod
maglingkod	ipinapagpalingkod
maglingkod	ikapagpalingkod
maglingkod	ikinapagpapalingkod
maglingkod	ikinakapagpalingkod
maglingkod	maipaglingkod
maglingkod	naipaglilingkod
maglingkod	naipapaglingkod
maglingkod	naiipaglingkod
maglingkod	maikapaglingkod
maglingkod	naikapaglilingkod
maglingkod	naikapapaglingkod
maglingkod	naiikapaglingkod
maglingkod	mapaglingkodan
maglingkod	napaglilingkodan
maglingkod	napapaglingkodan
maglingkod	maipagpalingkod
maglingkod	naipagpapalingkod
maglingkod	naipapagpalingkod
maglingkod	naiipagpalingkod
maglingkod	maikapagpalingkod
maglingkod	naikapagpapalingkod
maglingkod	naikakapagpalingkod
maglingkod	naiikapagpalingkod
maglingkod	mapagpalingkuran
maglingkod	napagpapalilingkuran
maglingkod	napapagpalingkuran
maglingkod	mapapaglingkuran
maglingkod	napapapaglingkuran
maglingkod	makipaglingkod
maglingkod	nakikipaglingkod
maglingkod	makilingkod
maglingkod	nakikilingkod
maglingkod	makipagpalingkod
maglingkod	nakikipagpalingkod
maglinis	naglinis
maglinis	naglilinis
maglinis	maglilinis
maglipana	naglipana
maglipana	naglilipana
maglipana	maglilipana
maglista	naglista
maglista	naglilista
maglista	maglilista
maglista	mag-lista
maglista	nag-lilista
magliwaliw	nagliliwaliw
magloko	nagloko
magloko	nagloloko
magloko	magloloko
maglupagi	naglupagi
maglupagi	naglulupagi
maglupagi	maglulupagi
maglustay	naglustay
maglustay	naglulustay
maglustay	maglulustay
maglustay	lustayin
maglustay	nilulustay
maglustay	inalustay
maglustay	paglustayan
maglustay	pinapaglustayan
maglustay	pinaglulustayan
maglustay	ipaglustay
maglustay	ipinapaglustay
maglustay	ipalustay
maglustay	ipinalulustay
maglustay	ipinapalustay
maglustay	ipagpalustay
maglustay	ipinagpapalustay
maglustay	ipinapagpalustay
maglustay	ikapagpalustay
maglustay	ikinapagpapalustay
maglustay	ikinakapagpalustay
maglustay	malustay
maglustay	nalulustay
maglustay	maipaglustay
maglustay	naipaglulustay
maglustay	naipapaglustay
maglustay	naiipaglustay
maglustay	maikapaglustay
maglustay	naikapaglulustay
maglustay	naikapapaglustay
maglustay	naiikapaglustay
maglustay	mapaglustayan
maglustay	napaglulustayan
maglustay	napapaglustayan
maglustay	maipalustay
maglustay	naipalulustay
maglustay	naipapalustay
maglustay	naiipalustay
maglustay	maipagpalustay
maglustay	naipagpapalustay
maglustay	naipapagpalustay
maglustay	naiipagpalustay
maglustay	maikapagpalustay
maglustay	naikapagpapalustay
maglustay	naikakapagpalustay
maglustay	naiikapagpalustay
maglustay	mapagpalustayan
maglustay	napagpapalulustayan
maglustay	napapagpalustayan
maglustay	mapapaglustayan
maglustay	napapapaglustayan
maglustay	makipaglustay
maglustay	nakikipaglustay
maglustay	makilustay
maglustay	nakikilustay
maglustay	makipagpalustay
maglustay	nakikipagpalustay
magluto	nagluto
magluto	nagluluto
magluto	magluluto
magluwas	nagluwas
magluwas	nagluluwas
magluwas	magluluwas
magluwat	nagluwat
magluwat	nagluluwat
magluwat	magluluwat
magmaang-maangan	nagmaang-maangan
magmaang-maangan	nagmamaang-maangan
magmaang-maangan	magmamaang-maangan
magmadali	nagmadali
magmadali	nagmamadali
magmadali	magmamadali
magmagaling	nagmagaling
magmagaling	nagmamagaling
magmagaling	magmamagaling
magmahal	nagmamahal
magmakaawa	nagmakaawa
magmakaawa	nagmamakaawa
magmakaawa	magmamakaawa
magmalinis	nagmalinis
magmalinis	nagmamalinis
magmalinis	magmamalinis
magmaliw	nagmaliw
magmaliw	nagmamaliw
magmaliw	magmamaliw
magmamaruya	
magmana	nagmana
magmana	nagmamana
magmana	magmamana
magmaneho	nagmaneho
magmaneho	nagmamaneho
magmaneho	magmamaneho
magmanibalang	nagmanibalang
magmanibalang	nagmamanibalang
magmanibalang	magmamanibalang
magmaniobra	nagmaniobra
magmaniobra	nagmamaniobra
magmaniobra	magmamaniobra
magmaniobra	maniobrahin
magmaniobra	minamaniobra
magmaniobra	inamaniobra
magmaniobra	pagmaniobrahan
magmaniobra	pinapagmaniobrahan
magmaniobra	pinagmamaniobrahan
magmaniobra	ipagmaniobra
magmaniobra	ipinapagmaniobra
magmaniobra	ipamaniobra
magmaniobra	ipinamamaniobra
magmaniobra	ipinapamaniobra
magmaniobra	ipagpamaniobra
magmaniobra	ipinagpapamaniobra
magmaniobra	ipinapagpamaniobra
magmaniobra	ikapagpamaniobra
magmaniobra	ikinapagpapamaniobra
magmaniobra	ikinakapagpamaniobra
magmaniobra	mamaniobra
magmaniobra	namamaniobra
magmaniobra	maipagmaniobra
magmaniobra	naipagmamaniobra
magmaniobra	naipapagmaniobra
magmaniobra	naiipagmaniobra
magmaniobra	maikapagmaniobra
magmaniobra	naikapagmamaniobra
magmaniobra	naikapapagmaniobra
magmaniobra	naiikapagmaniobra
magmaniobra	mapagmaniobraan
magmaniobra	napagmamaniobraan
magmaniobra	napapagmaniobraan
magmaniobra	maipamaniobra
magmaniobra	naipamamaniobra
magmaniobra	naipapamaniobra
magmaniobra	naiipamaniobra
magmaniobra	maipagpamaniobra
magmaniobra	naipagpapamaniobra
magmaniobra	naipapagpamaniobra
magmaniobra	naiipagpamaniobra
magmaniobra	maikapagpamaniobra
magmaniobra	naikapagpapamaniobra
magmaniobra	naikakapagpamaniobra
magmaniobra	naiikapagpamaniobra
magmaniobra	mapagpamaniobrahan
magmaniobra	napagpapamamaniobrahan
magmaniobra	napapagpamaniobrahan
magmaniobra	mapapagmaniobrahan
magmaniobra	napapapagmaniobrahan
magmaniobra	makipagmaniobra
magmaniobra	nakikipagmaniobra
magmaniobra	makimaniobra
magmaniobra	nakikimaniobra
magmaniobra	makipagpamaniobra
magmaniobra	nakikipagpamaniobra
magmaniobra	imaniobra
magmaniobra	iminamaniobra
magmaniobra	maimaniobra
magmaniobra	naimamaniobra
magmartsa	nagmartsa
magmartsa	nagmamartsa
magmartsa	magmamartsa
magmarunong	nagmarunong
magmarunong	nagmamarunong
magmarunong	magmamarunong
magmasahe	nagmasahe
magmasahe	nagmamasahe
magmasahe	magmamasahe
magmatalino	nagmatalino
magmatalino	nagmamatalino
magmatalino	magmamatalino
magmatigas	nagmatigas
magmatigas	nagmamatigas
magmatigas	magmamatigas
magmay-ari	nagmay-ari
magmay-ari	nagmamay-ari
magmay-ari	magmamay-ari
magmayabang	nagmayabang
magmayabang	nagmamayabang
magmayabang	magmamayabang
magmeryenda	nagmeryenda
magmeryenda	nagmemeryenda
magmeryenda	magmemeryenda
magmeryenda	ipagmeryenda
magmeryenda	ipinapagmeryenda
magmeryenda	ipinagmemeryenda
magmeryenda	pagmeryendahan
magmeryenda	pinapagmeryendahan
magmeryenda	pinagmemeryendahan
magmeryenda	ipagpameryenda
magmeryenda	ipinagpapameryenda
magmeryenda	ipinapagpameryenda
magmeryenda	ikapagpameryenda
magmeryenda	ikinapagpapameryenda
magmeryenda	ikinakapagpameryenda
magmeryenda	maipagmeryenda
magmeryenda	naipagmemeryenda
magmeryenda	naipapagmeryenda
magmeryenda	naiipagmeryenda
magmeryenda	maikapagmeryenda
magmeryenda	naikapagmemeryenda
magmeryenda	naikapapagmeryenda
magmeryenda	naiikapagmeryenda
magmeryenda	mapagmeryendaan
magmeryenda	napagmemeryendaan
magmeryenda	napapagmeryendaan
magmeryenda	maipagpameryenda
magmeryenda	naipagpapameryenda
magmeryenda	naipapagpameryenda
magmeryenda	naiipagpameryenda
magmeryenda	maikapagpameryenda
magmeryenda	naikapagpapameryenda
magmeryenda	naikakapagpameryenda
magmeryenda	naiikapagpameryenda
magmeryenda	mapagpameryendahan
magmeryenda	napagpapamemeryendahan
magmeryenda	napapagpameryendahan
magmeryenda	mapapagmeryendahan
magmeryenda	napapapagmeryendahan
magmeryenda	makipagmeryenda
magmeryenda	nakikipagmeryenda
magmeryenda	makimeryenda
magmeryenda	nakikimeryenda
magmeryenda	makipagpameryenda
magmeryenda	nakikipagpameryenda
magmukmok	nagmukmok
magmukmok	nagmumukmok
magmukmok	magmumukmok
magmula	nagmula
magmula	nagmumula
magmula	magmumula
magmumog	nagmumog
magmumog	nagmumumog
magmumog	magmumumog
magmura	nagmura
magmura	nagmumura
magmura	magmumura
magmurang-kamatis	nagmurang-kamatis
magmurang-kamatis	nagmumurang-kamatis
magmurang-kamatis	magmumurang-kamatis
magmurang-sibuyas	nagmurang-sibuyas
magmurang-sibuyas	nagmumurang-sibuyas
magmurang-sibuyas	magmumurang-sibuyas
magnais	nagnais
magnais	nagnanais
magnais	magnanais
magnakaw	nagnakaw
magnakaw	nagnanakaw
magnakaw	magnanakaw
magnakaw	pagnanakaw
magnakaw	nakawin
magnakaw	ninanakaw
magnakaw	inanakaw
magnakaw	pagnakawan
magnakaw	pinapagnakawan
magnakaw	pinagnanakawan
magnakaw	ipagnakaw
magnakaw	ipinapagnakaw
magnakaw	ipanakaw
magnakaw	ipinananakaw
magnakaw	ipinapanakaw
magnakaw	ipagpanakaw
magnakaw	ipinagpapanakaw
magnakaw	ipinapagpanakaw
magnakaw	ikapagpanakaw
magnakaw	ikinapagpapanakaw
magnakaw	ikinakapagpanakaw
magnakaw	manakaw
magnakaw	nananakaw
magnakaw	maipagnakaw
magnakaw	naipagnanakaw
magnakaw	naipapagnakaw
magnakaw	naiipagnakaw
magnakaw	maikapagnakaw
magnakaw	naikapagnanakaw
magnakaw	naikapapagnakaw
magnakaw	naiikapagnakaw
magnakaw	mapagnakawan
magnakaw	napagnanakawan
magnakaw	napapagnakawan
magnakaw	maipanakaw
magnakaw	naipananakaw
magnakaw	naipapanakaw
magnakaw	naiipanakaw
magnakaw	maipagpanakaw
magnakaw	naipagpapanakaw
magnakaw	naipapagpanakaw
magnakaw	naiipagpanakaw
magnakaw	maikapagpanakaw
magnakaw	naikapagpapanakaw
magnakaw	naikakapagpanakaw
magnakaw	naiikapagpanakaw
magnakaw	mapagpanakawan
magnakaw	napagpapananakawan
magnakaw	napapagpanakawan
magnakaw	mapapagnakawan
magnakaw	napapapagnakawan
magnakaw	makipagnakaw
magnakaw	nakikipagnakaw
magnakaw	makinakaw
magnakaw	nakikinakaw
magnakaw	makipagpanakaw
magnakaw	nakikipagpanakaw
magnakaw	nakawan
magnakaw	ninanakawan
magnakaw	inanakawan
magnakaw	manakawan
magnakaw	nananakawan
magnana	nagnana
magnana	nagnanana
magnana	magnanana
magnanakaw	
magngalit	nagngalit
magngalit	nagngangalit
magngalit	magngangalit
magngalit	nagngaralit
magningas	nagningas
magningas	nagniningas
magningas	magniningas
magningas	nagniringas
magningning	nagningning
magningning	nagniningning
magningning	magniningning
magniningning	
magpa-brace	nagpa-brace
magpa-brace	nagpapa-brace
magpa-brace	magpapa-brace
magpa-x-ray	nagpa-x-ray
magpa-x-ray	nagpapa-x-ray
magpa-x-ray	magpapa-x-ray
magpaa	nagpaa
magpaa	nagpapaa
magpaa	magpapaa
magpaa	pagpaaan
magpaa	pinapagpaaan
magpaa	pinagpapaaan
magpaa	ipagpaa
magpaa	ipinapagpaa
magpaa	ipagpapaa
magpaa	ipinagpapapaa
magpaa	ipinapagpapaa
magpaa	ikapagpapaa
magpaa	ikinapagpapapaa
magpaa	ikinakapagpapaa
magpaa	maipagpaa
magpaa	naipagpapaa
magpaa	naipapagpaa
magpaa	naiipagpaa
magpaa	maikapagpaa
magpaa	naikapagpapaa
magpaa	naikapapagpaa
magpaa	naiikapagpaa
magpaa	mapagpaaan
magpaa	napagpapaaan
magpaa	napapagpaaan
magpaa	maipagpapaa
magpaa	naipagpapapaa
magpaa	naipapagpapaa
magpaa	naiipagpapaa
magpaa	maikapagpapaa
magpaa	naikapagpapapaa
magpaa	naikakapagpapaa
magpaa	naiikapagpapaa
magpaa	mapagpapaaan
magpaa	napagpapapapaaan
magpaa	napapagpapaaan
magpaa	mapapagpaaan
magpaa	napapapagpaaan
magpaa	makipagpaa
magpaa	nakikipagpaa
magpaa	makipaa
magpaa	nakikipaa
magpaa	makipagpapaa
magpaa	nakikipagpapaa
magpaalam	nagpaalam
magpaalam	nagpapaalam
magpaalam	magpapaalam
magpabaha	nagpabaha
magpabaha	nagpapabaha
magpabaha	magpapabaha
magpabalik	nagpabalik
magpabalik	nagpapabalik
magpabalik	magpapabalik
magpabalik-balik	nagpabalik-balik
magpabalik-balik	nagpapabalik-balik
magpabalik-balik	magpapabalik-balik
magpaganda	nagpaganda
magpaganda	nagpagaganda
magpaganda	magpagaganda
magpaganda	nagpapaganda
magpagawa	nagpagawa
magpagawa	nagpapagawa
magpagawa	magpapagawa
magpagupit	nagpagupit
magpagupit	nagpapagupit
magpagupit	magpapagupit
magpaguwapo	nagpaguwapo
magpaguwapo	nagpapaguwapo
magpaguwapo	magpapaguwapo
magpagwapo	nagpapagwapo
magpahid	nagpahid
magpahid	nagpapahid
magpahid	magpapahid
magpahinga	nagpahinga
magpahinga	nagpapahinga
magpahinga	magpapahinga
magpahinga	mamahinga
magpahinga	namamahinga
magpakabato	nagpakabato
magpakabato	nagpapakabato
magpakabato	magpapakabato
magpakahulugan	nagpakahulugan
magpakahulugan	nagpapakahulugan
magpakahulugan	magpapakahulugan
magpakain	nagpakain
magpakain	nagpapakain
magpakain	magpapakain
magpakalalaki	nagpakalalaki
magpakalalaki	nagpapakalalaki
magpakalalaki	magpapakalalaki
magpakamatay	nagpakamatay
magpakamatay	nagpapakamatay
magpakamatay	magpapakamatay
magpakamatay	nagpakamamatay
magpakasal	nagpakasal
magpakasal	nagpapakasal
magpakasal	magpapakasal
magpakasasa	nagpakasasa
magpakasasa	nagpapakasasa
magpakasasa	magpapakasasa
magpakita	nagpakita
magpakita	nagpapakita
magpakita	magpapakita
magpakumbaba	nagpakumbaba
magpakumbaba	nagpapakumbaba
magpakumbaba	magpapakumbaba
magpalaba	nagpalaba
magpalaba	nagpapalaba
magpalaba	magpapalaba
magpalaganap	nagpalaganap
magpalaganap	nagpapalaganap
magpalaganap	magpapalaganap
magpalaglag	nagpalaglag
magpalaglag	nagpapalaglag
magpalaglag	magpapalaglag
magpalit-anyo	nagpalit-anyo
magpalit-anyo	nagpapalit-anyo
magpalit-anyo	magpapalit-anyo
magpaliwanag	nagpaliwanag
magpaliwanag	nagpapaliwanag
magpaliwanag	magpapaliwanag
magpanatili	nagpanatili
magpanatili	nagpapanatili
magpanatili	magpapanatili
magpanatili	panatilihin
magpanatili	pinapanatili
magpanatili	inapanatili
magpanatili	pagpanatilihan
magpanatili	pinapagpanatilihan
magpanatili	pinagpapanatilihan
magpanatili	ipagpanatili
magpanatili	ipinapagpanatili
magpanatili	ipapanatili
magpanatili	ipinapapanatili
magpanatili	ipagpapanatili
magpanatili	ipinagpapapanatili
magpanatili	ipinapagpapanatili
magpanatili	ikapagpapanatili
magpanatili	ikinapagpapapanatili
magpanatili	ikinakapagpapanatili
magpanatili	mapanatili
magpanatili	napapanatili
magpanatili	maipagpanatili
magpanatili	naipagpapanatili
magpanatili	naipapagpanatili
magpanatili	naiipagpanatili
magpanatili	maikapagpanatili
magpanatili	naikapagpapanatili
magpanatili	naikapapagpanatili
magpanatili	naiikapagpanatili
magpanatili	mapagpanatilian
magpanatili	napagpapanatilian
magpanatili	napapagpanatilian
magpanatili	maipapanatili
magpanatili	naipapapanatili
magpanatili	naiipapanatili
magpanatili	maipagpapanatili
magpanatili	naipagpapapanatili
magpanatili	naipapagpapanatili
magpanatili	naiipagpapanatili
magpanatili	maikapagpapanatili
magpanatili	naikapagpapapanatili
magpanatili	naikakapagpapanatili
magpanatili	naiikapagpapanatili
magpanatili	mapagpapanatilihan
magpanatili	napagpapapapanatilihan
magpanatili	napapagpapanatilihan
magpanatili	mapapagpanatilihan
magpanatili	napapapagpanatilihan
magpanatili	makipagpanatili
magpanatili	nakikipagpanatili
magpanatili	makipanatili
magpanatili	nakikipanatili
magpanatili	makipagpapanatili
magpanatili	nakikipagpapanatili
magpanggap	nagpanggap
magpanggap	nagpapanggap
magpanggap	magpapanggap
magpansinan	nagpansinan
magpansinan	nagpapansinan
magpansinan	magpapansinan
magpanumbalik	nagpanumbalik
magpanumbalik	nagpapanumbalik
magpanumbalik	magpapanumbalik
magpaopera	nagpaopera
magpaopera	nagpapaopera
magpaopera	magpapaopera
magpaopera	operahan
magpaopera	inooperahan
magpaopera	inaoperahan
magpaopera	pag-operahan
magpaopera	pinapag-operahan
magpaopera	pinag-ooperahan
magpaopera	ipag-opera
magpaopera	ipinapag-opera
magpaopera	ipagpaopera
magpaopera	ipinagpapaopera
magpaopera	ipinapagpaopera
magpaopera	ikapagpaopera
magpaopera	ikinapagpapaopera
magpaopera	ikinakapagpaopera
magpaopera	maoperahan
magpaopera	naooperahan
magpaopera	maipag-opera
magpaopera	naipag-oopera
magpaopera	naipapag-opera
magpaopera	naiipag-opera
magpaopera	maikapag-opera
magpaopera	naikapag-oopera
magpaopera	naikapapag-opera
magpaopera	naiikapag-opera
magpaopera	mapag-operaan
magpaopera	napag-ooperaan
magpaopera	napapag-operaan
magpaopera	maipagpaopera
magpaopera	naipagpapaopera
magpaopera	naipapagpaopera
magpaopera	naiipagpaopera
magpaopera	maikapagpaopera
magpaopera	naikapagpapaopera
magpaopera	naikakapagpaopera
magpaopera	naiikapagpaopera
magpaopera	mapagpaoperahan
magpaopera	napagpapaooperahan
magpaopera	napapagpaoperahan
magpaopera	mapapag-operahan
magpaopera	napapapag-operahan
magpaopera	makipag-opera
magpaopera	nakikipag-opera
magpaopera	makiopera
magpaopera	nakikiopera
magpaopera	makipagpaopera
magpaopera	nakikipagpaopera
magpapansin	nagpapansin
magpapansin	nagpapapansin
magpapansin	magpapapansin
magpapaubaya	
magpapawid	
magpapayat	nagpapayat
magpapayat	nagpapapayat
magpapayat	magpapapayat
magpapintura	nagpapintura
magpapintura	nagpapapintura
magpapintura	magpapapintura
magpaputi	nagpaputi
magpaputi	nagpapaputi
magpaputi	magpapaputi
magparami	nagparami
magparami	nagpaparami
magparami	magpaparami
magparaya	nagparaya
magparaya	nagpaparaya
magparaya	magpaparaya
magpari	nagpari
magpari	nagpapari
magpari	magpapari
magpari	parian
magpari	pinaparian
magpari	inaparian
magpari	pagparian
magpari	pinapagparian
magpari	pinagpaparian
magpari	ipagpari
magpari	ipinapagpari
magpari	ipagpapari
magpari	ipinagpapapari
magpari	ipinapagpapari
magpari	ikapagpapari
magpari	ikinapagpapapari
magpari	ikinakapagpapari
magpari	maparian
magpari	napaparian
magpari	maipagpari
magpari	naipagpapari
magpari	naipapagpari
magpari	naiipagpari
magpari	maikapagpari
magpari	naikapagpapari
magpari	naikapapagpari
magpari	naiikapagpari
magpari	mapagparian
magpari	napagpaparian
magpari	napapagparian
magpari	maipagpapari
magpari	naipagpapapari
magpari	naipapagpapari
magpari	naiipagpapari
magpari	maikapagpapari
magpari	naikapagpapapari
magpari	naikakapagpapari
magpari	naiikapagpapari
magpari	mapagpaparian
magpari	napagpapapaparian
magpari	napapagpaparian
magpari	mapapagparian
magpari	napapapagparian
magpari	makipagpari
magpari	nakikipagpari
magpari	makipari
magpari	nakikipari
magpari	makipagpapari
magpari	nakikipagpapari
magparinig	nagparinig
magparinig	nagpaparinig
magparinig	magpaparinig
magpasan	nagpasan
magpasan	nagpapasan
magpasan	magpapasan
magpasaya	nagpasaya
magpasaya	nagpapasaya
magpasaya	magpapasaya
magpasikat	nagpasikat
magpasikat	nagpapasikat
magpasikat	magpapasikat
magpasinungaling	nagpasinungaling
magpasinungaling	nagpapasinungaling
magpasinungaling	magpapasinungaling
magpaskil	nagpaskil
magpaskil	nagpapaskil
magpaskil	magpapaskil
magpasubasta	nagpasubasta
magpasubasta	nagpapasubasta
magpasubasta	magpapasubasta
magpasulat	nagpasulat
magpasulat	nagpapasulat
magpasulat	magpapasulat
magpataba	nagpataba
magpataba	nagpapataba
magpataba	magpapataba
magpatakas	nagpatakas
magpatakas	nagpapatakas
magpatakas	magpapatakas
magpatalsik	nagpatalsik
magpatalsik	nagpapatalsik
magpatalsik	magpapatalsik
magpatay-patayan	nagpatay-patayan
magpatay-patayan	nagpapatay-patayan
magpatay-patayan	magpapatay-patayan
magpatiwakal	nagpatiwakal
magpatiwakal	nagpapatiwakal
magpatiwakal	magpapatiwakal
magpatrulya	nagpatrulya
magpatrulya	nagpapatrulya
magpatrulya	magpapatrulya
magpatsek-ap	nagpatsek-ap
magpatsek-ap	nagpapatsek-ap
magpatsek-ap	magpapatsek-ap
magpatuli	nagpatuli
magpatuli	nagpapatuli
magpatuli	magpapatuli
magpatulog	nagpatulog
magpatulog	nagpapatulog
magpatulog	magpapatulog
magpatuloy	nagpatuloy
magpatuloy	nagpapatuloy
magpatuloy	magpapatuloy
magpatunay	nagpatunay
magpatunay	nagpapatunay
magpatunay	magpapatunay
magpatupad	nagpatupad
magpatupad	nagpapatupad
magpatupad	magpapatupad
magpaubaya	nagpaubaya
magpaubaya	nagpapaubaya
magpaubaya	magpapaubaya
magpaubaya	ipaubaya
magpaubaya	ipinapaubaya
magpaubaya	inapaubaya
magpaubaya	pagpaubayaan
magpaubaya	pinapagpaubayaan
magpaubaya	pinagpapaubayaan
magpaubaya	ipagpaubaya
magpaubaya	ipinapagpaubaya
magpaubaya	ipapaubaya
magpaubaya	ipinapapaubaya
magpaubaya	ipagpapaubaya
magpaubaya	ipinagpapapaubaya
magpaubaya	ipinapagpapaubaya
magpaubaya	ikapagpapaubaya
magpaubaya	ikinapagpapapaubaya
magpaubaya	ikinakapagpapaubaya
magpaubaya	maipaubaya
magpaubaya	naipapaubaya
magpaubaya	maipagpaubaya
magpaubaya	naipagpapaubaya
magpaubaya	naipapagpaubaya
magpaubaya	naiipagpaubaya
magpaubaya	maikapagpaubaya
magpaubaya	naikapagpapaubaya
magpaubaya	naikapapagpaubaya
magpaubaya	naiikapagpaubaya
magpaubaya	mapagpaubayaan
magpaubaya	napagpapaubayaan
magpaubaya	napapagpaubayaan
magpaubaya	maipapaubaya
magpaubaya	naipapapaubaya
magpaubaya	naiipapaubaya
magpaubaya	maipagpapaubaya
magpaubaya	naipagpapapaubaya
magpaubaya	naipapagpapaubaya
magpaubaya	naiipagpapaubaya
magpaubaya	maikapagpapaubaya
magpaubaya	naikapagpapapaubaya
magpaubaya	naikakapagpapaubaya
magpaubaya	naiikapagpapaubaya
magpaubaya	mapagpapaubayaan
magpaubaya	napagpapapapaubayaan
magpaubaya	napapagpapaubayaan
magpaubaya	mapapagpaubayaan
magpaubaya	napapapagpaubayaan
magpaubaya	makipagpaubaya
magpaubaya	nakikipagpaubaya
magpaubaya	makipaubaya
magpaubaya	nakikipaubaya
magpaubaya	makipagpapaubaya
magpaubaya	nakikipagpapaubaya
magpausok	nagpausok
magpausok	nagpapausok
magpausok	magpapausok
magpautang	nagpautang
magpautang	nagpapautang
magpautang	magpapautang
magpawalang-bisa	nagpawalang-bisa
magpawalang-bisa	nagpapawalang-bisa
magpawalang-bisa	magpapawalang-bisa
magpawid	nagpawid
magpawid	nagpapawid
magpawid	magpapawid
magpawis	nagpawis
magpawis	nagpapawis
magpawis	magpapawis
magpayo	nagpayo
magpayo	nagpapayo
magpayo	magpapayo
magpayo	payuhan
magpayo	pinapayuhan
magpayo	inapayuhan
magpayo	pagpayuhan
magpayo	pinapagpayuhan
magpayo	pinagpapayuhan
magpayo	ipagpayo
magpayo	ipinapagpayo
magpayo	ipagpapayo
magpayo	ipinagpapapayo
magpayo	ipinapagpapayo
magpayo	ikapagpapayo
magpayo	ikinapagpapapayo
magpayo	ikinakapagpapayo
magpayo	mapayuhan
magpayo	napapayuhan
magpayo	maipagpayo
magpayo	naipagpapayo
magpayo	naipapagpayo
magpayo	naiipagpayo
magpayo	maikapagpayo
magpayo	naikapagpapayo
magpayo	naikapapagpayo
magpayo	naiikapagpayo
magpayo	mapagpayoan
magpayo	napagpapayoan
magpayo	napapagpayoan
magpayo	maipagpapayo
magpayo	naipagpapapayo
magpayo	naipapagpapayo
magpayo	naiipagpapayo
magpayo	maikapagpapayo
magpayo	naikapagpapapayo
magpayo	naikakapagpapayo
magpayo	naiikapagpapayo
magpayo	mapagpapayuhan
magpayo	napagpapapapayuhan
magpayo	napapagpapayuhan
magpayo	mapapagpayuhan
magpayo	napapapagpayuhan
magpayo	makipagpayo
magpayo	nakikipagpayo
magpayo	makipayo
magpayo	nakikipayo
magpayo	makipagpapayo
magpayo	nakikipagpapayo
magpayong	nagpayong
magpayong	nagpapayong
magpayong	magpapayong
magpayong	payungan
magpayong	pinapayungan
magpayong	inapayungan
magpayong	pagpayungan
magpayong	pinapagpayungan
magpayong	pinagpapayungan
magpayong	ipagpayong
magpayong	ipinapagpayong
magpayong	ipagpapayong
magpayong	ipinagpapapayong
magpayong	ipinapagpapayong
magpayong	ikapagpapayong
magpayong	ikinapagpapapayong
magpayong	ikinakapagpapayong
magpayong	mapayungan
magpayong	napapayungan
magpayong	maipagpayong
magpayong	naipagpapayong
magpayong	naipapagpayong
magpayong	naiipagpayong
magpayong	maikapagpayong
magpayong	naikapagpapayong
magpayong	naikapapagpayong
magpayong	naiikapagpayong
magpayong	mapagpayongan
magpayong	napagpapayongan
magpayong	napapagpayongan
magpayong	maipagpapayong
magpayong	naipagpapapayong
magpayong	naipapagpapayong
magpayong	naiipagpapayong
magpayong	maikapagpapayong
magpayong	naikapagpapapayong
magpayong	naikakapagpapayong
magpayong	naiikapagpapayong
magpayong	mapagpapayungan
magpayong	napagpapapapayungan
magpayong	napapagpapayungan
magpayong	mapapagpayungan
magpayong	napapapagpayungan
magpayong	makipagpayong
magpayong	nakikipagpayong
magpayong	makipayong
magpayong	nakikipayong
magpayong	makipagpapayong
magpayong	nakikipagpapayong
magpraktis	nagpraktis
magpraktis	nagprapraktis
magpraktis	magprapraktis
magpraktis	nagpapraktis
magprodukto	nagprodukto
magprodukto	nagpoprodukto
magprodukto	magpoprodukto
magproseso	nagproseso
magproseso	nagpoproseso
magproseso	magpoproseso
magpunas	nagpunas
magpunas	nagpupunas
magpunas	magpupunas
magpunta	nagpunta
magpunta	nagpupunta
magpunta	magpupunta
magpuyat	nagpuyat
magpuyat	nagpupuyat
magpuyat	magpupuyat
magreklamo	nagreklamo
magreklamo	nagrereklamo
magreklamo	magrereklamo
magreklamo	ireklamo
magreklamo	inirereklamo
magreklamo	inareklamo
magreklamo	reklamuhan
magreklamo	nirereklamuhan
magreklamo	inareklamuhan
magreklamo	pagreklamuhan
magreklamo	pinapagreklamuhan
magreklamo	pinagrereklamuhan
magreklamo	ipagreklamo
magreklamo	ipinapagreklamo
magreklamo	ipareklamo
magreklamo	ipinarereklamo
magreklamo	ipinapareklamo
magreklamo	ipagpareklamo
magreklamo	ipinagpapareklamo
magreklamo	ipinapagpareklamo
magreklamo	ikapagpareklamo
magreklamo	ikinapagpapareklamo
magreklamo	ikinakapagpareklamo
magreklamo	maireklamo
magreklamo	nairereklamo
magreklamo	mareklamuhan
magreklamo	narereklamuhan
magreklamo	maipagreklamo
magreklamo	naipagrereklamo
magreklamo	naipapagreklamo
magreklamo	naiipagreklamo
magreklamo	maikapagreklamo
magreklamo	naikapagrereklamo
magreklamo	naikapapagreklamo
magreklamo	naiikapagreklamo
magreklamo	mapagreklamoan
magreklamo	napagrereklamoan
magreklamo	napapagreklamoan
magreklamo	maipareklamo
magreklamo	naiparereklamo
magreklamo	naipapareklamo
magreklamo	naiipareklamo
magreklamo	maipagpareklamo
magreklamo	naipagpapareklamo
magreklamo	naipapagpareklamo
magreklamo	naiipagpareklamo
magreklamo	maikapagpareklamo
magreklamo	naikapagpapareklamo
magreklamo	naikakapagpareklamo
magreklamo	naiikapagpareklamo
magreklamo	mapagpareklamuhan
magreklamo	napagpaparereklamuhan
magreklamo	napapagpareklamuhan
magreklamo	mapapagreklamuhan
magreklamo	napapapagreklamuhan
magreklamo	makipagreklamo
magreklamo	nakikipagreklamo
magreklamo	makireklamo
magreklamo	nakikireklamo
magreklamo	makipagpareklamo
magreklamo	nakikipagpareklamo
magrekomenda	nagrekomenda
magrekomenda	nagrerekomenda
magrekomenda	magrerekomenda
magrenta	nagrenta
magrenta	nagrerenta
magrenta	magrerenta
magrenta	rentahin
magrenta	nirerenta
magrenta	inarenta
magrenta	pagrentahan
magrenta	pinapagrentahan
magrenta	pinagrerentahan
magrenta	ipagrenta
magrenta	ipinapagrenta
magrenta	iparenta
magrenta	ipinarerenta
magrenta	ipinaparenta
magrenta	ipagparenta
magrenta	ipinagpaparenta
magrenta	ipinapagparenta
magrenta	ikapagparenta
magrenta	ikinapagpaparenta
magrenta	ikinakapagparenta
magrenta	marenta
magrenta	narerenta
magrenta	maipagrenta
magrenta	naipagrerenta
magrenta	naipapagrenta
magrenta	naiipagrenta
magrenta	maikapagrenta
magrenta	naikapagrerenta
magrenta	naikapapagrenta
magrenta	naiikapagrenta
magrenta	mapagrentaan
magrenta	napagrerentaan
magrenta	napapagrentaan
magrenta	maiparenta
magrenta	naiparerenta
magrenta	naipaparenta
magrenta	naiiparenta
magrenta	maipagparenta
magrenta	naipagpaparenta
magrenta	naipapagparenta
magrenta	naiipagparenta
magrenta	maikapagparenta
magrenta	naikapagpaparenta
magrenta	naikakapagparenta
magrenta	naiikapagparenta
magrenta	mapagparentahan
magrenta	napagpaparerentahan
magrenta	napapagparentahan
magrenta	mapapagrentahan
magrenta	napapapagrentahan
magrenta	makipagrenta
magrenta	nakikipagrenta
magrenta	makirenta
magrenta	nakikirenta
magrenta	makipagparenta
magrenta	nakikipagparenta
magrepake	nagrepake
magrepake	nagrerepake
magrepake	magrerepake
magribyu	nagribyu
magribyu	nagriribyu
magribyu	magriribyu
magribyu	ribyuhin
magribyu	niriribyu
magribyu	inaribyu
magribyu	ribyuhan
magribyu	niriribyuhan
magribyu	inaribyuhan
magribyu	pagribyuhan
magribyu	pinapagribyuhan
magribyu	pinagriribyuhan
magribyu	ipagribyu
magribyu	ipinapagribyu
magribyu	iparibyu
magribyu	ipinariribyu
magribyu	ipinaparibyu
magribyu	ipagparibyu
magribyu	ipinagpaparibyu
magribyu	ipinapagparibyu
magribyu	ikapagparibyu
magribyu	ikinapagpaparibyu
magribyu	ikinakapagparibyu
magribyu	maribyu
magribyu	nariribyu
magribyu	maribyuhan
magribyu	nariribyuhan
magribyu	maipagribyu
magribyu	naipagriribyu
magribyu	naipapagribyu
magribyu	naiipagribyu
magribyu	maikapagribyu
magribyu	naikapagriribyu
magribyu	naikapapagribyu
magribyu	naiikapagribyu
magribyu	mapagribyuan
magribyu	napagriribyuan
magribyu	napapagribyuan
magribyu	maiparibyu
magribyu	naipariribyu
magribyu	naipaparibyu
magribyu	naiiparibyu
magribyu	maipagparibyu
magribyu	naipagpaparibyu
magribyu	naipapagparibyu
magribyu	naiipagparibyu
magribyu	maikapagparibyu
magribyu	naikapagpaparibyu
magribyu	naikakapagparibyu
magribyu	naiikapagparibyu
magribyu	mapagparibyuhan
magribyu	napagpapariribyuhan
magribyu	napapagparibyuhan
magribyu	mapapagribyuhan
magribyu	napapapagribyuhan
magribyu	makipagribyu
magribyu	nakikipagribyu
magribyu	makiribyu
magribyu	nakikiribyu
magribyu	makipagparibyu
magribyu	nakikipagparibyu
magsabi	nagsabi
magsabi	nagsasabi
magsabi	magsasabi
magsabi	sabihin
magsabi	sinasabi
magsabi	inasabi
magsabi	sabihan
magsabi	sinasabihan
magsabi	inasabihan
magsabi	pagsabihan
magsabi	pinapagsabihan
magsabi	pinagsasabihan
magsabi	ipagsabi
magsabi	ipinapagsabi
magsabi	ipasabi
magsabi	ipinasasabi
magsabi	ipinapasabi
magsabi	ipagpasabi
magsabi	ipinagpapasabi
magsabi	ipinapagpasabi
magsabi	ikapagpasabi
magsabi	ikinapagpapasabi
magsabi	ikinakapagpasabi
magsabi	masabi
magsabi	nasasabi
magsabi	masabihan
magsabi	nasasabihan
magsabi	maipagsabi
magsabi	naipagsasabi
magsabi	naipapagsabi
magsabi	naiipagsabi
magsabi	maikapagsabi
magsabi	naikapagsasabi
magsabi	naikapapagsabi
magsabi	naiikapagsabi
magsabi	mapagsabian
magsabi	napagsasabian
magsabi	napapagsabian
magsabi	maipasabi
magsabi	naipasasabi
magsabi	naipapasabi
magsabi	naiipasabi
magsabi	maipagpasabi
magsabi	naipagpapasabi
magsabi	naipapagpasabi
magsabi	naiipagpasabi
magsabi	maikapagpasabi
magsabi	naikapagpapasabi
magsabi	naikakapagpasabi
magsabi	naiikapagpasabi
magsabi	mapagpasabihan
magsabi	napagpapasasabihan
magsabi	napapagpasabihan
magsabi	mapapagsabihan
magsabi	napapapagsabihan
magsabi	makipagsabi
magsabi	nakikipagsabi
magsabi	makisabi
magsabi	nakikisabi
magsabi	makipagpasabi
magsabi	nakikipagpasabi
magsabon	nagsabon
magsabon	nagsasabon
magsabon	magsasabon
magsagawa	nagsagawa
magsagawa	nagsasagawa
magsagawa	magsasagawa
magsagawa	isagawa
magsagawa	isinasagawa
magsagawa	inasagawa
magsagawa	pagsagawan
magsagawa	pinapagsagawan
magsagawa	pinagsasagawan
magsagawa	ipagsagawa
magsagawa	ipinapagsagawa
magsagawa	ipasagawa
magsagawa	ipinasasagawa
magsagawa	ipinapasagawa
magsagawa	ipagpasagawa
magsagawa	ipinagpapasagawa
magsagawa	ipinapagpasagawa
magsagawa	ikapagpasagawa
magsagawa	ikinapagpapasagawa
magsagawa	ikinakapagpasagawa
magsagawa	maisagawa
magsagawa	naisasagawa
magsagawa	maipagsagawa
magsagawa	naipagsasagawa
magsagawa	naipapagsagawa
magsagawa	naiipagsagawa
magsagawa	maikapagsagawa
magsagawa	naikapagsasagawa
magsagawa	naikapapagsagawa
magsagawa	naiikapagsagawa
magsagawa	mapagsagawaan
magsagawa	napagsasagawaan
magsagawa	napapagsagawaan
magsagawa	maipasagawa
magsagawa	naipasasagawa
magsagawa	naipapasagawa
magsagawa	naiipasagawa
magsagawa	maipagpasagawa
magsagawa	naipagpapasagawa
magsagawa	naipapagpasagawa
magsagawa	naiipagpasagawa
magsagawa	maikapagpasagawa
magsagawa	naikapagpapasagawa
magsagawa	naikakapagpasagawa
magsagawa	naiikapagpasagawa
magsagawa	mapagpasagawan
magsagawa	napagpapasasagawan
magsagawa	napapagpasagawan
magsagawa	mapapagsagawan
magsagawa	napapapagsagawan
magsagawa	makipagsagawa
magsagawa	nakikipagsagawa
magsagawa	makisagawa
magsagawa	nakikisagawa
magsagawa	makipagpasagawa
magsagawa	nakikipagpasagawa
magsagwan	nagsagwan
magsagwan	nagsasagwan
magsagwan	magsasagwan
magsahig	nagsahig
magsahig	nagsasahig
magsahig	magsasahig
magsaka	nagsaka
magsaka	nagsasaka
magsaka	magsasaka
magsakit-sakitan	nagsakit-sakitan
magsakit-sakitan	nagsasakit-sakitan
magsakit-sakitan	magsasakit-sakitan
magsakripisyo	nagsakripisyo
magsakripisyo	nagsasakripisyo
magsakripisyo	magsasakripisyo
magsakripisyo	isakripisyo
magsakripisyo	isinasakripisyo
magsakripisyo	inasakripisyo
magsakripisyo	pagsakripisyuhan
magsakripisyo	pinapagsakripisyuhan
magsakripisyo	pinagsasakripisyuhan
magsakripisyo	ipagsakripisyo
magsakripisyo	ipinapagsakripisyo
magsakripisyo	ipasakripisyo
magsakripisyo	ipinasasakripisyo
magsakripisyo	ipinapasakripisyo
magsakripisyo	ipagpasakripisyo
magsakripisyo	ipinagpapasakripisyo
magsakripisyo	ipinapagpasakripisyo
magsakripisyo	ikapagpasakripisyo
magsakripisyo	ikinapagpapasakripisyo
magsakripisyo	ikinakapagpasakripisyo
magsakripisyo	maisakripisyo
magsakripisyo	naisasakripisyo
magsakripisyo	maipagsakripisyo
magsakripisyo	naipagsasakripisyo
magsakripisyo	naipapagsakripisyo
magsakripisyo	naiipagsakripisyo
magsakripisyo	maikapagsakripisyo
magsakripisyo	naikapagsasakripisyo
magsakripisyo	naikapapagsakripisyo
magsakripisyo	naiikapagsakripisyo
magsakripisyo	mapagsakripisyoan
magsakripisyo	napagsasakripisyoan
magsakripisyo	napapagsakripisyoan
magsakripisyo	maipasakripisyo
magsakripisyo	naipasasakripisyo
magsakripisyo	naipapasakripisyo
magsakripisyo	naiipasakripisyo
magsakripisyo	maipagpasakripisyo
magsakripisyo	naipagpapasakripisyo
magsakripisyo	naipapagpasakripisyo
magsakripisyo	naiipagpasakripisyo
magsakripisyo	maikapagpasakripisyo
magsakripisyo	naikapagpapasakripisyo
magsakripisyo	naikakapagpasakripisyo
magsakripisyo	naiikapagpasakripisyo
magsakripisyo	mapagpasakripisyuhan
magsakripisyo	napagpapasasakripisyuhan
magsakripisyo	napapagpasakripisyuhan
magsakripisyo	mapapagsakripisyuhan
magsakripisyo	napapapagsakripisyuhan
magsakripisyo	makipagsakripisyo
magsakripisyo	nakikipagsakripisyo
magsakripisyo	makisakripisyo
magsakripisyo	nakikisakripisyo
magsakripisyo	makipagpasakripisyo
magsakripisyo	nakikipagpasakripisyo
magsalang	nagsalang
magsalang	nagsasalang
magsalang	magsasalang
magsalang	salangin
magsalang	sinasalang
magsalang	inasalang
magsalang	pagsalangan
magsalang	pinapagsalangan
magsalang	pinagsasalangan
magsalang	ipagsalang
magsalang	ipinapagsalang
magsalang	ipasalang
magsalang	ipinasasalang
magsalang	ipinapasalang
magsalang	ipagpasalang
magsalang	ipinagpapasalang
magsalang	ipinapagpasalang
magsalang	ikapagpasalang
magsalang	ikinapagpapasalang
magsalang	ikinakapagpasalang
magsalang	masalang
magsalang	nasasalang
magsalang	maipagsalang
magsalang	naipagsasalang
magsalang	naipapagsalang
magsalang	naiipagsalang
magsalang	maikapagsalang
magsalang	naikapagsasalang
magsalang	naikapapagsalang
magsalang	naiikapagsalang
magsalang	mapagsalangan
magsalang	napagsasalangan
magsalang	napapagsalangan
magsalang	maipasalang
magsalang	naipasasalang
magsalang	naipapasalang
magsalang	naiipasalang
magsalang	maipagpasalang
magsalang	naipagpapasalang
magsalang	naipapagpasalang
magsalang	naiipagpasalang
magsalang	maikapagpasalang
magsalang	naikapagpapasalang
magsalang	naikakapagpasalang
magsalang	naiikapagpasalang
magsalang	mapagpasalangan
magsalang	napagpapasasalangan
magsalang	napapagpasalangan
magsalang	mapapagsalangan
magsalang	napapapagsalangan
magsalang	makipagsalang
magsalang	nakikipagsalang
magsalang	makisalang
magsalang	nakikisalang
magsalang	makipagpasalang
magsalang	nakikipagpasalang
magsaliksik	nagsasaliksik
magsalita	nagsalita
magsalita	nagsasalita
magsalita	magsasalita
magsalsal	nagsalsal
magsalsal	nagsasalsal
magsalsal	magsasalsal
magsalsal	salsalin
magsalsal	sinasalsal
magsalsal	inasalsal
magsalsal	pagsalsalan
magsalsal	pinapagsalsalan
magsalsal	pinagsasalsalan
magsalsal	ipagsalsal
magsalsal	ipinapagsalsal
magsalsal	ipasalsal
magsalsal	ipinasasalsal
magsalsal	ipinapasalsal
magsalsal	ipagpasalsal
magsalsal	ipinagpapasalsal
magsalsal	ipinapagpasalsal
magsalsal	ikapagpasalsal
magsalsal	ikinapagpapasalsal
magsalsal	ikinakapagpasalsal
magsalsal	masalsal
magsalsal	nasasalsal
magsalsal	maipagsalsal
magsalsal	naipagsasalsal
magsalsal	naipapagsalsal
magsalsal	naiipagsalsal
magsalsal	maikapagsalsal
magsalsal	naikapagsasalsal
magsalsal	naikapapagsalsal
magsalsal	naiikapagsalsal
magsalsal	mapagsalsalan
magsalsal	napagsasalsalan
magsalsal	napapagsalsalan
magsalsal	maipasalsal
magsalsal	naipasasalsal
magsalsal	naipapasalsal
magsalsal	naiipasalsal
magsalsal	maipagpasalsal
magsalsal	naipagpapasalsal
magsalsal	naipapagpasalsal
magsalsal	naiipagpasalsal
magsalsal	maikapagpasalsal
magsalsal	naikapagpapasalsal
magsalsal	naikakapagpasalsal
magsalsal	naiikapagpasalsal
magsalsal	mapagpasalsalan
magsalsal	napagpapasasalsalan
magsalsal	napapagpasalsalan
magsalsal	mapapagsalsalan
magsalsal	napapapagsalsalan
magsalsal	makipagsalsal
magsalsal	nakikipagsalsal
magsalsal	makisalsal
magsalsal	nakikisalsal
magsalsal	makipagpasalsal
magsalsal	nakikipagpasalsal
magsandok	nagsandok
magsandok	nagsasandok
magsandok	magsasandok
magsanhi	nagsanhi
magsanhi	nagsasanhi
magsanhi	magsasanhi
magsapatos	nagsapatos
magsapatos	nagsasapatos
magsapatos	magsasapatos
magsarili	nagsarili
magsarili	nagsasarili
magsarili	magsasarili
magsasaka	
magsayaw	nagsayaw
magsayaw	nagsasayaw
magsayaw	magsasayaw
magsayawan	nagsayawan
magsayawan	nagsasayawan
magsayawan	magsasayawan
magsentimyento	nagsentimyento
magsentimyento	nagsesentimyento
magsentimyento	magsesentimyento
magsibak	nagsibak
magsibak	nagsisibak
magsibak	magsisibak
magsibak	sibakin
magsibak	sinisibak
magsibak	inasibak
magsibak	pagsibakan
magsibak	pinapagsibakan
magsibak	pinagsisibakan
magsibak	ipagsibak
magsibak	ipinapagsibak
magsibak	ipasibak
magsibak	ipinasisibak
magsibak	ipinapasibak
magsibak	ipagpasibak
magsibak	ipinagpapasibak
magsibak	ipinapagpasibak
magsibak	ikapagpasibak
magsibak	ikinapagpapasibak
magsibak	ikinakapagpasibak
magsibak	masibak
magsibak	nasisibak
magsibak	maipagsibak
magsibak	naipagsisibak
magsibak	naipapagsibak
magsibak	naiipagsibak
magsibak	maikapagsibak
magsibak	naikapagsisibak
magsibak	naikapapagsibak
magsibak	naiikapagsibak
magsibak	mapagsibakan
magsibak	napagsisibakan
magsibak	napapagsibakan
magsibak	maipasibak
magsibak	naipasisibak
magsibak	naipapasibak
magsibak	naiipasibak
magsibak	maipagpasibak
magsibak	naipagpapasibak
magsibak	naipapagpasibak
magsibak	naiipagpasibak
magsibak	maikapagpasibak
magsibak	naikapagpapasibak
magsibak	naikakapagpasibak
magsibak	naiikapagpasibak
magsibak	mapagpasibakan
magsibak	napagpapasisibakan
magsibak	napapagpasibakan
magsibak	mapapagsibakan
magsibak	napapapagsibakan
magsibak	makipagsibak
magsibak	nakikipagsibak
magsibak	makisibak
magsibak	nakikisibak
magsibak	makipagpasibak
magsibak	nakikipagpasibak
magsibuyas	nagsibuyas
magsibuyas	nagsisibuyas
magsibuyas	magsisibuyas
magsigarilyo	nagsigarilyo
magsigarilyo	nagsisigarilyo
magsigarilyo	magsisigarilyo
magsikain	nagsikain
magsikain	nagsisikain
magsikain	magsisikain
magsikip	nagsikip
magsikip	nagsisikip
magsikip	magsisikip
magsilab	nagsilab
magsilab	nagsisilab
magsilab	magsisilab
magsilab	silabin
magsilab	sinisilab
magsilab	inasilab
magsilab	silaban
magsilab	sinisilaban
magsilab	inasilaban
magsilab	pagsilaban
magsilab	pinapagsilaban
magsilab	pinagsisilaban
magsilab	ipagsilab
magsilab	ipinapagsilab
magsilab	ipasilab
magsilab	ipinasisilab
magsilab	ipinapasilab
magsilab	ipagpasilab
magsilab	ipinagpapasilab
magsilab	ipinapagpasilab
magsilab	ikapagpasilab
magsilab	ikinapagpapasilab
magsilab	ikinakapagpasilab
magsilab	masilab
magsilab	nasisilab
magsilab	masilaban
magsilab	nasisilaban
magsilab	maipagsilab
magsilab	naipagsisilab
magsilab	naipapagsilab
magsilab	naiipagsilab
magsilab	maikapagsilab
magsilab	naikapagsisilab
magsilab	naikapapagsilab
magsilab	naiikapagsilab
magsilab	mapagsilaban
magsilab	napagsisilaban
magsilab	napapagsilaban
magsilab	maipasilab
magsilab	naipasisilab
magsilab	naipapasilab
magsilab	naiipasilab
magsilab	maipagpasilab
magsilab	naipagpapasilab
magsilab	naipapagpasilab
magsilab	naiipagpasilab
magsilab	maikapagpasilab
magsilab	naikapagpapasilab
magsilab	naikakapagpasilab
magsilab	naiikapagpasilab
magsilab	mapagpasilaban
magsilab	napagpapasisilaban
magsilab	napapagpasilaban
magsilab	mapapagsilaban
magsilab	napapapagsilaban
magsilab	makipagsilab
magsilab	nakikipagsilab
magsilab	makisilab
magsilab	nakikisilab
magsilab	makipagpasilab
magsilab	nakikipagpasilab
magsilbi	nagsilbi
magsilbi	nagsisilbi
magsilbi	magsisilbi
magsimba	nagsimba
magsimba	nagsisimba
magsimba	magsisimba
magsimba	simbahan
magsimba	sinisimbahan
magsimba	inasimbahan
magsimba	pagsimbahan
magsimba	pinapagsimbahan
magsimba	pinagsisimbahan
magsimba	ipagsimba
magsimba	ipinapagsimba
magsimba	ipagpasimba
magsimba	ipinagpapasimba
magsimba	ipinapagpasimba
magsimba	ikapagpasimba
magsimba	ikinapagpapasimba
magsimba	ikinakapagpasimba
magsimba	masimbahan
magsimba	nasisimbahan
magsimba	maipagsimba
magsimba	naipagsisimba
magsimba	naipapagsimba
magsimba	naiipagsimba
magsimba	maikapagsimba
magsimba	naikapagsisimba
magsimba	naikapapagsimba
magsimba	naiikapagsimba
magsimba	mapagsimbaan
magsimba	napagsisimbaan
magsimba	napapagsimbaan
magsimba	maipagpasimba
magsimba	naipagpapasimba
magsimba	naipapagpasimba
magsimba	naiipagpasimba
magsimba	maikapagpasimba
magsimba	naikapagpapasimba
magsimba	naikakapagpasimba
magsimba	naiikapagpasimba
magsimba	mapagpasimbahan
magsimba	napagpapasisimbahan
magsimba	napapagpasimbahan
magsimba	mapapagsimbahan
magsimba	napapapagsimbahan
magsimba	makipagsimba
magsimba	nakikipagsimba
magsimba	makisimba
magsimba	nakikisimba
magsimba	makipagpasimba
magsimba	nakikipagpasimba
magsimula	nagsimula
magsimula	nagsisimula
magsimula	magsisimula
magsindi	nagsindi
magsindi	nagsisindi
magsindi	magsisindi
magsindi	sindihan
magsindi	sinisindihan
magsindi	inasindihan
magsindi	pagsindihan
magsindi	pinapagsindihan
magsindi	pinagsisindihan
magsindi	ipagsindi
magsindi	ipinapagsindi
magsindi	ipagpasindi
magsindi	ipinagpapasindi
magsindi	ipinapagpasindi
magsindi	ikapagpasindi
magsindi	ikinapagpapasindi
magsindi	ikinakapagpasindi
magsindi	masindihan
magsindi	nasisindihan
magsindi	maipagsindi
magsindi	naipagsisindi
magsindi	naipapagsindi
magsindi	naiipagsindi
magsindi	maikapagsindi
magsindi	naikapagsisindi
magsindi	naikapapagsindi
magsindi	naiikapagsindi
magsindi	mapagsindian
magsindi	napagsisindian
magsindi	napapagsindian
magsindi	maipagpasindi
magsindi	naipagpapasindi
magsindi	naipapagpasindi
magsindi	naiipagpasindi
magsindi	maikapagpasindi
magsindi	naikapagpapasindi
magsindi	naikakapagpasindi
magsindi	naiikapagpasindi
magsindi	mapagpasindihan
magsindi	napagpapasisindihan
magsindi	napapagpasindihan
magsindi	mapapagsindihan
magsindi	napapapagsindihan
magsindi	makipagsindi
magsindi	nakikipagsindi
magsindi	makisindi
magsindi	nakikisindi
magsindi	makipagpasindi
magsindi	nakikipagpasindi
magsinungaling	nagsinungaling
magsinungaling	nagsisinungaling
magsinungaling	magsisinungaling
magsisi	nagsisi
magsisi	nagsisisi
magsisi	magsisisi
magsisi	pagsisisi
magsisi	pagsisihan
magsisi	pinapagsisihan
magsisi	pinagsisisihan
magsisi	ipagsisi
magsisi	ipinapagsisi
magsisi	ipagpasisi
magsisi	ipinagpapasisi
magsisi	ipinapagpasisi
magsisi	ikapagpasisi
magsisi	ikinapagpapasisi
magsisi	ikinakapagpasisi
magsisi	mapagsisihan
magsisi	napagsisisihan
magsisi	napapagsisihan
magsisi	maipagsisi
magsisi	naipagsisisi
magsisi	naipapagsisi
magsisi	naiipagsisi
magsisi	maikapagsisi
magsisi	naikapagsisisi
magsisi	naikapapagsisi
magsisi	naiikapagsisi
magsisi	mapagsisian
magsisi	napagsisisian
magsisi	napapagsisian
magsisi	maipagpasisi
magsisi	naipagpapasisi
magsisi	naipapagpasisi
magsisi	naiipagpasisi
magsisi	maikapagpasisi
magsisi	naikapagpapasisi
magsisi	naikakapagpasisi
magsisi	naiikapagpasisi
magsisi	mapagpasisihan
magsisi	napagpapasisisihan
magsisi	napapagpasisihan
magsisi	mapapagsisihan
magsisi	napapapagsisihan
magsisi	makipagsisi
magsisi	nakikipagsisi
magsisi	makisisi
magsisi	nakikisisi
magsisi	makipagpasisi
magsisi	nakikipagpasisi
magsisibuyas	
magsiwalat	nagsiwalat
magsiwalat	nagsisiwalat
magsiwalat	magsisiwalat
magsiyasat	nagsiyasat
magsiyasat	nagsisiyasat
magsiyasat	magsisiyasat
magsugal	nagsugal
magsugal	nagsusugal
magsugal	magsusugal
magsugal	pagsugalan
magsugal	pinapagsugalan
magsugal	pinagsusugalan
magsugal	ipagsugal
magsugal	ipinapagsugal
magsugal	ipagpasugal
magsugal	ipinagpapasugal
magsugal	ipinapagpasugal
magsugal	ikapagpasugal
magsugal	ikinapagpapasugal
magsugal	ikinakapagpasugal
magsugal	maipagsugal
magsugal	naipagsusugal
magsugal	naipapagsugal
magsugal	naiipagsugal
magsugal	maikapagsugal
magsugal	naikapagsusugal
magsugal	naikapapagsugal
magsugal	naiikapagsugal
magsugal	mapagsugalan
magsugal	napagsusugalan
magsugal	napapagsugalan
magsugal	maipagpasugal
magsugal	naipagpapasugal
magsugal	naipapagpasugal
magsugal	naiipagpasugal
magsugal	maikapagpasugal
magsugal	naikapagpapasugal
magsugal	naikakapagpasugal
magsugal	naiikapagpasugal
magsugal	mapagpasugalan
magsugal	napagpapasusugalan
magsugal	napapagpasugalan
magsugal	mapapagsugalan
magsugal	napapapagsugalan
magsugal	makipagsugal
magsugal	nakikipagsugal
magsugal	makisugal
magsugal	nakikisugal
magsugal	makipagpasugal
magsugal	nakikipagpasugal
magsuklay	nagsuklay
magsuklay	nagsusuklay
magsuklay	magsusuklay
magsulat	nagsulat
magsulat	nagsusulat
magsulat	magsusulat
magsumbong	nagsumbong
magsumbong	nagsusumbong
magsumbong	magsusumbong
magsunog	nagsunog
magsunog	nagsusunog
magsunog	magsusunog
magsuntukan	nagsuntukan
magsuntukan	nagsusuntukan
magsuntukan	magsusuntukan
magsuntukan	pagsuntukanan
magsuntukan	pinapagsuntukanan
magsuntukan	pinagsusuntukanan
magsuntukan	ipagsuntukan
magsuntukan	ipinapagsuntukan
magsuntukan	ipagpasuntukan
magsuntukan	ipinagpapasuntukan
magsuntukan	ipinapagpasuntukan
magsuntukan	ikapagpasuntukan
magsuntukan	ikinapagpapasuntukan
magsuntukan	ikinakapagpasuntukan
magsuntukan	maipagsuntukan
magsuntukan	naipagsusuntukan
magsuntukan	naipapagsuntukan
magsuntukan	naiipagsuntukan
magsuntukan	maikapagsuntukan
magsuntukan	naikapagsusuntukan
magsuntukan	naikapapagsuntukan
magsuntukan	naiikapagsuntukan
magsuntukan	mapagsuntukanan
magsuntukan	napagsusuntukanan
magsuntukan	napapagsuntukanan
magsuntukan	maipagpasuntukan
magsuntukan	naipagpapasuntukan
magsuntukan	naipapagpasuntukan
magsuntukan	naiipagpasuntukan
magsuntukan	maikapagpasuntukan
magsuntukan	naikapagpapasuntukan
magsuntukan	naikakapagpasuntukan
magsuntukan	naiikapagpasuntukan
magsuntukan	mapagpasuntukanan
magsuntukan	napagpapasusuntukanan
magsuntukan	napapagpasuntukanan
magsuntukan	mapapagsuntukanan
magsuntukan	napapapagsuntukanan
magsuntukan	makipagsuntukan
magsuntukan	nakikipagsuntukan
magsuntukan	makisuntukan
magsuntukan	nakikisuntukan
magsuntukan	makipagpasuntukan
magsuntukan	nakikipagpasuntukan
magsuot	nagsuot
magsuot	nagsusuot
magsuot	magsusuot
magsusuka	
magtaas	nagtaas
magtaas	nagtataas
magtaas	magtataas
magtaban	nagtaban
magtaban	nagtataban
magtaban	magtataban
magtae	nagtae
magtae	nagtatae
magtae	magtatae
magtago	nagtago
magtago	nagtatago
magtago	magtatago
magtago	pagtatago
magtago	itago
magtago	itinatago
magtago	inatago
magtago	pagtaguan
magtago	pinapagtaguan
magtago	pinagtgtaguan
magtago	ipagtago
magtago	ipinapagtago
magtago	ipatago
magtago	ipinatatago
magtago	ipinapatago
magtago	ipagpatago
magtago	ipinagpapatago
magtago	ipinapagpatago
magtago	ikapagpatago
magtago	ikinapagpapatago
magtago	ikinakapagpatago
magtago	maitago
magtago	naitatago
magtago	maipagtago
magtago	naipagtatago
magtago	naipapagtago
magtago	naiipagtago
magtago	maikapagtago
magtago	naikapagtatago
magtago	naikapapagtago
magtago	naiikapagtago
magtago	mapagtagoan
magtago	napagtatagoan
magtago	napapagtagoan
magtago	maipatago
magtago	naipatatago
magtago	naipapatago
magtago	naiipatago
magtago	maipagpatago
magtago	naipagpapatago
magtago	naipapagpatago
magtago	naiipagpatago
magtago	maikapagpatago
magtago	naikapagpapatago
magtago	naikakapagpatago
magtago	naiikapagpatago
magtago	mapagpataguan
magtago	napagpapatgtaguan
magtago	napapagpataguan
magtago	mapapagtaguan
magtago	napapapagtaguan
magtago	makipagtago
magtago	nakikipagtago
magtago	makitago
magtago	nakikitago
magtago	makipagpatago
magtago	nakikipagpatago
magtagpo	nagtagpo
magtagpo	nagtatagpo
magtagpo	magtatagpo
magtagumpay	nagtagumpay
magtagumpay	nagtatagumpay
magtahi	nagtahi
magtahi	nagtatahi
magtahi	magtatahi
magtahi	tahiin
magtahi	tinatahi
magtahi	inatahi
magtahi	tahian
magtahi	tinatahian
magtahi	inatahian
magtahi	pagtahian
magtahi	pinapagtahian
magtahi	pinagtatahian
magtahi	ipagtahi
magtahi	ipinapagtahi
magtahi	ipatahi
magtahi	ipinatatahi
magtahi	ipinapatahi
magtahi	ipagpatahi
magtahi	ipinagpapatahi
magtahi	ipinapagpatahi
magtahi	ikapagpatahi
magtahi	ikinapagpapatahi
magtahi	ikinakapagpatahi
magtahi	matahi
magtahi	natatahi
magtahi	matahian
magtahi	natatahian
magtahi	maipagtahi
magtahi	naipagtatahi
magtahi	naipapagtahi
magtahi	naiipagtahi
magtahi	maikapagtahi
magtahi	naikapagtatahi
magtahi	naikapapagtahi
magtahi	naiikapagtahi
magtahi	mapagtahian
magtahi	napagtatahian
magtahi	napapagtahian
magtahi	maipatahi
magtahi	naipatatahi
magtahi	naipapatahi
magtahi	naiipatahi
magtahi	maipagpatahi
magtahi	naipagpapatahi
magtahi	naipapagpatahi
magtahi	naiipagpatahi
magtahi	maikapagpatahi
magtahi	naikapagpapatahi
magtahi	naikakapagpatahi
magtahi	naiikapagpatahi
magtahi	mapagpatahian
magtahi	napagpapatatahian
magtahi	napapagpatahian
magtahi	mapapagtahian
magtahi	napapapagtahian
magtahi	makipagtahi
magtahi	nakikipagtahi
magtahi	makitahi
magtahi	nakikitahi
magtahi	makipagpatahi
magtahi	nakikipagpatahi
magtaingang-kawali	nagtaingang-kawali
magtaingang-kawali	nagtataingang-kawali
magtaingang-kawali	magtataingang-kawali
magtaksil	nagtaksil
magtaksil	nagtataksil
magtaksil	magtataksil
magtali	nagtali
magtali	nagtatali
magtali	magtatali
magtali	taliin
magtali	tinatali
magtali	inatali
magtali	talian
magtali	tinatalian
magtali	inatalian
magtali	pagtalian
magtali	pinapagtalian
magtali	pinagtatalian
magtali	ipagtali
magtali	ipinapagtali
magtali	ipatali
magtali	ipinatatali
magtali	ipinapatali
magtali	ipagpatali
magtali	ipinagpapatali
magtali	ipinapagpatali
magtali	ikapagpatali
magtali	ikinapagpapatali
magtali	ikinakapagpatali
magtali	matali
magtali	natatali
magtali	matalian
magtali	natatalian
magtali	maipagtali
magtali	naipagtatali
magtali	naipapagtali
magtali	naiipagtali
magtali	maikapagtali
magtali	naikapagtatali
magtali	naikapapagtali
magtali	naiikapagtali
magtali	mapagtalian
magtali	napagtatalian
magtali	napapagtalian
magtali	maipatali
magtali	naipatatali
magtali	naipapatali
magtali	naiipatali
magtali	maipagpatali
magtali	naipagpapatali
magtali	naipapagpatali
magtali	naiipagpatali
magtali	maikapagpatali
magtali	naikapagpapatali
magtali	naikakapagpatali
magtali	naiikapagpatali
magtali	mapagpatalian
magtali	napagpapatatalian
magtali	napapagpatalian
magtali	mapapagtalian
magtali	napapapagtalian
magtali	makipagtali
magtali	nakikipagtali
magtali	makitali
magtali	nakikitali
magtali	makipagpatali
magtali	nakikipagpatali
magtalik	nagtalik
magtalik	nagtatalik
magtalik	magtatalik
magtalo	nagtalo
magtalo	nagtatalo
magtalo	magtatalo
magtalo	pagtalunan
magtalo	pinapagtalunan
magtalo	pinagtatalunan
magtalo	ipagtalo
magtalo	ipinapagtalo
magtalo	ipagpatalo
magtalo	ipinagpapatalo
magtalo	ipinapagpatalo
magtalo	ikapagpatalo
magtalo	ikinapagpapatalo
magtalo	ikinakapagpatalo
magtalo	maipagtalo
magtalo	naipagtatalo
magtalo	naipapagtalo
magtalo	naiipagtalo
magtalo	maikapagtalo
magtalo	naikapagtatalo
magtalo	naikapapagtalo
magtalo	naiikapagtalo
magtalo	mapagtaloan
magtalo	napagtataloan
magtalo	napapagtaloan
magtalo	maipagpatalo
magtalo	naipagpapatalo
magtalo	naipapagpatalo
magtalo	naiipagpatalo
magtalo	maikapagpatalo
magtalo	naikapagpapatalo
magtalo	naikakapagpatalo
magtalo	naiikapagpatalo
magtalo	mapagpatalunan
magtalo	napagpapatatalunan
magtalo	napapagpatalunan
magtalo	mapapagtalunan
magtalo	napapapagtalunan
magtalo	makipagtalo
magtalo	nakikipagtalo
magtalo	makitalo
magtalo	nakikitalo
magtalo	makipagpatalo
magtalo	nakikipagpatalo
magtanan	nagtanan
magtanan	nagtatanan
magtanan	magtatanan
magtanda	nagtanda
magtanda	nagtatanda
magtanda	magtatanda
magtanggol	nagtatanggol
magtanim	nagtanim
magtanim	nagtatanim
magtanim	magtatanim
magtaning	nagtaning
magtaning	nagtataning
magtaning	magtataning
magtaning	itaning
magtaning	itinataning
magtaning	inataning
magtaning	pagtaningan
magtaning	pinapagtaningan
magtaning	pinagtataningan
magtaning	ipagtaning
magtaning	ipinapagtaning
magtaning	ipataning
magtaning	ipinatataning
magtaning	ipinapataning
magtaning	ipagpataning
magtaning	ipinagpapataning
magtaning	ipinapagpataning
magtaning	ikapagpataning
magtaning	ikinapagpapataning
magtaning	ikinakapagpataning
magtaning	maitaning
magtaning	naitataning
magtaning	maipagtaning
magtaning	naipagtataning
magtaning	naipapagtaning
magtaning	naiipagtaning
magtaning	maikapagtaning
magtaning	naikapagtataning
magtaning	naikapapagtaning
magtaning	naiikapagtaning
magtaning	mapagtaningan
magtaning	napagtataningan
magtaning	napapagtaningan
magtaning	maipataning
magtaning	naipatataning
magtaning	naipapataning
magtaning	naiipataning
magtaning	maipagpataning
magtaning	naipagpapataning
magtaning	naipapagpataning
magtaning	naiipagpataning
magtaning	maikapagpataning
magtaning	naikapagpapataning
magtaning	naikakapagpataning
magtaning	naiikapagpataning
magtaning	mapagpataningan
magtaning	napagpapatataningan
magtaning	napapagpataningan
magtaning	mapapagtaningan
magtaning	napapapagtaningan
magtaning	makipagtaning
magtaning	nakikipagtaning
magtaning	makitaning
magtaning	nakikitaning
magtaning	makipagpataning
magtaning	nakikipagpataning
magtanong	nagtanong
magtanong	nagtatanong
magtanong	magtatanong
magtapat	nagtapat
magtapat	nagtatapat
magtapat	magtatapat
magtapat	tapatin
magtapat	tinatapat
magtapat	inatapat
magtapat	pagtapatan
magtapat	pinapagtapatan
magtapat	pinagtatapatan
magtapat	ipagtapat
magtapat	ipinapagtapat
magtapat	ipatapat
magtapat	ipinatatapat
magtapat	ipinapatapat
magtapat	ipagpatapat
magtapat	ipinagpapatapat
magtapat	ipinapagpatapat
magtapat	ikapagpatapat
magtapat	ikinapagpapatapat
magtapat	ikinakapagpatapat
magtapat	matapat
magtapat	natatapat
magtapat	maipagtapat
magtapat	naipagtatapat
magtapat	naipapagtapat
magtapat	naiipagtapat
magtapat	maikapagtapat
magtapat	naikapagtatapat
magtapat	naikapapagtapat
magtapat	naiikapagtapat
magtapat	mapagtapatan
magtapat	napagtatapatan
magtapat	napapagtapatan
magtapat	maipatapat
magtapat	naipatatapat
magtapat	naipapatapat
magtapat	naiipatapat
magtapat	maipagpatapat
magtapat	naipagpapatapat
magtapat	naipapagpatapat
magtapat	naiipagpatapat
magtapat	maikapagpatapat
magtapat	naikapagpapatapat
magtapat	naikakapagpatapat
magtapat	naiikapagpatapat
magtapat	mapagpatapatan
magtapat	napagpapatatapatan
magtapat	napapagpatapatan
magtapat	mapapagtapatan
magtapat	napapapagtapatan
magtapat	makipagtapat
magtapat	nakikipagtapat
magtapat	makitapat
magtapat	nakikitapat
magtapat	makipagpatapat
magtapat	nakikipagpatapat
magtapon	nagtapon
magtapon	nagtatapon
magtapon	magtatapon
magtapos	nagtapos
magtapos	nagtatapos
magtapos	magtatapos
magtatag	nagtatag
magtatag	nagtatatag
magtatag	magtatatag
magtatag	tatagin
magtatag	tinatatag
magtatag	inatatag
magtatag	pagtatagan
magtatag	pinapagtatagan
magtatag	pinagtatatagan
magtatag	ipagtatag
magtatag	ipinapagtatag
magtatag	ipatatag
magtatag	ipinatatatag
magtatag	ipinapatatag
magtatag	ipagpatatag
magtatag	ipinagpapatatag
magtatag	ipinapagpatatag
magtatag	ikapagpatatag
magtatag	ikinapagpapatatag
magtatag	ikinakapagpatatag
magtatag	matatag
magtatag	natatatag
magtatag	maipagtatag
magtatag	naipagtatatag
magtatag	naipapagtatag
magtatag	naiipagtatag
magtatag	maikapagtatag
magtatag	naikapagtatatag
magtatag	naikapapagtatag
magtatag	naiikapagtatag
magtatag	mapagtatagan
magtatag	napagtatatagan
magtatag	napapagtatagan
magtatag	maipatatag
magtatag	naipatatatag
magtatag	naipapatatag
magtatag	naiipatatag
magtatag	maipagpatatag
magtatag	naipagpapatatag
magtatag	naipapagpatatag
magtatag	naiipagpatatag
magtatag	maikapagpatatag
magtatag	naikapagpapatatag
magtatag	naikakapagpatatag
magtatag	naiikapagpatatag
magtatag	mapagpatatagan
magtatag	napagpapatatatagan
magtatag	napapagpatatagan
magtatag	mapapagtatagan
magtatag	napapapagtatagan
magtatag	makipagtatag
magtatag	nakikipagtatag
magtatag	makitatag
magtatag	nakikitatag
magtatag	makipagpatatag
magtatag	nakikipagpatatag
magtataning	
magtimpi	nagtimpi
magtimpi	nagtitimpi
magtimpi	magtitimpi
magtimpla	nagtitimpla
magtinapay	nagtinapay
magtinapay	nagtitinapay
magtinapay	magtitinapay
magtinda	nagtinda
magtinda	nagtitinda
magtinda	magtitinda
magtinda	tindahin
magtinda	tinitinda
magtinda	inatinda
magtinda	pagtindahan
magtinda	pinapagtindahan
magtinda	pinagtitindahan
magtinda	ipagtinda
magtinda	ipinapagtinda
magtinda	ipatinda
magtinda	ipinatitinda
magtinda	ipinapatinda
magtinda	ipagpatinda
magtinda	ipinagpapatinda
magtinda	ipinapagpatinda
magtinda	ikapagpatinda
magtinda	ikinapagpapatinda
magtinda	ikinakapagpatinda
magtinda	matinda
magtinda	natitinda
magtinda	maipagtinda
magtinda	naipagtitinda
magtinda	naipapagtinda
magtinda	naiipagtinda
magtinda	maikapagtinda
magtinda	naikapagtitinda
magtinda	naikapapagtinda
magtinda	naiikapagtinda
magtinda	mapagtindaan
magtinda	napagtitindaan
magtinda	napapagtindaan
magtinda	maipatinda
magtinda	naipatitinda
magtinda	naipapatinda
magtinda	naiipatinda
magtinda	maipagpatinda
magtinda	naipagpapatinda
magtinda	naipapagpatinda
magtinda	naiipagpatinda
magtinda	maikapagpatinda
magtinda	naikapagpapatinda
magtinda	naikakapagpatinda
magtinda	naiikapagpatinda
magtinda	mapagpatindahan
magtinda	napagpapatitindahan
magtinda	napapagpatindahan
magtinda	mapapagtindahan
magtinda	napapapagtindahan
magtinda	makipagtinda
magtinda	nakikipagtinda
magtinda	makitinda
magtinda	nakikitinda
magtinda	makipagpatinda
magtinda	nakikipagpatinda
magtinggal	nagtinggal
magtinggal	nagtitinggal
magtinggal	magtitinggal
magtipid	nagtipid
magtipid	nagtitipid
magtipid	magtitipid
magtitinapay	
magtitinda	
magtrabaho	nagtrabaho
magtrabaho	nagtatrabaho
magtrabaho	magtatrabaho
magtraysikel	nagtraysikel
magtraysikel	nagtatraysikel
magtraysikel	magtatraysikel
magtses	nagtses
magtses	nagtsetses
magtses	magtsetses
magtubig	nagtubig
magtubig	nagtutubig
magtubig	magtutubig
magtulog-tulugan	nagtulog-tulugan
magtulog-tulugan	nagtutulog-tulugan
magtulog-tulugan	magtutulog-tulugan
magtulungan	nagtulungan
magtulungan	nagtutulungan
magtulungan	magtutulungan
magturo	nagturo
magturo	nagtuturo
magturo	magtuturo
magturok	nagturok
magturok	nagtuturok
magturok	magtuturok
magugol	nagugol
magugol	nagugugol
magugol	magugugol
magugulo	
magugustuhan	
maguiguing	
magulat	nagulat
magulat	nagugulat
magulat	magugulat
magulo	nagulo
magulo	nagugulo
magulo	magugulo
maguluhan	naguluhan
maguluhan	naguguluhan
maguluhan	maguguluhan
magusot	nagusot
magusot	nagugusot
magusot	magugusot
magustuhan	nagustuhan
magustuhan	nagugustuhan
magustuhan	magugustuhan
magwagi	nagwagi
magwagi	nagwawagi
magwagi	magwawagi
magwahil	nagwahil
magwahil	nagwawahil
magwahil	magwawahil
magwala	nagwala
magwala	nagwawala
magwala	magwawala
magwelga	nagwelga
magwelga	nagwewelga
magwelga	magwewelga
magwewelga	
magwisik	nagwiwisik
magyabang	nagyabang
magyabang	nagyayabang
magyabang	magyayabang
magyangyang	nagyangyang
magyangyang	nagyayangyang
magyangyang	magyayangyang
magyapak	nagyapak
magyapak	nagyayapak
magyapak	magyayapak
magyasyas	nagyasyas
magyasyas	nagyayasyas
magyasyas	magyayasyas
magyaya	nagyaya
magyaya	nagyayaya
magyaya	magyayaya
magyelo	nagyelo
magyelo	nagyeyelo
magyelo	magyeyelo
magyibok	nagyibok
magyibok	nagyiyibok
magyibok	magyiyibok
magyoyo	nagyoyo
magyoyo	nagyoyoyo
magyoyo	magyoyoyo
mahabaan	nahabaan
mahabaan	nahahabaan
mahabaan	mahahabaan
mahalin	minahal
mahalin	minamahal
mahalin	mamahalin
mahilo	nahilo
mahilo	nahihilo
mahilo	mahihilo
mahirapan	nahirapan
mahirapan	nahihirapan
mahirapan	mahihirapan
mahiya	nahiya
mahiya	nahihiya
mahiya	mahihiya
mahugis	nahugis
mahugis	nahuhugis
mahugis	mahuhugis
mahuli	nahuli
mahuli	nahuhuli
mahuli	mahuhuli
mahulog	nahulog
mahulog	nahuhulog
mahulog	mahuhulog
mahumaling	nahumaling
mahumaling	nahuhumaling
mahumaling	mahuhumaling
maibalik	naibalik
maibalik	naibabalik
maibalik	maibabalik
maibsan	naibsan
maibsan	naiibsan
maibsan	maiibsan
maiksian	naiksian
maiksian	naiiksian
maiksian	maiiksian
mainis	nainis
mainis	naiinis
mainis	maiinis
maintindihan	naintindihan
maintindihan	naiintindihan
maintindihan	maiintindihan
maisahan	naisahan
maisahan	naiisahan
maisahan	maiisahan
maisakatuparan	naisakatuparan
maisakatuparan	naisasakatuparan
maisakatuparan	maisasakatuparan
maisapinal	naisapinal
maisapinal	naisasapinal
maisapinal	maisasapinal
maisasakatuparan	
maisip	naisip
maisip	naiisip
maisip	maiisip
maitama	naitama
maitama	naitatama
maitama	maitatama
makabasag	nakabasag
makabasag	nakababasag
makabasag	makababasag
makabasag	nakakabasag
makagawa	nakagawa
makagawa	nakagagawa
makagawa	makagagawa
makagawa	nakakagawa
makain	nakain
makain	nakakain
makain	makakain
makainan	nakainan
makainan	nakakainan
makainan	makakainan
makaintindi	nakaintindi
makaintindi	nakakaintindi
makaintindi	makakaintindi
makaisa	nakaisa
makaisa	nakakaisa
makaisa	makakaisa
makaisa	nakaiisa
makakain	nakakain
makakain	nakakakain
makakain	makakakain
makakaliwa	
makakanan	
makakita	nakakita
makakita	nakakikita
makakita	makakikita
makakita	nakakakita
makakuha	nakakuha
makakuha	nakakukuha
makakuha	makakukuha
makakuha	nakakakuha
makalima	nakalima
makalima	nakalilima
makalima	makalilima
makalimot	nakalimot
makalimot	nakalilimot
makalimot	makalilimot
makalimot	nakakalimot
makalimutan	nakalimutan
makalimutan	nakakalimutan
makanan	nakanan
makanan	nakakanan
makanan	makakanan
makantot	nakantot
makantot	nakakantot
makantot	makakantot
makapagpabagabag	nakapagpabagabag
makapagpabagabag	nakapagpapabagabag
makapagpabagabag	makapagpapabagabag
makapuputangina	
makaramdam	nakaramdam
makaramdam	nakararamdam
makaramdam	makararamdam
makaramdam	nakakaramdam
makasagap	nakasagap
makasagap	nakasasagap
makasagap	makasasagap
makasagap	kasagapan
makasagap	kinakasagapan
makasagap	kinasasagapan
makasagap	ikapagpasagap
makasagap	ikinapagpapasagap
makasagap	ikinakapagpasagap
makasagap	maikapagpasagap
makasagap	naikapagpapasagap
makasagap	naikakapagpasagap
makasagap	naiikapagpasagap
makasagap	makisagap
makasagap	nakikisagap
makasagap	makipagpasagap
makasagap	nakikipagpasagap
makasarili	nakasarili
makasarili	nakasasarili
makasarili	makasasarili
makatapos	nakatapos
makatapos	nakatatapos
makatapos	makatatapos
makatapos	nakakatapos
makatatlo	nakatatlo
makatatlo	nakatatatlo
makatatlo	makatatatlo
makatatlo	nakakatatlo
makati	nakati
makati	nakakati
makati	makakati
makatira	nakatira
makatira	nakatitira
makatira	makatitira
makatulog	nakatulog
makatulog	nakakatulog
makatulog	makakatulog
makatuwid	nakatuwid
makatuwid	nakatutuwid
makatuwid	makatutuwid
makatuwid	tuwiran
makatuwid	tinutuwiran
makatuwid	inatuwiran
makatuwid	katuwiran
makatuwid	kinakatuwiran
makatuwid	kinatutuwiran
makatuwid	ikapagpatuwid
makatuwid	ikinapagpapatuwid
makatuwid	ikinakapagpatuwid
makatuwid	matuwiran
makatuwid	natutuwiran
makatuwid	maikapagpatuwid
makatuwid	naikapagpapatuwid
makatuwid	naikakapagpatuwid
makatuwid	naiikapagpatuwid
makatuwid	makituwid
makatuwid	nakikituwid
makatuwid	makipagpatuwid
makatuwid	nakikipagpatuwid
makaumay	nakaumay
makaumay	nakauumay
makaumay	makauumay
makausap	nakausap
makausap	nakakausap
makausap	makakausap
makausap	nakauusap
makialam	nakialam
makialam	nakikialam
makialam	makikialam
makiapid	nakiapid
makiapid	nakikiapid
makiapid	makikiapid
makibahagi	nakibahagi
makibahagi	nakikibahagi
makibahagi	makikibahagi
makikain	nakikain
makikain	nakikikain
makikain	makikikain
makikibahagi	
makilala	nakilala
makilala	nakikilala
makilala	makikilala
makinig	nakinig
makinig	nakikinig
makinig	makikinig
makipag-away	nakipag-away
makipag-away	nakikipag-away
makipag-away	makikipag-away
makipag-usap	nakipag-usap
makipag-usap	nakikipag-usap
makipag-usap	makikipag-usap
makipagbati	nakipagbati
makipagbati	nakikipagbati
makipagbati	makikipagbati
makipagchat	nakipagchat
makipagchat	nakikipagchat
makipagchat	makikipagchat
makipagchat	makipag-chat
makipagchat	nakikipag-chat
makipagkaibigan	nakipagkaibigan
makipagkaibigan	nakikipagkaibigan
makipagkaibigan	makikipagkaibigan
makipagkantahan	nakipagkantahan
makipagkantahan	nakikipagkantahan
makipagkantahan	makikipagkantahan
makipagkantahan	makipag-kantahan
makipagkantahan	nakikipag-kantahan
makipagkantutan	nakipagkantutan
makipagkantutan	nakikipagkantutan
makipagkantutan	makikipagkantutan
makipagsapalaran	nakipagsapalaran
makipagsapalaran	nakikipagsapalaran
makipagsapalaran	makikipagsapalaran
makipagsuntukan	nakipagsuntukan
makipagsuntukan	nakikipagsuntukan
makipagsuntukan	makikipagsuntukan
makipagsuntukan	pagsuntukanan
makipagsuntukan	pinapagsuntukanan
makipagsuntukan	pinagsusuntukanan
makipagsuntukan	ipagsuntukan
makipagsuntukan	ipinapagsuntukan
makipagsuntukan	ipagpasuntukan
makipagsuntukan	ipinagpapasuntukan
makipagsuntukan	ipinapagpasuntukan
makipagsuntukan	ikapagpasuntukan
makipagsuntukan	ikinapagpapasuntukan
makipagsuntukan	ikinakapagpasuntukan
makipagsuntukan	maipagsuntukan
makipagsuntukan	naipagsusuntukan
makipagsuntukan	naipapagsuntukan
makipagsuntukan	naiipagsuntukan
makipagsuntukan	maikapagsuntukan
makipagsuntukan	naikapagsusuntukan
makipagsuntukan	naikapapagsuntukan
makipagsuntukan	naiikapagsuntukan
makipagsuntukan	mapagsuntukanan
makipagsuntukan	napagsusuntukanan
makipagsuntukan	napapagsuntukanan
makipagsuntukan	maipagpasuntukan
makipagsuntukan	naipagpapasuntukan
makipagsuntukan	naipapagpasuntukan
makipagsuntukan	naiipagpasuntukan
makipagsuntukan	maikapagpasuntukan
makipagsuntukan	naikapagpapasuntukan
makipagsuntukan	naikakapagpasuntukan
makipagsuntukan	naiikapagpasuntukan
makipagsuntukan	mapagpasuntukanan
makipagsuntukan	napagpapasusuntukanan
makipagsuntukan	napapagpasuntukanan
makipagsuntukan	mapapagsuntukanan
makipagsuntukan	napapapagsuntukanan
makipagsuntukan	makisuntukan
makipagsuntukan	nakikisuntukan
makipagsuntukan	makipagpasuntukan
makipagsuntukan	nakikipagpasuntukan
makipagtalik	nakipagtalik
makipagtalik	nakikipagtalik
makipagtalik	makikipagtalik
makisawsaw	nakisawsaw
makisawsaw	nakikisawsaw
makisawsaw	makikisawsaw
makita	nakita
makita	nakikita
makita	makikita
makitawag	nakitawag
makitawag	nakikitawag
makitawag	makikitawag
makiusap	nakiusap
makiusap	nakikiusap
makiusap	makikiusap
makiuso	nakiuso
makiuso	nakikiuso
makiuso	makikiuso
makontento	nakontento
makontento	nakokontento
makontento	makokontento
makoryente	nakoryente
makoryente	nakokoryente
makoryente	makokoryente
makuha	nakuha
makuha	nakukuha
makuha	makukuha
makunan	nakunan
makunan	nakukunan
makunan	makukunan
makutsara	nakutsara
makutsara	nakukutsara
makutsara	makukutsara
malaglag	nalaglag
malaglag	nalalaglag
malaglag	malalaglag
malakihan	nalakihan
malakihan	nalalakihan
malakihan	malalakihan
malalandi	
malaman	nalaman
malaman	nalalaman
malaman	malalaman
malamang	
malandi	nalandi
malandi	nalalandi
malandi	malalandi
malanta	nalanta
malanta	nalalanta
malanta	malalanta
malaon	nalaon
malaon	nalalaon
malaon	malalaon
malasin	minalas
malasin	minamalas
malasin	mamalasin
maliban	naliban
maliban	naliliban
maliban	maliliban
malibog	nalibog
malibog	nalilibog
malibog	malilibog
maligaw	naligaw
maligaw	naliligaw
maligaw	maliligaw
maligaw	kaligawan
maligaw	kinakaligawan
maligaw	kinaliligawan
maligaw	ipaligaw
maligaw	ipinaliligaw
maligaw	ipinapaligaw
maligo	naligo
maligo	naliligo
maligo	maliligo
maliitan	naliitan
maliitan	naliliitan
maliitan	maliliitan
maliitin	minaliit
maliitin	minamaliit
maliitin	mamaliitin
maliligaw	
malintikan	nalintikan
malintikan	nalilintikan
malintikan	malilintikan
maltratuhin	minaltrato
maltratuhin	minamaltrato
maltratuhin	mamaltratuhin
malulong	nalulong
malulong	nalululong
malulong	malululong
malumbay	nalumbay
malumbay	nalulumbay
malumbay	malulumbay
malungkot	nalungkot
malungkot	nalulungkot
malungkot	malulungkot
malunod	nalunod
malunod	nalulunod
malunod	malulunod
malunod	lunurin
malunod	nilulunod
malunod	inalunod
malunod	kalunuran
malunod	kinakalunuran
malunod	kinalulunuran
malunod	ipalunod
malunod	ipinalulunod
malunod	ipinapalunod
malunod	ikapagpalunod
malunod	ikinapagpapalunod
malunod	ikinakapagpalunod
malunod	maipalunod
malunod	naipalulunod
malunod	naipapalunod
malunod	naiipalunod
malunod	maikapagpalunod
malunod	naikapagpapalunod
malunod	naikakapagpalunod
malunod	naiikapagpalunod
malunod	makilunod
malunod	nakikilunod
malunod	makipagpalunod
malunod	nakikipagpalunod
maluoy	naluoy
maluoy	naluluoy
maluoy	maluluoy
maluto	naluto
maluto	naluluto
maluto	maluluto
maluto	ipaluto
maluto	ipinaluluto
maluto	ipinapaluto
maluto	lutuan
maluto	nilulutuan
maluto	inalutuan
maluto	paglutuan
maluto	pinapaglutuan
maluto	pinaglulutuan
maluto	ikapagpaluto
maluto	ikinapagpapaluto
maluto	ikinakapagpaluto
maluto	maipaluto
maluto	naipaluluto
maluto	naipapaluto
maluto	naiipaluto
maluto	malutuan
maluto	nalulutuan
maluto	maikapagpaluto
maluto	naikapagpapaluto
maluto	naikakapagpaluto
maluto	naiikapagpaluto
maluto	makiluto
maluto	nakikiluto
maluto	makipagpaluto
maluto	nakikipagpaluto
malutuan	nalutuan
malutuan	nalulutuan
malutuan	malulutuan
maluwat	naluwat
maluwat	naluluwat
maluwat	maluluwat
mamaga	namaga
mamaga	namamaga
mamaga	mamamaga
mamagitan	namagitan
mamagitan	namamagitan
mamagitan	mamamagitan
mamagitan	ipagitan
mamagitan	ipinapagitan
mamagitan	inapagitan
mamagitan	pamagitanan
mamagitan	pinamamagitanan
mamagitan	pinapamagitanan
mamagitan	ipamagitan
mamagitan	ipinapamagitan
mamagitan	ipapagitan
mamagitan	ipinapapagitan
mamagitan	ipagpapagitan
mamagitan	ipinagpapapagitan
mamagitan	ipinapagpapagitan
mamagitan	ipapamagitan
mamagitan	ipinapapamagitan
mamagitan	ikapagpapamagitan
mamagitan	ikinapagpapapamagitan
mamagitan	ikinakapagpapamagitan
mamagitan	papamagitanan
mamagitan	pinapapamagitanan
mamagitan	maipagitan
mamagitan	naipapagitan
mamagitan	maipaagitan
mamagitan	naipaaagitan
mamagitan	naipapaagitan
mamagitan	naiipaagitan
mamagitan	maikapaagitan
mamagitan	naikapaaagitan
mamagitan	naikapapaagitan
mamagitan	naiikapaagitan
mamagitan	mapaagitanan
mamagitan	napaaagitanan
mamagitan	napapaagitanan
mamagitan	maipapagitan
mamagitan	naipapapagitan
mamagitan	naiipapagitan
mamagitan	maipagpapagitan
mamagitan	naipagpapapagitan
mamagitan	naipapagpapagitan
mamagitan	naiipagpapagitan
mamagitan	maipapamagitan
mamagitan	naipapapamagitan
mamagitan	naiipapamagitan
mamagitan	maikapagpapamagitan
mamagitan	naikapagpapapamagitan
mamagitan	naikakapagpapamagitan
mamagitan	naiikapagpapamagitan
mamagitan	mapapamagitanan
mamagitan	napapapamagitanan
mamagitan	makipamagitan
mamagitan	nakikipamagitan
mamagitan	makipagpapagitan
mamagitan	nakikipagpapagitan
mamahagi	namahagi
mamahagi	namamahagi
mamahagi	mamamahagi
mamahalin	
mamahayag	namahayag
mamahayag	namamahayag
mamahayag	mamamahayag
mamakyaw	namakyaw
mamakyaw	namamakyaw
mamakyaw	mamamakyaw
mamakyu	namakyu
mamakyu	namamakyu
mamakyu	mamamakyu
mamalagi	namalagi
mamalagi	namamalagi
mamalagi	mamamalagi
mamalat-sibuyas	namalat-sibuyas
mamalat-sibuyas	namamalat-sibuyas
mamalat-sibuyas	mamamalat-sibuyas
mamalimos	namalimos
mamalimos	namamalimos
mamalimos	mamamalimos
mamamahayag	
mamamakyaw	
mamamakyu	
mamamalaka	
mamamana	
mamamangka	
mamamasyal	
mamamawid	
mamanata	namanata
mamanata	namamanata
mamanata	mamamanata
mamanginoon	namanginoon
mamanginoon	namamanginoon
mamanginoon	mamamanginoon
mamangka	namangka
mamangka	namamangka
mamangka	mamamangka
mamanglaw	namanglaw
mamanglaw	namamanglaw
mamanglaw	mamamanglaw
mamanhikan	namanhikan
mamanhikan	namamanhikan
mamanhikan	mamamanhikan
mamanihala	namanihala
mamanihala	namamanihala
mamanihala	mamamanihala
mamantog	namantog
mamantog	namamantog
mamantog	mamamantog
mamaraka	namaraka
mamaraka	namamaraka
mamaraka	mamamaraka
mamaril	namaril
mamaril	namamaril
mamaril	mamamaril
mamaril	barilin
mamaril	binabaril
mamaril	inabaril
mamaril	pamarilan
mamaril	pinamamarilan
mamaril	pinapamarilan
mamaril	ipamaril
mamaril	ipinapamaril
mamaril	ipabaril
mamaril	ipinababaril
mamaril	ipinapabaril
mamaril	ipagpabaril
mamaril	ipinagpapabaril
mamaril	ipinapagpabaril
mamaril	ipapamaril
mamaril	ipinapapamaril
mamaril	ikapagpapamaril
mamaril	ikinapagpapapamaril
mamaril	ikinakapagpapamaril
mamaril	papamarilan
mamaril	pinapapamarilan
mamaril	mabaril
mamaril	nababaril
mamaril	maipaaril
mamaril	naipaaaril
mamaril	naipapaaril
mamaril	naiipaaril
mamaril	maikapaaril
mamaril	naikapaaaril
mamaril	naikapapaaril
mamaril	naiikapaaril
mamaril	mapaarilan
mamaril	napaaarilan
mamaril	napapaarilan
mamaril	maipabaril
mamaril	naipababaril
mamaril	naipapabaril
mamaril	naiipabaril
mamaril	maipagpabaril
mamaril	naipagpapabaril
mamaril	naipapagpabaril
mamaril	naiipagpabaril
mamaril	maipapamaril
mamaril	naipapapamaril
mamaril	naiipapamaril
mamaril	maikapagpapamaril
mamaril	naikapagpapapamaril
mamaril	naikakapagpapamaril
mamaril	naiikapagpapamaril
mamaril	mapapamarilan
mamaril	napapapamarilan
mamaril	makipamaril
mamaril	nakikipamaril
mamaril	makipagpabaril
mamaril	nakikipagpabaril
mamasa	namasa
mamasa	namamasa
mamasa	mamamasa
mamasada	namasada
mamasada	namamasada
mamasada	mamamasada
mamasko	namasko
mamasko	namamasko
mamasko	mamamasko
mamasura	namasura
mamasura	namamasura
mamasura	mamamasura
mamataan	namataan
mamataan	namamataan
mamataan	mamamataan
mamatay	namatay
mamatay	namamatay
mamatay	mamamatay
mamatayan	namatayan
mamatayan	namamatayan
mamatayan	mamamatayan
mamawid	namawid
mamawid	namamawid
mamawid	mamamawid
mamayapa	namayapa
mamayapa	namamayapa
mamayapa	mamamayapa
mamaywang	namaywang
mamaywang	namamaywang
mamaywang	mamamaywang
mambababae	
mambabae	nambabae
mambabae	nambababae
mambabae	mambababae
mambiktima	nambiktima
mambiktima	nambibiktima
mambiktima	mambibiktima
mambiktima	biktimahin
mambiktima	binibiktima
mambiktima	inabiktima
mambiktima	pambiktimahan
mambiktima	pinambibiktimahan
mambiktima	pinapambiktimahan
mambiktima	ipambiktima
mambiktima	ipinapambiktima
mambiktima	ipabiktima
mambiktima	ipinabibiktima
mambiktima	ipinapabiktima
mambiktima	ipagpabiktima
mambiktima	ipinagpapabiktima
mambiktima	ipinapagpabiktima
mambiktima	ipapambiktima
mambiktima	ipinapapambiktima
mambiktima	ikapagpapambiktima
mambiktima	ikinapagpapapambiktima
mambiktima	ikinakapagpapambiktima
mambiktima	papambiktimahan
mambiktima	pinapapambiktimahan
mambiktima	mabiktima
mambiktima	nabibiktima
mambiktima	maipaiktima
mambiktima	naipaiiktima
mambiktima	naipapaiktima
mambiktima	naiipaiktima
mambiktima	maikapaiktima
mambiktima	naikapaiiktima
mambiktima	naikapapaiktima
mambiktima	naiikapaiktima
mambiktima	mapaiktimaan
mambiktima	napaiiktimaan
mambiktima	napapaiktimaan
mambiktima	maipabiktima
mambiktima	naipabibiktima
mambiktima	naipapabiktima
mambiktima	naiipabiktima
mambiktima	maipagpabiktima
mambiktima	naipagpapabiktima
mambiktima	naipapagpabiktima
mambiktima	naiipagpabiktima
mambiktima	maipapambiktima
mambiktima	naipapapambiktima
mambiktima	naiipapambiktima
mambiktima	maikapagpapambiktima
mambiktima	naikapagpapapambiktima
mambiktima	naikakapagpapambiktima
mambiktima	naiikapagpapambiktima
mambiktima	mapapambiktimahan
mambiktima	napapapambiktimahan
mambiktima	makipambiktima
mambiktima	nakikipambiktima
mambiktima	makipagpabiktima
mambiktima	nakikipagpabiktima
mambola	nambola
mambola	nambobola
mambola	mambobola
mamboso	namboso
mamboso	namboboso
mamboso	mamboboso
mambugaw	nambugaw
mambugaw	nambubugaw
mambugaw	mambubugaw
mambulahaw	nambulahaw
mambulahaw	nambubulahaw
mambulahaw	mambubulahaw
mambulahaw	bulahawin
mambulahaw	binubulahaw
mambulahaw	inabulahaw
mambulahaw	pambulahawan
mambulahaw	pinambubulahawan
mambulahaw	pinapambulahawan
mambulahaw	ipambulahaw
mambulahaw	ipinapambulahaw
mambulahaw	ipabulahaw
mambulahaw	ipinabubulahaw
mambulahaw	ipinapabulahaw
mambulahaw	ipagpabulahaw
mambulahaw	ipinagpapabulahaw
mambulahaw	ipinapagpabulahaw
mambulahaw	ipapambulahaw
mambulahaw	ipinapapambulahaw
mambulahaw	ikapagpapambulahaw
mambulahaw	ikinapagpapapambulahaw
mambulahaw	ikinakapagpapambulahaw
mambulahaw	papambulahawan
mambulahaw	pinapapambulahawan
mambulahaw	mabulahaw
mambulahaw	nabubulahaw
mambulahaw	maipaulahaw
mambulahaw	naipauulahaw
mambulahaw	naipapaulahaw
mambulahaw	naiipaulahaw
mambulahaw	maikapaulahaw
mambulahaw	naikapauulahaw
mambulahaw	naikapapaulahaw
mambulahaw	naiikapaulahaw
mambulahaw	mapaulahawan
mambulahaw	napauulahawan
mambulahaw	napapaulahawan
mambulahaw	maipabulahaw
mambulahaw	naipabubulahaw
mambulahaw	naipapabulahaw
mambulahaw	naiipabulahaw
mambulahaw	maipagpabulahaw
mambulahaw	naipagpapabulahaw
mambulahaw	naipapagpabulahaw
mambulahaw	naiipagpabulahaw
mambulahaw	maipapambulahaw
mambulahaw	naipapapambulahaw
mambulahaw	naiipapambulahaw
mambulahaw	maikapagpapambulahaw
mambulahaw	naikapagpapapambulahaw
mambulahaw	naikakapagpapambulahaw
mambulahaw	naiikapagpapambulahaw
mambulahaw	mapapambulahawan
mambulahaw	napapapambulahawan
mambulahaw	makipambulahaw
mambulahaw	nakikipambulahaw
mambulahaw	makipagpabulahaw
mambulahaw	nakikipagpabulahaw
mambuwisit	nambuwisit
mambuwisit	nambubuwisit
mambuwisit	mambubuwisit
mambuwisit	buwisitin
mambuwisit	binubuwisit
mambuwisit	inabuwisit
mambuwisit	pambuwisitan
mambuwisit	pinambubuwisitan
mambuwisit	pinapambuwisitan
mambuwisit	ipambuwisit
mambuwisit	ipinapambuwisit
mambuwisit	ipabuwisit
mambuwisit	ipinabubuwisit
mambuwisit	ipinapabuwisit
mambuwisit	ipagpabuwisit
mambuwisit	ipinagpapabuwisit
mambuwisit	ipinapagpabuwisit
mambuwisit	ipapambuwisit
mambuwisit	ipinapapambuwisit
mambuwisit	ikapagpapambuwisit
mambuwisit	ikinapagpapapambuwisit
mambuwisit	ikinakapagpapambuwisit
mambuwisit	papambuwisitan
mambuwisit	pinapapambuwisitan
mambuwisit	mabuwisit
mambuwisit	nabubuwisit
mambuwisit	maipauwisit
mambuwisit	naipauuwisit
mambuwisit	naipapauwisit
mambuwisit	naiipauwisit
mambuwisit	maikapauwisit
mambuwisit	naikapauuwisit
mambuwisit	naikapapauwisit
mambuwisit	naiikapauwisit
mambuwisit	mapauwisitan
mambuwisit	napauuwisitan
mambuwisit	napapauwisitan
mambuwisit	maipabuwisit
mambuwisit	naipabubuwisit
mambuwisit	naipapabuwisit
mambuwisit	naiipabuwisit
mambuwisit	maipagpabuwisit
mambuwisit	naipagpapabuwisit
mambuwisit	naipapagpabuwisit
mambuwisit	naiipagpabuwisit
mambuwisit	maipapambuwisit
mambuwisit	naipapapambuwisit
mambuwisit	naiipapambuwisit
mambuwisit	maikapagpapambuwisit
mambuwisit	naikapagpapapambuwisit
mambuwisit	naikakapagpapambuwisit
mambuwisit	naiikapagpapambuwisit
mambuwisit	mapapambuwisitan
mambuwisit	napapapambuwisitan
mambuwisit	makipambuwisit
mambuwisit	nakikipambuwisit
mambuwisit	makipagpabuwisit
mambuwisit	nakikipagpabuwisit
mamersonal	namersonal
mamersonal	namemersonal
mamersonal	mememersonal
mamigay	namigay
mamigay	namimigay
mamigay	mamimigay
mamihasa	namihasa
mamihasa	namimihasa
mamihasa	mamimihasa
mamili	namili
mamili	namimili
mamili	mamimili
mamilis	namilis
mamilis	namimilis
mamilis	mamimilis
mamimili	
mamingwit	namingwit
mamingwit	namimingwit
mamingwit	mamimingwit
mamintog	namintog
mamintog	namimintog
mamintog	mamimintog
mamirata	namirata
mamirata	namimirata
mamirata	mamimirata
mamolitika	namolitika
mamolitika	namomolitika
mamolitika	mamomolitika
mamugad	namugad
mamugad	namumugad
mamugad	mamumugad
mamugot	namugot
mamugot	namumugot
mamugot	mamumugot
mamuhay	namumuhay
mamuhunan	namuhunan
mamuhunan	namumuhunan
mamuhunan	mamumuhunan
mamula	namula
mamula	namumula
mamula	mamumula
mamulaklak	namulaklak
mamulaklak	namumulaklak
mamulaklak	mamumulaklak
mamulias	namulias
mamulias	namumulias
mamulias	mamumulias
mamulis	namulis
mamulis	namumulis
mamulis	mamumulis
mamumuhunan	
mamumukyot	
mamumuna	
mamumundok	
mamumuro	
mamumuyat	
mamuna	namuna
mamuna	namumuna
mamuna	mamumuna
mamundok	namundok
mamundok	namumundok
mamundok	mamumundok
mamunga	namunga
mamunga	namumunga
mamunga	mamumunga
mamupo	namupo
mamupo	namumupo
mamupo	mamumupo
mamura	namura
mamura	namumura
mamura	mamumura
mamuro	namuro
mamuro	namumuro
mamuro	mamumuro
mamuti	namuti
mamuti	namumuti
mamuti	mamumuti
mamutla	namutla
mamutla	namumutla
mamutla	mamumutla
mamuyat	namuyat
mamuyat	namumuyat
mamuyat	mamumuyat
manabotahe	nanabotahe
manabotahe	nananabotahe
manabotahe	mananabotahe
manabunot	nanabunot
manabunot	nananabunot
manabunot	mananabunot
managalog	nanagalog
managalog	nananagalog
managalog	mananagalog
managinip	nanaginip
managinip	nananaginip
managinip	mananaginip
managot	nanagot
managot	nananagot
managot	mananagot
manahan	minanahan
manahan	minamanahan
manahan	mamanahan
manahimik	nanahimik
manahimik	nananahimik
manahimik	mananahimik
manaig	nanaig
manaig	nananaig
manaig	mananaig
manainga	nanainga
manainga	nananainga
manainga	mananainga
manakal	nanakal
manakal	nananakal
manakal	mananakal
manakal	sakalin
manakal	sinasakal
manakal	inasakal
manakal	panakalan
manakal	pinananakalan
manakal	pinapanakalan
manakal	ipanakal
manakal	ipinapanakal
manakal	ipasakal
manakal	ipinasasakal
manakal	ipinapasakal
manakal	ipagpasakal
manakal	ipinagpapasakal
manakal	ipinapagpasakal
manakal	ipapanakal
manakal	ipinapapanakal
manakal	ikapagpapanakal
manakal	ikinapagpapapanakal
manakal	ikinakapagpapanakal
manakal	papanakalan
manakal	pinapapanakalan
manakal	masakal
manakal	nasasakal
manakal	maipaakal
manakal	naipaaakal
manakal	naipapaakal
manakal	naiipaakal
manakal	maikapaakal
manakal	naikapaaakal
manakal	naikapapaakal
manakal	naiikapaakal
manakal	mapaakalan
manakal	napaaakalan
manakal	napapaakalan
manakal	maipasakal
manakal	naipasasakal
manakal	naipapasakal
manakal	naiipasakal
manakal	maipagpasakal
manakal	naipagpapasakal
manakal	naipapagpasakal
manakal	naiipagpasakal
manakal	maipapanakal
manakal	naipapapanakal
manakal	naiipapanakal
manakal	maikapagpapanakal
manakal	naikapagpapapanakal
manakal	naikakapagpapanakal
manakal	naiikapagpapanakal
manakal	mapapanakalan
manakal	napapapanakalan
manakal	makipanakal
manakal	nakikipanakal
manakal	makipagpasakal
manakal	nakikipagpasakal
manakawan	nanakawan
manakawan	nananakawan
manakawan	mananakawan
manakit	nanakit
manakit	nananakit
manakit	mananakit
manakit	saktan
manakit	sinasaktan
manakit	inasaktan
manakit	panaktan
manakit	pinananaktan
manakit	pinapanaktan
manakit	ipanakit
manakit	ipinapanakit
manakit	ipagpasakit
manakit	ipinagpapasakit
manakit	ipinapagpasakit
manakit	ipapanakit
manakit	ipinapapanakit
manakit	ikapagpapanakit
manakit	ikinapagpapapanakit
manakit	ikinakapagpapanakit
manakit	papanaktan
manakit	pinapapanaktan
manakit	masaktan
manakit	nasasaktan
manakit	maipaakit
manakit	naipaaakit
manakit	naipapaakit
manakit	naiipaakit
manakit	maikapaakit
manakit	naikapaaakit
manakit	naikapapaakit
manakit	naiikapaakit
manakit	mapaakitan
manakit	napaaakitan
manakit	napapaakitan
manakit	maipagpasakit
manakit	naipagpapasakit
manakit	naipapagpasakit
manakit	naiipagpasakit
manakit	maipapanakit
manakit	naipapapanakit
manakit	naiipapanakit
manakit	maikapagpapanakit
manakit	naikapagpapapanakit
manakit	naikakapagpapanakit
manakit	naiikapagpapanakit
manakit	mapapanaktan
manakit	napapapanaktan
manakit	makipanakit
manakit	nakikipanakit
manakit	makipagpasakit
manakit	nakikipagpasakit
manakmal	nanakmal
manakmal	nananakmal
manakmal	mananakmal
manalamin	nanalamin
manalamin	nananalamin
manalamin	mananalamin
manalangin	nanalangin
manalangin	nananalangin
manalangin	mananalangin
manalangin	panalangin
manalikod	nanalikod
manalikod	nananalikod
manalikod	mananalikod
manalo	nanalo
manalo	nananalo
manalo	mananalo
manalo	talunin
manalo	tinatalo
manalo	inatalo
manalo	panalunan
manalo	pinananalunan
manalo	pinapanalunan
manalo	ipanalo
manalo	ipinapanalo
manalo	ipatalo
manalo	ipinatatalo
manalo	ipinapatalo
manalo	ipagpatalo
manalo	ipinagpapatalo
manalo	ipinapagpatalo
manalo	ipapanalo
manalo	ipinapapanalo
manalo	ikapagpapanalo
manalo	ikinapagpapapanalo
manalo	ikinakapagpapanalo
manalo	papanalunan
manalo	pinapapanalunan
manalo	matalo
manalo	natatalo
manalo	maipaalo
manalo	naipaaalo
manalo	naipapaalo
manalo	naiipaalo
manalo	maikapaalo
manalo	naikapaaalo
manalo	naikapapaalo
manalo	naiikapaalo
manalo	mapaaloan
manalo	napaaaloan
manalo	napapaaloan
manalo	maipatalo
manalo	naipatatalo
manalo	naipapatalo
manalo	naiipatalo
manalo	maipagpatalo
manalo	naipagpapatalo
manalo	naipapagpatalo
manalo	naiipagpatalo
manalo	maipapanalo
manalo	naipapapanalo
manalo	naiipapanalo
manalo	maikapagpapanalo
manalo	naikapagpapapanalo
manalo	naikakapagpapanalo
manalo	naiikapagpapanalo
manalo	mapapanalunan
manalo	napapapanalunan
manalo	makipanalo
manalo	nakikipanalo
manalo	makipagpatalo
manalo	nakikipagpatalo
manamantala	nanamantala
manamantala	nananamantala
manamantala	mananamantala
manamantala	samantalahin
manamantala	sinasamantala
manamantala	inasamantala
manamantala	panamantalahan
manamantala	pinananamantalahan
manamantala	pinapanamantalahan
manamantala	ipanamantala
manamantala	ipinapanamantala
manamantala	ipasamantala
manamantala	ipinasasamantala
manamantala	ipinapasamantala
manamantala	ipagpasamantala
manamantala	ipinagpapasamantala
manamantala	ipinapagpasamantala
manamantala	ipapanamantala
manamantala	ipinapapanamantala
manamantala	ikapagpapanamantala
manamantala	ikinapagpapapanamantala
manamantala	ikinakapagpapanamantala
manamantala	papanamantalahan
manamantala	pinapapanamantalahan
manamantala	masamantala
manamantala	nasasamantala
manamantala	maipaamantala
manamantala	naipaaamantala
manamantala	naipapaamantala
manamantala	naiipaamantala
manamantala	maikapaamantala
manamantala	naikapaaamantala
manamantala	naikapapaamantala
manamantala	naiikapaamantala
manamantala	mapaamantalaan
manamantala	napaaamantalaan
manamantala	napapaamantalaan
manamantala	maipasamantala
manamantala	naipasasamantala
manamantala	naipapasamantala
manamantala	naiipasamantala
manamantala	maipagpasamantala
manamantala	naipagpapasamantala
manamantala	naipapagpasamantala
manamantala	naiipagpasamantala
manamantala	maipapanamantala
manamantala	naipapapanamantala
manamantala	naiipapanamantala
manamantala	maikapagpapanamantala
manamantala	naikapagpapapanamantala
manamantala	naikakapagpapanamantala
manamantala	naiikapagpapanamantala
manamantala	mapapanamantalahan
manamantala	napapapanamantalahan
manamantala	makipanamantala
manamantala	nakikipanamantala
manamantala	makipagpasamantala
manamantala	nakikipagpasamantala
manamit	nanamit
manamit	nananamit
manamit	mananamit
mananagalog	
mananahi	
mananakop	
mananaliksik	
mananalita	
mananalo	
mananamantala	
manananghalian	
manananso	
mananghalian	nananghalian
mananghalian	nanananghalian
mananghalian	manananghalian
mananso	nananso
mananso	nanananso
mananso	manananso
manapak	nanapak
manapak	nananapak
manapak	mananapak
manapak	sapakin
manapak	sinasapak
manapak	inasapak
manapak	panapakan
manapak	pinananapakan
manapak	pinapanapakan
manapak	ipanapak
manapak	ipinapanapak
manapak	ipasapak
manapak	ipinasasapak
manapak	ipinapasapak
manapak	ipagpasapak
manapak	ipinagpapasapak
manapak	ipinapagpasapak
manapak	ipapanapak
manapak	ipinapapanapak
manapak	ikapagpapanapak
manapak	ikinapagpapapanapak
manapak	ikinakapagpapanapak
manapak	papanapakan
manapak	pinapapanapakan
manapak	masapak
manapak	nasasapak
manapak	maipaapak
manapak	naipaaapak
manapak	naipapaapak
manapak	naiipaapak
manapak	maikapaapak
manapak	naikapaaapak
manapak	naikapapaapak
manapak	naiikapaapak
manapak	mapaapakan
manapak	napaaapakan
manapak	napapaapakan
manapak	maipasapak
manapak	naipasasapak
manapak	naipapasapak
manapak	naiipasapak
manapak	maipagpasapak
manapak	naipagpapasapak
manapak	naipapagpasapak
manapak	naiipagpasapak
manapak	maipapanapak
manapak	naipapapanapak
manapak	naiipapanapak
manapak	maikapagpapanapak
manapak	naikapagpapapanapak
manapak	naikakapagpapanapak
manapak	naiikapagpapanapak
manapak	mapapanapakan
manapak	napapapanapakan
manapak	makipanapak
manapak	nakikipanapak
manapak	makipagpasapak
manapak	nakikipagpasapak
manariwa	nanariwa
manariwa	nananariwa
manariwa	mananariwa
manatili	nanatili
manatili	nananatili
manatili	mananatili
manawa	nanawa
manawa	nananawa
manawa	mananawa
manawa	panawaan
manawa	pinananawaan
manawa	pinapanawaan
manawa	ipanawa
manawa	ipinapanawa
manawa	ipagpasawa
manawa	ipinagpapasawa
manawa	ipinapagpasawa
manawa	ipapanawa
manawa	ipinapapanawa
manawa	ikapagpapanawa
manawa	ikinapagpapapanawa
manawa	ikinakapagpapanawa
manawa	papanawaan
manawa	pinapapanawaan
manawa	maipaawa
manawa	naipaaawa
manawa	naipapaawa
manawa	naiipaawa
manawa	maikapaawa
manawa	naikapaaawa
manawa	naikapapaawa
manawa	naiikapaawa
manawa	mapaawaan
manawa	napaaawaan
manawa	napapaawaan
manawa	maipagpasawa
manawa	naipagpapasawa
manawa	naipapagpasawa
manawa	naiipagpasawa
manawa	maipapanawa
manawa	naipapapanawa
manawa	naiipapanawa
manawa	maikapagpapanawa
manawa	naikapagpapapanawa
manawa	naikakapagpapanawa
manawa	naiikapagpapanawa
manawa	mapapanawaan
manawa	napapapanawaan
manawa	makipanawa
manawa	nakikipanawa
manawa	makipagpasawa
manawa	nakikipagpasawa
manawagan	nanawagan
manawagan	nananawagan
manawagan	mananawagan
mandambong	nandambong
mandambong	nandarambong
mandambong	mandarambong
mandambong	nandadambong
mandaragit	
mandarambong	
mandaraya	
mandila	nandila
mandila	nandidila
mandila	mandidila
mandukot	nandukot
mandukot	nandurukot
mandukot	mandurukot
mandukot	dukutan
mandukot	dinudukutan
mandukot	inadukutan
mandukot	pandukutan
mandukot	pinandudukutan
mandukot	pinapandukutan
mandukot	ipandukot
mandukot	ipinapandukot
mandukot	ipagpadukot
mandukot	ipinagpapadukot
mandukot	ipinapagpadukot
mandukot	ipapandukot
mandukot	ipinapapandukot
mandukot	ikapagpapandukot
mandukot	ikinapagpapapandukot
mandukot	ikinakapagpapandukot
mandukot	papandukutan
mandukot	pinapapandukutan
mandukot	madukutan
mandukot	nadudukutan
mandukot	maipaukot
mandukot	naipauukot
mandukot	naipapaukot
mandukot	naiipaukot
mandukot	maikapaukot
mandukot	naikapauukot
mandukot	naikapapaukot
mandukot	naiikapaukot
mandukot	mapaukotan
mandukot	napauukotan
mandukot	napapaukotan
mandukot	maipagpadukot
mandukot	naipagpapadukot
mandukot	naipapagpadukot
mandukot	naiipagpadukot
mandukot	maipapandukot
mandukot	naipapapandukot
mandukot	naiipapandukot
mandukot	maikapagpapandukot
mandukot	naikapagpapapandukot
mandukot	naikakapagpapandukot
mandukot	naiikapagpapandukot
mandukot	mapapandukutan
mandukot	napapapandukutan
mandukot	makipandukot
mandukot	nakikipandukot
mandukot	makipagpadukot
mandukot	nakikipagpadukot
mandurukot	
mang-aabala	
mang-aabat	
mang-aagaw	
mang-aapi	
mang-aasar	
mang-abala	nang-abala
mang-abala	nang-aabala
mang-abala	mang-aabala
mang-abala	abalahin
mang-abala	inaabala
mang-abala	pang-abalahan
mang-abala	pinang-aabalahan
mang-abala	pinapang-abalahan
mang-abala	ipang-abala
mang-abala	ipinapang-abala
mang-abala	ipaabala
mang-abala	ipinaaabala
mang-abala	ipinapaabala
mang-abala	ipagpaabala
mang-abala	ipinagpapaabala
mang-abala	ipinapagpaabala
mang-abala	ipapang-abala
mang-abala	ipinapapang-abala
mang-abala	ikapagpapang-abala
mang-abala	ikinapagpapapang-abala
mang-abala	ikinakapagpapang-abala
mang-abala	papang-abalahan
mang-abala	pinapapang-abalahan
mang-abala	maabala
mang-abala	naaabala
mang-abala	maipaabala
mang-abala	naipaaabala
mang-abala	naipapaabala
mang-abala	naiipaabala
mang-abala	maikapaabala
mang-abala	naikapaaabala
mang-abala	naikapapaabala
mang-abala	naiikapaabala
mang-abala	mapaabalaan
mang-abala	napaaabalaan
mang-abala	napapaabalaan
mang-abala	maipagpaabala
mang-abala	naipagpapaabala
mang-abala	naipapagpaabala
mang-abala	naiipagpaabala
mang-abala	maipapang-abala
mang-abala	naipapapang-abala
mang-abala	naiipapang-abala
mang-abala	maikapagpapang-abala
mang-abala	naikapagpapapang-abala
mang-abala	naikakapagpapang-abala
mang-abala	naiikapagpapang-abala
mang-abala	mapapang-abalahan
mang-abala	napapapang-abalahan
mang-abala	makipang-abala
mang-abala	nakikipang-abala
mang-abala	makipagpaabala
mang-abala	nakikipagpaabala
mang-abat	nang-abat
mang-abat	nang-aabat
mang-abat	mang-aabat
mang-agaw	nang-agaw
mang-agaw	nang-aagaw
mang-agaw	mang-aagaw
mang-agrabyado	nang-agrabyado
mang-agrabyado	nang-aagrabyado
mang-agrabyado	mang-aagrabyado
mang-api	nang-api
mang-api	nang-aapi
mang-api	mang-aapi
mang-api	pang-aapi
mang-asar	nang-asar
mang-asar	nang-aasar
mang-asar	mang-aasar
mang-inis	nang-inis
mang-inis	nang-iinis
mang-inis	mang-iinis
mang-udyok	nang-udyok
mang-udyok	nang-uudyok
mang-udyok	mang-uudyok
mangabayo	nangabayo
mangabayo	nangangabayo
mangabayo	mangangabayo
mangagat	nangagat
mangagat	nangangagat
mangagat	mangangagat
mangahas	nangahas
mangahas	nangangahas
mangahas	mangangahas
mangaibigan	nangaibigan
mangaibigan	nangangaibigan
mangaibigan	mangangaibigan
mangailangan	nangailangan
mangailangan	nangangailangan
mangailangan	mangangailangan
mangailangan	pangangailangan
mangako	nangako
mangako	nangangako
mangako	mangangako
mangalabasa	nangalabasa
mangalabasa	nangangalabasa
mangalabasa	mangangalabasa
mangalabit	nangalabit
mangalabit	nangangalabit
mangalabit	mangangalabit
mangalakal	nangalakal
mangalakal	nangangalakal
mangalakal	mangangalakal
mangalandakan	nangalandakan
mangalandakan	nangangalandakan
mangalandakan	mangangalandakan
mangalay	nangalay
mangalay	nangangalay
mangalay	mangangalay
mangaligkig	nangaligkig
mangaligkig	nangangaligkig
mangaligkig	mangangaligkig
mangaligkig	maaligkig
mangaligkig	naaaligkig
mangalimusom	nangalimusom
mangalimusom	nangangalimusom
mangalimusom	mangangalimusom
mangaliwa	nangaliwa
mangaliwa	nangangaliwa
mangaliwa	mangangaliwa
mangalunya	nangalunya
mangalunya	nangangalunya
mangalunya	mangangalunya
mangamba	nangamba
mangamba	nangangamba
mangamba	mangangamba
mangamba	maamba
mangamba	naaamba
mangamkam	nangamkam
mangamkam	nangangamkan
mangamkam	mangangamkam
mangamkam	kamkamin
mangamkam	kinakamkam
mangamkam	inakamkam
mangamkam	pangamkaman
mangamkam	pinangangamkaman
mangamkam	pinapangamkaman
mangamkam	ipangamkam
mangamkam	ipinapangamkam
mangamkam	ipakamkam
mangamkam	ipinakakamkam
mangamkam	ipinapakamkam
mangamkam	ipagpakamkam
mangamkam	ipinagpapakamkam
mangamkam	ipinapagpakamkam
mangamkam	ipapangamkam
mangamkam	ipinapapangamkam
mangamkam	ikapagpapangamkam
mangamkam	ikinapagpapapangamkam
mangamkam	ikinakapagpapangamkam
mangamkam	papangamkaman
mangamkam	pinapapangamkaman
mangamkam	makamkam
mangamkam	nakakamkam
mangamkam	maipaamkam
mangamkam	naipaaamkam
mangamkam	naipapaamkam
mangamkam	naiipaamkam
mangamkam	maikapaamkam
mangamkam	naikapaaamkam
mangamkam	naikapapaamkam
mangamkam	naiikapaamkam
mangamkam	mapaamkaman
mangamkam	napaaamkaman
mangamkam	napapaamkaman
mangamkam	maipakamkam
mangamkam	naipakakamkam
mangamkam	naipapakamkam
mangamkam	naiipakamkam
mangamkam	maipagpakamkam
mangamkam	naipagpapakamkam
mangamkam	naipapagpakamkam
mangamkam	naiipagpakamkam
mangamkam	maipapangamkam
mangamkam	naipapapangamkam
mangamkam	naiipapangamkam
mangamkam	maikapagpapangamkam
mangamkam	naikapagpapapangamkam
mangamkam	naikakapagpapangamkam
mangamkam	naiikapagpapangamkam
mangamkam	mapapangamkaman
mangamkam	napapapangamkaman
mangamkam	makipangamkam
mangamkam	nakikipangamkam
mangamkam	makipagpakamkam
mangamkam	nakikipagpakamkam
mangamote	nangamote
mangamote	nangangamote
mangamote	mangangamote
mangamote	maamote
mangamote	naaamote
mangamoy	nangamoy
mangamoy	nangangamoy
mangamoy	mangangamoy
mangampanya	nangampanya
mangampanya	nangangampanya
mangampanya	mangangampanya
manganak	nanganak
manganak	nanganganak
manganak	manganganak
manganak	ipang-anak
manganak	ipinang-aanak
manganak	ipinapang-anak
manganak	pang-anakan
manganak	pinang-aanakan
manganak	pinapang-anakan
manganak	ipagpaanak
manganak	ipinagpapaanak
manganak	ipinapagpaanak
manganak	ipapang-anak
manganak	ipinapapang-anak
manganak	ikapagpapang-anak
manganak	ikinapagpapapang-anak
manganak	ikinakapagpapang-anak
manganak	papang-anakan
manganak	pinapapang-anakan
manganak	maipang-anak
manganak	naipang-aanak
manganak	naipapang-anak
manganak	naiipang-anak
manganak	maipaanak
manganak	naipaaanak
manganak	naipapaanak
manganak	naiipaanak
manganak	maikapaanak
manganak	naikapaaanak
manganak	naikapapaanak
manganak	naiikapaanak
manganak	mapaanakan
manganak	napaaanakan
manganak	napapaanakan
manganak	maipagpaanak
manganak	naipagpapaanak
manganak	naipapagpaanak
manganak	naiipagpaanak
manganak	maipapang-anak
manganak	naipapapang-anak
manganak	naiipapang-anak
manganak	maikapagpapang-anak
manganak	naikapagpapapang-anak
manganak	naikakapagpapang-anak
manganak	naiikapagpapang-anak
manganak	mapapang-anakan
manganak	napapapang-anakan
manganak	makipang-anak
manganak	nakikipang-anak
manganak	makipagpaanak
manganak	nakikipagpaanak
mangangabayo	
mangangailangan	
mangangalakal	
mangangaral	
mangangaso	
mangapitbahay	nangapitbahay
mangapitbahay	nangangapitbahay
mangapitbahay	mangangapitbahay
mangaral	nangaral
mangaral	nangangaral
mangaral	mangangaral
mangarap	nangarap
mangarap	nangangarap
mangarap	mangangarap
mangaroling	nangaroling
mangaroling	nangangaroling
mangaroling	mangangaroling
mangasambahay	nangasambahay
mangasambahay	nangangasambahay
mangasambahay	mangangasambahay
mangaso	nangaso
mangaso	nangangaso
mangaso	mangangaso
mangatal	nangatal
mangatal	nangangatal
mangatal	mangangatal
mangawit	nangawit
mangawit	nangangawit
mangawit	mangangawit
manggagamit	
manggagamot	
manggagantso	
manggamot	nanggamot
manggamot	nanggagamot
manggamot	manggagamot
manggantso	nanggantso
manggantso	nanggagantso
manggantso	manggagantso
manggigitara	
manggugupit	
manggulo	nanggulo
manggulo	nanggugulo
manggulo	manggugulo
manghahawa	
manghalik	nanghalik
manghalik	nanghahalik
manghalik	manghahalik
manghalik	hagkan
manghalik	hinahagkan
manghalik	inahagkan
manghalik	panghagkan
manghalik	pinanghahagkan
manghalik	pinapanghagkan
manghalik	ipanghalik
manghalik	ipinapanghalik
manghalik	ipagpahalik
manghalik	ipinagpapahalik
manghalik	ipinapagpahalik
manghalik	ipapanghalik
manghalik	ipinapapanghalik
manghalik	ikapagpapanghalik
manghalik	ikinapagpapapanghalik
manghalik	ikinakapagpapanghalik
manghalik	papanghagkan
manghalik	pinapapanghagkan
manghalik	mahagkan
manghalik	nahahagkan
manghalik	maipaalik
manghalik	naipaaalik
manghalik	naipapaalik
manghalik	naiipaalik
manghalik	maikapaalik
manghalik	naikapaaalik
manghalik	naikapapaalik
manghalik	naiikapaalik
manghalik	mapaalikan
manghalik	napaaalikan
manghalik	napapaalikan
manghalik	maipagpahalik
manghalik	naipagpapahalik
manghalik	naipapagpahalik
manghalik	naiipagpahalik
manghalik	maipapanghalik
manghalik	naipapapanghalik
manghalik	naiipapanghalik
manghalik	maikapagpapanghalik
manghalik	naikapagpapapanghalik
manghalik	naikakapagpapanghalik
manghalik	naiikapagpapanghalik
manghalik	mapapanghagkan
manghalik	napapapanghagkan
manghalik	makipanghalik
manghalik	nakikipanghalik
manghalik	makipagpahalik
manghalik	nakikipagpahalik
manghawa	nanghawa
manghawa	nanghahawa
manghawa	manghahawa
manghawa	hawaan
manghawa	hinahawaan
manghawa	inahawaan
manghawa	panghawaan
manghawa	pinanghahawaan
manghawa	pinapanghawaan
manghawa	ipanghawa
manghawa	ipinapanghawa
manghawa	ipagpahawa
manghawa	ipinagpapahawa
manghawa	ipinapagpahawa
manghawa	ipapanghawa
manghawa	ipinapapanghawa
manghawa	ikapagpapanghawa
manghawa	ikinapagpapapanghawa
manghawa	ikinakapagpapanghawa
manghawa	papanghawaan
manghawa	pinapapanghawaan
manghawa	mahawaan
manghawa	nahahawaan
manghawa	maipaawa
manghawa	naipaaawa
manghawa	naipapaawa
manghawa	naiipaawa
manghawa	maikapaawa
manghawa	naikapaaawa
manghawa	naikapapaawa
manghawa	naiikapaawa
manghawa	mapaawaan
manghawa	napaaawaan
manghawa	napapaawaan
manghawa	maipagpahawa
manghawa	naipagpapahawa
manghawa	naipapagpahawa
manghawa	naiipagpahawa
manghawa	maipapanghawa
manghawa	naipapapanghawa
manghawa	naiipapanghawa
manghawa	maikapagpapanghawa
manghawa	naikapagpapapanghawa
manghawa	naikakapagpapanghawa
manghawa	naiikapagpapanghawa
manghawa	mapapanghawaan
manghawa	napapapanghawaan
manghawa	makipanghawa
manghawa	nakikipanghawa
manghawa	makipagpahawa
manghawa	nakikipagpahawa
manghihilot	
manghihipo	
manghimasok	nanghimasok
manghimasok	nanghihimasok
manghimasok	manghihimasok
manghingi	nanghingi
manghingi	nanghihingi
manghingi	manghihingi
manghingi	hingan
manghingi	hinihingan
manghingi	inahingan
manghingi	panghingan
manghingi	pinanghihingan
manghingi	pinapanghingan
manghingi	ipanghingi
manghingi	ipinapanghingi
manghingi	ipagpahingi
manghingi	ipinagpapahingi
manghingi	ipinapagpahingi
manghingi	ipapanghingi
manghingi	ipinapapanghingi
manghingi	ikapagpapanghingi
manghingi	ikinapagpapapanghingi
manghingi	ikinakapagpapanghingi
manghingi	papanghingan
manghingi	pinapapanghingan
manghingi	mahingan
manghingi	nahihingan
manghingi	maipaingi
manghingi	naipaiingi
manghingi	naipapaingi
manghingi	naiipaingi
manghingi	maikapaingi
manghingi	naikapaiingi
manghingi	naikapapaingi
manghingi	naiikapaingi
manghingi	mapaingian
manghingi	napaiingian
manghingi	napapaingian
manghingi	maipagpahingi
manghingi	naipagpapahingi
manghingi	naipapagpahingi
manghingi	naiipagpahingi
manghingi	maipapanghingi
manghingi	naipapapanghingi
manghingi	naiipapanghingi
manghingi	maikapagpapanghingi
manghingi	naikapagpapapanghingi
manghingi	naikakapagpapanghingi
manghingi	naiikapagpapanghingi
manghingi	mapapanghingan
manghingi	napapapanghingan
manghingi	makipanghingi
manghingi	nakikipanghingi
manghingi	makipagpahingi
manghingi	nakikipagpahingi
mangholdap	nangholdap
mangholdap	nanghoholdap
mangholdap	manghoholdap
mangholdap	holdapin
mangholdap	hinoholdap
mangholdap	inaholdap
mangholdap	pangholdapan
mangholdap	pinanghoholdapan
mangholdap	pinapangholdapan
mangholdap	ipangholdap
mangholdap	ipinapangholdap
mangholdap	ipaholdap
mangholdap	ipinahoholdap
mangholdap	ipinapaholdap
mangholdap	ipagpaholdap
mangholdap	ipinagpapaholdap
mangholdap	ipinapagpaholdap
mangholdap	ipapangholdap
mangholdap	ipinapapangholdap
mangholdap	ikapagpapangholdap
mangholdap	ikinapagpapapangholdap
mangholdap	ikinakapagpapangholdap
mangholdap	papangholdapan
mangholdap	pinapapangholdapan
mangholdap	maholdap
mangholdap	nahoholdap
mangholdap	maipaoldap
mangholdap	naipaooldap
mangholdap	naipapaoldap
mangholdap	naiipaoldap
mangholdap	maikapaoldap
mangholdap	naikapaooldap
mangholdap	naikapapaoldap
mangholdap	naiikapaoldap
mangholdap	mapaoldapan
mangholdap	napaooldapan
mangholdap	napapaoldapan
mangholdap	maipaholdap
mangholdap	naipahoholdap
mangholdap	naipapaholdap
mangholdap	naiipaholdap
mangholdap	maipagpaholdap
mangholdap	naipagpapaholdap
mangholdap	naipapagpaholdap
mangholdap	naiipagpaholdap
mangholdap	maipapangholdap
mangholdap	naipapapangholdap
mangholdap	naiipapangholdap
mangholdap	maikapagpapangholdap
mangholdap	naikapagpapapangholdap
mangholdap	naikakapagpapangholdap
mangholdap	naiikapagpapangholdap
mangholdap	mapapangholdapan
mangholdap	napapapangholdapan
mangholdap	makipangholdap
mangholdap	nakikipangholdap
mangholdap	makipagpaholdap
mangholdap	nakikipagpaholdap
manghuhula	
manghula	nanghula
manghula	nanghuhula
manghula	manghuhula
manghula	maula
manghula	nauula
manghusga	nanghusga
manghusga	nanghuhusga
manghusga	manghuhusga
manghusga	husgahan
manghusga	hinuhusgahan
manghusga	inahusgahan
manghusga	panghusgahan
manghusga	pinanghuhusgahan
manghusga	pinapanghusgahan
manghusga	ipanghusga
manghusga	ipinapanghusga
manghusga	ipagpahusga
manghusga	ipinagpapahusga
manghusga	ipinapagpahusga
manghusga	ipapanghusga
manghusga	ipinapapanghusga
manghusga	ikapagpapanghusga
manghusga	ikinapagpapapanghusga
manghusga	ikinakapagpapanghusga
manghusga	papanghusgahan
manghusga	pinapapanghusgahan
manghusga	mahusgahan
manghusga	nahuhusgahan
manghusga	maipausga
manghusga	naipauusga
manghusga	naipapausga
manghusga	naiipausga
manghusga	maikapausga
manghusga	naikapauusga
manghusga	naikapapausga
manghusga	naiikapausga
manghusga	mapausgaan
manghusga	napauusgaan
manghusga	napapausgaan
manghusga	maipagpahusga
manghusga	naipagpapahusga
manghusga	naipapagpahusga
manghusga	naiipagpahusga
manghusga	maipapanghusga
manghusga	naipapapanghusga
manghusga	naiipapanghusga
manghusga	maikapagpapanghusga
manghusga	naikapagpapapanghusga
manghusga	naikakapagpapanghusga
manghusga	naiikapagpapanghusga
manghusga	mapapanghusgahan
manghusga	napapapanghusgahan
manghusga	makipanghusga
manghusga	nakikipanghusga
manghusga	makipagpahusga
manghusga	nakikipagpahusga
manghuthot	nanghuthot
manghuthot	nanghuhuthot
manghuthot	manghuhuthot
mangibabaw	nangibabaw
mangibabaw	nangingibabaw
mangibabaw	mangingibabaw
mangibang-bayan	nangibang-bayan
mangibang-bayan	nangingibang-bayan
mangibang-bayan	mangingibang-bayan
mangikil	nangikil
mangikil	nangingikil
mangikil	mangingikil
mangikil	kikilan
mangikil	kinikikilan
mangikil	inakikilan
mangikil	pangikilan
mangikil	pinangingikilan
mangikil	pinapangikilan
mangikil	ipangikil
mangikil	ipinapangikil
mangikil	ipagpakikil
mangikil	ipinagpapakikil
mangikil	ipinapagpakikil
mangikil	ipapangikil
mangikil	ipinapapangikil
mangikil	ikapagpapangikil
mangikil	ikinapagpapapangikil
mangikil	ikinakapagpapangikil
mangikil	papangikilan
mangikil	pinapapangikilan
mangikil	makikilan
mangikil	nakikikilan
mangikil	maipaikil
mangikil	naipaiikil
mangikil	naipapaikil
mangikil	naiipaikil
mangikil	maikapaikil
mangikil	naikapaiikil
mangikil	naikapapaikil
mangikil	naiikapaikil
mangikil	mapaikilan
mangikil	napaiikilan
mangikil	napapaikilan
mangikil	maipagpakikil
mangikil	naipagpapakikil
mangikil	naipapagpakikil
mangikil	naiipagpakikil
mangikil	maipapangikil
mangikil	naipapapangikil
mangikil	naiipapangikil
mangikil	maikapagpapangikil
mangikil	naikapagpapapangikil
mangikil	naikakapagpapangikil
mangikil	naiikapagpapangikil
mangikil	mapapangikilan
mangikil	napapapangikilan
mangikil	makipangikil
mangikil	nakikipangikil
mangikil	makipagpakikil
mangikil	nakikipagpakikil
mangilabot	nangilabot
mangilabot	nangingilabot
mangilabot	mangingilabot
mangilabot	kilabutan
mangilabot	kinikilabutan
mangilabot	inakilabutan
mangilabot	pangilabutan
mangilabot	pinangingilabutan
mangilabot	pinapangilabutan
mangilabot	ipangilabot
mangilabot	ipinapangilabot
mangilabot	ipagpakilabot
mangilabot	ipinagpapakilabot
mangilabot	ipinapagpakilabot
mangilabot	ipapangilabot
mangilabot	ipinapapangilabot
mangilabot	ikapagpapangilabot
mangilabot	ikinapagpapapangilabot
mangilabot	ikinakapagpapangilabot
mangilabot	papangilabutan
mangilabot	pinapapangilabutan
mangilabot	makilabutan
mangilabot	nakikilabutan
mangilabot	maipailabot
mangilabot	naipaiilabot
mangilabot	naipapailabot
mangilabot	naiipailabot
mangilabot	maikapailabot
mangilabot	naikapaiilabot
mangilabot	naikapapailabot
mangilabot	naiikapailabot
mangilabot	mapailabotan
mangilabot	napaiilabotan
mangilabot	napapailabotan
mangilabot	maipagpakilabot
mangilabot	naipagpapakilabot
mangilabot	naipapagpakilabot
mangilabot	naiipagpakilabot
mangilabot	maipapangilabot
mangilabot	naipapapangilabot
mangilabot	naiipapangilabot
mangilabot	maikapagpapangilabot
mangilabot	naikapagpapapangilabot
mangilabot	naikakapagpapangilabot
mangilabot	naiikapagpapangilabot
mangilabot	mapapangilabutan
mangilabot	napapapangilabutan
mangilabot	makipangilabot
mangilabot	nakikipangilabot
mangilabot	makipagpakilabot
mangilabot	nakikipagpakilabot
mangilin	nangilin
mangilin	nangingilin
mangilin	mangingilin
mangiliti	nangiliti
mangiliti	nangingiliti
mangiliti	mangingiliti
mangiliti	pangingiliti
mangiliti	kilitiin
mangiliti	kinikiliti
mangiliti	inakiliti
mangiliti	pangilitian
mangiliti	pinangingilitian
mangiliti	pinapangilitian
mangiliti	ipangiliti
mangiliti	ipinapangiliti
mangiliti	ipakiliti
mangiliti	ipinakikiliti
mangiliti	ipinapakiliti
mangiliti	ipagpakiliti
mangiliti	ipinagpapakiliti
mangiliti	ipinapagpakiliti
mangiliti	ipapangiliti
mangiliti	ipinapapangiliti
mangiliti	ikapagpapangiliti
mangiliti	ikinapagpapapangiliti
mangiliti	ikinakapagpapangiliti
mangiliti	papangilitian
mangiliti	pinapapangilitian
mangiliti	makiliti
mangiliti	nakikiliti
mangiliti	maipailiti
mangiliti	naipaiiliti
mangiliti	naipapailiti
mangiliti	naiipailiti
mangiliti	maikapailiti
mangiliti	naikapaiiliti
mangiliti	naikapapailiti
mangiliti	naiikapailiti
mangiliti	mapailitian
mangiliti	napaiilitian
mangiliti	napapailitian
mangiliti	maipakiliti
mangiliti	naipakikiliti
mangiliti	naipapakiliti
mangiliti	naiipakiliti
mangiliti	maipagpakiliti
mangiliti	naipagpapakiliti
mangiliti	naipapagpakiliti
mangiliti	naiipagpakiliti
mangiliti	maipapangiliti
mangiliti	naipapapangiliti
mangiliti	naiipapangiliti
mangiliti	maikapagpapangiliti
mangiliti	naikapagpapapangiliti
mangiliti	naikakapagpapangiliti
mangiliti	naiikapagpapangiliti
mangiliti	mapapangilitian
mangiliti	napapapangilitian
mangiliti	makipangiliti
mangiliti	nakikipangiliti
mangiliti	makipagpakiliti
mangiliti	nakikipagpakiliti
mangimi	nangimi
mangimi	nangingimi
mangimi	mangingimi
mangimi	pangingimi
mangingisda	
mangingitlog	
manginsulto	nanginsulto
manginsulto	nanginginsulto
manginsulto	manginginsulto
manginsulto	insultuhin
manginsulto	iniinsulto
manginsulto	inainsulto
manginsulto	pang-insultuhan
manginsulto	pinang-iinsultuhan
manginsulto	pinapang-insultuhan
manginsulto	ipang-insulto
manginsulto	ipinapang-insulto
manginsulto	ipainsulto
manginsulto	ipinaiinsulto
manginsulto	ipinapainsulto
manginsulto	ipagpainsulto
manginsulto	ipinagpapainsulto
manginsulto	ipinapagpainsulto
manginsulto	ipapang-insulto
manginsulto	ipinapapang-insulto
manginsulto	ikapagpapang-insulto
manginsulto	ikinapagpapapang-insulto
manginsulto	ikinakapagpapang-insulto
manginsulto	papang-insultuhan
manginsulto	pinapapang-insultuhan
manginsulto	mainsulto
manginsulto	naiinsulto
manginsulto	maipainsulto
manginsulto	naipaiinsulto
manginsulto	naipapainsulto
manginsulto	naiipainsulto
manginsulto	maikapainsulto
manginsulto	naikapaiinsulto
manginsulto	naikapapainsulto
manginsulto	naiikapainsulto
manginsulto	mapainsultoan
manginsulto	napaiinsultoan
manginsulto	napapainsultoan
manginsulto	maipagpainsulto
manginsulto	naipagpapainsulto
manginsulto	naipapagpainsulto
manginsulto	naiipagpainsulto
manginsulto	maipapang-insulto
manginsulto	naipapapang-insulto
manginsulto	naiipapang-insulto
manginsulto	maikapagpapang-insulto
manginsulto	naikapagpapapang-insulto
manginsulto	naikakapagpapang-insulto
manginsulto	naiikapagpapang-insulto
manginsulto	mapapang-insultuhan
manginsulto	napapapang-insultuhan
manginsulto	makipang-insulto
manginsulto	nakikipang-insulto
manginsulto	makipagpainsulto
manginsulto	nakikipagpainsulto
mangisay	nangisay
mangisay	nangingisay
mangisay	mangingisay
mangisda	nangisda
mangisda	nangingisda
mangisda	mangingisda
mangitim	nangitim
mangitim	nangingitim
mangitim	mangingitim
mangitlog	nangitlog
mangitlog	nangingitlog
mangitlog	mangingitlog
mangkarnap	nangkarnap
mangkarnap	nangkakarnap
mangkarnap	mangkakarnap
mangmolestiya	nangmolestiya
mangmolestiya	nangmomolestiya
mangmolestiya	mangmomolestiya
mangomisyon	nangomisyon
mangomisyon	nangongomisyon
mangomisyon	mangongomisyon
mangomisyon	komisyonin
mangomisyon	kinokomisyon
mangomisyon	inakomisyon
mangomisyon	pangomisyonan
mangomisyon	pinangongomisyonan
mangomisyon	pinapangomisyonan
mangomisyon	ipangomisyon
mangomisyon	ipinapangomisyon
mangomisyon	ipakomisyon
mangomisyon	ipinakokomisyon
mangomisyon	ipinapakomisyon
mangomisyon	ipagpakomisyon
mangomisyon	ipinagpapakomisyon
mangomisyon	ipinapagpakomisyon
mangomisyon	ipapangomisyon
mangomisyon	ipinapapangomisyon
mangomisyon	ikapagpapangomisyon
mangomisyon	ikinapagpapapangomisyon
mangomisyon	ikinakapagpapangomisyon
mangomisyon	papangomisyonan
mangomisyon	pinapapangomisyonan
mangomisyon	makomisyon
mangomisyon	nakokomisyon
mangomisyon	maipaomisyon
mangomisyon	naipaoomisyon
mangomisyon	naipapaomisyon
mangomisyon	naiipaomisyon
mangomisyon	maikapaomisyon
mangomisyon	naikapaoomisyon
mangomisyon	naikapapaomisyon
mangomisyon	naiikapaomisyon
mangomisyon	mapaomisyonan
mangomisyon	napaoomisyonan
mangomisyon	napapaomisyonan
mangomisyon	maipakomisyon
mangomisyon	naipakokomisyon
mangomisyon	naipapakomisyon
mangomisyon	naiipakomisyon
mangomisyon	maipagpakomisyon
mangomisyon	naipagpapakomisyon
mangomisyon	naipapagpakomisyon
mangomisyon	naiipagpakomisyon
mangomisyon	maipapangomisyon
mangomisyon	naipapapangomisyon
mangomisyon	naiipapangomisyon
mangomisyon	maikapagpapangomisyon
mangomisyon	naikapagpapapangomisyon
mangomisyon	naikakapagpapangomisyon
mangomisyon	naiikapagpapangomisyon
mangomisyon	mapapangomisyonan
mangomisyon	napapapangomisyonan
mangomisyon	makipangomisyon
mangomisyon	nakikipangomisyon
mangomisyon	makipagpakomisyon
mangomisyon	nakikipagpakomisyon
mangopya	nangopya
mangopya	nangongopya
mangopya	mangongopya
mangubra	nangubra
mangubra	nangungubra
mangubra	mangungubra
manguha	nanguha
manguha	nangunguha
manguha	mangunguha
mangulangot	nangulangot
mangulangot	nangungulangot
mangulangot	mangungulangot
manguling	nanguling
manguling	nangunguling
manguling	mangunguling
mangulit	nangulit
mangulit	nangungulit
mangulit	mangungulit
manguna	nanguna
manguna	nangunguna
manguna	mangunguna
mangupit	nangupit
mangupit	nangungupit
mangupit	mangungupit
mangupit	kupitan
mangupit	kinukupitan
mangupit	inakupitan
mangupit	pangupitan
mangupit	pinangungupitan
mangupit	pinapangupitan
mangupit	ipangupit
mangupit	ipinapangupit
mangupit	ipagpakupit
mangupit	ipinagpapakupit
mangupit	ipinapagpakupit
mangupit	ipapangupit
mangupit	ipinapapangupit
mangupit	ikapagpapangupit
mangupit	ikinapagpapapangupit
mangupit	ikinakapagpapangupit
mangupit	papangupitan
mangupit	pinapapangupitan
mangupit	makupitan
mangupit	nakukupitan
mangupit	maipaupit
mangupit	naipauupit
mangupit	naipapaupit
mangupit	naiipaupit
mangupit	maikapaupit
mangupit	naikapauupit
mangupit	naikapapaupit
mangupit	naiikapaupit
mangupit	mapaupitan
mangupit	napauupitan
mangupit	napapaupitan
mangupit	maipagpakupit
mangupit	naipagpapakupit
mangupit	naipapagpakupit
mangupit	naiipagpakupit
mangupit	maipapangupit
mangupit	naipapapangupit
mangupit	naiipapangupit
mangupit	maikapagpapangupit
mangupit	naikapagpapapangupit
mangupit	naikakapagpapangupit
mangupit	naiikapagpapangupit
mangupit	mapapangupitan
mangupit	napapapangupitan
mangupit	makipangupit
mangupit	nakikipangupit
mangupit	makipagpakupit
mangupit	nakikipagpakupit
mangutang	nangutang
mangutang	nangungutang
mangutang	mangungutang
mangutang	utangan
mangutang	inuutangan
mangutang	inautangan
mangutang	pangutangan
mangutang	pinangungutangan
mangutang	pinapangutangan
mangutang	ipangutang
mangutang	ipinapangutang
mangutang	ipagpautang
mangutang	ipinagpapautang
mangutang	ipinapagpautang
mangutang	ipapangutang
mangutang	ipinapapangutang
mangutang	ikapagpapangutang
mangutang	ikinapagpapapangutang
mangutang	ikinakapagpapangutang
mangutang	papangutangan
mangutang	pinapapangutangan
mangutang	mautangan
mangutang	nauutangan
mangutang	maipautang
mangutang	naipauutang
mangutang	naipapautang
mangutang	naiipautang
mangutang	maikapautang
mangutang	naikapauutang
mangutang	naikapapautang
mangutang	naiikapautang
mangutang	mapautangan
mangutang	napauutangan
mangutang	napapautangan
mangutang	maipagpautang
mangutang	naipagpapautang
mangutang	naipapagpautang
mangutang	naiipagpautang
mangutang	maipapangutang
mangutang	naipapapangutang
mangutang	naiipapangutang
mangutang	maikapagpapangutang
mangutang	naikapagpapapangutang
mangutang	naikakapagpapangutang
mangutang	naiikapagpapangutang
mangutang	mapapangutangan
mangutang	napapapangutangan
mangutang	makipangutang
mangutang	nakikipangutang
mangutang	makipagpautang
mangutang	nakikipagpautang
mangwika	nangwika
mangwika	nangwiwika
mangwika	mangwiwika
mangyari	nangyari
mangyari	nangyayari
mangyari	mangyayari
manigarilyo	nanigarilyo
manigarilyo	naninigarilyo
manigarilyo	maninigarilyo
manigas	nanigas
manigas	naninigas
manigas	maninigas
manigas	maigas
manigas	naiigas
manigaw	nanigaw
manigaw	naninigaw
manigaw	maninigaw
manigaw	sigawan
manigaw	sinisigawan
manigaw	inasigawan
manigaw	panigawan
manigaw	pinaninigawan
manigaw	pinapanigawan
manigaw	ipanigaw
manigaw	ipinapanigaw
manigaw	ipagpasigaw
manigaw	ipinagpapasigaw
manigaw	ipinapagpasigaw
manigaw	ipapanigaw
manigaw	ipinapapanigaw
manigaw	ikapagpapanigaw
manigaw	ikinapagpapapanigaw
manigaw	ikinakapagpapanigaw
manigaw	papanigawan
manigaw	pinapapanigawan
manigaw	masigawan
manigaw	nasisigawan
manigaw	maipaigaw
manigaw	naipaiigaw
manigaw	naipapaigaw
manigaw	naiipaigaw
manigaw	maikapaigaw
manigaw	naikapaiigaw
manigaw	naikapapaigaw
manigaw	naiikapaigaw
manigaw	mapaigawan
manigaw	napaiigawan
manigaw	napapaigawan
manigaw	maipagpasigaw
manigaw	naipagpapasigaw
manigaw	naipapagpasigaw
manigaw	naiipagpasigaw
manigaw	maipapanigaw
manigaw	naipapapanigaw
manigaw	naiipapanigaw
manigaw	maikapagpapanigaw
manigaw	naikapagpapapanigaw
manigaw	naikakapagpapanigaw
manigaw	naiikapagpapanigaw
manigaw	mapapanigawan
manigaw	napapapanigawan
manigaw	makipanigaw
manigaw	nakikipanigaw
manigaw	makipagpasigaw
manigaw	nakikipagpasigaw
manikip	nanikip
manikip	naninikip
manikip	maninikip
manila	nanila
manila	naninila
manila	maninila
manila	pagsilaan
manila	pinapagsilaan
manila	pinagsisilaan
manila	panilaan
manila	pinaninilaan
manila	pinapanilaan
manila	ipanila
manila	ipinapanila
manila	ipagpasila
manila	ipinagpapasila
manila	ipinapagpasila
manila	ipapanila
manila	ipinapapanila
manila	ikapagpapanila
manila	ikinapagpapapanila
manila	ikinakapagpapanila
manila	papanilaan
manila	pinapapanilaan
manila	mapagsilaan
manila	napagsisilaan
manila	napapagsilaan
manila	maipaila
manila	naipaiila
manila	naipapaila
manila	naiipaila
manila	maikapaila
manila	naikapaiila
manila	naikapapaila
manila	naiikapaila
manila	mapailaan
manila	napaiilaan
manila	napapailaan
manila	maipagpasila
manila	naipagpapasila
manila	naipapagpasila
manila	naiipagpasila
manila	maipapanila
manila	naipapapanila
manila	naiipapanila
manila	maikapagpapanila
manila	naikapagpapapanila
manila	naikakapagpapanila
manila	naiikapagpapanila
manila	mapapanilaan
manila	napapapanilaan
manila	makipanila
manila	nakikipanila
manila	makipagpasila
manila	nakikipagpasila
manilaw	nanilaw
manilaw	naninilaw
manilaw	maninilaw
manilaw	panilawan
manilaw	pinaninilawan
manilaw	pinapanilawan
manilaw	ipanilaw
manilaw	ipinapanilaw
manilaw	ipagpadilaw
manilaw	ipinagpapadilaw
manilaw	ipinapagpadilaw
manilaw	ipapanilaw
manilaw	ipinapapanilaw
manilaw	ikapagpapanilaw
manilaw	ikinapagpapapanilaw
manilaw	ikinakapagpapanilaw
manilaw	papanilawan
manilaw	pinapapanilawan
manilaw	maipailaw
manilaw	naipaiilaw
manilaw	naipapailaw
manilaw	naiipailaw
manilaw	maikapailaw
manilaw	naikapaiilaw
manilaw	naikapapailaw
manilaw	naiikapailaw
manilaw	mapailawan
manilaw	napaiilawan
manilaw	napapailawan
manilaw	maipagpadilaw
manilaw	naipagpapadilaw
manilaw	naipapagpadilaw
manilaw	naiipagpadilaw
manilaw	maipapanilaw
manilaw	naipapapanilaw
manilaw	naiipapanilaw
manilaw	maikapagpapanilaw
manilaw	naikapagpapapanilaw
manilaw	naikakapagpapanilaw
manilaw	naiikapagpapanilaw
manilaw	mapapanilawan
manilaw	napapapanilawan
manilaw	makipanilaw
manilaw	nakikipanilaw
manilaw	makipagpadilaw
manilaw	nakikipagpadilaw
manilip	nanilip
manilip	naninilip
manilip	maninilip
manilip	silipan
manilip	sinisilipan
manilip	inasilipan
manilip	panilipan
manilip	pinaninilipan
manilip	pinapanilipan
manilip	ipanilip
manilip	ipinapanilip
manilip	ipagpasilip
manilip	ipinagpapasilip
manilip	ipinapagpasilip
manilip	ipapanilip
manilip	ipinapapanilip
manilip	ikapagpapanilip
manilip	ikinapagpapapanilip
manilip	ikinakapagpapanilip
manilip	papanilipan
manilip	pinapapanilipan
manilip	masilipan
manilip	nasisilipan
manilip	maipailip
manilip	naipaiilip
manilip	naipapailip
manilip	naiipailip
manilip	maikapailip
manilip	naikapaiilip
manilip	naikapapailip
manilip	naiikapailip
manilip	mapailipan
manilip	napaiilipan
manilip	napapailipan
manilip	maipagpasilip
manilip	naipagpapasilip
manilip	naipapagpasilip
manilip	naiipagpasilip
manilip	maipapanilip
manilip	naipapapanilip
manilip	naiipapanilip
manilip	maikapagpapanilip
manilip	naikapagpapapanilip
manilip	naikakapagpapanilip
manilip	naiikapagpapanilip
manilip	mapapanilipan
manilip	napapapanilipan
manilip	makipanilip
manilip	nakikipanilip
manilip	makipagpasilip
manilip	nakikipagpasilip
manilong	nanilong
manilong	naninilong
manilong	maninilong
manimot	nanimot
manimot	naninimot
manimot	maninimot
manimot	maimot
manimot	naiimot
manindak	nanindak
manindak	naninindak
manindak	maninindak
manindigan	nanindigan
manindigan	naninindigan
manindigan	maninindigan
maningalang-pugad	naningalang-pugad
maningalang-pugad	naniningalang-pugad
maningalang-pugad	maniningalang-pugad
maningil	naningil
maningil	naniningil
maningil	maniningil
maningil	singilin
maningil	sinisingil
maningil	inasingil
maningil	paningilan
maningil	pinaniningilan
maningil	pinapaningilan
maningil	ipaningil
maningil	ipinapaningil
maningil	ipasingil
maningil	ipinasisingil
maningil	ipinapasingil
maningil	ipagpasingil
maningil	ipinagpapasingil
maningil	ipinapagpasingil
maningil	ipapaningil
maningil	ipinapapaningil
maningil	ikapagpapaningil
maningil	ikinapagpapapaningil
maningil	ikinakapagpapaningil
maningil	papaningilan
maningil	pinapapaningilan
maningil	masingil
maningil	nasisingil
maningil	maipaingil
maningil	naipaiingil
maningil	naipapaingil
maningil	naiipaingil
maningil	maikapaingil
maningil	naikapaiingil
maningil	naikapapaingil
maningil	naiikapaingil
maningil	mapaingilan
maningil	napaiingilan
maningil	napapaingilan
maningil	maipasingil
maningil	naipasisingil
maningil	naipapasingil
maningil	naiipasingil
maningil	maipagpasingil
maningil	naipagpapasingil
maningil	naipapagpasingil
maningil	naiipagpasingil
maningil	maipapaningil
maningil	naipapapaningil
maningil	naiipapaningil
maningil	maikapagpapaningil
maningil	naikapagpapapaningil
maningil	naikakapagpapaningil
maningil	naiikapagpapaningil
maningil	mapapaningilan
maningil	napapapaningilan
maningil	makipaningil
maningil	nakikipaningil
maningil	makipagpasingil
maningil	nakikipagpasingil
maniningil	
maniniwala	
manipulahin	minanipula
manipulahin	minamanipula
manipulahin	mamanipulahin
manirahan	nanirahan
manirahan	naninirahan
manirahan	maninirahan
manisi	nanisi
manisi	naninisi
manisi	maninisi
manisi	sisihin
manisi	sinisisi
manisi	inasisi
manisi	panisihan
manisi	pinaninisihan
manisi	pinapanisihan
manisi	ipanisi
manisi	ipinapanisi
manisi	ipasisi
manisi	ipinasisisi
manisi	ipinapasisi
manisi	ipagpasisi
manisi	ipinagpapasisi
manisi	ipinapagpasisi
manisi	ipapanisi
manisi	ipinapapanisi
manisi	ikapagpapanisi
manisi	ikinapagpapapanisi
manisi	ikinakapagpapanisi
manisi	papanisihan
manisi	pinapapanisihan
manisi	masisi
manisi	nasisisi
manisi	maipaisi
manisi	naipaiisi
manisi	naipapaisi
manisi	naiipaisi
manisi	maikapaisi
manisi	naikapaiisi
manisi	naikapapaisi
manisi	naiikapaisi
manisi	mapaisian
manisi	napaiisian
manisi	napapaisian
manisi	maipasisi
manisi	naipasisisi
manisi	naipapasisi
manisi	naiipasisi
manisi	maipagpasisi
manisi	naipagpapasisi
manisi	naipapagpasisi
manisi	naiipagpasisi
manisi	maipapanisi
manisi	naipapapanisi
manisi	naiipapanisi
manisi	maikapagpapanisi
manisi	naikapagpapapanisi
manisi	naikakapagpapanisi
manisi	naiikapagpapanisi
manisi	mapapanisihan
manisi	napapapanisihan
manisi	makipanisi
manisi	nakikipanisi
manisi	makipagpasisi
manisi	nakikipagpasisi
maniwala	naniwala
maniwala	naniniwala
maniwala	maniniwala
manlaban	nanlaban
manlaban	nanlalaban
manlaban	manlalaban
manlait	nanlait
manlait	nanlalait
manlait	manlalait
manlamang	nanlamang
manlamang	nanlalamang
manlamang	manlalamang
manlibak	nanlibak
manlibak	nanlilibak
manlibak	manlilibak
manligaw	nanligaw
manligaw	nanliligaw
manligaw	manliligaw
manligaw	ligawan
manligaw	nililigawan
manligaw	inaligawan
manligaw	panligawan
manligaw	pinanliligawan
manligaw	pinapanligawan
manligaw	ipanligaw
manligaw	ipinapanligaw
manligaw	ipagpaligaw
manligaw	ipinagpapaligaw
manligaw	ipinapagpaligaw
manligaw	ipapanligaw
manligaw	ipinapapanligaw
manligaw	ikapagpapanligaw
manligaw	ikinapagpapapanligaw
manligaw	ikinakapagpapanligaw
manligaw	papanligawan
manligaw	pinapapanligawan
manligaw	maligawan
manligaw	naliligawan
manligaw	maipaigaw
manligaw	naipaiigaw
manligaw	naipapaigaw
manligaw	naiipaigaw
manligaw	maikapaigaw
manligaw	naikapaiigaw
manligaw	naikapapaigaw
manligaw	naiikapaigaw
manligaw	mapaigawan
manligaw	napaiigawan
manligaw	napapaigawan
manligaw	maipagpaligaw
manligaw	naipagpapaligaw
manligaw	naipapagpaligaw
manligaw	naiipagpaligaw
manligaw	maipapanligaw
manligaw	naipapapanligaw
manligaw	naiipapanligaw
manligaw	maikapagpapanligaw
manligaw	naikapagpapapanligaw
manligaw	naikakapagpapanligaw
manligaw	naiikapagpapanligaw
manligaw	mapapanligawan
manligaw	napapapanligawan
manligaw	makipanligaw
manligaw	nakikipanligaw
manligaw	makipagpaligaw
manligaw	nakikipagpaligaw
manliligaw	
manlililok	
manlimos	nanlimos
manlimos	nanlilimos
manlimos	manlilimos
manlisik	nanlisik
manlisik	nanlilisik
manlisik	manlilisik
manloko	nanloko
manloko	nanloloko
manloko	manloloko
manloko	lokohin
manloko	niloloko
manloko	inaloko
manloko	panlokohan
manloko	pinanlolokohan
manloko	pinapanlokohan
manloko	ipanloko
manloko	ipinapanloko
manloko	ipaloko
manloko	ipinaloloko
manloko	ipinapaloko
manloko	ipagpaloko
manloko	ipinagpapaloko
manloko	ipinapagpaloko
manloko	ipapanloko
manloko	ipinapapanloko
manloko	ikapagpapanloko
manloko	ikinapagpapapanloko
manloko	ikinakapagpapanloko
manloko	papanlokohan
manloko	pinapapanlokohan
manloko	maloko
manloko	naloloko
manloko	maipaoko
manloko	naipaooko
manloko	naipapaoko
manloko	naiipaoko
manloko	maikapaoko
manloko	naikapaooko
manloko	naikapapaoko
manloko	naiikapaoko
manloko	mapaokoan
manloko	napaookoan
manloko	napapaokoan
manloko	maipaloko
manloko	naipaloloko
manloko	naipapaloko
manloko	naiipaloko
manloko	maipagpaloko
manloko	naipagpapaloko
manloko	naipapagpaloko
manloko	naiipagpaloko
manloko	maipapanloko
manloko	naipapapanloko
manloko	naiipapanloko
manloko	maikapagpapanloko
manloko	naikapagpapapanloko
manloko	naikakapagpapanloko
manloko	naiikapagpapanloko
manloko	mapapanlokohan
manloko	napapapanlokohan
manloko	makipanloko
manloko	nakikipanloko
manloko	makipagpaloko
manloko	nakikipagpaloko
manloloko	
manloob	nanloob
manloob	nanloloob
manloob	manloloob
manonood	
manood	nanood
manood	nanonood
manood	manonood
manubig	nanubig
manubig	nanunubig
manubig	manunubig
manuhol	nanuhol
manuhol	nanunuhol
manuhol	manunuhol
manuklaw	nanuklaw
manuklaw	nanunuklaw
manuklaw	manunuklaw
manuklaw	tuklawin
manuklaw	tinutuklaw
manuklaw	inatuklaw
manuklaw	panuklawan
manuklaw	pinanunuklawan
manuklaw	pinapanuklawan
manuklaw	ipanuklaw
manuklaw	ipinapanuklaw
manuklaw	ipatuklaw
manuklaw	ipinatutuklaw
manuklaw	ipinapatuklaw
manuklaw	ipagpatuklaw
manuklaw	ipinagpapatuklaw
manuklaw	ipinapagpatuklaw
manuklaw	ipapanuklaw
manuklaw	ipinapapanuklaw
manuklaw	ikapagpapanuklaw
manuklaw	ikinapagpapapanuklaw
manuklaw	ikinakapagpapanuklaw
manuklaw	papanuklawan
manuklaw	pinapapanuklawan
manuklaw	matuklaw
manuklaw	natutuklaw
manuklaw	maipauklaw
manuklaw	naipauuklaw
manuklaw	naipapauklaw
manuklaw	naiipauklaw
manuklaw	maikapauklaw
manuklaw	naikapauuklaw
manuklaw	naikapapauklaw
manuklaw	naiikapauklaw
manuklaw	mapauklawan
manuklaw	napauuklawan
manuklaw	napapauklawan
manuklaw	maipatuklaw
manuklaw	naipatutuklaw
manuklaw	naipapatuklaw
manuklaw	naiipatuklaw
manuklaw	maipagpatuklaw
manuklaw	naipagpapatuklaw
manuklaw	naipapagpatuklaw
manuklaw	naiipagpatuklaw
manuklaw	maipapanuklaw
manuklaw	naipapapanuklaw
manuklaw	naiipapanuklaw
manuklaw	maikapagpapanuklaw
manuklaw	naikapagpapapanuklaw
manuklaw	naikakapagpapanuklaw
manuklaw	naiikapagpapanuklaw
manuklaw	mapapanuklawan
manuklaw	napapapanuklawan
manuklaw	makipanuklaw
manuklaw	nakikipanuklaw
manuklaw	makipagpatuklaw
manuklaw	nakikipagpatuklaw
manulat	nanulat
manulat	nanunulat
manulat	manunulat
manumbalik	nanumbalik
manumbalik	nanunumbalik
manumbalik	manunumbalik
manundot	nanundot
manundot	nanunundot
manundot	manunundot
manungkulan	nanungkulan
manungkulan	nanunungkulan
manungkulan	manunungkulan
manunog	nanunog
manunog	manununog
manunog	nanununog
manuntok	nanuntok
manuntok	nanununtok
manuntok	manununtok
manuntok	suntukin
manuntok	sinusuntok
manuntok	inasuntok
manuntok	panuntukan
manuntok	pinanununtukan
manuntok	pinapanuntukan
manuntok	ipanuntok
manuntok	ipinapanuntok
manuntok	ipasuntok
manuntok	ipinasusuntok
manuntok	ipinapasuntok
manuntok	ipagpasuntok
manuntok	ipinagpapasuntok
manuntok	ipinapagpasuntok
manuntok	ipapanuntok
manuntok	ipinapapanuntok
manuntok	ikapagpapanuntok
manuntok	ikinapagpapapanuntok
manuntok	ikinakapagpapanuntok
manuntok	papanuntukan
manuntok	pinapapanuntukan
manuntok	masuntok
manuntok	nasusuntok
manuntok	maipauntok
manuntok	naipauuntok
manuntok	naipapauntok
manuntok	naiipauntok
manuntok	maikapauntok
manuntok	naikapauuntok
manuntok	naikapapauntok
manuntok	naiikapauntok
manuntok	mapauntokan
manuntok	napauuntokan
manuntok	napapauntokan
manuntok	maipasuntok
manuntok	naipasusuntok
manuntok	naipapasuntok
manuntok	naiipasuntok
manuntok	maipagpasuntok
manuntok	naipagpapasuntok
manuntok	naipapagpasuntok
manuntok	naiipagpasuntok
manuntok	maipapanuntok
manuntok	naipapapanuntok
manuntok	naiipapanuntok
manuntok	maikapagpapanuntok
manuntok	naikapagpapapanuntok
manuntok	naikakapagpapanuntok
manuntok	naiikapagpapanuntok
manuntok	mapapanuntukan
manuntok	napapapanuntukan
manuntok	makipanuntok
manuntok	nakikipanuntok
manuntok	makipagpasuntok
manuntok	nakikipagpasuntok
manunubig	
manununog	
mapabalik	napabalik
mapabalik	napapabalik
mapabalik	mapapabalik
mapagang	napagang
mapagang	napapagang
mapagang	mapapagang
mapagbigyan	napagbigyan
mapagbigyan	napagbibigyan
mapagbigyan	mapagbibigyan
mapagbigyan	bigyan
mapagbigyan	binibigyan
mapagbigyan	inabigyan
mapagbigyan	pagbigyan
mapagbigyan	pinapagbigyan
mapagbigyan	pinagbibigyan
mapagbigyan	ipagbigay
mapagbigyan	ipinapagbigay
mapagbigyan	ipagpabigay
mapagbigyan	ipinagpapabigay
mapagbigyan	ipinapagpabigay
mapagbigyan	ikapagpabigay
mapagbigyan	ikinapagpapabigay
mapagbigyan	ikinakapagpabigay
mapagbigyan	mabigyan
mapagbigyan	nabibigyan
mapagbigyan	maipagbigay
mapagbigyan	naipagbibigay
mapagbigyan	naipapagbigay
mapagbigyan	naiipagbigay
mapagbigyan	maikapagbigay
mapagbigyan	naikapagbibigay
mapagbigyan	naikapapagbigay
mapagbigyan	naiikapagbigay
mapagbigyan	mapagbigayan
mapagbigyan	napagbibigayan
mapagbigyan	napapagbigayan
mapagbigyan	maipagpabigay
mapagbigyan	naipagpapabigay
mapagbigyan	naipapagpabigay
mapagbigyan	naiipagpabigay
mapagbigyan	maikapagpabigay
mapagbigyan	naikapagpapabigay
mapagbigyan	naikakapagpabigay
mapagbigyan	naiikapagpabigay
mapagbigyan	mapagpabigyan
mapagbigyan	napagpapabibigyan
mapagbigyan	napapagpabigyan
mapagbigyan	mapapagbigyan
mapagbigyan	napapapagbigyan
mapagbigyan	makipagbigay
mapagbigyan	nakikipagbigay
mapagbigyan	makibigay
mapagbigyan	nakikibigay
mapagbigyan	makipagpabigay
mapagbigyan	nakikipagpabigay
mapagkakatiwalaan	
mapagkamalan	napagkamalan
mapagkamalan	napagkakamalan
mapagkamalan	mapagkakamalan
mapagtanto	napagtanto
mapagtanto	napagtatanto
mapagtanto	mapagtatanto
mapagtripan	napagtripan
mapagtripan	napapagtripan
mapagtripan	mapapagtripan
mapagtripan	napagtitripan
mapahamak	napahamak
mapahamak	napapahamak
mapahamak	mapapahamak
mapahiya	napahiya
mapahiya	napahihiya
mapahiya	mapahihiya
mapahiya	hiyain
mapahiya	hinihiya
mapahiya	inahiya
mapahiya	paghiyaan
mapahiya	pinapaghiyaan
mapahiya	pinaghihiyaan
mapahiya	ihiya
mapahiya	inihihiya
mapahiya	ipahiya
mapahiya	ipinahihiya
mapahiya	ipinapahiya
mapahiya	ipagpahiya
mapahiya	ipinagpapahiya
mapahiya	ipinapagpahiya
mapahiya	ikapagpahiya
mapahiya	ikinapagpapahiya
mapahiya	ikinakapagpahiya
mapahiya	mahiya
mapahiya	nahihiya
mapahiya	maihiya
mapahiya	naihihiya
mapahiya	maikahiya
mapahiya	naikahihiya
mapahiya	naikakahiya
mapahiya	naiikahiya
mapahiya	mapaghiyaan
mapahiya	napaghihiyaan
mapahiya	napapaghiyaan
mapahiya	maipahiya
mapahiya	naipahihiya
mapahiya	naipapahiya
mapahiya	naiipahiya
mapahiya	maipagpahiya
mapahiya	naipagpapahiya
mapahiya	naipapagpahiya
mapahiya	naiipagpahiya
mapahiya	maikapagpahiya
mapahiya	naikapagpapahiya
mapahiya	naikakapagpahiya
mapahiya	naiikapagpahiya
mapahiya	mapagpahiyaan
mapahiya	napagpapahihiyaan
mapahiya	napapagpahiyaan
mapahiya	mapapaghiyaan
mapahiya	napapapaghiyaan
mapahiya	makihiya
mapahiya	nakikihiya
mapahiya	makipagpahiya
mapahiya	nakikipagpahiya
mapako	napako
mapako	napapako
mapako	mapapako
mapanganib	napanganib
mapanganib	napapanganib
mapanganib	mapapanganib
mapangitan	napangitan
mapangitan	napapangitan
mapangitan	mapapangitan
mapansin	napansin
mapansin	napapansin
mapansin	mapapansin
mapaoo	napaoo
mapaoo	napaooo
mapaoo	mapaooo
mapaoo	pag-ooan
mapaoo	pinapag-ooan
mapaoo	pinag-oooan
mapaoo	ioo
mapaoo	iniooo
mapaoo	ipagpaoo
mapaoo	ipinagpapaoo
mapaoo	ipinapagpaoo
mapaoo	ikapagpaoo
mapaoo	ikinapagpapaoo
mapaoo	ikinakapagpaoo
mapaoo	maioo
mapaoo	naiooo
mapaoo	maikaoo
mapaoo	naikaooo
mapaoo	naikakaoo
mapaoo	naiikaoo
mapaoo	mapag-ooan
mapaoo	napag-oooan
mapaoo	napapag-ooan
mapaoo	maipagpaoo
mapaoo	naipagpapaoo
mapaoo	naipapagpaoo
mapaoo	naiipagpaoo
mapaoo	maikapagpaoo
mapaoo	naikapagpapaoo
mapaoo	naikakapagpaoo
mapaoo	naiikapagpaoo
mapaoo	mapagpaooan
mapaoo	napagpapaoooan
mapaoo	napapagpaooan
mapaoo	mapapag-ooan
mapaoo	napapapag-ooan
mapaoo	makioo
mapaoo	nakikioo
mapaoo	makipagpaoo
mapaoo	nakikipagpaoo
maparam	naparam
maparam	napaparam
maparam	mapaparam
mapasok	napasok
mapasok	napapasok
mapasok	mapapasok
mapatay	napatay
mapatay	napapatay
mapatay	mapapatay
mapayapa	napayapa
mapayapa	napapayapa
mapayapa	mapapayapa
mapili	napili
mapili	napipili
mapili	mapipili
mapilit	napilit
mapilit	napipilit
mapilit	mapipilit
mapuknat	napuknat
mapuknat	napupuknat
mapuknat	mapupuknat
mapuno	napuno
mapuno	napupuno
mapuno	mapupuno
mapuno	punuin
mapuno	pinupuno
mapuno	inapuno
mapuno	kapunuan
mapuno	kinakapunuan
mapuno	kinapupunuan
mapuno	ipapuno
mapuno	ipinapupuno
mapuno	ipinapapuno
mapuno	ikapagpapuno
mapuno	ikinapagpapapuno
mapuno	ikinakapagpapuno
mapuno	maipapuno
mapuno	naipapupuno
mapuno	naipapapuno
mapuno	naiipapuno
mapuno	maikapagpapuno
mapuno	naikapagpapapuno
mapuno	naikakapagpapuno
mapuno	naiikapagpapuno
mapuno	makipuno
mapuno	nakikipuno
mapuno	makipagpapuno
mapuno	nakikipagpapuno
mapusuan	napusuan
mapusuan	napupusuan
mapusuan	mapupusuan
marahuyo	narahuyo
marahuyo	nararahuyo
marahuyo	mararahuyo
maramdaman	naramdaman
maramdaman	nararamdaman
maramdaman	mararamdaman
mararahuyo	
marinig	narinig
marinig	naririnig
marinig	maririnig
markahan	minarkahan
markahan	minamarkahan
markahan	mamarkahan
masabi	nasabi
masabi	nasasabi
masabi	masasabi
masabon	nasabon
masabon	nasasabon
masabon	masasabon
masagabal	nasagabal
masagabal	nasasagabal
masagabal	masasagabal
masagap	nasagap
masagap	nasasagap
masagap	masasagap
masagap	kasagapan
masagap	kinakasagapan
masagap	kinasasagapan
masagap	ikapagpasagap
masagap	ikinapagpapasagap
masagap	ikinakapagpasagap
masagap	maikapagpasagap
masagap	naikapagpapasagap
masagap	naikakapagpasagap
masagap	naiikapagpasagap
masagap	makisagap
masagap	nakikisagap
masagap	makipagpasagap
masagap	nakikipagpasagap
masaghoy	nasaghoy
masaghoy	nasasaghoy
masaghoy	masasaghoy
masagutan	nasagutan
masagutan	nasasagutan
masagutan	masasagutan
masaktan	nasaktan
masaktan	nasasaktan
masaktan	masasaktan
masakyan	nasakyan
masakyan	nasasakyan
masakyan	masasakyan
masama	nasama
masama	nasasama
masama	masasama
masamain	minasama
masamain	minamasama
masamain	mamasamain
masamid	nasamid
masamid	nasasamid
masamid	masasamid
masamid	kasamiran
masamid	kinakasamiran
masamid	kinasasamiran
masamid	ikapagpasamid
masamid	ikinapagpapasamid
masamid	ikinakapagpasamid
masamid	maikapagpasamid
masamid	naikapagpapasamid
masamid	naikakapagpasamid
masamid	naiikapagpasamid
masamid	makisamid
masamid	nakikisamid
masamid	makipagpasamid
masamid	nakikipagpasamid
masampulan	nasampulan
masampulan	masasampulan
masampulan	nasasampulan
masasama	
masdan	minasdan
masdan	minamasdan
masdan	mamasdan
masikmura	nasikmura
masikmura	nasisikmura
masikmura	masisikmura
masilaw	nasilaw
masilaw	nasisilaw
masilaw	masisilaw
masilayan	nasilayan
masilayan	nasisilayan
masilayan	masisilayan
masira	nasira
masira	nasisira
masira	masisira
masiraan	nasiraan
masiraan	nasisiraan
masiraan	masisiraan
masiyasat	nasiyasat
masiyasat	nasisiyasat
masiyasat	masisiyasat
masugapa	nasugapa
masugapa	nasusugapa
masugapa	masusugapa
masulong	nasulong
masulong	nasusulong
masulong	masusulong
masumpungan	nasumpungan
masumpungan	nasusumpungan
masumpungan	masusumpungan
masunugan	nasunugan
masunugan	nasusunugan
masunugan	masusunugan
masuwag	nasuwag
masuwag	nasusuwag
masuwag	masusuwag
matae	natae
matae	natatae
matae	matatae
matahimik	natahimik
matahimik	natatahimik
matahimik	matatahimik
matakam	natakam
matakam	natatakam
matakam	matatakam
matakot	natakot
matakot	natatakot
matakot	matatakot
matalo	natalo
matalo	natatalo
matalo	matatalo
matalo	talunin
matalo	tinatalo
matalo	inatalo
matalo	katalunan
matalo	kinakatalunan
matalo	kinatatalunan
matalo	ipatalo
matalo	ipinatatalo
matalo	ipinapatalo
matalo	ikapagpatalo
matalo	ikinapagpapatalo
matalo	ikinakapagpatalo
matalo	maipatalo
matalo	naipatatalo
matalo	naipapatalo
matalo	naiipatalo
matalo	maikapagpatalo
matalo	naikapagpapatalo
matalo	naikakapagpatalo
matalo	naiikapagpatalo
matalo	makitalo
matalo	nakikitalo
matalo	makipagpatalo
matalo	nakikipagpatalo
matanggal	natanggal
matanggal	natatanggal
matanggal	matatanggal
matanggap	natanggap
matanggap	natatanggap
matanggap	matatanggap
matapat	natapat
matapat	natatapat
matapat	matatapat
matapilok	natapilok
matapilok	natatapilok
matapilok	matatapilok
matapon	natapon
matapon	natatapon
matapon	matatapon
matapos	natapos
matapos	natatapos
matapos	matatapos
matapunan	natapunan
matapunan	natatapunan
matapunan	matatapunan
matatag	natatag
matatag	natatatag
matatag	matatatag
matatauhan	
matatrapik	
matauhan	natauhan
matauhan	natatauhan
matauhan	matatauhan
matikitan	natikitan
matikitan	natitikitan
matikitan	matitikitan
matimbang	natimbang
matimbang	natitimbang
matimbang	matitimbang
matinik	natinik
matinik	natitinik
matinik	matitinik
matira	natira
matira	natitira
matira	matitira
matisod	natisod
matisod	natitisod
matisod	matitisod
matisod	tisurin
matisod	tinitisod
matisod	inatisod
matisod	katisuran
matisod	kinakatisuran
matisod	kinatitisuran
matisod	ipatisod
matisod	ipinatitisod
matisod	ipinapatisod
matisod	ikapagpatisod
matisod	ikinapagpapatisod
matisod	ikinakapagpatisod
matisod	maipatisod
matisod	naipatitisod
matisod	naipapatisod
matisod	naiipatisod
matisod	maikapagpatisod
matisod	naikapagpapatisod
matisod	naikakapagpatisod
matisod	naiikapagpatisod
matisod	makitisod
matisod	nakikitisod
matisod	makipagpatisod
matisod	nakikipagpatisod
matitinik	
matitisod	
matulog	natulog
matulog	natutulog
matulog	matutulog
maturan	naturan
maturan	natuturan
maturan	matuturan
matuto	natuto
matuto	natututo
matuto	matututo
matuuran	natuuran
matuuran	natutuuran
matuuran	matutuuran
maugnay	naugnay
maugnay	nauugnay
maugnay	mauugnay
maulanan	nauulanan
mauna	nauna
mauna	nauuna
mauna	mauuna
mausog	nausog
mausog	nauusog
mausog	mauusog
mausukan	nausukan
mausukan	nauusukan
mausukan	mauusukan
mausukan	naususukan
mautakan	nautakan
mautakan	nauutakan
mautakan	mauutakan
mawala	nawala
mawala	nawawala
mawala	mawawala
mawasak	nawasak
mawasak	nawawasak
mawasak	mawawasak
mawido	nawido
mawido	nawiwido
mawido	mawiwido
mayelo	nayelo
mayelo	nayeyelo
mayelo	mayeyelo
mayroon	
mer-on	
minatam-is	
minatamis	
molestahin	minolesta
molestahin	minomolesta
molestahin	momolestahin
molestiyahin	minolestiya
molestiyahin	minomolestiya
molestiyahin	momolestiyahin
mulinyusin	minulinyos
mulinyusin	minumulinyos
mulinyusin	mumulinyusin
multuhin	minulto
multuhin	minumulto
multuhin	mumultuhin
murahin	minura
murahin	minumura
murahin	mumurahin
naaagnas	
naaapektuhan	
naapektuhan	
nababagay	
nabasa	
nabubuhay	
nabubulok	
nabubuwisit	
nabudol	
nabuhay	
nabutas	
nabuwisit	
nag-aa	
nag-aamyenda	
nag-amyenda	
nag-comment	
nag-eemyenda	
nag-emyenda	
nag-igib	
nag-iigib	
nag-iisa	
nagaganap	
nagagandahan	
naganap	kagampanan
naganap	kinakagampanan
naganap	kinagagampanan
naganap	ikapagpaganap
naganap	ikinapagpapaganap
naganap	ikinakapagpaganap
naganap	maikapagpaganap
naganap	naikapagpapaganap
naganap	naikakapagpaganap
naganap	naiikapagpaganap
naganap	makiganap
naganap	nakikiganap
naganap	makipagpaganap
naganap	nakikipagpaganap
nagandahan	
nagbabaon	
nagbaon	
nagdedeliryo	
nagdeliryo	
nagdudulot	
naghahari	
naghahasik	
naghasik	
naghihingalo	
naghihiwas	
naghiwas	
naghugas	
naghugas-kamay	
naghuhugas	
naghuhugas-kamay	
nagiging	
naging	
nagkaaksidente	
nagkakabit	
nagkakaisa	magkaisa
nagkakamali	
nagkakaroon	magkaroon
nagkaroon	magkaroon
nagkaroon	nagkakaroon
nagko-comment	
nagkudeta	
nagkukuwento	
nagkuwento	
naglalakad	
naglalaway	
naglaway	
nagnakaw	
nagnanais	
nagnanakaw	
nagningning	
nagniningning	
nagpapaubaya	
nagpaubaya	
nagsasagawa	
nagsasaka	
nagsasanhi	
nagsentimyento	
nagsipagwagi	
nagtaning	
nagtataning	
nagugustuhan	
naguiguing	
naguing	
nagustuhan	
nagwelga	
nagwewelga	
nais	
naisakatuparan	
naisasakatuparan	
nakaaalarma	
nakabibingi	
nakabobobo	
nakabubuwisit	
nakagawa	
nakaiilang	
nakaiinis	
nakaiintriga	
nakain	
nakainom	
nakalalasing	
nakalalason	
nakaloloka	
nakaloloko	
nakalulula	
nakapagpapabagabag	
nakapipinsala	
nakapuputangina	
nakaputangina	
nakaraan	
nakasisira	
nakatatakot	
nakatayo	
nakawin	ninakaw
nakawin	ninanakaw
nakawin	nanakawin
nakayukyok	
nakibahagi	
nakikibahagi	
naligaw	
naligo	
nalilibog	
naliligaw	
namakyu	
namamaga	mamaga
namamakyu	
namamanglaw	
namatay	
namayat	
namumulias	
namumuro	
namuro	
nanag-inip	
nanaginip	
nanakawin	
nanalik	
nanamantala	
nananaig	
nananamantala	
nanananghalian	
nananghalian	
nang-aabala	
nang-aasar	
nang-abala	
nang-asar	
nangailangan	
nangangailangan	
nanghahawa	
nanghawa	
nangingisda	
nangingitlog	
nangisda	
nangitlog	
nangyari	
naninigarilyo	
naniniwala	
naniwala	
nanlaban	
nanlilimahid	
nasama	
nasasama	
nasusuka	
natae	
natatauhan	
natauhan	
natisod	
natitisod	
naturan	
ngumisi	ngumingisi
ngumisi	ngingisi
ngumisi	ngisihan
ngumisi	nginingisihan
ngumisi	inangisihan
ngumisi	pagngisihan
ngumisi	pinapagngisihan
ngumisi	pinagngingisihan
ngumisi	ingisi
ngumisi	inginingisi
ngumisi	ipagpangisi
ngumisi	ipinagpapangisi
ngumisi	ipinapagpangisi
ngumisi	ikapagpangisi
ngumisi	ikinapagpapangisi
ngumisi	ikinakapagpangisi
ngumisi	mangisihan
ngumisi	nangingisihan
ngumisi	maingisi
ngumisi	naingingisi
ngumisi	maikangisi
ngumisi	naikangingisi
ngumisi	naikakangisi
ngumisi	naiikangisi
ngumisi	mapagngisian
ngumisi	napagngingisian
ngumisi	napapagngisian
ngumisi	maipagpangisi
ngumisi	naipagpapangisi
ngumisi	naipapagpangisi
ngumisi	naiipagpangisi
ngumisi	maikapagpangisi
ngumisi	naikapagpapangisi
ngumisi	naikakapagpangisi
ngumisi	naiikapagpangisi
ngumisi	mapagpangisihan
ngumisi	napagpapangingisihan
ngumisi	napapagpangisihan
ngumisi	mapapagngisihan
ngumisi	napapapagngisihan
ngumisi	makingisi
ngumisi	nakikingisi
ngumisi	makipagpangisi
ngumisi	nakikipagpangisi
ngumiti	ngumingiti
ngumiti	ngingiti
ngumiti	ngitian
ngumiti	nginingitian
ngumiti	inangitian
ngumiti	pagngitian
ngumiti	pinapagngitian
ngumiti	pinagngingitian
ngumiti	ingiti
ngumiti	inginingiti
ngumiti	ipagpangiti
ngumiti	ipinagpapangiti
ngumiti	ipinapagpangiti
ngumiti	ikapagpangiti
ngumiti	ikinapagpapangiti
ngumiti	ikinakapagpangiti
ngumiti	mangitian
ngumiti	nangingitian
ngumiti	maingiti
ngumiti	naingingiti
ngumiti	maikangiti
ngumiti	naikangingiti
ngumiti	naikakangiti
ngumiti	naiikangiti
ngumiti	mapagngitian
ngumiti	napagngingitian
ngumiti	napapagngitian
ngumiti	maipagpangiti
ngumiti	naipagpapangiti
ngumiti	naipapagpangiti
ngumiti	naiipagpangiti
ngumiti	maikapagpangiti
ngumiti	naikapagpapangiti
ngumiti	naikakapagpangiti
ngumiti	naiikapagpangiti
ngumiti	mapagpangitian
ngumiti	napagpapangingitian
ngumiti	napapagpangitian
ngumiti	mapapagngitian
ngumiti	napapapagngitian
ngumiti	makingiti
ngumiti	nakikingiti
ngumiti	makipagpangiti
ngumiti	nakikipagpangiti
ngumuya	ngumunguya
ngumuya	ngunguya
ngumuya	nguyain
ngumuya	nginungumuya
ngumuya	inangumuya
ngumuya	pagnguyaan
ngumuya	pinapagnguyaan
ngumuya	pinagngunguyaan
ngumuya	ingumuya
ngumuya	inginungumuya
ngumuya	ipangumuya
ngumuya	ipinangungumuya
ngumuya	ipinapangumuya
ngumuya	ipagpangumuya
ngumuya	ipinagpapangumuya
ngumuya	ipinapagpangumuya
ngumuya	ikapagpangumuya
ngumuya	ikinapagpapangumuya
ngumuya	ikinakapagpangumuya
ngumuya	mangumuya
ngumuya	nangungumuya
ngumuya	maingumuya
ngumuya	naingungumuya
ngumuya	maikangumuya
ngumuya	naikangungumuya
ngumuya	naikakangumuya
ngumuya	naiikangumuya
ngumuya	mapagngumuyaan
ngumuya	napagngungumuyaan
ngumuya	napapagngumuyaan
ngumuya	maipangumuya
ngumuya	naipangungumuya
ngumuya	naipapangumuya
ngumuya	naiipangumuya
ngumuya	maipagpangumuya
ngumuya	naipagpapangumuya
ngumuya	naipapagpangumuya
ngumuya	naiipagpangumuya
ngumuya	maikapagpangumuya
ngumuya	naikapagpapangumuya
ngumuya	naikakapagpangumuya
ngumuya	naiikapagpangumuya
ngumuya	mapagpanguyaan
ngumuya	napagpapangunguyaan
ngumuya	napapagpanguyaan
ngumuya	mapapagnguyaan
ngumuya	napapapagnguyaan
ngumuya	makingumuya
ngumuya	nakikingumuya
ngumuya	makipagpangumuya
ngumuya	nakikipagpangumuya
ni-ref	
nilabasan	
nilabhan	
nilaga	
nilalabhan	
nilalang	
nilalapis	
nilapis	
nilupak	
ninakaw	
ninanakaw	
normalin	ninormal
normalin	ninonormal
normalin	nonormalin
numipis	numinipis
numipis	ninipis
numipis	nungminipis
ooo	
orasan	inorasan
orasan	inoorasan
orasan	oorasan
paagwahan	pinaagwahan
paagwahan	pinaaagwahan
paagwahan	paaagwahan
paalisin	pinaalis
paalisin	pinaaalis
paalisin	paaalisin
paalisin	pinapaalis
paandarin	pinaandar
paandarin	pinaaandar
paandarin	paaandarin
paandarin	pinapaandar
paasahin	pinaasa
paasahin	pinaaasa
paasahin	paaasahin
paasahin	pinapaasa
pabagalin	pinapabagal
pabalikin	pinabalik
pabalikin	pinapabalik
pabalikin	papabalikin
pabayaan	pinabayaan
pabayaan	pinapabayaan
pabayaan	papabayaan
pabayaan	inapabayaan
pabayaan	pagpabayaan
pabayaan	pinapagpabayaan
pabayaan	pinagpapabayaan
pabayaan	ipagpabaya
pabayaan	ipinapagpabaya
pabayaan	ipagpapabaya
pabayaan	ipinagpapapabaya
pabayaan	ipinapagpapabaya
pabayaan	ikapagpapabaya
pabayaan	ikinapagpapapabaya
pabayaan	ikinakapagpapabaya
pabayaan	mapabayaan
pabayaan	napapabayaan
pabayaan	maipagpabaya
pabayaan	naipagpapabaya
pabayaan	naipapagpabaya
pabayaan	naiipagpabaya
pabayaan	maikapagpabaya
pabayaan	naikapagpapabaya
pabayaan	naikapapagpabaya
pabayaan	naiikapagpabaya
pabayaan	mapagpabayaan
pabayaan	napagpapabayaan
pabayaan	napapagpabayaan
pabayaan	maipagpapabaya
pabayaan	naipagpapapabaya
pabayaan	naipapagpapabaya
pabayaan	naiipagpapabaya
pabayaan	maikapagpapabaya
pabayaan	naikapagpapapabaya
pabayaan	naikakapagpapabaya
pabayaan	naiikapagpapabaya
pabayaan	mapagpapabayaan
pabayaan	napagpapapapabayaan
pabayaan	napapagpapabayaan
pabayaan	mapapagpabayaan
pabayaan	napapapagpabayaan
pabayaan	makipagpabaya
pabayaan	nakikipagpabaya
pabayaan	makipabaya
pabayaan	nakikipabaya
pabayaan	makipagpapabaya
pabayaan	nakikipagpapabaya
pabilisin	pinabilis
pabilisin	pinapabilis
pabilisin	papabilisin
pabilisin	pinabirilis
pabubulaanan	
pabuksan	pinabuksan
pabuksan	pinabubuksan
pabuksan	pabubuksan
pabuksan	pinapabuksan
pabulaanan	pinabulaanan
pabulaanan	pinabubulaanan
pabulaanan	pabubulaanan
pabulaanan	pinapabulaanan
padalawin	pinadalaw
padalawin	pinadadalaw
padalawin	padadalawin
padalhan	pinadalhan
padalhan	pinadadalhan
padalhan	padadalhan
padaliin	pinadali
padaliin	pinapadali
padaliin	papadaliin
pag-aralan	pinag-aralan
pag-aralan	pinapag-aralan
pag-aralan	papag-aralan
pag-aralan	pinag-aaralan
pag-aralin	pinag-aral
pag-aralin	pinag-aaral
pag-aralin	pag-aaralin
pag-awayan	pinag-awayan
pag-awayan	pinapag-awayan
pag-awayan	papag-away
pag-awayan	pinag-aawayan
pag-iinitan	
pag-initan	pinag-initan
pag-initan	pinag-iinitan
pag-initan	pag-iinitan
pag-initan	pinapag-initan
pagagandahin	
pagalingin	pinagaling
pagalingin	pinapagaling
pagalingin	papagalingin
pagandahin	pinaganda
pagandahin	pinagaganda
pagandahin	pagagandahin
pagandahin	pinapaganda
pagbabasehan	
pagbasehan	pinagbasehan
pagbasehan	pinagbabasehan
pagbasehan	pagbabasehan
pagbasehan	trigger
pagbasehan	pinapagbasehan
pagbawalan	pinagbawalan
pagbawalan	pinapagbawalan
pagbawalan	papagbawalan
pagbawalan	pinagbabawalan
pagbuntunan	pinagbuntunan
pagbuntunan	pinapagbuntunan
pagbuntunan	papagbuntunan
pagdudahan	pinagdudahan
pagdudahan	pinagdududahan
pagdudahan	pagdududahan
pagdudahan	pinapagdudahan
pagdudahan	ipagduda
pagdudahan	ipinapagduda
pagdudahan	ipagpaduda
pagdudahan	ipinagpapaduda
pagdudahan	ipinapagpaduda
pagdudahan	ikapagpaduda
pagdudahan	ikinapagpapaduda
pagdudahan	ikinakapagpaduda
pagdudahan	maipagduda
pagdudahan	naipagdududa
pagdudahan	naipapagduda
pagdudahan	naiipagduda
pagdudahan	maikapagduda
pagdudahan	naikapagdududa
pagdudahan	naikapapagduda
pagdudahan	naiikapagduda
pagdudahan	mapagdudaan
pagdudahan	napagdududaan
pagdudahan	napapagdudaan
pagdudahan	maipagpaduda
pagdudahan	naipagpapaduda
pagdudahan	naipapagpaduda
pagdudahan	naiipagpaduda
pagdudahan	maikapagpaduda
pagdudahan	naikapagpapaduda
pagdudahan	naikakapagpaduda
pagdudahan	naiikapagpaduda
pagdudahan	mapagpadudahan
pagdudahan	napagpapadududahan
pagdudahan	napapagpadudahan
pagdudahan	mapapagdudahan
pagdudahan	napapapagdudahan
pagdudahan	makipagduda
pagdudahan	nakikipagduda
pagdudahan	makiduda
pagdudahan	nakikiduda
pagdudahan	makipagpaduda
pagdudahan	nakikipagpaduda
paghigantihan	pinaghigantihan
paghigantihan	pinaghihigantihan
paghigantihan	paghihigantihan
paghigantihan	pinapaghigantihan
paghinalaan	pinaghinalaan
paghinalaan	pinaghihinalaan
paghinalaan	paghihinalaan
paghinalaan	pinapaghinalaan
pagkaguluhan	pinagkaguluhan
pagkaguluhan	pinagkakaguluhan
pagkaguluhan	pagkakaguluhan
pagkaisahan	pinagkaisahan
pagkaisahan	pinagkakaisahan
pagkaisahan	pagkakaisahan
pagkaitan	pinagkaitan
pagkaitan	pinapagkaitan
pagkaitan	papagkaitan
pagkaitan	pinagkakaitan
pagkalooban	pinagkalooban
pagkalooban	pinapagkalooban
pagkalooban	papagkalooban
pagkalooban	pinagkakalooban
pagkamalan	pinagkamalan
pagkamalan	pinagkakamalan
pagkamalan	pagkakamalan
pagkatiwalaan	pinagkatiwalaan
pagkatiwalaan	pinagkakatiwalaan
pagkatiwalaan	pagkakatiwalaan
pagkuwento	
pagmalupitan	pinagmalupitan
pagmalupitan	pinapagmalupitan
pagmalupitan	papagmalupitan
pagmalupitan	pinagmamalupitan
pagmulan	pinagmulan
pagmulan	pinagmumulan
pagmulan	pagmumulan
pagsabihan	pinagsabihan
pagsabihan	pinagsasabihan
pagsabihan	pagsasabihan
pagsabihan	pinapagsabihan
pagsabihan	ipagsabi
pagsabihan	ipinapagsabi
pagsabihan	ipagpasabi
pagsabihan	ipinagpapasabi
pagsabihan	ipinapagpasabi
pagsabihan	ikapagpasabi
pagsabihan	ikinapagpapasabi
pagsabihan	ikinakapagpasabi
pagsabihan	maipagsabi
pagsabihan	naipagsasabi
pagsabihan	naipapagsabi
pagsabihan	naiipagsabi
pagsabihan	maikapagsabi
pagsabihan	naikapagsasabi
pagsabihan	naikapapagsabi
pagsabihan	naiikapagsabi
pagsabihan	mapagsabian
pagsabihan	napagsasabian
pagsabihan	napapagsabian
pagsabihan	maipagpasabi
pagsabihan	naipagpapasabi
pagsabihan	naipapagpasabi
pagsabihan	naiipagpasabi
pagsabihan	maikapagpasabi
pagsabihan	naikapagpapasabi
pagsabihan	naikakapagpasabi
pagsabihan	naiikapagpasabi
pagsabihan	mapagpasabihan
pagsabihan	napagpapasasabihan
pagsabihan	napapagpasabihan
pagsabihan	mapapagsabihan
pagsabihan	napapapagsabihan
pagsabihan	makipagsabi
pagsabihan	nakikipagsabi
pagsabihan	makisabi
pagsabihan	nakikisabi
pagsabihan	makipagpasabi
pagsabihan	nakikipagpasabi
pagsamantalahan	pinagsamantalahan
pagsamantalahan	pinagsasamantalahan
pagsamantalahan	pagsasamantalahan
pagsamantalahan	pinapagsamantalahan
pagsasamantalahan	
pagsaulian	pinagsaulian
pagsaulian	pinagsasaulian
pagsaulian	pagsasaulian
pagsisihan	pinagsisihan
pagsisihan	pinagsisisihan
pagsisihan	pagsisisihan
pagsisihan	pinapagsisihan
pagsisihan	ipagsisi
pagsisihan	ipinapagsisi
pagsisihan	ipagpasisi
pagsisihan	ipinagpapasisi
pagsisihan	ipinapagpasisi
pagsisihan	ikapagpasisi
pagsisihan	ikinapagpapasisi
pagsisihan	ikinakapagpasisi
pagsisihan	mapagsisihan
pagsisihan	napagsisisihan
pagsisihan	napapagsisihan
pagsisihan	maipagsisi
pagsisihan	naipagsisisi
pagsisihan	naipapagsisi
pagsisihan	naiipagsisi
pagsisihan	maikapagsisi
pagsisihan	naikapagsisisi
pagsisihan	naikapapagsisi
pagsisihan	naiikapagsisi
pagsisihan	mapagsisian
pagsisihan	napagsisisian
pagsisihan	napapagsisian
pagsisihan	maipagpasisi
pagsisihan	naipagpapasisi
pagsisihan	naipapagpasisi
pagsisihan	naiipagpasisi
pagsisihan	maikapagpasisi
pagsisihan	naikapagpapasisi
pagsisihan	naikakapagpasisi
pagsisihan	naiikapagpasisi
pagsisihan	mapagpasisihan
pagsisihan	napagpapasisisihan
pagsisihan	napapagpasisihan
pagsisihan	mapapagsisihan
pagsisihan	napapapagsisihan
pagsisihan	makipagsisi
pagsisihan	nakikipagsisi
pagsisihan	makisisi
pagsisihan	nakikisisi
pagsisihan	makipagpasisi
pagsisihan	nakikipagpasisi
pagtakpan	pinagtakpan
pagtakpan	pinagtatakpan
pagtakpan	pagtatakpan
pagtakpan	pinapagtakpan
pagtalunan	pinagtalunan
pagtalunan	pinagtatalunan
pagtalunan	pagtatalunan
pagtalunan	pinapagtalunan
pagtalunan	ipagtalo
pagtalunan	ipinapagtalo
pagtalunan	ipagpatalo
pagtalunan	ipinagpapatalo
pagtalunan	ipinapagpatalo
pagtalunan	ikapagpatalo
pagtalunan	ikinapagpapatalo
pagtalunan	ikinakapagpatalo
pagtalunan	mapagtalunan
pagtalunan	napagtatalunan
pagtalunan	napapagtalunan
pagtalunan	maipagtalo
pagtalunan	naipagtatalo
pagtalunan	naipapagtalo
pagtalunan	naiipagtalo
pagtalunan	maikapagtalo
pagtalunan	naikapagtatalo
pagtalunan	naikapapagtalo
pagtalunan	naiikapagtalo
pagtalunan	mapagtaloan
pagtalunan	napagtataloan
pagtalunan	napapagtaloan
pagtalunan	maipagpatalo
pagtalunan	naipagpapatalo
pagtalunan	naipapagpatalo
pagtalunan	naiipagpatalo
pagtalunan	maikapagpatalo
pagtalunan	naikapagpapatalo
pagtalunan	naikakapagpatalo
pagtalunan	naiikapagpatalo
pagtalunan	mapagpatalunan
pagtalunan	napagpapatatalunan
pagtalunan	napapagpatalunan
pagtalunan	mapapagtalunan
pagtalunan	napapapagtalunan
pagtalunan	makipagtalo
pagtalunan	nakikipagtalo
pagtalunan	makitalo
pagtalunan	nakikitalo
pagtalunan	makipagpatalo
pagtalunan	nakikipagpatalo
pagtataluhan	
pagtatalunan	
pagtatawanan	
pagtawanan	pinagtawanan
pagtawanan	pinagtatawanan
pagtawanan	pagtatawanan
pagtawanan	pinapagtawanan
pagtawanan	ipagtawa
pagtawanan	ipinapagtawa
pagtawanan	ipagpatawa
pagtawanan	ipinagpapatawa
pagtawanan	ipinapagpatawa
pagtawanan	ikapagpatawa
pagtawanan	ikinapagpapatawa
pagtawanan	ikinakapagpatawa
pagtawanan	mapagtawanan
pagtawanan	napagtatawanan
pagtawanan	napapagtawanan
pagtawanan	maipagtawa
pagtawanan	naipagtatawa
pagtawanan	naipapagtawa
pagtawanan	naiipagtawa
pagtawanan	maikapagtawa
pagtawanan	naikapagtatawa
pagtawanan	naikapapagtawa
pagtawanan	naiikapagtawa
pagtawanan	mapagtawaan
pagtawanan	napagtatawaan
pagtawanan	napapagtawaan
pagtawanan	maipagpatawa
pagtawanan	naipagpapatawa
pagtawanan	naipapagpatawa
pagtawanan	naiipagpatawa
pagtawanan	maikapagpatawa
pagtawanan	naikapagpapatawa
pagtawanan	naikakapagpatawa
pagtawanan	naiikapagpatawa
pagtawanan	mapagpatawanan
pagtawanan	napagpapatatawanan
pagtawanan	napapagpatawanan
pagtawanan	mapapagtawanan
pagtawanan	napapapagtawanan
pagtawanan	makipagtawa
pagtawanan	nakikipagtawa
pagtawanan	makitawa
pagtawanan	nakikitawa
pagtawanan	makipagpatawa
pagtawanan	nakikipagpatawa
pagupitan	pinagupitan
pagupitan	pinapagupitan
pagupitan	papagupitan
pagupitan	pinagugupitan
pagurin	pinagod
pagurin	pinapagod
pagurin	papagurin
pagurin	inapagod
pagurin	kapaguran
pagurin	kinakapaguran
pagurin	kinapapaguran
pagurin	ipapagod
pagurin	ipinapapagod
pagurin	ikapagpapagod
pagurin	ikinapagpapapagod
pagurin	ikinakapagpapagod
pagurin	mapagod
pagurin	napapagod
pagurin	maipapagod
pagurin	naipapapagod
pagurin	naiipapagod
pagurin	maikapagpapagod
pagurin	naikapagpapapagod
pagurin	naikakapagpapagod
pagurin	naiikapagpapagod
pagurin	makipagod
pagurin	nakikipagod
pagurin	makipagpapagod
pagurin	nakikipagpapagod
pahabain	pinahaba
pahabain	pinahahaba
pahabain	pahahabain
pahabain	pinapahaba
pahalagahan	pinahalagahan
pahalagahan	pinapahalagahan
pahalagahan	papahalagahan
pahalagahan	pinahahalagahan
pahiramin	pinahiram
pahiramin	pinahihiram
pahiramin	pahihiramin
pahiyain	pinahiya
pahiyain	pinahihiya
pahiyain	pahihiyain
pahiyain	hiyain
pahiyain	hinihiya
pahiyain	inahiya
pahiyain	paghiyaan
pahiyain	pinapaghiyaan
pahiyain	pinaghihiyaan
pahiyain	ihiya
pahiyain	inihihiya
pahiyain	ipahiya
pahiyain	ipinahihiya
pahiyain	ipinapahiya
pahiyain	ipagpahiya
pahiyain	ipinagpapahiya
pahiyain	ipinapagpahiya
pahiyain	ikapagpahiya
pahiyain	ikinapagpapahiya
pahiyain	ikinakapagpahiya
pahiyain	mahiya
pahiyain	nahihiya
pahiyain	maihiya
pahiyain	naihihiya
pahiyain	maikahiya
pahiyain	naikahihiya
pahiyain	naikakahiya
pahiyain	naiikahiya
pahiyain	mapaghiyaan
pahiyain	napaghihiyaan
pahiyain	napapaghiyaan
pahiyain	maipahiya
pahiyain	naipahihiya
pahiyain	naipapahiya
pahiyain	naiipahiya
pahiyain	maipagpahiya
pahiyain	naipagpapahiya
pahiyain	naipapagpahiya
pahiyain	naiipagpahiya
pahiyain	maikapagpahiya
pahiyain	naikapagpapahiya
pahiyain	naikakapagpahiya
pahiyain	naiikapagpahiya
pahiyain	mapagpahiyaan
pahiyain	napagpapahihiyaan
pahiyain	napapagpahiyaan
pahiyain	mapapaghiyaan
pahiyain	napapapaghiyaan
pahiyain	makihiya
pahiyain	nakikihiya
pahiyain	makipagpahiya
pahiyain	nakikipagpahiya
paiksiin	pinaiksi
paiksiin	pinaiiksi
paiksiin	paiiksiin
paiksiin	pinapaiksi
painitin	pinainit
painitin	pinapainit
painitin	papainitin
pairalin	pinairal
pairalin	pinapairal
pairalin	papairalin
pairalin	pinaiiral
pakainin	pinakain
pakainin	pinapakain
pakainin	papakainin
pakantahin	pinapakanta
pakantutin	pinakantot
pakantutin	pinapakantot
pakantutin	papakantutin
pakapalin	pinakapal
pakapalin	pinakakapal
pakapalin	pakakapalin
pakapalin	pinapakapal
pakinggan	pinakinggan
pakinggan	pinapakinggan
pakinggan	papakinggan
pakinggan	pinakikinggan
pakiramdam	
pakiusapan	pinakiusapan
pakiusapan	pinapakiusapan
pakiusapan	papakiusapan
palabasin	pinalabas
palabasin	pinalalabas
palabasin	palalabasin
palabasin	pinapalabas
palaganapin	pinalaganap
palaganapin	pinalalaganap
palaganapin	palalaganapin
palaganapin	pinapalaganap
palagyan	pinalagyan
palagyan	pinapalagyan
palagyan	papalagyan
palakihin	pinalaki
palakihin	pinalalaki
palakihin	palalakihin
palakihin	pinapalaki
palakpakan	pinapalakpakan
palakpakan	inapalakpakan
palakpakan	pagpalakpakan
palakpakan	pinapagpalakpakan
palakpakan	pinagpapalakpakan
palakpakan	ipalakpak
palakpakan	ipinapalakpak
palakpakan	ipagpapalakpak
palakpakan	ipinagpapapalakpak
palakpakan	ipinapagpapalakpak
palakpakan	ikapagpapalakpak
palakpakan	ikinapagpapapalakpak
palakpakan	ikinakapagpapalakpak
palakpakan	mapalakpakan
palakpakan	napapalakpakan
palakpakan	maipalakpak
palakpakan	naipapalakpak
palakpakan	maikapalakpak
palakpakan	naikapapalakpak
palakpakan	naikakapalakpak
palakpakan	naiikapalakpak
palakpakan	mapagpalakpakan
palakpakan	napagpapalakpakan
palakpakan	napapagpalakpakan
palakpakan	maipagpapalakpak
palakpakan	naipagpapapalakpak
palakpakan	naipapagpapalakpak
palakpakan	naiipagpapalakpak
palakpakan	maikapagpapalakpak
palakpakan	naikapagpapapalakpak
palakpakan	naikakapagpapalakpak
palakpakan	naiikapagpapalakpak
palakpakan	mapagpapalakpakan
palakpakan	napagpapapapalakpakan
palakpakan	napapagpapalakpakan
palakpakan	mapapagpalakpakan
palakpakan	napapapagpalakpakan
palakpakan	makipalakpak
palakpakan	nakikipalakpak
palakpakan	makipagpapalakpak
palakpakan	nakikipagpapalakpak
palamigin	pinalamig
palamigin	pinapalamig
palamigin	papalamigin
palamutian	pinalamutian
palamutian	pinapalamutian
palamutian	papalamutian
palamutian	inapalamutian
palamutian	pagpalamutian
palamutian	pinapagpalamutian
palamutian	pinagpapalamutian
palamutian	ipagpalamuti
palamutian	ipinapagpalamuti
palamutian	ipagpapalamuti
palamutian	ipinagpapapalamuti
palamutian	ipinapagpapalamuti
palamutian	ikapagpapalamuti
palamutian	ikinapagpapapalamuti
palamutian	ikinakapagpapalamuti
palamutian	mapalamutian
palamutian	napapalamutian
palamutian	maipagpalamuti
palamutian	naipagpapalamuti
palamutian	naipapagpalamuti
palamutian	naiipagpalamuti
palamutian	maikapagpalamuti
palamutian	naikapagpapalamuti
palamutian	naikapapagpalamuti
palamutian	naiikapagpalamuti
palamutian	mapagpalamutian
palamutian	napagpapalamutian
palamutian	napapagpalamutian
palamutian	maipagpapalamuti
palamutian	naipagpapapalamuti
palamutian	naipapagpapalamuti
palamutian	naiipagpapalamuti
palamutian	maikapagpapalamuti
palamutian	naikapagpapapalamuti
palamutian	naikakapagpapalamuti
palamutian	naiikapagpapalamuti
palamutian	mapagpapalamutian
palamutian	napagpapapapalamutian
palamutian	napapagpapalamutian
palamutian	mapapagpalamutian
palamutian	napapapagpalamutian
palamutian	makipagpalamuti
palamutian	nakikipagpalamuti
palamutian	makipalamuti
palamutian	nakikipalamuti
palamutian	makipagpapalamuti
palamutian	nakikipagpapalamuti
palaot	
palarin	pinalad
palarin	pinapalad
palarin	papalarin
palayasin	pinalayas
palayasin	pinalalayas
palayasin	palalayasin
palayasin	pinapalayas
palayasin	layasan
palayasin	nilalayasan
palayasin	inalayasan
palayasin	paglayasan
palayasin	pinapaglayasan
palayasin	pinaglalayasan
palayasin	ilayas
palayasin	inilalayas
palayasin	ipagpalayas
palayasin	ipinagpapalayas
palayasin	ipinapagpalayas
palayasin	ikapagpalayas
palayasin	ikinapagpapalayas
palayasin	ikinakapagpalayas
palayasin	malayasan
palayasin	nalalayasan
palayasin	mailayas
palayasin	nailalayas
palayasin	maikalayas
palayasin	naikalalayas
palayasin	naikakalayas
palayasin	naiikalayas
palayasin	mapaglayasan
palayasin	napaglalayasan
palayasin	napapaglayasan
palayasin	maipagpalayas
palayasin	naipagpapalayas
palayasin	naipapagpalayas
palayasin	naiipagpalayas
palayasin	maikapagpalayas
palayasin	naikapagpapalayas
palayasin	naikakapagpalayas
palayasin	naiikapagpalayas
palayasin	mapagpalayasan
palayasin	napagpapalalayasan
palayasin	napapagpalayasan
palayasin	mapapaglayasan
palayasin	napapapaglayasan
palayasin	makilayas
palayasin	nakikilayas
palayasin	makipagpalayas
palayasin	nakikipagpalayas
paletadahan	pinaletadahan
paletadahan	pinapaletadahan
paletadahan	papaletadahan
paliguan	pinaliguan
paliguan	pinaliliguan
paliguan	paliliguan
paliguan	pinapaliguan
paliitin	pinaliit
paliitin	pinapaliit
paliitin	papaliitin
paliitin	pinaliriit
paliparan	pinaliparan
paliparan	pinaliliparan
paliparan	paliliparan
palitan	pinalitan
palitan	pinapalitan
palitan	papalitan
palitan	inapalitan
palitan	pagpalitan
palitan	pinapagpalitan
palitan	pinagpapalitan
palitan	ipagpalit
palitan	ipinapagpalit
palitan	ipagpapalit
palitan	ipinagpapapalit
palitan	ipinapagpapalit
palitan	ikapagpapalit
palitan	ikinapagpapapalit
palitan	ikinakapagpapalit
palitan	mapalitan
palitan	napapalitan
palitan	maipagpalit
palitan	naipagpapalit
palitan	naipapagpalit
palitan	naiipagpalit
palitan	maikapagpalit
palitan	naikapagpapalit
palitan	naikapapagpalit
palitan	naiikapagpalit
palitan	mapagpalitan
palitan	napagpapalitan
palitan	napapagpalitan
palitan	maipagpapalit
palitan	naipagpapapalit
palitan	naipapagpapalit
palitan	naiipagpapalit
palitan	maikapagpapalit
palitan	naikapagpapapalit
palitan	naikakapagpapalit
palitan	naiikapagpapalit
palitan	mapagpapalitan
palitan	napagpapapapalitan
palitan	napapagpapalitan
palitan	mapapagpalitan
palitan	napapapagpalitan
palitan	makipagpalit
palitan	nakikipagpalit
palitan	makipalit
palitan	nakikipalit
palitan	makipagpapalit
palitan	nakikipagpapalit
palitan	ipalit
palitan	ipinapalit
palitan	maipalit
palitan	naipapalit
palitan	maikapalit
palitan	naikapapalit
palitan	naikakapalit
palitan	naiikapalit
pamahalaan	pinamahalaan
pamahalaan	pinamamahalaan
pamahalaan	pamamahalaan
pamalagian	pinamalagian
pamalagian	pinamamalagian
pamalagian	pamamalagian
pamasahihan	pinamasahihan
pamasahihan	pinamamasahihan
pamasahihan	pamamasahihan
pamunuan	pinamunuan
pamunuan	pinamumunuan
pamunuan	pamumunuan
panagutin	pinanagot
panagutin	pinananagot
panagutin	pananagutin
panain	pinana
panain	pinapana
panain	papanain
pananasilaan	
pananatilihin	
panasilaan	pinanasilaan
panasilaan	pinananasilaan
panasilaan	pananasilaan
panatilihin	pinanatili
panatilihin	pinananatili
panatilihin	pananatilihin
panatilihin	pinapanatili
pangalanan	pinangalanan
pangalanan	pinangangalanan
pangalanan	pangangalanan
pangalanan	pinapangalanan
pangalanan	inapangalanan
pangalanan	pagpangalanan
pangalanan	pinapagpangalanan
pangalanan	pinagpapangalanan
pangalanan	ipagpangalan
pangalanan	ipinapagpangalan
pangalanan	ipagpapangalan
pangalanan	ipinagpapapangalan
pangalanan	ipinapagpapangalan
pangalanan	ikapagpapangalan
pangalanan	ikinapagpapapangalan
pangalanan	ikinakapagpapangalan
pangalanan	mapangalanan
pangalanan	napapangalanan
pangalanan	maipagpangalan
pangalanan	naipagpapangalan
pangalanan	naipapagpangalan
pangalanan	naiipagpangalan
pangalanan	maikapagpangalan
pangalanan	naikapagpapangalan
pangalanan	naikapapagpangalan
pangalanan	naiikapagpangalan
pangalanan	mapagpangalanan
pangalanan	napagpapangalanan
pangalanan	napapagpangalanan
pangalanan	maipagpapangalan
pangalanan	naipagpapapangalan
pangalanan	naipapagpapangalan
pangalanan	naiipagpapangalan
pangalanan	maikapagpapangalan
pangalanan	naikapagpapapangalan
pangalanan	naikakapagpapangalan
pangalanan	naiikapagpapangalan
pangalanan	mapagpapangalanan
pangalanan	napagpapapapangalanan
pangalanan	napapagpapangalanan
pangalanan	mapapagpangalanan
pangalanan	napapapagpangalanan
pangalanan	makipagpangalan
pangalanan	nakikipagpangalan
pangalanan	makipangalan
pangalanan	nakikipangalan
pangalanan	makipagpapangalan
pangalanan	nakikipagpapangalan
pangatawanan	pinangatawanan
pangatawanan	pinangangatawanan
pangatawanan	pangangatawanan
panggalingan	pinanggalingan
panggalingan	pinanggagalingan
panggalingan	panggagalingan
panghimasukan	pinanghimasukan
panghimasukan	pinanghihimasukan
panghimasukan	panghihimasukan
pangilagan	pinangilagan
pangilagan	pinangingilagan
pangilagan	pangingilagan
pangilinan	pinangilinan
pangilinan	pinangingilinan
pangilinan	pangingilinan
pangunahan	pinangunahan
pangunahan	pinapangunahan
pangunahan	papangunahan
panimbangan	pinanimbangan
panimbangan	pinapanimbangan
panimbangan	papanimbangan
panindigan	pinanindigan
panindigan	pinaninindigan
panindigan	paninindigan
panindigan	pinapanindigan
panindigan	ipanindig
panindigan	ipinapanindig
panindigan	ipagpatindig
panindigan	ipinagpapatindig
panindigan	ipinapagpatindig
panindigan	ipapanindig
panindigan	ipinapapanindig
panindigan	ikapagpapanindig
panindigan	ikinapagpapapanindig
panindigan	ikinakapagpapanindig
panindigan	papanindigan
panindigan	pinapapanindigan
panindigan	mapanindigan
panindigan	napaninindigan
panindigan	napapanindigan
panindigan	maipaindig
panindigan	naipaiindig
panindigan	naipapaindig
panindigan	naiipaindig
panindigan	maikapaindig
panindigan	naikapaiindig
panindigan	naikapapaindig
panindigan	naiikapaindig
panindigan	mapaindigan
panindigan	napaiindigan
panindigan	napapaindigan
panindigan	maipagpatindig
panindigan	naipagpapatindig
panindigan	naipapagpatindig
panindigan	naiipagpatindig
panindigan	maipapanindig
panindigan	naipapapanindig
panindigan	naiipapanindig
panindigan	maikapagpapanindig
panindigan	naikapagpapapanindig
panindigan	naikakapagpapanindig
panindigan	naiikapagpapanindig
panindigan	mapapanindigan
panindigan	napapapanindigan
panindigan	makipanindig
panindigan	nakikipanindig
panindigan	makipagpatindig
panindigan	nakikipagpatindig
paninindigan	panindigan
paninindigan	pinaninindigan
paninindigan	pinapanindigan
paninindigan	ipanindig
paninindigan	ipinapanindig
paninindigan	ipagpatindig
paninindigan	ipinagpapatindig
paninindigan	ipinapagpatindig
paninindigan	ipapanindig
paninindigan	ipinapapanindig
paninindigan	ikapagpapanindig
paninindigan	ikinapagpapapanindig
paninindigan	ikinakapagpapanindig
paninindigan	papanindigan
paninindigan	pinapapanindigan
paninindigan	mapanindigan
paninindigan	napaninindigan
paninindigan	napapanindigan
paninindigan	maipaindig
paninindigan	naipaiindig
paninindigan	naipapaindig
paninindigan	naiipaindig
paninindigan	maikapaindig
paninindigan	naikapaiindig
paninindigan	naikapapaindig
paninindigan	naiikapaindig
paninindigan	mapaindigan
paninindigan	napaiindigan
paninindigan	napapaindigan
paninindigan	maipagpatindig
paninindigan	naipagpapatindig
paninindigan	naipapagpatindig
paninindigan	naiipagpatindig
paninindigan	maipapanindig
paninindigan	naipapapanindig
paninindigan	naiipapanindig
paninindigan	maikapagpapanindig
paninindigan	naikapagpapapanindig
paninindigan	naikakapagpapanindig
paninindigan	naiikapagpapanindig
paninindigan	mapapanindigan
paninindigan	napapapanindigan
paninindigan	makipanindig
paninindigan	nakikipanindig
paninindigan	makipagpatindig
paninindigan	nakikipagpatindig
panipisin	pinanipis
panipisin	pinaninipis
panipisin	paninipisin
panipisin	pinapanipis
pansinin	pinansin
pansinin	pinapansin
pansinin	papansinin
pantayin	pinantay
pantayin	pinapantay
pantayin	papantayin
papaletadahan	
papalitadahan	
papangitin	pinapangit
papangitin	pinapapangit
papangitin	papapangitin
papasok	
papasukin	pinapasok
papasukin	pinapapasok
papasukin	papapasukin
papasyalan	
papatay	
papawisan	
papuntahin	pinapunta
papuntahin	pinapupunta
papuntahin	papupuntahin
papuntahin	pinapapunta
paraanin	pinaraan
paraanin	pinaparaan
paraanin	paparaanin
parahin	pinara
parahin	pinapara
parahin	paparahin
parahin	inapara
parahin	pagparahan
parahin	pinapagparahan
parahin	pinagpaparahan
parahin	ipara
parahin	ipinapara
parahin	ipapara
parahin	ipinapapara
parahin	ipagpapara
parahin	ipinagpapapara
parahin	ipinapagpapara
parahin	ikapagpapara
parahin	ikinapagpapapara
parahin	ikinakapagpapara
parahin	mapara
parahin	napapara
parahin	maipara
parahin	naipapara
parahin	maikapara
parahin	naikapapara
parahin	naikakapara
parahin	naiikapara
parahin	mapagparaan
parahin	napagpaparaan
parahin	napapagparaan
parahin	maipapara
parahin	naipapapara
parahin	naiipapara
parahin	maipagpapara
parahin	naipagpapapara
parahin	naipapagpapara
parahin	naiipagpapara
parahin	maikapagpapara
parahin	naikapagpapapara
parahin	naikakapagpapara
parahin	naiikapagpapara
parahin	mapagpaparahan
parahin	napagpapapaparahan
parahin	napapagpaparahan
parahin	mapapagparahan
parahin	napapapagparahan
parahin	makipara
parahin	nakikipara
parahin	makipagpapara
parahin	nakikipagpapara
paramihan	pinaramihan
paramihan	pinararamihan
paramihan	pararamihan
parkingan	pinarkingan
parkingan	pinaparkingan
parkingan	paparkingan
parusahan	pinarusahan
parusahan	pinarurusahan
parusahan	parurusahan
pasabugin	pinasabog
pasabugin	pinapasabog
pasabugin	papasabugin
pasagutan	pinasagutan
pasagutan	pinasasagutan
pasagutan	pasasagutan
pasanin	pinasan
pasanin	pinapasan
pasanin	papasanin
pasaringan	pinasaringan
pasaringan	pinapasaringan
pasaringan	papasaringan
pasaringan	inapasaringan
pasaringan	pagpasaringan
pasaringan	pinapagpasaringan
pasaringan	pinagpapasaringan
pasaringan	ipagpasaring
pasaringan	ipinapagpasaring
pasaringan	ipagpapasaring
pasaringan	ipinagpapapasaring
pasaringan	ipinapagpapasaring
pasaringan	ikapagpapasaring
pasaringan	ikinapagpapapasaring
pasaringan	ikinakapagpapasaring
pasaringan	mapasaringan
pasaringan	napapasaringan
pasaringan	maipagpasaring
pasaringan	naipagpapasaring
pasaringan	naipapagpasaring
pasaringan	naiipagpasaring
pasaringan	maikapagpasaring
pasaringan	naikapagpapasaring
pasaringan	naikapapagpasaring
pasaringan	naiikapagpasaring
pasaringan	mapagpasaringan
pasaringan	napagpapasaringan
pasaringan	napapagpasaringan
pasaringan	maipagpapasaring
pasaringan	naipagpapapasaring
pasaringan	naipapagpapasaring
pasaringan	naiipagpapasaring
pasaringan	maikapagpapasaring
pasaringan	naikapagpapapasaring
pasaringan	naikakapagpapasaring
pasaringan	naiikapagpapasaring
pasaringan	mapagpapasaringan
pasaringan	napagpapapapasaringan
pasaringan	napapagpapasaringan
pasaringan	mapapagpasaringan
pasaringan	napapapagpasaringan
pasaringan	makipagpasaring
pasaringan	nakikipagpasaring
pasaringan	makipasaring
pasaringan	nakikipasaring
pasaringan	makipagpapasaring
pasaringan	nakikipagpapasaring
pasayahin	pinasaya
pasayahin	pinasasaya
pasayahin	pasasayahin
pasayawin	pinasayaw
pasayawin	pinasasayaw
pasayawin	pasasayawin
pasayawin	pinapasayaw
pasensiyahan	pinasensiyahan
pasensiyahan	pinapasensiyahan
pasensiyahan	papasensiyahan
pasigaan	pinasigaan
pasigaan	pinasisigaan
pasigaan	pasisigaan
pasiglahin	
pasinungalingan	pinasinungalingan
pasinungalingan	pinasisinungalingan
pasinungalingan	pasisinungalingan
pasukan	pinasukan
pasukan	pinapasukan
pasukan	papasukan
pasukan	trigger
pasukin	pinasok
pasukin	pinapasok
pasukin	papasukin
pasyalan	pinasyalan
pasyalan	pinapasyalan
pasyalan	papasyalan
pataasan	pinataasan
pataasan	pinatataasan
pataasan	patataasan
patagin	pinatag
patagin	pinapatag
patagin	papatagin
patagin	inapatag
patagin	pagpatagan
patagin	pinapagpatagan
patagin	pinagpapatagan
patagin	ipagpatag
patagin	ipinapagpatag
patagin	ipapatag
patagin	ipinapapatag
patagin	ipagpapatag
patagin	ipinagpapapatag
patagin	ipinapagpapatag
patagin	ikapagpapatag
patagin	ikinapagpapapatag
patagin	ikinakapagpapatag
patagin	mapatag
patagin	napapatag
patagin	maipagpatag
patagin	naipagpapatag
patagin	naipapagpatag
patagin	naiipagpatag
patagin	maikapagpatag
patagin	naikapagpapatag
patagin	naikapapagpatag
patagin	naiikapagpatag
patagin	mapagpatagan
patagin	napagpapatagan
patagin	napapagpatagan
patagin	maipapatag
patagin	naipapapatag
patagin	naiipapatag
patagin	maipagpapatag
patagin	naipagpapapatag
patagin	naipapagpapatag
patagin	naiipagpapatag
patagin	maikapagpapatag
patagin	naikapagpapapatag
patagin	naikakapagpapatag
patagin	naiikapagpapatag
patagin	mapagpapatagan
patagin	napagpapapapatagan
patagin	napapagpapatagan
patagin	mapapagpatagan
patagin	napapapagpatagan
patagin	makipagpatag
patagin	nakikipagpatag
patagin	makipatag
patagin	nakikipatag
patagin	makipagpapatag
patagin	nakikipagpapatag
patahimikin	pinatahimik
patahimikin	pinatatahimik
patahimikin	patatahimikin
patahimikin	pinapatahimik
patakbuhin	pinatakbo
patakbuhin	pinapatakbo
patakbuhin	papatakbuhin
patapusin	pinatapos
patapusin	pinatatapos
patapusin	patatapusin
patapusin	pinapatapos
patatagin	pinatatag
patatagin	pinatatatag
patatagin	patatatagin
patatagin	pinapatatag
patawanin	pinatawa
patawanin	pinatatawa
patawanin	patatawanin
patawanin	pinapatawa
patayin	pinatay
patayin	pinapatay
patayin	papatayin
patayin	inapatay
patayin	pagpatayan
patayin	pinapagpatayan
patayin	pinagpapatayan
patayin	ipatay
patayin	ipinapatay
patayin	ipapatay
patayin	ipinapapatay
patayin	ipagpapatay
patayin	ipinagpapapatay
patayin	ipinapagpapatay
patayin	ikapagpapatay
patayin	ikinapagpapapatay
patayin	ikinakapagpapatay
patayin	mapatay
patayin	napapatay
patayin	maipatay
patayin	naipapatay
patayin	maikapatay
patayin	naikapapatay
patayin	naikakapatay
patayin	naiikapatay
patayin	mapagpatayan
patayin	napagpapatayan
patayin	napapagpatayan
patayin	maipapatay
patayin	naipapapatay
patayin	naiipapatay
patayin	maipagpapatay
patayin	naipagpapapatay
patayin	naipapagpapatay
patayin	naiipagpapatay
patayin	maikapagpapatay
patayin	naikapagpapapatay
patayin	naikakapagpapatay
patayin	naiikapagpapatay
patayin	mapagpapatayan
patayin	napagpapapapatayan
patayin	napapagpapatayan
patayin	mapapagpatayan
patayin	napapapagpatayan
patayin	makipatay
patayin	nakikipatay
patayin	makipagpapatay
patayin	nakikipagpapatay
patayin	ipagpatay
patayin	ipinapagpatay
patayin	maipagpatay
patayin	naipagpapatay
patayin	naipapagpatay
patayin	naiipagpatay
patayin	maikapagpatay
patayin	naikapagpapatay
patayin	naikapapagpatay
patayin	naiikapagpatay
patayin	makipagpatay
patayin	nakikipagpatay
patubigan	pinatubigan
patubigan	pinapatubigan
patubigan	papatubigan
patubigan	pinatutubigan
patulugin	pinatulog
patulugin	pinapatulog
patulugin	papatulugin
patunayan	pinatunayan
patunayan	pinatutunayan
patunayan	patutunayan
patungkulan	pinatungkulan
patungkulan	pinatutungkulan
patungkulan	patutungkulan
patungkulan	pinapatungkulan
paturuan	pinaturuan
paturuan	pinatuturuan
paturuan	patuturuan
patuyuin	pinatuyo
patuyuin	pinatutuyo
patuyuin	patutuyuin
patuyuin	patuyoin
patuyuin	pinapatuyo
paupahan	pinaupahan
paupahan	pinapaupahan
paupahan	papaupahan
paupahan	pinauupahan
paupuin	pinaupo
paupuin	pinauupo
paupuin	pauupuin
paupuin	pinapaupo
pausukan	pinausukan
pausukan	pinapausukan
pausukan	papausukan
pauwiin	pinauwi
pauwiin	pinapauwi
pauwiin	papauwiin
pawisan	pinawisan
pawisan	pinapawisan
pawisan	papawisan
payamanin	pinayaman
payamanin	pinapayaman
payamanin	papayamanin
paypayin	pinaypay
paypayin	pinapaypay
paypayin	papaypayin
payuhan	pinayuhan
payuhan	pinapayuhan
payuhan	papayuhan
personalin	pinersonal
personalin	pinepersonal
personalin	pepersonalin
pigain	piniga
pigain	pinipiga
pigain	pipigain
pinabubulaanan	
pinabulaanan	
pinag-iinitan	
pinag-initan	
pinagaganda	
pinaganda	
pinagbabasehan	
pinagbasehan	
pinaghihinalaan	
pinagmul-an	
pinagmulan	
pinagsamantalahan	
pinagsasamantalahan	
pinagtaluhan	
pinagtalunan	
pinagtataluhan	
pinagtatalunan	
pinagtatawanan	
pinagtawanan	
pinalalayas	
pinalamig	
pinalayas	
pinaletadahan	
pinalitadahan	
pinananasilaan	
pinananatili	
pinanasilaan	
pinanatili	
pinanggalingan	
pinapalayas	
pinapaletadahan	
pinapalitadahan	
pinapasyalan	
pinapawisan	
pinasyalan	
pinawisan	
pinaypay	
piniga	
pinilakan	
pinipig	
pinipiga	
pinipirmahan	
piniran	pininiran
piniran	pinipiniran
piniran	pipiniran
pinirito	
pinirmahan	
pinrito	
pinuhin	pinino
pinuhin	pinipino
pinuhin	pipinuhin
pinuno	
pinuntahan	
pinupuntahan	
pinutangina	putanginahin
pinutangina	pinuputangina
pinutangina	inaputangina
pinutangina	pagputanginahan
pinutangina	pinapagputanginahan
pinutangina	pinagpuputanginahan
pinutangina	iputangina
pinutangina	ipinuputangina
pinutangina	ipaputangina
pinutangina	ipinapuputangina
pinutangina	ipinapaputangina
pinutangina	ipagpaputangina
pinutangina	ipinagpapaputangina
pinutangina	ipinapagpaputangina
pinutangina	ikapagpaputangina
pinutangina	ikinapagpapaputangina
pinutangina	ikinakapagpaputangina
pinutangina	maputangina
pinutangina	napuputangina
pinutangina	maiputangina
pinutangina	naipuputangina
pinutangina	maikaputangina
pinutangina	naikapuputangina
pinutangina	naikakaputangina
pinutangina	naiikaputangina
pinutangina	mapagputanginaan
pinutangina	napagpuputanginaan
pinutangina	napapagputanginaan
pinutangina	maipaputangina
pinutangina	naipapuputangina
pinutangina	naipapaputangina
pinutangina	naiipaputangina
pinutangina	maipagpaputangina
pinutangina	naipagpapaputangina
pinutangina	naipapagpaputangina
pinutangina	naiipagpaputangina
pinutangina	maikapagpaputangina
pinutangina	naikapagpapaputangina
pinutangina	naikakapagpaputangina
pinutangina	naiikapagpaputangina
pinutangina	mapagpaputanginahan
pinutangina	napagpapapuputanginahan
pinutangina	napapagpaputanginahan
pinutangina	mapapagputanginahan
pinutangina	napapapagputanginahan
pinutangina	makiputangina
pinutangina	nakikiputangina
pinutangina	makipagpaputangina
pinutangina	nakikipagpaputangina
pipigain	
pipirmahan	
pirmahan	pinirmahan
pirmahan	pinipirmahan
pirmahan	pipirmahan
pirmahan	inapirmahan
pirmahan	pagpirmahan
pirmahan	pinapagpirmahan
pirmahan	pinagpipirmahan
pirmahan	ipirma
pirmahan	ipinipirma
pirmahan	ipagpapirma
pirmahan	ipinagpapapirma
pirmahan	ipinapagpapirma
pirmahan	ikapagpapirma
pirmahan	ikinapagpapapirma
pirmahan	ikinakapagpapirma
pirmahan	mapirmahan
pirmahan	napipirmahan
pirmahan	maipirma
pirmahan	naipipirma
pirmahan	maikapirma
pirmahan	naikapipirma
pirmahan	naikakapirma
pirmahan	naiikapirma
pirmahan	mapagpirmaan
pirmahan	napagpipirmaan
pirmahan	napapagpirmaan
pirmahan	maipagpapirma
pirmahan	naipagpapapirma
pirmahan	naipapagpapirma
pirmahan	naiipagpapirma
pirmahan	maikapagpapirma
pirmahan	naikapagpapapirma
pirmahan	naikakapagpapirma
pirmahan	naiikapagpapirma
pirmahan	mapagpapirmahan
pirmahan	napagpapapipirmahan
pirmahan	napapagpapirmahan
pirmahan	mapapagpirmahan
pirmahan	napapapagpirmahan
pirmahan	makipirma
pirmahan	nakikipirma
pirmahan	makipagpapirma
pirmahan	nakikipagpapirma
pirutin	pinirot
pirutin	pinipirot
pirutin	pipirutin
pisanan	pinisanan
pisanan	pinipisanan
pisanan	pipisanan
pondohan	pinondohan
pondohan	pinopondohan
pondohan	popondohan
prituhin	pinrito
prituhin	piniprito
prituhin	piprituhin
problemahin	pinroblema
problemahin	pinoproblema
problemahin	poproblemahin
protektahan	pinrotektahan
protektahan	pinoprotektahan
protektahan	poprotektahan
pugutan	pinugutan
pugutan	pinupugutan
pugutan	pupugutan
pumalakpak	pumapalakpak
pumalakpak	papalakpak
pumalakpak	pungmapalakpak
pumalaot	pumapalaot
pumalaot	papalaot
pumalaot	pungmapalaot
pumanaw	pumapanaw
pumanaw	papanaw
pumanaw	pungmapanaw
pumangit	pumapangit
pumangit	papangit
pumangit	pungmapangit
pumanhik	pumapanhik
pumanhik	papanhik
pumanhik	pungmapanhik
pumanig	pumapanig
pumanig	papanig
pumanig	panigan
pumanig	pinapanigan
pumanig	inapanigan
pumanig	pagpanigan
pumanig	pinapagpanigan
pumanig	pinagpapanigan
pumanig	ipanig
pumanig	ipinapanig
pumanig	ipagpapanig
pumanig	ipinagpapapanig
pumanig	ipinapagpapanig
pumanig	ikapagpapanig
pumanig	ikinapagpapapanig
pumanig	ikinakapagpapanig
pumanig	mapanigan
pumanig	napapanigan
pumanig	maipanig
pumanig	naipapanig
pumanig	maikapanig
pumanig	naikapapanig
pumanig	naikakapanig
pumanig	naiikapanig
pumanig	mapagpanigan
pumanig	napagpapanigan
pumanig	napapagpanigan
pumanig	maipagpapanig
pumanig	naipagpapapanig
pumanig	naipapagpapanig
pumanig	naiipagpapanig
pumanig	maikapagpapanig
pumanig	naikapagpapapanig
pumanig	naikakapagpapanig
pumanig	naiikapagpapanig
pumanig	mapagpapanigan
pumanig	napagpapapapanigan
pumanig	napapagpapanigan
pumanig	mapapagpanigan
pumanig	napapapagpanigan
pumanig	makipanig
pumanig	nakikipanig
pumanig	makipagpapanig
pumanig	nakikipagpapanig
pumarada	pumaparada
pumarada	paparada
pumarada	paradahin
pumarada	pinaparada
pumarada	inaparada
pumarada	pagparadahan
pumarada	pinapagparadahan
pumarada	pinagpaparadahan
pumarada	iparada
pumarada	ipinaparada
pumarada	ipaparada
pumarada	ipinapaparada
pumarada	ipagpaparada
pumarada	ipinagpapaparada
pumarada	ipinapagpaparada
pumarada	ikapagpaparada
pumarada	ikinapagpapaparada
pumarada	ikinakapagpaparada
pumarada	maparada
pumarada	napaparada
pumarada	maiparada
pumarada	naipaparada
pumarada	maikaparada
pumarada	naikapaparada
pumarada	naikakaparada
pumarada	naiikaparada
pumarada	mapagparadaan
pumarada	napagpaparadaan
pumarada	napapagparadaan
pumarada	maipaparada
pumarada	naipapaparada
pumarada	naiipaparada
pumarada	maipagpaparada
pumarada	naipagpapaparada
pumarada	naipapagpaparada
pumarada	naiipagpaparada
pumarada	maikapagpaparada
pumarada	naikapagpapaparada
pumarada	naikakapagpaparada
pumarada	naiikapagpaparada
pumarada	mapagpaparadahan
pumarada	napagpapapaparadahan
pumarada	napapagpaparadahan
pumarada	mapapagparadahan
pumarada	napapapagparadahan
pumarada	makiparada
pumarada	nakikiparada
pumarada	makipagpaparada
pumarada	nakikipagpaparada
pumaroon	pumaparoon
pumaroon	paparoon
pumaroon	pungmaparoon
pumasok	pumapasok
pumasok	papasok
pumasok	pungmapasok
pumatay	pumapatay
pumatay	papatay
pumatay	pungmapatay
pumayag	pumapayag
pumayag	papayag
pumayag	pungmapayag
pumiha	pumipiha
pumiha	pipiha
pumila	pumipila
pumila	pipila
pumila	pungmipila
pumili	pumipili
pumili	pipili
pumili	pungmipili
puminid	pumipinid
puminid	pipinid
pumirma	pumipirma
pumirma	pipirma
pumirma	ipirma
pumirma	ipinipirma
pumirma	inapirma
pumirma	pirmahan
pumirma	pinipirmahan
pumirma	inapirmahan
pumirma	pagpirmahan
pumirma	pinapagpirmahan
pumirma	pinagpipirmahan
pumirma	ipapirma
pumirma	ipinapipirma
pumirma	ipinapapirma
pumirma	ipagpapirma
pumirma	ipinagpapapirma
pumirma	ipinapagpapirma
pumirma	ikapagpapirma
pumirma	ikinapagpapapirma
pumirma	ikinakapagpapirma
pumirma	maipirma
pumirma	naipipirma
pumirma	mapirmahan
pumirma	napipirmahan
pumirma	maikapirma
pumirma	naikapipirma
pumirma	naikakapirma
pumirma	naiikapirma
pumirma	mapagpirmaan
pumirma	napagpipirmaan
pumirma	napapagpirmaan
pumirma	maipapirma
pumirma	naipapipirma
pumirma	naipapapirma
pumirma	naiipapirma
pumirma	maipagpapirma
pumirma	naipagpapapirma
pumirma	naipapagpapirma
pumirma	naiipagpapirma
pumirma	maikapagpapirma
pumirma	naikapagpapapirma
pumirma	naikakapagpapirma
pumirma	naiikapagpapirma
pumirma	mapagpapirmahan
pumirma	napagpapapipirmahan
pumirma	napapagpapirmahan
pumirma	mapapagpirmahan
pumirma	napapapagpirmahan
pumirma	makipirma
pumirma	nakikipirma
pumirma	makipagpapirma
pumirma	nakikipagpapirma
pumisik	pumipisik
pumisik	pipisik
pumisik	pungmipisik
pumisil	pumipisil
pumisil	pipisil
pumisil	pisilin
pumisil	pinipisil
pumisil	inapisil
pumisil	pagpisilan
pumisil	pinapagpisilan
pumisil	pinagpipisilan
pumisil	ipisil
pumisil	ipinipisil
pumisil	ipapisil
pumisil	ipinapipisil
pumisil	ipinapapisil
pumisil	ipagpapisil
pumisil	ipinagpapapisil
pumisil	ipinapagpapisil
pumisil	ikapagpapisil
pumisil	ikinapagpapapisil
pumisil	ikinakapagpapisil
pumisil	mapisil
pumisil	napipisil
pumisil	maipisil
pumisil	naipipisil
pumisil	maikapisil
pumisil	naikapipisil
pumisil	naikakapisil
pumisil	naiikapisil
pumisil	mapagpisilan
pumisil	napagpipisilan
pumisil	napapagpisilan
pumisil	maipapisil
pumisil	naipapipisil
pumisil	naipapapisil
pumisil	naiipapisil
pumisil	maipagpapisil
pumisil	naipagpapapisil
pumisil	naipapagpapisil
pumisil	naiipagpapisil
pumisil	maikapagpapisil
pumisil	naikapagpapapisil
pumisil	naikakapagpapisil
pumisil	naiikapagpapisil
pumisil	mapagpapisilan
pumisil	napagpapapipisilan
pumisil	napapagpapisilan
pumisil	mapapagpisilan
pumisil	napapapagpisilan
pumisil	makipisil
pumisil	nakikipisil
pumisil	makipagpapisil
pumisil	nakikipagpapisil
pumuksa	pumupuksa
pumuksa	pupuksa
pumula	pumupula
pumula	pupula
pumula	pungmupula
pumulupot	pumupulupot
pumulupot	pupulupot
pumulupot	pungmupulupot
pumunta	pumupunta
pumunta	pupunta
pumunta	pungmupunta
pumuti	pumuputi
pumuti	puputi
pumuti	pungmuputi
pumutok	pumuputok
pumutok	puputok
pumutok	pungmuputok
pumutol	pumuputol
pumutol	puputol
pumutol	putulin
pumutol	pinuputol
pumutol	inaputol
pumutol	putulan
pumutol	pinuputulan
pumutol	inaputulan
pumutol	pagputulan
pumutol	pinapagputulan
pumutol	pinagpuputulan
pumutol	iputol
pumutol	ipinuputol
pumutol	ipaputol
pumutol	ipinapuputol
pumutol	ipinapaputol
pumutol	ipagpaputol
pumutol	ipinagpapaputol
pumutol	ipinapagpaputol
pumutol	ikapagpaputol
pumutol	ikinapagpapaputol
pumutol	ikinakapagpaputol
pumutol	maputol
pumutol	napuputol
pumutol	maputulan
pumutol	napuputulan
pumutol	maiputol
pumutol	naipuputol
pumutol	maikaputol
pumutol	naikapuputol
pumutol	naikakaputol
pumutol	naiikaputol
pumutol	mapagputolan
pumutol	napagpuputolan
pumutol	napapagputolan
pumutol	maipaputol
pumutol	naipapuputol
pumutol	naipapaputol
pumutol	naiipaputol
pumutol	maipagpaputol
pumutol	naipagpapaputol
pumutol	naipapagpaputol
pumutol	naiipagpaputol
pumutol	maikapagpaputol
pumutol	naikapagpapaputol
pumutol	naikakapagpaputol
pumutol	naiikapagpaputol
pumutol	mapagpaputulan
pumutol	napagpapapuputulan
pumutol	napapagpaputulan
pumutol	mapapagputulan
pumutol	napapapagputulan
pumutol	makiputol
pumutol	nakikiputol
pumutol	makipagpaputol
pumutol	nakikipagpaputol
punan	pinunan
punan	pinupunan
punan	pupunan
puntahan	pinuntahan
puntahan	pinupuntahan
puntahan	pupuntahan
puntahan	trigger
pupuntahan	
purihin	pinuri
purihin	pinupuri
purihin	pupurihin
puslitan	pinuslitan
puslitan	pinupuslitan
puslitan	pupuslitan
pusuan	pinusuan
pusuan	pinupusuan
pusuan	pupusuan
putaktihin	pinutakti
putaktihin	pinuputakti
putaktihin	puputaktihin
putukan	pinutukan
putukan	pinuputukan
putukan	puputukan
putukin	pinutok
putukin	pinuputok
putukin	puputukin
putulan	pinutulan
putulan	pinuputulan
putulan	puputulan
putulin	pinutol
putulin	pinuputol
putulin	puputulin
puwersahan	pinuwersahan
puwersahan	pinupuwersahan
puwersahan	pupuwersahan
puwersahin	pinuwersa
puwersahin	pinupuwersa
puwersahin	pupuwersahin
pwersahan	pinwersahan
pwersahan	pinepwersahan
pwersahan	pepwersahan
pwersahin	pinwersa
pwersahin	pinepwersa
pwersahin	pepwersahin
rating	
ratipikahan	niratipikahan
ratipikahan	niraratipikahan
ratipikahan	raratipikahan
rentahan	nirentahan
rentahan	nirerentahan
rentahan	rerentahan
reply-an	nireply-an
reply-an	nirereply-an
reply-an	rereply-an
reply-an	replyan
reply-an	nirereplyan
ribyuhin	niribyu
ribyuhin	niriribyu
ribyuhin	riribyuhin
ribyuhin	inaribyu
ribyuhin	pagribyuhan
ribyuhin	pinapagribyuhan
ribyuhin	pinagriribyuhan
ribyuhin	ipagribyu
ribyuhin	ipinapagribyu
ribyuhin	iparibyu
ribyuhin	ipinariribyu
ribyuhin	ipinaparibyu
ribyuhin	ipagparibyu
ribyuhin	ipinagpaparibyu
ribyuhin	ipinapagparibyu
ribyuhin	ikapagparibyu
ribyuhin	ikinapagpaparibyu
ribyuhin	ikinakapagparibyu
ribyuhin	maribyu
ribyuhin	nariribyu
ribyuhin	maipagribyu
ribyuhin	naipagriribyu
ribyuhin	naipapagribyu
ribyuhin	naiipagribyu
ribyuhin	maikapagribyu
ribyuhin	naikapagriribyu
ribyuhin	naikapapagribyu
ribyuhin	naiikapagribyu
ribyuhin	mapagribyuan
ribyuhin	napagriribyuan
ribyuhin	napapagribyuan
ribyuhin	maiparibyu
ribyuhin	naipariribyu
ribyuhin	naipaparibyu
ribyuhin	naiiparibyu
ribyuhin	maipagparibyu
ribyuhin	naipagpaparibyu
ribyuhin	naipapagparibyu
ribyuhin	naiipagparibyu
ribyuhin	maikapagparibyu
ribyuhin	naikapagpaparibyu
ribyuhin	naikakapagparibyu
ribyuhin	naiikapagparibyu
ribyuhin	mapagparibyuhan
ribyuhin	napagpapariribyuhan
ribyuhin	napapagparibyuhan
ribyuhin	mapapagribyuhan
ribyuhin	napapapagribyuhan
ribyuhin	makipagribyu
ribyuhin	nakikipagribyu
ribyuhin	makiribyu
ribyuhin	nakikiribyu
ribyuhin	makipagparibyu
ribyuhin	nakikipagparibyu
rumesbak	rumeresbak
rumesbak	reresbak
rumesbak	rungmeresbak
rumonda	rumoronda
rumonda	roronda
rumonda	rungmoronda
rumupok	rumurupok
rumupok	rurupok
rumupok	rungmurupok
rumurupok	
rurupok	
sabihan	sinabihan
sabihan	sinasabihan
sabihan	sasabihan
sabihan	sabihin
sabihan	sinasabi
sabihan	inasabi
sabihan	inasabihan
sabihan	pagsabihan
sabihan	pinapagsabihan
sabihan	pinagsasabihan
sabihan	ipagsabi
sabihan	ipinapagsabi
sabihan	ipasabi
sabihan	ipinasasabi
sabihan	ipinapasabi
sabihan	ipagpasabi
sabihan	ipinagpapasabi
sabihan	ipinapagpasabi
sabihan	ikapagpasabi
sabihan	ikinapagpapasabi
sabihan	ikinakapagpasabi
sabihan	masabi
sabihan	nasasabi
sabihan	masabihan
sabihan	nasasabihan
sabihan	maipagsabi
sabihan	naipagsasabi
sabihan	naipapagsabi
sabihan	naiipagsabi
sabihan	maikapagsabi
sabihan	naikapagsasabi
sabihan	naikapapagsabi
sabihan	naiikapagsabi
sabihan	mapagsabian
sabihan	napagsasabian
sabihan	napapagsabian
sabihan	maipasabi
sabihan	naipasasabi
sabihan	naipapasabi
sabihan	naiipasabi
sabihan	maipagpasabi
sabihan	naipagpapasabi
sabihan	naipapagpasabi
sabihan	naiipagpasabi
sabihan	maikapagpasabi
sabihan	naikapagpapasabi
sabihan	naikakapagpasabi
sabihan	naiikapagpasabi
sabihan	mapagpasabihan
sabihan	napagpapasasabihan
sabihan	napapagpasabihan
sabihan	mapapagsabihan
sabihan	napapapagsabihan
sabihan	makipagsabi
sabihan	nakikipagsabi
sabihan	makisabi
sabihan	nakikisabi
sabihan	makipagpasabi
sabihan	nakikipagpasabi
sabihin	sinabi
sabihin	sinasabi
sabihin	sasabihin
sabihin	inasabi
sabihin	sabihan
sabihin	sinasabihan
sabihin	inasabihan
sabihin	pagsabihan
sabihin	pinapagsabihan
sabihin	pinagsasabihan
sabihin	ipagsabi
sabihin	ipinapagsabi
sabihin	ipasabi
sabihin	ipinasasabi
sabihin	ipinapasabi
sabihin	ipagpasabi
sabihin	ipinagpapasabi
sabihin	ipinapagpasabi
sabihin	ikapagpasabi
sabihin	ikinapagpapasabi
sabihin	ikinakapagpasabi
sabihin	masabi
sabihin	nasasabi
sabihin	masabihan
sabihin	nasasabihan
sabihin	maipagsabi
sabihin	naipagsasabi
sabihin	naipapagsabi
sabihin	naiipagsabi
sabihin	maikapagsabi
sabihin	naikapagsasabi
sabihin	naikapapagsabi
sabihin	naiikapagsabi
sabihin	mapagsabian
sabihin	napagsasabian
sabihin	napapagsabian
sabihin	maipasabi
sabihin	naipasasabi
sabihin	naipapasabi
sabihin	naiipasabi
sabihin	maipagpasabi
sabihin	naipagpapasabi
sabihin	naipapagpasabi
sabihin	naiipagpasabi
sabihin	maikapagpasabi
sabihin	naikapagpapasabi
sabihin	naikakapagpasabi
sabihin	naiikapagpasabi
sabihin	mapagpasabihan
sabihin	napagpapasasabihan
sabihin	napapagpasabihan
sabihin	mapapagsabihan
sabihin	napapapagsabihan
sabihin	makipagsabi
sabihin	nakikipagsabi
sabihin	makisabi
sabihin	nakikisabi
sabihin	makipagpasabi
sabihin	nakikipagpasabi
sabunan	sinabunan
sabunan	sinasabunan
sabunan	sasabunan
sabunin	sinabon
sabunin	sinasabon
sabunin	sasabunin
sabunutan	sinabunutan
sabunutan	sinasabunutan
sabunutan	sasabunutan
sadyain	sinadya
sadyain	sinasadya
sadyain	sasadyain
sagasain	sinasaga
sagasain	sinasagasa
sagasain	sasagasain
sagkaan	sinagkaan
sagkaan	sinasagkaan
sagkaan	sasagkaan
sagutan	sinagutan
sagutan	sinasagutan
sagutan	sasagutan
sagutan	sagutin
sagutan	sinasagot
sagutan	inasagot
sagutan	inasagutan
sagutan	pagsagutan
sagutan	pinapagsagutan
sagutan	pinagsasagutan
sagutan	isagot
sagutan	isinasagot
sagutan	ipasagot
sagutan	ipinasasagot
sagutan	ipinapasagot
sagutan	ipagpasagot
sagutan	ipinagpapasagot
sagutan	ipinapagpasagot
sagutan	ikapagpasagot
sagutan	ikinapagpapasagot
sagutan	ikinakapagpasagot
sagutan	masagot
sagutan	nasasagot
sagutan	masagutan
sagutan	nasasagutan
sagutan	maisagot
sagutan	naisasagot
sagutan	maikasagot
sagutan	naikasasagot
sagutan	naikakasagot
sagutan	naiikasagot
sagutan	mapagsagotan
sagutan	napagsasagotan
sagutan	napapagsagotan
sagutan	maipasagot
sagutan	naipasasagot
sagutan	naipapasagot
sagutan	naiipasagot
sagutan	maipagpasagot
sagutan	naipagpapasagot
sagutan	naipapagpasagot
sagutan	naiipagpasagot
sagutan	maikapagpasagot
sagutan	naikapagpapasagot
sagutan	naikakapagpasagot
sagutan	naiikapagpasagot
sagutan	mapagpasagutan
sagutan	napagpapasasagutan
sagutan	napapagpasagutan
sagutan	mapapagsagutan
sagutan	napapapagsagutan
sagutan	makisagot
sagutan	nakikisagot
sagutan	makipagpasagot
sagutan	nakikipagpasagot
sagutin	sinagot
sagutin	sinasagot
sagutin	sasagutin
sagutin	inasagot
sagutin	sagutan
sagutin	sinasagutan
sagutin	inasagutan
sagutin	pagsagutan
sagutin	pinapagsagutan
sagutin	pinagsasagutan
sagutin	isagot
sagutin	isinasagot
sagutin	ipasagot
sagutin	ipinasasagot
sagutin	ipinapasagot
sagutin	ipagpasagot
sagutin	ipinagpapasagot
sagutin	ipinapagpasagot
sagutin	ikapagpasagot
sagutin	ikinapagpapasagot
sagutin	ikinakapagpasagot
sagutin	masagot
sagutin	nasasagot
sagutin	masagutan
sagutin	nasasagutan
sagutin	maisagot
sagutin	naisasagot
sagutin	maikasagot
sagutin	naikasasagot
sagutin	naikakasagot
sagutin	naiikasagot
sagutin	mapagsagotan
sagutin	napagsasagotan
sagutin	napapagsagotan
sagutin	maipasagot
sagutin	naipasasagot
sagutin	naipapasagot
sagutin	naiipasagot
sagutin	maipagpasagot
sagutin	naipagpapasagot
sagutin	naipapagpasagot
sagutin	naiipagpasagot
sagutin	maikapagpasagot
sagutin	naikapagpapasagot
sagutin	naikakapagpasagot
sagutin	naiikapagpasagot
sagutin	mapagpasagutan
sagutin	napagpapasasagutan
sagutin	napapagpasagutan
sagutin	mapapagsagutan
sagutin	napapapagsagutan
sagutin	makisagot
sagutin	nakikisagot
sagutin	makipagpasagot
sagutin	nakikipagpasagot
sahuran	sinahuran
sahuran	sinasahuran
sahuran	sasahuran
sakahan	sinakahan
sakahan	sinasakahan
sakahan	sasakahan
sakalin	sinakal
sakalin	sinasakal
sakalin	sasakalin
sakalin	inasakal
sakalin	pagsakalan
sakalin	pinapagsakalan
sakalin	pinagsasakalan
sakalin	isakal
sakalin	isinasakal
sakalin	ipasakal
sakalin	ipinasasakal
sakalin	ipinapasakal
sakalin	ipagpasakal
sakalin	ipinagpapasakal
sakalin	ipinapagpasakal
sakalin	ikapagpasakal
sakalin	ikinapagpapasakal
sakalin	ikinakapagpasakal
sakalin	masakal
sakalin	nasasakal
sakalin	maisakal
sakalin	naisasakal
sakalin	maikasakal
sakalin	naikasasakal
sakalin	naikakasakal
sakalin	naiikasakal
sakalin	mapagsakalan
sakalin	napagsasakalan
sakalin	napapagsakalan
sakalin	maipasakal
sakalin	naipasasakal
sakalin	naipapasakal
sakalin	naiipasakal
sakalin	maipagpasakal
sakalin	naipagpapasakal
sakalin	naipapagpasakal
sakalin	naiipagpasakal
sakalin	maikapagpasakal
sakalin	naikapagpapasakal
sakalin	naikakapagpasakal
sakalin	naiikapagpasakal
sakalin	mapagpasakalan
sakalin	napagpapasasakalan
sakalin	napapagpasakalan
sakalin	mapapagsakalan
sakalin	napapapagsakalan
sakalin	makisakal
sakalin	nakikisakal
sakalin	makipagpasakal
sakalin	nakikipagpasakal
sakalin	panakalan
sakalin	pinananakalan
sakalin	pinapanakalan
sakalin	ipanakal
sakalin	ipinapanakal
sakalin	ipapanakal
sakalin	ipinapapanakal
sakalin	ikapagpapanakal
sakalin	ikinapagpapapanakal
sakalin	ikinakapagpapanakal
sakalin	papanakalan
sakalin	pinapapanakalan
sakalin	maipaakal
sakalin	naipaaakal
sakalin	naipapaakal
sakalin	naiipaakal
sakalin	maikapaakal
sakalin	naikapaaakal
sakalin	naikapapaakal
sakalin	naiikapaakal
sakalin	mapaakalan
sakalin	napaaakalan
sakalin	napapaakalan
sakalin	maipapanakal
sakalin	naipapapanakal
sakalin	naiipapanakal
sakalin	maikapagpapanakal
sakalin	naikapagpapapanakal
sakalin	naikakapagpapanakal
sakalin	naiikapagpapanakal
sakalin	mapapanakalan
sakalin	napapapanakalan
sakalin	makipanakal
sakalin	nakikipanakal
sakitin	sinakit
sakitin	sinasakit
sakitin	sasakit
saksakan	sinaksakan
saksakan	sinasaksakan
saksakan	sasaksakan
saksakan	saksakin
saksakan	sinasaksak
saksakan	inasaksak
saksakan	inasaksakan
saksakan	pagsaksakan
saksakan	pinapagsaksakan
saksakan	pinagsasaksakan
saksakan	isaksak
saksakan	isinasaksak
saksakan	ipasaksak
saksakan	ipinasasaksak
saksakan	ipinapasaksak
saksakan	ipagpasaksak
saksakan	ipinagpapasaksak
saksakan	ipinapagpasaksak
saksakan	ikapagpasaksak
saksakan	ikinapagpapasaksak
saksakan	ikinakapagpasaksak
saksakan	masaksak
saksakan	nasasaksak
saksakan	masaksakan
saksakan	nasasaksakan
saksakan	maisaksak
saksakan	naisasaksak
saksakan	maikasaksak
saksakan	naikasasaksak
saksakan	naikakasaksak
saksakan	naiikasaksak
saksakan	mapagsaksakan
saksakan	napagsasaksakan
saksakan	napapagsaksakan
saksakan	maipasaksak
saksakan	naipasasaksak
saksakan	naipapasaksak
saksakan	naiipasaksak
saksakan	maipagpasaksak
saksakan	naipagpapasaksak
saksakan	naipapagpasaksak
saksakan	naiipagpasaksak
saksakan	maikapagpasaksak
saksakan	naikapagpapasaksak
saksakan	naikakapagpasaksak
saksakan	naiikapagpasaksak
saksakan	mapagpasaksakan
saksakan	napagpapasasaksakan
saksakan	napapagpasaksakan
saksakan	mapapagsaksakan
saksakan	napapapagsaksakan
saksakan	makisaksak
saksakan	nakikisaksak
saksakan	makipagpasaksak
saksakan	nakikipagpasaksak
saksakin	sinaksak
saksakin	sinasaksak
saksakin	sasaksak
saksakin	inasaksak
saksakin	saksakan
saksakin	sinasaksakan
saksakin	inasaksakan
saksakin	pagsaksakan
saksakin	pinapagsaksakan
saksakin	pinagsasaksakan
saksakin	isaksak
saksakin	isinasaksak
saksakin	ipasaksak
saksakin	ipinasasaksak
saksakin	ipinapasaksak
saksakin	ipagpasaksak
saksakin	ipinagpapasaksak
saksakin	ipinapagpasaksak
saksakin	ikapagpasaksak
saksakin	ikinapagpapasaksak
saksakin	ikinakapagpasaksak
saksakin	masaksak
saksakin	nasasaksak
saksakin	masaksakan
saksakin	nasasaksakan
saksakin	maisaksak
saksakin	naisasaksak
saksakin	maikasaksak
saksakin	naikasasaksak
saksakin	naikakasaksak
saksakin	naiikasaksak
saksakin	mapagsaksakan
saksakin	napagsasaksakan
saksakin	napapagsaksakan
saksakin	maipasaksak
saksakin	naipasasaksak
saksakin	naipapasaksak
saksakin	naiipasaksak
saksakin	maipagpasaksak
saksakin	naipagpapasaksak
saksakin	naipapagpasaksak
saksakin	naiipagpasaksak
saksakin	maikapagpasaksak
saksakin	naikapagpapasaksak
saksakin	naikakapagpasaksak
saksakin	naiikapagpasaksak
saksakin	mapagpasaksakan
saksakin	napagpapasasaksakan
saksakin	napapagpasaksakan
saksakin	mapapagsaksakan
saksakin	napapapagsaksakan
saksakin	makisaksak
saksakin	nakikisaksak
saksakin	makipagpasaksak
saksakin	nakikipagpasaksak
saksihan	sinaksihan
saksihan	sinasaksihan
saksihan	sasaksihan
saktan	sinaktan
saktan	sinasaktan
saktan	sasaktan
sakyan	sinakyan
sakyan	sinasakyan
sakyan	sasakyan
sakyan	inasakyan
sakyan	pagsakyan
sakyan	pinapagsakyan
sakyan	pinagsasakyan
sakyan	isakay
sakyan	isinasakay
sakyan	ipagpasakay
sakyan	ipinagpapasakay
sakyan	ipinapagpasakay
sakyan	ikapagpasakay
sakyan	ikinapagpapasakay
sakyan	ikinakapagpasakay
sakyan	masakyan
sakyan	nasasakyan
sakyan	maisakay
sakyan	naisasakay
sakyan	maikasakay
sakyan	naikasasakay
sakyan	naikakasakay
sakyan	naiikasakay
sakyan	mapagsakayan
sakyan	napagsasakayan
sakyan	napapagsakayan
sakyan	maipagpasakay
sakyan	naipagpapasakay
sakyan	naipapagpasakay
sakyan	naiipagpasakay
sakyan	maikapagpasakay
sakyan	naikapagpapasakay
sakyan	naikakapagpasakay
sakyan	naiikapagpasakay
sakyan	mapagpasakyan
sakyan	napagpapasasakyan
sakyan	napapagpasakyan
sakyan	mapapagsakyan
sakyan	napapapagsakyan
sakyan	makisakay
sakyan	nakikisakay
sakyan	makipagpasakay
sakyan	nakikipagpasakay
salaan	sinalaan
salaan	sinasalaan
salaan	sasalaan
salain	sinala
salain	sinasala
salain	sasalain
salakayin	sinalakay
salakayin	sinasalakay
salakayin	sasalakayin
salakayin	inasalakay
salakayin	pagsalakayan
salakayin	pinapagsalakayan
salakayin	pinagsasalakayan
salakayin	isalakay
salakayin	isinasalakay
salakayin	ipasalakay
salakayin	ipinasasalakay
salakayin	ipinapasalakay
salakayin	ipagpasalakay
salakayin	ipinagpapasalakay
salakayin	ipinapagpasalakay
salakayin	ikapagpasalakay
salakayin	ikinapagpapasalakay
salakayin	ikinakapagpasalakay
salakayin	masalakay
salakayin	nasasalakay
salakayin	maisalakay
salakayin	naisasalakay
salakayin	maikasalakay
salakayin	naikasasalakay
salakayin	naikakasalakay
salakayin	naiikasalakay
salakayin	mapagsalakayan
salakayin	napagsasalakayan
salakayin	napapagsalakayan
salakayin	maipasalakay
salakayin	naipasasalakay
salakayin	naipapasalakay
salakayin	naiipasalakay
salakayin	maipagpasalakay
salakayin	naipagpapasalakay
salakayin	naipapagpasalakay
salakayin	naiipagpasalakay
salakayin	maikapagpasalakay
salakayin	naikapagpapasalakay
salakayin	naikakapagpasalakay
salakayin	naiikapagpasalakay
salakayin	mapagpasalakayan
salakayin	napagpapasasalakayan
salakayin	napapagpasalakayan
salakayin	mapapagsalakayan
salakayin	napapapagsalakayan
salakayin	makisalakay
salakayin	nakikisalakay
salakayin	makipagpasalakay
salakayin	nakikipagpasalakay
saligan	sinaligan
saligan	sinasaligan
saligan	sasaligan
salitain	sinalita
salitain	sinasalita
salitain	sasalitain
salpukin	sinalpok
salpukin	sinasalpok
salpukin	sasalpukin
salungguhitan	sinalungguhitan
salungguhitan	sinasalungguhitan
salungguhitan	sasalungguhitan
samahan	sinamahan
samahan	sinasamahan
samahan	sasamahan
samahan	inasamahan
samahan	pagsamahan
samahan	pinapagsamahan
samahan	pinagsasamahan
samahan	isama
samahan	isinasama
samahan	ipagpasama
samahan	ipinagpapasama
samahan	ipinapagpasama
samahan	ikapagpasama
samahan	ikinapagpapasama
samahan	ikinakapagpasama
samahan	masamahan
samahan	nasasamahan
samahan	maisama
samahan	naisasama
samahan	maikasama
samahan	naikasasama
samahan	naikakasama
samahan	naiikasama
samahan	mapagsamaan
samahan	napagsasamaan
samahan	napapagsamaan
samahan	maipagpasama
samahan	naipagpapasama
samahan	naipapagpasama
samahan	naiipagpasama
samahan	maikapagpasama
samahan	naikapagpapasama
samahan	naikakapagpasama
samahan	naiikapagpasama
samahan	mapagpasamahan
samahan	napagpapasasamahan
samahan	napapagpasamahan
samahan	mapapagsamahan
samahan	napapapagsamahan
samahan	makisama
samahan	nakikisama
samahan	makipagpasama
samahan	nakikipagpasama
samain	sinama
samain	sinasama
samain	sasamain
samaing-palad	sinamang-palad
samaing-palad	sinasamang-palad
samaing-palad	sasamaing-palad
sampalin	sinampal
sampalin	sinasampal
sampalin	sasampalin
sampalin	inasampal
sampalin	pagsampalan
sampalin	pinapagsampalan
sampalin	pinagsasampalan
sampalin	isampal
sampalin	isinasampal
sampalin	ipasampal
sampalin	ipinasasampal
sampalin	ipinapasampal
sampalin	ipagpasampal
sampalin	ipinagpapasampal
sampalin	ipinapagpasampal
sampalin	ikapagpasampal
sampalin	ikinapagpapasampal
sampalin	ikinakapagpasampal
sampalin	masampal
sampalin	nasasampal
sampalin	maisampal
sampalin	naisasampal
sampalin	maikasampal
sampalin	naikasasampal
sampalin	naikakasampal
sampalin	naiikasampal
sampalin	mapagsampalan
sampalin	napagsasampalan
sampalin	napapagsampalan
sampalin	maipasampal
sampalin	naipasasampal
sampalin	naipapasampal
sampalin	naiipasampal
sampalin	maipagpasampal
sampalin	naipagpapasampal
sampalin	naipapagpasampal
sampalin	naiipagpasampal
sampalin	maikapagpasampal
sampalin	naikapagpapasampal
sampalin	naikakapagpasampal
sampalin	naiikapagpasampal
sampalin	mapagpasampalan
sampalin	napagpapasasampalan
sampalin	napapagpasampalan
sampalin	mapapagsampalan
sampalin	napapapagsampalan
sampalin	makisampal
sampalin	nakikisampal
sampalin	makipagpasampal
sampalin	nakikipagpasampal
sampalin	panampalan
sampalin	pinananampalan
sampalin	pinapanampalan
sampalin	ipanampal
sampalin	ipinapanampal
sampalin	ipapanampal
sampalin	ipinapapanampal
sampalin	ikapagpapanampal
sampalin	ikinapagpapapanampal
sampalin	ikinakapagpapanampal
sampalin	papanampalan
sampalin	pinapapanampalan
sampalin	maipaampal
sampalin	naipaaampal
sampalin	naipapaampal
sampalin	naiipaampal
sampalin	maikapaampal
sampalin	naikapaaampal
sampalin	naikapapaampal
sampalin	naiikapaampal
sampalin	mapaampalan
sampalin	napaaampalan
sampalin	napapaampalan
sampalin	maipapanampal
sampalin	naipapapanampal
sampalin	naiipapanampal
sampalin	maikapagpapanampal
sampalin	naikapagpapapanampal
sampalin	naikakapagpapanampal
sampalin	naiikapagpapanampal
sampalin	mapapanampalan
sampalin	napapapanampalan
sampalin	makipanampal
sampalin	nakikipanampal
sampayan	sinampayan
sampayan	sinasampayan
sampayan	sasampayan
samsamin	sinamsam
samsamin	sinasamsam
samsamin	sasamsamin
sandatahan	sinandatahan
sandatahan	sinasandatahan
sandatahan	sasandatahan
sang-ayunan	sinang-ayunan
sang-ayunan	sinasang-ayunan
sang-ayunan	sasang-ayunan
sangagin	sinangag
sangagin	sinasangag
sangagin	sasangagin
sangkalan	sinangkalan
sangkalan	sinasangkalan
sangkalan	sasangkalan
sanglaan	sinanglaan
sanglaan	sinasanglaan
sanglaan	sasanglaan
saniban	sinaniban
saniban	sinasaniban
saniban	sasaniban
santuhin	sinanto
santuhin	sinasanto
santuhin	sasantuhin
sapinan	sinapinan
sapinan	sinasapinan
sapinan	sasapinan
sapupuhin	sinapupo
sapupuhin	sinasapupo
sapupuhin	sasapupuhin
sarhan	sinarhan
sarhan	sinasarhan
sarhan	sasarhan
sarilinin	sinarili
sarilinin	sinasarili
sarilinin	sasarilinin
sariwain	sinariwa
sariwain	sinasariwa
sariwain	sasariwain
sarsahan	sinarsahan
sarsahan	sinasarsahan
sarsahan	sasarsahan
sasabunutan	
sasakyan	
sasama	
sasapinan	
sasapnan	
sauluhin	sinaulo
sauluhin	sinasaulo
sauluhin	sasauluhin
sauluhin	sauluin
sauluhin	inasaulo
sauluhin	pagsauluan
sauluhin	pinapagsauluan
sauluhin	pinagsasauluan
sauluhin	ipagsaulo
sauluhin	ipinapagsaulo
sauluhin	ipasaulo
sauluhin	ipinasasaulo
sauluhin	ipinapasaulo
sauluhin	ipagpasaulo
sauluhin	ipinagpapasaulo
sauluhin	ipinapagpasaulo
sauluhin	ikapagpasaulo
sauluhin	ikinapagpapasaulo
sauluhin	ikinakapagpasaulo
sauluhin	masaulo
sauluhin	nasasaulo
sauluhin	maipagsaulo
sauluhin	naipagsasaulo
sauluhin	naipapagsaulo
sauluhin	naiipagsaulo
sauluhin	maikapagsaulo
sauluhin	naikapagsasaulo
sauluhin	naikapapagsaulo
sauluhin	naiikapagsaulo
sauluhin	mapagsauloan
sauluhin	napagsasauloan
sauluhin	napapagsauloan
sauluhin	maipasaulo
sauluhin	naipasasaulo
sauluhin	naipapasaulo
sauluhin	naiipasaulo
sauluhin	maipagpasaulo
sauluhin	naipagpapasaulo
sauluhin	naipapagpasaulo
sauluhin	naiipagpasaulo
sauluhin	maikapagpasaulo
sauluhin	naikapagpapasaulo
sauluhin	naikakapagpasaulo
sauluhin	naiikapagpasaulo
sauluhin	mapagpasauluan
sauluhin	napagpapasasauluan
sauluhin	napapagpasauluan
sauluhin	mapapagsauluan
sauluhin	napapapagsauluan
sauluhin	makipagsaulo
sauluhin	nakikipagsaulo
sauluhin	makisaulo
sauluhin	nakikisaulo
sauluhin	makipagpasaulo
sauluhin	nakikipagpasaulo
sawatain	sinawata
sawatain	sinasawata
sawatain	sasawatain
sawayin	sinaway
sawayin	sinasaway
sawayin	sasawayin
sawsawan	sinawsawan
sawsawan	sinasawsawan
sawsawan	sasawsawan
sayawan	sinayawan
sayawan	sinasayawan
sayawan	sasayawan
sayawan	sayawin
sayawan	sinasayaw
sayawan	inasayaw
sayawan	inasayawan
sayawan	pagsayawan
sayawan	pinapagsayawan
sayawan	pinagsasayawan
sayawan	isayaw
sayawan	isinasayaw
sayawan	ipasayaw
sayawan	ipinasasayaw
sayawan	ipinapasayaw
sayawan	ipagpasayaw
sayawan	ipinagpapasayaw
sayawan	ipinapagpasayaw
sayawan	ikapagpasayaw
sayawan	ikinapagpapasayaw
sayawan	ikinakapagpasayaw
sayawan	masayaw
sayawan	nasasayaw
sayawan	masayawan
sayawan	nasasayawan
sayawan	maisayaw
sayawan	naisasayaw
sayawan	maikasayaw
sayawan	naikasasayaw
sayawan	naikakasayaw
sayawan	naiikasayaw
sayawan	mapagsayawan
sayawan	napagsasayawan
sayawan	napapagsayawan
sayawan	maipasayaw
sayawan	naipasasayaw
sayawan	naipapasayaw
sayawan	naiipasayaw
sayawan	maipagpasayaw
sayawan	naipagpapasayaw
sayawan	naipapagpasayaw
sayawan	naiipagpasayaw
sayawan	maikapagpasayaw
sayawan	naikapagpapasayaw
sayawan	naikakapagpasayaw
sayawan	naiikapagpasayaw
sayawan	mapagpasayawan
sayawan	napagpapasasayawan
sayawan	napapagpasayawan
sayawan	mapapagsayawan
sayawan	napapapagsayawan
sayawan	makisayaw
sayawan	nakikisayaw
sayawan	makipagpasayaw
sayawan	nakikipagpasayaw
sayawin	sinayaw
sayawin	sinasayaw
sayawin	sasayaw
sayawin	inasayaw
sayawin	sayawan
sayawin	sinasayawan
sayawin	inasayawan
sayawin	pagsayawan
sayawin	pinapagsayawan
sayawin	pinagsasayawan
sayawin	isayaw
sayawin	isinasayaw
sayawin	ipasayaw
sayawin	ipinasasayaw
sayawin	ipinapasayaw
sayawin	ipagpasayaw
sayawin	ipinagpapasayaw
sayawin	ipinapagpasayaw
sayawin	ikapagpasayaw
sayawin	ikinapagpapasayaw
sayawin	ikinakapagpasayaw
sayawin	masayaw
sayawin	nasasayaw
sayawin	masayawan
sayawin	nasasayawan
sayawin	maisayaw
sayawin	naisasayaw
sayawin	maikasayaw
sayawin	naikasasayaw
sayawin	naikakasayaw
sayawin	naiikasayaw
sayawin	mapagsayawan
sayawin	napagsasayawan
sayawin	napapagsayawan
sayawin	maipasayaw
sayawin	naipasasayaw
sayawin	naipapasayaw
sayawin	naiipasayaw
sayawin	maipagpasayaw
sayawin	naipagpapasayaw
sayawin	naipapagpasayaw
sayawin	naiipagpasayaw
sayawin	maikapagpasayaw
sayawin	naikapagpapasayaw
sayawin	naikakapagpasayaw
sayawin	naiikapagpasayaw
sayawin	mapagpasayawan
sayawin	napagpapasasayawan
sayawin	napapagpasayawan
sayawin	mapapagsayawan
sayawin	napapapagsayawan
sayawin	makisayaw
sayawin	nakikisayaw
sayawin	makipagpasayaw
sayawin	nakikipagpasayaw
segundahan	sinegundahan
segundahan	sinesegundahan
segundahan	sesegundahan
sentensiyahan	sinentensiyahan
sentensiyahan	sinesentensiyahan
sentensiyahan	sesentensiyahan
sentensyahan	sinentensyahan
sentensyahan	sinesentensyahan
sentensyahan	sesentensyahan
senyasan	sinenyasan
senyasan	sinesenyasan
senyasan	sesenyasan
sesantehin	sinesante
sesantehin	sinesesante
sesantehin	sesesantehin
sidlan	sinidlan
sidlan	sinisidlan
sidlan	sisidlan
sigaan	sinigaan
sigaan	sinisigaan
sigaan	sisigaan
siguraduhin	sinigurado
siguraduhin	sinisigurado
siguraduhin	sisiguraduhin
siksikan	siniksikan
siksikan	sinisiksikan
siksikan	sisiksikan
silangan	sinilangan
silangan	sinisilangan
silangan	sisilangan
simbahan	sinimbahan
simbahan	sinisimbahan
simbahan	sisimbahan
simplehan	sinimplehan
simplehan	sinisimplehan
simplehan	sisimplehan
simulan	sinimulan
simulan	sinisimulan
simulan	sisimulan
sinabunutan	
sinakyan	
sinama	
sinamang-palad	
sinang-ayunan	
sinangag	
sinaniban	
sinapupo	
sinasabunutan	
sinasanto	
sinaya	
sindakin	sinindak
sindakin	sinisindak
sindakin	sisindakin
singhutin	sininghot
singhutin	sinisinghot
singhutin	sisinghutin
sinigurado	
sinisigurado	
sinukin	sininok
sinukin	sinisinok
sinukin	sisinukin
sinukmani	
sinuliran	sininuliran
sinuliran	sinisinuliran
sinuliran	sisinuliran
sinumpaan	
sinupin	sininop
sinupin	sinisinop
sinupin	sisinupin
sipagin	sinipag
sipagin	sinisipag
sipagin	sisipagin
sipain	sinipa
sipain	sinisipa
sipain	sisipain
sipatin	sinipat
sipatin	sinisipat
sipatin	sisipatin
sipitin	sinipit
sipitin	sinisipit
sipitin	sisipitin
sipitin	inasipit
sipitin	pagsipitan
sipitin	pinapagsipitan
sipitin	pinagsisipitan
sipitin	isipit
sipitin	isinisipit
sipitin	ipasipit
sipitin	ipinasisipit
sipitin	ipinapasipit
sipitin	ipagpasipit
sipitin	ipinagpapasipit
sipitin	ipinapagpasipit
sipitin	ikapagpasipit
sipitin	ikinapagpapasipit
sipitin	ikinakapagpasipit
sipitin	masipit
sipitin	nasisipit
sipitin	maisipit
sipitin	naisisipit
sipitin	maikasipit
sipitin	naikasisipit
sipitin	naikakasipit
sipitin	naiikasipit
sipitin	mapagsipitan
sipitin	napagsisipitan
sipitin	napapagsipitan
sipitin	maipasipit
sipitin	naipasisipit
sipitin	naipapasipit
sipitin	naiipasipit
sipitin	maipagpasipit
sipitin	naipagpapasipit
sipitin	naipapagpasipit
sipitin	naiipagpasipit
sipitin	maikapagpasipit
sipitin	naikapagpapasipit
sipitin	naikakapagpasipit
sipitin	naiikapagpasipit
sipitin	mapagpasipitan
sipitin	napagpapasisipitan
sipitin	napapagpasipitan
sipitin	mapapagsipitan
sipitin	napapapagsipitan
sipitin	makisipit
sipitin	nakikisipit
sipitin	makipagpasipit
sipitin	nakikipagpasipit
sipunin	sinipon
sipunin	sinisipon
sipunin	sisipunin
siraan	siniraan
siraan	sinisiraan
siraan	sisiraan
siraan	inasiraan
siraan	paniraan
siraan	pinaniniraan
siraan	pinapaniraan
siraan	ipanira
siraan	ipinapanira
siraan	ipagpasira
siraan	ipinagpapasira
siraan	ipinapagpasira
siraan	ipapanira
siraan	ipinapapanira
siraan	ikapagpapanira
siraan	ikinapagpapapanira
siraan	ikinakapagpapanira
siraan	papaniraan
siraan	pinapapaniraan
siraan	masiraan
siraan	nasisiraan
siraan	maipaira
siraan	naipaiira
siraan	naipapaira
siraan	naiipaira
siraan	maikapaira
siraan	naikapaiira
siraan	naikapapaira
siraan	naiikapaira
siraan	mapairaan
siraan	napaiiraan
siraan	napapairaan
siraan	maipagpasira
siraan	naipagpapasira
siraan	naipapagpasira
siraan	naiipagpasira
siraan	maipapanira
siraan	naipapapanira
siraan	naiipapanira
siraan	maikapagpapanira
siraan	naikapagpapapanira
siraan	naikakapagpapanira
siraan	naiikapagpapanira
siraan	mapapaniraan
siraan	napapapaniraan
siraan	makipanira
siraan	nakikipanira
siraan	makipagpasira
siraan	nakikipagpasira
sirain	sinira
sirain	sinisira
sirain	sisirain
sisidlan	
sisiguraduhin	
sisihin	sinisi
sisihin	sinisisi
sisihin	sisisihin
sisihin	inasisi
sisihin	panisihan
sisihin	pinaninisihan
sisihin	pinapanisihan
sisihin	ipanisi
sisihin	ipinapanisi
sisihin	ipasisi
sisihin	ipinasisisi
sisihin	ipinapasisi
sisihin	ipagpasisi
sisihin	ipinagpapasisi
sisihin	ipinapagpasisi
sisihin	ipapanisi
sisihin	ipinapapanisi
sisihin	ikapagpapanisi
sisihin	ikinapagpapapanisi
sisihin	ikinakapagpapanisi
sisihin	papanisihan
sisihin	pinapapanisihan
sisihin	masisi
sisihin	nasisisi
sisihin	maipaisi
sisihin	naipaiisi
sisihin	naipapaisi
sisihin	naiipaisi
sisihin	maikapaisi
sisihin	naikapaiisi
sisihin	naikapapaisi
sisihin	naiikapaisi
sisihin	mapaisian
sisihin	napaiisian
sisihin	napapaisian
sisihin	maipasisi
sisihin	naipasisisi
sisihin	naipapasisi
sisihin	naiipasisi
sisihin	maipagpasisi
sisihin	naipagpapasisi
sisihin	naipapagpasisi
sisihin	naiipagpasisi
sisihin	maipapanisi
sisihin	naipapapanisi
sisihin	naiipapanisi
sisihin	maikapagpapanisi
sisihin	naikapagpapapanisi
sisihin	naikakapagpapanisi
sisihin	naiikapagpapanisi
sisihin	mapapanisihan
sisihin	napapapanisihan
sisihin	makipanisi
sisihin	nakikipanisi
sisihin	makipagpasisi
sisihin	nakikipagpasisi
sisikat	
subukan	sinubukan
subukan	sinusubukan
subukan	susubukan
subukan	inasubukan
subukan	pagsubukan
subukan	pinapagsubukan
subukan	pinagsusubukan
subukan	isubok
subukan	isinusubok
subukan	ipagpasubok
subukan	ipinagpapasubok
subukan	ipinapagpasubok
subukan	ikapagpasubok
subukan	ikinapagpapasubok
subukan	ikinakapagpasubok
subukan	masubukan
subukan	nasusubukan
subukan	maisubok
subukan	naisusubok
subukan	maikasubok
subukan	naikasusubok
subukan	naikakasubok
subukan	naiikasubok
subukan	mapagsubokan
subukan	napagsusubokan
subukan	napapagsubokan
subukan	maipagpasubok
subukan	naipagpapasubok
subukan	naipapagpasubok
subukan	naiipagpasubok
subukan	maikapagpasubok
subukan	naikapagpapasubok
subukan	naikakapagpasubok
subukan	naiikapagpasubok
subukan	mapagpasubukan
subukan	napagpapasusubukan
subukan	napapagpasubukan
subukan	mapapagsubukan
subukan	napapapagsubukan
subukan	makisubok
subukan	nakikisubok
subukan	makipagpasubok
subukan	nakikipagpasubok
sudsuran	sinudsuran
sudsuran	sinusudsuran
sudsuran	susudsuran
sugalan	sinugalan
sugalan	sinusugalan
sugalan	susugalan
suhulan	sinuhulan
suhulan	sinusuhulan
suhulan	susuhulan
suhulan	inasuhulan
suhulan	panuhulan
suhulan	pinanunuhulan
suhulan	pinapanuhulan
suhulan	ipanuhol
suhulan	ipinapanuhol
suhulan	ipagpasuhol
suhulan	ipinagpapasuhol
suhulan	ipinapagpasuhol
suhulan	ipapanuhol
suhulan	ipinapapanuhol
suhulan	ikapagpapanuhol
suhulan	ikinapagpapapanuhol
suhulan	ikinakapagpapanuhol
suhulan	papanuhulan
suhulan	pinapapanuhulan
suhulan	masuhulan
suhulan	nasusuhulan
suhulan	maipauhol
suhulan	naipauuhol
suhulan	naipapauhol
suhulan	naiipauhol
suhulan	maikapauhol
suhulan	naikapauuhol
suhulan	naikapapauhol
suhulan	naiikapauhol
suhulan	mapauholan
suhulan	napauuholan
suhulan	napapauholan
suhulan	maipagpasuhol
suhulan	naipagpapasuhol
suhulan	naipapagpasuhol
suhulan	naiipagpasuhol
suhulan	maipapanuhol
suhulan	naipapapanuhol
suhulan	naiipapanuhol
suhulan	maikapagpapanuhol
suhulan	naikapagpapapanuhol
suhulan	naikakapagpapanuhol
suhulan	naiikapagpapanuhol
suhulan	mapapanuhulan
suhulan	napapapanuhulan
suhulan	makipanuhol
suhulan	nakikipanuhol
suhulan	makipagpasuhol
suhulan	nakikipagpasuhol
sukdulan	sinukdulan
sukdulan	sinusukdulan
sukdulan	susukdulan
sulaman	sinulaman
sulaman	sinusulaman
sulaman	susulaman
sulatan	sinulatan
sulatan	sinusulatan
sulatan	susulatan
sulatan	sulatin
sulatan	sinusulat
sulatan	inasulat
sulatan	inasulatan
sulatan	pagsulatan
sulatan	pinapagsulatan
sulatan	pinagsusulatan
sulatan	isulat
sulatan	isinusulat
sulatan	ipasulat
sulatan	ipinasusulat
sulatan	ipinapasulat
sulatan	ipagpasulat
sulatan	ipinagpapasulat
sulatan	ipinapagpasulat
sulatan	ikapagpasulat
sulatan	ikinapagpapasulat
sulatan	ikinakapagpasulat
sulatan	masulat
sulatan	nasusulat
sulatan	masulatan
sulatan	nasusulatan
sulatan	maisulat
sulatan	naisusulat
sulatan	maikasulat
sulatan	naikasusulat
sulatan	naikakasulat
sulatan	naiikasulat
sulatan	mapagsulatan
sulatan	napagsusulatan
sulatan	napapagsulatan
sulatan	maipasulat
sulatan	naipasusulat
sulatan	naipapasulat
sulatan	naiipasulat
sulatan	maipagpasulat
sulatan	naipagpapasulat
sulatan	naipapagpasulat
sulatan	naiipagpasulat
sulatan	maikapagpasulat
sulatan	naikapagpapasulat
sulatan	naikakapagpasulat
sulatan	naiikapagpasulat
sulatan	mapagpasulatan
sulatan	napagpapasusulatan
sulatan	napapagpasulatan
sulatan	mapapagsulatan
sulatan	napapapagsulatan
sulatan	makisulat
sulatan	nakikisulat
sulatan	makipagpasulat
sulatan	nakikipagpasulat
sulatin	sinulat
sulatin	sinusulat
sulatin	susulatin
sulatin	inasulat
sulatin	sulatan
sulatin	sinusulatan
sulatin	inasulatan
sulatin	pagsulatan
sulatin	pinapagsulatan
sulatin	pinagsusulatan
sulatin	isulat
sulatin	isinusulat
sulatin	ipasulat
sulatin	ipinasusulat
sulatin	ipinapasulat
sulatin	ipagpasulat
sulatin	ipinagpapasulat
sulatin	ipinapagpasulat
sulatin	ikapagpasulat
sulatin	ikinapagpapasulat
sulatin	ikinakapagpasulat
sulatin	masulat
sulatin	nasusulat
sulatin	masulatan
sulatin	nasusulatan
sulatin	maisulat
sulatin	naisusulat
sulatin	maikasulat
sulatin	naikasusulat
sulatin	naikakasulat
sulatin	naiikasulat
sulatin	mapagsulatan
sulatin	napagsusulatan
sulatin	napapagsulatan
sulatin	maipasulat
sulatin	naipasusulat
sulatin	naipapasulat
sulatin	naiipasulat
sulatin	maipagpasulat
sulatin	naipagpapasulat
sulatin	naipapagpasulat
sulatin	naiipagpasulat
sulatin	maikapagpasulat
sulatin	naikapagpapasulat
sulatin	naikakapagpasulat
sulatin	naiikapagpasulat
sulatin	mapagpasulatan
sulatin	napagpapasusulatan
sulatin	napapagpasulatan
sulatin	mapapagsulatan
sulatin	napapapagsulatan
sulatin	makisulat
sulatin	nakikisulat
sulatin	makipagpasulat
sulatin	nakikipagpasulat
sulitin	sinulit
sulitin	sinusulit
sulitin	susulitin
sumabat	sumasabat
sumabat	sasabat
sumabat	sabatin
sumabat	sinasabat
sumabat	inasabat
sumabat	pagsabatan
sumabat	pinapagsabatan
sumabat	pinagsasabatan
sumabat	isabat
sumabat	isinasabat
sumabat	ipasabat
sumabat	ipinasasabat
sumabat	ipinapasabat
sumabat	ipagpasabat
sumabat	ipinagpapasabat
sumabat	ipinapagpasabat
sumabat	ikapagpasabat
sumabat	ikinapagpapasabat
sumabat	ikinakapagpasabat
sumabat	masabat
sumabat	nasasabat
sumabat	maisabat
sumabat	naisasabat
sumabat	maikasabat
sumabat	naikasasabat
sumabat	naikakasabat
sumabat	naiikasabat
sumabat	mapagsabatan
sumabat	napagsasabatan
sumabat	napapagsabatan
sumabat	maipasabat
sumabat	naipasasabat
sumabat	naipapasabat
sumabat	naiipasabat
sumabat	maipagpasabat
sumabat	naipagpapasabat
sumabat	naipapagpasabat
sumabat	naiipagpasabat
sumabat	maikapagpasabat
sumabat	naikapagpapasabat
sumabat	naikakapagpasabat
sumabat	naiikapagpasabat
sumabat	mapagpasabatan
sumabat	napagpapasasabatan
sumabat	napapagpasabatan
sumabat	mapapagsabatan
sumabat	napapapagsabatan
sumabat	makisabat
sumabat	nakikisabat
sumabat	makipagpasabat
sumabat	nakikipagpasabat
sumablay	sumasablay
sumablay	sasablay
sumabog	sumasabog
sumabog	sasabog
sumabog	sungmasabog
sumadsad	sumasadsad
sumadsad	sasadsad
sumadsad	pagsadsaran
sumadsad	pinapagsadsaran
sumadsad	pinagsasadsaran
sumadsad	isadsad
sumadsad	isinasadsad
sumadsad	ipagpasadsad
sumadsad	ipinagpapasadsad
sumadsad	ipinapagpasadsad
sumadsad	ikapagpasadsad
sumadsad	ikinapagpapasadsad
sumadsad	ikinakapagpasadsad
sumadsad	maisadsad
sumadsad	naisasadsad
sumadsad	maikasadsad
sumadsad	naikasasadsad
sumadsad	naikakasadsad
sumadsad	naiikasadsad
sumadsad	mapagsadsadan
sumadsad	napagsasadsadan
sumadsad	napapagsadsadan
sumadsad	maipagpasadsad
sumadsad	naipagpapasadsad
sumadsad	naipapagpasadsad
sumadsad	naiipagpasadsad
sumadsad	maikapagpasadsad
sumadsad	naikapagpapasadsad
sumadsad	naikakapagpasadsad
sumadsad	naiikapagpasadsad
sumadsad	mapagpasadsaran
sumadsad	napagpapasasadsaran
sumadsad	napapagpasadsaran
sumadsad	mapapagsadsaran
sumadsad	napapapagsadsaran
sumadsad	makisadsad
sumadsad	nakikisadsad
sumadsad	makipagpasadsad
sumadsad	nakikipagpasadsad
sumagadsad	sumasagadsad
sumagadsad	sasagadsad
sumagadsad	sungmasagadsad
sumagitsit	sumasagitsit
sumagitsit	sasagitsit
sumagitsit	sungmasagitsit
sumagot	sumasagot
sumagot	sasagot
sumagot	sagutin
sumagot	sinasagot
sumagot	inasagot
sumagot	pagsagutan
sumagot	pinapagsagutan
sumagot	pinagsasagutan
sumagot	isagot
sumagot	isinasagot
sumagot	ipasagot
sumagot	ipinasasagot
sumagot	ipinapasagot
sumagot	ipagpasagot
sumagot	ipinagpapasagot
sumagot	ipinapagpasagot
sumagot	ikapagpasagot
sumagot	ikinapagpapasagot
sumagot	ikinakapagpasagot
sumagot	masagot
sumagot	nasasagot
sumagot	maisagot
sumagot	naisasagot
sumagot	maikasagot
sumagot	naikasasagot
sumagot	naikakasagot
sumagot	naiikasagot
sumagot	mapagsagotan
sumagot	napagsasagotan
sumagot	napapagsagotan
sumagot	maipasagot
sumagot	naipasasagot
sumagot	naipapasagot
sumagot	naiipasagot
sumagot	maipagpasagot
sumagot	naipagpapasagot
sumagot	naipapagpasagot
sumagot	naiipagpasagot
sumagot	maikapagpasagot
sumagot	naikapagpapasagot
sumagot	naikakapagpasagot
sumagot	naiikapagpasagot
sumagot	mapagpasagutan
sumagot	napagpapasasagutan
sumagot	napapagpasagutan
sumagot	mapapagsagutan
sumagot	napapapagsagutan
sumagot	makisagot
sumagot	nakikisagot
sumagot	makipagpasagot
sumagot	nakikipagpasagot
sumahimpapawid	sumasahimpapawid
sumahimpapawid	sasahimpapawid
sumailalim	sumasailalim
sumailalim	sasailalim
sumailalim	sungmasailalim
sumakabilang-buhay	sumasakabilang-buhay
sumakabilang-buhay	sasakabilang-buhay
sumakabilang-buhay	sungmasakabilang-buhay
sumakay	sumasakay
sumakay	sasakay
sumakay	sungmasakay
sumakit	sumasakit
sumakit	sasakit
sumakit	sungmasakit
sumaksak	sumasaksak
sumaksak	sasaksak
sumaksak	saksakin
sumaksak	sinasaksak
sumaksak	inasaksak
sumaksak	saksakan
sumaksak	sinasaksakan
sumaksak	inasaksakan
sumaksak	pagsaksakan
sumaksak	pinapagsaksakan
sumaksak	pinagsasaksakan
sumaksak	isaksak
sumaksak	isinasaksak
sumaksak	ipasaksak
sumaksak	ipinasasaksak
sumaksak	ipinapasaksak
sumaksak	ipagpasaksak
sumaksak	ipinagpapasaksak
sumaksak	ipinapagpasaksak
sumaksak	ikapagpasaksak
sumaksak	ikinapagpapasaksak
sumaksak	ikinakapagpasaksak
sumaksak	masaksak
sumaksak	nasasaksak
sumaksak	masaksakan
sumaksak	nasasaksakan
sumaksak	maisaksak
sumaksak	naisasaksak
sumaksak	maikasaksak
sumaksak	naikasasaksak
sumaksak	naikakasaksak
sumaksak	naiikasaksak
sumaksak	mapagsaksakan
sumaksak	napagsasaksakan
sumaksak	napapagsaksakan
sumaksak	maipasaksak
sumaksak	naipasasaksak
sumaksak	naipapasaksak
sumaksak	naiipasaksak
sumaksak	maipagpasaksak
sumaksak	naipagpapasaksak
sumaksak	naipapagpasaksak
sumaksak	naiipagpasaksak
sumaksak	maikapagpasaksak
sumaksak	naikapagpapasaksak
sumaksak	naikakapagpasaksak
sumaksak	naiikapagpasaksak
sumaksak	mapagpasaksakan
sumaksak	napagpapasasaksakan
sumaksak	napapagpasaksakan
sumaksak	mapapagsaksakan
sumaksak	napapapagsaksakan
sumaksak	makisaksak
sumaksak	nakikisaksak
sumaksak	makipagpasaksak
sumaksak	nakikipagpasaksak
sumalamin	sumasalamin
sumalamin	sasalamin
sumalapang	sumasalapang
sumalapang	sasalapang
sumalapang	sungmasalapang
sumalapaw	sumasalapaw
sumalapaw	sasalapaw
sumalapaw	sungmasalapaw
sumalisi	sumasalisi
sumalisi	sasalisi
sumalisi	sungmasalisi
sumalpok	sumasalpok
sumalpok	sasalpok
sumalpok	sungmasalpok
sumama	sumasama
sumama	sasama
sumama	sungmasama
sumampalataya	sumasampalataya
sumampalataya	sasampalataya
sumampalataya	sungmasampalataya
sumang-ayon	sumasang-ayon
sumang-ayon	sasang-ayon
sumang-ayon	sungmasang-ayon
sumangguni	sumasangguni
sumangguni	sasangguni
sumasaibabaw	
sumasalangit	
sumasampalataya	
sumaya	sumasaya
sumaya	sasaya
sumaya	sungmasaya
sumayaw	sumasayaw
sumayaw	sasayaw
sumayaw	sungmasayaw
sumeksi	sumeseksi
sumeksi	seseksi
sumeksi	sungmeseksi
sumemplang	sumesemplang
sumemplang	sesemplang
sumemplang	sungmesemplang
sumigwa	sumisigwa
sumigwa	sisigwa
sumigwa	sungmisigwa
sumikat	sumisikat
sumikat	sisikat
sumikat	sungmisikat
sumikip	sumisikip
sumikip	sisikip
sumikip	sungmisikip
sumilang	sumisilang
sumilang	sisilang
sumilang	sungmisilang
sumilip	sumisilip
sumilip	sisilip
sumilip	silipin
sumilip	sinisilip
sumilip	inasilip
sumilip	silipan
sumilip	sinisilipan
sumilip	inasilipan
sumilip	pagsilipan
sumilip	pinapagsilipan
sumilip	pinagsisilipan
sumilip	isilip
sumilip	isinisilip
sumilip	ipasilip
sumilip	ipinasisilip
sumilip	ipinapasilip
sumilip	ipagpasilip
sumilip	ipinagpapasilip
sumilip	ipinapagpasilip
sumilip	ikapagpasilip
sumilip	ikinapagpapasilip
sumilip	ikinakapagpasilip
sumilip	masilip
sumilip	nasisilip
sumilip	masilipan
sumilip	nasisilipan
sumilip	maisilip
sumilip	naisisilip
sumilip	maikasilip
sumilip	naikasisilip
sumilip	naikakasilip
sumilip	naiikasilip
sumilip	mapagsilipan
sumilip	napagsisilipan
sumilip	napapagsilipan
sumilip	maipasilip
sumilip	naipasisilip
sumilip	naipapasilip
sumilip	naiipasilip
sumilip	maipagpasilip
sumilip	naipagpapasilip
sumilip	naipapagpasilip
sumilip	naiipagpasilip
sumilip	maikapagpasilip
sumilip	naikapagpapasilip
sumilip	naikakapagpasilip
sumilip	naiikapagpasilip
sumilip	mapagpasilipan
sumilip	napagpapasisilipan
sumilip	napapagpasilipan
sumilip	mapapagsilipan
sumilip	napapapagsilipan
sumilip	makisilip
sumilip	nakikisilip
sumilip	makipagpasilip
sumilip	nakikipagpasilip
sumimangot	sumisimangot
sumimangot	sisimangot
sumimangot	sungmisimangot
suminga	sumisinga
suminga	sisinga
suminga	sungmisinga
sumingaw	sumisingaw
sumingaw	sisingaw
sumingaw	sungmisingaw
suminta	sumisinta
suminta	sisinta
suminta	sungmisinta
sumipsip	sumisipsip
sumipsip	sisipsip
sumipsip	sipsipin
sumipsip	sinisipsip
sumipsip	inasipsip
sumipsip	sipsipan
sumipsip	sinisipsipan
sumipsip	inasipsipan
sumipsip	pagsipsipan
sumipsip	pinapagsipsipan
sumipsip	pinagsisipsipan
sumipsip	isipsip
sumipsip	isinisipsip
sumipsip	ipasipsip
sumipsip	ipinasisipsip
sumipsip	ipinapasipsip
sumipsip	ipagpasipsip
sumipsip	ipinagpapasipsip
sumipsip	ipinapagpasipsip
sumipsip	ikapagpasipsip
sumipsip	ikinapagpapasipsip
sumipsip	ikinakapagpasipsip
sumipsip	masipsip
sumipsip	nasisipsip
sumipsip	masipsipan
sumipsip	nasisipsipan
sumipsip	maisipsip
sumipsip	naisisipsip
sumipsip	maikasipsip
sumipsip	naikasisipsip
sumipsip	naikakasipsip
sumipsip	naiikasipsip
sumipsip	mapagsipsipan
sumipsip	napagsisipsipan
sumipsip	napapagsipsipan
sumipsip	maipasipsip
sumipsip	naipasisipsip
sumipsip	naipapasipsip
sumipsip	naiipasipsip
sumipsip	maipagpasipsip
sumipsip	naipagpapasipsip
sumipsip	naipapagpasipsip
sumipsip	naiipagpasipsip
sumipsip	maikapagpasipsip
sumipsip	naikapagpapasipsip
sumipsip	naikakapagpasipsip
sumipsip	naiikapagpasipsip
sumipsip	mapagpasipsipan
sumipsip	napagpapasisipsipan
sumipsip	napapagpasipsipan
sumipsip	mapapagsipsipan
sumipsip	napapapagsipsipan
sumipsip	makisipsip
sumipsip	nakikisipsip
sumipsip	makipagpasipsip
sumipsip	nakikipagpasipsip
sumisid	sumisisid
sumisid	sisisid
sumisid	sisirin
sumisid	sinisisid
sumisid	inasisid
sumisid	pagsisiran
sumisid	pinapagsisiran
sumisid	pinagsisisiran
sumisid	isisid
sumisid	isinisisid
sumisid	ipasisid
sumisid	ipinasisisid
sumisid	ipinapasisid
sumisid	ipagpasisid
sumisid	ipinagpapasisid
sumisid	ipinapagpasisid
sumisid	ikapagpasisid
sumisid	ikinapagpapasisid
sumisid	ikinakapagpasisid
sumisid	masisid
sumisid	nasisisid
sumisid	maisisid
sumisid	naisisisid
sumisid	maikasisid
sumisid	naikasisisid
sumisid	naikakasisid
sumisid	naiikasisid
sumisid	mapagsisidan
sumisid	napagsisisidan
sumisid	napapagsisidan
sumisid	maipasisid
sumisid	naipasisisid
sumisid	naipapasisid
sumisid	naiipasisid
sumisid	maipagpasisid
sumisid	naipagpapasisid
sumisid	naipapagpasisid
sumisid	naiipagpasisid
sumisid	maikapagpasisid
sumisid	naikapagpapasisid
sumisid	naikakapagpasisid
sumisid	naiikapagpasisid
sumisid	mapagpasisiran
sumisid	napagpapasisisiran
sumisid	napapagpasisiran
sumisid	mapapagsisiran
sumisid	napapapagsisiran
sumisid	makisisid
sumisid	nakikisisid
sumisid	makipagpasisid
sumisid	nakikipagpasisid
sumisikat	
sumobra	sumosobra
sumobra	sosobra
sumpaan	sinumpaan
sumpaan	sinusumpaan
sumpaan	susumpaan
sumugal	sumusugal
sumugal	susugal
sumugal	sungmusugal
sumuka	sumusuka
sumuka	susuka
sumuka	isuka
sumuka	isinusuka
sumuka	inasuka
sumuka	sukahan
sumuka	sinusukahan
sumuka	inasukahan
sumuka	pagsukahan
sumuka	pinapagsukahan
sumuka	pinagsusukahan
sumuka	ipasuka
sumuka	ipinasusuka
sumuka	ipinapasuka
sumuka	ipagpasuka
sumuka	ipinagpapasuka
sumuka	ipinapagpasuka
sumuka	ikapagpasuka
sumuka	ikinapagpapasuka
sumuka	ikinakapagpasuka
sumuka	maisuka
sumuka	naisusuka
sumuka	masukahan
sumuka	nasusukahan
sumuka	maikasuka
sumuka	naikasusuka
sumuka	naikakasuka
sumuka	naiikasuka
sumuka	mapagsukaan
sumuka	napagsusukaan
sumuka	napapagsukaan
sumuka	maipasuka
sumuka	naipasusuka
sumuka	naipapasuka
sumuka	naiipasuka
sumuka	maipagpasuka
sumuka	naipagpapasuka
sumuka	naipapagpasuka
sumuka	naiipagpasuka
sumuka	maikapagpasuka
sumuka	naikapagpapasuka
sumuka	naikakapagpasuka
sumuka	naiikapagpasuka
sumuka	mapagpasukahan
sumuka	napagpapasusukahan
sumuka	napapagpasukahan
sumuka	mapapagsukahan
sumuka	napapapagsukahan
sumuka	makisuka
sumuka	nakikisuka
sumuka	makipagpasuka
sumuka	nakikipagpasuka
sumulat	sumusulat
sumulat	susulat
sumulat	sungmusulat
sumulong	sumusulong
sumulong	susulong
sumulong	sungmusulong
sumulsol	sumusulsol
sumulsol	susulsol
sumulsol	sulsulan
sumulsol	sinusulsulan
sumulsol	inasulsulan
sumulsol	pagsulsulan
sumulsol	pinapagsulsulan
sumulsol	pinagsusulsulan
sumulsol	isulsol
sumulsol	isinusulsol
sumulsol	ipagpasulsol
sumulsol	ipinagpapasulsol
sumulsol	ipinapagpasulsol
sumulsol	ikapagpasulsol
sumulsol	ikinapagpapasulsol
sumulsol	ikinakapagpasulsol
sumulsol	masulsulan
sumulsol	nasusulsulan
sumulsol	maisulsol
sumulsol	naisusulsol
sumulsol	maikasulsol
sumulsol	naikasusulsol
sumulsol	naikakasulsol
sumulsol	naiikasulsol
sumulsol	mapagsulsolan
sumulsol	napagsusulsolan
sumulsol	napapagsulsolan
sumulsol	maipagpasulsol
sumulsol	naipagpapasulsol
sumulsol	naipapagpasulsol
sumulsol	naiipagpasulsol
sumulsol	maikapagpasulsol
sumulsol	naikapagpapasulsol
sumulsol	naikakapagpasulsol
sumulsol	naiikapagpasulsol
sumulsol	mapagpasulsulan
sumulsol	napagpapasusulsulan
sumulsol	napapagpasulsulan
sumulsol	mapapagsulsulan
sumulsol	napapapagsulsulan
sumulsol	makisulsol
sumulsol	nakikisulsol
sumulsol	makipagpasulsol
sumulsol	nakikipagpasulsol
sumunod	sumusunod
sumunod	susunod
sumunod	sundin
sumunod	sinusunod
sumunod	inasunod
sumunod	sundan
sumunod	sinusundan
sumunod	inasundan
sumunod	pagsundan
sumunod	pinapagsundan
sumunod	pinagsusundan
sumunod	isunod
sumunod	isinusunod
sumunod	ipasunod
sumunod	ipinasusunod
sumunod	ipinapasunod
sumunod	ipagpasunod
sumunod	ipinagpapasunod
sumunod	ipinapagpasunod
sumunod	ikapagpasunod
sumunod	ikinapagpapasunod
sumunod	ikinakapagpasunod
sumunod	masunod
sumunod	nasusunod
sumunod	masundan
sumunod	nasusundan
sumunod	maisunod
sumunod	naisusunod
sumunod	maikasunod
sumunod	naikasusunod
sumunod	naikakasunod
sumunod	naiikasunod
sumunod	mapagsunodan
sumunod	napagsusunodan
sumunod	napapagsunodan
sumunod	maipasunod
sumunod	naipasusunod
sumunod	naipapasunod
sumunod	naiipasunod
sumunod	maipagpasunod
sumunod	naipagpapasunod
sumunod	naipapagpasunod
sumunod	naiipagpasunod
sumunod	maikapagpasunod
sumunod	naikapagpapasunod
sumunod	naikakapagpasunod
sumunod	naiikapagpasunod
sumunod	mapagpasundan
sumunod	napagpapasusundan
sumunod	napapagpasundan
sumunod	mapapagsundan
sumunod	napapapagsundan
sumunod	makisunod
sumunod	nakikisunod
sumunod	makipagpasunod
sumunod	nakikipagpasunod
sumuong	sumusuong
sumuong	susuong
sumuong	sungmusuong
sumusulat	
sumuway	sumusuway
sumuway	susuway
sumuway	sungmusuway
sundan	sinundan
sundan	sinusundan
sundan	susundan
sundan	sundin
sundan	sinusunod
sundan	inasunod
sundan	inasundan
sundan	pagsundan
sundan	pinapagsundan
sundan	pinagsusundan
sundan	isunod
sundan	isinusunod
sundan	ipasunod
sundan	ipinasusunod
sundan	ipinapasunod
sundan	ipagpasunod
sundan	ipinagpapasunod
sundan	ipinapagpasunod
sundan	ikapagpasunod
sundan	ikinapagpapasunod
sundan	ikinakapagpasunod
sundan	masunod
sundan	nasusunod
sundan	masundan
sundan	nasusundan
sundan	maisunod
sundan	naisusunod
sundan	maikasunod
sundan	naikasusunod
sundan	naikakasunod
sundan	naiikasunod
sundan	mapagsunodan
sundan	napagsusunodan
sundan	napapagsunodan
sundan	maipasunod
sundan	naipasusunod
sundan	naipapasunod
sundan	naiipasunod
sundan	maipagpasunod
sundan	naipagpapasunod
sundan	naipapagpasunod
sundan	naiipagpasunod
sundan	maikapagpasunod
sundan	naikapagpapasunod
sundan	naikakapagpasunod
sundan	naiikapagpasunod
sundan	mapagpasundan
sundan	napagpapasusundan
sundan	napapagpasundan
sundan	mapapagsundan
sundan	napapapagsundan
sundan	makisunod
sundan	nakikisunod
sundan	makipagpasunod
sundan	nakikipagpasunod
sundin	sinunod
sundin	sinusunod
sundin	susundin
sundin	inasunod
sundin	sundan
sundin	sinusundan
sundin	inasundan
sundin	pagsundan
sundin	pinapagsundan
sundin	pinagsusundan
sundin	isunod
sundin	isinusunod
sundin	ipasunod
sundin	ipinasusunod
sundin	ipinapasunod
sundin	ipagpasunod
sundin	ipinagpapasunod
sundin	ipinapagpasunod
sundin	ikapagpasunod
sundin	ikinapagpapasunod
sundin	ikinakapagpasunod
sundin	masunod
sundin	nasusunod
sundin	masundan
sundin	nasusundan
sundin	maisunod
sundin	naisusunod
sundin	maikasunod
sundin	naikasusunod
sundin	naikakasunod
sundin	naiikasunod
sundin	mapagsunodan
sundin	napagsusunodan
sundin	napapagsunodan
sundin	maipasunod
sundin	naipasusunod
sundin	naipapasunod
sundin	naiipasunod
sundin	maipagpasunod
sundin	naipagpapasunod
sundin	naipapagpasunod
sundin	naiipagpasunod
sundin	maikapagpasunod
sundin	naikapagpapasunod
sundin	naikakapagpasunod
sundin	naiikapagpasunod
sundin	mapagpasundan
sundin	napagpapasusundan
sundin	napapagpasundan
sundin	mapapagsundan
sundin	napapapagsundan
sundin	makisunod
sundin	nakikisunod
sundin	makipagpasunod
sundin	nakikipagpasunod
sungalngalin	sinungalngal
sungalngalin	sinusungalngal
sungalngalin	susungalngalin
sunggaban	sinunggaban
sunggaban	sinusunggaban
sunggaban	susunggaban
suntukin	sinuntok
suntukin	sinusuntok
suntukin	susuntukin
suntukin	inasuntok
suntukin	panuntukan
suntukin	pinanununtukan
suntukin	pinapanuntukan
suntukin	ipanuntok
suntukin	ipinapanuntok
suntukin	ipasuntok
suntukin	ipinasusuntok
suntukin	ipinapasuntok
suntukin	ipagpasuntok
suntukin	ipinagpapasuntok
suntukin	ipinapagpasuntok
suntukin	ipapanuntok
suntukin	ipinapapanuntok
suntukin	ikapagpapanuntok
suntukin	ikinapagpapapanuntok
suntukin	ikinakapagpapanuntok
suntukin	papanuntukan
suntukin	pinapapanuntukan
suntukin	masuntok
suntukin	nasusuntok
suntukin	maipauntok
suntukin	naipauuntok
suntukin	naipapauntok
suntukin	naiipauntok
suntukin	maikapauntok
suntukin	naikapauuntok
suntukin	naikapapauntok
suntukin	naiikapauntok
suntukin	mapauntokan
suntukin	napauuntokan
suntukin	napapauntokan
suntukin	maipasuntok
suntukin	naipasusuntok
suntukin	naipapasuntok
suntukin	naiipasuntok
suntukin	maipagpasuntok
suntukin	naipagpapasuntok
suntukin	naipapagpasuntok
suntukin	naiipagpasuntok
suntukin	maipapanuntok
suntukin	naipapapanuntok
suntukin	naiipapanuntok
suntukin	maikapagpapanuntok
suntukin	naikapagpapapanuntok
suntukin	naikakapagpapanuntok
suntukin	naiikapagpapanuntok
suntukin	mapapanuntukan
suntukin	napapapanuntukan
suntukin	makipanuntok
suntukin	nakikipanuntok
suntukin	makipagpasuntok
suntukin	nakikipagpasuntok
sunugin	sinunog
sunugin	sinusunog
sunugin	susunugin
suongin	sinuong
suongin	sinusuong
suongin	susuongin
suongin	inasuong
suongin	pagsuongan
suongin	pinapagsuongan
suongin	pinagsusuongan
suongin	isuong
suongin	isinusuong
suongin	ipasuong
suongin	ipinasusuong
suongin	ipinapasuong
suongin	ipagpasuong
suongin	ipinagpapasuong
suongin	ipinapagpasuong
suongin	ikapagpasuong
suongin	ikinapagpapasuong
suongin	ikinakapagpasuong
suongin	masuong
suongin	nasusuong
suongin	maisuong
suongin	naisusuong
suongin	maikasuong
suongin	naikasusuong
suongin	naikakasuong
suongin	naiikasuong
suongin	mapagsuongan
suongin	napagsusuongan
suongin	napapagsuongan
suongin	maipasuong
suongin	naipasusuong
suongin	naipapasuong
suongin	naiipasuong
suongin	maipagpasuong
suongin	naipagpapasuong
suongin	naipapagpasuong
suongin	naiipagpasuong
suongin	maikapagpasuong
suongin	naikapagpapasuong
suongin	naikakapagpasuong
suongin	naiikapagpasuong
suongin	mapagpasuongan
suongin	napagpapasusuongan
suongin	napapagpasuongan
suongin	mapapagsuongan
suongin	napapapagsuongan
suongin	makisuong
suongin	nakikisuong
suongin	makipagpasuong
suongin	nakikipagpasuong
suplayan	sinuplayan
suplayan	sinusuplayan
suplayan	susuplayan
suportahan	sinuportahan
suportahan	sinusuportahan
suportahan	susuportahan
surian	sinurian
surian	sinusurian
surian	susurian
susian	sinusian
susian	sinususian
susian	sususian
susugan	sinusugan
susugan	sinususugan
susugan	sususugan
susugan	inasusugan
susugan	pagsusugan
susugan	pinapagsusugan
susugan	pinagsususugan
susugan	ipagsusog
susugan	ipinapagsusog
susugan	ipagpasusog
susugan	ipinagpapasusog
susugan	ipinapagpasusog
susugan	ikapagpasusog
susugan	ikinapagpapasusog
susugan	ikinakapagpasusog
susugan	masusugan
susugan	nasususugan
susugan	maipagsusog
susugan	naipagsususog
susugan	naipapagsusog
susugan	naiipagsusog
susugan	maikapagsusog
susugan	naikapagsususog
susugan	naikapapagsusog
susugan	naiikapagsusog
susugan	mapagsusogan
susugan	napagsususogan
susugan	napapagsusogan
susugan	maipagpasusog
susugan	naipagpapasusog
susugan	naipapagpasusog
susugan	naiipagpasusog
susugan	maikapagpasusog
susugan	naikapagpapasusog
susugan	naikakapagpasusog
susugan	naiikapagpasusog
susugan	mapagpasusugan
susugan	napagpapasususugan
susugan	napapagpasusugan
susugan	mapapagsusugan
susugan	napapapagsusugan
susugan	makipagsusog
susugan	nakikipagsusog
susugan	makisusog
susugan	nakikisusog
susugan	makipagpasusog
susugan	nakikipagpasusog
susulat	
susunod	
susunor	
suungin	sinuong
suungin	sinusuong
suungin	susuungin
suungin	inasuong
suungin	pagsuungan
suungin	pinapagsuungan
suungin	pinagsusuungan
suungin	isuong
suungin	isinusuong
suungin	ipasuong
suungin	ipinasusuong
suungin	ipinapasuong
suungin	ipagpasuong
suungin	ipinagpapasuong
suungin	ipinapagpasuong
suungin	ikapagpasuong
suungin	ikinapagpapasuong
suungin	ikinakapagpasuong
suungin	masuong
suungin	nasusuong
suungin	maisuong
suungin	naisusuong
suungin	maikasuong
suungin	naikasusuong
suungin	naikakasuong
suungin	naiikasuong
suungin	mapagsuongan
suungin	napagsusuongan
suungin	napapagsuongan
suungin	maipasuong
suungin	naipasusuong
suungin	naipapasuong
suungin	naiipasuong
suungin	maipagpasuong
suungin	naipagpapasuong
suungin	naipapagpasuong
suungin	naiipagpasuong
suungin	maikapagpasuong
suungin	naikapagpapasuong
suungin	naikakapagpasuong
suungin	naiikapagpasuong
suungin	mapagpasuungan
suungin	napagpapasusuungan
suungin	napapagpasuungan
suungin	mapapagsuungan
suungin	napapapagsuungan
suungin	makisuong
suungin	nakikisuong
suungin	makipagpasuong
suungin	nakikipagpasuong
suwelduhan	sinuwelduhan
suwelduhan	sinusuwelduhan
suwelduhan	susuwelduhan
suwertihin	sinuwerte
suwertihin	sinusuwerte
suwertihin	susuwertihin
suyurin	sinuyod
suyurin	sinusuyod
suyurin	susuyurin
taas	
taasan	tinaasan
taasan	tinataasan
taasan	tataasan
taasan	inataasan
taasan	pagtaasan
taasan	pinapagtaasan
taasan	pinagtataasan
taasan	ipagtaas
taasan	ipinapagtaas
taasan	ipagpataas
taasan	ipinagpapataas
taasan	ipinapagpataas
taasan	ikapagpataas
taasan	ikinapagpapataas
taasan	ikinakapagpataas
taasan	mataasan
taasan	natataasan
taasan	maipagtaas
taasan	naipagtataas
taasan	naipapagtaas
taasan	naiipagtaas
taasan	maikapagtaas
taasan	naikapagtataas
taasan	naikapapagtaas
taasan	naiikapagtaas
taasan	mapagtaasan
taasan	napagtataasan
taasan	napapagtaasan
taasan	maipagpataas
taasan	naipagpapataas
taasan	naipapagpataas
taasan	naiipagpataas
taasan	maikapagpataas
taasan	naikapagpapataas
taasan	naikakapagpataas
taasan	naiikapagpataas
taasan	mapagpataasan
taasan	napagpapatataasan
taasan	napapagpataasan
taasan	mapapagtaasan
taasan	napapapagtaasan
taasan	makipagtaas
taasan	nakikipagtaas
taasan	makitaas
taasan	nakikitaas
taasan	makipagpataas
taasan	nakikipagpataas
tablan	tinablan
tablan	tinatablan
tablan	tatablan
tabtabin	tinabtab
tabtabin	tinatabtab
tabtabin	tatabtabin
tabunan	tinabunan
tabunan	tinatabunan
tabunan	tatabunan
tagain	tinaga
tagain	tinataga
tagain	tatagain
tagasan	tinagasan
tagasan	tinatagasan
tagasan	tatagasan
tagpuin	tinagpo
tagpuin	tinatagpo
tagpuin	tatagpuin
taguan	tinaguan
taguan	tinataguan
taguan	tataguan
tahanan	tinahanan
tahanan	tinatahanan
tahanan	tatahanan
taihan	tinaihan
taihan	tinataihan
taihan	tataihan
taihan	taian
taihan	tinataian
takban	tinakban
takban	tinatakban
takban	tatakban
takbuhan	tinakbuhan
takbuhan	tinatakbuhan
takbuhan	tatakbuhan
takbuhin	tinakbo
takbuhin	tinatakbo
takbuhin	tatakbuhin
takbuhin	inatakbo
takbuhin	takbuhan
takbuhin	tinatakbuhan
takbuhin	inatakbuhan
takbuhin	pagtakbuhan
takbuhin	pinapagtakbuhan
takbuhin	pinagtatakbuhan
takbuhin	ipagtakbo
takbuhin	ipinapagtakbo
takbuhin	ipatakbo
takbuhin	ipinatatakbo
takbuhin	ipinapatakbo
takbuhin	ipagpatakbo
takbuhin	ipinagpapatakbo
takbuhin	ipinapagpatakbo
takbuhin	ikapagpatakbo
takbuhin	ikinapagpapatakbo
takbuhin	ikinakapagpatakbo
takbuhin	matakbo
takbuhin	natatakbo
takbuhin	matakbuhan
takbuhin	natatakbuhan
takbuhin	maipagtakbo
takbuhin	naipagtatakbo
takbuhin	naipapagtakbo
takbuhin	naiipagtakbo
takbuhin	maikapagtakbo
takbuhin	naikapagtatakbo
takbuhin	naikapapagtakbo
takbuhin	naiikapagtakbo
takbuhin	mapagtakboan
takbuhin	napagtatakboan
takbuhin	napapagtakboan
takbuhin	maipatakbo
takbuhin	naipatatakbo
takbuhin	naipapatakbo
takbuhin	naiipatakbo
takbuhin	maipagpatakbo
takbuhin	naipagpapatakbo
takbuhin	naipapagpatakbo
takbuhin	naiipagpatakbo
takbuhin	maikapagpatakbo
takbuhin	naikapagpapatakbo
takbuhin	naikakapagpatakbo
takbuhin	naiikapagpatakbo
takbuhin	mapagpatakbuhan
takbuhin	napagpapatatakbuhan
takbuhin	napapagpatakbuhan
takbuhin	mapapagtakbuhan
takbuhin	napapapagtakbuhan
takbuhin	makipagtakbo
takbuhin	nakikipagtakbo
takbuhin	makitakbo
takbuhin	nakikitakbo
takbuhin	makipagpatakbo
takbuhin	nakikipagpatakbo
takpan	tinakpan
takpan	tinatakpan
takpan	tatakpan
takutin	tinakot
takutin	tinatakot
takutin	tatakutin
takutin	inatakot
takutin	panakutan
takutin	pinananakutan
takutin	pinapanakutan
takutin	ipanakot
takutin	ipinapanakot
takutin	ipatakot
takutin	ipinatatakot
takutin	ipinapatakot
takutin	ipagpatakot
takutin	ipinagpapatakot
takutin	ipinapagpatakot
takutin	ipapanakot
takutin	ipinapapanakot
takutin	ikapagpapanakot
takutin	ikinapagpapapanakot
takutin	ikinakapagpapanakot
takutin	papanakutan
takutin	pinapapanakutan
takutin	matakot
takutin	natatakot
takutin	maipaakot
takutin	naipaaakot
takutin	naipapaakot
takutin	naiipaakot
takutin	maikapaakot
takutin	naikapaaakot
takutin	naikapapaakot
takutin	naiikapaakot
takutin	mapaakotan
takutin	napaaakotan
takutin	napapaakotan
takutin	maipatakot
takutin	naipatatakot
takutin	naipapatakot
takutin	naiipatakot
takutin	maipagpatakot
takutin	naipagpapatakot
takutin	naipapagpatakot
takutin	naiipagpatakot
takutin	maipapanakot
takutin	naipapapanakot
takutin	naiipapanakot
takutin	maikapagpapanakot
takutin	naikapagpapapanakot
takutin	naikakapagpapanakot
takutin	naiikapagpapanakot
takutin	mapapanakutan
takutin	napapapanakutan
takutin	makipanakot
takutin	nakikipanakot
takutin	makipagpatakot
takutin	nakikipagpatakot
talaan	tinalaan
talaan	tinatalaan
talaan	tatalaan
talikuran	tinalikuran
talikuran	tinatalikuran
talikuran	tatalikuran
talunan	tinalunan
talunan	tinatalunan
talunan	tatalunan
talunin	tinalo
talunin	tinatalo
talunin	tatalunin
tamaan	tinamaan
tamaan	tinatamaan
tamaan	tatamaan
tambakan	tinambakan
tambakan	tinatambakan
tambakan	tatambakan
tambakan	itambak
tambakan	itinatambak
tambakan	inatambak
tambakan	inatambakan
tambakan	pagtambakan
tambakan	pinapagtambakan
tambakan	pinagtatambakan
tambakan	ipagtambak
tambakan	ipinapagtambak
tambakan	ipatambak
tambakan	ipinatatambak
tambakan	ipinapatambak
tambakan	ipagpatambak
tambakan	ipinagpapatambak
tambakan	ipinapagpatambak
tambakan	ikapagpatambak
tambakan	ikinapagpapatambak
tambakan	ikinakapagpatambak
tambakan	maitambak
tambakan	naitatambak
tambakan	matambakan
tambakan	natatambakan
tambakan	maipagtambak
tambakan	naipagtatambak
tambakan	naipapagtambak
tambakan	naiipagtambak
tambakan	maikapagtambak
tambakan	naikapagtatambak
tambakan	naikapapagtambak
tambakan	naiikapagtambak
tambakan	mapagtambakan
tambakan	napagtatambakan
tambakan	napapagtambakan
tambakan	maipatambak
tambakan	naipatatambak
tambakan	naipapatambak
tambakan	naiipatambak
tambakan	maipagpatambak
tambakan	naipagpapatambak
tambakan	naipapagpatambak
tambakan	naiipagpatambak
tambakan	maikapagpatambak
tambakan	naikapagpapatambak
tambakan	naikakapagpatambak
tambakan	naiikapagpatambak
tambakan	mapagpatambakan
tambakan	napagpapatatambakan
tambakan	napapagpatambakan
tambakan	mapapagtambakan
tambakan	napapapagtambakan
tambakan	makipagtambak
tambakan	nakikipagtambak
tambakan	makitambak
tambakan	nakikitambak
tambakan	makipagpatambak
tambakan	nakikipagpatambak
tambangan	tinambangan
tambangan	tinatambangan
tambangan	tatambangan
tanawan	tinanawan
tanawan	tinatanawan
tanawan	tatanawan
tanawin	tinanaw
tanawin	tinatanaw
tanawin	tatanawin
tanggalin	tinanggal
tanggalin	tinatanggal
tanggalin	tatanggalin
tanggapan	tinanggapan
tanggapan	tinatanggapan
tanggapan	tatanggapan
tanggapin	tinanggap
tanggapin	tinatanggap
tanggapin	tatanggapin
tanghaliin	tinanghali
tanghaliin	tinatanghali
tanghaliin	tatanghaliin
taniman	tinaniman
taniman	tinataniman
taniman	tataniman
tantiyahin	tinantiya
tantiyahin	tinatantiya
tantiyahin	tatantiyahin
tanungin	tinanong
tanungin	tinatanong
tanungin	tatanungin
tanungin	inatanong
tanungin	tanungan
tanungin	tinatanungan
tanungin	inatanungan
tanungin	pagtanungan
tanungin	pinapagtanungan
tanungin	pinagtatanungan
tanungin	ipagtanong
tanungin	ipinapagtanong
tanungin	ipatanong
tanungin	ipinatatanong
tanungin	ipinapatanong
tanungin	ipagpatanong
tanungin	ipinagpapatanong
tanungin	ipinapagpatanong
tanungin	ikapagpatanong
tanungin	ikinapagpapatanong
tanungin	ikinakapagpatanong
tanungin	matanong
tanungin	natatanong
tanungin	matanungan
tanungin	natatanungan
tanungin	maipagtanong
tanungin	naipagtatanong
tanungin	naipapagtanong
tanungin	naiipagtanong
tanungin	maikapagtanong
tanungin	naikapagtatanong
tanungin	naikapapagtanong
tanungin	naiikapagtanong
tanungin	mapagtanongan
tanungin	napagtatanongan
tanungin	napapagtanongan
tanungin	maipatanong
tanungin	naipatatanong
tanungin	naipapatanong
tanungin	naiipatanong
tanungin	maipagpatanong
tanungin	naipagpapatanong
tanungin	naipapagpatanong
tanungin	naiipagpatanong
tanungin	maikapagpatanong
tanungin	naikapagpapatanong
tanungin	naikakapagpatanong
tanungin	naiikapagpatanong
tanungin	mapagpatanungan
tanungin	napagpapatatanungan
tanungin	napapagpatanungan
tanungin	mapapagtanungan
tanungin	napapapagtanungan
tanungin	makipagtanong
tanungin	nakikipagtanong
tanungin	makitanong
tanungin	nakikitanong
tanungin	makipagpatanong
tanungin	nakikipagpatanong
tapatin	tinapat
tapatin	tinatapat
tapatin	tatapatin
tapayin	tinapay
tapayin	tinatapay
tapayin	tatapayin
tapunan	tinapunan
tapunan	tinatapunan
tapunan	tatapunan
tapunan	inatapunan
tapunan	pagtapunan
tapunan	pinapagtapunan
tapunan	pinagtatapunan
tapunan	ipagtapon
tapunan	ipinapagtapon
tapunan	ipagpatapon
tapunan	ipinagpapatapon
tapunan	ipinapagpatapon
tapunan	ikapagpatapon
tapunan	ikinapagpapatapon
tapunan	ikinakapagpatapon
tapunan	matapunan
tapunan	natatapunan
tapunan	maipagtapon
tapunan	naipagtatapon
tapunan	naipapagtapon
tapunan	naiipagtapon
tapunan	maikapagtapon
tapunan	naikapagtatapon
tapunan	naikapapagtapon
tapunan	naiikapagtapon
tapunan	mapagtaponan
tapunan	napagtataponan
tapunan	napapagtaponan
tapunan	maipagpatapon
tapunan	naipagpapatapon
tapunan	naipapagpatapon
tapunan	naiipagpatapon
tapunan	maikapagpatapon
tapunan	naikapagpapatapon
tapunan	naikakapagpatapon
tapunan	naiikapagpatapon
tapunan	mapagpatapunan
tapunan	napagpapatatapunan
tapunan	napapagpatapunan
tapunan	mapapagtapunan
tapunan	napapapagtapunan
tapunan	makipagtapon
tapunan	nakikipagtapon
tapunan	makitapon
tapunan	nakikitapon
tapunan	makipagpatapon
tapunan	nakikipagpatapon
tapusin	tinapos
tapusin	tinatapos
tapusin	tatapusin
tapusin	inatapos
tapusin	pagtapusan
tapusin	pinapagtapusan
tapusin	pinagtatapusan
tapusin	ipagtapos
tapusin	ipinapagtapos
tapusin	ipatapos
tapusin	ipinatatapos
tapusin	ipinapatapos
tapusin	ipagpatapos
tapusin	ipinagpapatapos
tapusin	ipinapagpatapos
tapusin	ikapagpatapos
tapusin	ikinapagpapatapos
tapusin	ikinakapagpatapos
tapusin	matapos
tapusin	natatapos
tapusin	maipagtapos
tapusin	naipagtatapos
tapusin	naipapagtapos
tapusin	naiipagtapos
tapusin	maikapagtapos
tapusin	naikapagtatapos
tapusin	naikapapagtapos
tapusin	naiikapagtapos
tapusin	mapagtaposan
tapusin	napagtataposan
tapusin	napapagtaposan
tapusin	maipatapos
tapusin	naipatatapos
tapusin	naipapatapos
tapusin	naiipatapos
tapusin	maipagpatapos
tapusin	naipagpapatapos
tapusin	naipapagpatapos
tapusin	naiipagpatapos
tapusin	maikapagpatapos
tapusin	naikapagpapatapos
tapusin	naikakapagpatapos
tapusin	naiikapagpatapos
tapusin	mapagpatapusan
tapusin	napagpapatatapusan
tapusin	napapagpatapusan
tapusin	mapapagtapusan
tapusin	napapapagtapusan
tapusin	makipagtapos
tapusin	nakikipagtapos
tapusin	makitapos
tapusin	nakikitapos
tapusin	makipagpatapos
tapusin	nakikipagpatapos
tarakan	tinarakan
tarakan	tinatarakan
tarakan	tatarakan
tarangkahan	tinarangkahan
tarangkahan	tinatarangkahan
tarangkahan	tatarangkahan
tasahan	tinasahan
tasahan	tinatasahan
tasahan	tatasahan
tatahanan	
tatakan	tinatakan
tatakan	tinatatakan
tatakan	tatatakan
tatalunan	
tatama	
tatangnan	
tatawagan	
tauhan	tinauhan
tauhan	tinatauhan
tauhan	tatauhan
tawagan	tinawagan
tawagan	tinatawagan
tawagan	tatawagan
tawanan	tinawanan
tawanan	tinatawanan
tawanan	tatawanan
tawanan	inatawanan
tawanan	pagtawanan
tawanan	pinapagtawanan
tawanan	pinagtatawanan
tawanan	itawa
tawanan	itinatawa
tawanan	ipagpatawa
tawanan	ipinagpapatawa
tawanan	ipinapagpatawa
tawanan	ikapagpatawa
tawanan	ikinapagpapatawa
tawanan	ikinakapagpatawa
tawanan	matawanan
tawanan	natatawanan
tawanan	maitawa
tawanan	naitatawa
tawanan	maikatawa
tawanan	naikatatawa
tawanan	naikakatawa
tawanan	naiikatawa
tawanan	mapagtawaan
tawanan	napagtatawaan
tawanan	napapagtawaan
tawanan	maipagpatawa
tawanan	naipagpapatawa
tawanan	naipapagpatawa
tawanan	naiipagpatawa
tawanan	maikapagpatawa
tawanan	naikapagpapatawa
tawanan	naikakapagpatawa
tawanan	naiikapagpatawa
tawanan	mapagpatawanan
tawanan	napagpapatatawanan
tawanan	napapagpatawanan
tawanan	mapapagtawanan
tawanan	napapapagtawanan
tawanan	makitawa
tawanan	nakikitawa
tawanan	makipagpatawa
tawanan	nakikipagpatawa
tawaran	tinawaran
tawaran	tinatawaran
tawaran	tatawaran
tawiran	tinawiran
tawiran	tinatawiran
tawiran	tatawiran
tayahan	tinayahan
tayahan	tinatayahan
tayahan	tatayahan
tayo	
tibagan	tinibagan
tibagan	tinitibagan
tibagan	titibagan
tigasan	tinigasan
tigasan	tinitigasan
tigasan	titigasan
tigilan	tinigilan
tigilan	tinitigilan
tigilan	titigilan
tiisin	tiniis
tiisin	tinitiis
tiisin	titiisin
tikitan	tinikitan
tikitan	tinitikitan
tikitan	titikitan
tikman	tinikman
tikman	tinitikman
tikman	titikman
timbangan	tinimbangan
timbangan	tinitimbangan
timbangan	titimbangan
tinalaban	
tinalunan	
tinamaan	
tinapa	
tinapay	
tinatalunan	
tindig	
tingalaan	tiningalaan
tingalaan	tinitingalaan
tingalaan	titingalaan
tingirin	tiningid
tingirin	tinitingid
tingirin	titingirin
tingnan	tiningnan
tingnan	tinitingnan
tingnan	titingnan
tingni	
tiningalaan	
tinitingalaan	
tipan	tinipan
tipan	tinitipan
tipan	titipan
tirahan	tinirahan
tirahan	tinitirahan
tirahan	titirahan
tirahin	tinira
tirahin	tinitira
tirahin	titirahin
tirgasin	tinirgas
tirgasin	tinitirgas
tirgasin	titirgasin
titingala	
titingalaan	
titisan	tinitisan
titisan	tinititisan
titisan	tititisan
tiwalagan	tiniwalagan
tiwalagan	tinitiwalagan
tiwalagan	titiwalagan
tiyahin	tiniya
tiyahin	tinitiya
tiyahin	titiyahin
tiyaniin	tiniyani
tiyaniin	tinitiyani
tiyaniin	titiyaniin
tiyempuhan	tiniyempuhan
tiyempuhan	tinitiyempuhan
tiyempuhan	titiyempuhan
tiyempuhan	inatiyempuhan
tiyempuhan	pagtiyempuhan
tiyempuhan	pinapagtiyempuhan
tiyempuhan	pinagtitiyempuhan
tiyempuhan	itiyempo
tiyempuhan	itinitiyempo
tiyempuhan	ipagpatiyempo
tiyempuhan	ipinagpapatiyempo
tiyempuhan	ipinapagpatiyempo
tiyempuhan	ikapagpatiyempo
tiyempuhan	ikinapagpapatiyempo
tiyempuhan	ikinakapagpatiyempo
tiyempuhan	matiyempuhan
tiyempuhan	natitiyempuhan
tiyempuhan	maitiyempo
tiyempuhan	naititiyempo
tiyempuhan	maikatiyempo
tiyempuhan	naikatitiyempo
tiyempuhan	naikakatiyempo
tiyempuhan	naiikatiyempo
tiyempuhan	mapagtiyempoan
tiyempuhan	napagtitiyempoan
tiyempuhan	napapagtiyempoan
tiyempuhan	maipagpatiyempo
tiyempuhan	naipagpapatiyempo
tiyempuhan	naipapagpatiyempo
tiyempuhan	naiipagpatiyempo
tiyempuhan	maikapagpatiyempo
tiyempuhan	naikapagpapatiyempo
tiyempuhan	naikakapagpatiyempo
tiyempuhan	naiikapagpatiyempo
tiyempuhan	mapagpatiyempuhan
tiyempuhan	napagpapatitiyempuhan
tiyempuhan	napapagpatiyempuhan
tiyempuhan	mapapagtiyempuhan
tiyempuhan	napapapagtiyempuhan
tiyempuhan	makitiyempo
tiyempuhan	nakikitiyempo
tiyempuhan	makipagpatiyempo
tiyempuhan	nakikipagpatiyempo
tiyuhin	tiniyo
tiyuhin	tinitiyo
tiyuhin	titiyuhin
treyntahin	tinreynta
treyntahin	tinetreynta
treyntahin	tetreyntahin
tsismisan	tsinismisan
tsismisan	tsinitsismisan
tsismisan	tsitsismisan
tsumibog	tsumitsibog
tsumibog	tsitsibog
tsumibog	tsibugin
tsumibog	tsinitsibog
tsumibog	inatsibog
tsumibog	pagtsibugan
tsumibog	pinapagtsibugan
tsumibog	pinagtsitsibugan
tsumibog	itsibog
tsumibog	itsinitsibog
tsumibog	ipatsibog
tsumibog	ipinatsitsibog
tsumibog	ipinapatsibog
tsumibog	ipagpatsibog
tsumibog	ipinagpapatsibog
tsumibog	ipinapagpatsibog
tsumibog	ikapagpatsibog
tsumibog	ikinapagpapatsibog
tsumibog	ikinakapagpatsibog
tsumibog	matsibog
tsumibog	natsitsibog
tsumibog	maitsibog
tsumibog	naitsitsibog
tsumibog	maikatsibog
tsumibog	naikatsitsibog
tsumibog	naikakatsibog
tsumibog	naiikatsibog
tsumibog	mapagtsibogan
tsumibog	napagtsitsibogan
tsumibog	napapagtsibogan
tsumibog	maipatsibog
tsumibog	naipatsitsibog
tsumibog	naipapatsibog
tsumibog	naiipatsibog
tsumibog	maipagpatsibog
tsumibog	naipagpapatsibog
tsumibog	naipapagpatsibog
tsumibog	naiipagpatsibog
tsumibog	maikapagpatsibog
tsumibog	naikapagpapatsibog
tsumibog	naikakapagpatsibog
tsumibog	naiikapagpatsibog
tsumibog	mapagpatsibugan
tsumibog	napagpapatsitsibugan
tsumibog	napapagpatsibugan
tsumibog	mapapagtsibugan
tsumibog	napapapagtsibugan
tsumibog	makitsibog
tsumibog	nakikitsibog
tsumibog	makipagpatsibog
tsumibog	nakikipagpatsibog
tubigan	tinubigan
tubigan	tinutubigan
tubigan	tutubigan
tubusin	tinubos
tubusin	tinutubos
tubusin	tutubusin
tugtugin	tinugtog
tugtugin	tinutugtog
tugtugin	tutugtugin
tuklawin	tinuklaw
tuklawin	tinutuklaw
tuklawin	tutuklawin
tuklawin	inatuklaw
tuklawin	panuklawan
tuklawin	pinanunuklawan
tuklawin	pinapanuklawan
tuklawin	ipanuklaw
tuklawin	ipinapanuklaw
tuklawin	ipatuklaw
tuklawin	ipinatutuklaw
tuklawin	ipinapatuklaw
tuklawin	ipagpatuklaw
tuklawin	ipinagpapatuklaw
tuklawin	ipinapagpatuklaw
tuklawin	ipapanuklaw
tuklawin	ipinapapanuklaw
tuklawin	ikapagpapanuklaw
tuklawin	ikinapagpapapanuklaw
tuklawin	ikinakapagpapanuklaw
tuklawin	papanuklawan
tuklawin	pinapapanuklawan
tuklawin	matuklaw
tuklawin	natutuklaw
tuklawin	maipauklaw
tuklawin	naipauuklaw
tuklawin	naipapauklaw
tuklawin	naiipauklaw
tuklawin	maikapauklaw
tuklawin	naikapauuklaw
tuklawin	naikapapauklaw
tuklawin	naiikapauklaw
tuklawin	mapauklawan
tuklawin	napauuklawan
tuklawin	napapauklawan
tuklawin	maipatuklaw
tuklawin	naipatutuklaw
tuklawin	naipapatuklaw
tuklawin	naiipatuklaw
tuklawin	maipagpatuklaw
tuklawin	naipagpapatuklaw
tuklawin	naipapagpatuklaw
tuklawin	naiipagpatuklaw
tuklawin	maipapanuklaw
tuklawin	naipapapanuklaw
tuklawin	naiipapanuklaw
tuklawin	maikapagpapanuklaw
tuklawin	naikapagpapapanuklaw
tuklawin	naikakapagpapanuklaw
tuklawin	naiikapagpapanuklaw
tuklawin	mapapanuklawan
tuklawin	napapapanuklawan
tuklawin	makipanuklaw
tuklawin	nakikipanuklaw
tuklawin	makipagpatuklaw
tuklawin	nakikipagpatuklaw
tularan	tinularan
tularan	tinutularan
tularan	tutularan
tuldukan	tinuldukan
tuldukan	tinutuldukan
tuldukan	tutuldukan
tuligsain	tinuligsa
tuligsain	tinutuligsa
tuligsain	tutuligsain
tuligsain	inatuligsa
tuligsain	pagtuligsaan
tuligsain	pinapagtuligsaan
tuligsain	pinagtutuligsaan
tuligsain	ituligsa
tuligsain	itinutuligsa
tuligsain	ipatuligsa
tuligsain	ipinatutuligsa
tuligsain	ipinapatuligsa
tuligsain	ipagpatuligsa
tuligsain	ipinagpapatuligsa
tuligsain	ipinapagpatuligsa
tuligsain	ikapagpatuligsa
tuligsain	ikinapagpapatuligsa
tuligsain	ikinakapagpatuligsa
tuligsain	matuligsa
tuligsain	natutuligsa
tuligsain	maituligsa
tuligsain	naitutuligsa
tuligsain	maikatuligsa
tuligsain	naikatutuligsa
tuligsain	naikakatuligsa
tuligsain	naiikatuligsa
tuligsain	mapagtuligsaan
tuligsain	napagtutuligsaan
tuligsain	napapagtuligsaan
tuligsain	maipatuligsa
tuligsain	naipatutuligsa
tuligsain	naipapatuligsa
tuligsain	naiipatuligsa
tuligsain	maipagpatuligsa
tuligsain	naipagpapatuligsa
tuligsain	naipapagpatuligsa
tuligsain	naiipagpatuligsa
tuligsain	maikapagpatuligsa
tuligsain	naikapagpapatuligsa
tuligsain	naikakapagpatuligsa
tuligsain	naiikapagpatuligsa
tuligsain	mapagpatuligsaan
tuligsain	napagpapatutuligsaan
tuligsain	napapagpatuligsaan
tuligsain	mapapagtuligsaan
tuligsain	napapapagtuligsaan
tuligsain	makituligsa
tuligsain	nakikituligsa
tuligsain	makipagpatuligsa
tuligsain	nakikipagpatuligsa
tulisan	tinulisan
tulisan	tinutulisan
tulisan	tutulisan
tuloy	
tulugan	tinulugan
tulugan	tinutulugan
tulugan	tutulugan
tulungan	tinulungan
tulungan	tinutulungan
tulungan	tutulungan
tumaba	tumataba
tumaba	tataba
tumaba	tungmataba
tumae	tumatae
tumae	tatae
tumae	tungmatae
tumahimik	tumatahimik
tumahimik	tatahimik
tumahimik	tungmatahimik
tumakas	tumatakas
tumakas	tatakas
tumakbo	tumatakbo
tumakbo	tatakbo
tumakbo	tungmatakbo
tumalab	tumatalab
tumalab	tatalab
tumalab	tungmatalab
tumalas	tumatalas
tumalas	tatalas
tumalas	tungmatalas
tumalim	tumatalim
tumalim	tatalim
tumalim	tungmatalim
tumalima	tumatalima
tumalima	tatalima
tumalima	tungmatalima
tumalino	tumatalino
tumalino	tatalino
tumalino	tungmatalino
tumalon	tumatalon
tumalon	tatalon
tumalon	talunin
tumalon	tinatalon
tumalon	inatalon
tumalon	talunan
tumalon	tinatalunan
tumalon	inatalunan
tumalon	pagtalunan
tumalon	pinapagtalunan
tumalon	pinagtatalunan
tumalon	italon
tumalon	itinatalon
tumalon	ipatalon
tumalon	ipinatatalon
tumalon	ipinapatalon
tumalon	ipagpatalon
tumalon	ipinagpapatalon
tumalon	ipinapagpatalon
tumalon	ikapagpatalon
tumalon	ikinapagpapatalon
tumalon	ikinakapagpatalon
tumalon	matalon
tumalon	natatalon
tumalon	matalunan
tumalon	natatalunan
tumalon	maitalon
tumalon	naitatalon
tumalon	maikatalon
tumalon	naikatatalon
tumalon	naikakatalon
tumalon	naiikatalon
tumalon	mapagtalonan
tumalon	napagtatalonan
tumalon	napapagtalonan
tumalon	maipatalon
tumalon	naipatatalon
tumalon	naipapatalon
tumalon	naiipatalon
tumalon	maipagpatalon
tumalon	naipagpapatalon
tumalon	naipapagpatalon
tumalon	naiipagpatalon
tumalon	maikapagpatalon
tumalon	naikapagpapatalon
tumalon	naikakapagpatalon
tumalon	naiikapagpatalon
tumalon	mapagpatalunan
tumalon	napagpapatatalunan
tumalon	napapagpatalunan
tumalon	mapapagtalunan
tumalon	napapapagtalunan
tumalon	makitalon
tumalon	nakikitalon
tumalon	makipagpatalon
tumalon	nakikipagpatalon
tumama	tumatama
tumama	tatama
tumama	tamaan
tumama	tinatamaan
tumama	inatamaan
tumama	pagtamaan
tumama	pinapagtamaan
tumama	pinagtatamaan
tumama	itama
tumama	itinatama
tumama	ipagpatama
tumama	ipinagpapatama
tumama	ipinapagpatama
tumama	ikapagpatama
tumama	ikinapagpapatama
tumama	ikinakapagpatama
tumama	matamaan
tumama	natatamaan
tumama	maitama
tumama	naitatama
tumama	maikatama
tumama	naikatatama
tumama	naikakatama
tumama	naiikatama
tumama	mapagtamaan
tumama	napagtatamaan
tumama	napapagtamaan
tumama	maipagpatama
tumama	naipagpapatama
tumama	naipapagpatama
tumama	naiipagpatama
tumama	maikapagpatama
tumama	naikapagpapatama
tumama	naikakapagpatama
tumama	naiikapagpatama
tumama	mapagpatamaan
tumama	napagpapatatamaan
tumama	napapagpatamaan
tumama	mapapagtamaan
tumama	napapapagtamaan
tumama	makitama
tumama	nakikitama
tumama	makipagpatama
tumama	nakikipagpatama
tumamad	tumatamad
tumamad	tatamad
tumamad	tungmatamad
tumambling	tumatambling
tumambling	tatambling
tumambling	tungmatambling
tumanda	tumatanda
tumanda	tatanda
tumanda	tungmatanda
tumandayag	tumatandayag
tumandayag	tatandayag
tumanggap	tumatanggap
tumanggap	tatanggapin
tumanggap	tanggapin
tumanggap	tinatanggap
tumanggap	inatanggap
tumanggap	pagtanggapan
tumanggap	pinapagtanggapan
tumanggap	pinagtatanggapan
tumanggap	itanggap
tumanggap	itinatanggap
tumanggap	ipatanggap
tumanggap	ipinatatanggap
tumanggap	ipinapatanggap
tumanggap	ipagpatanggap
tumanggap	ipinagpapatanggap
tumanggap	ipinapagpatanggap
tumanggap	ikapagpatanggap
tumanggap	ikinapagpapatanggap
tumanggap	ikinakapagpatanggap
tumanggap	matanggap
tumanggap	natatanggap
tumanggap	maitanggap
tumanggap	naitatanggap
tumanggap	maikatanggap
tumanggap	naikatatanggap
tumanggap	naikakatanggap
tumanggap	naiikatanggap
tumanggap	mapagtanggapan
tumanggap	napagtatanggapan
tumanggap	napapagtanggapan
tumanggap	maipatanggap
tumanggap	naipatatanggap
tumanggap	naipapatanggap
tumanggap	naiipatanggap
tumanggap	maipagpatanggap
tumanggap	naipagpapatanggap
tumanggap	naipapagpatanggap
tumanggap	naiipagpatanggap
tumanggap	maikapagpatanggap
tumanggap	naikapagpapatanggap
tumanggap	naikakapagpatanggap
tumanggap	naiikapagpatanggap
tumanggap	mapagpatanggapan
tumanggap	napagpapatatanggapan
tumanggap	napapagpatanggapan
tumanggap	mapapagtanggapan
tumanggap	napapapagtanggapan
tumanggap	makitanggap
tumanggap	nakikitanggap
tumanggap	makipagpatanggap
tumanggap	nakikipagpatanggap
tumanggi	tumatanggi
tumanggi	tatanggi
tumanggi	tanggihan
tumanggi	tinatanggihan
tumanggi	inatanggihan
tumanggi	pagtanggihan
tumanggi	pinapagtanggihan
tumanggi	pinagtatanggihan
tumanggi	itanggi
tumanggi	itinatanggi
tumanggi	ipagpatanggi
tumanggi	ipinagpapatanggi
tumanggi	ipinapagpatanggi
tumanggi	ikapagpatanggi
tumanggi	ikinapagpapatanggi
tumanggi	ikinakapagpatanggi
tumanggi	matanggihan
tumanggi	natatanggihan
tumanggi	maitanggi
tumanggi	naitatanggi
tumanggi	maikatanggi
tumanggi	naikatatanggi
tumanggi	naikakatanggi
tumanggi	naiikatanggi
tumanggi	mapagtanggian
tumanggi	napagtatanggian
tumanggi	napapagtanggian
tumanggi	maipagpatanggi
tumanggi	naipagpapatanggi
tumanggi	naipapagpatanggi
tumanggi	naiipagpatanggi
tumanggi	maikapagpatanggi
tumanggi	naikapagpapatanggi
tumanggi	naikakapagpatanggi
tumanggi	naiikapagpatanggi
tumanggi	mapagpatanggihan
tumanggi	napagpapatatanggihan
tumanggi	napapagpatanggihan
tumanggi	mapapagtanggihan
tumanggi	napapapagtanggihan
tumanggi	makitanggi
tumanggi	nakikitanggi
tumanggi	makipagpatanggi
tumanggi	nakikipagpatanggi
tumangis	tumatangis
tumangis	tatangis
tumangis	itangis
tumangis	itinatangis
tumangis	inatangis
tumangis	tangisan
tumangis	tinatangisan
tumangis	inatangisan
tumangis	pagtangisan
tumangis	pinapagtangisan
tumangis	pinagtatangisan
tumangis	ipatangis
tumangis	ipinatatangis
tumangis	ipinapatangis
tumangis	ipagpatangis
tumangis	ipinagpapatangis
tumangis	ipinapagpatangis
tumangis	ikapagpatangis
tumangis	ikinapagpapatangis
tumangis	ikinakapagpatangis
tumangis	maitangis
tumangis	naitatangis
tumangis	matangisan
tumangis	natatangisan
tumangis	maikatangis
tumangis	naikatatangis
tumangis	naikakatangis
tumangis	naiikatangis
tumangis	mapagtangisan
tumangis	napagtatangisan
tumangis	napapagtangisan
tumangis	maipatangis
tumangis	naipatatangis
tumangis	naipapatangis
tumangis	naiipatangis
tumangis	maipagpatangis
tumangis	naipagpapatangis
tumangis	naipapagpatangis
tumangis	naiipagpatangis
tumangis	maikapagpatangis
tumangis	naikapagpapatangis
tumangis	naikakapagpatangis
tumangis	naiikapagpatangis
tumangis	mapagpatangisan
tumangis	napagpapatatangisan
tumangis	napapagpatangisan
tumangis	mapapagtangisan
tumangis	napapapagtangisan
tumangis	makitangis
tumangis	nakikitangis
tumangis	makipagpatangis
tumangis	nakikipagpatangis
tumangka	tumatangka
tumangka	tatangka
tumangka	tangkain
tumangka	tinatangka
tumangka	inatangka
tumangka	pagtangkaan
tumangka	pinapagtangkaan
tumangka	pinagtatangkaan
tumangka	itangka
tumangka	itinatangka
tumangka	ipatangka
tumangka	ipinatatangka
tumangka	ipinapatangka
tumangka	ipagpatangka
tumangka	ipinagpapatangka
tumangka	ipinapagpatangka
tumangka	ikapagpatangka
tumangka	ikinapagpapatangka
tumangka	ikinakapagpatangka
tumangka	matangka
tumangka	natatangka
tumangka	maitangka
tumangka	naitatangka
tumangka	maikatangka
tumangka	naikatatangka
tumangka	naikakatangka
tumangka	naiikatangka
tumangka	mapagtangkaan
tumangka	napagtatangkaan
tumangka	napapagtangkaan
tumangka	maipatangka
tumangka	naipatatangka
tumangka	naipapatangka
tumangka	naiipatangka
tumangka	maipagpatangka
tumangka	naipagpapatangka
tumangka	naipapagpatangka
tumangka	naiipagpatangka
tumangka	maikapagpatangka
tumangka	naikapagpapatangka
tumangka	naikakapagpatangka
tumangka	naiikapagpatangka
tumangka	mapagpatangkaan
tumangka	napagpapatatangkaan
tumangka	napapagpatangkaan
tumangka	mapapagtangkaan
tumangka	napapapagtangkaan
tumangka	makitangka
tumangka	nakikitangka
tumangka	makipagpatangka
tumangka	nakikipagpatangka
tumangkad	tumatangkad
tumangkad	tatangkad
tumangkad	tungmatangkad
tumapak	tumatapak
tumapak	tatapak
tumapak	tapakan
tumapak	tinatapakan
tumapak	inatapakan
tumapak	pagtapakan
tumapak	pinapagtapakan
tumapak	pinagtatapakan
tumapak	itapak
tumapak	itinatapak
tumapak	ipagpatapak
tumapak	ipinagpapatapak
tumapak	ipinapagpatapak
tumapak	ikapagpatapak
tumapak	ikinapagpapatapak
tumapak	ikinakapagpatapak
tumapak	matapakan
tumapak	natatapakan
tumapak	maitapak
tumapak	naitatapak
tumapak	maikatapak
tumapak	naikatatapak
tumapak	naikakatapak
tumapak	naiikatapak
tumapak	mapagtapakan
tumapak	napagtatapakan
tumapak	napapagtapakan
tumapak	maipagpatapak
tumapak	naipagpapatapak
tumapak	naipapagpatapak
tumapak	naiipagpatapak
tumapak	maikapagpatapak
tumapak	naikapagpapatapak
tumapak	naikakapagpatapak
tumapak	naiikapagpatapak
tumapak	mapagpatapakan
tumapak	napagpapatatapakan
tumapak	napapagpatapakan
tumapak	mapapagtapakan
tumapak	napapapagtapakan
tumapak	makitapak
tumapak	nakikitapak
tumapak	makipagpatapak
tumapak	nakikipagpatapak
tumapat	tumatapat
tumapat	tatapat
tumapat	tungmatapat
tumapon	tumatapon
tumapon	tatapon
tumapon	tungmatapon
tumawa	tumatawa
tumawa	tatawa
tumawa	tawanan
tumawa	tinatawanan
tumawa	inatawanan
tumawa	pagtawanan
tumawa	pinapagtawanan
tumawa	pinagtatawanan
tumawa	itawa
tumawa	itinatawa
tumawa	ipagpatawa
tumawa	ipinagpapatawa
tumawa	ipinapagpatawa
tumawa	ikapagpatawa
tumawa	ikinapagpapatawa
tumawa	ikinakapagpatawa
tumawa	matawanan
tumawa	natatawanan
tumawa	maitawa
tumawa	naitatawa
tumawa	maikatawa
tumawa	naikatatawa
tumawa	naikakatawa
tumawa	naiikatawa
tumawa	mapagtawaan
tumawa	napagtatawaan
tumawa	napapagtawaan
tumawa	maipagpatawa
tumawa	naipagpapatawa
tumawa	naipapagpatawa
tumawa	naiipagpatawa
tumawa	maikapagpatawa
tumawa	naikapagpapatawa
tumawa	naikakapagpatawa
tumawa	naiikapagpatawa
tumawa	mapagpatawanan
tumawa	napagpapatatawanan
tumawa	napapagpatawanan
tumawa	mapapagtawanan
tumawa	napapapagtawanan
tumawa	makitawa
tumawa	nakikitawa
tumawa	makipagpatawa
tumawa	nakikipagpatawa
tumawad	tumatawad
tumawad	tatawad
tumawad	tungmatawad
tumawag	tumatawag
tumawag	tatawag
tumawag	pagtawagan
tumawag	pinapagtawagan
tumawag	pinagtatawagan
tumawag	itawag
tumawag	itinatawag
tumawag	ipagpatawag
tumawag	ipinagpapatawag
tumawag	ipinapagpatawag
tumawag	ikapagpatawag
tumawag	ikinapagpapatawag
tumawag	ikinakapagpatawag
tumawag	maitawag
tumawag	naitatawag
tumawag	maikatawag
tumawag	naikatatawag
tumawag	naikakatawag
tumawag	naiikatawag
tumawag	mapagtawagan
tumawag	napagtatawagan
tumawag	napapagtawagan
tumawag	maipagpatawag
tumawag	naipagpapatawag
tumawag	naipapagpatawag
tumawag	naiipagpatawag
tumawag	maikapagpatawag
tumawag	naikapagpapatawag
tumawag	naikakapagpatawag
tumawag	naiikapagpatawag
tumawag	mapagpatawagan
tumawag	napagpapatatawagan
tumawag	napapagpatawagan
tumawag	mapapagtawagan
tumawag	napapapagtawagan
tumawag	makitawag
tumawag	nakikitawag
tumawag	makipagpatawag
tumawag	nakikipagpatawag
tumayo	tumatayo
tumayo	tatayo
tumayo	tungmatayo
tumbasan	tinumbasan
tumbasan	tinutumbasan
tumbasan	tutumbasan
tumigas	tumitigas
tumigas	titigas
tumigas	tigasan
tumigas	tinitigasan
tumigas	inatigasan
tumigas	pagtigasan
tumigas	pinapagtigasan
tumigas	pinagtitigasan
tumigas	itigas
tumigas	itinitigas
tumigas	ipagpatigas
tumigas	ipinagpapatigas
tumigas	ipinapagpatigas
tumigas	ikapagpatigas
tumigas	ikinapagpapatigas
tumigas	ikinakapagpatigas
tumigas	matigasan
tumigas	natitigasan
tumigas	maitigas
tumigas	naititigas
tumigas	maikatigas
tumigas	naikatitigas
tumigas	naikakatigas
tumigas	naiikatigas
tumigas	mapagtigasan
tumigas	napagtitigasan
tumigas	napapagtigasan
tumigas	maipagpatigas
tumigas	naipagpapatigas
tumigas	naipapagpatigas
tumigas	naiipagpatigas
tumigas	maikapagpatigas
tumigas	naikapagpapatigas
tumigas	naikakapagpatigas
tumigas	naiikapagpatigas
tumigas	mapagpatigasan
tumigas	napagpapatitigasan
tumigas	napapagpatigasan
tumigas	mapapagtigasan
tumigas	napapapagtigasan
tumigas	makitigas
tumigas	nakikitigas
tumigas	makipagpatigas
tumigas	nakikipagpatigas
tumili	tumitili
tumili	titili
tumili	tungmitili
tumimos	tumitimos
tumimos	titimos
tumimos	tungmitimos
tumingala	tumitingala
tumingala	titingala
tumingala	tingalaan
tumingala	tinitingalaan
tumingala	inatingalaan
tumingala	pagtingalaan
tumingala	pinapagtingalaan
tumingala	pinagtitingalaan
tumingala	itingala
tumingala	itinitingala
tumingala	ipagpatingala
tumingala	ipinagpapatingala
tumingala	ipinapagpatingala
tumingala	ikapagpatingala
tumingala	ikinapagpapatingala
tumingala	ikinakapagpatingala
tumingala	matingalaan
tumingala	natitingalaan
tumingala	maitingala
tumingala	naititingala
tumingala	maikatingala
tumingala	naikatitingala
tumingala	naikakatingala
tumingala	naiikatingala
tumingala	mapagtingalaan
tumingala	napagtitingalaan
tumingala	napapagtingalaan
tumingala	maipagpatingala
tumingala	naipagpapatingala
tumingala	naipapagpatingala
tumingala	naiipagpatingala
tumingala	maikapagpatingala
tumingala	naikapagpapatingala
tumingala	naikakapagpatingala
tumingala	naiikapagpatingala
tumingala	mapagpatingalaan
tumingala	napagpapatitingalaan
tumingala	napapagpatingalaan
tumingala	mapapagtingalaan
tumingala	napapapagtingalaan
tumingala	makitingala
tumingala	nakikitingala
tumingala	makipagpatingala
tumingala	nakikipagpatingala
tumingin	tumitingin
tumingin	titingin
tumingin	tinginan
tumingin	tinitinginan
tumingin	inatinginan
tumingin	pagtinginan
tumingin	pinapagtinginan
tumingin	pinagtitinginan
tumingin	itingin
tumingin	itinitingin
tumingin	ipagpatingin
tumingin	ipinagpapatingin
tumingin	ipinapagpatingin
tumingin	ikapagpatingin
tumingin	ikinapagpapatingin
tumingin	ikinakapagpatingin
tumingin	matinginan
tumingin	natitinginan
tumingin	maitingin
tumingin	naititingin
tumingin	maikatingin
tumingin	naikatitingin
tumingin	naikakatingin
tumingin	naiikatingin
tumingin	mapagtinginan
tumingin	napagtitinginan
tumingin	napapagtinginan
tumingin	maipagpatingin
tumingin	naipagpapatingin
tumingin	naipapagpatingin
tumingin	naiipagpatingin
tumingin	maikapagpatingin
tumingin	naikapagpapatingin
tumingin	naikakapagpatingin
tumingin	naiikapagpatingin
tumingin	mapagpatinginan
tumingin	napagpapatitinginan
tumingin	napapagpatinginan
tumingin	mapapagtinginan
tumingin	napapapagtinginan
tumingin	makitingin
tumingin	nakikitingin
tumingin	makipagpatingin
tumingin	nakikipagpatingin
tumira	tumitira
tumira	titira
tumira	tirhan
tumira	tinitirhan
tumira	inatirhan
tumira	pagtirhan
tumira	pinapagtirhan
tumira	pinagtitirhan
tumira	itira
tumira	itinitira
tumira	ipagpatira
tumira	ipinagpapatira
tumira	ipinapagpatira
tumira	ikapagpatira
tumira	ikinapagpapatira
tumira	ikinakapagpatira
tumira	matirhan
tumira	natitirhan
tumira	maitira
tumira	naititira
tumira	maikatira
tumira	naikatitira
tumira	naikakatira
tumira	naiikatira
tumira	mapagtiraan
tumira	napagtitiraan
tumira	napapagtiraan
tumira	maipagpatira
tumira	naipagpapatira
tumira	naipapagpatira
tumira	naiipagpatira
tumira	maikapagpatira
tumira	naikapagpapatira
tumira	naikakapagpatira
tumira	naiikapagpatira
tumira	mapagpatirhan
tumira	napagpapatitirhan
tumira	napapagpatirhan
tumira	mapapagtirhan
tumira	napapapagtirhan
tumira	makitira
tumira	nakikitira
tumira	makipagpatira
tumira	nakikipagpatira
tumirik	tumitirik
tumirik	titirik
tumirik	tungmitirik
tumitingala	
tumiwalag	tumitiwalag
tumiwalag	titiwalag
tumiwalag	tungmitiwalag
tumoma	tumotoma
tumoma	totoma
tumoma	tungmotoma
tumugis	tumutugis
tumugis	tutugis
tumugis	tugisin
tumugis	tinutugis
tumugis	inatugis
tumugis	pagtugisan
tumugis	pinapagtugisan
tumugis	pinagtutugisan
tumugis	itugis
tumugis	itinutugis
tumugis	ipatugis
tumugis	ipinatutugis
tumugis	ipinapatugis
tumugis	ipagpatugis
tumugis	ipinagpapatugis
tumugis	ipinapagpatugis
tumugis	ikapagpatugis
tumugis	ikinapagpapatugis
tumugis	ikinakapagpatugis
tumugis	matugis
tumugis	natutugis
tumugis	maitugis
tumugis	naitutugis
tumugis	maikatugis
tumugis	naikatutugis
tumugis	naikakatugis
tumugis	naiikatugis
tumugis	mapagtugisan
tumugis	napagtutugisan
tumugis	napapagtugisan
tumugis	maipatugis
tumugis	naipatutugis
tumugis	naipapatugis
tumugis	naiipatugis
tumugis	maipagpatugis
tumugis	naipagpapatugis
tumugis	naipapagpatugis
tumugis	naiipagpatugis
tumugis	maikapagpatugis
tumugis	naikapagpapatugis
tumugis	naikakapagpatugis
tumugis	naiikapagpatugis
tumugis	mapagpatugisan
tumugis	napagpapatutugisan
tumugis	napapagpatugisan
tumugis	mapapagtugisan
tumugis	napapapagtugisan
tumugis	makitugis
tumugis	nakikitugis
tumugis	makipagpatugis
tumugis	nakikipagpatugis
tumugtog	tumutugtog
tumugtog	tutugtog
tumugtog	tungmutugtog
tumukso	tumutukso
tumukso	tutukso
tumukso	tuksuhin
tumukso	tinutukso
tumukso	inatukso
tumukso	pagtuksuhan
tumukso	pinapagtuksuhan
tumukso	pinagtutuksuhan
tumukso	itukso
tumukso	itinutukso
tumukso	ipatukso
tumukso	ipinatutukso
tumukso	ipinapatukso
tumukso	ipagpatukso
tumukso	ipinagpapatukso
tumukso	ipinapagpatukso
tumukso	ikapagpatukso
tumukso	ikinapagpapatukso
tumukso	ikinakapagpatukso
tumukso	matukso
tumukso	natutukso
tumukso	maitukso
tumukso	naitutukso
tumukso	maikatukso
tumukso	naikatutukso
tumukso	naikakatukso
tumukso	naiikatukso
tumukso	mapagtuksoan
tumukso	napagtutuksoan
tumukso	napapagtuksoan
tumukso	maipatukso
tumukso	naipatutukso
tumukso	naipapatukso
tumukso	naiipatukso
tumukso	maipagpatukso
tumukso	naipagpapatukso
tumukso	naipapagpatukso
tumukso	naiipagpatukso
tumukso	maikapagpatukso
tumukso	naikapagpapatukso
tumukso	naikakapagpatukso
tumukso	naiikapagpatukso
tumukso	mapagpatuksuhan
tumukso	napagpapatutuksuhan
tumukso	napapagpatuksuhan
tumukso	mapapagtuksuhan
tumukso	napapapagtuksuhan
tumukso	makitukso
tumukso	nakikitukso
tumukso	makipagpatukso
tumukso	nakikipagpatukso
tumula	tumutula
tumula	tutula
tumula	tungmutula
tumulak	tumutulak
tumulak	tutulak
tumulak	itulak
tumulak	itinutulak
tumulak	inatulak
tumulak	tulakan
tumulak	tinutulakan
tumulak	inatulakan
tumulak	pagtulakan
tumulak	pinapagtulakan
tumulak	pinagtutulakan
tumulak	ipatulak
tumulak	ipinatutulak
tumulak	ipinapatulak
tumulak	ipagpatulak
tumulak	ipinagpapatulak
tumulak	ipinapagpatulak
tumulak	ikapagpatulak
tumulak	ikinapagpapatulak
tumulak	ikinakapagpatulak
tumulak	maitulak
tumulak	naitutulak
tumulak	matulakan
tumulak	natutulakan
tumulak	maikatulak
tumulak	naikatutulak
tumulak	naikakatulak
tumulak	naiikatulak
tumulak	mapagtulakan
tumulak	napagtutulakan
tumulak	napapagtulakan
tumulak	maipatulak
tumulak	naipatutulak
tumulak	naipapatulak
tumulak	naiipatulak
tumulak	maipagpatulak
tumulak	naipagpapatulak
tumulak	naipapagpatulak
tumulak	naiipagpatulak
tumulak	maikapagpatulak
tumulak	naikapagpapatulak
tumulak	naikakapagpatulak
tumulak	naiikapagpatulak
tumulak	mapagpatulakan
tumulak	napagpapatutulakan
tumulak	napapagpatulakan
tumulak	mapapagtulakan
tumulak	napapapagtulakan
tumulak	makitulak
tumulak	nakikitulak
tumulak	makipagpatulak
tumulak	nakikipagpatulak
tumuldok	tumutuldok
tumuldok	tutuldok
tumulong	tumutulong
tumulong	tutulong
tumulong	pagtulong
tumulong	tulungan
tumulong	tinutulungan
tumulong	inatulungan
tumulong	pagtulungan
tumulong	pinapagtulungan
tumulong	pinagtutulungan
tumulong	itulong
tumulong	itinutulong
tumulong	ipagpatulong
tumulong	ipinagpapatulong
tumulong	ipinapagpatulong
tumulong	ikapagpatulong
tumulong	ikinapagpapatulong
tumulong	ikinakapagpatulong
tumulong	matulungan
tumulong	natutulungan
tumulong	maitulong
tumulong	naitutulong
tumulong	maikatulong
tumulong	naikatutulong
tumulong	naikakatulong
tumulong	naiikatulong
tumulong	mapagtulongan
tumulong	napagtutulongan
tumulong	napapagtulongan
tumulong	maipagpatulong
tumulong	naipagpapatulong
tumulong	naipapagpatulong
tumulong	naiipagpatulong
tumulong	maikapagpatulong
tumulong	naikapagpapatulong
tumulong	naikakapagpatulong
tumulong	naiikapagpatulong
tumulong	mapagpatulungan
tumulong	napagpapatutulungan
tumulong	napapagpatulungan
tumulong	mapapagtulungan
tumulong	napapapagtulungan
tumulong	makitulong
tumulong	nakikitulong
tumulong	makipagpatulong
tumulong	nakikipagpatulong
tunawin	tinunaw
tunawin	tinutunaw
tunawin	tutunawin
tunawin	inatunaw
tunawin	pagtunawan
tunawin	pinapagtunawan
tunawin	pinagtutunawan
tunawin	itunaw
tunawin	itinutunaw
tunawin	ipatunaw
tunawin	ipinatutunaw
tunawin	ipinapatunaw
tunawin	ipagpatunaw
tunawin	ipinagpapatunaw
tunawin	ipinapagpatunaw
tunawin	ikapagpatunaw
tunawin	ikinapagpapatunaw
tunawin	ikinakapagpatunaw
tunawin	matunaw
tunawin	natutunaw
tunawin	maitunaw
tunawin	naitutunaw
tunawin	maikatunaw
tunawin	naikatutunaw
tunawin	naikakatunaw
tunawin	naiikatunaw
tunawin	mapagtunawan
tunawin	napagtutunawan
tunawin	napapagtunawan
tunawin	maipatunaw
tunawin	naipatutunaw
tunawin	naipapatunaw
tunawin	naiipatunaw
tunawin	maipagpatunaw
tunawin	naipagpapatunaw
tunawin	naipapagpatunaw
tunawin	naiipagpatunaw
tunawin	maikapagpatunaw
tunawin	naikapagpapatunaw
tunawin	naikakapagpatunaw
tunawin	naiikapagpatunaw
tunawin	mapagpatunawan
tunawin	napagpapatutunawan
tunawin	napapagpatunawan
tunawin	mapapagtunawan
tunawin	napapapagtunawan
tunawin	makitunaw
tunawin	nakikitunaw
tunawin	makipagpatunaw
tunawin	nakikipagpatunaw
tunawin	katunawan
tunawin	kinakatunawan
tunawin	kinatutunawan
tungkulin	tinungkol
tungkulin	tinutungkol
tungkulin	tutungkulin
tunugan	tinunugan
tunugan	tinutunugan
tunugan	tutunugan
turan	tinuran
turan	tinuturan
turan	tuturan
tutuldok	
tuwirin	tinuwid
tuwirin	tinutuwid
tuwirin	tutuwirin
tuyain	tinuya
tuyain	tinutuya
tuyain	tutuyain
tuyuin	tinuyo
tuyuin	tinutuyo
tuyuin	tutuyuin
tuyuin	inatuyo
tuyuin	katuyuan
tuyuin	kinakatuyuan
tuyuin	kinatutuyuan
tuyuin	ipatuyo
tuyuin	ipinatutuyo
tuyuin	ipinapatuyo
tuyuin	ikapagpatuyo
tuyuin	ikinapagpapatuyo
tuyuin	ikinakapagpatuyo
tuyuin	matuyo
tuyuin	natutuyo
tuyuin	maipatuyo
tuyuin	naipatutuyo
tuyuin	naipapatuyo
tuyuin	naiipatuyo
tuyuin	maikapagpatuyo
tuyuin	naikapagpapatuyo
tuyuin	naikakapagpatuyo
tuyuin	naiikapagpatuyo
tuyuin	makituyo
tuyuin	nakikituyo
tuyuin	makipagpatuyo
tuyuin	nakikipagpatuyo
ubasan	inubasan
ubasan	inuubasan
ubasan	uubasan
udyukan	inudyukan
udyukan	inuudyukan
udyukan	uudyukan
ugnayan	inugnayan
ugnayan	inuugnayan
ugnayan	uugnayan
ulian	inulian
ulian	inuulian
ulian	uulian
ulitin	inulit
ulitin	inuulit
ulitin	uulitin
umaa	umaaa
umaa	aaa
umaa	ungmaaa
umaaa	
umaakyat	
umaapaw	
umaawat	
umabay	umaabay
umabay	aabay
umabay	ungmaabay
umabsent	umaabsent
umabsent	aabsent
umabsent	pag-absentan
umabsent	pinapag-absentan
umabsent	pinag-aabsentan
umabsent	iabsent
umabsent	iniaabsent
umabsent	ipagpaabsent
umabsent	ipinagpapaabsent
umabsent	ipinapagpaabsent
umabsent	ikapagpaabsent
umabsent	ikinapagpapaabsent
umabsent	ikinakapagpaabsent
umabsent	mapag-absentan
umabsent	napag-aabsentan
umabsent	napapag-absentan
umabsent	maiabsent
umabsent	naiaabsent
umabsent	maikaabsent
umabsent	naikaaabsent
umabsent	naikakaabsent
umabsent	naiikaabsent
umabsent	maipagpaabsent
umabsent	naipagpapaabsent
umabsent	naipapagpaabsent
umabsent	naiipagpaabsent
umabsent	maikapagpaabsent
umabsent	naikapagpapaabsent
umabsent	naikakapagpaabsent
umabsent	naiikapagpaabsent
umabsent	mapagpaabsentan
umabsent	napagpapaaabsentan
umabsent	napapagpaabsentan
umabsent	mapapag-absentan
umabsent	napapapag-absentan
umabsent	makiabsent
umabsent	nakikiabsent
umabsent	makipagpaabsent
umabsent	nakikipagpaabsent
umabyad	umaabyad
umabyad	aabyad
umabyad	abyarin
umabyad	inaabyad
umabyad	pag-abyaran
umabyad	pinapag-abyaran
umabyad	pinag-aabyaran
umabyad	iabyad
umabyad	iniaabyad
umabyad	ipaabyad
umabyad	ipinaaabyad
umabyad	ipinapaabyad
umabyad	ipagpaabyad
umabyad	ipinagpapaabyad
umabyad	ipinapagpaabyad
umabyad	ikapagpaabyad
umabyad	ikinapagpapaabyad
umabyad	ikinakapagpaabyad
umabyad	maabyad
umabyad	naaabyad
umabyad	maiabyad
umabyad	naiaabyad
umabyad	maikaabyad
umabyad	naikaaabyad
umabyad	naikakaabyad
umabyad	naiikaabyad
umabyad	mapag-abyadan
umabyad	napag-aabyadan
umabyad	napapag-abyadan
umabyad	maipaabyad
umabyad	naipaaabyad
umabyad	naipapaabyad
umabyad	naiipaabyad
umabyad	maipagpaabyad
umabyad	naipagpapaabyad
umabyad	naipapagpaabyad
umabyad	naiipagpaabyad
umabyad	maikapagpaabyad
umabyad	naikapagpapaabyad
umabyad	naikakapagpaabyad
umabyad	naiikapagpaabyad
umabyad	mapagpaabyaran
umabyad	napagpapaaabyaran
umabyad	napapagpaabyaran
umabyad	mapapag-abyaran
umabyad	napapapag-abyaran
umabyad	makiabyad
umabyad	nakikiabyad
umabyad	makipagpaabyad
umabyad	nakikipagpaabyad
umaga	umaaga
umaga	aaga
umaga	ungmaaga
umagahas	umaagahas
umagahas	aagahas
umagahas	ungmaagahas
umagaw	umaagaw
umagaw	aagaw
umagnas	umaagnas
umagnas	aagnas
umagnas	agnasin
umagnas	inaagnas
umagnas	pag-agnasan
umagnas	pinapag-agnasan
umagnas	pinag-aagnasan
umagnas	iagnas
umagnas	iniaagnas
umagnas	ipaagnas
umagnas	ipinaaagnas
umagnas	ipinapaagnas
umagnas	ipagpaagnas
umagnas	ipinagpapaagnas
umagnas	ipinapagpaagnas
umagnas	ikapagpaagnas
umagnas	ikinapagpapaagnas
umagnas	ikinakapagpaagnas
umagnas	maagnas
umagnas	naaagnas
umagnas	maiagnas
umagnas	naiaagnas
umagnas	maikaagnas
umagnas	naikaaagnas
umagnas	naikakaagnas
umagnas	naiikaagnas
umagnas	mapag-agnasan
umagnas	napag-aagnasan
umagnas	napapag-agnasan
umagnas	maipaagnas
umagnas	naipaaagnas
umagnas	naipapaagnas
umagnas	naiipaagnas
umagnas	maipagpaagnas
umagnas	naipagpapaagnas
umagnas	naipapagpaagnas
umagnas	naiipagpaagnas
umagnas	maikapagpaagnas
umagnas	naikapagpapaagnas
umagnas	naikakapagpaagnas
umagnas	naiikapagpaagnas
umagnas	mapagpaagnasan
umagnas	napagpapaaagnasan
umagnas	napapagpaagnasan
umagnas	mapapag-agnasan
umagnas	napapapag-agnasan
umagnas	makiagnas
umagnas	nakikiagnas
umagnas	makipagpaagnas
umagnas	nakikipagpaagnas
umagos	umaagos
umagos	aagos
umagos	agusan
umagos	inaagusan
umagos	pag-agusan
umagos	pinapag-agusan
umagos	pinag-aagusan
umagos	iagos
umagos	iniaagos
umagos	ipagpaagos
umagos	ipinagpapaagos
umagos	ipinapagpaagos
umagos	ikapagpaagos
umagos	ikinapagpapaagos
umagos	ikinakapagpaagos
umagos	maagusan
umagos	naaagusan
umagos	maiagos
umagos	naiaagos
umagos	maikaagos
umagos	naikaaagos
umagos	naikakaagos
umagos	naiikaagos
umagos	mapag-agosan
umagos	napag-aagosan
umagos	napapag-agosan
umagos	maipagpaagos
umagos	naipagpapaagos
umagos	naipapagpaagos
umagos	naiipagpaagos
umagos	maikapagpaagos
umagos	naikapagpapaagos
umagos	naikakapagpaagos
umagos	naiikapagpaagos
umagos	mapagpaagusan
umagos	napagpapaaagusan
umagos	napapagpaagusan
umagos	mapapag-agusan
umagos	napapapag-agusan
umagos	makiagos
umagos	nakikiagos
umagos	makipagpaagos
umagos	nakikipagpaagos
umakyat	umaakyat
umakyat	aakyat
umakyat	akyatin
umakyat	inaakyat
umakyat	pag-akyatan
umakyat	pinapag-akyatan
umakyat	pinag-aakyatan
umakyat	iakyat
umakyat	iniaakyat
umakyat	ipaakyat
umakyat	ipinaaakyat
umakyat	ipinapaakyat
umakyat	ipagpaakyat
umakyat	ipinagpapaakyat
umakyat	ipinapagpaakyat
umakyat	ikapagpaakyat
umakyat	ikinapagpapaakyat
umakyat	ikinakapagpaakyat
umakyat	maakyat
umakyat	naaakyat
umakyat	maiakyat
umakyat	naiaakyat
umakyat	maikaakyat
umakyat	naikaaakyat
umakyat	naikakaakyat
umakyat	naiikaakyat
umakyat	mapag-akyatan
umakyat	napag-aakyatan
umakyat	napapag-akyatan
umakyat	maipaakyat
umakyat	naipaaakyat
umakyat	naipapaakyat
umakyat	naiipaakyat
umakyat	maipagpaakyat
umakyat	naipagpapaakyat
umakyat	naipapagpaakyat
umakyat	naiipagpaakyat
umakyat	maikapagpaakyat
umakyat	naikapagpapaakyat
umakyat	naikakapagpaakyat
umakyat	naiikapagpaakyat
umakyat	mapagpaakyatan
umakyat	napagpapaaakyatan
umakyat	napapagpaakyatan
umakyat	mapapag-akyatan
umakyat	napapapag-akyatan
umakyat	makiakyat
umakyat	nakikiakyat
umakyat	makipagpaakyat
umakyat	nakikipagpaakyat
umalingawngaw	umaalingawngaw
umalingawngaw	aalingawngaw
umalingawngaw	ungmaalingawngaw
umalis	umaalis
umalis	aalis
umalis	ungmaalis
umalog	umaalog
umalog	aalog
umalog	ungmaalog
umambon	umaambon
umambon	aambon
umambon	ungmaambon
umamin	umaamin
umamin	aamin
umamoy	umaamoy
umamoy	aamoy
umamoy	amuyin
umamoy	inaamoy
umamoy	amuyan
umamoy	inaamuyan
umamoy	pag-amuyan
umamoy	pinapag-amuyan
umamoy	pinag-aamuyan
umamoy	iamoy
umamoy	iniaamoy
umamoy	ipaamoy
umamoy	ipinaaamoy
umamoy	ipinapaamoy
umamoy	ipagpaamoy
umamoy	ipinagpapaamoy
umamoy	ipinapagpaamoy
umamoy	ikapagpaamoy
umamoy	ikinapagpapaamoy
umamoy	ikinakapagpaamoy
umamoy	maamoy
umamoy	naaamoy
umamoy	maamuyan
umamoy	naaamuyan
umamoy	maiamoy
umamoy	naiaamoy
umamoy	maikaamoy
umamoy	naikaaamoy
umamoy	naikakaamoy
umamoy	naiikaamoy
umamoy	mapag-amoyan
umamoy	napag-aamoyan
umamoy	napapag-amoyan
umamoy	maipaamoy
umamoy	naipaaamoy
umamoy	naipapaamoy
umamoy	naiipaamoy
umamoy	maipagpaamoy
umamoy	naipagpapaamoy
umamoy	naipapagpaamoy
umamoy	naiipagpaamoy
umamoy	maikapagpaamoy
umamoy	naikapagpapaamoy
umamoy	naikakapagpaamoy
umamoy	naiikapagpaamoy
umamoy	mapagpaamuyan
umamoy	napagpapaaamuyan
umamoy	napapagpaamuyan
umamoy	mapapag-amuyan
umamoy	napapapag-amuyan
umamoy	makiamoy
umamoy	nakikiamoy
umamoy	makipagpaamoy
umamoy	nakikipagpaamoy
umandar	umaandar
umandar	aandar
umandar	ungmaandar
umanta	umaanta
umanta	aanta
umanta	ungmaanta
umantabay	umaantabay
umantabay	aantabay
umantabay	ungmaantabay
umapaw	umaapaw
umapaw	aapaw
umapaw	ungmaapaw
umaraw	umaaraw
umaraw	aaraw
umaraw	ungmaaraw
umasa	umaasa
umasa	aasa
umasa	ungmaasa
umasim	umaasim
umasim	aasim
umasim	ungmaasim
umasinta	umaasinta
umasinta	aasinta
umasinta	asintahin
umasinta	inaasinta
umasinta	pag-asintahan
umasinta	pinapag-asintahan
umasinta	pinag-aasintahan
umasinta	iasinta
umasinta	iniaasinta
umasinta	ipaasinta
umasinta	ipinaaasinta
umasinta	ipinapaasinta
umasinta	ipagpaasinta
umasinta	ipinagpapaasinta
umasinta	ipinapagpaasinta
umasinta	ikapagpaasinta
umasinta	ikinapagpapaasinta
umasinta	ikinakapagpaasinta
umasinta	maasinta
umasinta	naaasinta
umasinta	maiasinta
umasinta	naiaasinta
umasinta	maikaasinta
umasinta	naikaaasinta
umasinta	naikakaasinta
umasinta	naiikaasinta
umasinta	mapag-asintaan
umasinta	napag-aasintaan
umasinta	napapag-asintaan
umasinta	maipaasinta
umasinta	naipaaasinta
umasinta	naipapaasinta
umasinta	naiipaasinta
umasinta	maipagpaasinta
umasinta	naipagpapaasinta
umasinta	naipapagpaasinta
umasinta	naiipagpaasinta
umasinta	maikapagpaasinta
umasinta	naikapagpapaasinta
umasinta	naikakapagpaasinta
umasinta	naiikapagpaasinta
umasinta	mapagpaasintahan
umasinta	napagpapaaasintahan
umasinta	napapagpaasintahan
umasinta	mapapag-asintahan
umasinta	napapapag-asintahan
umasinta	makiasinta
umasinta	nakikiasinta
umasinta	makipagpaasinta
umasinta	nakikipagpaasinta
umatsoy	umaatsoy
umatsoy	aatsoy
umatsoy	ungmaatsoy
umaw-aw	umaaw-aw
umaw-aw	aaw-aw
umawat	umaawat
umawat	aawat
umawat	awatin
umawat	inaawat
umawat	pag-awatan
umawat	pinapag-awatan
umawat	pinag-aawatan
umawat	iawat
umawat	iniaawat
umawat	ipaawat
umawat	ipinaaawat
umawat	ipinapaawat
umawat	ipagpaawat
umawat	ipinagpapaawat
umawat	ipinapagpaawat
umawat	ikapagpaawat
umawat	ikinapagpapaawat
umawat	ikinakapagpaawat
umawat	maawat
umawat	naaawat
umawat	maiawat
umawat	naiaawat
umawat	maikaawat
umawat	naikaaawat
umawat	naikakaawat
umawat	naiikaawat
umawat	mapag-awatan
umawat	napag-aawatan
umawat	napapag-awatan
umawat	maipaawat
umawat	naipaaawat
umawat	naipapaawat
umawat	naiipaawat
umawat	maipagpaawat
umawat	naipagpapaawat
umawat	naipapagpaawat
umawat	naiipagpaawat
umawat	maikapagpaawat
umawat	naikapagpapaawat
umawat	naikakapagpaawat
umawat	naiikapagpaawat
umawat	mapagpaawatan
umawat	napagpapaaawatan
umawat	napapagpaawatan
umawat	mapapag-awatan
umawat	napapapag-awatan
umawat	makiawat
umawat	nakikiawat
umawat	makipagpaawat
umawat	nakikipagpaawat
umawit	umaawit
umawit	aawit
umawit	awitin
umawit	inaawit
umawit	pag-awitan
umawit	pinapag-awitan
umawit	pinag-aawitan
umawit	iawit
umawit	iniaawit
umawit	ipaawit
umawit	ipinaaawit
umawit	ipinapaawit
umawit	ipagpaawit
umawit	ipinagpapaawit
umawit	ipinapagpaawit
umawit	ikapagpaawit
umawit	ikinapagpapaawit
umawit	ikinakapagpaawit
umawit	maawit
umawit	naaawit
umawit	maiawit
umawit	naiaawit
umawit	maikaawit
umawit	naikaaawit
umawit	naikakaawit
umawit	naiikaawit
umawit	mapag-awitan
umawit	napag-aawitan
umawit	napapag-awitan
umawit	maipaawit
umawit	naipaaawit
umawit	naipapaawit
umawit	naiipaawit
umawit	maipagpaawit
umawit	naipagpapaawit
umawit	naipapagpaawit
umawit	naiipagpaawit
umawit	maikapagpaawit
umawit	naikapagpapaawit
umawit	naikakapagpaawit
umawit	naiikapagpaawit
umawit	mapagpaawitan
umawit	napagpapaaawitan
umawit	napapagpaawitan
umawit	mapapag-awitan
umawit	napapapag-awitan
umawit	makiawit
umawit	nakikiawit
umawit	makipagpaawit
umawit	nakikipagpaawit
umayos	umaayos
umayos	aayos
umayos	ungmaayos
umebak	umeebak
umebak	eebak
umebak	ungmeebak
umedad	umeedad
umedad	eedad
umepal	umeepal
umepal	eepal
umepal	ungmeepal
umere	umeere
umere	eere
umibig	umiibig
umibig	iibig
umibig	ungmiibig
umihi	umiihi
umihi	iihi
umihi	ungmiihi
umihip	umiihip
umihip	iihip
umihip	hipan
umihip	hinihipan
umihip	inahipan
umihip	paghipan
umihip	pinapaghipan
umihip	pinaghihipan
umihip	iniiihip
umihip	ipagpaihip
umihip	ipinagpapaihip
umihip	ipinapagpaihip
umihip	ikapagpaihip
umihip	ikinapagpapaihip
umihip	ikinakapagpaihip
umihip	mahipan
umihip	nahihipan
umihip	maiihip
umihip	naiiihip
umihip	maikaihip
umihip	naikaiihip
umihip	naikakaihip
umihip	naiikaihip
umihip	mapag-ihipan
umihip	napag-iihipan
umihip	napapag-ihipan
umihip	maipagpaihip
umihip	naipagpapaihip
umihip	naipapagpaihip
umihip	naiipagpaihip
umihip	maikapagpaihip
umihip	naikapagpapaihip
umihip	naikakapagpaihip
umihip	naiikapagpaihip
umihip	mapagpahipan
umihip	napagpapahihipan
umihip	napapagpahipan
umihip	mapapaghipan
umihip	napapapaghipan
umihip	makiihip
umihip	nakikiihip
umihip	makipagpaihip
umihip	nakikipagpaihip
umiibig	
umiinom	
umiintindi	
umiiyak	
umikot	umiikot
umikot	iikot
umikot	ungmiikot
umiling	umiiling
umiling	iiling
umiling	ungmiiling
umimik	umiimik
umimik	iimik
umimik	ungmiimik
umingay	umiingay
umingay	iingay
umingay	ungmiingay
uminog	umiinog
uminog	iinog
uminom	umiinom
uminom	iinom
uminom	inumin
uminom	iniinom
uminom	inainom
uminom	inuman
uminom	iniinuman
uminom	inainuman
uminom	pag-inuman
uminom	pinapag-inuman
uminom	pinag-iinuman
uminom	iniiinom
uminom	ipainom
uminom	ipinaiinom
uminom	ipinapainom
uminom	ipagpainom
uminom	ipinagpapainom
uminom	ipinapagpainom
uminom	ikapagpainom
uminom	ikinapagpapainom
uminom	ikinakapagpainom
uminom	mainom
uminom	naiinom
uminom	mainuman
uminom	naiinuman
uminom	maiinom
uminom	naiiinom
uminom	maikainom
uminom	naikaiinom
uminom	naikakainom
uminom	naiikainom
uminom	mapag-inoman
uminom	napag-iinoman
uminom	napapag-inoman
uminom	maipainom
uminom	naipaiinom
uminom	naipapainom
uminom	naiipainom
uminom	maipagpainom
uminom	naipagpapainom
uminom	naipapagpainom
uminom	naiipagpainom
uminom	maikapagpainom
uminom	naikapagpapainom
uminom	naikakapagpainom
uminom	naiikapagpainom
uminom	mapagpainuman
uminom	napagpapaiinuman
uminom	napapagpainuman
uminom	mapapag-inuman
uminom	napapapag-inuman
uminom	makiinom
uminom	nakikiinom
uminom	makipagpainom
uminom	nakikipagpainom
umintindi	umiintindi
umintindi	iintindi
umintindi	ungmiintindi
umirog	umiirog
umirog	iirog
umiskor	umiiskor
umiskor	iiskor
umiskor	ungmiiskor
umisod	umiisod
umisod	iisod
umisod	ungmiisod
umiwas	umiiwas
umiwas	iiwas
umiwas	ungmiiwas
umiyak	umiiyak
umiyak	iiyak
umiyak	ungmiiyak
umoo	umooo
umoo	ooo
umopo	umoopo
umopo	oopo
umopo	ungmoopo
umpisahan	inumpisahan
umpisahan	inuumpisahan
umpisahan	uumpisahan
umubo	umuubo
umubo	uubo
umubo	ungmuubo
umuha	umuuha
umuha	uuha
umuha	ungmuuha
umulan	umuulan
umulan	uulan
umulan	ungmuulan
umulit	umuulit
umulit	uulit
umulit	umurulit
umulit	ungmurulit
umunlad	umuunlad
umunlad	uunlad
umunlad	ungmuunlad
umuo	umuuo
umuo	ungmuuo
umupo	umuupo
umupo	uupo
umupo	ungmuupo
umurong	umuurong
umurong	uurong
umurong	urungin
umurong	inuurong
umurong	inaurong
umurong	pag-urungan
umurong	pinapag-urungan
umurong	pinag-uurungan
umurong	iurong
umurong	iniuurong
umurong	ipaurong
umurong	ipinauurong
umurong	ipinapaurong
umurong	ipagpaurong
umurong	ipinagpapaurong
umurong	ipinapagpaurong
umurong	ikapagpaurong
umurong	ikinapagpapaurong
umurong	ikinakapagpaurong
umurong	maurong
umurong	nauurong
umurong	maiurong
umurong	naiuurong
umurong	maikaurong
umurong	naikauurong
umurong	naikakaurong
umurong	naiikaurong
umurong	mapag-urongan
umurong	napag-uurongan
umurong	napapag-urongan
umurong	maipaurong
umurong	naipauurong
umurong	naipapaurong
umurong	naiipaurong
umurong	maipagpaurong
umurong	naipagpapaurong
umurong	naipapagpaurong
umurong	naiipagpaurong
umurong	maikapagpaurong
umurong	naikapagpapaurong
umurong	naikakapagpaurong
umurong	naiikapagpaurong
umurong	mapagpaurungan
umurong	napagpapauurungan
umurong	napapagpaurungan
umurong	mapapag-urungan
umurong	napapapag-urungan
umurong	makiurong
umurong	nakikiurong
umurong	makipagpaurong
umurong	nakikipagpaurong
umusbong	umuusbong
umusbong	uusbong
umusbong	ungmuusbong
umutot	umuutot
umutot	uutot
umutot	ungmuutot
umuwi	umuuwi
umuwi	uuwi
umuwi	ungmuuwi
unahin	inuna
unahin	inuuna
unahin	uunahin
undayan	inundayan
undayan	inuundayan
undayan	uundayan
ungkatin	inungkat
ungkatin	inuungkat
ungkatin	uungkatin
ungkatin	inaungkat
ungkatin	pag-uungkatan
ungkatin	pinapag-uungkatan
ungkatin	pinag-uuungkatan
ungkatin	iungkat
ungkatin	iniuungkat
ungkatin	ipaungkat
ungkatin	ipinauungkat
ungkatin	ipinapaungkat
ungkatin	ipagpaungkat
ungkatin	ipinagpapaungkat
ungkatin	ipinapagpaungkat
ungkatin	ikapagpaungkat
ungkatin	ikinapagpapaungkat
ungkatin	ikinakapagpaungkat
ungkatin	maungkat
ungkatin	nauungkat
ungkatin	maiungkat
ungkatin	naiuungkat
ungkatin	maikaungkat
ungkatin	naikauungkat
ungkatin	naikakaungkat
ungkatin	naiikaungkat
ungkatin	mapag-ungkatan
ungkatin	napag-uungkatan
ungkatin	napapag-ungkatan
ungkatin	maipaungkat
ungkatin	naipauungkat
ungkatin	naipapaungkat
ungkatin	naiipaungkat
ungkatin	maipagpaungkat
ungkatin	naipagpapaungkat
ungkatin	naipapagpaungkat
ungkatin	naiipagpaungkat
ungkatin	maikapagpaungkat
ungkatin	naikapagpapaungkat
ungkatin	naikakapagpaungkat
ungkatin	naiikapagpaungkat
ungkatin	mapagpauungkatan
ungkatin	napagpapauuungkatan
ungkatin	napapagpauungkatan
ungkatin	mapapag-uungkatan
ungkatin	napapapag-uungkatan
ungkatin	makiungkat
ungkatin	nakikiungkat
ungkatin	makipagpaungkat
ungkatin	nakikipagpaungkat
ungkatin	kaungkatan
ungkatin	kinakaungkatan
ungkatin	kinauungkatan
uorin	inuod
uorin	inuuod
uorin	uuorin
upahan	inupahan
upahan	inuupahan
upahan	uupahan
upakan	inupakan
upakan	inuupakan
upakan	uupakan
upo	
upuan	inupuan
upuan	inuupuan
upuan	uupuan
usigin	inusig
usigin	inuusig
usigin	uusigin
usisain	inusisa
usisain	inuusisa
usisain	uusisain
ut-utin	inut-ot
ut-utin	inuut-ot
ut-utin	uut-utin
utusan	inutusan
utusan	inuutusan
utusan	uutusan
ututin	inutot
ututin	inuutot
ututin	uututin
uulan	
uurin	inuod
uurin	inuuod
uurin	uuurin
uusisain	
uutot	
uwakin	inuwak
uwakin	inuuwak
uwakin	uuwakin
uwian	inuwian
uwian	inuuwian
uwian	uuwian
videohan	vinideohan
videohan	vinivideohan
videohan	vivideohan
waagan	winaagan
waagan	winawaagan
waagan	wawaagan
wagaywayan	winagaywayan
wagaywayan	winawagaywayan
wagaywayan	wawagaywayan
wagaywayan	niwawagaywayan
wagwagin	winagwag
wagwagin	winawagwag
wagwagin	wawagwagin
walisan	winalisan
walisan	winawalisan
walisan	wawalisan
waluhin	niwalo
waluhin	niwawalo
waluhin	wawaluhin
waluhin	winawalo
wasakin	winasak
wasakin	winawasak
wasakin	wawasakin
wasakin	niwawasak
winagwag	
yabangan	niyabangan
yabangan	niyayabangan
yabangan	yayabangan
yabatan	niyabatan
yabatan	niyayabatan
yabatan	yayabatan
yakapin	niyakap
yakapin	niyayakap
yakapin	yayakapin
yakyakan	niyakyakan
yakyakan	niyayakyakan
yakyakan	yayakyakan
yakyakin	niyakyak
yakyakin	niyayakyak
yakyakin	yayakyakin
yayaman	
yoyoin	niyoyo
yoyoin	niyoyoyo
yoyoin	yoyoyoin
yumabang	yumayabang
yumabang	yayabang
yumabang	yungmayabang
yumabong	yumayabong
yumabong	yayabong
yumabong	yungmayabong
yumahod	yumayahod
yumahod	yayahod
yumahod	yungmayahod
yumakap	yumayakap
yumakap	yayakap
yumakap	yungmayakap
yumaman	yumayaman
yumaman	yayaman
yumaman	yungmayaman
yumamot	yumayamot
yumamot	yayamot
yumamot	yungmayamot
yumanig	yumayanig
yumanig	yayanig
yumanig	yungmayanig
yumao	yumayao
yumao	yayao
yumao	pagyaoan
yumao	pinapagyaoan
yumao	pinagyayaoan
yumao	iyao
yumao	iniyayao
yumao	ipagpayao
yumao	ipinagpapayao
yumao	ipinapagpayao
yumao	ikapagpayao
yumao	ikinapagpapayao
yumao	ikinakapagpayao
yumao	maiyao
yumao	naiyayao
yumao	maikayao
yumao	naikayayao
yumao	naikakayao
yumao	naiikayao
yumao	mapagyaoan
yumao	napagyayaoan
yumao	napapagyaoan
yumao	maipagpayao
yumao	naipagpapayao
yumao	naipapagpayao
yumao	naiipagpayao
yumao	maikapagpayao
yumao	naikapagpapayao
yumao	naikakapagpayao
yumao	naiikapagpayao
yumao	mapagpayaoan
yumao	napagpapayayaoan
yumao	napapagpayaoan
yumao	mapapagyaoan
yumao	napapapagyaoan
yumao	makiyao
yumao	nakikiyao
yumao	makipagpayao
yumao	nakikipagpayao
yumari	yumayari
yumari	yayari
yumari	yungmayari
yumasak	yumayasak
yumasak	yayasak
yumasak	yungmayasak
yumukdo	yumuyukdo
yumukdo	yuyukdo
yumukdo	yungmuyukdo
yumuko	yumuyuko
yumuko	yuyuko
yumuko	yungmuyuko
yumupyop	yumuyupyop
yumupyop	yuyupyop
yumupyop	yungmuyupyop
yumurak	yumuyurak
yumurak	yuyurak
yumurak	yungmuyurak
yurakan	niyurakan
yurakan	niyuyurakan
yurakan	yuyukarakn
