word	form
aaronita	aaronitas
aarónico	aarónicos
aarónico	aarónica
aarónico	aarónicas
abacal	abacales
abacanado	abacanados
abacanado	abacanada
abacanado	abacanadas
abacaro	abacaros
abacaro	abacara
abacaro	abacaras
abacial	abaciales
abacteriano	abacterianos
abacteriano	abacteriana
abacteriano	abacterianas
abadengo	abadengos
abadengo	abadenga
abadengo	abadengas
abadernado	abadernados
abadernado	abadernada
abadernado	abadernadas
abadí	abadís
abadí	abadíes
abajado	abajados
abajado	abajada
abajado	abajadas
abajero	abajeros
abajero	abajera
abajero	abajeras
abajeño	abajeños
abajeño	abajeña
abajeño	abajeñas
abajino	abajinos
abajino	abajina
abajino	abajinas
abalado	abalados
abalado	abalada
abalado	abaladas
abalanzadizo	abalanzadizos
abalanzadizo	abalanzadiza
abalanzadizo	abalanzadizas
abalaustrado	abalaustrados
abalaustrado	abalaustrada
abalaustrado	abalaustradas
abalconado	abalconados
abalconado	abalconada
abalconado	abalconadas
abaldonadísimo	abaldonadísimos
abaldonadísimo	abaldonadísima
abaldonadísimo	abaldonadísimas
abaleable	abaleables
abameo	abameos
abameo	abamea
abameo	abameas
abancayno	abancaynos
abancayno	abancayna
abancayno	abancaynas
abancaíno	abancaínos
abancaíno	abancaína
abancaíno	abancaínas
abanderado	abanderados
abanderado	abanderada
abanderado	abanderadas
abanderizador	abanderizadores
abanderizador	abanderizadora
abanderizador	abanderizadoras
abandonado	abandonados
abandonado	abandonada
abandonado	abandonadas
abandonista	abandonistas
abandónico	abandónicos
abandónico	abandónica
abandónico	abandónicas
abanillero	abanilleros
abanillero	abanillera
abanillero	abanilleras
abanquino	abanquinos
abanquino	abanquina
abanquino	abanquinas
abanto	abantos
abanto	abanta
abanto	abantas
abaptisto	abaptistos
abaptisto	abaptista
abaptisto	abaptistas
abarcable	abarcables
abarcado	abarcados
abarcado	abarcada
abarcado	abarcadas
abarcador	abarcadores
abarcador	abarcadora
abarcador	abarcadoras
abaritonado	abaritonados
abaritonado	abaritonada
abaritonado	abaritonadas
abarquero	abarqueros
abarquero	abarquera
abarquero	abarqueras
abarquillado	abarquillados
abarquillado	abarquillada
abarquillado	abarquilladas
abarrado	abarrados
abarrado	abarrada
abarrado	abarradas
abarrajado	abarrajados
abarrajado	abarrajada
abarrajado	abarrajadas
abarrocado	abarrocados
abarrocado	abarrocada
abarrocado	abarrocadas
abasida	abasidas
abastante	abastantes
abastecedor	abastecedores
abastecedor	abastecedora
abastecedor	abastecedoras
abasí	abasís
abasí	abasíes
abatanado	abatanados
abatanado	abatanada
abatanado	abatanadas
abatible	abatibles
abatido	abatidos
abatido	abatida
abatido	abatidas
abatidor	abatidores
abatidor	abatidora
abatidor	abatidoras
abayado	abayados
abayado	abayada
abayado	abayadas
abbevilliense	abbevillienses
abderita	abderitas
abderitano	abderitanos
abderitano	abderitana
abderitano	abderitanas
abdicador	
abdicativo	abdicativos
abdicativo	abdicativa
abdicativo	abdicativas
abdominal	abdominales
abdominodiafragmático	abdominodiafragmáticos
abdominodiafragmático	abdominodiafragmática
abdominodiafragmático	abdominodiafragmáticas
abductor	abductores
abductor	abductora
abductor	abductoras
abecedariano	abecedarianos
abecedariano	abecedariana
abecedariano	abecedarianas
abejuno	abejunos
abejuno	abejuna
abejuno	abejunas
abellacado	abellacados
abellacado	abellacada
abellacado	abellacadas
abellotado	abellotados
abellotado	abellotada
abellotado	abellotadas
abemolado	abemolados
abemolado	abemolada
abemolado	abemoladas
aberenjenado	aberenjenados
aberenjenado	aberenjenada
aberenjenado	aberenjenadas
aberrante	aberrantes
abertal	abertales
abertzale	abertzales
aberzale	aberzales
abestiado	abestiados
abestiado	abestiada
abestiado	abestiadas
abestializado	abestializados
abestializado	abestializada
abestializado	abestializadas
abetunado	abetunados
abetunado	abetunada
abetunado	abetunadas
abierto	abiertos
abierto	abierta
abierto	abiertas
abietino	abietinos
abietino	abietina
abietino	abietinas
abietáceo	abietáceos
abietáceo	abietácea
abietáceo	abietáceas
abietíneo	abietíneos
abietíneo	abietínea
abietíneo	abietíneas
abigarrado	abigarrados
abigarrado	abigarrada
abigarrado	abigarradas
abigotado	abigotados
abigotado	abigotada
abigotado	abigotadas
abil	
abiogénico	abiogénicos
abiogénico	abiogénica
abiogénico	abiogénicas
abiológico	abiológicos
abiológico	abiológica
abiológico	abiológicas
abipón	abipones
abipón	abipona
abipón	abiponas
abirritado	abirritados
abirritado	abirritada
abirritado	abirritadas
abirritante	abirritantes
abisal	abisales
abisinio	abisinios
abisinio	abisinia
abisinio	abisinias
abismado	abismados
abismado	abismada
abismado	abismadas
abismal	abismales
abismático	abismáticos
abismático	abismática
abismático	abismáticas
abizcochado	abizcochados
abizcochado	abizcochada
abizcochado	abizcochadas
abiótico	abióticos
abiótico	abiótica
abiótico	abióticas
abjasiano	abjasianos
abjasiano	abjasiana
abjasiano	abjasianas
abjasio	abjasios
abjasio	abjasia
abjasio	abjasias
abjaso	abjasos
abjaso	abjasa
abjaso	abjasas
abjurable	abjurables
ablandador	ablandadores
ablandador	ablandadora
ablandador	ablandadoras
ablandante	ablandantes
ablandativo	ablandativos
ablandativo	ablandativa
ablandativo	ablandativas
ablaqueador	ablaqueadores
ablaqueador	ablaqueadora
ablaqueador	ablaqueadoras
ablativo	ablativos
ablativo	ablativa
ablativo	ablativas
ablatorio	ablatorios
ablatorio	ablatoria
ablatorio	ablatorias
abluente	abluentes
ablusado	ablusados
ablusado	ablusada
ablusado	ablusadas
abluído	abluídos
abluído	abluída
abluído	abluídas
abnegado	abnegados
abnegado	abnegada
abnegado	abnegadas
abnegado	abnegadísimo
abnegadísimo	abnegadísimos
abnegadísimo	abnegadísima
abnegadísimo	abnegadísimas
abobado	abobados
abobado	abobada
abobado	abobadas
abocado	abocados
abocado	abocada
abocado	abocadas
abocardado	abocardados
abocardado	abocardada
abocardado	abocardadas
abocelado	abocelados
abocelado	abocelada
abocelado	aboceladas
abocetado	abocetados
abocetado	abocetada
abocetado	abocetadas
abochornado	abochornados
abochornado	abochornada
abochornado	abochornadas
abochornante	abochornantes
abocinado	abocinados
abocinado	abocinada
abocinado	abocinadas
aboense	aboenses
abofado	abofados
abofado	abofada
abofado	abofadas
abofeteador	abofeteadores
abofeteador	abofeteadora
abofeteador	abofeteadoras
abogadesco	abogadescos
abogadesco	abogadesca
abogadesco	abogadescas
abogadil	abogadiles
abogado	abogados
abogado	abogada
abogado	abogadas
abogador	abogadores
abogador	abogadora
abogador	abogadoras
abohetado	abohetados
abohetado	abohetada
abohetado	abohetadas
abolicionista	abolicionistas
abollable	abollables
abollado	abollados
abollado	abollada
abollado	abolladas
abolsado	abolsados
abolsado	abolsada
abolsado	abolsadas
abombado	abombados
abombado	abombada
abombado	abombadas
abominable	abominables
abonable	abonables
abonado	abonados
abonado	abonada
abonado	abonadas
abonador	abonadores
abonador	abonadora
abonador	abonadoras
abondado	abondados
abondado	abondada
abondado	abondadas
abondoso	abondosos
abondoso	abondosa
abondoso	abondosas
aboquillado	aboquillados
aboquillado	aboquillada
aboquillado	aboquilladas
aboral	aborales
abordable	abordables
abordador	abordadores
abordador	abordadora
abordador	abordadoras
aborigen	aborígenes
aborlonado	aborlonados
aborlonado	aborlonada
aborlonado	aborlonadas
aborrachado	aborrachados
aborrachado	aborrachada
aborrachado	aborrachadas
aborrazado	aborrazados
aborrazado	aborrazada
aborrazado	aborrazadas
aborrecedero	
aborrecedor	aborrecedores
aborrecedor	aborrecedora
aborrecedor	aborrecedoras
aborrecible	aborrecibles
aborrecido	aborrecidos
aborrecido	aborrecida
aborrecido	aborrecidas
aborregado	aborregados
aborregado	aborregada
aborregado	aborregadas
aborrible	aborribles
abortivo	abortivos
abortivo	abortiva
abortivo	abortivas
abotinado	abotinados
abotinado	abotinada
abotinado	abotinadas
abotonado	abotonados
abotonado	abotonada
abotonado	abotonadas
abovedado	abovedados
abovedado	abovedada
abovedado	abovedadas
aboyado	aboyados
aboyado	aboyada
aboyado	aboyadas
abracadabrante	abracadabrantes
abrahámico	abrahámicos
abrahámico	abrahámica
abrahámico	abrahámicas
abranquio	abranquios
abranquio	abranquia
abranquio	abranquias
abrasador	abrasadores
abrasador	abrasadora
abrasador	abrasadoras
abrasilado	abrasilados
abrasilado	abrasilada
abrasilado	abrasiladas
abrasivo	abrasivos
abrasivo	abrasiva
abrasivo	abrasivas
abrazable	abrazables
abrazadero	abrazaderos
abrazadero	abrazadera
abrazadero	abrazaderas
abrazador	abrazadores
abrazador	abrazadora
abrazador	abrazadoras
abrerano	abreranos
abrerano	abrerana
abrerano	abreranas
abrevador	abrevadores
abrevador	abrevadora
abrevador	abrevadoras
abreviado	abreviados
abreviado	abreviada
abreviado	abreviadas
abreviador	abreviadores
abreviador	abreviadora
abreviador	abreviadoras
abriboca	abribocas
abribonado	abribonados
abribonado	abribonada
abribonado	abribonadas
abridero	abrideros
abridero	abridera
abridero	abrideras
abridor	abridores
abridor	abridora
abridor	abridoras
abrigado	abrigados
abrigado	abrigada
abrigado	abrigadas
abrigador	abrigadores
abrigador	abrigadora
abrigador	abrigadoras
abrigoso	abrigosos
abrigoso	abrigosa
abrigoso	abrigosas
abrileño	
abrillantador	abrillantadores
abrillantador	abrillantadora
abrillantador	abrillantadoras
abrochado	abrochados
abrochado	abrochada
abrochado	abrochadas
abrogable	abrogables
abrogatorio	abrogatorios
abrogatorio	abrogatoria
abrogatorio	abrogatorias
abromado	abromados
abromado	abromada
abromado	abromadas
abroquelado	abroquelados
abroquelado	abroquelada
abroquelado	abroqueladas
abrucense	
abrumado	abrumados
abrumado	abrumada
abrumado	abrumadas
abrumador	abrumadores
abrumador	abrumadora
abrumador	abrumadoras
abrumante	abrumantes
abrupto	abruptos
abrupto	abrupta
abrupto	abruptas
abrutado	abrutados
abrutado	abrutada
abrutado	abrutadas
abruzo	abruzos
abruzo	abruza
abruzo	abruzas
abrómico	abrómicos
abrómico	abrómica
abrómico	abrómicas
abscóndito	abscónditos
abscóndito	abscóndita
abscóndito	abscónditas
absente	absentes
absentista	absentistas
absidal	absidales
absidial	absidiales
absintado	absintados
absintado	absintada
absintado	absintadas
absintiano	absintianos
absintiano	absintiana
absintiano	absintianas
absolutista	absolutistas
absoluto	absolutos
absoluto	absoluta
absoluto	absolutas
absolutorio	absolutorios
absolutorio	absolutoria
absolutorio	absolutorias
absolvedor	absolvedores
absolvedor	absolvedora
absolvedor	absolvedoras
absorbedor	absorbedores
absorbedor	absorbedora
absorbedor	absorbedoras
absorbente	absorbentes
absorbible	absorbibles
absorto	absortos
absorto	absorta
absorto	absortas
abstemio	abstemios
abstemio	abstemia
abstemio	abstemias
abstencionista	abstencionistas
abstergente	abstergentes
abstersivo	abstersivos
abstersivo	abstersiva
abstersivo	abstersivas
abstinente	abstinentes
abstractivo	abstractivos
abstractivo	abstractiva
abstractivo	abstractivas
abstracto	abstractos
abstracto	abstracta
abstracto	abstractas
abstraído	abstraídos
abstraído	abstraída
abstraído	abstraídas
abstruso	abstrusos
abstruso	abstrusa
abstruso	abstrusas
absuelto	absueltos
absuelto	absuelta
absuelto	absueltas
absurdo	absurdos
absurdo	absurda
absurdo	absurdas
abucardo	abucardos
abucardo	abucarda
abucardo	abucardas
abudabí	abudabís
abudabí	abudabíes
abuelito	abuelitos
abuelito	abuelita
abuelito	abuelitas
abuhado	abuhados
abuhado	abuhada
abuhado	abuhadas
abuhardillado	abuhardillados
abuhardillado	abuhardillada
abuhardillado	abuhardilladas
abulense	abulenses
abultado	abultados
abultado	abultada
abultado	abultadas
abundado	abundados
abundado	abundada
abundado	abundadas
abundancial	abundanciales
abundante	abundantes
abundante	abundantísimo
abundante	ubérrimo
abundantísimo	abundantísimos
abundantísimo	abundantísima
abundantísimo	abundantísimas
abundoso	abundosos
abundoso	abundosa
abundoso	abundosas
aburelado	aburelados
aburelado	aburelada
aburelado	abureladas
aburrado	aburrados
aburrado	aburrada
aburrado	aburradas
aburrido	aburridos
aburrido	aburrida
aburrido	aburridas
aburridor	aburridores
aburridor	aburridora
aburridor	aburridoras
abusador	abusadores
abusador	abusadora
abusador	abusadoras
abusionero	abusioneros
abusionero	abusionera
abusionero	abusioneras
abusivo	abusivos
abusivo	abusiva
abusivo	abusivas
abusón	abusones
abusón	abusona
abusón	abusonas
abuñolado	abuñolados
abuñolado	abuñolada
abuñolado	abuñoladas
abuñuelado	abuñuelados
abuñuelado	abuñuelada
abuñuelado	abuñueladas
abyecto	abyectos
abyecto	abyecta
abyecto	abyectas
abúlico	abúlicos
abúlico	abúlica
abúlico	abúlicas
acabable	acabables
acabado	acabados
acabado	acabada
acabado	acabadas
acabador	acabadores
acabador	acabadora
acabador	acabadoras
acabadora	acabadoras
acaballado	acaballados
acaballado	acaballada
acaballado	acaballadas
acaballerado	acaballerados
acaballerado	acaballerada
acaballerado	acaballeradas
acabangado	acabangados
acabangado	acabangada
acabangado	acabangadas
acabdillador	acabdilladores
acabdillador	acabdilladora
acabdillador	acabdilladoras
acabellado	acabellados
acabellado	acabellada
acabellado	acabelladas
acabronado	acabronados
acabronado	acabronada
acabronado	acabronadas
acacharpado	acacharpados
acacharpado	acacharpada
acacharpado	acacharpadas
acaciano	acacianos
acaciano	acaciana
acaciano	acacianas
academicista	academicistas
acadio	acadios
acadio	acadia
acadio	acadias
académico	académicos
académico	académica
académico	académicas
acaecedero	acaecederos
acaecedero	acaecedera
acaecedero	acaecederas
acalefo	
acalicino	acalicinos
acalicino	acalicina
acalicino	acalicinas
acallador	acalladores
acallador	acalladora
acallador	acalladoras
acalorado	acalorados
acalorado	acalorada
acalorado	acaloradas
acalumniador	acalumniadores
acalumniador	acalumniadora
acalumniador	acalumniadoras
acalórico	acalóricos
acalórico	acalórica
acalórico	acalóricas
acamado	acamados
acamado	acamada
acamado	acamadas
acambarense	acambarenses
acambrayado	acambrayados
acambrayado	acambrayada
acambrayado	acambrayadas
acamellado	acamellados
acamellado	acamellada
acamellado	acamelladas
acampanado	acampanados
acampanado	acampanada
acampanado	acampanadas
acamuzado	acamuzados
acamuzado	acamuzada
acamuzado	acamuzadas
acanalado	acanalados
acanalado	acanalada
acanalado	acanaladas
acanalador	
acanallado	acanallados
acanallado	acanallada
acanallado	acanalladas
acandilado	acandilados
acandilado	acandilada
acandilado	acandiladas
acanelado	acanelados
acanelado	acanelada
acanelado	acaneladas
acanillado	acanillados
acanillado	acanillada
acanillado	acanilladas
acano	acanos
acano	acana
acano	acanas
acantilado	acantilados
acantilado	acantilada
acantilado	acantiladas
acantinflado	acantinflados
acantinflado	acantinflada
acantinflado	acantinfladas
acantocarpo	acantocarpos
acantocarpo	acantocarpa
acantocarpo	acantocarpas
acantoclado	acantoclados
acantoclado	acantoclada
acantoclado	acantocladas
acantopterigio	acantopterigios
acantopterigio	acantopterigia
acantopterigio	acantopterigias
acantáceo	acantáceos
acantáceo	acantácea
acantáceo	acantáceas
acantóforo	acantóforos
acantóforo	acantófora
acantóforo	acantóforas
acapaneca	acapanecas
acaparador	acaparadores
acaparador	acaparadora
acaparador	acaparadoras
acaparrosado	acaparrosados
acaparrosado	acaparrosada
acaparrosado	acaparrosadas
acaponado	acaponados
acaponado	acaponada
acaponado	acaponadas
acapulqueño	acapulqueños
acapulqueño	acapulqueña
acapulqueño	acapulqueñas
acaracolado	acaracolados
acaracolado	acaracolada
acaracolado	acaracoladas
acarambanado	acarambanados
acarambanado	acarambanada
acarambanado	acarambanadas
acarcavado	acarcavados
acarcavado	acarcavada
acarcavado	acarcavadas
acariciador	acariciadores
acariciador	acariciadora
acariciador	acariciadoras
acariciante	acariciantes
acaricida	acaricidas
acariota	
acarminado	acarminados
acarminado	acarminada
acarminado	acarminadas
acarnerado	acarnerados
acarnerado	acarnerada
acarnerado	acarneradas
acarrascado	acarrascados
acarrascado	acarrascada
acarrascado	acarrascadas
acarreadizo	acarreadizos
acarreadizo	acarreadiza
acarreadizo	acarreadizas
acarreado	acarreados
acarreado	acarreada
acarreado	acarreadas
acarreador	acarreadores
acarreador	acarreadora
acarreador	acarreadoras
acartonado	acartonados
acartonado	acartonada
acartonado	acartonadas
acasamatado	acasamatados
acasamatado	acasamatada
acasamatado	acasamatadas
acasarado	acasarados
acasarado	acasarada
acasarado	acasaradas
acastañado	acastañados
acastañado	acastañada
acastañado	acastañadas
acastillado	acastillados
acastillado	acastillada
acastillado	acastilladas
acastorado	acastorados
acastorado	acastorada
acastorado	acastoradas
acatable	acatables
acatalecto	acatalectos
acatalecto	acatalecta
acatalecto	acatalectas
acataléctico	acatalécticos
acataléctico	acataléctica
acataléctico	acatalécticas
acateca	acatecas
acateco	acatecos
acateco	acateca
acateco	acatecas
acatólico	acatólicos
acatólico	acatólica
acatólico	acatólicas
acaudalado	acaudalados
acaudalado	acaudalada
acaudalado	acaudaladas
acaudalador	acaudaladores
acaudalador	acaudaladora
acaudalador	acaudaladoras
acaudillador	acaudilladores
acaudillador	acaudilladora
acaudillador	acaudilladoras
acaule	acaules
acausal	acausales
acañutado	acañutados
acañutado	acañutada
acañutado	acañutadas
accesible	accesibles
accesional	accesionales
accesorio	accesorios
accesorio	accesoria
accesorio	accesorias
accidentado	accidentados
accidentado	accidentada
accidentado	accidentadas
accidental	accidentales
accidentario	accidentarios
accidentario	accidentaria
accidentario	accidentarias
accionable	accionables
accionarial	accionariales
accionario	accionarios
accionario	accionaria
accionario	accionarias
accitano	
acebeño	acebeños
acebeño	acebeña
acebeño	acebeñas
acebollado	acebollados
acebollado	acebollada
acebollado	acebolladas
acebrado	acebrados
acebrado	acebrada
acebrado	acebradas
acebuchal	acebuchales
acebucheno	acebuchenos
acebucheno	acebuchena
acebucheno	acebuchenas
acechador	acechadores
acechador	acechadora
acechador	acechadoras
acechante	acechantes
acedo	acedos
acedo	aceda
acedo	acedas
aceitero	aceiteros
aceitero	aceitera
aceitero	aceiteras
aceitoso	aceitosos
aceitoso	aceitosa
aceitoso	aceitosas
aceitunado	aceitunados
aceitunado	aceitunada
aceitunado	aceitunadas
aceitunil	aceituniles
acelajado	acelajados
acelajado	acelajada
acelajado	acelajadas
aceleracionista	aceleracionistas
acelerado	acelerados
acelerado	acelerada
acelerado	aceleradas
acelerador	aceleradores
acelerador	aceleradora
acelerador	aceleradoras
acelerante	acelerantes
acelomado	acelomados
acelomado	acelomada
acelomado	acelomadas
acemilado	acemilados
acemilado	acemilada
acemilado	acemiladas
acemilar	acemilares
acemilero	acemileros
acemilero	acemilera
acemilero	acemileras
acendrado	acendrados
acendrado	acendrada
acendrado	acendradas
acentuado	acentuados
acentuado	acentuada
acentuado	acentuadas
acentual	acentuales
aceptable	aceptables
aceptador	aceptadores
aceptador	aceptadora
aceptador	aceptadoras
acepto	aceptos
acepto	acepta
acepto	aceptas
acequiador	acequiadores
acequiador	acequiadora
acequiador	acequiadoras
acerado	acerados
acerado	acerada
acerado	aceradas
acerbo	acerbos
acerbo	acerba
acerbo	acerbas
acercador	acercadores
acercador	acercadora
acercador	acercadoras
acerino	acerinos
acerino	acerina
acerino	acerinas
aceroso	acerosos
aceroso	acerosa
aceroso	acerosas
acertado	acertados
acertado	acertada
acertado	acertadas
acertador	acertadores
acertador	acertadora
acertador	acertadoras
acertajón	acertajones
acertajón	acertajona
acertajón	acertajonas
acertante	acertantes
aceráceo	aceráceos
aceráceo	acerácea
aceráceo	aceráceas
aceríneo	aceríneos
aceríneo	acerínea
aceríneo	aceríneas
acescente	acescentes
acetilsalicílico	acetilsalicílicos
acetilsalicílico	acetilsalicílica
acetilsalicílico	acetilsalicílicas
aceto	acetos
aceto	aceta
aceto	acetas
acetoso	acetosos
acetoso	acetosa
acetoso	acetosas
acezante	acezantes
acezoso	acezosos
acezoso	acezosa
acezoso	acezosas
achacable	achacables
achacoso	achacosos
achacoso	achacosa
achacoso	achacosas
achajuanado	achajuanados
achajuanado	achajuanada
achajuanado	achajuanadas
achambergado	achambergados
achambergado	achambergada
achambergado	achambergadas
achampanado	achampanados
achampanado	achampanada
achampanado	achampanadas
achampañado	achampañados
achampañado	achampañada
achampañado	achampañadas
achaparrado	achaparrados
achaparrado	achaparrada
achaparrado	achaparradas
achaquiento	achaquientos
achaquiento	achaquienta
achaquiento	achaquientas
acharolado	acharolados
acharolado	acharolada
acharolado	acharoladas
achará	
achenés	acheneses
achenés	achenesa
achenés	achenesas
achicado	achicados
achicado	achicada
achicado	achicadas
achicador	achicadores
achicador	achicadora
achicador	achicadoras
achicharrante	achicharrantes
achinado	achinados
achinado	achinada
achinado	achinadas
achinelado	achinelados
achinelado	achinelada
achinelado	achineladas
achiotado	achiotados
achiotado	achiotada
achiotado	achiotadas
achiotero	achioteros
achiotero	achiotera
achiotero	achioteras
achiquillado	achiquillados
achiquillado	achiquillada
achiquillado	achiquilladas
achispado	achispados
achispado	achispada
achispado	achispadas
achocado	achocados
achocado	achocada
achocado	achocadas
achocolatado	achocolatados
achocolatado	achocolatada
achocolatado	achocolatadas
acholado	acholados
acholado	acholada
acholado	acholadas
achulado	achulados
achulado	achulada
achulado	achuladas
achumpipado	achumpipados
achumpipado	achumpipada
achumpipado	achumpipadas
achunchado	achunchados
achunchado	achunchada
achunchado	achunchadas
achurado	achurados
achurado	achurada
achurado	achuradas
aché	achés
achí	achís
achí	achíes
aciago	aciagos
aciago	aciaga
aciago	aciagas
acicalado	acicalados
acicalado	acicalada
acicalado	acicaladas
acicalador	acicaladores
acicalador	acicaladora
acicalador	acicaladoras
acicular	aciculares
acidalio	acidalios
acidalio	acidalia
acidalio	acidalias
acidioso	acidiosos
acidioso	acidiosa
acidioso	acidiosas
acidorresistente	acidorresistentes
acidulante	acidulantes
acidófilo	acidófilos
acidófilo	acidófila
acidófilo	acidófilas
acientífico	acientíficos
acientífico	acientífica
acientífico	acientíficas
aciguatado	aciguatados
aciguatado	aciguatada
aciguatado	aciguatadas
acijado	acijados
acijado	acijada
acijado	acijadas
acijoso	acijosos
acijoso	acijosa
acijoso	acijosas
acimutal	acimutales
acinético	acinéticos
acinético	acinética
acinético	acinéticas
acipado	acipados
acipado	acipada
acipado	acipadas
acitano	acitanos
acitano	acitana
acitano	acitanas
aclamado	aclamados
aclamado	aclamada
aclamado	aclamadas
aclamador	aclamadores
aclamador	aclamadora
aclamador	aclamadoras
aclamídeo	aclamídeos
aclamídeo	aclamídea
aclamídeo	aclamídeas
aclarable	aclarables
aclarado	aclarados
aclarado	aclarada
aclarado	aclaradas
aclarador	aclaradores
aclarador	aclaradora
aclarador	aclaradoras
aclarante	aclarantes
aclarativo	aclarativos
aclarativo	aclarativa
aclarativo	aclarativas
aclaratorio	aclaratorios
aclaratorio	aclaratoria
aclaratorio	aclaratorias
aclavelado	aclavelados
aclavelado	aclavelada
aclavelado	aclaveladas
acleido	acleidos
acleido	acleida
acleido	acleidas
aclimatable	aclimatables
aclinal	aclinales
aclorhídrico	aclorhídricos
aclorhídrico	aclorhídrica
aclorhídrico	aclorhídricas
aclorófilo	aclorófilos
aclorófilo	aclorófila
aclorófilo	aclorófilas
acobardado	acobardados
acobardado	acobardada
acobardado	acobardadas
acobrado	acobrados
acobrado	acobrada
acobrado	acobradas
acoceador	acoceadores
acoceador	acoceadora
acoceador	acoceadoras
acochinado	acochinados
acochinado	acochinada
acochinado	acochinadas
acodado	acodados
acodado	acodada
acodado	acodadas
acodillado	acodillados
acodillado	acodillada
acodillado	acodilladas
acogedizo	acogedizos
acogedizo	acogediza
acogedizo	acogedizas
acogedor	acogedores
acogedor	acogedora
acogedor	acogedoras
acogedor	acogedorcísimo
acogedorcísimo	acogedorcísimos
acogedorcísimo	acogedorcísima
acogedorcísimo	acogedorcísimas
acogullado	acogullados
acogullado	acogullada
acogullado	acogulladas
acolchonado	acolchonados
acolchonado	acolchonada
acolchonado	acolchonadas
acollarado	acollarados
acollarado	acollarada
acollarado	acollaradas
acolmillado	acolmillados
acolmillado	acolmillada
acolmillado	acolmilladas
acomedido	acomedidos
acomedido	acomedida
acomedido	acomedidas
acometedor	acometedores
acometedor	acometedora
acometedor	acometedoras
acomodable	acomodables
acomodadizo	acomodadizos
acomodadizo	acomodadiza
acomodadizo	acomodadizas
acomodador	acomodadores
acomodador	acomodadora
acomodador	acomodadoras
acomodaticio	acomodaticios
acomodaticio	acomodaticia
acomodaticio	acomodaticias
acompasado	acompasados
acompasado	acompasada
acompasado	acompasadas
acompañado	acompañados
acompañado	acompañada
acompañado	acompañadas
acompañador	acompañadores
acompañador	acompañadora
acompañador	acompañadoras
acompañante	acompañantes
acomplejado	acomplejados
acomplejado	acomplejada
acomplejado	acomplejadas
acomplexionado	acomplexionados
acomplexionado	acomplexionada
acomplexionado	acomplexionadas
aconcagüino	aconcagüinos
aconcagüino	aconcagüina
aconcagüino	aconcagüinas
acondicionado	acondicionados
acondicionado	acondicionada
acondicionado	acondicionadas
acondicionador	acondicionadores
acondicionador	acondicionadora
acondicionador	acondicionadoras
acondroplásico	acondroplásicos
acondroplásico	acondroplásica
acondroplásico	acondroplásicas
aconfesional	aconfesionales
acongojador	acongojadores
acongojador	acongojadora
acongojador	acongojadoras
acongojante	acongojantes
aconsejabilísimo	aconsejabilísimos
aconsejabilísimo	aconsejabilísima
aconsejabilísimo	aconsejabilísimas
aconsejable	aconsejables
aconsejable	aconsejabilísimo
aconsejador	aconsejadores
aconsejador	aconsejadora
aconsejador	aconsejadoras
acontecedero	acontecederos
acontecedero	acontecedera
acontecedero	acontecederas
acontiado	acontiados
acontiado	acontiada
acontiado	acontiadas
acopetado	acopetados
acopetado	acopetada
acopetado	acopetadas
acopiador	acopiadores
acopiador	acopiadora
acopiador	acopiadoras
acoplador	acopladores
acoplador	acopladora
acoplador	acopladoras
acorazonado	acorazonados
acorazonado	acorazonada
acorazonado	acorazonadas
acordante	acordantes
acorde	acordes
acorneador	acorneadores
acorneador	acorneadora
acorneador	acorneadoras
acorredor	acorredores
acorredor	acorredora
acorredor	acorredoras
acosador	acosadores
acosador	acosadora
acosador	acosadoras
acostumbrado	acostumbrados
acostumbrado	acostumbrada
acostumbrado	acostumbradas
acotado	acotados
acotado	acotada
acotado	acotadas
acotiledón	acotiledones
acotiledón	acotiledona
acotiledón	acotiledonas
acotiledóneo	acotiledóneos
acotiledóneo	acotiledónea
acotiledóneo	acotiledóneas
acratópoto	acratópotos
acratópoto	acratópota
acratópoto	acratópotas
acre	acres
acre	acérrimo
acrecentador	acrecentadores
acrecentador	acrecentadora
acrecentador	acrecentadoras
acreditativo	acreditativos
acreditativo	acreditativa
acreditativo	acreditativas
acreedor	acreedores
acreedor	acreedora
acreedor	acreedoras
acrescente	acrescentes
acribador	acribadores
acribador	acribadora
acribador	acribadoras
acriminador	acriminadores
acriminador	acriminadora
acriminador	acriminadoras
acriollado	acriollados
acriollado	acriollada
acriollado	acriolladas
acrisionio	acrisionios
acrisionio	acrisionia
acrisionio	acrisionias
acrisolador	acrisoladores
acrisolador	acrisoladora
acrisolador	acrisoladoras
acristianado	acristianados
acristianado	acristianada
acristianado	acristianadas
acroamático	acroamáticos
acroamático	acroamática
acroamático	acroamáticas
acrobático	acrobáticos
acrobático	acrobática
acrobático	acrobáticas
acrocárpico	acrocárpicos
acrocárpico	acrocárpica
acrocárpico	acrocárpicas
acrocéntrico	acrocéntricos
acrocéntrico	acrocéntrica
acrocéntrico	acrocéntricas
acrodendrófilo	acrodendrófilos
acrodendrófilo	acrodendrófila
acrodendrófilo	acrodendrófilas
acromado	acromados
acromado	acromada
acromado	acromadas
acromegálico	acromegálicos
acromegálico	acromegálica
acromegálico	acromegálicas
acromial	acromiales
acromiano	acromianos
acromiano	acromiana
acromiano	acromianas
acromático	acromáticos
acromático	acromática
acromático	acromáticas
acrático	acráticos
acrático	acrática
acrático	acráticas
acrídido	acrídidos
acrídido	acrídida
acrídido	acrídidas
acrílico	acrílicos
acrílico	acrílica
acrílico	acrílicas
acrítico	acríticos
acrítico	acrítica
acrítico	acríticas
acróginos	
acrónico	acrónicos
acrónico	acrónica
acrónico	acrónicas
acróstico	acrósticos
acróstico	acróstica
acróstico	acrósticas
actinomorfo	actinomorfos
actinomorfo	actinomorfa
actinomorfo	actinomorfas
actinométrico	actinométricos
actinométrico	actinométrica
actinométrico	actinométricas
activador	activadores
activador	activadora
activador	activadoras
activo	activos
activo	activa
activo	activas
actual	actuales
actualizador	actualizadores
actualizador	actualizadora
actualizador	actualizadoras
actuante	actuantes
actuarial	actuariales
actuoso	actuosos
actuoso	actuosa
actuoso	actuosas
actínico	actínicos
actínico	actínica
actínico	actínicas
actínido	actínidos
actínido	actínida
actínido	actínidas
acuarelístico	acuarelísticos
acuarelístico	acuarelística
acuarelístico	acuarelísticas
acuario	acuarios
acuario	acuaria
acuario	acuarias
acubado	acubados
acubado	acubada
acubado	acubadas
acucharado	acucharados
acucharado	acucharada
acucharado	acucharadas
acuchillador	acuchilladores
acuchillador	acuchilladora
acuchillador	acuchilladoras
acuciador	acuciadores
acuciador	acuciadora
acuciador	acuciadoras
acuciante	acuciantes
acucioso	acuciosos
acucioso	acuciosa
acucioso	acuciosas
acuerpado	acuerpados
acuerpado	acuerpada
acuerpado	acuerpadas
aculado	aculados
aculado	aculada
aculado	aculadas
aculebrinado	aculebrinados
aculebrinado	aculebrinada
aculebrinado	aculebrinadas
aculturado	aculturados
aculturado	aculturada
aculturado	aculturadas
acultural	aculturales
acuminado	acuminados
acuminado	acuminada
acuminado	acuminadas
acuminoso	acuminosos
acuminoso	acuminosa
acuminoso	acuminosas
acumulable	acumulables
acumulador	acumuladores
acumulador	acumuladora
acumulador	acumuladoras
acumulativo	acumulativos
acumulativo	acumulativa
acumulativo	acumulativas
acuoso	acuosos
acuoso	acuosa
acuoso	acuosas
acupuntor	acupuntores
acupuntor	acupuntora
acupuntor	acupuntoras
acusable	acusables
acusado	acusados
acusado	acusada
acusado	acusadas
acusador	acusadores
acusador	acusadora
acusador	acusadoras
acusatorio	acusatorios
acusatorio	acusatoria
acusatorio	acusatorias
acuseta	acusetas
acusetas	
acusete	acusetes
acusica	acusicas
acusique	acusiques
acusmático	acusmáticos
acusmático	acusmática
acusmático	acusmáticas
acutángulo	acutángulos
acutísimo	acutísimos
acutísimo	acutísima
acutísimo	acutísimas
acuático	acuáticos
acuático	acuática
acuático	acuáticas
acuícola	acuícolas
acuífero	acuíferos
acuífero	acuífera
acuífero	acuíferas
acuñador	acuñadores
acuñador	acuñadora
acuñador	acuñadoras
acuñense	acuñenses
acárido	acáridos
acárido	acárida
acárido	acáridas
acéfalo	acéfalos
acéfalo	acéfala
acéfalo	acéfalas
acérrimo	acérrimos
acérrimo	acérrima
acérrimo	acérrimas
acéstide	acéstides
acético	acéticos
acético	acética
acético	acéticas
acíclico	acíclicos
acíclico	acíclica
acíclico	acíclicas
acídulo	acídulos
acídulo	acídula
acídulo	acídulas
acústico	acústicos
acústico	acústica
acústico	acústicas
adagial	adagiales
adamado	adamados
adamado	adamada
adamado	adamadas
adamantino	adamantinos
adamantino	adamantina
adamantino	adamantinas
adamita	adamitas
adaptable	adaptables
adaptador	adaptadores
adaptador	adaptadora
adaptador	adaptadoras
adaptativo	adaptativos
adaptativo	adaptativa
adaptativo	adaptativas
adecuado	adecuados
adecuado	adecuada
adecuado	adecuadas
adefesiero	adefesieros
adefesiero	adefesiera
adefesiero	adefesieras
adefesioso	adefesiosos
adefesioso	adefesiosa
adefesioso	adefesiosas
adelantable	adelantables
adelantadillo	adelantadillos
adelantadillo	adelantadilla
adelantadillo	adelantadillas
adelantado	adelantados
adelantado	adelantada
adelantado	adelantadas
adelantado	adelantadísimo
adelantador	
adelantadísimo	adelantadísimos
adelantadísimo	adelantadísima
adelantadísimo	adelantadísimas
adelgazador	adelgazadores
adelgazador	adelgazadora
adelgazador	adelgazadoras
adelgazante	adelgazantes
adenoideo	adenoideos
adenoideo	adenoidea
adenoideo	adenoideas
adenopático	adenopáticos
adenopático	adenopática
adenopático	adenopáticas
adenoso	adenosos
adenoso	adenosa
adenoso	adenosas
adepto	adeptos
adepto	adepta
adepto	adeptas
adesivo	adesivos
adesivo	adesiva
adesivo	adesivas
adherente	adherentes
adhesivo	adhesivos
adhesivo	adhesiva
adhesivo	adhesivas
adiabático	adiabáticos
adiabático	adiabática
adiabático	adiabáticas
adiamantado	adiamantados
adiamantado	adiamantada
adiamantado	adiamantadas
adiano	adianos
adiano	adiana
adiano	adianas
adicionador	adicionadores
adicionador	adicionadora
adicionador	adicionadoras
adicional	adicionales
adictivo	adictivos
adictivo	adictiva
adictivo	adictivas
adicto	adictos
adicto	adicta
adicto	adictas
adiestrador	adiestradores
adiestrador	adiestradora
adiestrador	adiestradoras
adimensional	adimensionales
adinerado	adinerados
adinerado	adinerada
adinerado	adineradas
adintelado	adintelados
adintelado	adintelada
adintelado	adinteladas
adinámico	adinámicos
adinámico	adinámica
adinámico	adinámicas
adiposo	adiposos
adiposo	adiposa
adiposo	adiposas
aditicio	aditicios
aditicio	aditicia
aditicio	aditicias
aditivo	aditivos
aditivo	aditiva
aditivo	aditivas
adivinador	adivinadores
adivinador	adivinadora
adivinador	adivinadoras
adivinatorio	adivinatorios
adivinatorio	adivinatoria
adivinatorio	adivinatorias
adjetivable	adjetivables
adjetival	adjetivales
adjetivo	adjetivos
adjetivo	adjetiva
adjetivo	adjetivas
adjudicador	adjudicadores
adjudicador	adjudicadora
adjudicador	adjudicadoras
adjunto	adjuntos
adjunto	adjunta
adjunto	adjuntas
adjurable	adjurables
adjurado	adjurados
adjurado	adjurada
adjurado	adjuradas
adjutor	adjutores
adjutor	adjutora
adjutor	adjutoras
administrado	administrados
administrado	administrada
administrado	administradas
administrador	administradores
administrador	administradora
administrador	administradoras
administrativista	administrativistas
administrativo	administrativos
administrativo	administrativa
administrativo	administrativas
admirabilísimo	admirabilísimos
admirabilísimo	admirabilísima
admirabilísimo	admirabilísimas
admirable	admirables
admirable	admirabilísimo
admirado	admirados
admirado	admirada
admirado	admiradas
admirador	admiradores
admirador	admiradora
admirador	admiradoras
admirativo	admirativos
admirativo	admirativa
admirativo	admirativas
admisible	admisibles
admonitor	admonitores
admonitor	admonitora
admonitor	admonitoras
admonitorio	admonitorios
admonitorio	admonitoria
admonitorio	admonitorias
adnado	adnados
adnado	adnada
adnado	adnadas
adnato	adnatos
adnato	adnata
adnato	adnatas
adobador	adobadores
adobador	adobadora
adobador	adobadoras
adocenado	adocenados
adocenado	adocenada
adocenado	adocenadas
adoctrinador	adoctrinadores
adoctrinador	adoctrinadora
adoctrinador	adoctrinadoras
adoleciente	adolecientes
adolescente	adolescentes
adolorado	adolorados
adolorado	adolorada
adolorado	adoloradas
adolorido	adoloridos
adolorido	adolorida
adolorido	adoloridas
adonado	adonados
adonado	adonada
adonado	adonadas
adopcionista	adopcionistas
adoptable	adoptables
adoptado	adoptados
adoptado	adoptada
adoptado	adoptadas
adoptador	adoptadores
adoptador	adoptadora
adoptador	adoptadoras
adoptante	adoptantes
adoptivo	adoptivos
adoptivo	adoptiva
adoptivo	adoptivas
adorabilísimo	adorabilísimos
adorabilísimo	adorabilísima
adorabilísimo	adorabilísimas
adorable	adorables
adorable	adorabilísimo
adorador	adoradores
adorador	adoradora
adorador	adoradoras
adoratriz	adoratrices
adormecedor	adormecedores
adormecedor	adormecedora
adormecedor	adormecedoras
adornador	adornadores
adornador	adornadora
adornador	adornadoras
adosado	adosados
adosado	adosada
adosado	adosadas
adovelado	adovelados
adovelado	adovelada
adovelado	adoveladas
adpreso	adpresos
adpreso	adpresa
adpreso	adpresas
adquirente	adquirentes
adquirible	adquiribles
adquirible	adquiribilísimo
adquiriente	adquirientes
adquisitivo	adquisitivos
adquisitivo	adquisitiva
adquisitivo	adquisitivas
adragante	adragantes
adrenal	adrenales
adrenalínico	adrenalínicos
adrenalínico	adrenalínica
adrenalínico	adrenalínicas
adrenérgico	adrenérgicos
adrenérgico	adrenérgica
adrenérgico	adrenérgicas
adreño	adreños
adreño	adreña
adreño	adreñas
adriático	adriáticos
adriático	adriática
adriático	adriáticas
adrollero	adrolleros
adrollero	adrollera
adrollero	adrolleras
adsorbente	adsorbentes
adstringente	adstringentes
aduanal	aduanales
aduanero	aduaneros
aduanero	aduanera
aduanero	aduaneras
aductor	aductores
aductor	aductora
aductor	aductoras
aduendado	aduendados
aduendado	aduendada
aduendado	aduendadas
adulador	aduladores
adulador	aduladora
adulador	aduladoras
adulatorio	adulatorios
adulatorio	adulatoria
adulatorio	adulatorias
adulterador	adulteradores
adulterador	adulteradora
adulterador	adulteradoras
adulterante	adulterantes
adulterino	adulterinos
adulterino	adulterina
adulterino	adulterinas
adulto	adultos
adulto	adulta
adulto	adultas
adulzonado	adulzonados
adulzonado	adulzonada
adulzonado	adulzonadas
adunco	
adustible	adustibles
adustivo	adustivos
adustivo	adustiva
adustivo	adustivas
adusto	adustos
adusto	adusta
adusto	adustas
advenedizo	advenedizos
advenedizo	advenediza
advenedizo	advenedizas
advenidero	advenideros
advenidero	advenidera
advenidero	advenideras
adventicio	adventicios
adventicio	adventicia
adventicio	adventicias
adventista	adventistas
adventual	adventuales
adverbial	adverbiales
adversativo	adversativos
adversativo	adversativa
adversativo	adversativas
adverso	adversos
adverso	adversa
adverso	adversas
advocatorio	advocatorios
advocatorio	advocatoria
advocatorio	advocatorias
adyacente	adyacentes
adyuvante	adyuvantes
adzario	adzarios
adzario	adzaria
adzario	adzarias
adámico	adámicos
adámico	adámica
adámico	adámicas
adánico	adánicos
adánico	adánica
adánico	adánicas
adélfico	adélficos
adélfico	adélfica
adélfico	adélficas
adónico	adónicos
adónico	adónica
adónico	adónicas
adúltero	adúlteros
adúltero	adúltera
adúltero	adúlteras
aeriforme	aeriformes
aerobio	aerobios
aerobio	aerobia
aerobio	aerobias
aerocriptográfico	aerocriptográficos
aerocriptográfico	aerocriptográfica
aerocriptográfico	aerocriptográficas
aerodinámico	aerodinámicos
aerodinámico	aerodinámica
aerodinámico	aerodinámicas
aeroespacial	aeroespaciales
aerogastro	
aerolítico	aerolíticos
aerolítico	aerolítica
aerolítico	aerolíticas
aeromodelista	aeromodelistas
aeromántico	aerománticos
aeromántico	aeromántica
aeromántico	aerománticas
aeronato	aeronatos
aeronato	aeronata
aeronato	aeronatas
aeronaval	aeronavales
aeronáutico	aeronáuticos
aeronáutico	aeronáutica
aeronáutico	aeronáuticas
aeroportuario	aeroportuarios
aeroportuario	aeroportuaria
aeroportuario	aeroportuarias
aeropostal	aeropostales
aerostático	aerostáticos
aerostático	aerostática
aerostático	aerostáticas
aeroterrestre	aeroterrestres
aerotécnico	aerotécnicos
aerotécnico	aerotécnica
aerotécnico	aerotécnicas
aerotérmico	aerotérmicos
aerotérmico	aerotérmica
aerotérmico	aerotérmicas
aerífero	aeríferos
aerífero	aerífera
aerífero	aeríferas
aerívoro	aerívoros
aerívoro	aerívora
aerívoro	aerívoras
aeróbico	aeróbicos
aeróbico	aeróbica
aeróbico	aeróbicas
aerófobo	aerófobos
aerófobo	aerófoba
aerófobo	aerófobas
aeta	aetas
afabilísimo	afabilísimos
afabilísimo	afabilísima
afabilísimo	afabilísimas
afable	afables
afable	afabilísimo
afaccionado	afaccionados
afaccionado	afaccionada
afaccionado	afaccionadas
afanado	afanados
afanado	afanada
afanado	afanadas
afanador	afanadores
afanador	afanadora
afanador	afanadoras
afanoso	afanosos
afanoso	afanosa
afanoso	afanosas
afaníptero	afanípteros
afaníptero	afaníptera
afaníptero	afanípteras
afanítico	afaníticos
afanítico	afanítica
afanítico	afaníticas
afarallonado	afarallonados
afarallonado	afarallonada
afarallonado	afarallonadas
afarolado	afarolados
afarolado	afarolada
afarolado	afaroladas
afeador	afeadores
afeador	afeadora
afeador	afeadoras
afebril	afebriles
afecho	afechos
afecho	afecha
afecho	afechas
afectable	afectables
afectado	afectados
afectado	afectada
afectado	afectadas
afectador	afectadores
afectador	afectadora
afectador	afectadoras
afectivo	afectivos
afectivo	afectiva
afectivo	afectivas
afecto	afectos
afecto	afecta
afecto	afectas
afectuoso	afectuosos
afectuoso	afectuosa
afectuoso	afectuosas
afectuoso	afectuosísimo
afectuosísimo	afectuosísimos
afectuosísimo	afectuosísima
afectuosísimo	afectuosísimas
afeitador	afeitadores
afeitador	afeitadora
afeitador	afeitadoras
afelandro	
afelpado	afelpados
afelpado	afelpada
afelpado	afelpadas
afeminado	afeminados
afeminado	afeminada
afeminado	afeminadas
aferente	aferentes
aferidor	aferidores
aferidor	aferidora
aferidor	aferidoras
aferrador	aferradores
aferrador	aferradora
aferrador	aferradoras
aferruzado	aferruzados
aferruzado	aferruzada
aferruzado	aferruzadas
afestonado	afestonados
afestonado	afestonada
afestonado	afestonadas
afficionado	afficionados
afficionado	afficionada
afficionado	afficionadas
afgano	afganos
afgano	afgana
afgano	afganas
afianzador	afianzadores
afianzador	afianzadora
afianzador	afianzadoras
aficionado	aficionados
aficionado	aficionada
aficionado	aficionadas
aficionador	aficionadores
aficionador	aficionadora
aficionador	aficionadoras
afidio	afidios
afidio	afidia
afidio	afidias
afijado	afijados
afijado	afijada
afijado	afijadas
afijo	afijos
afijo	afija
afijo	afijas
afilado	afilados
afilado	afilada
afilado	afiladas
afilador	afiladores
afilador	afiladora
afilador	afiladoras
afilo	afilos
afilo	afila
afilo	afilas
afilosofado	afilosofados
afilosofado	afilosofada
afilosofado	afilosofadas
afinador	afinadores
afinador	afinadora
afinador	afinadoras
afirmador	afirmadores
afirmador	afirmadora
afirmador	afirmadoras
afirmativo	afirmativos
afirmativo	afirmativa
afirmativo	afirmativas
aflamencado	aflamencados
aflamencado	aflamencada
aflamencado	aflamencadas
aflautado	aflautados
aflautado	aflautada
aflautado	aflautadas
aflechado	aflechados
aflechado	aflechada
aflechado	aflechadas
afleo	afleos
afleo	aflea
afleo	afleas
aflictivo	aflictivos
aflictivo	aflictiva
aflictivo	aflictivas
aflicto	aflictos
aflicto	aflicta
aflicto	aflictas
aflicto	aflictísimo
aflictísimo	aflictísimos
aflictísimo	aflictísima
aflictísimo	aflictísimas
afligible	afligibles
afligido	afligidos
afligido	afligida
afligido	afligidas
aflojador	aflojadores
aflojador	aflojadora
aflojador	aflojadoras
afluente	afluentes
afluyente	afluyentes
aforador	aforadores
aforador	aforadora
aforador	aforadoras
aforrador	aforradores
aforrador	aforradora
aforrador	aforradoras
aforrecho	aforrechos
aforrecho	aforrecha
aforrecho	aforrechas
afortunado	afortunados
afortunado	afortunada
afortunado	afortunadas
aforístico	aforísticos
aforístico	aforística
aforístico	aforísticas
afrancesado	afrancesados
afrancesado	afrancesada
afrancesado	afrancesadas
afranjado	afranjados
afranjado	afranjada
afranjado	afranjadas
afrentador	afrentadores
afrentador	afrentadora
afrentador	afrentadoras
afrentoso	afrentosos
afrentoso	afrentosa
afrentoso	afrentosas
afresado	afresados
afresado	afresada
afresado	afresadas
africado	africados
africado	africada
africado	africadas
africanista	africanistas
africano	africanos
africano	africana
africano	africanas
afrikáner	afrikáneres
afrisonado	afrisonados
afrisonado	afrisonada
afrisonado	afrisonadas
afro	afros
afro	afra
afro	afras
afroamericano	afroamericanos
afroamericano	afroamericana
afroamericano	afroamericanas
afroantillano	afroantillanos
afroantillano	afroantillana
afroantillano	afroantillanas
afroasiático	afroasiáticos
afroasiático	afroasiática
afroasiático	afroasiáticas
afroboliviano	afrobolivianos
afroboliviano	afroboliviana
afroboliviano	afrobolivianas
afrocaribeño	afrocaribeños
afrocaribeño	afrocaribeña
afrocaribeño	afrocaribeñas
afrocubano	afrocubanos
afrocubano	afrocubana
afrocubano	afrocubanas
afrodescendiente	afrodescendientes
afrodisiaco	afrodisiacos
afrodisiaco	afrodisiaca
afrodisiaco	afrodisiacas
afrodisíaco	afrodisíacos
afrodisíaco	afrodisíaca
afrodisíaco	afrodisíacas
afrodita	afroditas
afronegro	afronegros
afronegro	afronegra
afronegro	afronegras
afrutado	afrutados
afrutado	afrutada
afrutado	afrutadas
aftoso	aftosos
aftoso	aftosa
aftoso	aftosas
afuciado	afuciados
afuciado	afuciada
afuciado	afuciadas
afásico	afásicos
afásico	afásica
afásico	afásicas
afín	afines
afín	afina
afín	afinas
afónico	afónicos
afónico	afónica
afónico	afónicas
afótico	afóticos
afótico	afótica
afótico	afóticas
agace	agaces
agachadita	
agachadito	agachaditos
agachadito	agachadita
agachadito	agachaditas
agachado	agachados
agachado	agachada
agachado	agachadas
agachón	agachones
agachón	agachona
agachón	agachonas
agalbanado	agalbanados
agalbanado	agalbanada
agalbanado	agalbanadas
agallegado	agallegados
agallegado	agallegada
agallegado	agallegadas
agallento	agallentos
agallento	agallenta
agallento	agallentas
agallonado	agallonados
agallonado	agallonada
agallonado	agallonadas
agamuzado	agamuzados
agamuzado	agamuzada
agamuzado	agamuzadas
aganipeo	aganipeos
aganipeo	aganipea
aganipeo	aganipeas
agarabatado	agarabatados
agarabatado	agarabatada
agarabatado	agarabatadas
agaricáceo	agaricáceos
agaricáceo	agaricácea
agaricáceo	agaricáceas
agarrador	agarradores
agarrador	agarradora
agarrador	agarradoras
agarrafador	agarrafadores
agarrafador	agarrafadora
agarrafador	agarrafadoras
agarrochador	agarrochadores
agarrochador	agarrochadora
agarrochador	agarrochadoras
agasajable	agasajables
agasajado	agasajados
agasajado	agasajada
agasajado	agasajadas
agasajador	agasajadores
agasajador	agasajadora
agasajador	agasajadoras
agatino	agatinos
agatino	agatina
agatino	agatinas
agatoideo	agatoideos
agatoideo	agatoidea
agatoideo	agatoideas
agenciero	agencieros
agenciero	agenciera
agenciero	agencieras
agendista	agendistas
agente	agentes
agentivo	agentivos
agentivo	agentiva
agentivo	agentivas
agestado	agestados
agestado	agestada
agestado	agestadas
agible	agibles
agilado	agilados
agilado	agilada
agilado	agiladas
agilísimo	agilísimos
agilísimo	agilísima
agilísimo	agilísimas
agitable	agitables
agitado	agitados
agitado	agitada
agitado	agitadas
agitador	agitadores
agitador	agitadora
agitador	agitadoras
aglomerado	aglomerados
aglomerado	aglomerada
aglomerado	aglomeradas
aglomerante	aglomerantes
aglutinante	aglutinantes
agnado	agnados
agnado	agnada
agnado	agnadas
agnaticio	agnaticios
agnaticio	agnaticia
agnaticio	agnaticias
agnósico	agnósicos
agnósico	agnósica
agnósico	agnósicas
agnóstico	agnósticos
agnóstico	agnóstica
agnóstico	agnósticas
agobiador	agobiadores
agobiador	agobiadora
agobiador	agobiadoras
agobiante	agobiantes
agonal	agonales
agonioso	agoniosos
agonioso	agoniosa
agonioso	agoniosas
agonista	agonistas
agonizante	agonizantes
agonístico	agonísticos
agonístico	agonística
agonístico	agonísticas
agorador	agoradores
agorador	agoradora
agorador	agoradoras
agorafóbico	agorafóbicos
agorafóbico	agorafóbica
agorafóbico	agorafóbicas
agorero	agoreros
agorero	agorera
agorero	agoreras
agorsomado	agorsomados
agorsomado	agorsomada
agorsomado	agorsomadas
agorzomado	agorzomados
agorzomado	agorzomada
agorzomado	agorzomadas
agostador	agostadores
agostador	agostadora
agostador	agostadoras
agostero	agosteros
agostero	agostera
agostero	agosteras
agosteño	agosteños
agosteño	agosteña
agosteño	agosteñas
agostizo	agostizos
agostizo	agostiza
agostizo	agostizas
agotable	agotables
agotado	agotados
agotado	agotada
agotado	agotadas
agotado	agotadísimo
agotador	agotadores
agotador	agotadora
agotador	agotadoras
agotadísimo	agotadísimos
agotadísimo	agotadísima
agotadísimo	agotadísimas
agote	agotes
agozcado	agozcados
agozcado	agozcada
agozcado	agozcadas
agracero	agraceros
agracero	agracera
agracero	agraceras
agraceño	agraceños
agraceño	agraceña
agraceño	agraceñas
agraciado	agraciados
agraciado	agraciada
agraciado	agraciadas
agradabilísimo	agradabilísimos
agradabilísimo	agradabilísima
agradabilísimo	agradabilísimas
agradable	agradables
agradable	agradabilísimo
agradecido	agradecidos
agradecido	agradecida
agradecido	agradecidas
agramador	agramadores
agramador	agramadora
agramador	agramadoras
agramatical	agramaticales
agramontino	agramontinos
agramontino	agramontina
agramontino	agramontinas
agramontés	agramonteses
agramontés	agramontesa
agramontés	agramontesas
agrandado	agrandados
agrandado	agrandada
agrandado	agrandadas
agranujado	agranujados
agranujado	agranujada
agranujado	agranujadas
agrario	agrarios
agrario	agraria
agrario	agrarias
agrarista	agraristas
agravador	agravadores
agravador	agravadora
agravador	agravadoras
agravante	agravantes
agravatorio	agravatorios
agravatorio	agravatoria
agravatorio	agravatorias
agraviado	agraviados
agraviado	agraviada
agraviado	agraviadas
agraviador	agraviadores
agraviador	agraviadora
agraviador	agraviadoras
agraviante	agraviantes
agravioso	agraviosos
agravioso	agraviosa
agravioso	agraviosas
agraz	agraces
agre	agres
agregativo	agregativos
agregativo	agregativa
agregativo	agregativas
agresivo	agresivos
agresivo	agresiva
agresivo	agresivas
agresor	agresores
agresor	agresora
agresor	agresoras
agreste	agrestes
agridulce	agridulces
agrio	agrios
agrio	agria
agrio	agrias
agripado	agripados
agripado	agripada
agripado	agripadas
agripadísimo	agripadísimos
agripadísimo	agripadísima
agripadísimo	agripadísimas
agrisado	agrisados
agrisado	agrisada
agrisado	agrisadas
agrisetado	agrisetados
agrisetado	agrisetada
agrisetado	agrisetadas
agro	agros
agro	agra
agro	agras
agroalimentario	agroalimentarios
agroalimentario	agroalimentaria
agroalimentario	agroalimentarias
agroforestal	agroforestales
agroindustrial	agroindustriales
agrológico	agrológicos
agrológico	agrológica
agrológico	agrológicas
agronómico	agronómicos
agronómico	agronómica
agronómico	agronómicas
agropecuario	agropecuarios
agropecuario	agropecuaria
agropecuario	agropecuarias
agroquímico	agroquímicos
agroquímico	agroquímica
agroquímico	agroquímicas
agrotóxico	agrotóxicos
agrotóxico	agrotóxica
agrotóxico	agrotóxicas
agrupable	agrupables
agrupador	agrupadores
agrupador	agrupadora
agrupador	agrupadoras
agrícola	agrícolas
aguacatero	aguacateros
aguacatero	aguacatera
aguacatero	aguacateras
aguachento	aguachentos
aguachento	aguachenta
aguachento	aguachentas
aguadero	aguaderos
aguadero	aguadera
aguadero	aguaderas
aguado	aguados
aguado	aguada
aguado	aguadas
aguaitador	aguaitadores
aguaitador	aguaitadora
aguaitador	aguaitadoras
aguajero	aguajeros
aguajero	aguajera
aguajero	aguajeras
aguamarina	aguamarinas
aguamelado	aguamelados
aguamelado	aguamelada
aguamelado	aguameladas
aguanoso	aguanosos
aguanoso	aguanosa
aguanoso	aguanosas
aguantable	aguantables
aguantador	aguantadores
aguantador	aguantadora
aguantador	aguantadoras
aguantón	aguantones
aguantón	aguantona
aguantón	aguantonas
aguardentero	aguardenteros
aguardentero	aguardentera
aguardentero	aguardenteras
aguardentoso	aguardentosos
aguardentoso	aguardentosa
aguardentoso	aguardentosas
aguardientero	aguardienteros
aguardientero	aguardientera
aguardientero	aguardienteras
aguardillado	aguardillados
aguardillado	aguardillada
aguardillado	aguardilladas
aguascalentense	aguascalentenses
aguayo	aguayos
aguayo	aguaya
aguayo	aguayas
aguazoso	aguazosos
aguazoso	aguazosa
aguazoso	aguazosas
agucioso	aguciosos
agucioso	aguciosa
agucioso	aguciosas
agudeño	agudeños
agudeño	agudeña
agudeño	agudeñas
agudo	agudos
agudo	aguda
agudo	agudas
agudo	acutísimo
agudo	agudísimo
agudísimo	agudísimos
agudísimo	agudísima
agudísimo	agudísimas
aguerrido	aguerridos
aguerrido	aguerrida
aguerrido	aguerridas
aguijador	aguijadores
aguijador	aguijadora
aguijador	aguijadoras
aguijoneador	aguijoneadores
aguijoneador	aguijoneadora
aguijoneador	aguijoneadoras
aguileño	aguileños
aguileño	aguileña
aguileño	aguileñas
aguoso	aguosos
aguoso	aguosa
aguoso	aguosas
agustiniano	agustinianos
agustiniano	agustiniana
agustiniano	agustinianas
agustino	agustinos
agustino	agustina
agustino	agustinas
agustín	agustines
agustín	agustina
agustín	agustinas
aguzadero	aguzaderos
aguzadero	aguzadera
aguzadero	aguzaderas
aguzador	aguzadores
aguzador	aguzadora
aguzador	aguzadoras
agárico	agáricos
agárico	agárica
agárico	agáricas
agéntico	agénticos
agéntico	agéntica
agéntico	agénticas
agónico	agónicos
agónico	agónica
agónico	agónicas
ahebrado	ahebrados
ahebrado	ahebrada
ahebrado	ahebradas
ahechador	ahechadores
ahechador	ahechadora
ahechador	ahechadoras
ahelgado	ahelgados
ahelgado	ahelgada
ahelgado	ahelgadas
ahigadado	ahigadados
ahigadado	ahigadada
ahigadado	ahigadadas
ahilado	ahilados
ahilado	ahilada
ahilado	ahiladas
ahistórico	ahistóricos
ahistórico	ahistórica
ahistórico	ahistóricas
ahobachonado	ahobachonados
ahobachonado	ahobachonada
ahobachonado	ahobachonadas
ahogadero	ahogaderos
ahogadero	ahogadera
ahogadero	ahogaderas
ahogadizo	ahogadizos
ahogadizo	ahogadiza
ahogadizo	ahogadizas
ahogado	ahogados
ahogado	ahogada
ahogado	ahogadas
ahogador	ahogadores
ahogador	ahogadora
ahogador	ahogadoras
ahombrado	ahombrados
ahombrado	ahombrada
ahombrado	ahombradas
ahorcable	ahorcables
ahorcadizo	ahorcadizos
ahorcadizo	ahorcadiza
ahorcadizo	ahorcadizas
ahorquillado	ahorquillados
ahorquillado	ahorquillada
ahorquillado	ahorquilladas
ahorrado	ahorrados
ahorrado	ahorrada
ahorrado	ahorradas
ahorrador	ahorradores
ahorrador	ahorradora
ahorrador	ahorradoras
ahorrativo	ahorrativos
ahorrativo	ahorrativa
ahorrativo	ahorrativas
ahuachapaneco	ahuachapanecos
ahuachapaneco	ahuachapaneca
ahuachapaneco	ahuachapanecas
ahuchador	ahuchadores
ahuchador	ahuchadora
ahuchador	ahuchadoras
ahuecador	ahuecadores
ahuecador	ahuecadora
ahuecador	ahuecadoras
ahuesado	ahuesados
ahuesado	ahuesada
ahuesado	ahuesadas
ahuevonado	ahuevonados
ahuevonado	ahuevonada
ahuevonado	ahuevonadas
ahulado	ahulados
ahulado	ahulada
ahulado	ahuladas
ahurragado	ahurragados
ahurragado	ahurragada
ahurragado	ahurragadas
ahuyentador	ahuyentadores
ahuyentador	ahuyentadora
ahuyentador	ahuyentadoras
ahíto	ahítos
ahíto	ahíta
ahíto	ahítas
aideológico	aideológicos
aideológico	aideológica
aideológico	aideológicas
aifin	áifines
aimara	aimaras
aimará	
aindiado	aindiados
aindiado	aindiada
aindiado	aindiadas
ainu	ainus
aiquileño	aiquileños
aiquileño	aiquileña
aiquileño	aiquileñas
airado	airados
airado	airada
airado	airadas
airoso	airosos
airoso	airosa
airoso	airosas
airón	airones
airón	airona
airón	aironas
aisenino	aiseninos
aisenino	aisenina
aisenino	aiseninas
aislable	aislables
aislacionista	aislacionistas
aislado	aislados
aislado	aislada
aislado	aisladas
aislador	aisladores
aislador	aisladora
aislador	aisladoras
aislante	aislantes
aizoáceo	aizoáceos
aizoáceo	aizoácea
aizoáceo	aizoáceas
ajambado	ajambados
ajambado	ajambada
ajambado	ajambadas
ajedrecístico	ajedrecísticos
ajedrecístico	ajedrecística
ajedrecístico	ajedrecísticas
ajedrezado	ajedrezados
ajedrezado	ajedrezada
ajedrezado	ajedrezadas
ajenable	ajenables
ajenador	ajenadores
ajenador	ajenadora
ajenador	ajenadoras
ajeno	ajenos
ajeno	ajena
ajeno	ajenas
ajerezado	ajerezados
ajerezado	ajerezada
ajerezado	ajerezadas
ajerezado	ajerezadísimo
ajimezado	ajimezados
ajimezado	ajimezada
ajimezado	ajimezadas
ajuanetado	ajuanetados
ajuanetado	ajuanetada
ajuanetado	ajuanetadas
ajudiado	ajudiados
ajudiado	ajudiada
ajudiado	ajudiadas
ajuno	ajunos
ajuno	ajuna
ajuno	ajunas
ajustable	ajustables
ajustadito	ajustaditos
ajustadito	ajustadita
ajustadito	ajustaditas
ajustado	ajustados
ajustado	ajustada
ajustado	ajustadas
ajustado	ajustadísimo
ajustador	ajustadores
ajustador	ajustadora
ajustador	ajustadoras
ajustadísimo	ajustadísimos
ajustadísimo	ajustadísima
ajustadísimo	ajustadísimas
alabable	alabables
alabado	alabados
alabado	alabada
alabado	alabadas
alabador	alabadores
alabador	alabadora
alabador	alabadoras
alabancero	alabanceros
alabancero	alabancera
alabancero	alabanceras
alabardado	alabardados
alabardado	alabardada
alabardado	alabardadas
alabastrado	alabastrados
alabastrado	alabastrada
alabastrado	alabastradas
alabastrino	alabastrinos
alabastrino	alabastrina
alabastrino	alabastrinas
alabeado	alabeados
alabeado	alabeada
alabeado	alabeadas
alacalufe	alacalufes
alacranado	alacranados
alacranado	alacranada
alacranado	alacranadas
alacre	alacres
alado	alados
alado	alada
alado	aladas
alagadizo	alagadizos
alagadizo	alagadiza
alagadizo	alagadizas
alaguano	alaguanos
alaguano	alaguana
alaguano	alaguanas
alahuano	alahuanos
alahuano	alahuana
alahuano	alahuanas
alajuelense	alajuelenses
alambicado	alambicados
alambicado	alambicada
alambicado	alambicadas
alamborado	alamborados
alamborado	alamborada
alamborado	alamboradas
alambrista	alambristas
alanceador	alanceadores
alanceador	alanceadora
alanceador	alanceadoras
alandés	alandeses
alandés	alandesa
alandés	alandesas
alangieo	alangieos
alangieo	alangiea
alangieo	alangieas
alangiáceo	alangiáceos
alangiáceo	alangiácea
alangiáceo	alangiáceas
alano	alanos
alano	alana
alano	alanas
alantoideo	alantoideos
alantoideo	alantoidea
alantoideo	alantoideas
alantoides	
alaraco	alaracos
alaraco	alaraca
alaraco	alaracas
alarbe	alarbes
alarconiano	alarconianos
alarconiano	alarconiana
alarconiano	alarconianas
alardoso	alardosos
alardoso	alardosa
alardoso	alardosas
alargado	alargados
alargado	alargada
alargado	alargadas
alargador	alargadores
alargador	alargadora
alargador	alargadoras
alargadísimo	alargadísimos
alargadísimo	alargadísima
alargadísimo	alargadísimas
alarmado	alarmados
alarmado	alarmada
alarmado	alarmadas
alarmador	alarmadores
alarmador	alarmadora
alarmador	alarmadoras
alarmante	alarmantes
alarmista	alarmistas
alaste	alastes
alatinado	alatinados
alatinado	alatinada
alatinado	alatinadas
alativo	alativos
alativo	alativa
alativo	alativas
alauita	alauitas
alauí	alauís
alauí	alauíes
alavense	alavenses
alavés	alaveses
alavés	alavesa
alavés	alavesas
alazán	alazanes
alazán	alazana
alazán	alazanas
albacetense	albacetenses
albaceteño	albaceteños
albaceteño	albaceteña
albaceteño	albaceteñas
albahío	albahíos
albahío	albahía
albahío	albahías
albanchelero	
albanense	albanenses
albano	albanos
albano	albana
albano	albanas
albanés	albaneses
albanés	albanesa
albanés	albanesas
albar	albares
albarejo	albarejos
albarejo	albareja
albarejo	albarejas
albarigo	albarigos
albarigo	albariga
albarigo	albarigas
albarizo	albarizos
albarizo	albariza
albarizo	albarizas
albarraniego	albarraniegos
albarraniego	albarraniega
albarraniego	albarraniegas
albarrazado	albarrazados
albarrazado	albarrazada
albarrazado	albarrazadas
albarráneo	albarráneos
albarráneo	albarránea
albarráneo	albarráneas
albasitense	albasitenses
albayano	albayanos
albayano	albayana
albayano	albayanas
albazano	albazanos
albazano	albazana
albazano	albazanas
albedriador	albedriadores
albedriador	albedriadora
albedriador	albedriadoras
albeldense	albeldenses
albense	albenses
albergador	albergadores
albergador	albergadora
albergador	albergadoras
albicante	albicantes
albigense	albigenses
albino	albinos
albino	albina
albino	albinas
albo	albos
albo	alba
albo	albas
alboaire	alboaires
albojense	
alborotadizo	alborotadizos
alborotadizo	alborotadiza
alborotadizo	alborotadizas
alborotado	alborotados
alborotado	alborotada
alborotado	alborotadas
alborotador	alborotadores
alborotador	alborotadora
alborotador	alborotadoras
alborotero	alboroteros
alborotero	alborotera
alborotero	alboroteras
alborotista	alborotistas
alborotoso	alborotosos
alborotoso	alborotosa
alborotoso	alborotosas
alborozado	
alborozador	alborozadores
alborozador	alborozadora
alborozador	alborozadoras
alborozante	alborozantes
albugíneo	albugíneos
albugíneo	albugínea
albugíneo	albugíneas
albuminoideo	albuminoideos
albuminoideo	albuminoidea
albuminoideo	albuminoideas
albuminoso	albuminosos
albuminoso	albuminosa
albuminoso	albuminosas
alburero	albureros
alburero	alburera
alburero	albureras
alcabalatorio	alcabalatorios
alcabalatorio	alcabalatoria
alcabalatorio	alcabalatorias
alcachofero	alcachoferos
alcachofero	alcachofera
alcachofero	alcachoferas
alcaladino	alcaladinos
alcaladino	alcaladina
alcaladino	alcaladinas
alcalaeño	alcalaeños
alcalaeño	alcalaeña
alcalaeño	alcalaeñas
alcalareño	alcalareños
alcalareño	alcalareña
alcalareño	alcalareñas
alcalaíno	alcalaínos
alcalaíno	alcalaína
alcalaíno	alcalaínas
alcalescente	alcalescentes
alcalificable	alcalificables
alcalificante	alcalificantes
alcalimétrico	alcalimétricos
alcalimétrico	alcalimétrica
alcalimétrico	alcalimétricas
alcalino	alcalinos
alcalino	alcalina
alcalino	alcalinas
alcalinotérreo	alcalinotérreos
alcalinotérreo	alcalinotérrea
alcalinotérreo	alcalinotérreas
alcalizado	alcalizados
alcalizado	alcalizada
alcalizado	alcalizadas
alcalizador	alcalizadores
alcalizador	alcalizadora
alcalizador	alcalizadoras
alcaloideo	alcaloideos
alcaloideo	alcaloidea
alcaloideo	alcaloideas
alcalífero	alcalíferos
alcalífero	alcalífera
alcalífero	alcalíferas
alcalínulo	alcalínulos
alcalínulo	alcalínula
alcalínulo	alcalínulas
alcantareño	alcantareños
alcantareño	alcantareña
alcantareño	alcantareñas
alcantarino	alcantarinos
alcantarino	alcantarina
alcantarino	alcantarinas
alcanzable	alcanzables
alcanzadizo	alcanzadizos
alcanzadizo	alcanzadiza
alcanzadizo	alcanzadizas
alcanzado	alcanzados
alcanzado	alcanzada
alcanzado	alcanzadas
alcanzador	alcanzadores
alcanzador	alcanzadora
alcanzador	alcanzadoras
alcanzativo	alcanzativos
alcanzativo	alcanzativa
alcanzativo	alcanzativas
alcaparrado	alcaparrados
alcaparrado	alcaparrada
alcaparrado	alcaparradas
alcaraceño	alcaraceños
alcaraceño	alcaraceña
alcaraceño	alcaraceñas
alcarchofado	alcarchofados
alcarchofado	alcarchofada
alcarchofado	alcarchofadas
alcarreto	alcarretos
alcarreto	alcarreta
alcarreto	alcarretas
alcarreño	alcarreños
alcarreño	alcarreña
alcarreño	alcarreñas
alcazareño	alcazareños
alcazareño	alcazareña
alcazareño	alcazareñas
alcañizano	
alcireño	
alcista	alcistas
alcoholador	alcoholadores
alcoholador	alcoholadora
alcoholador	alcoholadoras
alcoholero	alcoholeros
alcoholero	alcoholera
alcoholero	alcoholeras
alcohólico	alcohólicos
alcohólico	alcohólica
alcohólico	alcohólicas
alcojolado	alcojolados
alcojolado	alcojolada
alcojolado	alcojoladas
alcoleano	
alcorconero	alcorconeros
alcorconero	alcorconera
alcorconero	alcorconeras
alcornoqueño	alcornoqueños
alcornoqueño	alcornoqueña
alcornoqueño	alcornoqueñas
alcoránico	alcoránicos
alcoránico	alcoránica
alcoránico	alcoránicas
alcoyano	
alcozareño	alcozareños
alcozareño	alcozareña
alcozareño	alcozareñas
alcucero	alcuceros
alcucero	alcucera
alcucero	alcuceras
alcuditense	
aldeaniego	aldeaniegos
aldeaniego	aldeaniega
aldeaniego	aldeaniegas
aldeano	aldeanos
aldeano	aldeana
aldeano	aldeanas
aldehídico	aldehídicos
aldehídico	aldehídica
aldehídico	aldehídicas
aldino	aldinos
aldino	aldina
aldino	aldinas
aleatorio	aleatorios
aleatorio	aleatoria
aleatorio	aleatorias
aleccionador	aleccionadores
aleccionador	aleccionadora
aleccionador	aleccionadoras
aledaño	aledaños
aledaño	aledaña
aledaño	aledañas
alegador	alegadores
alegador	alegadora
alegador	alegadoras
alegatorio	alegatorios
alegatorio	alegatoria
alegatorio	alegatorias
alegrador	alegradores
alegrador	alegradora
alegrador	alegradoras
alegre	alegres
alegre	alegrísimo
alegrete	alegretes
alegrete	alegreta
alegrete	alegretas
alegrísimo	alegrísimos
alegrísimo	alegrísima
alegrísimo	alegrísimas
alegórico	alegóricos
alegórico	alegórica
alegórico	alegóricas
aleirodeo	aleirodeos
aleirodeo	aleirodea
aleirodeo	aleirodeas
alejado	alejados
alejado	alejada
alejado	alejadas
alejado	alejadísimo
alejadísimo	alejadísimos
alejadísimo	alejadísima
alejadísimo	alejadísimas
alejandrino	alejandrinos
alejandrino	alejandrina
alejandrino	alejandrinas
alelado	alelados
alelado	alelada
alelado	aleladas
alelomorfo	alelomorfos
alelomorfo	alelomorfa
alelomorfo	alelomorfas
alelomórfico	alelomórficos
alelomórfico	alelomórfica
alelomórfico	alelomórficas
alemanesco	alemanescos
alemanesco	alemanesca
alemanesco	alemanescas
alemanisco	alemaniscos
alemanisco	alemanisca
alemanisco	alemaniscas
alemanés	alemaneses
alemanés	alemanesa
alemanés	alemanesas
alemán	alemanes
alemán	alemana
alemán	alemanas
alemánico	alemánicos
alemánico	alemánica
alemánico	alemánicas
alentado	alentados
alentado	alentada
alentado	alentadas
alentador	alentadores
alentador	alentadora
alentador	alentadoras
alentoso	alentosos
alentoso	alentosa
alentoso	alentosas
aleonado	aleonados
aleonado	aleonada
aleonado	aleonadas
alepino	alepinos
alepino	alepina
alepino	alepinas
alergeno	alergenos
alergeno	alergena
alergeno	alergenas
alergénico	alergénicos
alergénico	alergénica
alergénico	alergénicas
alero	aleros
alero	alera
alero	aleras
alerta	alertas
alesnado	alesnados
alesnado	alesnada
alesnado	alesnadas
aleutiano	aleutianos
aleutiano	aleutiana
aleutiano	aleutianas
alevantadizo	alevantadizos
alevantadizo	alevantadiza
alevantadizo	alevantadizas
aleve	aleves
alevoso	alevosos
alevoso	alevosa
alevoso	alevosas
aleznado	aleznados
aleznado	aleznada
aleznado	aleznadas
alfa	alfas
alfabeto	alfabetos
alfabeto	alfabeta
alfabeto	alfabetas
alfabético	alfabéticos
alfabético	alfabética
alfabético	alfabéticas
alfanjado	alfanjados
alfanjado	alfanjada
alfanjado	alfanjadas
alfanumérico	alfanuméricos
alfanumérico	alfanumérica
alfanumérico	alfanuméricas
alfar	alfares
alfarnate	alfarnates
alfileresco	alfilerescos
alfileresco	alfileresca
alfileresco	alfilerescas
alfonsinista	alfonsinistas
alfonsino	alfonsinos
alfonsino	alfonsina
alfonsino	alfonsinas
alfonsí	alfonsís
alfonsí	alfonsíes
alforjero	alforjeros
alforjero	alforjera
alforjero	alforjeras
algabeño	
algaido	algaidos
algaido	algaida
algaido	algaidas
algaliero	algalieros
algaliero	algaliera
algaliero	algalieras
algarabiado	algarabiados
algarabiado	algarabiada
algarabiado	algarabiadas
algarabío	algarabíos
algarabío	algarabía
algarabío	algarabías
algareador	algareadores
algareador	algareadora
algareador	algareadoras
algarero	algareros
algarero	algarera
algarero	algareras
algarivo	algarivos
algarivo	algariva
algarivo	algarivas
algebraico	algebraicos
algebraico	algebraica
algebraico	algebraicas
algecireño	algecireños
algecireño	algecireña
algecireño	algecireñas
algente	algentes
algodonero	algodoneros
algodonero	algodonera
algodonero	algodoneras
algodonoso	algodonosos
algodonoso	algodonosa
algodonoso	algodonosas
algonquino	algonquinos
algonquino	algonquina
algonquino	algonquinas
algorítmico	algorítmicos
algorítmico	algorítmica
algorítmico	algorítmicas
algoso	algosos
algoso	algosa
algoso	algosas
alguacilesco	alguacilescos
alguacilesco	alguacilesca
alguacilesco	alguacilescas
algund	
alguno	algunos
alguno	alguna
alguno	algunas
algébrico	algébricos
algébrico	algébrica
algébrico	algébricas
algún	
alhajito	alhajitos
alhajito	alhajita
alhajito	alhajitas
alhameño	
alharaco	alharacos
alharaco	alharaca
alharaco	alharacas
alharaquiento	alharaquientos
alharaquiento	alharaquienta
alharaquiento	alharaquientas
alhaurino	alhaurinos
alhaurino	alhaurina
alhaurino	alhaurinas
aliabierto	aliabiertos
aliabierto	aliabierta
aliabierto	aliabiertas
aliacanado	aliacanados
aliacanado	aliacanada
aliacanado	aliacanadas
aliado	aliados
aliado	aliada
aliado	aliadas
aliadófilo	aliadófilos
aliadófilo	aliadófila
aliadófilo	aliadófilas
aliancista	aliancistas
alible	alibles
alicantino	alicantinos
alicantino	alicantina
alicantino	alicantinas
alicaído	alicaídos
alicaído	alicaída
alicaído	alicaídas
alicorto	alicortos
alicorto	alicorta
alicorto	alicortas
alicuanta	alicuantas
alicunero	
alienable	alienables
alienado	alienados
alienado	alienada
alienado	alienadas
alienante	alienantes
alienígeno	alienígenos
alienígeno	alienígena
alienígeno	alienígenas
alifático	alifáticos
alifático	alifática
alifático	alifáticas
alijador	alijadores
alijador	alijadora
alijador	alijadoras
alijariego	alijariegos
alijariego	alijariega
alijariego	alijariegas
alimanisco	alimaniscos
alimanisco	alimanisca
alimanisco	alimaniscas
alimentador	alimentadores
alimentador	alimentadora
alimentador	alimentadoras
alimental	alimentales
alimentario	alimentarios
alimentario	alimentaria
alimentario	alimentarias
alimenticio	alimenticios
alimenticio	alimenticia
alimenticio	alimenticias
alimentista	alimentistas
alimentoso	alimentosos
alimentoso	alimentosa
alimentoso	alimentosas
alirrojo	alirrojos
alirrojo	alirroja
alirrojo	alirrojas
alisador	alisadores
alisador	alisadora
alisador	alisadoras
alismatáceo	alismatáceos
alismatáceo	alismatácea
alismatáceo	alismatáceas
alismáceo	alismáceos
alismáceo	alismácea
alismáceo	alismáceas
alistano	alistanos
alistano	alistana
alistano	alistanas
aliterado	aliterados
aliterado	aliterada
aliterado	aliteradas
aliviador	aliviadores
aliviador	aliviadora
aliviador	aliviadoras
alivioso	aliviosos
alivioso	aliviosa
alivioso	aliviosas
aliáceo	aliáceos
aliáceo	aliácea
aliáceo	aliáceas
aliñado	aliñados
aliñado	aliñada
aliñado	aliñadas
aliñador	aliñadores
aliñador	aliñadora
aliñador	aliñadoras
aliñadísimo	aliñadísimos
aliñadísimo	aliñadísima
aliñadísimo	aliñadísimas
aliñoso	aliñosos
aliñoso	aliñosa
aliñoso	aliñosas
aljamiado	aljamiados
aljamiado	aljamiada
aljamiado	aljamiadas
allanador	allanadores
allanador	allanadora
allanador	allanadoras
allegadizo	allegadizos
allegadizo	allegadiza
allegadizo	allegadizas
allegado	allegados
allegado	allegada
allegado	allegadas
allegador	allegadores
allegador	allegadora
allegador	allegadoras
allendista	allendistas
allerano	alleranos
allerano	allerana
allerano	alleranas
almacenador	almacenadores
almacenador	almacenadora
almacenador	almacenadoras
almacigado	almacigados
almacigado	almacigada
almacigado	almacigadas
almaciguero	almacigueros
almaciguero	almaciguera
almaciguero	almacigueras
almadrabero	almadraberos
almadrabero	almadrabera
almadrabero	almadraberas
almagre	almagres
almagrero	almagreros
almagrero	almagrera
almagrero	almagreras
almagreño	
almagrista	almagristas
almastigado	almastigados
almastigado	almastigada
almastigado	almastigadas
almenado	almenados
almenado	almenada
almenado	almenadas
almeriense	almerienses
almidonado	almidonados
almidonado	almidonada
almidonado	almidonadas
almizclero	almizcleros
almizclero	almizclera
almizclero	almizcleras
almizcleño	
almo	almos
almo	alma
almo	almas
almociteño	
almodovareño	
almohadado	almohadados
almohadado	almohadada
almohadado	almohadadas
almorraniento	almorranientos
almorraniento	almorranienta
almorraniento	almorranientas
almorzado	almorzados
almorzado	almorzada
almorzado	almorzadas
almorávide	almorávides
almozárabe	almozárabes
almuercero	almuerceros
almuercero	almuercera
almuercero	almuerceras
alobadado	alobadados
alobadado	alobadada
alobadado	alobadadas
alobrógico	alobrógicos
alobrógico	alobrógica
alobrógico	alobrógicas
alobunado	alobunados
alobunado	alobunada
alobunado	alobunadas
alodial	alodiales
alomado	alomados
alomado	alomada
alomado	alomadas
alongado	alongados
alongado	alongada
alongado	alongadas
alopiado	alopiados
alopiado	alopiada
alopiado	alopiadas
alopático	alopáticos
alopático	alopática
alopático	alopáticas
alopécico	alopécicos
alopécico	alopécica
alopécico	alopécicas
aloque	aloques
alotrópico	alotrópicos
alotrópico	alotrópica
alotrópico	alotrópicas
aloético	aloéticos
aloético	aloética
aloético	aloéticas
alparcero	alparceros
alparcero	alparcera
alparcero	alparceras
alpargatado	alpargatados
alpargatado	alpargatada
alpargatado	alpargatadas
alpestre	alpestres
alpinista	alpinistas
alpino	alpinos
alpino	alpina
alpino	alpinas
alpontino	alpontinos
alpontino	alpontina
alpontino	alpontinas
alpujarreño	alpujarreños
alpérsico	alpérsicos
alpérsico	alpérsica
alpérsico	alpérsicas
alquilable	alquilables
alquitranado	alquitranados
alquitranado	alquitranada
alquitranado	alquitranadas
alquímico	alquímicos
alquímico	alquímica
alquímico	alquímicas
alrevesado	alrevesados
alrevesado	alrevesada
alrevesado	alrevesadas
alsaciano	alsacianos
alsaciano	alsaciana
alsaciano	alsacianas
alsinense	alsinenses
altaico	altaicos
altaico	altaica
altaico	altaicas
altanero	altaneros
altanero	altanera
altanero	altaneras
altano	altanos
altano	altana
altano	altanas
alterable	alterables
alteradizo	alteradizos
alteradizo	alteradiza
alteradizo	alteradizas
alterador	alteradores
alterador	alteradora
alterador	alteradoras
alterante	alterantes
alterativo	alterativos
alterativo	alterativa
alterativo	alterativas
altercador	altercadores
altercador	altercadora
altercador	altercadoras
alternado	alternados
alternado	alternada
alternado	alternadas
alternante	alternantes
alternativa	
alternativo	alternativos
alternativo	alternativa
alternativo	alternativas
alterno	alternos
alterno	alterna
alterno	alternas
alteroso	alterosos
alteroso	alterosa
alteroso	alterosas
altillo	altillos
altillo	altilla
altillo	altillas
altilocuente	altilocuentes
altimétrico	altimétricos
altimétrico	altimétrica
altimétrico	altimétricas
altiplánico	altiplánicos
altiplánico	altiplánica
altiplánico	altiplánicas
altiricón	altiricones
altiricón	altiricona
altiricón	altiriconas
altisonante	altisonantes
altitonante	altitonantes
altivo	altivos
altivo	altiva
altivo	altivas
alto	altos
alto	alta
alto	altas
alto	superior
alto	altísimo
alto	supremo
altruista	altruistas
alturado	alturados
alturado	alturada
alturado	alturadas
altílocuo	altílocuos
altílocuo	altílocua
altílocuo	altílocuas
altímetro	altímetros
altímetro	altímetra
altímetro	altímetras
altísimo	altísimos
altísimo	altísima
altísimo	altísimas
altísono	altísonos
altísono	altísona
altísono	altísonas
altívolo	altívolos
altívolo	altívola
altívolo	altívolas
alucinado	alucinados
alucinado	alucinada
alucinado	alucinadas
alucinador	alucinadores
alucinador	alucinadora
alucinador	alucinadoras
alucinante	alucinantes
alucinatorio	alucinatorios
alucinatorio	alucinatoria
alucinatorio	alucinatorias
alucinógeno	alucinógenos
alucinógeno	alucinógena
alucinógeno	alucinógenas
aludido	
alumbrador	alumbradores
alumbrador	alumbradora
alumbrador	alumbradoras
alumbrante	alumbrantes
alumbroso	alumbrosos
alumbroso	alumbrosa
alumbroso	alumbrosas
aluminoso	aluminosos
aluminoso	aluminosa
aluminoso	aluminosas
alunado	alunados
alunado	alunada
alunado	alunadas
alunarado	alunarados
alunarado	alunarada
alunarado	alunaradas
alusivo	alusivos
alusivo	alusiva
alusivo	alusivas
aluvial	aluviales
alvaradeño	alvaradeños
alvaradeño	alvaradeña
alvaradeño	alvaradeñas
alvearense	
alveolado	alveolados
alveolado	alveolada
alveolado	alveoladas
alveolar	alveolares
alvino	alvinos
alvino	alvina
alvino	alvinas
alzado	alzados
alzado	alzada
alzado	alzadas
alárabe	alárabes
alérgeno	alérgenos
alérgeno	alérgena
alérgeno	alérgenas
alérgico	alérgicos
alérgico	alérgica
alérgico	alérgicas
alícuota	alícuotas
alífero	alíferos
alífero	alífera
alífero	alíferas
alígero	alígeros
alígero	alígera
alígero	alígeras
alípede	alípedes
alípedo	alípedos
alípedo	alípeda
alípedo	alípedas
alóbroge	alóbroges
alóctono	alóctonos
alóctono	alóctona
alóctono	alóctonas
alófono	alófonos
alófono	alófona
alófono	alófonas
alógeno	alógenos
alógeno	alógena
alógeno	alógenas
alón	alones
alón	alona
alón	alonas
alópata	alópatas
alótropo	alótropos
alótropo	alótropa
alótropo	alótropas
amabeo	
amabilísimo	amabilísimos
amabilísimo	amabilísima
amabilísimo	amabilísimas
amable	amables
amable	amabilísimo
amacigado	amacigados
amacigado	amacigada
amacigado	amacigadas
amado	amados
amado	amada
amado	amadas
amado	amadísimo
amador	amadores
amador	amadora
amador	amadoras
amadroñado	amadroñados
amadroñado	amadroñada
amadroñado	amadroñadas
amadísimo	amadísimos
amadísimo	amadísima
amadísimo	amadísimas
amaestrador	amaestradores
amaestrador	amaestradora
amaestrador	amaestradoras
amalecita	amalecitas
amalequita	amalequitas
amalfitano	amalfitanos
amalfitano	amalfitana
amalfitano	amalfitanas
amalgamador	amalgamadores
amalgamador	amalgamadora
amalgamador	amalgamadoras
amamantador	amamantadores
amamantador	amamantadora
amamantador	amamantadoras
amanerado	amanerados
amanerado	amanerada
amanerado	amaneradas
amansador	amansadores
amansador	amansadora
amansador	amansadoras
amante	amantes
amante	amantísimo
amantísimo	amantísimos
amantísimo	amantísima
amantísimo	amantísimas
amaracino	amaracinos
amaracino	amaracina
amaracino	amaracinas
amarantáceo	amarantáceos
amarantáceo	amarantácea
amarantáceo	amarantáceas
amarcigado	amarcigados
amarcigado	amarcigada
amarcigado	amarcigadas
amargado	amargados
amargado	amargada
amargado	amargadas
amargo	amargos
amargo	amarga
amargo	amargas
amargoso	amargosos
amargoso	amargosa
amargoso	amargosas
amaricado	amaricados
amaricado	amaricada
amaricado	amaricadas
amariconado	amariconados
amariconado	amariconada
amariconado	amariconadas
amarilidáceo	amarilidáceos
amarilidáceo	amarilidácea
amarilidáceo	amarilidáceas
amarillejo	amarillejos
amarillejo	amarilleja
amarillejo	amarillejas
amarillento	amarillentos
amarillento	amarillenta
amarillento	amarillentas
amarillista	amarillistas
amarillito	amarillitos
amarillito	amarillita
amarillito	amarillitas
amarillo	amarillos
amarillo	amarilla
amarillo	amarillas
amarilloso	amarillosos
amarilloso	amarillosa
amarilloso	amarillosas
amarilídeo	amarilídeos
amarilídeo	amarilídea
amarilídeo	amarilídeas
amariposado	amariposados
amariposado	amariposada
amariposado	amariposadas
amarridas	
amarrido	amarridos
amarrido	amarrida
amarrido	amarridas
amarridos	
amarronado	amarronados
amarronado	amarronada
amarronado	amarronadas
amarroso	amarrosos
amarroso	amarrosa
amarroso	amarrosas
amasado	amasados
amasado	amasada
amasado	amasadas
amasador	amasadores
amasador	amasadora
amasador	amasadoras
amateur	amateurs
amativo	amativos
amativo	amativa
amativo	amativas
amatorio	amatorios
amatorio	amatoria
amatorio	amatorias
amazacotado	amazacotados
amazacotado	amazacotada
amazacotado	amazacotadas
amazonense	amazonenses
amazónico	amazónicos
amazónico	amazónica
amazónico	amazónicas
ambagioso	ambagiosos
ambagioso	ambagiosa
ambagioso	ambagiosas
ambarino	ambarinos
ambarino	ambarina
ambarino	ambarinas
ambateño	ambateños
ambateño	ambateña
ambateño	ambateñas
amberino	amberinos
amberino	amberina
amberino	amberinas
ambicioso	ambiciosos
ambicioso	ambiciosa
ambicioso	ambiciosas
ambidextro	ambidextros
ambidextro	ambidextra
ambidextro	ambidextras
ambidiestro	ambidiestros
ambidiestro	ambidiestra
ambidiestro	ambidiestras
ambiental	ambientales
ambiente	ambientes
ambiguo	ambiguos
ambiguo	ambigua
ambiguo	ambiguas
ambilátero	ambiláteros
ambilátero	ambilátera
ambilátero	ambiláteras
ambivalente	ambivalentes
amblador	ambladores
amblador	ambladora
amblador	ambladoras
ambliope	ambliopes
ambonés	amboneses
ambonés	ambonesa
ambonés	ambonesas
ambos	ambas
ambrosiano	ambrosianos
ambrosiano	ambrosiana
ambrosiano	ambrosianas
ambulacral	ambulacrales
ambulante	ambulantes
ambulativo	ambulativos
ambulativo	ambulativa
ambulativo	ambulativas
ambulatorio	ambulatorios
ambulatorio	ambulatoria
ambulatorio	ambulatorias
ameboide	ameboides
amedrentador	amedrentadores
amedrentador	amedrentadora
amedrentador	amedrentadoras
amelocotonado	amelocotonados
amelocotonado	amelocotonada
amelocotonado	amelocotonadas
amelonado	amelonados
amelonado	amelonada
amelonado	amelonadas
amembrillado	amembrillados
amembrillado	amembrillada
amembrillado	amembrilladas
amenazador	amenazadores
amenazador	amenazadora
amenazador	amenazadoras
amenazante	amenazantes
amenguadero	amenguaderos
amenguadero	amenguadera
amenguadero	amenguaderas
ameno	amenos
ameno	amena
ameno	amenas
amente	amentes
amentáceo	amentáceos
amentáceo	amentácea
amentáceo	amentáceas
amerengado	amerengados
amerengado	amerengada
amerengado	amerengadas
americanista	americanistas
americano	americanos
americano	americana
americano	americanas
amerindio	amerindios
amerindio	amerindia
amerindio	amerindias
amermelado	amermelados
amermelado	amermelada
amermelado	amermeladas
amestizado	amestizados
amestizado	amestizada
amestizado	amestizadas
ametalado	ametalados
ametalado	ametalada
ametalado	ametaladas
ametrallador	ametralladores
ametrallador	ametralladora
ametrallador	ametralladoras
amiboide	amiboides
amical	amicales
amicísimo	amicísimos
amicísimo	amicísima
amicísimo	amicísimas
amigabilísimo	amigabilísimos
amigabilísimo	amigabilísima
amigabilísimo	amigabilísimas
amigable	amigables
amigajado	amigajados
amigajado	amigajada
amigajado	amigajadas
amigdaláceo	amigdaláceos
amigdaláceo	amigdalácea
amigdaláceo	amigdaláceas
amigo	amigos
amigo	amiga
amigo	amigas
amigo	amiguísimo
amigo	amicísimo
amiguero	amigueros
amiguero	amiguera
amiguero	amigueras
amiguísimo	amiguísimos
amiguísimo	amiguísima
amiguísimo	amiguísimas
amillonado	amillonados
amillonado	amillonada
amillonado	amillonadas
amiloide	amiloides
amiloideo	amiloideos
amiloideo	amiloidea
amiloideo	amiloideas
amiláceo	amiláceos
amiláceo	amilácea
amiláceo	amiláceas
amirí	amirís
amirí	amiríes
amistoso	amistosos
amistoso	amistosa
amistoso	amistosas
amistosísimo	amistosísimos
amistosísimo	amistosísima
amistosísimo	amistosísimas
amitótico	amitóticos
amitótico	amitótica
amitótico	amitóticas
amnistiable	amnistiables
amniótico	amnióticos
amniótico	amniótica
amniótico	amnióticas
amnésico	amnésicos
amnésico	amnésica
amnésico	amnésicas
amodorrido	amodorridos
amodorrido	amodorrida
amodorrido	amodorridas
amogotado	amogotados
amogotado	amogotada
amogotado	amogotadas
amolado	amolados
amolado	amolada
amolado	amoladas
amoldable	amoldables
amoldador	amoldadores
amoldador	amoldadora
amoldador	amoldadoras
amollador	amolladores
amollador	amolladora
amollador	amolladoras
amolletado	amolletados
amolletado	amolletada
amolletado	amolletadas
amonestador	amonestadores
amonestador	amonestadora
amonestador	amonestadoras
amoniacal	amoniacales
amonita	amonitas
amontillado	amontillados
amontillado	amontillada
amontillado	amontilladas
amontonador	amontonadores
amontonador	amontonadora
amontonador	amontonadoras
amoral	amorales
amoratado	amoratados
amoratado	amoratada
amoratado	amoratadas
amordazador	amordazadores
amordazador	amordazadora
amordazador	amordazadoras
amorfo	amorfos
amorfo	amorfa
amorfo	amorfas
amoriscado	amoriscados
amoriscado	amoriscada
amoriscado	amoriscadas
amormado	amormados
amormado	amormada
amormado	amormadas
amoroso	amorosos
amoroso	amorosa
amoroso	amorosas
amoroso	amorosísimo
amorosísimo	amorosísimos
amorosísimo	amorosísima
amorosísimo	amorosísimas
amorreo	amorreos
amorreo	amorrea
amorreo	amorreas
amorrionado	amorrionados
amorrionado	amorrionada
amorrionado	amorrionadas
amortiguador	amortiguadores
amortiguador	amortiguadora
amortiguador	amortiguadoras
amortizable	amortizables
amos	
amostachado	amostachados
amostachado	amostachada
amostachado	amostachadas
amotinado	amotinados
amotinado	amotinada
amotinado	amotinadas
amotinador	amotinadores
amotinador	amotinadora
amotinador	amotinadoras
amovible	amovibles
amparador	amparadores
amparador	amparadora
amparador	amparadoras
ampelográfico	ampelográficos
ampelográfico	ampelográfica
ampelográfico	ampelográficas
ampelídeo	ampelídeos
ampelídeo	ampelídea
ampelídeo	ampelídeas
amplexicaulo	amplexicaulos
amplexicaulo	amplexicaula
amplexicaulo	amplexicaulas
ampliable	ampliables
ampliador	ampliadores
ampliador	ampliadora
ampliador	ampliadoras
ampliativo	ampliativos
ampliativo	ampliativa
ampliativo	ampliativas
amplificador	amplificadores
amplificador	amplificadora
amplificador	amplificadoras
amplificativo	amplificativos
amplificativo	amplificativa
amplificativo	amplificativas
amplio	amplios
amplio	amplia
amplio	amplias
amplio	amplísimo
amplísimo	amplísimos
amplísimo	amplísima
amplísimo	amplísimas
ampollar	ampollares
ampuloso	ampulosos
ampuloso	ampulosa
ampuloso	ampulosas
ampurdanés	ampurdaneses
ampurdanés	ampurdanesa
ampurdanés	ampurdanesas
amuchachado	amuchachados
amuchachado	amuchachada
amuchachado	amuchachadas
amujerado	amujerados
amujerado	amujerada
amujerado	amujeradas
amulatado	amulatados
amulatado	amulatada
amulatado	amulatadas
amurallado	amurallados
amurallado	amurallada
amurallado	amuralladas
amusco	amuscos
amusco	amusca
amusco	amuscas
amuñecado	amuñecados
amuñecado	amuñecada
amuñecado	amuñecadas
américo	américos
américo	américa
américo	américas
amétrico	amétricos
amétrico	amétrica
amétrico	amétricas
amétrope	amétropes
amínico	amínicos
amínico	amínica
amínico	amínicas
amónico	amónicos
amónico	amónica
amónico	amónicas
anabaptista	anabaptistas
anabatista	anabatistas
anabolizante	anabolizantes
anabólico	anabólicos
anabólico	anabólica
anabólico	anabólicas
anacarado	anacarados
anacarado	anacarada
anacarado	anacaradas
anacorético	anacoréticos
anacorético	anacorética
anacorético	anacoréticas
anacreóntico	anacreónticos
anacreóntico	anacreóntica
anacreóntico	anacreónticas
anacrónico	anacrónicos
anacrónico	anacrónica
anacrónico	anacrónicas
anaerobio	anaerobios
anaerobio	anaerobia
anaerobio	anaerobias
anaeróbico	anaeróbicos
anaeróbico	anaeróbica
anaeróbico	anaeróbicas
anafiláctico	anafilácticos
anafiláctico	anafiláctica
anafiláctico	anafilácticas
anafórico	anafóricos
anafórico	anafórica
anafórico	anafóricas
anaglífico	anaglíficos
anaglífico	anaglífica
anaglífico	anaglíficas
anal	anales
analfabeto	analfabetos
analfabeto	analfabeta
analfabeto	analfabetas
analgésico	analgésicos
analgésico	analgésica
analgésico	analgésicas
analizable	analizables
analéptico	analépticos
analéptico	analéptica
analéptico	analépticas
analístico	analísticos
analístico	analística
analístico	analísticas
analítico	analíticos
analítico	analítica
analítico	analíticas
analógico	analógicos
analógico	analógica
analógico	analógicas
anapéstico	anapésticos
anapéstico	anapéstica
anapéstico	anapésticas
anaranjado	anaranjados
anaranjado	anaranjada
anaranjado	anaranjadas
anarcocapitalista	anarcocapitalistas
anarcocomunista	anarcocomunistas
anarquista	anarquistas
anarquizante	anarquizantes
anastomosado	anastomosados
anastomosado	anastomosada
anastomosado	anastomosadas
anatematizador	anatematizadores
anatematizador	anatematizadora
anatematizador	anatematizadoras
anatolio	anatolios
anatolio	anatolia
anatolio	anatolias
anatomopatológico	anatomopatológicos
anatomopatológico	anatomopatológica
anatomopatológico	anatomopatológicas
anatómico	anatómicos
anatómico	anatómica
anatómico	anatómicas
anatópico	anatópicos
anatópico	anatópica
anatópico	anatópicas
ancado	ancados
ancado	ancada
ancado	ancadas
ancashino	ancashinos
ancashino	ancashina
ancashino	ancashinas
ancestral	ancestrales
anchicorto	anchicortos
anchicorto	anchicorta
anchicorto	anchicortas
ancho	anchos
ancho	ancha
ancho	anchas
ancho	anchísimo
anchuelo	anchuelos
anchuelo	anchuela
anchuelo	anchuelas
anchuroso	anchurosos
anchuroso	anchurosa
anchuroso	anchurosas
anchísimo	anchísimos
anchísimo	anchísima
anchísimo	anchísimas
anciano	ancianos
anciano	anciana
anciano	ancianas
ancilar	ancilares
ancorado	ancorados
ancorado	ancorada
ancorado	ancoradas
ancuditano	ancuditanos
ancuditano	ancuditana
ancuditano	ancuditanas
andador	andadores
andador	andadora
andador	andadoras
andalucense	andalucenses
andalusí	andalusís
andalusí	andalusíes
andaluz	andaluces
andaluz	andaluza
andaluz	andaluzas
andante	andantes
andantesco	andantescos
andantesco	andantesca
andantesco	andantescas
andariego	andariegos
andariego	andariega
andariego	andariegas
andesítico	andesíticos
andesítico	andesítica
andesítico	andesíticas
andino	andinos
andino	andina
andino	andinas
andorrano	andorranos
andorrano	andorrana
andorrano	andorranas
andrajoso	andrajosos
andrajoso	andrajosa
andrajoso	andrajosas
androgénico	androgénicos
androgénico	androgénica
androgénico	androgénicas
andromedano	andromedanos
andromedano	andromedana
andromedano	andromedanas
andrógino	andróginos
andrógino	andrógina
andrógino	andróginas
anecdótico	anecdóticos
anecdótico	anecdótica
anecdótico	anecdóticas
anegadizo	anegadizos
anegadizo	anegadiza
anegadizo	anegadizas
anejo	anejos
anejo	aneja
anejo	anejas
anemográfico	anemográficos
anemográfico	anemográfica
anemográfico	anemográficas
anemométrico	anemométricos
anemométrico	anemométrica
anemométrico	anemométricas
anemófilo	anemófilos
anemófilo	anemófila
anemófilo	anemófilas
anexo	anexos
anexo	anexa
anexo	anexas
anfibio	anfibios
anfibio	anfibia
anfibio	anfibias
anficinético	anficinéticos
anficinético	anficinética
anficinético	anficinéticas
anfictiónico	anfictiónicos
anfictiónico	anfictiónica
anfictiónico	anfictiónicas
anfidinámico	anfidinámicos
anfidinámico	anfidinámica
anfidinámico	anfidinámicas
anfifílico	anfifílicos
anfifílico	anfifílica
anfifílico	anfifílicas
anfiscio	anfiscios
anfiscio	anfiscia
anfiscio	anfiscias
anfractuoso	anfractuosos
anfractuoso	anfractuosa
anfractuoso	anfractuosas
anfídromo	anfídromos
anfídromo	anfídroma
anfídromo	anfídromas
angelado	angelados
angelado	angelada
angelado	angeladas
angelical	angelicales
angelino	angelinos
angelino	angelina
angelino	angelinas
angevino	angevinos
angevino	angevina
angevino	angevinas
angloamericanista	angloamericanistas
angloamericano	angloamericanos
angloamericano	angloamericana
angloamericano	angloamericanas
anglocanadiense	anglocanadienses
anglohablante	anglohablantes
anglonormando	anglonormandos
anglonormando	anglonormanda
anglonormando	anglonormandas
angloparlante	angloparlantes
anglosajón	anglosajones
anglosajón	anglosajona
anglosajón	anglosajonas
angloíndio	angloíndios
angloíndio	angloíndia
angloíndio	angloíndias
anglófilo	anglófilos
anglófilo	anglófila
anglófilo	anglófilas
anglófono	anglófonos
anglófono	anglófona
anglófono	anglófonas
angojoso	angojosos
angojoso	angojosa
angojoso	angojosas
angoleño	angoleños
angoleño	angoleña
angoleño	angoleñas
angolino	angolinos
angolino	angolina
angolino	angolinas
angosto	angostos
angosto	angosta
angosto	angostas
angostísimo	angostísimos
angostísimo	angostísima
angostísimo	angostísimas
anguilano	anguilanos
anguilano	anguilana
anguilano	anguilanas
anguilense	anguilenses
anguiliforme	anguiliformes
angular	angulares
anguloso	angulosos
anguloso	angulosa
anguloso	angulosas
angurrientista	angurrientistas
angurriento	angurrientos
angurriento	angurrienta
angurriento	angurrientas
angustiado	angustiados
angustiado	angustiada
angustiado	angustiadas
angustiador	angustiadores
angustiador	angustiadora
angustiador	angustiadoras
angustiante	angustiantes
angustioso	angustiosos
angustioso	angustiosa
angustioso	angustiosas
angélico	angélicos
angélico	angélica
angélico	angélicas
anhelante	anhelantes
anhidro	anhidros
anhidro	anhidra
anhidro	anhidras
anillado	anillados
anillado	anillada
anillado	anilladas
animador	animadores
animador	animadora
animador	animadoras
animadísimo	animadísimos
animadísimo	animadísima
animadísimo	animadísimas
animal	animales
animalista	animalistas
animatrónico	animatrónicos
animatrónico	animatrónica
animatrónico	animatrónicas
animoso	animosos
animoso	animosa
animoso	animosas
aniquilador	aniquiladores
aniquilador	aniquiladora
aniquilador	aniquiladoras
anisado	anisados
anisado	anisada
anisado	anisadas
anisotrópico	anisotrópicos
anisotrópico	anisotrópica
anisotrópico	anisotrópicas
aniñado	aniñados
aniñado	aniñada
aniñado	aniñadas
aniónico	aniónicos
aniónico	aniónica
aniónico	aniónicas
anodino	anodinos
anodino	anodina
anodino	anodinas
anonadador	anonadadores
anonadador	anonadadora
anonadador	anonadadoras
anonadante	anonadantes
anormal	anormales
anoréxico	anoréxicos
anoréxico	anoréxica
anoréxico	anoréxicas
anotérico	anotéricos
anotérico	anotérica
anotérico	anotéricas
anquialmendrado	anquialmendrados
anquialmendrado	anquialmendrada
anquialmendrado	anquialmendradas
anquilopoyético	anquilopoyéticos
anquilopoyético	anquilopoyética
anquilopoyético	anquilopoyéticas
anquilosado	anquilosados
anquilosado	anquilosada
anquilosado	anquilosadas
anquilosante	anquilosantes
anseriforme	
anseático	anseáticos
anseático	anseática
anseático	anseáticas
ansiolítico	ansiolíticos
ansiolítico	ansiolítica
ansiolítico	ansiolíticas
ansioso	ansiosos
ansioso	ansiosa
ansioso	ansiosas
ansiosísimo	ansiosísimos
ansiosísimo	ansiosísima
ansiosísimo	ansiosísimas
antagonista	antagonistas
antagónico	antagónicos
antagónico	antagónica
antagónico	antagónicas
antañón	antañones
antañón	antañona
antañón	antañonas
antecedente	antecedentes
antecesor	antecesores
antecesor	antecesora
antecesor	antecesoras
anteco	antecos
anteco	anteca
anteco	antecas
antedicho	antedichos
antedicho	antedicha
antedicho	antedichas
antediluviano	antediluvianos
antediluviano	antediluviana
antediluviano	antediluvianas
antemeridiano	antemeridianos
antemeridiano	antemeridiana
antemeridiano	antemeridianas
anteojudo	anteojudos
anteojudo	anteojuda
anteojudo	anteojudas
antepasado	antepasados
antepasado	antepasada
antepasado	antepasadas
antepenúltimo	antepenúltimos
antepenúltimo	antepenúltima
antepenúltimo	antepenúltimas
antequerano	antequeranos
antequerano	antequerana
antequerano	antequeranas
anterior	anteriores
anterolateral	anterolaterales
antes	
antiabortista	antiabortistas
antiacadémico	antiacadémicos
antiacadémico	antiacadémica
antiacadémico	antiacadémicas
antiadherente	antiadherentes
antialcalino	antialcalinos
antialcalino	antialcalina
antialcalino	antialcalinas
antialcohólico	antialcohólicos
antialcohólico	antialcohólica
antialcohólico	antialcohólicas
antialérgico	antialérgicos
antialérgico	antialérgica
antialérgico	antialérgicas
antiarrugas	
antiarrítmico	antiarrítmicos
antiarrítmico	antiarrítmica
antiarrítmico	antiarrítmicas
antiartrítico	antiartríticos
antiartrítico	antiartrítica
antiartrítico	antiartríticas
antiartístico	antiartísticos
antiartístico	antiartística
antiartístico	antiartísticas
antiasmático	antiasmáticos
antiasmático	antiasmática
antiasmático	antiasmáticas
antiatómico	antiatómicos
antiatómico	antiatómica
antiatómico	antiatómicas
antiaéreo	antiaéreos
antiaéreo	antiaérea
antiaéreo	antiaéreas
antibacterial	antibacteriales
antibacteriano	antibacterianos
antibacteriano	antibacteriana
antibacteriano	antibacterianas
antibalas	
antibiótico	antibióticos
antibiótico	antibiótica
antibiótico	antibióticas
antibritánico	antibritánicos
antibritánico	antibritánica
antibritánico	antibritánicas
antibúnker	
anticanceroso	anticancerosos
anticanceroso	anticancerosa
anticanceroso	anticancerosas
anticancerígeno	anticancerígenos
anticancerígeno	anticancerígena
anticancerígeno	anticancerígenas
anticapitalista	anticapitalistas
anticasta	
anticatólico	anticatólicos
anticatólico	anticatólica
anticatólico	anticatólicas
anticausal	anticausales
anticausalista	anticausalistas
anticientífico	anticientíficos
anticientífico	anticientífica
anticientífico	anticientíficas
anticipador	anticipadores
anticipador	anticipadora
anticipador	anticipadoras
anticipatorio	anticipatorios
anticipatorio	anticipatoria
anticipatorio	anticipatorias
anticircuncisión	
anticlerical	anticlericales
anticlinal	anticlinales
anticoagulante	anticoagulantes
anticolonial	anticoloniales
anticomunista	anticomunistas
anticongelante	anticongelantes
anticonstitucionalista	anticonstitucionalistas
anticonstitucionalísimo	anticonstitucionalísimos
anticonstitucionalísimo	anticonstitucionalísima
anticonstitucionalísimo	anticonstitucionalísimas
anticorrosivo	anticorrosivos
anticorrosivo	anticorrosiva
anticorrosivo	anticorrosivas
anticorrupción	
anticrético	anticréticos
anticrético	anticrética
anticrético	anticréticas
anticuado	anticuados
anticuado	anticuada
anticuado	anticuadas
anticuario	anticuarios
anticuario	anticuaria
anticuario	anticuarias
antideflagrante	antideflagrantes
antidemocrático	antidemocráticos
antidemocrático	antidemocrática
antidemocrático	antidemocráticas
antideportivo	antideportivos
antideportivo	antideportiva
antideportivo	antideportivas
antidepresivo	antidepresivos
antidepresivo	antidepresiva
antidepresivo	antidepresivas
antiderecho	
antiderechos	
antideslizante	antideslizantes
antidiarreico	antidiarreicos
antidiarreico	antidiarreica
antidiarreico	antidiarreicas
antidiftérico	antidiftéricos
antidiftérico	antidiftérica
antidiftérico	antidiftéricas
antidinástico	antidinásticos
antidinástico	antidinástica
antidinástico	antidinásticas
antidisentérico	antidisentéricos
antidisentérico	antidisentérica
antidisentérico	antidisentéricas
antidiurético	antidiuréticos
antidiurético	antidiurética
antidiurético	antidiuréticas
antidroga	antidrogas
antidrogas	
antieconómico	antieconómicos
antieconómico	antieconómica
antieconómico	antieconómicas
antiedad	
antielitista	antielitistas
antiempañante	antiempañantes
antiemético	antieméticos
antiemético	antiemética
antiemético	antieméticas
antiepiléptico	antiepilépticos
antiepiléptico	antiepiléptica
antiepiléptico	antiepilépticas
antiescorbútico	antiescorbúticos
antiescorbútico	antiescorbútica
antiescorbútico	antiescorbúticas
antiestético	antiestéticos
antiestético	antiestética
antiestético	antiestéticas
antifeminista	antifeministas
antifuego	antifuegos
antifúngico	antifúngicos
antifúngico	antifúngica
antifúngico	antifúngicas
antiguano	antiguanos
antiguano	antiguana
antiguano	antiguanas
antiguo	antiguos
antiguo	antigua
antiguo	antiguas
antiguo	antiquísimo
antigás	
antigénero	
antigénico	antigénicos
antigénico	antigénica
antigénico	antigénicas
antihelmíntico	antihelmínticos
antihelmíntico	antihelmíntica
antihelmíntico	antihelmínticas
antiheroico	antiheroicos
antiheroico	antiheroica
antiheroico	antiheroicas
antihidrópico	antihidrópicos
antihidrópico	antihidrópica
antihidrópico	antihidrópicas
antihigiénico	antihigiénicos
antihigiénico	antihigiénica
antihigiénico	antihigiénicas
antihipertensivo	antihipertensivos
antihipertensivo	antihipertensiva
antihipertensivo	antihipertensivas
antihistamínico	antihistamínicos
antihistamínico	antihistamínica
antihistamínico	antihistamínicas
antihistérico	antihistéricos
antihistérico	antihistérica
antihistérico	antihistéricas
antihiático	antihiáticos
antihiático	antihiática
antihiático	antihiáticas
antijuridico	antijuridicos
antijuridico	antijuridica
antijuridico	antijuridicas
antiliberal	antiliberales
antillano	antillanos
antillano	antillana
antillano	antillanas
antilógico	antilógicos
antilógico	antilógica
antilógico	antilógicas
antimagnético	antimagnéticos
antimagnético	antimagnética
antimagnético	antimagnéticas
antimisógino	antimisóginos
antimisógino	antimisógina
antimisógino	antimisóginas
antimonárquico	antimonárquicos
antimonárquico	antimonárquica
antimonárquico	antimonárquicas
antinacional	antinacionales
antinatalista	antinatalistas
antinatural	antinaturales
antiniebla	antinieblas
antinómico	antinómicos
antinómico	antinómica
antinómico	antinómicas
antioqueno	antioquenos
antioqueno	antioquena
antioqueno	antioquenas
antioqueño	antioqueños
antioqueño	antioqueña
antioqueño	antioqueñas
antipalúdico	antipalúdicos
antipalúdico	antipalúdica
antipalúdico	antipalúdicas
antipapa	antipapas
antiparabólico	
antiparasitario	antiparasitarios
antiparasitario	antiparasitaria
antiparasitario	antiparasitarias
antipatria	
antipatriótico	antipatrióticos
antipatriótico	antipatriótica
antipatriótico	antipatrióticas
antiperiodístico	antiperiodísticos
antiperiodístico	antiperiodística
antiperiodístico	antiperiodísticas
antiperonista	antiperonistas
antipersonal	
antipiquetes	
antipirético	antipiréticos
antipirético	antipirética
antipirético	antipiréticas
antipolítico	antipolíticos
antipolítico	antipolítica
antipolítico	antipolíticas
antipopular	antipopulares
antipueblo	
antipático	antipáticos
antipático	antipática
antipático	antipáticas
antiquísimo	antiquísimos
antiquísimo	antiquísima
antiquísimo	antiquísimas
antirrayos	
antirreglamentario	antirreglamentarios
antirreglamentario	antirreglamentaria
antirreglamentario	antirreglamentarias
antirreligioso	antirreligiosos
antirreligioso	antirreligiosa
antirreligioso	antirreligiosas
antirresaca	
antirretroviral	antirretrovirales
antirretrovírico	antirretrovíricos
antirretrovírico	antirretrovírica
antirretrovírico	antirretrovíricas
antirreumático	antirreumáticos
antirreumático	antirreumática
antirreumático	antirreumáticas
antirrevolucionario	antirrevolucionarios
antirrevolucionario	antirrevolucionaria
antirrevolucionario	antirrevolucionarias
antirrobo	antirrobos
antirroquista	antirroquistas
antirruso	antirrusos
antirruso	antirrusa
antirruso	antirrusas
antirrábico	antirrábicos
antirrábico	antirrábica
antirrábico	antirrábicas
antiscio	antiscios
antiscio	antiscia
antiscio	antiscias
antisemítico	antisemíticos
antisemítico	antisemítica
antisemítico	antisemíticas
antisifilítico	antisifilíticos
antisifilítico	antisifilítica
antisifilítico	antisifilíticas
antisistema	
antisocial	antisociales
antisubmarino	antisubmarinos
antisubmarino	antisubmarina
antisubmarino	antisubmarinas
antiséptico	antisépticos
antiséptico	antiséptica
antiséptico	antisépticas
antitaurino	antitaurinos
antitaurino	antitaurina
antitaurino	antitaurinas
antitetánico	antitetánicos
antitetánico	antitetánica
antitetánico	antitetánicas
antiteísta	antiteístas
antitildista	antitildistas
antitranspirante	antitranspirantes
antitrómbico	antitrómbicos
antitrómbico	antitrómbica
antitrómbico	antitrómbicas
antituberculoso	antituberculosos
antituberculoso	antituberculosa
antituberculoso	antituberculosas
antitusígeno	antitusígenos
antitusígeno	antitusígena
antitusígeno	antitusígenas
antitético	antitéticos
antitético	antitética
antitético	antitéticas
antitóxico	antitóxicos
antitóxico	antitóxica
antitóxico	antitóxicas
antivacuna	antivacunas
antivacunas	
antivariólico	antivariólicos
antivariólico	antivariólica
antivariólico	antivariólicas
antiyrigoyenista	antiyrigoyenistas
antofagastino	antofagastinos
antofagastino	antofagastina
antofagastino	antofagastinas
antojadizo	antojadizos
antojadizo	antojadiza
antojadizo	antojadizas
antojado	antojados
antojado	antojada
antojado	antojadas
antológico	antológicos
antológico	antológica
antológico	antológicas
antonomástico	antonomásticos
antonomástico	antonomástica
antonomástico	antonomásticas
antropocéntrico	antropocéntricos
antropocéntrico	antropocéntrica
antropocéntrico	antropocéntricas
antropofílico	antropofílicos
antropofílico	antropofílica
antropofílico	antropofílicas
antropográfico	antropográficos
antropográfico	antropográfica
antropográfico	antropográficas
antropogénico	antropogénicos
antropogénico	antropogénica
antropogénico	antropogénicas
antropoide	antropoides
antropológico	antropológicos
antropológico	antropológica
antropológico	antropológicas
antropomorfo	antropomorfos
antropomorfo	antropomorfa
antropomorfo	antropomorfas
antropométrico	antropométricos
antropométrico	antropométrica
antropométrico	antropométricas
antropomórfico	antropomórficos
antropomórfico	antropomórfica
antropomórfico	antropomórficas
antroponímico	antroponímicos
antroponímico	antroponímica
antroponímico	antroponímicas
antroposófico	antroposóficos
antroposófico	antroposófica
antroposófico	antroposóficas
antropozoico	antropozoicos
antropozoico	antropozoica
antropozoico	antropozoicas
antropófago	antropófagos
antropófago	antropófaga
antropófago	antropófagas
antrópico	antrópicos
antrópico	antrópica
antrópico	antrópicas
antuerpiense	antuerpienses
antuso	
antártico	antárticos
antártico	antártica
antártico	antárticas
antípoda	antípodas
antónimo	antónimos
antónimo	antónima
antónimo	antónimas
anual	anuales
anubarrado	anubarrados
anubarrado	anubarrada
anubarrado	anubarradas
anudador	anudadores
anudador	anudadora
anudador	anudadoras
anuente	anuentes
anulador	anuladores
anulador	anuladora
anulador	anuladoras
anular	anulares
anulativo	anulativos
anulativo	anulativa
anulativo	anulativas
anuloso	anulosos
anuloso	anulosa
anuloso	anulosas
anunciador	anunciadores
anunciador	anunciadora
anunciador	anunciadoras
anuo	anuos
anuo	anua
anuo	anuas
anzoateguiense	anzoateguienses
anzoatiguense	anzoatiguenses
anádromo	anádromos
anádromo	anádroma
anádromo	anádromas
análogo	análogos
análogo	análoga
análogo	análogas
anárquico	anárquicos
anárquico	anárquica
anárquico	anárquicas
anélido	anélidos
anélido	anélida
anélido	anélidas
anémico	anémicos
anémico	anémica
anémico	anémicas
anímico	anímicos
anímico	anímica
anímico	anímicas
anódico	anódicos
anódico	anódica
anódico	anódicas
anómalo	anómalos
anómalo	anómala
anómalo	anómalas
anómico	anómicos
anómico	anómica
anómico	anómicas
anónimo	anónimos
anónimo	anónima
anónimo	anónimas
anósmico	anósmicos
anósmico	anósmica
anósmico	anósmicas
anóxico	anóxicos
anóxico	anóxica
anóxico	anóxicas
aojador	aojadores
aojador	aojadora
aojador	aojadoras
aonikenk	aonikenks
aovado	aovados
aovado	aovada
aovado	aovadas
apabullante	apabullantes
apacentador	apacentadores
apacentador	apacentadora
apacentador	apacentadoras
apache	apaches
apacible	apacibles
apaciguador	apaciguadores
apaciguador	apaciguadora
apaciguador	apaciguadoras
apadrinador	apadrinadores
apadrinador	apadrinadora
apadrinador	apadrinadoras
apagadizo	apagadizos
apagadizo	apagadiza
apagadizo	apagadizas
apagado	apagados
apagado	apagada
apagado	apagadas
apagón	apagones
apagón	apagona
apagón	apagonas
apaisado	apaisados
apaisado	apaisada
apaisado	apaisadas
apaleador	apaleadores
apaleador	apaleadora
apaleador	apaleadoras
apanado	apanados
apanado	apanada
apanado	apanadas
aparador	aparadores
aparador	aparadora
aparador	aparadoras
aparatoso	aparatosos
aparatoso	aparatosa
aparatoso	aparatosas
apareado	apareados
apareado	apareada
apareado	apareadas
aparejado	aparejados
aparejado	aparejada
aparejado	aparejadas
aparencial	aparenciales
aparentador	aparentadores
aparentador	aparentadora
aparentador	aparentadoras
aparente	aparentes
aparrado	aparrados
aparrado	aparrada
aparrado	aparradas
aparroquiado	aparroquiados
aparroquiado	aparroquiada
aparroquiado	aparroquiadas
aparroquiador	aparroquiadores
aparroquiador	aparroquiadora
aparroquiador	aparroquiadoras
aparroquianado	aparroquianados
aparroquianado	aparroquianada
aparroquianado	aparroquianadas
aparroquianador	aparroquianadores
aparroquianador	aparroquianadora
aparroquianador	aparroquianadoras
apartadizo	apartadizos
apartadizo	apartadiza
apartadizo	apartadizas
apartado	apartados
apartado	apartada
apartado	apartadas
apartador	apartadores
apartador	apartadora
apartador	apartadoras
aparte	
apartidario	apartidarios
apartidario	apartidaria
apartidario	apartidarias
apartidista	apartidistas
apasionado	apasionados
apasionado	apasionada
apasionado	apasionadas
apasionadísimo	apasionadísimos
apasionadísimo	apasionadísima
apasionadísimo	apasionadísimas
apasionante	apasionantes
apazcuado	apazcuados
apazcuado	apazcuada
apazcuado	apazcuadas
apazguado	apazguados
apazguado	apazguada
apazguado	apazguadas
apañado	apañados
apañado	apañada
apañado	apañadas
apañador	apañadores
apañador	apañadora
apañador	apañadoras
apedreador	apedreadores
apedreador	apedreadora
apedreador	apedreadoras
apelable	apelables
apelativo	apelativos
apelativo	apelativa
apelativo	apelativas
apellinado	apellinados
apellinado	apellinada
apellinado	apellinadas
apelmazado	apelmazados
apelmazado	apelmazada
apelmazado	apelmazadas
apenado	apenados
apenado	apenada
apenado	apenadas
apendiculado	apendiculados
apendiculado	apendiculada
apendiculado	apendiculadas
apercancado	apercancados
apercancado	apercancada
apercancado	apercancadas
apergaminado	apergaminados
apergaminado	apergaminada
apergaminado	apergaminadas
aperiente	aperientes
aperitivo	aperitivos
aperitivo	aperitiva
aperitivo	aperitivas
apernador	apernadores
apernador	apernadora
apernador	apernadoras
aperturista	aperturistas
apestoso	apestosos
apestoso	apestosa
apestoso	apestosas
apestoso	apestosísimo
apetecedor	apetecedores
apetecedor	apetecedora
apetecedor	apetecedoras
apetecible	apetecibles
apetitoso	apetitosos
apetitoso	apetitosa
apetitoso	apetitosas
apiadador	apiadadores
apiadador	apiadadora
apiadador	apiadadoras
apical	apicales
apilador	apiladores
apilador	apiladora
apilador	apiladoras
apirético	apiréticos
apirético	apirética
apirético	apiréticas
apisonador	apisonadores
apisonador	apisonadora
apisonador	apisonadoras
apivegetariano	apivegetarianos
apivegetariano	apivegetariana
apivegetariano	apivegetarianas
apiñado	apiñados
apiñado	apiñada
apiñado	apiñadas
aplacable	aplacables
aplacador	aplacadores
aplacador	aplacadora
aplacador	aplacadoras
aplacible	aplacibles
aplanador	aplanadores
aplanador	aplanadora
aplanador	aplanadoras
aplastante	aplastantes
aplaudidor	aplaudidores
aplaudidor	aplaudidora
aplaudidor	aplaudidoras
apocado	apocados
apocado	apocada
apocado	apocadas
apocináceo	apocináceos
apocináceo	apocinácea
apocináceo	apocináceas
apoclamídeo	apoclamídeos
apoclamídeo	apoclamídea
apoclamídeo	apoclamídeas
apodador	apodadores
apodador	apodadora
apodador	apodadoras
apodíctico	apodícticos
apodíctico	apodíctica
apodíctico	apodícticas
apofántico	apofánticos
apofántico	apofántica
apofántico	apofánticas
apolillado	apolillados
apolillado	apolillada
apolillado	apolilladas
apologética	
apologético	apologéticos
apologético	apologética
apologético	apologéticas
apolíneo	apolíneos
apolíneo	apolínea
apolíneo	apolíneas
apolítico	apolíticos
apolítico	apolítica
apolítico	apolíticas
aporcador	aporcadores
aporcador	aporcadora
aporcador	aporcadoras
aporreador	aporreadores
aporreador	aporreadora
aporreador	aporreadoras
aporético	aporéticos
aporético	aporética
aporético	aporéticas
apositivo	apositivos
apositivo	apositiva
apositivo	apositivas
apostado	apostados
apostado	apostada
apostado	apostadas
apostador	apostadores
apostador	apostadora
apostador	apostadoras
apostemoso	apostemosos
apostemoso	apostemosa
apostemoso	apostemosas
apostólico	apostólicos
apostólico	apostólica
apostólico	apostólicas
apoteósico	apoteósicos
apoteósico	apoteósica
apoteósico	apoteósicas
apoteótico	apoteóticos
apoteótico	apoteótica
apoteótico	apoteóticas
apotropaico	apotropaicos
apotropaico	apotropaica
apotropaico	apotropaicas
apreciable	apreciables
apreciador	apreciadores
apreciador	apreciadora
apreciador	apreciadoras
apremiador	apremiadores
apremiador	apremiadora
apremiador	apremiadoras
apremiante	apremiantes
aprendedor	aprendedores
aprendedor	aprendedora
aprendedor	aprendedoras
aprendiente	aprendientes
aprendiz	aprendices
aprensador	aprensadores
aprensador	aprensadora
aprensador	aprensadoras
apresador	apresadores
apresador	apresadora
apresador	apresadoras
apretado	apretados
apretado	apretada
apretado	apretadas
apriorístico	apriorísticos
apriorístico	apriorística
apriorístico	apriorísticas
aprobado	aprobados
aprobado	aprobada
aprobado	aprobadas
aprobador	aprobadores
aprobador	aprobadora
aprobador	aprobadoras
aprobativo	aprobativos
aprobativo	aprobativa
aprobativo	aprobativas
aprobatorio	aprobatorios
aprobatorio	aprobatoria
aprobatorio	aprobatorias
apropiado	apropiados
apropiado	apropiada
apropiado	apropiadas
apropiador	apropiadores
apropiador	apropiadora
apropiador	apropiadoras
apropiativo	apropiativos
apropiativo	apropiativa
apropiativo	apropiativas
aprovechador	aprovechadores
aprovechador	aprovechadora
aprovechador	aprovechadoras
aproximativo	aproximativos
aproximativo	aproximativa
aproximativo	aproximativas
apruinoso	apruinosos
apruinoso	apruinosa
apruinoso	apruinosas
apto	aptos
apto	apta
apto	aptas
aptísimo	aptísimos
aptísimo	aptísima
aptísimo	aptísimas
apuesta	apuestas
apuesto	apuestos
apuesto	apuesta
apuesto	apuestas
apuntador	apuntadores
apuntador	apuntadora
apuntador	apuntadoras
apurado	apurados
apurado	apurada
apurado	apuradas
apuradísimo	apuradísimos
apuradísimo	apuradísima
apuradísimo	apuradísimas
apurativo	apurativos
apurativo	apurativa
apurativo	apurativas
apureño	apureños
apureño	apureña
apureño	apureñas
apático	apáticos
apático	apática
apático	apáticas
apátrida	apátridas
apétalo	apétalos
apétalo	apétala
apétalo	apétalas
apícola	apícolas
apócrifo	apócrifos
apócrifo	apócrifa
apócrifo	apócrifas
apólogo	apólogos
apólogo	apóloga
apólogo	apólogas
aquejador	aquejadores
aquejador	aquejadora
aquejador	aquejadoras
aquejoso	aquejosos
aquejoso	aquejosa
aquejoso	aquejosas
aquel	aquellos
aquel	aquella
aquel	aquellas
aqueménida	aqueménidas
aqueo	aqueos
aqueo	aquea
aqueo	aqueas
aquesse	
aqueste	aquestes
aqueste	aquesta
aqueste	aquestas
aquiescente	aquiescentes
aquietador	aquietadores
aquietador	aquietadora
aquietador	aquietadoras
aquilino	aquilinos
aquilino	aquilina
aquilino	aquilinas
aquillado	aquillados
aquillado	aquillada
aquillado	aquilladas
aquincense	aquincenses
aquitano	aquitanos
aquitano	aquitana
aquitano	aquitanas
aquitánico	aquitánicos
aquitánico	aquitánica
aquitánico	aquitánicas
arabesco	arabescos
arabesco	arabesca
arabesco	arabescas
arabio	arabios
arabio	arabia
arabio	arabias
arable	arables
arachán	arachanes
arachán	arachana
arachán	arachanas
aracnofóbico	aracnofóbicos
aracnofóbico	aracnofóbica
aracnofóbico	aracnofóbicas
aracnológico	aracnológicos
aracnológico	aracnológica
aracnológico	aracnológicas
arador	aradores
arador	aradora
arador	aradoras
aragonés	aragoneses
aragonés	aragonesa
aragonés	aragonesas
aragüeño	aragüeños
aragüeño	aragüeña
aragüeño	aragüeñas
araliáceo	araliáceos
araliáceo	araliácea
araliáceo	araliáceas
arameo	arameos
arameo	aramea
arameo	arameas
arancetano	arancetanos
arancetano	arancetana
arancetano	arancetanas
arandino	arandinos
arandino	arandina
arandino	arandinas
aranero	araneros
aranero	aranera
aranero	araneras
araucano	araucanos
araucano	araucana
araucano	araucanas
arañador	arañadores
arañador	arañadora
arañador	arañadoras
arañento	arañentos
arañento	arañenta
arañento	arañentas
arañil	arañiles
arbitrable	arbitrables
arbitradero	arbitraderos
arbitradero	arbitradera
arbitradero	arbitraderas
arbitrador	arbitradores
arbitrador	arbitradora
arbitrador	arbitradoras
arbitral	arbitrales
arbitrario	arbitrarios
arbitrario	arbitraria
arbitrario	arbitrarias
arboleano	
arborescente	arborescentes
arborícola	arborícolas
arbustivo	arbustivos
arbustivo	arbustiva
arbustivo	arbustivas
arbóreo	arbóreos
arbóreo	arbórea
arbóreo	arbóreas
arcaico	arcaicos
arcaico	arcaica
arcaico	arcaicas
arcaizante	arcaizantes
arcangélico	arcangélicos
arcangélico	arcangélica
arcangélico	arcangélicas
arcano	arcanos
arcano	arcana
arcano	arcanas
archivador	archivadores
archivador	archivadora
archivador	archivadoras
archivológico	archivológicos
archivológico	archivológica
archivológico	archivológicas
arcilloso	arcillosos
arcilloso	arcillosa
arcilloso	arcillosas
arcosaurio	arcosaurios
ardedor	ardedores
ardedor	ardedora
ardedor	ardedoras
ardentísimo	ardentísimos
ardentísimo	ardentísima
ardentísimo	ardentísimas
ardid	
ardido	ardidos
ardido	ardida
ardido	ardidas
ardiente	ardientes
ardiente	ardentísimo
ardiente	ardientísimo
ardientísimo	ardientísimos
ardientísimo	ardientísima
ardientísimo	ardientísimas
ardoroso	ardorosos
ardoroso	ardorosa
ardoroso	ardorosas
arduo	arduos
arduo	ardua
arduo	arduas
arengador	arengadores
arengador	arengadora
arengador	arengadoras
arenisco	areniscos
arenisco	arenisca
arenisco	areniscas
arenoso	arenosos
arenoso	arenosa
arenoso	arenosas
arequero	arequeros
arequero	arequera
arequero	arequeras
arequipeño	arequipeños
arequipeño	arequipeña
arequipeño	arequipeñas
aretalógico	aretalógicos
aretalógico	aretalógica
aretalógico	aretalógicas
aretino	aretinos
aretino	aretina
aretino	aretinas
areóstilo	areóstilos
areóstilo	areóstila
areóstilo	areóstilas
argel	argeles
argelino	argelinos
argelino	argelina
argelino	argelinas
argentado	argentados
argentado	argentada
argentado	argentadas
argentador	argentadores
argentador	argentadora
argentador	argentadoras
argentino	argentinos
argentino	argentina
argentino	argentinas
argentinísimo	argentinísimos
argentinísimo	argentinísima
argentinísimo	argentinísimas
argentoso	argentosos
argentoso	argentosa
argentoso	argentosas
argentífero	argentíferos
argentífero	argentífera
argentífero	argentíferas
argivo	argivos
argivo	argiva
argivo	argivas
argulloso	argullosos
argulloso	argullosa
argulloso	argullosas
argumentador	argumentadores
argumentador	argumentadora
argumentador	argumentadoras
argumental	argumentales
argumentativo	argumentativos
argumentativo	argumentativa
argumentativo	argumentativas
argénteo	argénteos
argénteo	argéntea
argénteo	argénteas
argüidor	argüidores
argüidor	argüidora
argüidor	argüidoras
argüitivo	argüitivos
argüitivo	argüitiva
argüitivo	argüitivas
arietino	arietinos
arietino	arietina
arietino	arietinas
ario	arios
ario	aria
ario	arias
ariqueño	ariqueños
ariqueño	ariqueña
ariqueño	ariqueñas
arisco	ariscos
arisco	arisca
arisco	ariscas
aristado	aristados
aristado	aristada
aristado	aristadas
aristocrático	aristocráticos
aristocrático	aristocrática
aristocrático	aristocráticas
aristofánico	aristofánicos
aristofánico	aristofánica
aristofánico	aristofánicas
aristotélico	aristotélicos
aristotélico	aristotélica
aristotélico	aristotélicas
aritmético	aritméticos
aritmético	aritmética
aritmético	aritméticas
arjonero	arjoneros
arjonero	arjonera
arjonero	arjoneras
armado	armados
armado	armada
armado	armadas
armador	armadores
armador	armadora
armador	armadoras
armamentístico	armamentísticos
armamentístico	armamentística
armamentístico	armamentísticas
armenio	armenios
armenio	armenia
armenio	armenias
armonioso	armoniosos
armonioso	armoniosa
armonioso	armoniosas
armoniquista	
armonizador	armonizadores
armonizador	armonizadora
armonizador	armonizadoras
armuñés	
armífero	armíferos
armífero	armífera
armífero	armíferas
armígero	armígeros
armígero	armígera
armígero	armígeras
armónico	armónicos
armónico	armónica
armónico	armónicas
aromoso	aromosos
aromoso	aromosa
aromoso	aromosas
aromosísimo	aromosísimos
aromosísimo	aromosísima
aromosísimo	aromosísimas
aromático	aromáticos
aromático	aromática
aromático	aromáticas
arqueador	arqueadores
arqueador	arqueadora
arqueador	arqueadoras
arqueolítico	arqueolíticos
arqueolítico	arqueolítica
arqueolítico	arqueolíticas
arqueológico	arqueológicos
arqueológico	arqueológica
arqueológico	arqueológicas
arquetípico	arquetípicos
arquetípico	arquetípica
arquetípico	arquetípicas
arquimedeano	arquimedeanos
arquimedeano	arquimedeana
arquimedeano	arquimedeanas
arquimediano	arquimedianos
arquimediano	arquimediana
arquimediano	arquimedianas
arquimédico	arquimédicos
arquimédico	arquimédica
arquimédico	arquimédicas
arquitectural	arquitecturales
arquitectónico	arquitectónicos
arquitectónico	arquitectónica
arquitectónico	arquitectónicas
arquitrabado	
arrabalero	arrabaleros
arrabalero	arrabalera
arrabalero	arrabaleras
arrabillado	arrabillados
arrabillado	arrabillada
arrabillado	arrabilladas
arraigado	arraigados
arraigado	arraigada
arraigado	arraigadas
arrancador	arrancadores
arrancador	arrancadora
arrancador	arrancadoras
arrasado	arrasados
arrasado	arrasada
arrasado	arrasadas
arrasador	arrasadores
arrasador	arrasadora
arrasador	arrasadoras
arrastracuero	arrastracueros
arrastrado	arrastrados
arrastrado	arrastrada
arrastrado	arrastradas
arrastrero	arrastreros
arrastrero	arrastrera
arrastrero	arrastreras
arratonado	arratonados
arratonado	arratonada
arratonado	arratonadas
arrebatador	arrebatadores
arrebatador	arrebatadora
arrebatador	arrebatadoras
arrebañador	arrebañadores
arrebañador	arrebañadora
arrebañador	arrebañadoras
arrecho	arrechos
arrecho	arrecha
arrecho	arrechas
arreglado	arreglados
arreglado	arreglada
arreglado	arregladas
arreglador	arregladores
arreglador	arregladora
arreglador	arregladoras
arrejonado	arrejonados
arrejonado	arrejonada
arrejonado	arrejonadas
arremetedor	arremetedores
arremetedor	arremetedora
arremetedor	arremetedoras
arrendatario	arrendatarios
arrendatario	arrendataria
arrendatario	arrendatarias
arrepentido	arrepentidos
arrepentido	arrepentida
arrepentido	arrepentidas
arrepollado	arrepollados
arrepollado	arrepollada
arrepollado	arrepolladas
arrepticio	arrepticios
arrepticio	arrepticia
arrepticio	arrepticias
arrequejado	arrequejados
arrequejado	arrequejada
arrequejado	arrequejadas
arrequesonado	arrequesonados
arrequesonado	arrequesonada
arrequesonado	arrequesonadas
arrestado	arrestados
arrestado	arrestada
arrestado	arrestadas
arrevesado	arrevesados
arrevesado	arrevesada
arrevesado	arrevesadas
arrevistado	arrevistados
arrevistado	arrevistada
arrevistado	arrevistadas
arriacense	arriacenses
arriesgado	
arrimado	arrimados
arrimado	arrimada
arrimado	arrimadas
arrobadizo	arrobadizos
arrobadizo	arrobadiza
arrobadizo	arrobadizas
arrocero	arroceros
arrocero	arrocera
arrocero	arroceras
arrogador	arrogadores
arrogador	arrogadora
arrogador	arrogadoras
arrogante	arrogantes
arrojadizo	arrojadizos
arrojadizo	arrojadiza
arrojadizo	arrojadizas
arrojador	arrojadores
arrojador	arrojadora
arrojador	arrojadoras
arrollador	arrolladores
arrollador	arrolladora
arrollador	arrolladoras
arromántico	arrománticos
arromántico	arromántica
arromántico	arrománticas
arrostrado	arrostrados
arrostrado	arrostrada
arrostrado	arrostradas
arrufado	arrufados
arrufado	arrufada
arrufado	arrufadas
arrufianado	arrufianados
arrufianado	arrufianada
arrufianado	arrufianadas
arrugable	arrugables
arruinador	arruinadores
arruinador	arruinadora
arruinador	arruinadoras
arrullador	arrulladores
arrullador	arrulladora
arrullador	arrulladoras
arrítmico	arrítmicos
arrítmico	arrítmica
arrítmico	arrítmicas
arterial	arteriales
arteriolar	arteriolares
arteriosclerósico	arteriosclerósicos
arteriosclerósico	arteriosclerósica
arteriosclerósico	arteriosclerósicas
arteriosclerótico	arterioscleróticos
arteriosclerótico	arteriosclerótica
arteriosclerótico	arterioscleróticas
arterioso	arteriosos
arterioso	arteriosa
arterioso	arteriosas
arteriovenoso	arteriovenosos
arteriovenoso	arteriovenosa
arteriovenoso	arteriovenosas
artero	arteros
artero	artera
artero	arteras
artesanal	artesanales
artesano	artesanos
artesano	artesana
artesano	artesanas
artesonado	artesonados
artesonado	artesonada
artesonado	artesonadas
articulador	articuladores
articulador	articuladora
articulador	articuladoras
articular	articulares
artificial	artificiales
artificioso	artificiosos
artificioso	artificiosa
artificioso	artificiosas
artiguense	
artillero	artilleros
artillero	artillera
artillero	artilleras
artiodáctilo	artiodáctilos
artiodáctilo	artiodáctila
artiodáctilo	artiodáctilas
artista	artistas
artocárpeo	artocárpeos
artocárpeo	artocárpea
artocárpeo	artocárpeas
artístico	artísticos
artístico	artística
artístico	artísticas
artúrico	artúricos
artúrico	artúrica
artúrico	artúricas
arubeño	arubeños
arubeño	arubeña
arubeño	arubeñas
arundense	arundenses
arzobispal	arzobispales
arábico	arábicos
arábico	arábica
arábico	arábicas
arábigo	arábigos
arábigo	arábiga
arábigo	arábigas
arácnido	arácnidos
arácnido	arácnida
arácnido	arácnidas
arévaco	arévacos
arévaco	arévaca
arévaco	arévacas
asacador	asacadores
asacador	asacadora
asacador	asacadoras
asadero	asaderos
asadero	asadera
asadero	asaderas
asado	asados
asado	asada
asado	asadas
asaeteador	asaeteadores
asaeteador	asaeteadora
asaeteador	asaeteadoras
asaltador	asaltadores
asaltador	asaltadora
asaltador	asaltadoras
asambleario	asamblearios
asambleario	asamblearia
asambleario	asamblearias
asativo	asativos
asativo	asativa
asativo	asativas
ascendiente	ascendientes
ascensional	ascensionales
ascio	ascios
ascio	ascia
ascio	ascias
asclepiadeo	asclepiadeos
asclepiadeo	asclepiadea
asclepiadeo	asclepiadeas
asclepiadáceo	asclepiadáceos
asclepiadáceo	asclepiadácea
asclepiadáceo	asclepiadáceas
ascomicete	ascomicetes
ascoroso	ascorosos
ascoroso	ascorosa
ascoroso	ascorosas
ascoso	ascosos
ascoso	ascosa
ascoso	ascosas
ascético	ascéticos
ascético	ascética
ascético	ascéticas
aseado	aseados
aseado	aseada
aseado	aseadas
asechador	asechadores
asechador	asechadora
asechador	asechadoras
asediador	asediadores
asediador	asediadora
asediador	asediadoras
asendereado	asendereados
asendereado	asendereada
asendereado	asendereadas
asequible	asequibles
aserpenteado	aserpenteados
aserpenteado	aserpenteada
aserpenteado	aserpenteadas
aserrable	aserrables
aserradizo	aserradizos
aserradizo	aserradiza
aserradizo	aserradizas
aserrado	aserrados
aserrado	aserrada
aserrado	aserradas
asertivo	asertivos
asertivo	asertiva
asertivo	asertivas
asertorio	asertorios
asertorio	asertoria
asertorio	asertorias
asertórico	asertóricos
asertórico	asertórica
asertórico	asertóricas
asesado	asesados
asesado	asesada
asesado	asesadas
asesinito	asesinitos
asesinito	asesinita
asesinito	asesinitas
asesino	asesinos
asesino	asesina
asesino	asesinas
asesor	asesores
asesor	asesora
asesor	asesoras
asexuado	asexuados
asexuado	asexuada
asexuado	asexuadas
asexual	asexuales
ashkenazi	ashkenazis
ashkenazí	ashkenazís
ashkenazí	ashkenazíes
asiduo	asiduos
asiduo	asidua
asiduo	asiduas
asimilable	asimilables
asimplado	asimplados
asimplado	asimplada
asimplado	asimpladas
asimétrico	asimétricos
asimétrico	asimétrica
asimétrico	asimétricas
asinino	asininos
asinino	asinina
asinino	asininas
asintomático	asintomáticos
asintomático	asintomática
asintomático	asintomáticas
asintótico	
asirio	asirios
asirio	asiria
asirio	asirias
asistemático	asistemáticos
asistemático	asistemática
asistemático	asistemáticas
asistencialista	asistencialistas
asistente	asistentes
asistidor	asistidores
asistidor	asistidora
asistidor	asistidoras
asistólico	asistólicos
asistólico	asistólica
asistólico	asistólicas
asiático	asiáticos
asiático	asiática
asiático	asiáticas
askenazi	askenazis
askenazí	askenazís
askenazí	askenazíes
asmadero	asmaderos
asmadero	asmadera
asmadero	asmaderas
asmático	asmáticos
asmático	asmática
asmático	asmáticas
asnal	asnales
asocado	asocados
asocado	asocada
asocado	asocadas
asocial	asociales
asociativo	asociativos
asociativo	asociativa
asociativo	asociativas
asolador	asoladores
asolador	asoladora
asolador	asoladoras
asombradizo	asombradizos
asombradizo	asombradiza
asombradizo	asombradizas
asombrador	asombradores
asombrador	asombradora
asombrador	asombradoras
asombroso	asombrosos
asombroso	asombrosa
asombroso	asombrosas
asonante	asonantes
aspaventero	aspaventeros
aspaventero	aspaventera
aspaventero	aspaventeras
aspaventoso	aspaventosos
aspaventoso	aspaventosa
aspaventoso	aspaventosas
aspergiano	aspergianos
aspergiano	aspergiana
aspergiano	aspergianas
aspierto	aspiertos
aspierto	aspierta
aspierto	aspiertas
aspiracional	aspiracionales
asqueante	asqueantes
asquenazi	asquenazis
asquenazí	asquenazís
asquenazí	asquenazíes
asqueroso	asquerosos
asqueroso	asquerosa
asqueroso	asquerosas
asquiento	asquientos
asquiento	asquienta
asquiento	asquientas
astable	astables
astigitano	astigitanos
astigitano	astigitana
astigitano	astigitanas
astigmático	astigmáticos
astigmático	astigmática
astigmático	astigmáticas
astilloso	astillosos
astilloso	astillosa
astilloso	astillosas
astorgano	astorganos
astorgano	astorgana
astorgano	astorganas
astral	astrales
astrictivo	astrictivos
astrictivo	astrictiva
astrictivo	astrictivas
astringente	astringentes
astrofísico	astrofísicos
astrofísico	astrofísica
astrofísico	astrofísicas
astrográfico	astrográficos
astrográfico	astrográfica
astrográfico	astrográficas
astrológico	astrológicos
astrológico	astrológica
astrológico	astrológicas
astronáutico	astronáuticos
astronáutico	astronáutica
astronáutico	astronáuticas
astronómico	astronómicos
astronómico	astronómica
astronómico	astronómicas
astroso	astrosos
astroso	astrosa
astroso	astrosas
astrífero	astríferos
astrífero	astrífera
astrífero	astríferas
astucioso	astuciosos
astucioso	astuciosa
astucioso	astuciosas
astur	astures
asturiano	asturianos
asturiano	asturiana
asturiano	asturianas
asturicense	asturicenses
asturleonés	asturleoneses
asturleonés	asturleonesa
asturleonés	asturleonesas
astuto	astutos
astuto	astuta
astuto	astutas
astático	astáticos
astático	astática
astático	astáticas
asunceno	asuncenos
asunceno	asuncena
asunceno	asuncenas
asunceño	asunceños
asunceño	asunceña
asunceño	asunceñas
asuntito	asuntitos
asuntito	asuntita
asuntito	asuntitas
asustadizo	asustadizos
asustadizo	asustadiza
asustadizo	asustadizas
asustado	asustados
asustado	asustada
asustado	asustadas
asustado	asustadísimo
asustador	asustadores
asustador	asustadora
asustador	asustadoras
asustadísimo	asustadísimos
asustadísimo	asustadísima
asustadísimo	asustadísimas
asépalo	asépalos
asépalo	asépala
asépalo	asépalas
aséptico	asépticos
aséptico	aséptica
aséptico	asépticas
así	
asónico	asónicos
asónico	asónica
asónico	asónicas
atabacado	
atabanado	atabanados
atabanado	atabanada
atabanado	atabanadas
atacable	atacables
atacameño	atacameños
atacameño	atacameña
atacameño	atacameñas
atado	atados
atado	atada
atado	atadas
atarantado	
atañedero	atañederos
atañedero	atañedera
atañedero	atañederas
atemorizador	atemorizadores
atemorizador	atemorizadora
atemorizador	atemorizadoras
atemorizante	atemorizantes
atemperador	atemperadores
atemperador	atemperadora
atemperador	atemperadoras
atemperante	atemperantes
atenazador	atenazadores
atenazador	atenazadora
atenazador	atenazadoras
atendible	atendibles
ateniense	atenienses
atento	atentos
atento	atenta
atento	atentas
atentísimo	atentísimos
atentísimo	atentísima
atentísimo	atentísimas
atenuado	atenuados
atenuado	atenuada
atenuado	atenuadas
atenuador	atenuadores
atenuador	atenuadora
atenuador	atenuadoras
atenuante	atenuantes
ateo	ateos
ateo	atea
ateo	ateas
aterciopelado	aterciopelados
aterciopelado	aterciopelada
aterciopelado	aterciopeladas
aterido	ateridos
aterido	aterida
aterido	ateridas
aterrador	aterradores
aterrador	aterradora
aterrador	aterradoras
atigrado	atigrados
atigrado	atigrada
atigrado	atigradas
atiplado	atiplados
atiplado	atiplada
atiplado	atipladas
atizador	atizadores
atizador	atizadora
atizador	atizadoras
atlanticense	atlanticenses
atlántico	atlánticos
atlántico	atlántica
atlántico	atlánticas
atlético	atléticos
atlético	atlética
atlético	atléticas
atmosférico	atmosféricos
atmosférico	atmosférica
atmosférico	atmosféricas
atolondrado	atolondrados
atolondrado	atolondrada
atolondrado	atolondradas
atomístico	atomísticos
atomístico	atomística
atomístico	atomísticas
atontado	atontados
atontado	atontada
atontado	atontadas
atontolinado	atontolinados
atontolinado	atontolinada
atontolinado	atontolinadas
atormentador	atormentadores
atormentador	atormentadora
atormentador	atormentadoras
atorrante	atorrantes
atosigador	atosigadores
atosigador	atosigadora
atosigador	atosigadoras
atrabiliario	atrabiliarios
atrabiliario	atrabiliaria
atrabiliario	atrabiliarias
atrabilioso	atrabiliosos
atrabilioso	atrabiliosa
atrabilioso	atrabiliosas
atractivo	atractivos
atractivo	atractiva
atractivo	atractivas
atramentoso	atramentosos
atramentoso	atramentosa
atramentoso	atramentosas
atrasado	atrasados
atrasado	atrasada
atrasado	atrasadas
atrasador	atrasadores
atrasador	atrasadora
atrasador	atrasadoras
atravesado	atravesados
atravesado	atravesada
atravesado	atravesadas
atrayente	atrayentes
atrevido	atrevidos
atrevido	atrevida
atrevido	atrevidas
atreviente	atrevientes
atronado	atronados
atronado	atronada
atronado	atronadas
atronador	atronadores
atronador	atronadora
atronador	atronadoras
atropellador	atropelladores
atropellador	atropelladora
atropellador	atropelladoras
atroz	atroces
atrófico	atróficos
atrófico	atrófica
atrófico	atróficas
aturdidor	aturdidores
aturdidor	aturdidora
aturdidor	aturdidoras
atusador	atusadores
atusador	atusadora
atusador	atusadoras
atávico	atávicos
atávico	atávica
atávico	atávicas
atáxico	atáxicos
atáxico	atáxica
atáxico	atáxicas
atípico	atípicos
atípico	atípica
atípico	atípicas
atómico	atómicos
atómico	atómica
atómico	atómicas
atónico	atónicos
atónico	atónica
atónico	atónicas
atónito	atónitos
atónito	atónita
atónito	atónitas
atóxico	atóxicos
atóxico	atóxica
atóxico	atóxicas
auca	aucas
audacioso	audaciosos
audacioso	audaciosa
audacioso	audaciosas
audaz	audaces
audible	audibles
audino	audinos
audino	audina
audino	audinas
audiovisual	audiovisuales
auditivo	auditivos
auditivo	auditiva
auditivo	auditivas
auditor	auditores
auditor	auditora
auditor	auditoras
auditorio	auditorios
auditorio	auditoria
auditorio	auditorias
audiófilo	audiófilos
audiófilo	audiófila
audiófilo	audiófilas
augurador	auguradores
augurador	auguradora
augurador	auguradoras
augurante	augurantes
augusto	augustos
augusto	augusta
augusto	augustas
aulagueño	
aullador	aulladores
aullador	aulladora
aullador	aulladoras
aullante	aullantes
aumentable	aumentables
aumentador	aumentadores
aumentador	aumentadora
aumentador	aumentadoras
aumentativo	aumentativos
aumentativo	aumentativa
aumentativo	aumentativas
aunador	aunadores
aunador	aunadora
aunador	aunadoras
aurancio	aurancios
aurancio	aurancia
aurancio	aurancias
aurgitano	aurgitanos
aurgitano	aurgitana
aurgitano	aurgitanas
auricular	auriculares
auriculiforme	auriculiformes
auriense	aurienses
aurífero	auríferos
aurífero	aurífera
aurífero	auríferas
aurífico	auríficos
aurífico	aurífica
aurífico	auríficas
aurífluo	
aurígero	aurígeros
aurígero	aurígera
aurígero	aurígeras
aurívoro	aurívoros
aurívoro	aurívora
aurívoro	aurívoras
ausente	ausentes
ausetano	ausetanos
ausetano	ausetana
ausetano	ausetanas
ausonense	ausonenses
auspicioso	auspiciosos
auspicioso	auspiciosa
auspicioso	auspiciosas
austero	austeros
austero	austera
austero	austeras
austral	
australiano	australianos
australiano	australiana
australiano	australianas
austriaco	austriacos
austriaco	austriaca
austriaco	austriacas
austrohúngaro	austrohúngaros
austrohúngaro	austrohúngara
austrohúngaro	austrohúngaras
austríaco	austríacos
austríaco	austríaca
austríaco	austríacas
autenticador	autenticadores
autenticador	autenticadora
autenticador	autenticadoras
autista	autistas
autoajustable	autoajustables
autoantónimo	autoantónimos
autoantónimo	autoantónima
autoantónimo	autoantónimas
autobiográfico	autobiográficos
autobiográfico	autobiográfica
autobiográfico	autobiográficas
autocebante	autocebantes
autocomplaciente	autocomplacientes
autocrítico	autocríticos
autocrítico	autocrítica
autocrítico	autocríticas
autodestructivo	autodestructivos
autodestructivo	autodestructiva
autodestructivo	autodestructivas
autodestructor	autodestructores
autodestructor	autodestructora
autodestructor	autodestructoras
autodidacta	autodidactas
autoflagelante	autoflagelantes
autoglotónimo	autoglotónimos
autoglotónimo	autoglotónima
autoglotónimo	autoglotónimas
autoinmune	autoinmunes
autolimpiante	autolimpiantes
automotor	automotores
automotor	automotora
automotor	automotriz
automotor	automotoras
automotor	automotrices
automovilístico	automovilísticos
automovilístico	automovilística
automovilístico	automovilísticas
automático	automáticos
automático	automática
automático	automáticas
autonómico	autonómicos
autonómico	autonómica
autonómico	autonómicas
autopartista	autopartistas
autoperforante	autoperforantes
autopoiético	autopoiéticos
autopoiético	autopoiética
autopoiético	autopoiéticas
autoproclamado	autoproclamados
autoproclamado	autoproclamada
autoproclamado	autoproclamadas
autopropulsado	autopropulsados
autopropulsado	autopropulsada
autopropulsado	autopropulsadas
autoritario	autoritarios
autoritario	autoritaria
autoritario	autoritarias
autoritativo	autoritativos
autoritativo	autoritativa
autoritativo	autoritativas
autorizador	autorizadores
autorizador	autorizadora
autorizador	autorizadoras
autorizante	autorizantes
autorreferencial	autorreferenciales
autorregulador	autorreguladores
autorregulador	autorreguladora
autorregulador	autorreguladoras
autosuficiente	autosuficientes
autotransformador	autotransformadores
autotransformador	autotransformadora
autotransformador	autotransformadoras
autotrófico	autotróficos
autotrófico	autotrófica
autotrófico	autotróficas
autumnal	autumnales
autárquico	autárquicos
autárquico	autárquica
autárquico	autárquicas
auténtico	auténticos
auténtico	auténtica
auténtico	auténticas
autístico	autísticos
autístico	autística
autístico	autísticas
autóctono	autóctonos
autóctono	autóctona
autóctono	autóctonas
autógeno	autógenos
autógeno	autógena
autógeno	autógenas
autógrafo	autógrafos
autógrafo	autógrafa
autógrafo	autógrafas
autólogo	autólogos
autólogo	autóloga
autólogo	autólogas
autónimo	autónimos
autónimo	autónima
autónimo	autónimas
autónomo	autónomos
autónomo	autónoma
autónomo	autónomas
autópsido	autópsidos
autópsido	autópsida
autópsido	autópsidas
autótrofo	autótrofos
autótrofo	autótrofa
autótrofo	autótrofas
auxenato	auxenatos
auxenato	auxenata
auxenato	auxenatas
auxenorinco	auxenorincos
auxenorinco	auxenorinca
auxenorinco	auxenorincas
auxenóptero	auxenópteros
auxenóptero	auxenóptera
auxenóptero	auxenópteras
auxiliante	auxiliantes
auxiliar	auxiliares
auxiliativo	auxiliativos
auxiliativo	auxiliativa
auxiliativo	auxiliativas
auxiliatorio	auxiliatorios
auxiliatorio	auxiliatoria
auxiliatorio	auxiliatorias
auxométrico	auxométricos
auxométrico	auxométrica
auxométrico	auxométricas
avacado	avacados
avacado	avacada
avacado	avacadas
avalador	avaladores
avalador	avaladora
avalador	avaladoras
avandicho	avandichos
avandicho	avandicha
avandicho	avandichas
avant-garde	
avanzado	avanzados
avanzado	avanzada
avanzado	avanzadas
avaricioso	avariciosos
avaricioso	avariciosa
avaricioso	avariciosas
avariento	avarientos
avariento	avarienta
avariento	avarientas
avaro	avaros
avaro	avara
avaro	avaras
avasallador	avasalladores
avasallador	avasalladora
avasallador	avasalladoras
avasallante	avasallantes
avellanedense	
aventador	aventadores
aventador	aventadora
aventador	aventadoras
aventajado	aventajados
aventajado	aventajada
aventajado	aventajadas
aventurado	aventurados
aventurado	aventurada
aventurado	aventuradas
aventurero	aventureros
aventurero	aventurera
aventurero	aventureras
avergonzado	avergonzados
avergonzado	avergonzada
avergonzado	avergonzadas
averiguador	averiguadores
averiguador	averiguadora
averiguador	averiguadoras
avetado	avetados
avetado	avetada
avetado	avetadas
avezado	avezados
avezado	avezada
avezado	avezadas
aviar	aviares
aviario	aviarios
aviario	aviaria
aviario	aviarias
avidísimo	avidísimos
avidísimo	avidísima
avidísimo	avidísimas
avieso	aviesos
avieso	aviesa
avieso	aviesas
avifáunico	avifáunicos
avifáunico	avifáunica
avifáunico	avifáunicas
avilesino	avilesinos
avilesino	avilesina
avilesino	avilesinas
avileño	avileños
avileño	avileña
avileño	avileñas
avilés	avileses
avilés	avilesa
avilés	avilesas
avisador	avisadores
avisador	avisadora
avisador	avisadoras
avispado	avispados
avispado	avispada
avispado	avispadas
avispadísimo	avispadísimos
avispadísimo	avispadísima
avispadísimo	avispadísimas
avizor	avizores
avizor	avizora
avizor	avizoras
avizorador	avizoradores
avizorador	avizoradora
avizorador	avizoradoras
avión	
avéstico	avésticos
avéstico	avéstica
avéstico	avésticas
avícola	avícolas
axilar	axilares
axiológico	axiológicos
axiológico	axiológica
axiológico	axiológicas
axiomático	axiomáticos
axiomático	axiomática
axiomático	axiomáticas
axisimétrico	axisimétricos
axisimétrico	axisimétrica
axisimétrico	axisimétricas
axónico	axónicos
axónico	axónica
axónico	axónicas
ayacuchano	ayacuchanos
ayacuchano	ayacuchana
ayacuchano	ayacuchanas
ayacuchense	ayacuchenses
ayamontino	ayamontinos
ayamontino	ayamontina
ayamontino	ayamontinas
aymara	aymaras
ayudador	ayudadores
ayudador	ayudadora
ayudador	ayudadoras
ayudante	ayudantes
ayunador	ayunadores
ayunador	ayunadora
ayunador	ayunadoras
ayuno	ayunos
ayuno	ayuna
ayuno	ayunas
ayuntador	ayuntadores
ayuntador	ayuntadora
ayuntador	ayuntadoras
azabachado	azabachados
azabachado	azabachada
azabachado	azabachadas
azabache	azabaches
azafranado	azafranados
azafranado	azafranada
azafranado	azafranadas
azaroso	azarosos
azaroso	azarosa
azaroso	azarosas
azerbaijano	azerbaijanos
azerbaijano	azerbaijana
azerbaijano	azerbaijanas
azerbaiyano	azerbaiyanos
azerbaiyano	azerbaiyana
azerbaiyano	azerbaiyanas
azerbayano	
azerí	azerís
azerí	azeríes
azimutal	azimutales
azorado	azorados
azorado	azorada
azorado	azoradas
azotable	azotables
azotador	azotadores
azotador	azotadora
azotador	azotadoras
azteca	aztecas
azuayo	azuayos
azuayo	azuaya
azuayo	azuayas
azucarado	azucarados
azucarado	azucarada
azucarado	azucaradas
azucarero	azucareros
azucarero	azucarera
azucarero	azucareras
azudense	azudenses
azul	azules
azulado	azulados
azulado	azulada
azulado	azuladas
azulejo	azulejos
azulejo	azuleja
azulejo	azulejas
azuleño	
azulino	azulinos
azulino	azulina
azulino	azulinas
azulito	azulitos
azulito	azulita
azulito	azulitas
azuláceo	azuláceos
azuláceo	azulácea
azuláceo	azuláceas
azur	azures
azuzador	azuzadores
azuzador	azuzadora
azuzador	azuzadoras
aéreo	aéreos
aéreo	aérea
aéreo	aéreas
añal	añales
añejo	añejos
añejo	añeja
añejo	añejas
añero	añeros
añero	añera
añero	añeras
añil	añiles
añino	añinos
añino	añina
añino	añinas
añoso	añosos
añoso	añosa
añoso	añosas
añudador	añudadores
añudador	añudadora
añudador	añudadoras
aórtico	aórticos
aórtico	aórtica
aórtico	aórticas
baalita	baalitas
babazorro	babazorros
babazorro	babazorra
babazorro	babazorras
babeante	babeantes
babilonia	
babilonio	babilonios
babilonio	babilonia
babilonio	babilonias
babilónico	babilónicos
babilónico	babilónica
babilónico	babilónicas
baboso	babosos
baboso	babosa
baboso	babosas
baboso	babosísimo
babosísimo	babosísimos
babosísimo	babosísima
babosísimo	babosísimas
babélico	babélicos
babélico	babélica
babélico	babélicas
bacante	bacantes
bacareño	
bacilar	bacilares
bacterial	bacteriales
bacteriano	bacterianos
bacteriano	bacteriana
bacteriano	bacterianas
bactericida	bactericidas
bacteriológico	bacteriológicos
bacteriológico	bacteriológica
bacteriológico	bacteriológicas
bacteriostático	bacteriostáticos
bacteriostático	bacteriostática
bacteriostático	bacteriostáticas
baculario	bacularios
baculario	bacularia
baculario	bacularias
bacán	bacanes
bacán	bacana
bacán	bacanas
badajocense	badajocenses
badajoceño	badajoceños
badajoceño	badajoceña
badajoceño	badajoceñas
bagdadí	bagdadís
bagdadí	bagdadíes
bagual	baguales
bagual	baguala
bagual	bagualas
bahameño	bahameños
bahameño	bahameña
bahameño	bahameñas
bahamés	bahameses
bahamés	bahamesa
bahamés	bahamesas
bahiano	bahianos
bahiano	bahiana
bahiano	bahianas
bahiense	
bahreiní	bahreinís
bahreiní	bahreiníes
bailable	bailables
bailador	bailadores
bailador	bailadora
bailador	bailadoras
bailantero	bailanteros
bailantero	bailantera
bailantero	bailanteras
bailarín	bailarines
bailarín	bailarina
bailarín	bailarinas
baitero	baiteros
baitero	baitera
baitero	baiteras
bajacaliforniano	bajacalifornianos
bajacaliforniano	bajacaliforniana
bajacaliforniano	bajacalifornianas
bajista	bajistas
bajo	bajos
bajo	baja
bajo	bajas
bajo	inferior
bajo	ínfimo
bajo	bajísimo
bajío	bajíos
bajío	bajía
bajío	bajías
bajísimo	bajísimos
bajísimo	bajísima
bajísimo	bajísimas
bakuense	bakuenses
balador	baladores
balador	baladora
balador	baladoras
baladí	baladís
baladí	baladíes
balancanense	balancanenses
balanceador	balanceadores
balanceador	balanceadora
balanceador	balanceadoras
balanegrense	
balcarceño	
baldonador	baldonadores
baldonador	baldonadora
baldonador	baldonadoras
baldío	baldíos
baldío	baldía
baldío	baldías
baleador	baleadores
baleador	baleadora
baleador	baleadoras
balear	baleares
balermero	
baleárico	baleáricos
baleárico	baleárica
baleárico	baleáricas
ballenero	balleneros
ballenero	ballenera
ballenero	balleneras
ballivianense	ballivianenses
balmacedista	balmacedistas
balneario	balnearios
balneario	balnearia
balneario	balnearias
balompédico	balompédicos
balompédico	balompédica
balompédico	balompédicas
baloncestista	baloncestistas
baloncestístico	baloncestísticos
baloncestístico	baloncestística
baloncestístico	baloncestísticas
balso	balsos
balso	balsa
balso	balsas
balsámico	balsámicos
balsámico	balsámica
balsámico	balsámicas
balurdo	balurdos
balurdo	balurda
balurdo	balurdas
balístico	balísticos
balístico	balística
balístico	balísticas
bambuquero	bambuqueros
bambuquero	bambuquera
bambuquero	bambuqueras
banal	banales
banana	bananas
bananero	bananeros
bananero	bananera
bananero	bananeras
bancario	bancarios
bancario	bancaria
bancario	bancarias
bandarense	bandarenses
bandeado	bandeados
bandeado	bandeada
bandeado	bandeadas
banderizo	banderizos
banderizo	banderiza
banderizo	banderizas
bangladeshí	bangladeshís
bangladeshí	bangladeshíes
bangladesí	bangladesís
bangladesí	bangladesíes
banqueño	banqueños
banqueño	banqueña
banqueño	banqueñas
bantú	bantús
bantú	bantúes
baqueano	baqueanos
baqueano	baqueana
baqueano	baqueanas
baqueteado	baqueteados
baqueteado	baqueteada
baqueteado	baqueteadas
baquetón	baquetones
baquetón	baquetona
baquetón	baquetonas
baratero	barateros
baratero	baratera
baratero	barateras
barato	baratos
barato	barata
barato	baratas
barato	baratísimo
baratísimo	baratísimos
baratísimo	baratísima
baratísimo	baratísimas
barbadense	barbadenses
barbado	barbados
barbado	barbada
barbado	barbadas
barbasqueado	barbasqueados
barbasqueado	barbasqueada
barbasqueado	barbasqueadas
barbastrense	barbastrenses
barbastrino	barbastrinos
barbastrino	barbastrina
barbastrino	barbastrinas
barbero	barberos
barbero	barbera
barbero	barberas
barbicano	barbicanos
barbicano	barbicana
barbicano	barbicanas
barbipungente	barbipungentes
barbirrubio	barbirrubios
barbirrubio	barbirrubia
barbirrubio	barbirrubias
barbirrucio	barbirrucios
barbirrucio	barbirrucia
barbirrucio	barbirrucias
barbitaheño	barbitaheños
barbitaheño	barbitaheña
barbitaheño	barbitaheñas
barbudo	barbudos
barbudo	barbuda
barbudo	barbudas
barbullón	barbullones
barbullón	barbullona
barbullón	barbullonas
barbárico	barbáricos
barbárico	barbárica
barbárico	barbáricas
barcelonés	barceloneses
barcelonés	barcelonesa
barcelonés	barcelonesas
barcense	barcenses
barcino	barcinos
barcino	barcina
barcino	barcinas
barco	barcos
barilochense	
barinés	barineses
barinés	barinesa
barinés	barinesas
bariónico	bariónicos
bariónico	bariónica
bariónico	bariónicas
barloventeño	barloventeños
barloventeño	barloventeña
barloventeño	barloventeñas
barométrico	barométricos
barométrico	barométrica
barométrico	barométricas
barquense	barquenses
barqueño	barqueños
barqueño	barqueña
barqueño	barqueñas
barquisimetano	barquisimetanos
barquisimetano	barquisimetana
barquisimetano	barquisimetanas
barrado	barrados
barrado	barrada
barrado	barradas
barramejo	barramejos
barramejo	barrameja
barramejo	barramejas
barrancoso	barrancosos
barrancoso	barrancosa
barrancoso	barrancosas
barrani	barranis
barranquillero	barranquilleros
barranquillero	barranquillera
barranquillero	barranquilleras
barranquista	barranquistas
barredor	barredores
barredor	barredora
barredor	barredoras
barrigudo	barrigudos
barrigudo	barriguda
barrigudo	barrigudas
barrigón	barrigones
barrigón	barrigona
barrigón	barrigonas
barrioso	barriosos
barrioso	barriosa
barrioso	barriosas
barriotero	barrioteros
barriotero	barriotera
barriotero	barrioteras
barroco	
barroso	barrosos
barroso	barrosa
barroso	barrosas
barruntador	barruntadores
barruntador	barruntadora
barruntador	barruntadoras
barí	
barítono	barítonos
barítono	barítona
barítono	barítonas
basal	
bascoso	bascosos
bascoso	bascosa
bascoso	bascosas
bashkir	bashkires
basial	basiales
basifijo	basifijos
basifijo	basifija
basifijo	basifijas
basilado	basilados
basilado	basilada
basilado	basiladas
basilar	basilares
basiliense	basilienses
basilio	basilios
basilio	basilia
basilio	basilias
baskir	baskires
baso	basos
baso	basa
baso	basas
basoto	
basquetbolístico	basquetbolísticos
basquetbolístico	basquetbolística
basquetbolístico	basquetbolísticas
bastante	bastantes
bastanteado	bastanteados
bastanteado	bastanteada
bastanteado	bastanteadas
bastantísimo	bastantísimos
bastantísimo	bastantísima
bastantísimo	bastantísimas
bastardilla	
bastardillo	bastardillos
bastardillo	bastardilla
bastardillo	bastardillas
bastardo	bastardos
bastardo	bastarda
bastardo	bastardas
basto	bastos
basto	basta
basto	bastas
basuriento	basurientos
basuriento	basurienta
basuriento	basurientas
basípeto	basípetos
basípeto	basípeta
basípeto	basípetas
bata	batas
batanado	batanados
batanado	batanada
batanado	batanadas
bateador	bateadores
bateador	bateadora
bateador	bateadoras
batiente	batientes
batllista	batllistas
batueco	batuecos
batueco	batueca
batueco	batuecas
bautismal	bautismales
bautista	bautistas
bauzador	bauzadores
bauzador	bauzadora
bauzador	bauzadoras
baviense	bavienses
bayamés	bayameses
bayamés	bayamesa
bayamés	bayamesas
bayarquero	
bayarquino	
bayo	bayos
bayo	baya
bayo	bayas
bazo	bazos
bazo	baza
bazo	bazas
bañador	bañadores
bañador	bañadora
bañador	bañadoras
bañezano	bañezanos
bañezano	bañezana
bañezano	bañezanas
beamontés	beamonteses
beamontés	beamontesa
beamontés	beamontesas
beato	beatos
beato	beata
beato	beatas
beatífico	beatíficos
beatífico	beatífica
beatífico	beatíficas
beatón	beatones
beatón	beatona
beatón	beatonas
bebedizo	bebedizos
bebedizo	bebediza
bebedizo	bebedizas
bebedor	bebedores
bebedor	bebedora
bebedor	bebedoras
bebé	bebés
beduino	beduinos
beduino	beduina
beduino	beduinas
befo	befos
befo	befa
befo	befas
beich	
beige	
beirenco	
beirense	beirenses
beirutí	beirutís
beirutí	beirutíes
beis	
beisbolero	beisboleros
beisbolero	beisbolera
beisbolero	beisboleras
bel	belos
bel	bela
bel	belas
belga	belgas
belgradense	belgradenses
beliceño	beliceños
beliceño	beliceña
beliceño	beliceñas
belicista	belicistas
belicoso	belicosos
belicoso	belicosa
belicoso	belicosas
beligerante	beligerantes
belinún	belinunes
belinún	belinuna
belinún	belinunas
bellaco	bellacos
bellaco	bellaca
bellaco	bellacas
bellissimo	bellissimos
bellissimo	bellissima
bellissimo	bellissimas
bello	bellos
bello	bella
bello	bellas
bello	bellísimo
bellorio	bellorios
bellorio	belloria
bellorio	bellorias
bellísimo	bellísimos
bellísimo	bellísima
bellísimo	bellísimas
bemba	bembas
bembo	bembos
bembo	bemba
bembo	bembas
bemol	bemoles
benaducense	
bencinero	bencineros
bencinero	bencinera
bencinero	bencineras
benedictino	benedictinos
benedictino	benedictina
benedictino	benedictinas
benefactor	benefactores
benefactor	benefactora
benefactor	benefactoras
beneficentísimo	beneficentísimos
beneficentísimo	beneficentísima
beneficentísimo	beneficentísimas
beneficiador	beneficiadores
beneficiador	beneficiadora
beneficiador	beneficiadoras
beneficiario	beneficiarios
beneficiario	beneficiaria
beneficiario	beneficiarias
beneficioso	beneficiosos
beneficioso	beneficiosa
beneficioso	beneficiosas
benemérito	beneméritos
benemérito	benemérita
benemérito	beneméritas
benevolentísimo	benevolentísimos
benevolentísimo	benevolentísima
benevolentísimo	benevolentísimas
benezurrino	
bengalí	bengalís
bengalí	bengalíes
benigno	benignos
benigno	benigna
benigno	benignas
benigno	benignísimo
beninero	
beninés	benineses
beninés	beninesa
beninés	beninesas
benizalonense	
bentariqueño	
bentónico	bentónicos
bentónico	bentónica
bentónico	bentónicas
benéfico	benéficos
benéfico	benéfica
benéfico	benéficas
benéfico	beneficentísimo
benévolo	benévolos
benévolo	benévola
benévolo	benévolas
benévolo	benevolentísimo
benévolo	benevolísimo
beocio	beocios
beocio	beocia
beocio	beocias
beodo	beodos
beodo	beoda
beodo	beodas
berazateguense	berazateguenses
berberisco	berberiscos
berberisco	berberisca
berberisco	berberiscas
bereber	bereberes
bergogliano	bergoglianos
bergogliano	bergogliana
bergogliano	bergoglianas
beritense	beritenses
berlinés	berlineses
berlinés	berlinesa
berlinés	berlinesas
bermejo	bermejos
bermejo	bermeja
bermejo	bermejas
bermudeño	bermudeños
bermudeño	bermudeña
bermudeño	bermudeñas
bernés	berneses
bernés	bernesa
bernés	bernesas
berraco	berracos
berraco	berraca
berraco	berracas
berreta	
berrinchudo	berrinchudos
berrinchudo	berrinchuda
berrinchudo	berrinchudas
beréber	beréberes
berón	berones
berón	berona
berón	beronas
besador	besadores
besador	besadora
besador	besadoras
bestial	bestiales
besucón	besucones
besucón	besucona
besucón	besuconas
besuquero	besuqueros
besuquero	besuquera
besuquero	besuqueras
betabloqueante	
betlehemita	betlehemitas
betlehemítico	betlehemíticos
betlehemítico	betlehemítica
betlehemítico	betlehemíticas
betlemita	betlemitas
betlemítico	betlemíticos
betlemítico	betlemítica
betlemítico	betlemíticas
bianual	bianuales
bibliográfico	bibliográficos
bibliográfico	bibliográfica
bibliográfico	bibliográficas
bibliomántico	bibliománticos
bibliomántico	bibliomántica
bibliomántico	bibliománticas
bibliotecológico	bibliotecológicos
bibliotecológico	bibliotecológica
bibliotecológico	bibliotecológicas
bibliófilo	bibliófilos
bibliófilo	bibliófila
bibliófilo	bibliófilas
bibliómano	bibliómanos
bibliómano	bibliómana
bibliómano	bibliómanas
bicameral	bicamerales
bicampeón	bicampeones
bicampeón	bicampeona
bicampeón	bicampeonas
bicarpelar	bicarpelares
bicho	bichos
bicho	bicha
bicho	bichas
bichote	bichotes
bichote	bichota
bichote	bichotas
bicicletero	bicicleteros
bicicletero	bicicletera
bicicletero	bicicleteras
biconvexo	biconvexos
biconvexo	biconvexa
biconvexo	biconvexas
bicéfalo	bicéfalos
bicéfalo	bicéfala
bicéfalo	bicéfalas
bicóncavo	bicóncavos
bicóncavo	bicóncava
bicóncavo	bicóncavas
bidentado	bidentados
bidentado	bidentada
bidentado	bidentadas
bidente	bidentes
bidetero	bideteros
bidetero	bidetera
bidetero	bideteras
bidireccional	bidireccionales
bielorruso	bielorrusos
bielorruso	bielorrusa
bielorruso	bielorrusas
biempensante	biempensantes
biempotrado	biempotrados
biempotrado	biempotrada
biempotrado	biempotradas
bienal	bienales
bienechor	bienechores
bienechor	bienechora
bienechor	bienechoras
bienhablado	bienhablados
bienhablado	bienhablada
bienhablado	bienhabladas
bienhechor	bienhechores
bienhechor	bienhechora
bienhechor	bienhechoras
bienintencionado	bienintencionados
bienintencionado	bienintencionada
bienintencionado	bienintencionadas
bienquisto	bienquistos
bienquisto	bienquista
bienquisto	bienquistas
bienvenido	bienvenidos
bienvenido	bienvenida
bienvenido	bienvenidas
bienviviente	bienvivientes
biespigado	biespigados
biespigado	biespigada
biespigado	biespigadas
biestable	biestables
bifacial	bifaciales
bifaz	bifaces
biferruginoso	biferruginosos
biferruginoso	biferruginosa
biferruginoso	biferruginosas
biflor	biflores
biflor	biflora
biflor	bifloras
bifloral	biflorales
bifocal	bifocales
bifoliado	bifoliados
bifoliado	bifoliada
bifoliado	bifoliadas
bifoliatado	bifoliatados
bifoliatado	bifoliatada
bifoliatado	bifoliatadas
biforado	biforados
biforado	biforada
biforado	biforadas
biforme	biformes
bifronte	bifrontes
bifásico	bifásicos
bifásico	bifásica
bifásico	bifásicas
biférrico	biférricos
biférrico	biférrica
biférrico	biférricas
bigardo	bigardos
bigardo	bigarda
bigardo	bigardas
bignoniácea	bignoniáceas
bigotudo	bigotudos
bigotudo	bigotuda
bigotudo	bigotudas
bilabial	bilabiales
bilardista	bilardistas
bilateral	bilaterales
bilbaíno	bilbaínos
bilbaíno	bilbaína
bilbaíno	bilbaínas
bilbilitano	bilbilitanos
bilbilitano	bilbilitana
bilbilitano	bilbilitanas
biliar	biliares
biliario	biliarios
biliario	biliaria
biliario	biliarias
bilingüe	bilingües
billonario	billonarios
billonario	billonaria
billonario	billonarias
billonésimo	billonésimos
billonésimo	billonésima
billonésimo	billonésimas
bilítero	bilíteros
bilítero	bilítera
bilítero	bilíteras
bimensual	bimensuales
bimestral	bimestrales
bimetal	
bimodal	bimodales
bimonetario	bimonetarios
bimonetario	bimonetaria
bimonetario	bimonetarias
binario	binarios
binario	binaria
binario	binarias
binocular	binoculares
biográfico	biográficos
biográfico	biográfica
biográfico	biográficas
biologicista	biologicistas
bioluminiscente	bioluminiscentes
biológico	biológicos
biológico	biológica
biológico	biológicas
biomecánico	biomecánicos
biomecánico	biomecánica
biomecánico	biomecánicas
biométrico	biométricos
biométrico	biométrica
biométrico	biométricas
biotipológico	biotipológicos
biotipológico	biotipológica
biotipológico	biotipológicas
bioético	bioéticos
bioético	bioética
bioético	bioéticas
biparietal	biparietales
bipartidista	bipartidistas
bipartito	bipartitos
bipartito	bipartita
bipartito	bipartitas
bipectinado	bipectinados
bipectinado	bipectinada
bipectinado	bipectinadas
bipolar	bipolares
biquinario	biquinarios
biquinario	biquinaria
biquinario	biquinarias
birlador	birladores
birlador	birladora
birlador	birladoras
birmano	birmanos
birmano	birmana
birmano	birmanas
biro	biros
biro	bira
biro	biras
birrectangular	
birriondo	birriondos
birriondo	birrionda
birriondo	birriondas
bisabuelito	bisabuelitos
bisabuelito	bisabuelita
bisabuelito	bisabuelitas
bisalta	
bisector	bisectores
bisector	bisectriz
bisector	bisectrices
bisemanal	bisemanales
bisextil	
bisexual	bisexuales
bisiesto	bisiestos
bisiesto	bisiesta
bisiesto	bisiestas
bisilábico	bisilábicos
bisilábico	bisilábica
bisilábico	bisilábicas
bisojo	bisojos
bisojo	bisoja
bisojo	bisojas
bisoño	bisoños
bisoño	bisoña
bisoño	bisoñas
bisunto	bisuntos
bisunto	bisunta
bisunto	bisuntas
bisílabo	bisílabos
bisílabo	bisílaba
bisílabo	bisílabas
bitonal	bitonales
bituminoso	bituminosos
bituminoso	bituminosa
bituminoso	bituminosas
bivalvo	bivalvos
bivalvo	bivalva
bivalvo	bivalvas
bizantino	bizantinos
bizantino	bizantina
bizantino	bizantinas
bizarro	bizarros
bizarro	bizarra
bizarro	bizarras
bizco	bizcos
bizco	bizca
bizco	bizcas
bizcocho	bizcochos
biznietito	biznietitos
biznietito	biznietita
biznietito	biznietitas
biónico	biónicos
biónico	biónica
biónico	biónicas
biótico	bióticos
biótico	biótica
biótico	bióticas
blanco	blancos
blanco	blanca
blanco	blancas
blancuzco	blancuzcos
blancuzco	blancuzca
blancuzco	blancuzcas
blandeador	blandeadores
blandeador	blandeadora
blandeador	blandeadoras
blandengue	blandengues
blando	blandos
blando	blanda
blando	blandas
blanducho	blanduchos
blanducho	blanducha
blanducho	blanduchas
blanduzco	blanduzcos
blanduzco	blanduzca
blanduzco	blanduzcas
blanquecino	blanquecinos
blanquecino	blanquecina
blanquecino	blanquecinas
blanquillo	blanquillos
blanquillo	blanquilla
blanquillo	blanquillas
blao	
blasfemo	blasfemos
blasfemo	blasfema
blasfemo	blasfemas
blondo	blondos
blondo	blonda
blondo	blondas
bloqueante	bloqueantes
bloquista	bloquistas
blusero	bluseros
blusero	blusera
blusero	bluseras
bobalicón	bobalicones
bobalicón	bobalicona
bobalicón	bobaliconas
bobo	bobos
bobo	boba
bobo	bobas
bobón	bobones
bobón	bobona
bobón	bobonas
bocal	bocales
bocatoreño	bocatoreños
bocatoreño	bocatoreña
bocatoreño	bocatoreñas
bochinchero	bochincheros
bochinchero	bochinchera
bochinchero	bochincheras
bochornoso	bochornosos
bochornoso	bochornosa
bochornoso	bochornosas
bocudo	bocudos
bocudo	bocuda
bocudo	bocudas
bogotano	bogotanos
bogotano	bogotana
bogotano	bogotanas
bohemio	bohemios
bohemio	bohemia
bohemio	bohemias
bohemo	bohemos
bohemo	bohema
bohemo	bohemas
bolar	
bolche	bolches
bolchevique	bolcheviques
boleta	boletas
boliguayo	boliguayos
boliguayo	boliguaya
boliguayo	boliguayas
bolillero	
bolivarense	bolivarenses
bolivariano	bolivarianos
bolivariano	bolivariana
bolivariano	bolivarianas
boliviano	bolivianos
boliviano	boliviana
boliviano	bolivianas
bollullero	bollulleros
bollullero	bollullera
bollullero	bollulleras
bolo	bolos
bolo	bola
bolo	bolas
bolsonense	bolsonenses
boludazo	boludazos
boludazo	boludaza
boludazo	boludazas
boludo	boludos
boludo	boluda
boludo	boludas
boludón	boludones
boludón	boludona
boludón	boludonas
bombo	
bonachón	bonachones
bonachón	bonachona
bonachón	bonachonas
bonaerense	bonaerenses
bonancible	bonancibles
bondadoso	bondadosos
bondadoso	bondadosa
bondadoso	bondadosas
bondadoso	bondadosísimo
bondadosísimo	bondadosísimos
bondadosísimo	bondadosísima
bondadosísimo	bondadosísimas
bonito	bonitos
bonito	bonita
bonito	bonitas
bonito	bonitísimo
bonitísimo	bonitísimos
bonitísimo	bonitísima
bonitísimo	bonitísimas
boquense	boquenses
boquiabierto	boquiabiertos
boquiabierto	boquiabierta
boquiabierto	boquiabiertas
boquiconejuno	boquiconejunos
boquiconejuno	boquiconejuna
boquiconejuno	boquiconejunas
boquirrubio	boquirrubios
boquirrubio	boquirrubia
boquirrubio	boquirrubias
boquisucio	boquisucios
boquisucio	boquisucia
boquisucio	boquisucias
borbonista	borbonistas
borbónico	borbónicos
borbónico	borbónica
borbónico	borbónicas
bordado	bordados
bordado	bordada
bordado	bordadas
bordador	bordadores
bordador	bordadora
bordador	bordadoras
borde	bordes
bordelés	bordeleses
bordelés	bordelesa
bordelés	bordelesas
bordido	bordidos
bordido	bordida
bordido	bordidas
bordonado	bordonados
bordonado	bordonada
bordonado	bordonadas
bordoneado	bordoneados
bordoneado	bordoneada
bordoneado	bordoneadas
bordoneante	bordoneantes
bordonero	bordoneros
bordonero	bordonera
bordonero	bordoneras
boreal	boreales
borgiano	borgianos
borgiano	borgiana
borgiano	borgianas
boricua	boricuas
borincano	borincanos
borincano	borincana
borincano	borincanas
borinqueño	borinqueños
borinqueño	borinqueña
borinqueño	borinqueñas
borne	
borracho	borrachos
borracho	borracha
borracho	borrachas
borracho	borrachísimo
borrachísimo	borrachísimos
borrachísimo	borrachísima
borrachísimo	borrachísimas
borrador	borradores
borrador	borradora
borrador	borradoras
borrapobres	
borrascoso	borrascosos
borrascoso	borrascosa
borrascoso	borrascosas
borrasquero	borrasqueros
borrasquero	borrasquera
borrasquero	borrasqueras
borravino	borravinos
borreguero	borregueros
borreguero	borreguera
borreguero	borregueras
borreguil	borreguiles
borrica	borricas
borroneado	borroneados
borroneado	borroneada
borroneado	borroneadas
borroso	borrosos
borroso	borrosa
borroso	borrosas
borundés	borundeses
borundés	borundesa
borundés	borundesas
boscoso	boscosos
boscoso	boscosa
boscoso	boscosas
boscosísimo	boscosísimos
boscosísimo	boscosísima
boscosísimo	boscosísimas
bosniaco	bosniacos
bosniaco	bosniaca
bosniaco	bosniacas
bosnio	bosnios
bosnio	bosnia
bosnio	bosnias
bosnio-herzegovino	bosnios-herzegovinos
bosnio-herzegovino	bosnia-herzegovina
bosnio-herzegovino	bosnias-herzegovinas
bosníaco	bosníacos
bosníaco	bosníaca
bosníaco	bosníacas
bosqueril	bosqueriles
bosquimano	bosquimanos
bosquimano	bosquimana
bosquimano	bosquimanas
bosquimán	bosquimanes
bosquimán	bosquimana
bosquimán	bosquimanas
bostezador	bostezadores
bostezador	bostezadora
bostezador	bostezadoras
bostezante	bostezantes
bostoniano	bostonianos
bostoniano	bostoniana
bostoniano	bostonianas
botero	boteros
botero	botera
botero	boteras
botinero	botineros
botinero	botinera
botinero	botineras
boto	botos
boto	bota
boto	botas
botsuano	botsuanos
botsuano	botsuana
botsuano	botsuanas
botsuanés	botsuaneses
botsuanés	botsuanesa
botsuanés	botsuanesas
botánico	botánicos
botánico	botánica
botánico	botánicas
bovino	bovinos
bovino	bovina
bovino	bovinas
boxito	boxitos
boxito	boxita
boxito	boxitas
boyacense	boyacenses
boyal	boyales
boyante	boyantes
boyero	boyeros
boyero	boyera
boyero	boyeras
bozal	bozales
bracero	braceros
bracero	bracera
bracero	braceras
bracicorto	bracicortos
bracicorto	bracicorta
bracicorto	bracicortas
braco	bracos
braco	braca
braco	bracas
bragado	bragados
bragado	bragada
bragado	bragadas
bramador	bramadores
bramador	bramadora
bramador	bramadoras
bramante	bramantes
braquiador	braquiadores
braquiador	braquiadora
braquiador	braquiadoras
braquicéfalo	braquicéfalos
braquicéfalo	braquicéfala
braquicéfalo	braquicéfalas
braquiocefálico	braquiocefálicos
braquiocefálico	braquiocefálica
braquiocefálico	braquiocefálicas
braquistócrono	braquistócronos
braquistócrono	braquistócrona
braquistócrono	braquistócronas
brasiguayo	brasiguayos
brasiguayo	brasiguaya
brasiguayo	brasiguayas
brasilero	brasileros
brasilero	brasilera
brasilero	brasileras
brasileño	brasileños
brasileño	brasileña
brasileño	brasileñas
braveador	braveadores
braveador	braveadora
braveador	braveadoras
bravioli	braviolis
bravo	bravos
bravo	brava
bravo	bravas
bravo	bravísimo
bravucón	bravucones
bravucón	bravucona
bravucón	bravuconas
bravío	bravíos
bravío	bravía
bravío	bravías
bravísimo	bravísimos
bravísimo	bravísima
bravísimo	bravísimas
brazuca	brazucas
breca	brecas
bremense	bremenses
bretón	bretones
bretón	bretona
bretón	bretonas
breve	breves
breve	brevísimo
brevipenne	brevipennes
brevísimo	brevísimos
brevísimo	brevísima
brevísimo	brevísimas
breñoso	breñosos
breñoso	breñosa
breñoso	breñosas
briboncísimo	briboncísimos
briboncísimo	briboncísima
briboncísimo	briboncísimas
bribri	bribris
brigantino	brigantinos
brigantino	brigantina
brigantino	brigantinas
brillador	brilladores
brillador	brilladora
brillador	brilladoras
brillante	brillantes
brillibrilli	brillibrillis
brilloso	brillosos
brilloso	brillosa
brilloso	brillosas
brincador	brincadores
brincador	brincadora
brincador	brincadoras
brincón	brincones
brincón	brincona
brincón	brinconas
brindador	brindadores
brindador	brindadora
brindador	brindadoras
brioso	briosos
brioso	briosa
brioso	briosas
britano	britanos
britano	britana
britano	britanas
británico	británicos
británico	británica
británico	británicas
britón	britones
britón	britona
britón	britonas
briznoso	briznosos
briznoso	briznosa
briznoso	briznosas
brocado	brocados
brocado	brocada
brocado	brocadas
bromatológico	bromatológicos
bromatológico	bromatológica
bromatológico	bromatológicas
bromista	bromistas
bronceado	bronceados
bronceado	bronceada
bronceado	bronceadas
bronceador	bronceadores
bronceador	bronceadora
bronceador	bronceadoras
bronco	broncos
bronco	bronca
bronco	broncas
broncíneo	broncíneos
broncíneo	broncínea
broncíneo	broncíneas
bronquial	bronquiales
browniano	brownianos
browniano	browniana
browniano	brownianas
brujo	brujos
brujo	bruja
brujo	brujas
brumador	brumadores
brumador	brumadora
brumador	brumadoras
brumoso	brumosos
brumoso	brumosa
brumoso	brumosas
brumosísimo	brumosísimos
brumosísimo	brumosísima
brumosísimo	brumosísimas
bruneano	bruneanos
bruneano	bruneana
bruneano	bruneanas
brusco	bruscos
brusco	brusca
brusco	bruscas
bruselense	bruselenses
brutal	brutales
bruto	brutos
bruto	bruta
bruto	brutas
brutísimo	brutísimos
brutísimo	brutísima
brutísimo	brutísimas
bruñido	bruñidos
bruñido	bruñida
bruñido	bruñidas
bucal	
buceador	buceadores
buceador	buceadora
buceador	buceadoras
buchón	buchones
buchón	buchona
buchón	buchonas
bucólico	bucólicos
bucólico	bucólica
bucólico	bucólicas
budista	budistas
buen	
buenista	buenistas
buenito	buenitos
buenito	buenita
buenito	buenitas
buenmozo	
bueno	buenos
bueno	buena
bueno	buenas
bueno	mejor
bueno	buenísimo
bueno	bonísimo
bueno	óptimo
buenísimo	buenísimos
buenísimo	buenísima
buenísimo	buenísimas
bufo	bufos
bufo	bufa
bufo	bufas
bufónico	bufónicos
bufónico	bufónica
bufónico	bufónicas
buhesco	buhescos
buhesco	buhesca
buhesco	buhescas
buitragueño	buitragueños
buitragueño	buitragueña
buitragueño	buitragueñas
bujarra	bujarras
bulbar	bulbares
bulboso	bulbosos
bulboso	bulbosa
bulboso	bulbosas
bullanguero	bullangueros
bullanguero	bullanguera
bullanguero	bullangueras
bullente	bullentes
bullero	bulleros
bullero	bullera
bullero	bulleras
bullicioso	bulliciosos
bullicioso	bulliciosa
bullicioso	bulliciosas
bullidor	bullidores
bullidor	bullidora
bullidor	bullidoras
bulímico	bulímicos
bulímico	bulímica
bulímico	bulímicas
bumangués	bumangueses
bumangués	bumanguesa
bumangués	bumanguesas
burbujeante	burbujeantes
burdelesco	burdelescos
burdelesco	burdelesca
burdelesco	burdelescas
burdigalense	burdigalenses
burdo	burdos
burdo	burda
burdo	burdas
burgalés	burgaleses
burgalés	burgalesa
burgalés	burgalesas
burgués	burgueses
burgués	burguesa
burgués	burguesas
buriel	burieles
burilador	buriladores
burilador	buriladora
burilador	buriladoras
burkinabé	
burkinés	burkineses
burkinés	burkinesa
burkinés	burkinesas
burlero	burleros
burlero	burlera
burlero	burleras
burlesco	burlescos
burlesco	burlesca
burlesco	burlescas
burloncísimo	burloncísimos
burloncísimo	burloncísima
burloncísimo	burloncísimas
burlón	burlones
burlón	burlona
burlón	burlonas
burlón	burloncísimo
burocrático	burocráticos
burocrático	burocrática
burocrático	burocráticas
burriciego	burriciegos
burriciego	burriciega
burriciego	burriciegas
bursátil	bursátiles
burundiano	burundianos
burundiano	burundiana
burundiano	burundianas
burundés	burundeses
burundés	burundesa
burundés	burundesas
buscador	buscadores
buscador	buscadora
buscador	buscadoras
buscarroña	buscarroñas
buscón	buscones
buscón	buscona
buscón	busconas
bustrofedónico	bustrofedónicos
bustrofedónico	bustrofedónica
bustrofedónico	bustrofedónicas
bustrófedo	bustrófedos
bustrófedo	bustrófeda
bustrófedo	bustrófedas
butanés	butaneses
butanés	butanesa
butanés	butanesas
butomeo	butomeos
butomeo	butomea
butomeo	butomeas
butomáceo	butomáceos
butomáceo	butomácea
butomáceo	butomáceas
buzo	buzos
buzo	buza
buzo	buzas
bálteo	bálteos
bálteo	báltea
bálteo	bálteas
báltico	bálticos
báltico	báltica
báltico	bálticas
báquico	báquicos
báquico	báquica
báquico	báquicas
bárbaro	bárbaros
bárbaro	bárbara
bárbaro	bárbaras
básico	básicos
básico	básica
básico	básicas
bávaro	bávaros
bávaro	bávara
bávaro	bávaras
bélico	bélicos
bélico	bélica
bélico	bélicas
bético	béticos
bético	bética
bético	béticas
bíblico	bíblicos
bíblico	bíblica
bíblico	bíblicas
bíceps	
bífero	bíferos
bífero	bífera
bífero	bíferas
bífido	bífidos
bífido	bífida
bífido	bífidas
bígamo	bígamos
bígamo	bígama
bígamo	bígamas
bínubo	bínubos
bínubo	bínuba
bínubo	bínubas
bípedo	bípedos
bípedo	bípeda
bípedo	bípedas
bóer	bóeres
bóvido	bóvidos
bóvido	bóvida
bóvido	bóvidas
búdico	búdicos
búdico	búdica
búdico	búdicas
búlgaro	búlgaros
búlgaro	búlgara
búlgaro	búlgaras
cabal	cabales
cabalico	
caballar	caballares
caballeresco	caballerescos
caballeresco	caballeresca
caballeresco	caballerescas
caballero	caballeros
caballero	caballera
caballero	caballeras
caballeroso	caballerosos
caballeroso	caballerosa
caballeroso	caballerosas
caballuno	caballunos
caballuno	caballuna
caballuno	caballunas
cabalístico	cabalísticos
cabalístico	cabalística
cabalístico	cabalísticas
cabañal	cabañales
cabañero	cabañeros
cabañero	cabañera
cabañero	cabañeras
cabeciancho	cabecianchos
cabeciancho	cabeciancha
cabeciancho	cabecianchas
cabeciduro	cabeciduros
cabeciduro	cabecidura
cabeciduro	cabeciduras
cabelludo	cabelludos
cabelludo	cabelluda
cabelludo	cabelludas
cabezadura	cabezaduras
cabezón	cabezones
cabezón	cabezona
cabezón	cabezonas
cabilio	cabilios
cabilio	cabilia
cabilio	cabilias
cabizbajo	cabizbajos
cabizbajo	cabizbaja
cabizbajo	cabizbajas
cabizcaído	
cabizcubierto	
cablegráfico	cablegráficos
cablegráfico	cablegráfica
cablegráfico	cablegráficas
cablero	cableros
cablero	cablera
cablero	cableras
caboverdiano	caboverdianos
caboverdiano	caboverdiana
caboverdiano	caboverdianas
cabreadísimo	cabreadísimos
cabreadísimo	cabreadísima
cabreadísimo	cabreadísimas
cabrileño	cabrileños
cabrileño	cabrileña
cabrileño	cabrileñas
cabroncísimo	cabroncísimos
cabroncísimo	cabroncísima
cabroncísimo	cabroncísimas
cabruno	cabrunos
cabruno	cabruna
cabruno	cabrunas
cabrío	cabríos
cabrío	cabría
cabrío	cabrías
cabrón	cabrones
cabrón	cabrona
cabrón	cabronas
cabrón	cabroncísimo
cabulero	cabuleros
cabulero	cabulera
cabulero	cabuleras
cacareador	cacareadores
cacareador	cacareadora
cacareador	cacareadoras
cacarizo	cacarizos
cacarizo	cacariza
cacarizo	cacarizas
cacereño	cacereños
cacereño	cacereña
cacereño	cacereñas
cachaciento	cachacientos
cachaciento	cachacienta
cachaciento	cachacientas
cachado	cachados
cachado	cachada
cachado	cachadas
cachanilla	cachanillas
cachemirano	cachemiranos
cachemirano	cachemirana
cachemirano	cachemiranas
cachemirí	cachemirís
cachemirí	cachemiríes
cachero	cacheros
cachero	cachera
cachero	cacheras
cachibache	cachibaches
cachiporra	cachiporras
cachiquel	cachiqueles
cacho	cachos
cacho	cacha
cacho	cachas
cachudo	cachudos
cachudo	cachuda
cachudo	cachudas
cachuso	cachusos
cachuso	cachusa
cachuso	cachusas
cachuzo	cachuzos
cachuzo	cachuza
cachuzo	cachuzas
cacofónico	cacofónicos
cacofónico	cacofónica
cacofónico	cacofónicas
cacológico	cacológicos
cacológico	cacológica
cacológico	cacológicas
cada	
cadaveroso	cadaverosos
cadaveroso	cadaverosa
cadaveroso	cadaverosas
cadavérico	cadavéricos
cadavérico	cadavérica
cadavérico	cadavéricas
cadencioso	cadenciosos
cadencioso	cadenciosa
cadencioso	cadenciosas
caderudo	caderudos
caderudo	caderuda
caderudo	caderudas
caducifolio	caducifolios
caducifolio	caducifolia
caducifolio	caducifolias
caduco	caducos
caduco	caduca
caduco	caducas
caficultor	caficultores
caficultor	caficultora
caficultor	caficultoras
cafre	cafres
café	cafés
cagado	cagados
cagado	cagada
cagado	cagadas
cagador	cagadores
cagador	cagadora
cagador	cagadoras
cagueta	caguetas
cagón	cagones
cagón	cagona
cagón	cagonas
cahuinero	cahuineros
cahuinero	cahuinera
cahuinero	cahuineras
caiguá	caiguás
caigüé	caigüés
caima	caimas
caimanés	caimaneses
caimanés	caimanesa
caimanés	caimanesas
cainita	cainitas
cairota	cairotas
cajamarquino	cajamarquinos
cajamarquino	cajamarquina
cajamarquino	cajamarquinas
cajetudo	cajetudos
cajetudo	cajetuda
cajetudo	cajetudas
cajonero	cajoneros
cajonero	cajonera
cajonero	cajoneras
calabrés	calabreses
calabrés	calabresa
calabrés	calabresas
calagurritano	calagurritanos
calagurritano	calagurritana
calagurritano	calagurritanas
calahorrano	calahorranos
calahorrano	calahorrana
calahorrano	calahorranas
calahorreño	calahorreños
calahorreño	calahorreña
calahorreño	calahorreñas
calamar	calamares
calameño	calameños
calameño	calameña
calameño	calameñas
calaminar	calaminares
calamitoso	calamitosos
calamitoso	calamitosa
calamitoso	calamitosas
calar	calares
calato	calatos
calato	calata
calato	calatas
calatraveño	calatraveños
calatraveño	calatraveña
calatraveño	calatraveñas
calatravo	calatravos
calatravo	calatrava
calatravo	calatravas
calcedonio	calcedonios
calcedonio	calcedonia
calcedonio	calcedonias
calceto	calcetos
calceto	calceta
calceto	calcetas
calcinable	calcinables
calcinador	calcinadores
calcinador	calcinadora
calcinador	calcinadoras
calcográfico	calcográficos
calcográfico	calcográfica
calcográfico	calcográficas
calculable	calculables
calculador	calculadores
calculador	calculadora
calculador	calculadoras
calculatorio	calculatorios
calculatorio	calculatoria
calculatorio	calculatorias
calcáreo	calcáreos
calcáreo	calcárea
calcáreo	calcáreas
caldense	caldenses
caldeo	caldeos
caldeo	caldea
caldeo	caldeas
calderoniano	calderonianos
calderoniano	calderoniana
calderoniano	calderonianas
caldoche	caldoches
caldoso	caldosos
caldoso	caldosa
caldoso	caldosas
calefactor	calefactores
calefactor	calefactora
calefactor	calefactoras
calentador	calentadores
calentador	calentadora
calentador	calentadoras
calentito	calentitos
calentito	calentita
calentito	calentitas
caleto	caletos
caleto	caleta
caleto	caletas
caleño	caleños
caleño	caleña
caleño	caleñas
caliciforme	caliciformes
caliente	calientes
caliente	calentísimo
caliente	calientísimo
califal	califales
calificador	calificadores
calificador	calificadora
calificador	calificadoras
calificativo	calificativos
calificativo	calificativa
calificativo	calificativas
californiano	californianos
californiano	californiana
californiano	californianas
californio	californios
californio	california
californio	californias
califórnico	califórnicos
califórnico	califórnica
califórnico	califórnicas
caliginoso	caliginosos
caliginoso	caliginosa
caliginoso	caliginosas
caligráfico	caligráficos
caligráfico	caligráfica
caligráfico	caligráficas
calinoso	calinosos
calinoso	calinosa
calinoso	calinosas
calipédico	calipédicos
calipédico	calipédica
calipédico	calipédicas
calizo	calizos
calizo	caliza
calizo	calizas
callado	callados
callado	callada
callado	calladas
callador	calladores
callador	calladora
callador	calladoras
callampero	callamperos
callampero	callampera
callampero	callamperas
callanudo	callanudos
callanudo	callanuda
callanudo	callanudas
callejero	callejeros
callejero	callejera
callejero	callejeras
callialto	callialtos
callialto	callialta
callialto	callialtas
calloso	callosos
calloso	callosa
calloso	callosas
calluzo	calluzos
calluzo	calluza
calluzo	calluzas
calmo	calmos
calmo	calma
calmo	calmas
calmoso	calmosos
calmoso	calmosa
calmoso	calmosas
calmuco	calmucos
calmuco	calmuca
calmuco	calmucas
calofilo	calofilos
calofilo	calofila
calofilo	calofilas
calorro	calorros
calorro	calorra
calorro	calorras
calumniador	calumniadores
calumniador	calumniadora
calumniador	calumniadoras
caluroso	calurosos
caluroso	calurosa
caluroso	calurosas
calurosísimo	calurosísimos
calurosísimo	calurosísima
calurosísimo	calurosísimas
calvinista	calvinistas
calvo	calvos
calvo	calva
calvo	calvas
calzadillero	calzadilleros
calzadillero	calzadillera
calzadillero	calzadilleras
calzado	calzados
calzado	calzada
calzado	calzadas
calzonudo	calzonudos
calzonudo	calzonuda
calzonudo	calzonudas
calé	calés
caló	calós
calórico	calóricos
calórico	calórica
calórico	calóricas
camagüeyano	camagüeyanos
camagüeyano	camagüeyana
camagüeyano	camagüeyanas
camaldulense	camaldulenses
camaleónico	camaleónicos
camaleónico	camaleónica
camaleónico	camaleónicas
camandulense	camandulenses
camandulero	camanduleros
camandulero	camandulera
camandulero	camanduleras
camariento	camarientos
camariento	camarienta
camariento	camarientas
camaronero	camaroneros
camaronero	camaronera
camaronero	camaroneras
cambembo	cambembos
cambembo	cambemba
cambembo	cambembas
cambiante	cambiantes
cambileño	cambileños
cambileño	cambileña
cambileño	cambileñas
camboyano	camboyanos
camboyano	camboyana
camboyano	camboyanas
camelador	cameladores
camelador	cameladora
camelador	cameladoras
camerunés	cameruneses
camerunés	camerunesa
camerunés	camerunesas
caminable	caminables
caminador	caminadores
caminador	caminadora
caminador	caminadoras
caminante	caminantes
caminero	camineros
caminero	caminera
caminero	camineras
camorrista	camorristas
campa	
campal	campales
campanense	campanenses
campaniforme	campaniformes
campante	campantes
campanudo	campanudos
campanudo	campanuda
campanudo	campanudas
campanulado	campanulados
campanulado	campanulada
campanulado	campanuladas
campasperano	campasperanos
campasperano	campasperana
campasperano	campasperanas
campeador	campeadores
campeador	campeadora
campeador	campeadoras
campechano	campechanos
campechano	campechana
campechano	campechanas
campero	camperos
campero	campera
campero	camperas
campesino	campesinos
campesino	campesina
campesino	campesinas
campestre	campestres
camponarayés	camponarayeses
camponarayés	camponarayesa
camponarayés	camponarayesas
camporista	camporistas
camposino	camposinos
camposino	camposina
camposino	camposinas
campurriano	campurrianos
campurriano	campurriana
campurriano	campurrianas
canaca	canacas
canaco	canacos
canaco	canaca
canaco	canacas
canadiense	canadienses
canalla	canallas
cananeo	cananeos
cananeo	cananea
cananeo	cananeas
canariense	canarienses
canario	canarios
canario	canaria
canario	canarias
canberrano	canberranos
canberrano	canberrana
canberrano	canberranas
cancelatorio	cancelatorios
cancelatorio	cancelatoria
cancelatorio	cancelatorias
cancerológico	cancerológicos
cancerológico	cancerológica
cancerológico	cancerológicas
cancerígeno	cancerígenos
cancerígeno	cancerígena
cancerígeno	cancerígenas
canchero	cancheros
canchero	canchera
canchero	cancheras
cancunense	cancunenses
cancín	cancines
cancín	cancina
cancín	cancinas
cancón	cancones
cancón	cancona
cancón	canconas
cande	
candeal	candeales
candente	
candial	candiales
candombero	candomberos
candombero	candombera
candombero	candomberas
candongo	candongos
candongo	candonga
candongo	candongas
candoroso	candorosos
candoroso	candorosa
candoroso	candorosas
canelo	canelos
canelo	canela
canelo	canelas
canelonense	canelonenses
canero	caneros
canero	canera
canero	caneras
canijo	canijos
canijo	canija
canijo	canijas
canillado	canillados
canillado	canillada
canillado	canilladas
canilludo	canilludos
canilludo	canilluda
canilludo	canilludas
canino	caninos
canino	canina
canino	caninas
cano	canos
cano	cana
cano	canas
canoero	canoeros
canoero	canoera
canoero	canoeras
canonical	canonicales
canoro	canoros
canoro	canora
canoro	canoras
canoso	canosos
canoso	canosa
canoso	canosas
canosísimo	canosísimos
canosísimo	canosísima
canosísimo	canosísimas
cansado	cansados
cansado	cansada
cansado	cansadas
cansador	cansadores
cansador	cansadora
cansador	cansadoras
cansino	cansinos
cansino	cansina
cansino	cansinas
cansoncísimo	cansoncísimos
cansoncísimo	cansoncísima
cansoncísimo	cansoncísimas
cansío	cansíos
cansío	cansía
cansío	cansías
cantabrigense	cantabrigenses
cantabrio	cantabrios
cantabrio	cantabria
cantabrio	cantabrias
cantado	cantados
cantado	cantada
cantado	cantadas
cantante	cantantes
cantitativo	cantitativos
cantitativo	cantitativa
cantitativo	cantitativas
cantonal	cantonales
cantonero	cantoneros
cantonero	cantonera
cantonero	cantoneras
cantonés	cantoneses
cantonés	cantonesa
cantonés	cantonesas
cantor	cantores
cantor	cantora
cantor	cantoras
cantoriano	
cantoso	cantosos
cantoso	cantosa
cantoso	cantosas
canular	canulares
canuto	canutos
canuto	canuta
canuto	canutas
canyengue	canyengues
caníbal	caníbales
canónico	canónicos
canónico	canónica
canónico	canónicas
capacitista	capacitistas
capadocio	capadocios
capadocio	capadocia
capadocio	capadocias
capaz	capaces
capcioso	capciosos
capcioso	capciosa
capcioso	capciosas
capicúa	capicúas
capilar	capilares
capirote	capirotes
capirote	capirota
capirote	capirotas
capital	capitales
capitalista	capitalistas
capitolino	capitolinos
capitolino	capitolina
capitolino	capitolinas
capitoso	capitosos
capitoso	capitosa
capitoso	capitosas
capitulable	capitulables
caporal	caporales
capotímigo	capotímigos
capotímigo	capotímiga
capotímigo	capotímigas
cappuccino	
caprese	
caprichoso	caprichosos
caprichoso	caprichosa
caprichoso	caprichosas
caprichudo	caprichudos
caprichudo	caprichuda
caprichudo	caprichudas
caprifoliáceo	caprifoliáceos
caprifoliáceo	caprifoliácea
caprifoliáceo	caprifoliáceas
caprino	caprinos
caprino	caprina
caprino	caprinas
captador	captadores
captador	captadora
captador	captadoras
captivo	captivos
captivo	captiva
captivo	captivas
captor	captores
captor	captora
captor	captoras
capuchino	capuchinos
capuchino	capuchina
capuchino	capuchinas
caputbovense	caputbovenses
caquero	caqueros
caquero	caquera
caquero	caqueras
caquetense	caquetenses
caqueteño	caqueteños
caqueteño	caqueteña
caqueteño	caqueteñas
carabobeño	carabobeños
carabobeño	carabobeña
carabobeño	carabobeñas
caracense	caracenses
carachai	carachais
carachento	carachentos
carachento	carachenta
carachento	carachentas
caracho	carachos
caracho	caracha
caracho	carachas
caracterológico	caracterológicos
caracterológico	caracterológica
caracterológico	caracterológicas
característico	característicos
característico	característica
característico	características
carajá	carajás
carambanado	carambanados
carambanado	carambanada
carambanado	carambanadas
caramilloso	caramillosos
caramilloso	caramillosa
caramilloso	caramillosas
carapacho	
caraqueño	caraqueños
caraqueño	caraqueña
caraqueño	caraqueñas
caraquista	
cararrota	cararrotas
carbonero	carboneros
carbonero	carbonera
carbonero	carboneras
carbonífero	carboníferos
carbonífero	carbonífera
carbonífero	carboníferas
carboxílico	carboxílicos
carboxílico	carboxílica
carboxílico	carboxílicas
carbuncoso	carbuncosos
carbuncoso	carbuncosa
carbuncoso	carbuncosas
carburante	carburantes
carbónico	carbónicos
carbónico	carbónica
carbónico	carbónicas
carca	carcas
carcelario	carcelarios
carcelario	carcelaria
carcelario	carcelarias
carcelero	carceleros
carcelero	carcelera
carcelero	carceleras
carcinológico	carcinológicos
carcinológico	carcinológica
carcinológico	carcinológicas
carcinomatoso	carcinomatosos
carcinomatoso	carcinomatosa
carcinomatoso	carcinomatosas
carcinógeno	carcinógenos
carcinógeno	carcinógena
carcinógeno	carcinógenas
carcomiento	carcomientos
carcomiento	carcomienta
carcomiento	carcomientas
carcunda	carcundas
cardenalicio	cardenalicios
cardenalicio	cardenalicia
cardenalicio	cardenalicias
cardiaco	cardiacos
cardiaco	cardiaca
cardiaco	cardiacas
cardial	cardiales
cardinal	cardinales
cardiopulmonar	cardiopulmonares
cardiorrespiratorio	cardiorrespiratorios
cardiorrespiratorio	cardiorrespiratoria
cardiorrespiratorio	cardiorrespiratorias
cardiotónico	cardiotónicos
cardiotónico	cardiotónica
cardiotónico	cardiotónicas
cardiovascular	cardiovasculares
cardiálgico	cardiálgicos
cardiálgico	cardiálgica
cardiálgico	cardiálgicas
cardíaco	cardíacos
cardíaco	cardíaca
cardíaco	cardíacas
cardítico	cardíticos
cardítico	cardítica
cardítico	cardíticas
carente	carentes
carero	careros
carero	carera
carero	careras
careta	caretas
cargador	cargadores
cargador	cargadora
cargador	cargadoras
cargante	cargantes
cargoso	cargosos
cargoso	cargosa
cargoso	cargosas
carhuense	carhuenses
cari	caris
cariacontecido	cariacontecidos
cariacontecido	cariacontecida
cariacontecido	cariacontecidas
caribeño	caribeños
caribeño	caribeña
caribeño	caribeñas
caricaturesco	caricaturescos
caricaturesco	caricaturesca
caricaturesco	caricaturescas
caricioso	cariciosos
caricioso	cariciosa
caricioso	cariciosas
cario	carios
cario	caria
cario	carias
carioca	cariocas
cariogénico	cariogénicos
cariogénico	cariogénica
cariogénico	cariogénicas
carismático	carismáticos
carismático	carismática
carismático	carismáticas
carita	caritas
caritativo	caritativos
caritativo	caritativa
caritativo	caritativas
cariñoso	cariñosos
cariñoso	cariñosa
cariñoso	cariñosas
cariñosísimo	cariñosísimos
cariñosísimo	cariñosísima
cariñosísimo	cariñosísimas
carlotista	carlotistas
carmelita	carmelitas
carmelitano	carmelitanos
carmelitano	carmelitana
carmelitano	carmelitanas
carmesí	
carminativo	carminativos
carminativo	carminativa
carminativo	carminativas
carmíneo	carmíneos
carmíneo	carmínea
carmíneo	carmíneas
carnación	
carnal	carnales
carnavalesco	carnavalescos
carnavalesco	carnavalesca
carnavalesco	carnavalescas
carnaválico	carnaválicos
carnaválico	carnaválica
carnaválico	carnaválicas
carnaza	carnazas
carnicero	carniceros
carnicero	carnicera
carnicero	carniceras
carnoso	carnosos
carnoso	carnosa
carnoso	carnosas
carnívoro	carnívoros
carnívoro	carnívora
carnívoro	carnívoras
caro	caros
caro	cara
caro	caras
caro	carísimo
carpado	carpados
carpado	carpada
carpado	carpadas
carpelar	carpelares
carpetovetónico	carpetovetónicos
carpetovetónico	carpetovetónica
carpetovetónico	carpetovetónicas
carrascoso	carrascosos
carrascoso	carrascosa
carrascoso	carrascosas
carrasqueño	carrasqueños
carrasqueño	carrasqueña
carrasqueño	carrasqueñas
carrañoso	carrañosos
carrañoso	carrañosa
carrañoso	carrañosas
carrerista	carreristas
carreteril	carreteriles
carretero	carreteros
carretero	carretera
carretero	carreteras
carroñero	carroñeros
carroñero	carroñera
carroñero	carroñeras
cartagenero	cartageneros
cartagenero	cartagenera
cartagenero	cartageneras
cartagenino	cartageninos
cartagenino	cartagenina
cartagenino	cartageninas
cartaginés	cartagineses
cartaginés	cartaginesa
cartaginés	cartaginesas
carteante	carteantes
carteludo	carteludos
carteludo	carteluda
carteludo	carteludas
cartesiano	cartesianos
cartesiano	cartesiana
cartesiano	cartesianas
cartilaginoso	cartilaginosos
cartilaginoso	cartilaginosa
cartilaginoso	cartilaginosas
cartográfico	cartográficos
cartográfico	cartográfica
cartográfico	cartográficas
cartomántico	cartománticos
cartomántico	cartomántica
cartomántico	cartománticas
cartonero	cartoneros
cartonero	cartonera
cartonero	cartoneras
cartujo	cartujos
cartujo	cartuja
cartujo	cartujas
carísimo	carísimos
carísimo	carísima
carísimo	carísimas
carón	carones
carón	carona
carón	caronas
casable	casables
casadero	casaderos
casadero	casadera
casadero	casaderas
casado	casados
casado	casada
casado	casadas
casanareño	casanareños
casanareño	casanareña
casanareño	casanareñas
cascado	cascados
cascado	cascada
cascado	cascadas
cascajento	cascajentos
cascajento	cascajenta
cascajento	cascajentas
cascajuelo	cascajuelos
cascajuelo	cascajuela
cascajuelo	cascajuelas
cascarero	cascareros
cascarero	cascarera
cascarero	cascareras
cascarriento	cascarrientos
cascarriento	cascarrienta
cascarriento	cascarrientas
cascarrioso	cascarriosos
cascarrioso	cascarriosa
cascarrioso	cascarriosas
caseoso	caseosos
caseoso	caseosa
caseoso	caseosas
casero	caseros
casero	casera
casero	caseras
caseteado	caseteados
caseteado	caseteada
caseteado	caseteadas
caspiento	caspientos
caspiento	caspienta
caspiento	caspientas
caspolino	caspolinos
caspolino	caspolina
caspolino	caspolinas
casposo	casposos
casposo	casposa
casposo	casposas
casquivano	casquivanos
casquivano	casquivana
casquivano	casquivanas
castaño	castaños
castaño	castaña
castaño	castañas
castañuelo	castañuelos
castañuelo	castañuela
castañuelo	castañuelas
castellano	castellanos
castellano	castellana
castellano	castellanas
castellanoleonés	castellanoleoneses
castellanoleonés	castellanoleonesa
castellanoleonés	castellanoleonesas
castellanomanchego	castellanomanchegos
castellanomanchego	castellanomanchega
castellanomanchego	castellanomanchegas
castellonense	castellonenses
casticista	casticistas
castista	castistas
castizo	castizos
castizo	castiza
castizo	castizas
casto	castos
casto	casta
casto	castas
castrable	castrables
castrador	castradores
castrador	castradora
castrador	castradoras
castrense	castrenses
castreño	castreños
castreño	castreña
castreño	castreñas
castrista	castristas
castrochavista	castrochavistas
castísimo	castísimos
castísimo	castísima
castísimo	castísimas
casual	casuales
casuista	casuistas
casuística	
casuístico	casuísticos
casuístico	casuística
casuístico	casuísticas
catabático	catabáticos
catabático	catabática
catabático	catabáticas
catabólico	catabólicos
catabólico	catabólica
catabólico	catabólicas
catador	catadores
catador	catadora
catador	catadoras
catafórico	catafóricos
catafórico	catafórica
catafórico	catafóricas
catalardo	catalardos
catalardo	catalarda
catalardo	catalardas
catalino	catalinos
catalino	catalina
catalino	catalinas
catalufo	catalufos
catalufo	catalufa
catalufo	catalufas
catalán	catalanes
catalán	catalana
catalán	catalanas
cataléptico	catalépticos
cataléptico	cataléptica
cataléptico	catalépticas
catalítico	catalíticos
catalítico	catalítica
catalítico	catalíticas
catamarqueño	catamarqueños
catamarqueño	catamarqueña
catamarqueño	catamarqueñas
catapléctico	cataplécticos
catapléctico	catapléctica
catapléctico	cataplécticas
catarinense	
catarriento	catarrientos
catarriento	catarrienta
catarriento	catarrientas
catarrino	catarrinos
catarrino	catarrina
catarrino	catarrinas
catarroso	catarrosos
catarroso	catarrosa
catarroso	catarrosas
catarí	catarís
catarí	cataríes
catastral	catastrales
catastrofista	catastrofistas
catastrófico	catastróficos
catastrófico	catastrófica
catastrófico	catastróficas
catatónico	catatónicos
catatónico	catatónica
catatónico	catatónicas
catedralicio	catedralicios
catedralicio	catedralicia
catedralicio	catedralicias
categoremático	categoremáticos
categoremático	categoremática
categoremático	categoremáticas
categórico	categóricos
categórico	categórica
categórico	categóricas
catenario	catenarios
catenario	catenaria
catenario	catenarias
catete	catetes
catinga	catingas
catire	catires
catire	catira
catire	catiras
cativo	cativos
cativo	cativa
cativo	cativas
catolo	catolos
catolo	catola
catolo	catolas
catorceavo	catorceavos
catorceavo	catorceava
catorceavo	catorceavas
catorzavo	catorzavos
catorzavo	catorzava
catorzavo	catorzavas
catrín	
catádromo	catádromos
catádromo	catádroma
catádromo	catádromas
caté	catés
catódico	catódicos
catódico	catódica
catódico	catódicas
católico	católicos
católico	católica
católico	católicas
caucano	caucanos
caucano	caucana
caucano	caucanas
caudado	caudados
caudado	caudada
caudado	caudadas
caudal	
caudaloso	caudalosos
caudaloso	caudalosa
caudaloso	caudalosas
caudato	caudatos
caudato	caudata
caudato	caudatas
cauriense	caurienses
causal	causales
causante	causantes
causativo	causativos
causativo	causativa
causativo	causativas
cautelar	cautelares
cauteloso	cautelosos
cauteloso	cautelosa
cauteloso	cautelosas
cautelosísimo	cautelosísimos
cautelosísimo	cautelosísima
cautelosísimo	cautelosísimas
cauterizador	cauterizadores
cauterizador	cauterizadora
cauterizador	cauterizadoras
cautivador	cautivadores
cautivador	cautivadora
cautivador	cautivadoras
cautivante	cautivantes
cautivo	cautivos
cautivo	cautiva
cautivo	cautivas
cauto	cautos
cauto	cauta
cauto	cautas
cavernoso	cavernosos
cavernoso	cavernosa
cavernoso	cavernosas
cavernícola	cavernícolas
cavicornio	cavicornios
cavicornio	cavicornia
cavicornio	cavicornias
caviloso	cavilosos
caviloso	cavilosa
caviloso	cavilosas
cavilosísimo	cavilosísimos
cavilosísimo	cavilosísima
cavilosísimo	cavilosísimas
cavo	cavos
cavo	cava
cavo	cavas
cazable	cazables
cazado	cazados
cazado	cazada
cazado	cazadas
cazcarriento	cazcarrientos
cazcarriento	cazcarrienta
cazcarriento	cazcarrientas
cazorleño	cazorleños
cazorleño	cazorleña
cazorleño	cazorleñas
cazurro	cazurros
cazurro	cazurra
cazurro	cazurras
caído	caídos
caído	caída
caído	caídas
cañí	cañís
caótico	caóticos
caótico	caótica
caótico	caóticas
caú	
ceajo	ceajos
ceajo	ceaja
ceajo	ceajas
cearense	cearenses
cebado	cebados
cebado	cebada
cebado	cebadas
cebador	cebadores
cebador	cebadora
cebador	cebadoras
cebito	cebitos
cebito	cebita
cebito	cebitas
cebollero	
cebrado	cebrados
cebrado	cebrada
cebrado	cebradas
cebreado	cebreados
cebreado	cebreada
cebreado	cebreadas
cebruno	cebrunos
cebruno	cebruna
cebruno	cebrunas
cebuano	cebuanos
cebuano	cebuana
cebuano	cebuanas
cecal	cecales
cecuciente	cecucientes
cedente	cedentes
cedrino	cedrinos
cedrino	cedrina
cedrino	cedrinas
cefalenio	cefalenios
cefalenio	cefalenia
cefalenio	cefalenias
cefalorraquídeo	cefalorraquídeos
cefalorraquídeo	cefalorraquídea
cefalorraquídeo	cefalorraquídeas
cefalálgico	cefalálgicos
cefalálgico	cefalálgica
cefalálgico	cefalálgicas
cefalópodo	cefalópodos
cefalópodo	cefalópoda
cefalópodo	cefalópodas
cefálico	cefálicos
cefálico	cefálica
cefálico	cefálicas
cegador	cegadores
cegador	cegadora
cegador	cegadoras
cegajo	cegajos
cegajo	cegaja
cegajo	cegajas
cegesimal	cegesimales
ceilandés	ceilandeses
ceilandés	ceilandesa
ceilandés	ceilandesas
ceilanés	ceilaneses
ceilanés	ceilanesa
ceilanés	ceilanesas
cejijunto	cejijuntos
cejijunto	cejijunta
cejijunto	cejijuntas
cejudo	cejudos
cejudo	cejuda
cejudo	cejudas
celador	celadores
celador	celadora
celador	celadoras
celebradísimo	celebradísimos
celebradísimo	celebradísima
celebradísimo	celebradísimas
celebérrimo	celebérrimos
celebérrimo	celebérrima
celebérrimo	celebérrimas
celeste	celestes
celestial	celestiales
celestina	
celestino	celestinos
celestino	celestina
celestino	celestinas
celoriano	celorianos
celoriano	celoriana
celoriano	celorianas
celoso	celosos
celoso	celosa
celoso	celosas
celta	celtas
celudependiente	celudependientes
celular	celulares
celíaco	celíacos
celíaco	celíaca
celíaco	celíacas
cementero	cementeros
cementero	cementera
cementero	cementeras
cenador	cenadores
cenador	cenadora
cenador	cenadoras
cenagoso	cenagosos
cenagoso	cenagosa
cenagoso	cenagosas
cencido	cencidos
cencido	cencida
cencido	cencidas
cenestésico	cenestésicos
cenestésico	cenestésica
cenestésico	cenestésicas
ceniciento	cenicientos
ceniciento	cenicienta
ceniciento	cenicientas
cenital	cenitales
cenizo	cenizos
cenizo	ceniza
cenizo	cenizas
cenobial	cenobiales
cenobítico	cenobíticos
cenobítico	cenobítica
cenobítico	cenobíticas
cenoso	cenosos
cenoso	cenosa
cenoso	cenosas
cenozoico	cenozoicos
cenozoico	cenozoica
cenozoico	cenozoicas
censal	censales
censor	censores
censor	censora
censor	censoras
censual	censuales
censurabilísimo	censurabilísimos
censurabilísimo	censurabilísima
censurabilísimo	censurabilísimas
censurable	censurables
censurable	censurabilísimo
censurólogo	censurólogos
censurólogo	censuróloga
censurólogo	censurólogas
centavo	centavos
centavo	centava
centavo	centavas
centellador	centelladores
centellador	centelladora
centellador	centelladoras
centelleante	centelleantes
centenario	centenarios
centenario	centenaria
centenario	centenarias
centeno	centenos
centeno	centena
centeno	centenas
centimano	centimanos
centimano	centimana
centimano	centimanas
central	centrales
centralizador	centralizadores
centralizador	centralizadora
centralizador	centralizadoras
centrifugador	centrifugadores
centrifugador	centrifugadora
centrifugador	centrifugadoras
centroafricano	centroafricanos
centroafricano	centroafricana
centroafricano	centroafricanas
centroamericano	centroamericanos
centroamericano	centroamericana
centroamericano	centroamericanas
centrípeto	centrípetos
centrípeto	centrípeta
centrípeto	centrípetas
centímano	centímanos
centímano	centímana
centímano	centímanas
cepestral	cepestrales
cepstral	cepstrales
cercano	cercanos
cercano	cercana
cercano	cercanas
cercenador	cercenadores
cercenador	cercenadora
cercenador	cercenadoras
cerdoso	cerdosos
cerdoso	cerdosa
cerdoso	cerdosas
cereal	cereales
cerealero	cerealeros
cerealero	cerealera
cerealero	cerealeras
cerebeloso	cerebelosos
cerebeloso	cerebelosa
cerebeloso	cerebelosas
cerebral	cerebrales
cerebroespinal	cerebroespinales
cerebrovascular	cerebrovasculares
ceremonioso	ceremoniosos
ceremonioso	ceremoniosa
ceremonioso	ceremoniosas
ceremoniático	ceremoniáticos
ceremoniático	ceremoniática
ceremoniático	ceremoniáticas
ceromático	ceromáticos
ceromático	ceromática
ceromático	ceromáticas
ceroso	cerosos
ceroso	cerosa
ceroso	cerosas
cerote	cerotes
cerote	cerota
cerote	cerotas
cerrado	cerrados
cerrado	cerrada
cerrado	cerradas
cerrador	cerradores
cerrador	cerradora
cerrador	cerradoras
cerrajero	cerrajeros
cerrajero	cerrajera
cerrajero	cerrajeras
cerril	cerriles
cerrillano	cerrillanos
cerrillano	cerrillana
cerrillano	cerrillanas
cerrolarguense	
certero	certeros
certero	certera
certero	certeras
certificado	certificados
certificado	certificada
certificado	certificadas
certificador	certificadores
certificador	certificadora
certificador	certificadoras
cerval	cervales
cervantesco	cervantescos
cervantesco	cervantesca
cervantesco	cervantescas
cervantino	cervantinos
cervantino	cervantina
cervantino	cervantinas
cervario	cervarios
cervario	cervaria
cervario	cervarias
cervecero	cerveceros
cervecero	cervecera
cervecero	cerveceras
cervical	cervicales
cervino	cervinos
cervino	cervina
cervino	cervinas
cervuno	cervunos
cervuno	cervuna
cervuno	cervunas
cervántico	cervánticos
cervántico	cervántica
cervántico	cervánticas
cerámico	cerámicos
cerámico	cerámica
cerámico	cerámicas
cerúleo	cerúleos
cerúleo	cerúlea
cerúleo	cerúleas
cesante	cesantes
cesaraugustano	cesaraugustanos
cesaraugustano	cesaraugustana
cesaraugustano	cesaraugustanas
cesarense	cesarenses
cesariña	
cespitoso	cespitosos
cespitoso	cespitosa
cespitoso	cespitosas
cetogénico	cetogénicos
cetogénico	cetogénica
cetogénico	cetogénicas
cetrino	cetrinos
cetrino	cetrina
cetrino	cetrinas
ceutí	ceutís
ceutí	ceutíes
ceñido	ceñidos
ceñido	ceñida
ceñido	ceñidas
ceñudo	ceñudos
ceñudo	ceñuda
ceñudo	ceñudas
chabacano	chabacanos
chabacano	chabacana
chabacano	chabacanas
chacabuquense	
chacal	chacales
chacarero	chacareros
chacarero	chacarera
chacarero	chacareras
chachahuanteco	chachahuantecos
chachahuanteco	chachahuanteca
chachahuanteco	chachahuantecas
chacharero	chachareros
chacharero	chacharera
chacharero	chachareras
chacharón	chacharones
chacharón	chacharona
chacharón	chacharonas
chachiguay	chachiguayes
chadiano	chadianos
chadiano	chadiana
chadiano	chadianas
chafa	chafas
chahuar	chahuares
chajuanado	chajuanados
chajuanado	chajuanada
chajuanado	chajuanadas
chalaco	
chalado	chalados
chalado	chalada
chalado	chaladas
chaleca	
chalán	chalanes
chalán	chalana
chalán	chalanas
chamagoso	chamagosos
chamagoso	chamagosa
chamagoso	chamagosas
chamanístico	chamanísticos
chamanístico	chamanística
chamanístico	chamanísticas
chamarillón	chamarillones
chamarillón	chamarillona
chamarillón	chamarillonas
chambergo	chambergos
chambergo	chamberga
chambergo	chambergas
chamicuro	chamicuros
chamicuro	chamicura
chamicuro	chamicuras
chamoy	chamoyes
champetudo	champetudos
champetudo	champetuda
champetudo	champetudas
champetúo	champetúos
champetúo	champetúa
champetúo	champetúas
champudo	champudos
champudo	champuda
champudo	champudas
chamánico	chamánicos
chamánico	chamánica
chamánico	chamánicas
chanchera	
chancho	chanchos
chancho	chancha
chancho	chanchas
chango	changos
chango	changa
chango	changas
changuero	changueros
changuero	changuera
changuero	changueras
chaniego	chaniegos
chaniego	chaniega
chaniego	chaniegas
chano	
chanta	chantas
chantapufi	chantapufis
chaná	chanás
chapaco	chapacos
chapaco	chapaca
chapaco	chapacas
chaparro	chaparros
chaparro	chaparra
chaparro	chaparras
chaperón	chaperones
chaperón	chaperona
chaperón	chaperonas
chapetón	chapetones
chapetón	chapetona
chapetón	chapetonas
chapucero	chapuceros
chapucero	chapucera
chapucero	chapuceras
chapín	chapines
chapín	chapina
chapín	chapinas
chaqueto	chaquetos
chaqueto	chaqueta
chaqueto	chaquetas
chaqueño	chaqueños
chaqueño	chaqueña
chaqueño	chaqueñas
charca	charcas
charlatán	charlatanes
charlatán	charlatana
charlatán	charlatanas
charo	charos
charo	chara
charo	charas
charrasqueado	charrasqueados
charrasqueado	charrasqueada
charrasqueado	charrasqueadas
charro	charros
charro	charra
charro	charras
charrán	charranes
charrán	charrana
charrán	charranas
charrísimo	charrísimos
charrísimo	charrísima
charrísimo	charrísimas
charrúa	charrúas
chasca	chascas
chascón	chascones
chascón	chascona
chascón	chasconas
chasqueador	chasqueadores
chasqueador	chasqueadora
chasqueador	chasqueadoras
chatarra	
chatero	chateros
chatero	chatera
chatero	chateras
chato	chatos
chato	chata
chato	chatas
chavista	chavistas
checheno	chechenos
checheno	chechena
checheno	chechenas
checho	chechos
checho	checha
checho	chechas
chechén	chechenes
chechén	chechena
chechén	chechenas
checo	checos
checo	checa
checo	checas
checoeslovaco	checoeslovacos
checoeslovaco	checoeslovaca
checoeslovaco	checoeslovacas
checoslovaco	checoslovacos
checoslovaco	checoslovaca
checoslovaco	checoslovacas
chele	cheles
chengo	chengos
chengo	chenga
chengo	chengas
chepeño	chepeños
chepeño	chepeña
chepeño	chepeñas
cheposo	cheposos
cheposo	cheposa
cheposo	cheposas
chercheroso	chercherosos
chercheroso	chercherosa
chercheroso	chercherosas
cherifiano	cherifianos
cherifiano	cherifiana
cherifiano	cherifianas
cherkés	cherkeses
cherkés	cherkesa
cherkés	cherkesas
chetado	chetados
chetado	chetada
chetado	chetadas
cheto	chetos
cheto	cheta
cheto	chetas
chetumaleño	chetumaleños
chetumaleño	chetumaleña
chetumaleño	chetumaleñas
chewa	chewas
chiapaneco	chiapanecos
chiapaneco	chiapaneca
chiapaneco	chiapanecas
chibcha	chibchas
chibemba	chibembas
chic	chics
chicanero	chicaneros
chicanero	chicanera
chicanero	chicaneras
chicano	chicanos
chicano	chicana
chicano	chicanas
chicha	chichas
chicharrón	chicharrones
chicharrón	chicharrona
chicharrón	chicharronas
chichero	chicheros
chichero	chichera
chichero	chicheras
chicho	chichos
chicho	chicha
chicho	chichas
chichonero	chichoneros
chichonero	chichonera
chichonero	chichoneras
chiclayano	chiclayanos
chiclayano	chiclayana
chiclayano	chiclayanas
chicloso	chiclosos
chicloso	chiclosa
chicloso	chiclosas
chico	chicos
chico	chica
chico	chicas
chifero	chiferos
chifero	chifera
chifero	chiferas
chiflado	chiflados
chiflado	chiflada
chiflado	chifladas
chihuahuense	chihuahuenses
chiita	chiitas
chilango	chilangos
chilango	chilanga
chilango	chilangas
chilenazo	chilenazos
chilenazo	chilenaza
chilenazo	chilenazas
chileno	chilenos
chileno	chilena
chileno	chilenas
chileno	chilenísimo
chilensis	
chilenísimo	chilenísimos
chilenísimo	chilenísima
chilenísimo	chilenísimas
chileño	chileños
chileño	chileña
chileño	chileñas
chilido	chilidos
chilido	chilida
chilido	chilidas
chillador	chilladores
chillador	chilladora
chillador	chilladoras
chillanejo	chillanejos
chillanejo	chillaneja
chillanejo	chillanejas
chillanense	chillanenses
chillón	chillones
chillón	chillona
chillón	chillonas
chiloso	
chilota	
chilote	chilotes
chilote	chilota
chilote	chilotas
chimbero	chimberos
chimbero	chimbera
chimbero	chimberas
chimbo	chimbos
chimbo	chimba
chimbo	chimbas
chimbombo	chimbombos
chimbombo	chimbomba
chimbombo	chimbombas
chinado	chinados
chinado	chinada
chinado	chinadas
chinche	
chinchento	chinchentos
chinchento	chinchenta
chinchento	chinchentas
chinchorro	chinchorros
chinchorro	chinchorra
chinchorro	chinchorras
chinchoso	chinchosos
chinchoso	chinchosa
chinchoso	chinchosas
chingaquedito	chingaqueditos
chingaquedito	chingaquedita
chingaquedito	chingaqueditas
chingoncísimo	chingoncísimos
chingoncísimo	chingoncísima
chingoncísimo	chingoncísimas
chinijo	chinijos
chinijo	chinija
chinijo	chinijas
chinito	chinitos
chinito	chinita
chinito	chinitas
chino	chinos
chino	china
chino	chinas
chipe	chipes
chipileño	chipileños
chipileño	chipileña
chipileño	chipileñas
chipojo	chipojos
chipojo	chipoja
chipojo	chipojas
chipriota	chipriotas
chipujo	chipujos
chipujo	chipuja
chipujo	chipujas
chiqueador	chiqueadores
chiqueador	chiqueadora
chiqueador	chiqueadoras
chiquitico	chiquiticos
chiquitico	chiquitica
chiquitico	chiquiticas
chiquito	chiquitos
chiquito	chiquita
chiquito	chiquitas
chiricano	chiricanos
chiricano	chiricana
chiricano	chiricanas
chiripero	chiriperos
chiripero	chiripera
chiripero	chiriperas
chiripá	chiripás
chirivelense	chirivelenses
chiriveleño	chiriveleños
chiriveleño	chiriveleña
chiriveleño	chiriveleñas
chirreador	chirreadores
chirreador	chirreadora
chirreador	chirreadoras
chirriador	chirriadores
chirriador	chirriadora
chirriador	chirriadoras
chirriante	chirriantes
chismero	chismeros
chismero	chismera
chismero	chismeras
chismoso	chismosos
chismoso	chismosa
chismoso	chismosas
chisporroteante	chisporroteantes
chistoso	chistosos
chistoso	chistosa
chistoso	chistosas
chistoso	chistosísimo
chistosísimo	chistosísimos
chistosísimo	chistosísima
chistosísimo	chistosísimas
chitero	chiteros
chitero	chitera
chitero	chiteras
chitrulo	chitrulos
chitrulo	chitrula
chitrulo	chitrulas
chivo	chivos
chivo	chiva
chivo	chivas
chiwemba	chiwembas
chií	chiís
chií	chiíes
choapino	choapinos
choapino	choapina
choapino	choapinas
chocador	chocadores
chocador	chocadora
chocador	chocadoras
choclero	chocleros
choclero	choclera
choclero	chocleras
choclón	choclones
choclón	choclona
choclón	choclonas
choco	chocos
choco	choca
choco	chocas
chocoano	chocoanos
chocoano	chocoana
chocoano	chocoanas
chocolate	chocolates
chocolateado	chocolateados
chocolateado	chocolateada
chocolateado	chocolateadas
chocolatero	chocolateros
chocolatero	chocolatera
chocolatero	chocolateras
chocolatoso	chocolatosos
chocolatoso	chocolatosa
chocolatoso	chocolatosas
choctaw	
chol	choles
cholero	choleros
cholero	cholera
cholero	choleras
cholo	cholos
cholo	chola
cholo	cholas
chomskiano	chomskianos
chomskiano	chomskiana
chomskiano	chomskianas
choncho	chonchos
choncho	choncha
choncho	chonchas
chongo	chongos
chongo	chonga
chongo	chongas
chono	
chonque	chonques
chonque	chonca
chonque	choncas
chontal	chontales
chop	
choreco	
chorrerano	chorreranos
chorrerano	chorrerana
chorrerano	chorreranas
chorrillano	chorrillanos
chorrillano	chorrillana
chorrillano	chorrillanas
chorro	chorros
chorro	chorra
chorro	chorras
choto	chotos
choto	chota
choto	chotas
chubutense	chubutenses
chuchesumadre	chuchesumadres
chuchumeco	chuchumecos
chuchumeco	chuchumeca
chuchumeco	chuchumecas
chueco	chuecos
chueco	chueca
chueco	chuecas
chufletero	chufleteros
chufletero	chufletera
chufletero	chufleteras
chukchi	chukchis
chulesco	chulescos
chulesco	chulesca
chulesco	chulescas
chulleco	chullecos
chulleco	chulleca
chulleco	chullecas
chulo	chulos
chulo	chula
chulo	chulas
chulo	chulísimo
chulísimo	chulísimos
chulísimo	chulísima
chulísimo	chulísimas
chuncho	chunchos
chuncho	chuncha
chuncho	chunchas
chunco	chuncos
chunco	chunca
chunco	chuncas
chundo	chundos
chundo	chunda
chundo	chundas
chungo	chungos
chungo	chunga
chungo	chungas
chupadazo	chupadazos
chupadazo	chupadaza
chupadazo	chupadazas
chupado	chupados
chupado	chupada
chupado	chupadas
chupagoles	
chupapercebes	
chupapija	chupapijas
chupe	chupes
chupín	chupines
chupín	chupina
chupín	chupinas
chupón	chupones
chupón	chupona
chupón	chuponas
chure	
churito	churitos
churito	churita
churito	churitas
churriento	churrientos
churriento	churrienta
churriento	churrientas
churro	churros
churro	churra
churro	churras
chusco	chuscos
chusco	chusca
chusco	chuscas
chusquero	chusqueros
chusquero	chusquera
chusquero	chusqueras
chuto	chutos
chuto	chuta
chuto	chutas
chuvasio	chuvasios
chuvasio	chuvasia
chuvasio	chuvasias
chuzo	chuzos
chuzo	chuza
chuzo	chuzas
chuñalo	chuñalos
chuñalo	chuñala
chuñalo	chuñalas
chuño	chuños
chuño	chuña
chuño	chuñas
chárter	chárteres
chévere	chéveres
chúcaro	chúcaros
chúcaro	chúcara
chúcaro	chúcaras
cian	cianes
cianeo	cianeos
cianeo	cianea
cianeo	cianeas
cianoso	cianosos
cianoso	cianosa
cianoso	cianosas
cianótico	cianóticos
cianótico	cianótica
cianótico	cianóticas
cibercondríaco	cibercondríacos
cibercondríaco	cibercondríaca
cibercondríaco	cibercondríacas
cibernético	cibernéticos
cibernético	cibernética
cibernético	cibernéticas
cicatero	cicateros
cicatero	cicatera
cicatero	cicateras
cicatricial	cicatriciales
cicatrizante	cicatrizantes
ciclista	ciclistas
ciclonudista	ciclonudistas
ciclopeatonal	ciclopeatonales
ciclotímico	ciclotímicos
ciclotímico	ciclotímica
ciclotímico	ciclotímicas
ciclópeo	
ciclópico	ciclópicos
ciclópico	ciclópica
ciclópico	ciclópicas
ciego	ciegos
ciego	ciega
ciego	ciegas
ciencista	ciencistas
cienoso	cienosos
cienoso	cienosa
cienoso	cienosas
cientañal	cientañales
ciente	cientes
cienteñal	cienteñales
cientificista	cientificistas
cientista	cientistas
científico	científicos
científico	científica
científico	científicas
cierto	ciertos
cierto	cierta
cierto	ciertas
cierto	ciertísimo
cierto	certísimo
cifontino	cifontinos
cifontino	cifontina
cifontino	cifontinas
cigomorfo	cigomorfos
cigomorfo	cigomorfa
cigomorfo	cigomorfas
cigomático	cigomáticos
cigomático	cigomática
cigomático	cigomáticas
ciliado	ciliados
ciliado	ciliada
ciliado	ciliadas
cilicio	cilicios
cilicio	cilicia
cilicio	cilicias
cilíndrico	cilíndricos
cilíndrico	cilíndrica
cilíndrico	cilíndricas
cimarrero	cimarreros
cimarrero	cimarrera
cimarrero	cimarreras
cimarrón	cimarrones
cimarrón	cimarrona
cimarrón	cimarronas
cimbreante	cimbreantes
cimbrio	cimbrios
cimbrio	cimbria
cimbrio	cimbrias
cimbro	cimbros
cimbro	cimbra
cimbro	cimbras
cimero	cimeros
cimero	cimera
cimero	cimeras
cincoañal	cincoañales
cincuentavo	cincuentavos
cincuentavo	cincuentava
cincuentavo	cincuentavas
cincuentenario	cincuentenarios
cincuentenario	cincuentenaria
cincuentenario	cincuentenarias
cinegético	cinegéticos
cinegético	cinegética
cinegético	cinegéticas
cinematográfico	cinematográficos
cinematográfico	cinematográfica
cinematográfico	cinematográficas
cinerítico	cineríticos
cinerítico	cinerítica
cinerítico	cineríticas
cinesiológico	cinesiológicos
cinesiológico	cinesiológica
cinesiológico	cinesiológicas
cingalés	cingaleses
cingalés	cingalesa
cingalés	cingalesas
cinocéfalo	cinocéfalos
cinocéfalo	cinocéfala
cinocéfalo	cinocéfalas
cinzolino	
cinzolín	cinzolines
cinzolín	cinzolina
cinzolín	cinzolinas
cinéfilo	cinéfilos
cinéfilo	cinéfila
cinéfilo	cinéfilas
cinético	cinéticos
cinético	cinética
cinético	cinéticas
ciperáceo	ciperáceos
ciperáceo	ciperácea
ciperáceo	ciperáceas
cipoleño	cipoleños
cipoleño	cipoleña
cipoleño	cipoleñas
circadiano	circadianos
circadiano	circadiana
circadiano	circadianas
circasiano	circasianos
circasiano	circasiana
circasiano	circasianas
circense	circenses
circular	circulares
circulatorio	circulatorios
circulatorio	circulatoria
circulatorio	circulatorias
circunciso	circuncisos
circunciso	circuncisa
circunciso	circuncisas
circundante	circundantes
circunferencial	circunferenciales
circunspecto	circunspectos
circunspecto	circunspecta
circunspecto	circunspectas
circunstancial	circunstanciales
circunstante	circunstantes
circunvalar	circunvalares
ciribulle	ciribulles
cirrótico	cirróticos
cirrótico	cirrótica
cirrótico	cirróticas
cirílico	cirílicos
cirílico	cirílica
cirílico	cirílicas
cis	
cisalpino	cisalpinos
cisalpino	cisalpina
cisalpino	cisalpinas
ciscón	ciscones
ciscón	ciscona
ciscón	cisconas
cisexual	cisexuales
cisgénero	
cismontano	cismontanos
cismontano	cismontana
cismontano	cismontanas
cisplatino	cisplatinos
cisplatino	cisplatina
cisplatino	cisplatinas
citable	citables
citadino	citadinos
citadino	citadina
citadino	citadinas
citador	citadores
citador	citadora
citador	citadoras
citarístico	citarísticos
citarístico	citarística
citarístico	citarísticas
citatorio	citatorios
citatorio	citatoria
citatorio	citatorias
citereo	citereos
citereo	citerea
citereo	citereas
citostático	citostáticos
citostático	citostática
citostático	citostáticas
citotóxico	
ciudadano	ciudadanos
ciudadano	ciudadana
ciudadano	ciudadanas
ciudadrealeño	ciudadrealeños
ciudadrealeño	ciudadrealeña
ciudadrealeño	ciudadrealeñas
ciudarrealeño	ciudarrealeños
ciudarrealeño	ciudarrealeña
ciudarrealeño	ciudarrealeñas
civil	civiles
civilizado	civilizados
civilizado	civilizada
civilizado	civilizadas
civilizador	civilizadores
civilizador	civilizadora
civilizador	civilizadoras
civilizatorio	civilizatorios
civilizatorio	civilizatoria
civilizatorio	civilizatorias
civilístico	civilísticos
civilístico	civilística
civilístico	civilísticas
cizañador	cizañadores
cizañador	cizañadora
cizañador	cizañadoras
cizañero	cizañeros
cizañero	cizañera
cizañero	cizañeras
clamoroso	clamorosos
clamoroso	clamorosa
clamoroso	clamorosas
clamoso	clamosos
clamoso	clamosa
clamoso	clamosas
clandestino	clandestinos
clandestino	clandestina
clandestino	clandestinas
claretiano	claretianos
claretiano	claretiana
claretiano	claretianas
clarificador	clarificadores
clarificador	clarificadora
clarificador	clarificadoras
clarividente	clarividentes
claro	claros
claro	clara
claro	claras
claro	clarísimo
claroscuro	claroscuros
claroscuro	claroscura
claroscuro	claroscuras
clarífico	claríficos
clarífico	clarífica
clarífico	claríficas
clarísimo	clarísimos
clarísimo	clarísima
clarísimo	clarísimas
clasicista	clasicistas
clasificador	clasificadores
clasificador	clasificadora
clasificador	clasificadoras
clasista	clasistas
clatrado	clatrados
clatrado	clatrada
clatrado	clatradas
claudicante	claudicantes
claustral	claustrales
claustrofóbico	claustrofóbicos
claustrofóbico	claustrofóbica
claustrofóbico	claustrofóbicas
clavado	clavados
clavado	clavada
clavado	clavadas
clave	claves
clavel	claveles
clemente	clementes
cleptómano	cleptómanos
cleptómano	cleptómana
cleptómano	cleptómanas
clerical	clericales
clignotante	clignotantes
climatizador	climatizadores
climatizador	climatizadora
climatizador	climatizadoras
climatológico	climatológicos
climatológico	climatológica
climatológico	climatológicas
climatérico	climatéricos
climatérico	climatérica
climatérico	climatéricas
climático	climáticos
climático	climática
climático	climáticas
cliometrista	cliometristas
cliométrico	cliométricos
cliométrico	cliométrica
cliométrico	cliométricas
clivoso	clivosos
clivoso	clivosa
clivoso	clivosas
clorhídrico	clorhídricos
clorhídrico	clorhídrica
clorhídrico	clorhídricas
clorofluorocarbonado	clorofluorocarbonados
clorofluorocarbonado	clorofluorocarbonada
clorofluorocarbonado	clorofluorocarbonadas
clorofílico	clorofílicos
clorofílico	clorofílica
clorofílico	clorofílicas
clorofórmico	clorofórmicos
clorofórmico	clorofórmica
clorofórmico	clorofórmicas
clueco	cluecos
clueco	clueca
clueco	cluecas
cluniense	clunienses
clásico	clásicos
clásico	clásica
clásico	clásicas
clástico	clásticos
clástico	clástica
clástico	clásticas
cláustrico	cláustricos
cláustrico	cláustrica
cláustrico	cláustricas
clínico	clínicos
clínico	clínica
clínico	clínicas
clítico	clíticos
clítico	clítica
clítico	clíticas
coactivo	coactivos
coactivo	coactiva
coactivo	coactivas
coadyuvante	coadyuvantes
coagulador	coaguladores
coagulador	coaguladora
coagulador	coaguladoras
coagulante	coagulantes
coahuilense	coahuilenses
coalescente	coalescentes
coartador	coartadores
coartador	coartadora
coartador	coartadoras
coaxial	coaxiales
cobarde	cobardes
cobardón	cobardones
cobardón	cobardona
cobardón	cobardonas
cobijador	cobijadores
cobijador	cobijadora
cobijador	cobijadoras
cobreado	cobreados
cobreado	cobreada
cobreado	cobreadas
cobrizo	cobrizos
cobrizo	cobriza
cobrizo	cobrizas
cocainómano	cocainómanos
cocainómano	cocainómana
cocainómano	cocainómanas
cocalero	cocaleros
cocalero	cocalera
cocalero	cocaleras
coccíneo	coccíneos
coccíneo	coccínea
coccíneo	coccíneas
coceador	coceadores
coceador	coceadora
coceador	coceadoras
cochabambina	
cochabambino	cochabambinos
cochabambino	cochabambina
cochabambino	cochabambinas
coche	coches
cochero	cocheros
cochero	cochera
cochero	cocheras
cochino	cochinos
cochino	cochina
cochino	cochinas
cochino	cochinísimo
cochinísimo	cochinísimos
cochinísimo	cochinísima
cochinísimo	cochinísimas
cocho	cochos
cocho	cocha
cocho	cochas
cocida	
cocido	cocidos
cocido	cocida
cocido	cocidas
coclesano	coclesanos
coclesano	coclesana
coclesano	coclesanas
cocorito	cocoritos
cocorito	cocorita
cocorito	cocoritas
codero	coderos
codero	codera
codero	coderas
codicilar	codicilares
codicioso	codiciosos
codicioso	codiciosa
codicioso	codiciosas
codificador	codificadores
codificador	codificadora
codificador	codificadoras
codo	codos
codo	coda
codo	codas
coeficiente	
coercible	coercibles
coercitivo	coercitivos
coercitivo	coercitiva
coercitivo	coercitivas
coetáneo	coetáneos
coetáneo	coetánea
coetáneo	coetáneas
coexistente	coexistentes
cofla	
cofundador	cofundadores
cofundador	cofundadora
cofundador	cofundadoras
cogitabundo	cogitabundos
cogitabundo	cogitabunda
cogitabundo	cogitabundas
cognado	cognados
cognado	cognada
cognado	cognadas
cognaticio	cognaticios
cognaticio	cognaticia
cognaticio	cognaticias
cognitivo	cognitivos
cognitivo	cognitiva
cognitivo	cognitivas
cognoscente	cognoscentes
cognoscible	cognoscibles
cognoscitivo	cognoscitivos
cognoscitivo	cognoscitiva
cognoscitivo	cognoscitivas
cogotudo	cogotudos
cogotudo	cogotuda
cogotudo	cogotudas
coherente	coherentes
cohesivo	cohesivos
cohesivo	cohesiva
cohesivo	cohesivas
cohibido	cohibidos
cohibido	cohibida
cohibido	cohibidas
cohonestador	cohonestadores
cohonestador	cohonestadora
cohonestador	cohonestadoras
coihaiquino	coihaiquinos
coihaiquino	coihaiquina
coihaiquino	coihaiquinas
coincidente	coincidentes
cointeresado	cointeresados
cointeresado	cointeresada
cointeresado	cointeresadas
cojedeño	cojedeños
cojedeño	cojedeña
cojedeño	cojedeñas
cojitranco	cojitrancos
cojitranco	cojitranca
cojitranco	cojitrancas
cojo	cojos
cojo	coja
cojo	cojas
cojonudo	cojonudos
cojonudo	cojonuda
cojonudo	cojonudas
colaboracionista	colaboracionistas
colaborador	colaboradores
colaborador	colaboradora
colaborador	colaboradoras
coladizo	coladizos
coladizo	coladiza
coladizo	coladizas
colado	colados
colado	colada
colado	coladas
colateral	colaterales
colchagüino	colchagüinos
colchagüino	colchagüina
colchagüino	colchagüinas
colchonero	colchoneros
colchonero	colchonera
colchonero	colchoneras
coleado	coleados
coleado	coleada
coleado	coleadas
colecticio	colecticios
colecticio	colecticia
colecticio	colecticias
colectivista	colectivistas
colectivo	colectivos
colectivo	colectiva
colectivo	colectivas
colector	colectores
colector	colectora
colector	colectoras
colegiado	colegiados
colegiado	colegiada
colegiado	colegiadas
colegial	colegiales
colegislador	colegisladores
colegislador	colegisladora
colegislador	colegisladoras
coleto	coletos
coleto	coleta
coleto	coletas
coleóptero	coleópteros
coleóptero	coleóptera
coleóptero	coleópteras
colgado	colgados
colgado	colgada
colgado	colgadas
colgante	colgantes
colibrillo	colibrillos
colibrillo	colibrilla
colibrillo	colibrillas
colicuativo	colicuativos
colicuativo	colicuativa
colicuativo	colicuativas
colifa	colifas
colifato	colifatos
colifato	colifata
colifato	colifatas
coliforme	coliformes
colimense	colimenses
colinario	colinarios
colinario	colinaria
colinario	colinarias
colindante	colindantes
colino	colinos
colino	colina
colino	colinas
colista	colistas
colla	collas
colmado	colmados
colmado	colmada
colmado	colmadas
colmenarete	colmenaretes
colmenarete	colmenareta
colmenarete	colmenaretas
colo	colos
colo	cola
colo	colas
colocolino	colocolinos
colocolino	colocolina
colocolino	colocolinas
colombianista	colombianistas
colombiano	colombianos
colombiano	colombiana
colombiano	colombianas
colombianísimo	colombianísimos
colombianísimo	colombianísima
colombianísimo	colombianísimas
colombino	colombinos
colombino	colombina
colombino	colombinas
colombófilo	colombófilos
colombófilo	colombófila
colombófilo	colombófilas
colomín	
colonense	colonenses
colonial	coloniales
coloniense	colonienses
colonizador	colonizadores
colonizador	colonizadora
colonizador	colonizadoras
coloquial	coloquiales
colorado	colorados
colorado	colorada
colorado	coloradas
coloradísimo	coloradísimos
coloradísimo	coloradísima
coloradísimo	coloradísimas
colorido	coloridos
colorido	colorida
colorido	coloridas
colorinche	colorinches
colorín	colorines
colorín	colorina
colorín	colorinas
colosal	colosales
coludo	coludos
coludo	coluda
coludo	coludas
columbino	columbinos
columbino	columbina
columbino	columbinas
columnario	columnarios
columnario	columnaria
columnario	columnarias
colérico	coléricos
colérico	colérica
colérico	coléricas
colín	colines
colín	colina
colín	colinas
comado	comados
comado	comada
comado	comadas
comanche	comanches
comanditario	comanditarios
comanditario	comanditaria
comanditario	comanditarias
comarcano	comarcanos
comarcano	comarcana
comarcano	comarcanas
comatoso	comatosos
comatoso	comatosa
comatoso	comatosas
combado	combados
combado	combada
combado	combadas
combarbalino	combarbalinos
combarbalino	combarbalina
combarbalino	combarbalinas
combatiente	combatientes
combativo	combativos
combativo	combativa
combativo	combativas
combinacional	combinacionales
combinatorio	combinatorios
combinatorio	combinatoria
combinatorio	combinatorias
combo	combos
combo	comba
combo	combas
combustible	combustibles
comechingón	comechingones
comechingón	comechingona
comechingón	comechingonas
comedido	comedidos
comedido	comedida
comedido	comedidas
comelón	comelones
comelón	comelona
comelón	comelonas
comendaticio	comendaticios
comendaticio	comendaticia
comendaticio	comendaticias
comepollas	
comerciable	comerciables
comercial	comerciales
comerciante	comerciantes
comestible	comestibles
cometario	cometarios
cometario	cometaria
cometario	cometarias
cometravas	
comidista	comidistas
comilón	comilones
comilón	comilona
comilón	comilonas
comisionado	comisionados
comisionado	comisionada
comisionado	comisionadas
comitativo	comitativos
comitativo	comitativa
comitativo	comitativas
comiteco	comitecos
comiteco	comiteca
comiteco	comitecas
comodino	comodinos
comodino	comodina
comodino	comodinas
comorano	comoranos
comorano	comorana
comorano	comoranas
comorense	comorenses
compacto	compactos
compacto	compacta
compacto	compactas
compadrito	compadritos
compadrito	compadrita
compadrito	compadritas
compaginado	compaginados
compaginado	compaginada
compaginado	compaginadas
comparable	comparables
comparado	comparados
comparado	comparada
comparado	comparadas
comparador	comparadores
comparador	comparadora
comparador	comparadoras
comparatista	comparatistas
comparativista	comparativistas
comparativo	comparativos
comparativo	comparativa
comparativo	comparativas
compasado	compasados
compasado	compasada
compasado	compasadas
compasivo	compasivos
compasivo	compasiva
compasivo	compasivas
compatible	compatibles
compendiador	compendiadores
compendiador	compendiadora
compendiador	compendiadoras
compendioso	compendiosos
compendioso	compendiosa
compendioso	compendiosas
compensador	compensadores
compensador	compensadora
compensador	compensadoras
competente	competentes
competidor	competidores
competidor	competidora
competidor	competidoras
competitivo	competitivos
competitivo	competitiva
competitivo	competitivas
compilador	compiladores
compilador	compiladora
compilador	compiladoras
complacedor	complacedores
complacedor	complacedora
complacedor	complacedoras
complacible	complacibles
complaciente	complacientes
complejo	complejos
complejo	compleja
complejo	complejas
complementario	complementarios
complementario	complementaria
complementario	complementarias
completo	completos
completo	completa
completo	completas
complexionado	complexionados
complexionado	complexionada
complexionado	complexionadas
complexivo	complexivos
complexivo	complexiva
complexivo	complexivas
complicado	
complicadísimo	complicadísimos
complicadísimo	complicadísima
complicadísimo	complicadísimas
complice	complices
complotista	complotistas
complutense	complutenses
compositivo	compositivos
compositivo	compositiva
compositivo	compositivas
compositor	compositores
compositor	compositora
compositor	compositoras
compostelano	compostelanos
compostelano	compostelana
compostelano	compostelanas
comprador	compradores
comprador	compradora
comprador	compradoras
comprante	comprantes
comprendedor	comprendedores
comprendedor	comprendedora
comprendedor	comprendedoras
comprensible	comprensibles
comprensivo	comprensivos
comprensivo	comprensiva
comprensivo	comprensivas
compresible	compresibles
compresor	compresores
compresor	compresora
compresor	compresoras
comprobante	comprobantes
comprometedor	comprometedores
comprometedor	comprometedora
comprometedor	comprometedoras
compuesto	compuestos
compuesto	compuesta
compuesto	compuestas
compulsivo	compulsivos
compulsivo	compulsiva
compulsivo	compulsivas
compungido	compungidos
compungido	compungida
compungido	compungidas
computable	computables
computacional	computacionales
computador	computadores
computador	computadora
computador	computadoras
comulgador	comulgadores
comulgador	comulgadora
comulgador	comulgadoras
comulgante	comulgantes
comunacho	comunachos
comunacho	comunacha
comunacho	comunachas
comunal	comunales
comunardo	comunardos
comunardo	comunarda
comunardo	comunardas
comunero	comuneros
comunero	comunera
comunero	comuneras
comunicable	comunicables
comunicacional	comunicacionales
comunicador	comunicadores
comunicador	comunicadora
comunicador	comunicadoras
comunicante	comunicantes
comunicativo	comunicativos
comunicativo	comunicativa
comunicativo	comunicativas
comunista	comunistas
comunitario	comunitarios
comunitario	comunitaria
comunitario	comunitarias
comunísimo	comunísimos
comunísimo	comunísima
comunísimo	comunísimas
comástico	comásticos
comástico	comástica
comástico	comásticas
común	comunes
común	comunísimo
concelebrante	concelebrantes
concentrador	concentradores
concentrador	concentradora
concentrador	concentradoras
concepcionero	concepcioneros
concepcionero	concepcionera
concepcionero	concepcioneras
concepcionista	concepcionistas
conceptivo	conceptivos
conceptivo	conceptiva
conceptivo	conceptivas
conceptual	conceptuales
conceptuoso	conceptuosos
conceptuoso	conceptuosa
conceptuoso	conceptuosas
concerniente	concernientes
concesionario	concesionarios
concesionario	concesionaria
concesionario	concesionarias
concheto	conchetos
concheto	concheta
concheto	conchetas
concho	conchos
concho	concha
concho	conchas
conchudo	conchudos
conchudo	conchuda
conchudo	conchudas
conchícola	conchícolas
concienzudo	concienzudos
concienzudo	concienzuda
concienzudo	concienzudas
conciliable	conciliables
conciliador	conciliadores
conciliador	conciliadora
conciliador	conciliadoras
conciso	concisos
conciso	concisa
conciso	concisas
concluyente	concluyentes
concomitante	concomitantes
concorde	concordes
concreto	concretos
concreto	concreta
concreto	concretas
concubinario	concubinarios
concubinario	concubinaria
concubinario	concubinarias
conculcador	conculcadores
conculcador	conculcadora
conculcador	conculcadoras
concupactible	concupactibles
concupiscente	concupiscentes
concupiscible	concupiscibles
concurrente	concurrentes
concurrido	concurridos
concurrido	concurrida
concurrido	concurridas
concurridísimo	concurridísimos
concurridísimo	concurridísima
concurridísimo	concurridísimas
concurriente	concurrientes
concursante	concursantes
concéntrico	concéntricos
concéntrico	concéntrica
concéntrico	concéntricas
condecente	condecentes
condenabilísimo	condenabilísimos
condenabilísimo	condenabilísima
condenabilísimo	condenabilísimas
condenable	condenables
condenatorio	condenatorios
condenatorio	condenatoria
condenatorio	condenatorias
condensador	condensadores
condensador	condensadora
condensador	condensadoras
condescendiente	condescendientes
condesil	condesiles
condicente	condicentes
condiciente	condicientes
condicionado	condicionados
condicionado	condicionada
condicionado	condicionadas
condicional	condicionales
condigno	condignos
condigno	condigna
condigno	condignas
condrográfico	condrográficos
condrográfico	condrográfica
condrográfico	condrográficas
conducente	conducentes
conducidor	conducidores
conducidor	conducidora
conducidor	conducidoras
conector	conectores
conector	conectora
conector	conectoras
conejero	conejeros
conejero	conejera
conejero	conejeras
conejil	conejiles
conejo	conejos
conejo	coneja
conejo	conejas
conejuno	conejunos
conejuno	conejuna
conejuno	conejunas
confabulador	confabuladores
confabulador	confabuladora
confabulador	confabuladoras
confeccionador	confeccionadores
confeccionador	confeccionadora
confeccionador	confeccionadoras
confederal	confederales
confiable	confiables
confiado	confiados
confiado	confiada
confiado	confiadas
confianzudo	confianzudos
confianzudo	confianzuda
confianzudo	confianzudas
confidencial	confidenciales
confidente	confidentes
confirmador	confirmadores
confirmador	confirmadora
confirmador	confirmadoras
confirmante	confirmantes
confiscatorio	confiscatorios
confiscatorio	confiscatoria
confiscatorio	confiscatorias
conflictivo	conflictivos
conflictivo	conflictiva
conflictivo	conflictivas
conflictual	conflictuales
conforme	conformes
conformista	conformistas
confortabilísimo	confortabilísimos
confortabilísimo	confortabilísima
confortabilísimo	confortabilísimas
confortable	confortables
confortador	confortadores
confortador	confortadora
confortador	confortadoras
confrontacional	confrontacionales
confrontante	confrontantes
confrontativo	confrontativos
confrontativo	confrontativa
confrontativo	confrontativas
confuso	confusos
confuso	confusa
confuso	confusas
confutador	confutadores
confutador	confutadora
confutador	confutadoras
confín	
congelable	congelables
congelador	congeladores
congelador	congeladora
congelador	congeladoras
congelante	congelantes
congestivo	congestivos
congestivo	congestiva
congestivo	congestivas
conglutinoso	conglutinosos
conglutinoso	conglutinosa
conglutinoso	conglutinosas
congojoso	congojosos
congojoso	congojosa
congojoso	congojosas
congoleño	congoleños
congoleño	congoleña
congoleño	congoleñas
congolés	congoleses
congolés	congolesa
congolés	congolesas
congozante	congozantes
congraciador	congraciadores
congraciador	congraciadora
congraciador	congraciadoras
congratulatorio	congratulatorios
congratulatorio	congratulatoria
congratulatorio	congratulatorias
congregacionalista	congregacionalistas
congruente	congruentes
congénere	congéneres
congénito	congénitos
congénito	congénita
congénito	congénitas
conjeturador	conjeturadores
conjeturador	conjeturadora
conjeturador	conjeturadoras
conjetural	conjeturales
conjugado	conjugados
conjugado	conjugada
conjugado	conjugadas
conjuntivo	conjuntivos
conjuntivo	conjuntiva
conjuntivo	conjuntivas
conllevador	conllevadores
conllevador	conllevadora
conllevador	conllevadoras
conmemorativo	conmemorativos
conmemorativo	conmemorativa
conmemorativo	conmemorativas
conmensurable	conmensurables
conmiserativo	conmiserativos
conmiserativo	conmiserativa
conmiserativo	conmiserativas
conmovedor	conmovedores
conmovedor	conmovedora
conmovedor	conmovedoras
connacional	connacionales
connado	connados
connado	connada
connado	connadas
connatural	connaturales
connotativo	connotativos
connotativo	connotativa
connotativo	connotativas
conocedor	conocedores
conocedor	conocedora
conocedor	conocedoras
conocible	conocibles
conocido	conocidos
conocido	conocida
conocido	conocidas
conquense	conquenses
conqueridor	conqueridores
conqueridor	conqueridora
conqueridor	conqueridoras
conquiforme	conquiformes
conquiliológico	conquiliológicos
conquiliológico	conquiliológica
conquiliológico	conquiliológicas
conquiso	conquisos
conquiso	conquisa
conquiso	conquisas
conquistable	conquistables
conquistador	conquistadores
conquistador	conquistadora
conquistador	conquistadoras
consabido	consabidos
consabido	consabida
consabido	consabidas
consagratorio	consagratorios
consagratorio	consagratoria
consagratorio	consagratorias
consciente	conscientes
conscripto	conscriptos
conscripto	conscripta
conscripto	conscriptas
consecuencial	consecuenciales
consecuente	consecuentes
consecutivo	consecutivos
consecutivo	consecutiva
consecutivo	consecutivas
consentido	consentidos
consentido	consentida
consentido	consentidas
consentidor	consentidores
consentidor	consentidora
consentidor	consentidoras
conservador	conservadores
conservador	conservadora
conservador	conservadoras
conservativo	conservativos
conservativo	conservativa
conservativo	conservativas
conservatorio	
considerabilísimo	considerabilísimos
considerabilísimo	considerabilísima
considerabilísimo	considerabilísimas
considerable	considerables
considerable	considerabilísimo
considerado	considerados
considerado	considerada
considerado	consideradas
considerador	consideradores
considerador	consideradora
considerador	consideradoras
consiguiente	consiguientes
consistente	consistentes
consolador	consoladores
consolador	consoladora
consolador	consoladoras
consolidado	consolidados
consolidado	consolidada
consolidado	consolidadas
consonante	consonantes
consonántico	consonánticos
consonántico	consonántica
consonántico	consonánticas
conspicuo	conspicuos
conspicuo	conspicua
conspicuo	conspicuas
conspiranoico	conspiranoicos
conspiranoico	conspiranoica
conspiranoico	conspiranoicas
constante	constantes
constipado	constipados
constipado	constipada
constipado	constipadas
constipadísimo	constipadísimos
constipadísimo	constipadísima
constipadísimo	constipadísimas
constitucional	constitucionales
constitucionalista	constitucionalistas
constitutivo	constitutivos
constitutivo	constitutiva
constitutivo	constitutivas
constrictivo	constrictivos
constrictivo	constrictiva
constrictivo	constrictivas
constrictor	constrictores
constrictor	constrictora
constrictor	constrictoras
constructivo	constructivos
constructivo	constructiva
constructivo	constructivas
constructor	constructores
constructor	constructora
constructor	constructoras
consubstancial	consubstanciales
consueto	consuetos
consueto	consueta
consueto	consuetas
consuetudinario	consuetudinarios
consuetudinario	consuetudinaria
consuetudinario	consuetudinarias
consular	consulares
consultivo	consultivos
consultivo	consultiva
consultivo	consultivas
consulto	consultos
consulto	consulta
consulto	consultas
consultor	consultores
consultor	consultora
consultor	consultoras
consumado	consumados
consumado	consumada
consumado	consumadas
consumativo	consumativos
consumativo	consumativa
consumativo	consumativas
consumido	consumidos
consumido	consumida
consumido	consumidas
consumidor	consumidores
consumidor	consumidora
consumidor	consumidoras
consumista	consumistas
consuntivo	consuntivos
consuntivo	consuntiva
consuntivo	consuntivas
consustancial	consustanciales
contable	contables
contado	contados
contado	contada
contado	contadas
contagiador	contagiadores
contagiador	contagiadora
contagiador	contagiadoras
contagioso	contagiosos
contagioso	contagiosa
contagioso	contagiosas
contaminador	contaminadores
contaminador	contaminadora
contaminador	contaminadoras
contemporizador	contemporizadores
contemporizador	contemporizadora
contemporizador	contemporizadoras
contemporáneo	contemporáneos
contemporáneo	contemporánea
contemporáneo	contemporáneas
contencioso	contenciosos
contencioso	contenciosa
contencioso	contenciosas
contenedor	contenedores
contenedor	contenedora
contenedor	contenedoras
contenido	contenidos
contenido	contenida
contenido	contenidas
contentable	contentables
contentadizo	contentadizos
contentadizo	contentadiza
contentadizo	contentadizas
contentible	contentibles
contentivo	contentivos
contentivo	contentiva
contentivo	contentivas
contento	contentos
contento	contenta
contento	contentas
contentoso	contentosos
contentoso	contentosa
contentoso	contentosas
contentísimo	contentísimos
contentísimo	contentísima
contentísimo	contentísimas
conterráneo	conterráneos
conterráneo	conterránea
conterráneo	conterráneas
contestable	contestables
contestador	contestadores
contestador	contestadora
contestador	contestadoras
contestani	contestanis
contestano	contestanos
contestano	contestana
contestano	contestanas
contestario	contestarios
contestario	contestaria
contestario	contestarias
contestatario	contestatarios
contestatario	contestataria
contestatario	contestatarias
conteste	contestes
contestón	contestones
contestón	contestona
contestón	contestonas
contextual	contextuales
contigioso	contigiosos
contigioso	contigiosa
contigioso	contigiosas
contiguo	contiguos
contiguo	contigua
contiguo	contiguas
continental	continentales
continente	continentes
contingente	contingentes
contingible	contingibles
continuista	continuistas
continuo	continuos
continuo	continua
continuo	continuas
contioso	contiosos
contioso	contiosa
contioso	contiosas
contornado	contornados
contornado	contornada
contornado	contornadas
contraalmenado	contraalmenados
contraalmenado	contraalmenada
contraalmenado	contraalmenadas
contractual	contractuales
contracultural	contraculturales
contradictor	contradictores
contradictor	contradictora
contradictor	contradictoras
contradictorio	contradictorios
contradictorio	contradictoria
contradictorio	contradictorias
contrafactual	contrafactuales
contrafáctico	contrafácticos
contrafáctico	contrafáctica
contrafáctico	contrafácticas
contrafóbico	contrafóbicos
contrafóbico	contrafóbica
contrafóbico	contrafóbicas
contrahecho	contrahechos
contrahecho	contrahecha
contrahecho	contrahechas
contraintuitivo	contraintuitivos
contraintuitivo	contraintuitiva
contraintuitivo	contraintuitivas
contralateral	contralaterales
contralto	contraltos
contramano	
contraopinante	contraopinantes
contraproducente	contraproducentes
contrapuesto	contrapuestos
contrapuesto	contrapuesta
contrapuesto	contrapuestas
contrario	contrarios
contrario	contraria
contrario	contrarias
contrarrecíproco	contrarrecíprocos
contrarrecíproco	contrarrecíproca
contrarrecíproco	contrarrecíprocas
contrarreloj	
contrarrestable	contrarrestables
contrasistémico	contrasistémicos
contrasistémico	contrasistémica
contrasistémico	contrasistémicas
contratante	contratantes
contraíble	contraíbles
contribuidor	contribuidores
contribuidor	contribuidora
contribuidor	contribuidoras
contribuyente	contribuyentes
contrito	contritos
contrito	contrita
contrito	contritas
controlador	controladores
controlador	controladora
controlador	controladoras
controversial	controversiales
controvertible	controvertibles
controvertido	controvertidos
controvertido	controvertida
controvertido	controvertidas
contráctil	contráctiles
contumaz	contumaces
contumelioso	contumeliosos
contumelioso	contumeliosa
contumelioso	contumeliosas
contumerioso	contumeriosos
contumerioso	contumeriosa
contumerioso	contumeriosas
contundente	contundentes
conturbado	conturbados
conturbado	conturbada
conturbado	conturbadas
contusivo	contusivos
contusivo	contusiva
contusivo	contusivas
contuso	contusos
contuso	contusa
contuso	contusas
convaleciente	convalecientes
convectivo	convectivos
convectivo	convectiva
convectivo	convectivas
convencional	convencionales
convencionalista	convencionalistas
conveniente	convenientes
conventillero	conventilleros
conventillero	conventillera
conventillero	conventilleras
conventual	conventuales
convergente	convergentes
conversable	conversables
conversador	conversadores
conversador	conversadora
conversador	conversadoras
converso	conversos
converso	conversa
converso	conversas
convertible	convertibles
convexo	convexos
convexo	convexa
convexo	convexas
convidador	convidadores
convidador	convidadora
convidador	convidadoras
convincente	convincentes
conviviente	convivientes
convocatorio	convocatorios
convocatorio	convocatoria
convocatorio	convocatorias
convulso	convulsos
convulso	convulsa
convulso	convulsas
conyugal	conyugales
conífero	coníferos
conífero	conífera
conífero	coníferas
cool	
cooperativo	cooperativos
cooperativo	cooperativa
cooperativo	cooperativas
coordenado	coordenados
coordenado	coordenada
coordenado	coordenadas
coordinado	coordinados
coordinado	coordinada
coordinado	coordinadas
coordinador	coordinadores
coordinador	coordinadora
coordinador	coordinadoras
coordinadísimo	coordinadísimos
coordinadísimo	coordinadísima
coordinadísimo	coordinadísimas
coordinante	coordinantes
coordinativo	coordinativos
coordinativo	coordinativa
coordinativo	coordinativas
copado	copados
copado	copada
copado	copadas
copago	copagos
copago	copaga
copago	copagas
copartidario	copartidarios
copartidario	copartidaria
copartidario	copartidarias
copero	coperos
copero	copera
copero	coperas
copetudo	copetudos
copetudo	copetuda
copetudo	copetudas
copiable	copiables
copiador	copiadores
copiador	copiadora
copiador	copiadoras
copiapino	copiapinos
copiapino	copiapina
copiapino	copiapinas
copilador	copiladores
copilador	copiladora
copilador	copiladoras
copioso	copiosos
copioso	copiosa
copioso	copiosas
copioso	copiosísimo
copiosísimo	copiosísimos
copiosísimo	copiosísima
copiosísimo	copiosísimas
coplanario	coplanarios
coplanario	coplanaria
coplanario	coplanarias
coprolálico	coprolálicos
coprolálico	coprolálica
coprolálico	coprolálicas
coprológico	coprológicos
coprológico	coprológica
coprológico	coprológicas
copropietario	copropietarios
copropietario	copropietaria
copropietario	copropietarias
coprófago	coprófagos
coprófago	coprófaga
coprófago	coprófagas
coprófilo	coprófilos
coprófilo	coprófila
coprófilo	coprófilas
copto	coptos
copto	copta
copto	coptas
copuchento	copuchentos
copuchento	copuchenta
copuchento	copuchentas
copudo	copudos
copudo	copuda
copudo	copudas
coqueto	coquetos
coqueto	coqueta
coqueto	coquetas
coquette	
coquimbano	coquimbanos
coquimbano	coquimbana
coquimbano	coquimbanas
cora	coras
corajoso	corajosos
corajoso	corajosa
corajoso	corajosas
corajudo	corajudos
corajudo	corajuda
corajudo	corajudas
coral	corales
coralario	coralarios
coralario	coralaria
coralario	coralarias
coralino	coralinos
coralino	coralina
coralino	coralinas
coralífero	coralíferos
coralífero	coralífera
coralífero	coralíferas
coralígeno	coralígenos
coralígeno	coralígena
coralígeno	coralígenas
corcovado	corcovados
corcovado	corcovada
corcovado	corcovadas
cordial	cordiales
cordiforme	cordiformes
cordobense	cordobenses
cordobés	cordobeses
cordobés	cordobesa
cordobés	cordobesas
cordubense	cordubenses
coreano	coreanos
coreano	coreana
coreano	coreanas
coreográfico	coreográficos
coreográfico	coreográfica
coreográfico	coreográficas
coriano	corianos
coriano	coriana
coriano	corianas
corintio	corintios
corintio	corintia
corintio	corintias
corinto	corintos
corinto	corinta
corinto	corintas
corito	coritos
corito	corita
corito	coritas
coriáceo	coriáceos
coriáceo	coriácea
coriáceo	coriáceas
cornalón	cornalones
cornalón	cornalona
cornalón	cornalonas
corneador	corneadores
corneador	corneadora
corneador	corneadoras
cornicabra	cornicabras
corniculado	corniculados
corniculado	corniculada
corniculado	corniculadas
cornudo	cornudos
cornudo	cornuda
cornudo	cornudas
cornuto	cornutos
cornuto	cornuta
cornuto	cornutas
cornúpeta	cornúpetas
corolifloro	corolifloros
corolifloro	coroliflora
corolifloro	corolifloras
coronario	coronarios
coronario	coronaria
coronario	coronarias
corporal	corporales
corpulento	corpulentos
corpulento	corpulenta
corpulento	corpulentas
corpóreo	corpóreos
corpóreo	corpórea
corpóreo	corpóreas
corradical	corradicales
corralero	corraleros
corralero	corralera
corralero	corraleras
correccional	correccionales
correctivo	correctivos
correctivo	correctiva
correctivo	correctivas
correcto	correctos
correcto	correcta
correcto	correctas
correcto	correctísimo
corrector	correctores
corrector	correctora
corrector	correctoras
correctísimo	correctísimos
correctísimo	correctísima
correctísimo	correctísimas
corredero	correderos
corredero	corredera
corredero	correderas
corredizo	corredizos
corredizo	corrediza
corredizo	corredizas
corredor	corredores
corredor	corredora
corredor	corredoras
corregidor	corregidores
corregidor	corregidora
corregidor	corregidoras
correlativo	correlativos
correlativo	correlativa
correlativo	correlativas
correligionario	correligionarios
correligionario	correligionaria
correligionario	correligionarias
correlón	correlones
correlón	correlona
correlón	correlonas
correntino	correntinos
correntino	correntina
correntino	correntinas
correntoso	correntosos
correntoso	correntosa
correntoso	correntosas
correntón	correntones
correntón	correntona
correntón	correntonas
correoso	correosos
correoso	correosa
correoso	correosas
correspondiente	correspondientes
corresponsal	corresponsales
corretero	correteros
corretero	corretera
corretero	correteras
corretón	corretones
corretón	corretona
corretón	corretonas
corriente	corrientes
corrigendo	corrigendos
corrigendo	corrigenda
corrigendo	corrigendas
corroedor	corroedores
corroedor	corroedora
corroedor	corroedoras
corrosivo	corrosivos
corrosivo	corrosiva
corrosivo	corrosivas
corrugado	corrugados
corrugado	corrugada
corrugado	corrugadas
corruptible	corruptibles
corrupto	corruptos
corrupto	corrupta
corrupto	corruptas
corso	corsos
corso	corsa
corso	corsas
cortado	cortados
cortado	cortada
cortado	cortadas
cortador	cortadores
cortador	cortadora
cortador	cortadoras
cortamambo	
cortante	cortantes
cortejador	cortejadores
cortejador	cortejadora
cortejador	cortejadoras
cortesano	cortesanos
cortesano	cortesana
cortesano	cortesanas
corto	cortos
corto	corta
corto	cortas
corto	cortísimo
cortopunzante	cortopunzantes
cortés	corteses
cortísimo	cortísimos
cortísimo	cortísima
cortísimo	cortísimas
corusco	coruscos
corusco	corusca
corusco	coruscas
coruñés	coruñeses
coruñés	coruñesa
coruñés	coruñesas
corvino	corvinos
corvino	corvina
corvino	corvinas
corvo	corvos
corvo	corva
corvo	corvas
coríntico	corínticos
coríntico	coríntica
coríntico	corínticas
cosaco	cosacos
cosaco	cosaca
cosaco	cosacas
cosario	cosarios
cosario	cosaria
cosario	cosarias
coscoíno	coscoínos
coscoíno	coscoína
coscoíno	coscoínas
cosechador	cosechadores
cosechador	cosechadora
cosechador	cosechadoras
cosetano	cosetanos
cosetano	cosetana
cosetano	cosetanas
cosificador	cosificadores
cosificador	cosificadora
cosificador	cosificadoras
cositero	cositeros
cositero	cositera
cositero	cositeras
cosmográfico	cosmográficos
cosmográfico	cosmográfica
cosmográfico	cosmográficas
cosmogónico	cosmogónicos
cosmogónico	cosmogónica
cosmogónico	cosmogónicas
cosmológico	cosmológicos
cosmológico	cosmológica
cosmológico	cosmológicas
cosmonáutico	cosmonáuticos
cosmonáutico	cosmonáutica
cosmonáutico	cosmonáuticas
cosmopolita	cosmopolitas
cosmotelúrico	cosmotelúricos
cosmotelúrico	cosmotelúrica
cosmotelúrico	cosmotelúricas
cosmético	cosméticos
cosmético	cosmética
cosmético	cosméticas
cosplayer	cosplayers
cosquilloso	cosquillosos
cosquilloso	cosquillosa
cosquilloso	cosquillosas
cosquilludo	cosquilludos
cosquilludo	cosquilluda
cosquilludo	cosquilludas
costal	costales
costamarfileño	costamarfileños
costamarfileño	costamarfileña
costamarfileño	costamarfileñas
costanero	costaneros
costanero	costanera
costanero	costaneras
costarricense	costarricenses
costeador	costeadores
costeador	costeadora
costeador	costeadoras
costero	costeros
costero	costera
costero	costeras
costeño	costeños
costeño	costeña
costeño	costeñas
costoso	costosos
costoso	costosa
costoso	costosas
costumbrista	costumbristas
costífero	costíferos
costífero	costífera
costífero	costíferas
cotejable	cotejables
coterráneo	coterráneos
coterráneo	coterránea
coterráneo	coterráneas
cotidiano	cotidianos
cotidiano	cotidiana
cotidiano	cotidianas
cotiledóneo	cotiledóneos
cotiledóneo	cotiledónea
cotiledóneo	cotiledóneas
cotizón	cotizones
cotizón	cotizona
cotizón	cotizonas
coto	cotos
coto	cota
coto	cotas
cototudo	cototudos
cototudo	cototuda
cototudo	cototudas
cotufero	cotuferos
cotufero	cotufera
cotufero	cotuferas
covidiota	covidiotas
coxal	coxales
coxofemoral	coxofemorales
coyhaiquino	coyhaiquinos
coyhaiquino	coyhaiquina
coyhaiquino	coyhaiquinas
coyote	coyotes
coyote	coyota
coyote	coyotas
coyunto	coyuntos
coyunto	coyunta
coyunto	coyuntas
coyuntural	coyunturales
coño	coños
coño	coña
coño	coñas
cracoviano	cracovianos
cracoviano	cracoviana
cracoviano	cracovianas
craneal	craneales
craneoencefálico	craneoencefálicos
craneoencefálico	craneoencefálica
craneoencefálico	craneoencefálicas
craqueante	craqueantes
craso	crasos
craso	crasa
craso	crasas
creador	creadores
creador	creadora
creador	creadoras
creativo	creativos
creativo	creativa
creativo	creativas
crecedero	crecederos
crecedero	crecedera
crecedero	crecederas
crecido	crecidos
crecido	crecida
crecido	crecidas
creciente	crecientes
credencial	credenciales
crediticio	crediticios
crediticio	crediticia
crediticio	crediticias
creduloso	credulosos
creduloso	credulosa
creduloso	credulosas
cree	crees
creedero	creederos
creedero	creedera
creedero	creederas
creedor	creedores
creedor	creedora
creedor	creedoras
crema	
crematorio	crematorios
crematorio	crematoria
crematorio	crematorias
crematístico	crematísticos
crematístico	crematística
crematístico	crematísticas
cremonés	cremoneses
cremonés	cremonesa
cremonés	cremonesas
cremoso	cremosos
cremoso	cremosa
cremoso	cremosas
cremoso	cremosísimo
cremosísimo	cremosísimos
cremosísimo	cremosísima
cremosísimo	cremosísimas
crepuscular	crepusculares
crespo	crespos
crespo	crespa
crespo	crespas
crestado	crestados
crestado	crestada
crestado	crestadas
crestudo	crestudos
crestudo	crestuda
crestudo	crestudas
cretense	cretenses
cretino	cretinos
cretino	cretina
cretino	cretinas
cretáceo	cretáceos
cretáceo	cretácea
cretáceo	cretáceas
cretácico	cretácicos
cretácico	cretácica
cretácico	cretácicas
crevillentino	crevillentinos
crevillentino	crevillentina
crevillentino	crevillentinas
creyente	creyentes
creíble	creíbles
creído	creídos
creído	creída
creído	creídas
criadero	criaderos
criadero	criadera
criadero	criaderas
criador	criadores
criador	criadora
criador	criadoras
criante	criantes
criminal	criminales
criminalista	criminalistas
criminológico	criminológicos
criminológico	criminológica
criminológico	criminológicas
criminoso	criminosos
criminoso	criminosa
criminoso	criminosas
crinado	crinados
crinado	crinada
crinado	crinadas
criollo	criollos
criollo	criolla
criollo	criollas
criptográfico	criptográficos
criptográfico	criptográfica
criptográfico	criptográficas
criptojudío	criptojudíos
criptojudío	criptojudía
criptojudío	criptojudías
criptógamo	criptógamos
criptógamo	criptógama
criptógamo	criptógamas
crispante	crispantes
cristalino	cristalinos
cristalino	cristalina
cristalino	cristalinas
cristalográfico	cristalográficos
cristalográfico	cristalográfica
cristalográfico	cristalográficas
cristero	cristeros
cristero	cristera
cristero	cristeras
cristiano	cristianos
cristiano	cristiana
cristiano	cristianas
cristino	cristinos
cristino	cristina
cristino	cristinas
criteriológico	criteriológicos
criteriológico	criteriológica
criteriológico	criteriológicas
criticable	criticables
criticador	criticadores
criticador	criticadora
criticador	criticadoras
croata	croatas
crocante	crocantes
crocino	crocinos
crocino	crocina
crocino	crocinas
cromado	cromados
cromado	cromada
cromado	cromadas
cromolitográfico	cromolitográficos
cromolitográfico	cromolitográfica
cromolitográfico	cromolitográficas
cromosómico	cromosómicos
cromosómico	cromosómica
cromosómico	cromosómicas
cromático	cromáticos
cromático	cromática
cromático	cromáticas
cronogramático	cronogramáticos
cronogramático	cronogramática
cronogramático	cronogramáticas
cronológico	cronológicos
cronológico	cronológica
cronológico	cronológicas
cronométrico	cronométricos
cronométrico	cronométrica
cronométrico	cronométricas
croto	crotos
croto	crota
croto	crotas
cruceño	cruceños
cruceño	cruceña
cruceño	cruceñas
crucial	cruciales
cruciforme	cruciformes
crudista	crudistas
crudo	crudos
crudo	cruda
crudo	crudas
crudo	crudísimo
crudísimo	crudísimos
crudísimo	crudísima
crudísimo	crudísimas
crudívoro	crudívoros
crudívoro	crudívora
crudívoro	crudívoras
cruel	crueles
cruel	crudelísimo
cruel	cruelísimo
cruelísimo	cruelísimos
cruelísimo	cruelísima
cruelísimo	cruelísimas
cruento	cruentos
cruento	cruenta
cruento	cruentas
cruento	cruentísimo
crujidero	crujideros
crujidero	crujidera
crujidero	crujideras
crujidor	crujidores
crujidor	crujidora
crujidor	crujidoras
crujiente	crujientes
crumiro	crumiros
crumiro	crumira
crumiro	crumiras
crural	crurales
cruzado	cruzados
cruzado	cruzada
cruzado	cruzadas
cruórico	cruóricos
cruórico	cruórica
cruórico	cruóricas
crédulo	crédulos
crédulo	crédula
crédulo	crédulas
críptico	crípticos
críptico	críptica
críptico	crípticas
crítico	críticos
crítico	crítica
crítico	críticas
crónico	crónicos
crónico	crónica
crónico	crónicas
ctónico	ctónicos
ctónico	ctónica
ctónico	ctónicas
cuadrado	cuadrados
cuadrado	cuadrada
cuadrado	cuadradas
cuadrafónico	cuadrafónicos
cuadrafónico	cuadrafónica
cuadrafónico	cuadrafónicas
cuadrangular	cuadrangulares
cuadrante	cuadrantes
cuadrilongo	cuadrilongos
cuadrilongo	cuadrilonga
cuadrilongo	cuadrilongas
cuadrilátero	cuadriláteros
cuadrilátero	cuadrilátera
cuadrilátero	cuadriláteras
cuadripléjico	cuadripléjicos
cuadripléjico	cuadripléjica
cuadripléjico	cuadripléjicas
cuadrisílabo	cuadrisílabos
cuadrisílabo	cuadrisílaba
cuadrisílabo	cuadrisílabas
cuadrumano	cuadrumanos
cuadrumano	cuadrumana
cuadrumano	cuadrumanas
cuadrípedo	cuadrípedos
cuadrípedo	cuadrípeda
cuadrípedo	cuadrípedas
cuadrúmano	cuadrúmanos
cuadrúmano	cuadrúmana
cuadrúmano	cuadrúmanas
cuadrúpedo	cuadrúpedos
cuadrúpedo	cuadrúpeda
cuadrúpedo	cuadrúpedas
cuajado	cuajados
cuajado	cuajada
cuajado	cuajadas
cualesquier	
cualesquiera	
cualitativo	cualitativos
cualitativo	cualitativa
cualitativo	cualitativas
cualque	cualques
cualquier	cualesquier
cualquiera	cualesquiera
cualsequier	
cuamaño	cuamaños
cuamaño	cuamaña
cuamaño	cuamañas
cuantioso	cuantiosos
cuantioso	cuantiosa
cuantioso	cuantiosas
cuantitativo	cuantitativos
cuantitativo	cuantitativa
cuantitativo	cuantitativas
cuanto	cuantos
cuanto	cuanta
cuanto	cuantas
cuarcífero	cuarcíferos
cuarcífero	cuarcífera
cuarcífero	cuarcíferas
cuarentavo	cuarentavos
cuarentavo	cuarentava
cuarentavo	cuarentavas
cuarentenal	cuarentenales
cuartelado	cuartelados
cuartelado	cuartelada
cuartelado	cuarteladas
cuarterón	cuarterones
cuarterón	cuarterona
cuarterón	cuarteronas
cuasiestacionario	cuasiestacionarios
cuasiestacionario	cuasiestacionaria
cuasiestacionario	cuasiestacionarias
cuasiestático	cuasiestáticos
cuasiestático	cuasiestática
cuasiestático	cuasiestáticas
cuasilógico	cuasilógicos
cuasilógico	cuasilógica
cuasilógico	cuasilógicas
cuasirresonante	cuasirresonantes
cuasisimétrico	cuasisimétricos
cuasisimétrico	cuasisimétrica
cuasisimétrico	cuasisimétricas
cuaternario	cuaternarios
cuaternario	cuaternaria
cuaternario	cuaternarias
cuatezón	cuatezones
cuatezón	cuatezona
cuatezón	cuatezonas
cuatralbo	cuatralbos
cuatralbo	cuatralba
cuatralbo	cuatralbas
cuatriduano	cuatriduanos
cuatriduano	cuatriduana
cuatriduano	cuatriduanas
cuatrilingüe	cuatrilingües
cuatrillizo	cuatrillizos
cuatrillizo	cuatrilliza
cuatrillizo	cuatrillizas
cuatrillonésimo	cuatrillonésimos
cuatrillonésimo	cuatrillonésima
cuatrillonésimo	cuatrillonésimas
cuatrimestral	cuatrimestrales
cuatrisílabo	cuatrisílabos
cuatrisílabo	cuatrisílaba
cuatrisílabo	cuatrisílabas
cuatrochi	cuatrochis
cuatrodial	cuatrodiales
cuautlense	cuautlenses
cubano	cubanos
cubano	cubana
cubano	cubanas
cubano	cubanísimo
cubanísimo	cubanísimos
cubanísimo	cubanísima
cubanísimo	cubanísimas
cubierto	cubiertos
cubierto	cubierta
cubierto	cubiertas
cubista	cubistas
cuchi	cuchis
cuchillar	cuchillares
cucho	cuchos
cucho	cucha
cucho	cuchas
cuco	cucos
cuco	cuca
cuco	cucas
cucufate	cucufates
cucurbitáceo	cucurbitáceos
cucurbitáceo	cucurbitácea
cucurbitáceo	cucurbitáceas
cucuteño	cucuteños
cucuteño	cucuteña
cucuteño	cucuteñas
cuellicorto	cuellicortos
cuellicorto	cuellicorta
cuellicorto	cuellicortas
cuellilargo	cuellilargos
cuellilargo	cuellilarga
cuellilargo	cuellilargas
cuencano	cuencanos
cuencano	cuencana
cuencano	cuencanas
cuentadante	cuentadantes
cuentero	cuenteros
cuentero	cuentera
cuentero	cuenteras
cuentístico	cuentísticos
cuentístico	cuentística
cuentístico	cuentísticas
cuerdo	cuerdos
cuerdo	cuerda
cuerdo	cuerdas
cuernavacense	cuernavacenses
cuestionable	cuestionables
cuete	cuetes
cuevanense	cuevanenses
cuevano	cuevanos
cuevano	cuevana
cuevano	cuevanas
cuico	cuicos
cuico	cuica
cuico	cuicas
cuidadoso	cuidadosos
cuidadoso	cuidadosa
cuidadoso	cuidadosas
cuidadoso	cuidadosísimo
cuidadosísimo	cuidadosísimos
cuidadosísimo	cuidadosísima
cuidadosísimo	cuidadosísimas
cuidoso	cuidosos
cuidoso	cuidosa
cuidoso	cuidosas
cuir	
cuitado	cuitados
cuitado	cuitada
cuitado	cuitadas
culeable	culeables
culero	culeros
culero	culera
culero	culeras
culiacanense	culiacanenses
culiacano	culiacanos
culiacano	culiacana
culiacano	culiacanas
culiadazo	culiadazos
culiadazo	culiadaza
culiadazo	culiadazas
culiado	culiados
culiado	culiada
culiado	culiadas
culiao	culiaos
culiao	culiaa
culiao	culiaas
culinario	culinarios
culinario	culinaria
culinario	culinarias
culincho	culinchos
culincho	culincha
culincho	culinchas
culiáu	culiáus
culminante	culminantes
culorroto	
culpable	culpables
culposo	culposos
culposo	culposa
culposo	culposas
culteranista	culteranistas
culterano	culteranos
culterano	culterana
culterano	culteranas
cultero	culteros
cultero	cultera
cultero	culteras
cultiparlista	cultiparlistas
cultipicaño	cultipicaños
cultipicaño	cultipicaña
cultipicaño	cultipicañas
cultivable	cultivables
cultivado	cultivados
cultivado	cultivada
cultivado	cultivadas
cultivador	cultivadores
cultivador	cultivadora
cultivador	cultivadoras
culto	cultos
culto	culta
culto	cultas
culto	cultísimo
cultor	cultores
cultor	cultora
cultor	cultoras
cultoso	cultosos
cultoso	cultosa
cultoso	cultosas
cultual	cultuales
cultural	culturales
cultureta	culturetas
culturista	culturistas
culturoso	culturosos
culturoso	culturosa
culturoso	culturosas
cultísimo	cultísimos
cultísimo	cultísima
cultísimo	cultísimas
culé	culés
cumanagoto	cumanagotos
cumanagoto	cumanagota
cumanagoto	cumanagotas
cumanés	cumaneses
cumanés	cumanesa
cumanés	cumanesas
cumbiero	cumbieros
cumbiero	cumbiera
cumbiero	cumbieras
cumbre	cumbres
cumplido	cumplidos
cumplido	cumplida
cumplido	cumplidas
cumplidor	cumplidores
cumplidor	cumplidora
cumplidor	cumplidoras
cumulativo	cumulativos
cumulativo	cumulativa
cumulativo	cumulativas
cuna	cunas
cundiboyacense	cundiboyacenses
cundidor	cundidores
cundidor	cundidora
cundidor	cundidoras
cundinamarqués	cundinamarqueses
cundinamarqués	cundinamarquesa
cundinamarqués	cundinamarquesas
cuneiforme	cuneiformes
cunero	cuneros
cunero	cunera
cunero	cuneras
cunicultor	cunicultores
cunicultor	cunicultora
cunicultor	cunicultoras
cunumi	
cupresáceo	cupresáceos
cupresáceo	cupresácea
cupresáceo	cupresáceas
cuproso	cuprosos
cuproso	cuprosa
cuproso	cuprosas
cuprífero	cupríferos
cuprífero	cuprífera
cuprífero	cupríferas
curado	curados
curado	curada
curado	curadas
curador	curadores
curador	curadora
curador	curadoras
cural	curales
curao	
curatorial	curatoriales
curco	curcos
curco	curca
curco	curcas
curcucho	curcuchos
curcucho	curcucha
curcucho	curcuchas
curcuncho	curcunchos
curcuncho	curcuncha
curcuncho	curcunchas
curda	curdas
curdo	curdos
curdo	curda
curdo	curdas
curepa	curepas
curepí	curepís
curepí	curepíes
curial	curiales
curicano	curicanos
curicano	curicana
curicano	curicanas
curiche	curiches
curioso	curiosos
curioso	curiosa
curioso	curiosas
cursi	
cursiento	cursientos
cursiento	cursienta
cursiento	cursientas
cursiva	
cursivo	cursivos
cursivo	cursiva
cursivo	cursivas
curtido	curtidos
curtido	curtida
curtido	curtidas
curul	curules
curuzucuateño	curuzucuateños
curuzucuateño	curuzucuateña
curuzucuateño	curuzucuateñas
curvo	curvos
curvo	curva
curvo	curvas
cuscurrudo	cuscurrudos
cuscurrudo	cuscurruda
cuscurrudo	cuscurrudas
cusita	cusitas
cuto	cutos
cuto	cuta
cuto	cutas
cutáneo	cutáneos
cutáneo	cutánea
cutáneo	cutáneas
cuyano	cuyanos
cuyano	cuyana
cuyano	cuyanas
cuyo	cuyos
cuyo	cuya
cuyo	cuyas
cuzqueño	cuzqueños
cuzqueño	cuzqueña
cuzqueño	cuzqueñas
cuádriceps	
cuádriple	cuádriples
cuádruple	cuádruples
cuádruplo	cuádruplos
cuádruplo	cuádrupla
cuádruplo	cuádruplas
cuál	cuáles
cuántico	cuánticos
cuántico	cuántica
cuántico	cuánticas
cuánto	cuántos
cuánto	cuánta
cuánto	cuántas
cácteo	cácteos
cácteo	cáctea
cácteo	cácteas
cálido	cálidos
cálido	cálida
cálido	cálidas
cámbrico	cámbricos
cámbrico	cámbrica
cámbrico	cámbricas
cámper	cámpers
cándido	cándidos
cándido	cándida
cándido	cándidas
cántabro	cántabros
cántabro	cántabra
cántabro	cántabras
cárdeno	cárdenos
cárdeno	cárdena
cárdeno	cárdenas
cárnico	cárnicos
cárnico	cárnica
cárnico	cárnicas
cáustico	cáusticos
cáustico	cáustica
cáustico	cáusticas
célebre	célebres
célebre	celebérrimo
célibe	célibes
céltico	célticos
céltico	céltica
céltico	célticas
céntrico	céntricos
céntrico	céntrica
céntrico	céntricas
céntuplo	céntuplos
céntuplo	céntupla
céntuplo	céntuplas
céreo	céreos
céreo	cérea
céreo	céreas
cíclico	cíclicos
cíclico	cíclica
cíclico	cíclicas
cíngaro	cíngaros
cíngaro	cíngara
cíngaro	cíngaras
cínico	cínicos
cínico	cínica
cínico	cínicas
cístico	císticos
cístico	cística
cístico	císticas
cítrico	cítricos
cítrico	cítrica
cítrico	cítricas
cívico	cívicos
cívico	cívica
cívico	cívicas
cólico	cólicos
cólico	cólica
cólico	cólicas
cómico	cómicos
cómico	cómica
cómico	cómicas
cómodo	cómodos
cómodo	cómoda
cómodo	cómodas
cómplice	cómplices
cóncavo	cóncavos
cóncavo	cóncava
cóncavo	cóncavas
cónico	cónicos
cónico	cónica
cónico	cónicas
cóptico	cópticos
cóptico	cóptica
cóptico	cópticas
córneo	córneos
córneo	córnea
córneo	córneas
cósico	cósicos
cósico	cósica
cósico	cósicas
cósmico	cósmicos
cósmico	cósmica
cósmico	cósmicas
cúbico	cúbicos
cúbico	cúbica
cúbico	cúbicas
cúlmine	cúlmines
cúpreo	cúpreos
cúpreo	cúprea
cúpreo	cúpreas
cúprico	cúpricos
cúprico	cúprica
cúprico	cúpricas
dable	dables
dactilar	dactilares
dactilográfico	dactilográficos
dactilográfico	dactilográfica
dactilográfico	dactilográficas
dactilológico	dactilológicos
dactilológico	dactilológica
dactilológico	dactilológicas
dacítico	dacíticos
dacítico	dacítica
dacítico	dacíticas
dadaísta	dadaístas
dadivoso	dadivosos
dadivoso	dadivosa
dadivoso	dadivosas
dado	dados
dado	dada
dado	dadas
dadá	dadás
daguestano	daguestanos
daguestano	daguestana
daguestano	daguestanas
daguestanés	daguestaneses
daguestanés	daguestanesa
daguestanés	daguestanesas
daguestaní	daguestanís
daguestaní	daguestaníes
dahomeyano	dahomeyanos
dahomeyano	dahomeyana
dahomeyano	dahomeyanas
dai	
daliense	
dalieño	
dalmático	dalmáticos
dalmático	dalmática
dalmático	dalmáticas
daltoniano	daltonianos
daltoniano	daltoniana
daltoniano	daltonianas
daltónico	daltónicos
daltónico	daltónica
daltónico	daltónicas
damnificado	damnificados
damnificado	damnificada
damnificado	damnificadas
damnificador	damnificadores
damnificador	damnificadora
damnificador	damnificadoras
danao	danaos
danao	danaa
danao	danaas
dantesco	
danubiano	danubianos
danubiano	danubiana
danubiano	danubianas
danzador	danzadores
danzador	danzadora
danzador	danzadoras
danzarín	danzarines
danzarín	danzarina
danzarín	danzarinas
danés	daneses
danés	danesa
danés	danesas
darienita	darienitas
darriqueño	
data	
datilado	datilados
datilado	datilada
datilado	datiladas
davidiano	davidianos
davidiano	davidiana
davidiano	davidianas
dañador	dañadores
dañador	dañadora
dañador	dañadoras
dañino	dañinos
dañino	dañina
dañino	dañinas
dañinísimo	dañinísimos
dañinísimo	dañinísima
dañinísimo	dañinísimas
dañoso	dañosos
dañoso	dañosa
dañoso	dañosas
debatiente	debatientes
debianita	debianitas
debido	debidos
debido	debida
debido	debidas
debilitado	debilitados
debilitado	debilitada
debilitado	debilitadas
debilitante	debilitantes
debilucho	debiluchos
debilucho	debilucha
debilucho	debiluchas
debutante	debutantes
decadente	decadentes
decagonal	decagonales
decallizo	decallizos
decallizo	decalliza
decallizo	decallizas
decantador	decantadores
decantador	decantadora
decantador	decantadoras
decapante	decapantes
decasílabo	decasílabos
decasílabo	decasílaba
decasílabo	decasílabas
decenario	decenarios
decenario	decenaria
decenario	decenarias
decente	decentes
decepcionante	decepcionantes
deceptivo	deceptivos
deceptivo	deceptiva
deceptivo	deceptivas
decidido	decididos
decidido	decidida
decidido	decididas
decidor	decidores
decidor	decidora
decidor	decidoras
decimonónico	decimonónicos
decimonónico	decimonónica
decimonónico	decimonónicas
decimoprimer	decimoprimeros
decimoprimer	decimoprimera
decimoprimer	decimoprimeras
decimotercer	decimoterceros
decimotercer	decimotercera
decimotercer	decimoterceras
decisionista	decisionistas
decisivo	decisivos
decisivo	decisiva
decisivo	decisivas
decisor	decisores
decisor	decisora
decisor	decisoras
decisorio	decisorios
decisorio	decisoria
decisorio	decisorias
declamador	declamadores
declamador	declamadora
declamador	declamadoras
declamatorio	declamatorios
declamatorio	declamatoria
declamatorio	declamatorias
declarativo	declarativos
declarativo	declarativa
declarativo	declarativas
declaratorio	declaratorios
declaratorio	declaratoria
declaratorio	declaratorias
decodificador	decodificadores
decodificador	decodificadora
decodificador	decodificadoras
decorador	decoradores
decorador	decoradora
decorador	decoradoras
decorativo	decorativos
decorativo	decorativa
decorativo	decorativas
decoroso	decorosos
decoroso	decorosa
decoroso	decorosas
decrepito	decrepitos
decrepito	decrepita
decrepito	decrepitas
decretorio	decretorios
decretorio	decretoria
decretorio	decretorias
decrépito	decrépitos
decrépito	decrépita
decrépito	decrépitas
decumbente	decumbentes
decusado	decusados
decusado	decusada
decusado	decusadas
decuso	decusos
decuso	decusa
decuso	decusas
dedocrático	dedocráticos
dedocrático	dedocrática
dedocrático	dedocráticas
deductivo	deductivos
deductivo	deductiva
deductivo	deductivas
defaulteador	defaulteadores
defaulteador	defaulteadora
defaulteador	defaulteadoras
defectivo	defectivos
defectivo	defectiva
defectivo	defectivas
defectuoso	defectuosos
defectuoso	defectuosa
defectuoso	defectuosas
defensivo	defensivos
defensivo	defensiva
defensivo	defensivas
defensor	defensores
defensor	defensora
defensor	defensoras
defensorial	defensoriales
deferente	deferentes
defeño	defeños
defeño	defeña
defeño	defeñas
deficiente	deficientes
definido	definidos
definido	definida
definido	definidas
definitivo	definitivos
definitivo	definitiva
definitivo	definitivas
definito	definitos
definito	definita
definito	definitas
definitorio	definitorios
definitorio	definitoria
definitorio	definitorias
deflagrador	deflagradores
deflagrador	deflagradora
deflagrador	deflagradoras
deflector	deflectores
deflector	deflectora
deflector	deflectoras
defoliador	defoliadores
defoliador	defoliadora
defoliador	defoliadoras
defoliante	defoliantes
deformable	deformables
deformador	deformadores
deformador	deformadora
deformador	deformadoras
deforme	deformes
defraudador	defraudadores
defraudador	defraudadora
defraudador	defraudadoras
defraudante	defraudantes
degenerado	degenerados
degenerado	degenerada
degenerado	degeneradas
degenerante	degenerantes
degenerativo	degenerativos
degenerativo	degenerativa
degenerativo	degenerativas
degustador	degustadores
degustador	degustadora
degustador	degustadoras
dehiscente	dehiscentes
deiforme	deiformes
dejado	dejados
dejado	dejada
dejado	dejadas
dejadísimo	dejadísimos
dejadísimo	dejadísima
dejadísimo	dejadísimas
delantero	delanteros
delantero	delantera
delantero	delanteras
delatador	delatadores
delatador	delatadora
delatador	delatadoras
delator	delatores
delator	delatora
delator	delatoras
deleble	delebles
delegado	delegados
delegado	delegada
delegado	delegadas
deleitoso	deleitosos
deleitoso	deleitosa
deleitoso	deleitosas
deletreado	deletreados
deletreado	deletreada
deletreado	deletreadas
deletreador	deletreadores
deletreador	deletreadora
deletreador	deletreadoras
deletéreo	deletéreos
deletéreo	deletérea
deletéreo	deletéreas
deleznable	deleznables
delgado	delgados
delgado	delgada
delgado	delgadas
delgado	delgadísimo
delgaducho	delgaduchos
delgaducho	delgaducha
delgaducho	delgaduchas
delgadísimo	delgadísimos
delgadísimo	delgadísima
delgadísimo	delgadísimas
deliberado	deliberados
deliberado	deliberada
deliberado	deliberadas
deliberante	deliberantes
deliberativo	deliberativos
deliberativo	deliberativa
deliberativo	deliberativas
delicado	delicados
delicado	delicada
delicado	delicadas
delicaducho	delicaduchos
delicaducho	delicaducha
delicaducho	delicaduchas
delicioso	deliciosos
delicioso	deliciosa
delicioso	deliciosas
delicioso	deliciosísimo
deliciosísimo	deliciosísimos
deliciosísimo	deliciosísima
deliciosísimo	deliciosísimas
delicuescente	delicuescentes
delincuencial	delincuenciales
delinquible	delinquibles
deltano	deltanos
deltano	deltana
deltano	deltanas
deltoides	
demacrado	demacrados
demacrado	demacrada
demacrado	demacradas
demagogo	demagogos
demagogo	demagoga
demagogo	demagogas
demandador	demandadores
demandador	demandadora
demandador	demandadoras
demandante	
demasiado	demasiados
demasiado	demasiada
demasiado	demasiadas
demasiadísimo	demasiadísimos
demasiadísimo	demasiadísima
demasiadísimo	demasiadísimas
demente	dementes
demergido	demergidos
demergido	demergida
demergido	demergidas
democratacristiano	democratacristianos
democratacristiano	democratacristiana
democratacristiano	democratacristianas
democrático	democráticos
democrático	democrática
democrático	democráticas
demodé	demodés
demoledor	demoledores
demoledor	demoledora
demoledor	demoledoras
demoniaco	demoniacos
demoniaco	demoniaca
demoniaco	demoniacas
demonológico	demonológicos
demonológico	demonológica
demonológico	demonológicas
demoníaco	demoníacos
demoníaco	demoníaca
demoníaco	demoníacas
demopédico	demopédicos
demopédico	demopédica
demopédico	demopédicas
demorado	demorados
demorado	demorada
demorado	demoradas
demoscópico	demoscópicos
demoscópico	demoscópica
demoscópico	demoscópicas
demostrabilísimo	demostrabilísimos
demostrabilísimo	demostrabilísima
demostrabilísimo	demostrabilísimas
demostrable	demostrables
demostrador	demostradores
demostrador	demostradora
demostrador	demostradoras
demostrativo	demostrativos
demostrativo	demostrativa
demostrativo	demostrativas
demulcente	demulcentes
demás	
demócrata	demócratas
denario	denarios
denario	denaria
denario	denarias
dendroide	dendroides
dendroideo	dendroideos
dendroideo	dendroidea
dendroideo	dendroideas
dendrítico	dendríticos
dendrítico	dendrítica
dendrítico	dendríticas
denegado	denegados
denegado	denegada
denegado	denegadas
denegrido	denegridos
denegrido	denegrida
denegrido	denegridas
denigrante	denigrantes
denigrativo	denigrativos
denigrativo	denigrativa
denigrativo	denigrativas
denisovano	denisovanos
denisovano	denisovana
denisovano	denisovanas
denodado	denodados
denodado	denodada
denodado	denodadas
denotativo	denotativos
denotativo	denotativa
denotativo	denotativas
densifoliado	densifoliados
densifoliado	densifoliada
densifoliado	densifoliadas
densimétrico	densimétricos
densimétrico	densimétrica
densimétrico	densimétricas
densirostro	densirostros
densirostro	densirostra
densirostro	densirostras
denso	densos
denso	densa
denso	densas
denso	densísimo
densífloro	densífloros
densífloro	densíflora
densífloro	densífloras
densísimo	densísimos
densísimo	densísima
densísimo	densísimas
dental	dentales
dentario	dentarios
dentario	dentaria
dentario	dentarias
denticonejuno	denticonejunos
denticonejuno	denticonejuna
denticonejuno	denticonejunas
denticulado	denticulados
denticulado	denticulada
denticulado	denticuladas
dentífrico	dentífricos
dentífrico	dentífrica
dentífrico	dentífricas
denunciante	denunciantes
deontológico	deontológicos
deontológico	deontológica
deontológico	deontológicas
departamental	departamentales
departidor	departidores
departidor	departidora
departidor	departidoras
dependente	dependentes
dependiente	dependientes
deplorable	deplorables
deponente	deponentes
deportista	deportistas
deportivo	deportivos
deportivo	deportiva
deportivo	deportivas
depositario	depositarios
depositario	depositaria
depositario	depositarias
depravado	
depravador	depravadores
depravador	depravadora
depravador	depravadoras
depravante	depravantes
depredador	depredadores
depredador	depredadora
depredador	depredadoras
depresivo	depresivos
depresivo	depresiva
depresivo	depresivas
depurable	depurables
depurado	depurados
depurado	depurada
depurado	depuradas
depurador	depuradores
depurador	depuradora
depurador	depuradoras
depuradísimo	depuradísimos
depuradísimo	depuradísima
depuradísimo	depuradísimas
depurativo	depurativos
depurativo	depurativa
depurativo	depurativas
depuratorio	depuratorios
depuratorio	depuratoria
depuratorio	depuratorias
depurgativo	depurgativos
depurgativo	depurgativa
depurgativo	depurgativas
depurgatorio	depurgatorios
depurgatorio	depurgatoria
depurgatorio	depurgatorias
derechista	derechistas
derechizante	derechizantes
derecho	derechos
derecho	derecha
derecho	derechas
derecho	derechísimo
derechohabiente	derechohabientes
derechohumanista	derechohumanistas
derechísimo	derechísimos
derechísimo	derechísima
derechísimo	derechísimas
derivado	derivados
derivado	derivada
derivado	derivadas
derivativo	derivativos
derivativo	derivativa
derivativo	derivativas
dermatológico	dermatológicos
dermatológico	dermatológica
dermatológico	dermatológicas
dermocáustico	dermocáusticos
dermocáustico	dermocáustica
dermocáustico	dermocáusticas
derogable	derogables
derogador	derogadores
derogador	derogadora
derogador	derogadoras
derogatorio	derogatorios
derogatorio	derogatoria
derogatorio	derogatorias
derretido	derretidos
derretido	derretida
derretido	derretidas
derrochador	derrochadores
derrochador	derrochadora
derrochador	derrochadoras
desaborido	desaboridos
desaborido	desaborida
desaborido	desaboridas
desabrido	desabridos
desabrido	desabrida
desabrido	desabridas
desabrigado	desabrigados
desabrigado	desabrigada
desabrigado	desabrigadas
desacartonado	desacartonados
desacartonado	desacartonada
desacartonado	desacartonadas
desactualizado	desactualizados
desactualizado	desactualizada
desactualizado	desactualizadas
desadaptado	desadaptados
desadaptado	desadaptada
desadaptado	desadaptadas
desafecto	desafectos
desafecto	desafecta
desafecto	desafectas
desafiante	desafiantes
desafilado	desafilados
desafilado	desafilada
desafilado	desafiladas
desaforado	desaforados
desaforado	desaforada
desaforado	desaforadas
desafortunado	desafortunados
desafortunado	desafortunada
desafortunado	desafortunadas
desagenario	desagenarios
desagenario	desagenaria
desagenario	desagenarias
desagraciado	desagraciados
desagraciado	desagraciada
desagraciado	desagraciadas
desagradable	desagradables
desagradecido	desagradecidos
desagradecido	desagradecida
desagradecido	desagradecidas
desaguerrido	desaguerridos
desaguerrido	desaguerrida
desaguerrido	desaguerridas
desalado	desalados
desalado	desalada
desalado	desaladas
desalentador	desalentadores
desalentador	desalentadora
desalentador	desalentadoras
desalinizador	desalinizadores
desalinizador	desalinizadora
desalinizador	desalinizadoras
desaliñado	desaliñados
desaliñado	desaliñada
desaliñado	desaliñadas
desalmado	desalmados
desalmado	desalmada
desalmado	desalmadas
desalmenado	desalmenados
desalmenado	desalmenada
desalmenado	desalmenadas
desamador	desamadores
desamador	desamadora
desamador	desamadoras
desamparado	desamparados
desamparado	desamparada
desamparado	desamparadas
desamparador	desamparadores
desamparador	desamparadora
desamparador	desamparadoras
desangelado	desangelados
desangelado	desangelada
desangelado	desangeladas
desanimado	desanimados
desanimado	desanimada
desanimado	desanimadas
desapacible	desapacibles
desaparecido	desaparecidos
desaparecido	desaparecida
desaparecido	desaparecidas
desapercibido	desapercibidos
desapercibido	desapercibida
desapercibido	desapercibidas
desaplicado	desaplicados
desaplicado	desaplicada
desaplicado	desaplicadas
desaprovechoso	desaprovechosos
desaprovechoso	desaprovechosa
desaprovechoso	desaprovechosas
desapto	desaptos
desapto	desapta
desapto	desaptas
desapuesto	desapuestos
desapuesto	desapuesta
desapuesto	desapuestas
desarmado	desarmados
desarmado	desarmada
desarmado	desarmadas
desarrapado	desarrapados
desarrapado	desarrapada
desarrapado	desarrapadas
desarreglado	desarreglados
desarreglado	desarreglada
desarreglado	desarregladas
desarrollable	desarrollables
desarrollista	desarrollistas
desaseado	desaseados
desaseado	desaseada
desaseado	desaseadas
desasosegado	desasosegados
desasosegado	desasosegada
desasosegado	desasosegadas
desasosegador	desasosegadores
desasosegador	desasosegadora
desasosegador	desasosegadoras
desasosegante	desasosegantes
desastrado	desastrados
desastrado	desastrada
desastrado	desastradas
desastroso	desastrosos
desastroso	desastrosa
desastroso	desastrosas
desatado	desatados
desatado	desatada
desatado	desatadas
desatador	desatadores
desatador	desatadora
desatador	desatadoras
desatento	desatentos
desatento	desatenta
desatento	desatentas
desatinado	desatinados
desatinado	desatinada
desatinado	desatinadas
desazonado	desazonados
desazonado	desazonada
desazonado	desazonadas
desazonador	desazonadores
desazonador	desazonadora
desazonador	desazonadoras
desbarbado	desbarbados
desbarbado	desbarbada
desbarbado	desbarbadas
desbordado	desbordados
desbordado	desbordada
desbordado	desbordadas
desbordante	desbordantes
descabellado	descabellados
descabellado	descabellada
descabellado	descabelladas
descalzo	descalzos
descalzo	descalza
descalzo	descalzas
descamisado	descamisados
descamisado	descamisada
descamisado	descamisadas
descapotable	descapotables
descarado	descarados
descarado	descarada
descarado	descaradas
descarnado	descarnados
descarnado	descarnada
descarnado	descarnadas
descastado	descastados
descastado	descastada
descastado	descastadas
descendente	descendentes
descendiente	descendientes
descentralizador	descentralizadores
descentralizador	descentralizadora
descentralizador	descentralizadoras
descerebrado	descerebrados
descerebrado	descerebrada
descerebrado	descerebradas
deschavetado	deschavetados
deschavetado	deschavetada
deschavetado	deschavetadas
descifrable	descifrables
desclasado	desclasados
desclasado	desclasada
desclasado	desclasadas
desco	descos
descodificador	descodificadores
descodificador	descodificadora
descodificador	descodificadoras
descollante	descollantes
descolonizador	descolonizadores
descolonizador	descolonizadora
descolonizador	descolonizadoras
descolorido	descoloridos
descolorido	descolorida
descolorido	descoloridas
descomedido	descomedidos
descomedido	descomedida
descomedido	descomedidas
descompresivo	descompresivos
descompresivo	descompresiva
descompresivo	descompresivas
descompuesto	descompuestos
descompuesto	descompuesta
descompuesto	descompuestas
descomunal	descomunales
desconcertador	desconcertadores
desconcertador	desconcertadora
desconcertador	desconcertadoras
desconcertante	desconcertantes
desconchiflado	desconchiflados
desconchiflado	desconchiflada
desconchiflado	desconchifladas
desconfiado	desconfiados
desconfiado	desconfiada
desconfiado	desconfiadas
desconforme	desconformes
descongestionante	descongestionantes
descongestivo	descongestivos
descongestivo	descongestiva
descongestivo	descongestivas
desconocedor	desconocedores
desconocedor	desconocedora
desconocedor	desconocedoras
desconocido	desconocidos
desconocido	desconocida
desconocido	desconocidas
desconsolador	desconsoladores
desconsolador	desconsoladora
desconsolador	desconsoladoras
descontento	descontentos
descontento	descontenta
descontento	descontentas
descoordinado	descoordinados
descoordinado	descoordinada
descoordinado	descoordinadas
descorazonador	descorazonadores
descorazonador	descorazonadora
descorazonador	descorazonadoras
descortés	descorteses
descosido	descosidos
descosido	descosida
descosido	descosidas
descreído	descreídos
descreído	descreída
descreído	descreídas
descriptible	
descriptivo	descriptivos
descriptivo	descriptiva
descriptivo	descriptivas
descriptor	descriptores
descriptor	descriptora
descriptor	descriptoras
descriteriado	descriteriados
descriteriado	descriteriada
descriteriado	descriteriadas
descuajilotado	descuajilotados
descuajilotado	descuajilotada
descuajilotado	descuajilotadas
descubierto	descubiertos
descubierto	descubierta
descubierto	descubiertas
descuidado	descuidados
descuidado	descuidada
descuidado	descuidadas
descuidero	descuideros
descuidero	descuidera
descuidero	descuideras
desdentado	desdentados
desdentado	desdentada
desdentado	desdentadas
desdeñable	desdeñables
desdeñador	desdeñadores
desdeñador	desdeñadora
desdeñador	desdeñadoras
desdeñoso	desdeñosos
desdeñoso	desdeñosa
desdeñoso	desdeñosas
desdichado	desdichados
desdichado	desdichada
desdichado	desdichadas
desdonado	desdonados
desdonado	desdonada
desdonado	desdonadas
deseabilísimo	deseabilísimos
deseabilísimo	deseabilísima
deseabilísimo	deseabilísimas
deseable	deseables
deseable	deseabilísimo
desecador	desecadores
desecador	desecadora
desecador	desecadoras
desecante	desecantes
desechable	desechables
desembarazado	desembarazados
desembarazado	desembarazada
desembarazado	desembarazadas
desemejable	desemejables
desemejado	desemejados
desemejado	desemejada
desemejado	desemejadas
desemejante	desemejantes
desempleado	desempleados
desempleado	desempleada
desempleado	desempleadas
desencabalgado	desencabalgados
desencabalgado	desencabalgada
desencabalgado	desencabalgadas
desencantado	desencantados
desencantado	desencantada
desencantado	desencantadas
desengañado	desengañados
desengañado	desengañada
desengañado	desengañadas
desenhetrable	desenhetrables
desentendido	desentendidos
desentendido	desentendida
desentendido	desentendidas
desenvolvedor	desenvolvedores
desenvolvedor	desenvolvedora
desenvolvedor	desenvolvedoras
desenvuelto	desenvueltos
desenvuelto	desenvuelta
desenvuelto	desenvueltas
deseoso	deseosos
deseoso	deseosa
deseoso	deseosas
deseoso	deseosísimo
deseosísimo	deseosísimos
deseosísimo	deseosísima
deseosísimo	deseosísimas
desequilibrante	desequilibrantes
desertor	desertores
desertor	desertora
desertor	desertoras
desesperado	desesperados
desesperado	desesperada
desesperado	desesperadas
desesperante	desesperantes
desestimado	desestimados
desestimado	desestimada
desestimado	desestimadas
desestructurado	desestructurados
desestructurado	desestructurada
desestructurado	desestructuradas
desfalcador	desfalcadores
desfalcador	desfalcadora
desfalcador	desfalcadoras
desfavorable	desfavorables
desgarbado	desgarbados
desgarbado	desgarbada
desgarbado	desgarbadas
desgarrado	desgarrados
desgarrado	desgarrada
desgarrado	desgarradas
desgarrador	desgarradores
desgarrador	desgarradora
desgarrador	desgarradoras
desgastante	desgastantes
desgrabado	desgrabados
desgrabado	desgrabada
desgrabado	desgrabadas
desgraciado	desgraciados
desgraciado	desgraciada
desgraciado	desgraciadas
desgradecido	desgradecidos
desgradecido	desgradecida
desgradecido	desgradecidas
deshabitado	deshabitados
deshabitado	deshabitada
deshabitado	deshabitadas
desharrapado	desharrapados
desharrapado	desharrapada
desharrapado	desharrapadas
deshidratador	deshidratadores
deshidratador	deshidratadora
deshidratador	deshidratadoras
deshierbador	deshierbadores
deshierbador	deshierbadora
deshierbador	deshierbadoras
deshinchado	deshinchados
deshinchado	deshinchada
deshinchado	deshinchadas
deshonesto	deshonestos
deshonesto	deshonesta
deshonesto	deshonestas
deshumanizador	deshumanizadores
deshumanizador	deshumanizadora
deshumanizador	deshumanizadoras
deshumanizante	deshumanizantes
desiderativo	desiderativos
desiderativo	desiderativa
desiderativo	desiderativas
desidioso	desidiosos
desidioso	desidiosa
desidioso	desidiosas
desierto	desiertos
desierto	desierta
desierto	desiertas
desigual	desiguales
desincentivador	desincentivadores
desincentivador	desincentivadora
desincentivador	desincentivadoras
desincrustante	desincrustantes
desinencial	desinenciales
desinfectante	desinfectantes
desinformador	desinformadores
desinformador	desinformadora
desinformador	desinformadoras
desinhibido	desinhibidos
desinhibido	desinhibida
desinhibido	desinhibidas
desinsectador	desinsectadores
desinsectador	desinsectadora
desinsectador	desinsectadoras
desinteresado	desinteresados
desinteresado	desinteresada
desinteresado	desinteresadas
desjuiciado	desjuiciados
desjuiciado	desjuiciada
desjuiciado	desjuiciadas
desleal	desleales
deslechugador	deslechugadores
deslechugador	deslechugadora
deslechugador	deslechugadoras
deslizadero	deslizaderos
deslizadero	deslizadera
deslizadero	deslizaderas
deslizante	deslizantes
deslumbrador	deslumbradores
deslumbrador	deslumbradora
deslumbrador	deslumbradoras
deslumbrante	deslumbrantes
desmadejado	desmadejados
desmadejado	desmadejada
desmadejado	desmadejadas
desmaquillador	desmaquilladores
desmaquillador	desmaquilladora
desmaquillador	desmaquilladoras
desmarrido	desmarridos
desmarrido	desmarrida
desmarrido	desmarridas
desmañado	desmañados
desmañado	desmañada
desmañado	desmañadas
desmembrador	desmembradores
desmembrador	desmembradora
desmembrador	desmembradoras
desmentido	desmentidos
desmentido	desmentida
desmentido	desmentidas
desmentidor	desmentidores
desmentidor	desmentidora
desmentidor	desmentidoras
desmenuzable	desmenuzables
desmenuzador	desmenuzadores
desmenuzador	desmenuzadora
desmenuzador	desmenuzadoras
desmitificador	desmitificadores
desmitificador	desmitificadora
desmitificador	desmitificadoras
desmoralizador	desmoralizadores
desmoralizador	desmoralizadora
desmoralizador	desmoralizadoras
desmoralizante	desmoralizantes
desmoronadizo	desmoronadizos
desmoronadizo	desmoronadiza
desmoronadizo	desmoronadizas
desnortado	desnortados
desnortado	desnortada
desnortado	desnortadas
desnublado	desnublados
desnublado	desnublada
desnublado	desnubladas
desnudador	desnudadores
desnudador	desnudadora
desnudador	desnudadoras
desnudista	desnudistas
desnudo	desnudos
desnudo	desnuda
desnudo	desnudas
desnutrido	desnutridos
desnutrido	desnutrida
desnutrido	desnutridas
desobediente	desobedientes
desoculto	desocultos
desoculto	desoculta
desoculto	desocultas
desocupado	desocupados
desocupado	desocupada
desocupado	desocupadas
desodorizante	desodorizantes
desopilante	desopilantes
desordenado	desordenados
desordenado	desordenada
desordenado	desordenadas
desorganizador	desorganizadores
desorganizador	desorganizadora
desorganizador	desorganizadoras
desoxidante	desoxidantes
desoxirribonucleico	desoxirribonucleicos
desoxirribonucleico	desoxirribonucleica
desoxirribonucleico	desoxirribonucleicas
despachador	despachadores
despachador	despachadora
despachador	despachadoras
despagado	despagados
despagado	despagada
despagado	despagadas
despampanante	despampanantes
desparejado	desparejados
desparejado	desparejada
desparejado	desparejadas
desparejo	desparejos
desparejo	despareja
desparejo	desparejas
desparramador	desparramadores
desparramador	desparramadora
desparramador	desparramadoras
despavorido	despavoridos
despavorido	despavorida
despavorido	despavoridas
despechado	despechados
despechado	despechada
despechado	despechadas
despechoso	despechosos
despechoso	despechosa
despechoso	despechosas
despectivo	despectivos
despectivo	despectiva
despectivo	despectivas
despedazador	despedazadores
despedazador	despedazadora
despedazador	despedazadoras
despeinado	despeinados
despeinado	despeinada
despeinado	despeinadas
despejado	despejados
despejado	despejada
despejado	despejadas
despejadísimo	despejadísimos
despejadísimo	despejadísima
despejadísimo	despejadísimas
despeluznante	despeluznantes
despenador	despenadores
despenador	despenadora
despenador	despenadoras
despertador	despertadores
despertador	despertadora
despertador	despertadoras
despeñadizo	despeñadizos
despeñadizo	despeñadiza
despeñadizo	despeñadizas
despiadado	despiadados
despiadado	despiadada
despiadado	despiadadas
despierto	despiertos
despierto	despierta
despierto	despiertas
despilfarrador	despilfarradores
despilfarrador	despilfarradora
despilfarrador	despilfarradoras
despistado	
desplazado	desplazados
desplazado	desplazada
desplazado	desplazadas
despojador	despojadores
despojador	despojadora
despojador	despojadoras
desposado	desposados
desposado	desposada
desposado	desposadas
desprecavido	desprecavidos
desprecavido	desprecavida
desprecavido	desprecavidas
despreciable	despreciables
despreciador	despreciadores
despreciador	despreciadora
despreciador	despreciadoras
despreocupado	despreocupados
despreocupado	despreocupada
despreocupado	despreocupadas
desprevenido	desprevenidos
desprevenido	desprevenida
desprevenido	desprevenidas
desprolijo	desprolijos
desprolijo	desprolija
desprolijo	desprolijas
desproporcionado	desproporcionados
desproporcionado	desproporcionada
desproporcionado	desproporcionadas
desprotegido	desprotegidos
desprotegido	desprotegida
desprotegido	desprotegidas
despótico	despóticos
despótico	despótica
despótico	despóticas
desquiciador	desquiciadores
desquiciador	desquiciadora
desquiciador	desquiciadoras
desquiciante	desquiciantes
destajador	destajadores
destajador	destajadora
destajador	destajadoras
destartalado	destartalados
destartalado	destartalada
destartalado	destartaladas
destemperado	destemperados
destemperado	destemperada
destemperado	destemperadas
destemplado	destemplados
destemplado	destemplada
destemplado	destempladas
desternillante	desternillantes
destilador	destiladores
destilador	destiladora
destilador	destiladoras
destinatario	destinatarios
destinatario	destinataria
destinatario	destinatarias
destripador	destripadores
destripador	destripadora
destripador	destripadoras
destrozador	destrozadores
destrozador	destrozadora
destrozador	destrozadoras
destrozón	destrozones
destrozón	destrozona
destrozón	destrozonas
destructivo	destructivos
destructivo	destructiva
destructivo	destructivas
destructor	destructores
destructor	destructora
destructor	destructoras
destruible	destruibles
desubicado	desubicados
desubicado	desubicada
desubicado	desubicadas
desusado	desusados
desusado	desusada
desusado	desusadas
desvalido	desvalidos
desvalido	desvalida
desvalido	desvalidas
desvariado	desvariados
desvariado	desvariada
desvariado	desvariadas
desvaído	desvaídos
desvaído	desvaída
desvaído	desvaídas
desventurado	desventurados
desventurado	desventurada
desventurado	desventuradas
desvergonzado	desvergonzados
desvergonzado	desvergonzada
desvergonzado	desvergonzadas
desyerbador	desyerbadores
desyerbador	desyerbadora
desyerbador	desyerbadoras
desértico	desérticos
desértico	desértica
desértico	desérticas
detallista	detallistas
detector	detectores
detector	detectora
detector	detectoras
detenido	detenidos
detenido	detenida
detenido	detenidas
determinado	determinados
determinado	determinada
determinado	determinadas
determinante	determinantes
determinista	deterministas
determinístico	determinísticos
determinístico	determinística
determinístico	determinísticas
detestable	detestables
detractor	detractores
detractor	detractora
detractor	detractoras
detritívoro	detritívoros
detritívoro	detritívora
detritívoro	detritívoras
deudor	deudores
deudor	deudora
deudor	deudoras
deuterocanónico	deuterocanónicos
deuterocanónico	deuterocanónica
deuterocanónico	deuterocanónicas
devastador	devastadores
devastador	devastadora
devastador	devastadoras
deverbal	deverbales
devorador	devoradores
devorador	devoradora
devorador	devoradoras
devoraz	devoraces
devoto	devotos
devoto	devota
devoto	devotas
devónico	devónicos
devónico	devónica
devónico	devónicas
dextrógiro	dextrógiros
dextrógiro	dextrógira
dextrógiro	dextrógiras
deíctico	deícticos
deíctico	deíctica
deíctico	deícticas
deísta	deístas
diabético	diabéticos
diabético	diabética
diabético	diabéticas
diabólico	diabólicos
diabólico	diabólica
diabólico	diabólicas
diacrítico	diacríticos
diacrítico	diacrítica
diacrítico	diacríticas
diacrónico	diacrónicos
diacrónico	diacrónica
diacrónico	diacrónicas
diaforético	diaforéticos
diaforético	diaforética
diaforético	diaforéticas
diafragmático	diafragmáticos
diafragmático	diafragmática
diafragmático	diafragmáticas
diagonal	diagonales
diaguita	diaguitas
diairológico	diairológicos
diairológico	diairológica
diairológico	diairológicas
dial	diales
dialectal	dialectales
dialogador	dialogadores
dialogador	dialogadora
dialogador	dialogadoras
dialogal	dialogales
dialogante	dialogantes
dialoguista	dialoguistas
dialogístico	dialogísticos
dialogístico	dialogística
dialogístico	dialogísticas
dialéctico	dialécticos
dialéctico	dialéctica
dialéctico	dialécticas
dialógico	dialógicos
dialógico	dialógica
dialógico	dialógicas
diamantado	diamantados
diamantado	diamantada
diamantado	diamantadas
diamantino	diamantinos
diamantino	diamantina
diamantino	diamantinas
diamantoide	diamantoides
diamantífero	diamantíferos
diamantífero	diamantífera
diamantífero	diamantíferas
diariero	diarieros
diariero	diariera
diariero	diarieras
diario	diarios
diario	diaria
diario	diarias
diastólico	diastólicos
diastólico	diastólica
diastólico	diastólicas
diatópico	diatópicos
diatópico	diatópica
diatópico	diatópicas
diblástico	diblásticos
diblástico	diblástica
diblástico	diblásticas
dicarióntico	dicariónticos
dicarióntico	dicarióntica
dicarióntico	dicariónticas
dicaz	dicaces
dicharachero	dicharacheros
dicharachero	dicharachera
dicharachero	dicharacheras
dicho	dichos
dicho	dicha
dicho	dichas
dichoso	dichosos
dichoso	dichosa
dichoso	dichosas
diclamídeo	diclamídeos
diclamídeo	diclamídea
diclamídeo	diclamídeas
dicotiledón	dicotiledones
dicotiledón	dicotiledona
dicotiledón	dicotiledonas
dicotiledóneo	dicotiledóneos
dicotiledóneo	dicotiledónea
dicotiledóneo	dicotiledóneas
dictatorial	dictatoriales
dicótomo	dicótomos
dicótomo	dicótoma
dicótomo	dicótomas
didascálico	didascálicos
didascálico	didascálica
didascálico	didascálicas
didelfo	didelfos
didelfo	didelfa
didelfo	didelfas
didáctico	didácticos
didáctico	didáctica
didáctico	didácticas
didáctilo	didáctilos
didáctilo	didáctila
didáctilo	didáctilas
diecinueveavo	diecinueveavos
diecinueveavo	diecinueveava
diecinueveavo	diecinueveavas
dieciochero	dieciocheros
dieciochero	dieciochera
dieciochero	dieciocheras
dieciochoavo	dieciochoavos
dieciochoavo	dieciochoava
dieciochoavo	dieciochoavas
dieciseisavo	dieciseisavos
dieciseisavo	dieciseisava
dieciseisavo	dieciseisavas
diecisieteavo	diecisieteavos
diecisieteavo	diecisieteava
diecisieteavo	diecisieteavas
dieléctrico	dieléctricos
dieléctrico	dieléctrica
dieléctrico	dieléctricas
diestro	diestros
diestro	diestra
diestro	diestras
diestro	diestrísimo
diestro	destrísimo
diestrísimo	diestrísimos
diestrísimo	diestrísima
diestrísimo	diestrísimas
dietético	dietéticos
dietético	dietética
dietético	dietéticas
difamador	difamadores
difamador	difamadora
difamador	difamadoras
diferencial	diferenciales
diferente	diferentes
diferente	diferentísimo
diferentísimo	diferentísimos
diferentísimo	diferentísima
diferentísimo	diferentísimas
diferido	diferidos
diferido	diferida
diferido	diferidas
dificilísimo	dificilísimos
dificilísimo	dificilísima
dificilísimo	dificilísimas
dificultador	dificultadores
dificultador	dificultadora
dificultador	dificultadoras
dificultoso	dificultosos
dificultoso	dificultosa
dificultoso	dificultosas
dificílimo	dificílimos
dificílimo	dificílima
dificílimo	dificílimas
difundidor	difundidores
difundidor	difundidora
difundidor	difundidoras
difunto	difuntos
difunto	difunta
difunto	difuntas
difuso	
difusor	difusores
difusor	difusora
difusor	difusoras
difícil	difíciles
difícil	dificilísimo
difícil	dificílimo
digeribilísimo	digeribilísimos
digeribilísimo	digeribilísima
digeribilísimo	digeribilísimas
digerible	digeribles
digestivo	digestivos
digestivo	digestiva
digestivo	digestivas
digital	digitales
dignificable	dignificables
dignificante	dignificantes
digno	dignos
digno	digna
digno	dignas
digno	dignísimo
dignísimo	dignísimos
dignísimo	dignísima
dignísimo	dignísimas
dije	dijes
dilapidador	dilapidadores
dilapidador	dilapidadora
dilapidador	dilapidadoras
dilatable	dilatables
dilatador	dilatadores
dilatador	dilatadora
dilatador	dilatadoras
dilecto	dilectos
dilecto	dilecta
dilecto	dilectas
diletante	diletantes
diligente	diligentes
dilucidador	dilucidadores
dilucidador	dilucidadora
dilucidador	dilucidadoras
diluente	diluentes
diluyente	diluyentes
dimensional	dimensionales
diminutivo	diminutivos
diminutivo	diminutiva
diminutivo	diminutivas
diminuto	diminutos
diminuto	diminuta
diminuto	diminutas
dinamarqués	dinamarqueses
dinamarqués	dinamarquesa
dinamarqués	dinamarquesas
dinerario	
dinámico	dinámicos
dinámico	dinámica
dinámico	dinámicas
dinástico	dinásticos
dinástico	dinástica
dinástico	dinásticas
diofántico	diofánticos
diofántico	diofántica
diofántico	diofánticas
dioico	dioicos
dioico	dioica
dioico	dioicas
diploide	diploides
diplomático	diplomáticos
diplomático	diplomática
diplomático	diplomáticas
dipsomaniaco	dipsomaniacos
dipsomaniaco	dipsomaniaca
dipsomaniaco	dipsomaniacas
dipsomaníaco	dipsomaníacos
dipsomaníaco	dipsomaníaca
dipsomaníaco	dipsomaníacas
dipsómano	dipsómanos
dipsómano	dipsómana
dipsómano	dipsómanas
dirceo	dirceos
dirceo	dircea
dirceo	dirceas
direccional	direccionales
directivo	directivos
directivo	directiva
directivo	directivas
directo	directos
directo	directa
directo	directas
director	directores
director	directora
director	directoras
directoral	directorales
directorial	directoriales
directorio	directorios
directorio	directoria
directorio	directorias
dirigente	dirigentes
dirigible	dirigibles
dirigicionista	dirigicionistas
dirigista	dirigistas
dirimente	dirimentes
discente	discentes
discernidor	discernidores
discernidor	discernidora
discernidor	discernidoras
disciplinado	disciplinados
disciplinado	disciplinada
disciplinado	disciplinadas
disciplinario	disciplinarios
disciplinario	disciplinaria
disciplinario	disciplinarias
discipular	discipulares
discolor	discolores
disconforme	disconformes
discontinuo	discontinuos
discontinuo	discontinua
discontinuo	discontinuas
discorde	discordes
discrecional	discrecionales
discrepante	discrepantes
discreto	discretos
discreto	discreta
discreto	discretas
discriminador	discriminadores
discriminador	discriminadora
discriminador	discriminadoras
discriminatorio	discriminatorios
discriminatorio	discriminatoria
discriminatorio	discriminatorias
disculpable	disculpables
disculpador	disculpadores
disculpador	disculpadora
disculpador	disculpadoras
discursivo	discursivos
discursivo	discursiva
discursivo	discursivas
discutible	discutibles
discutidor	discutidores
discutidor	discutidora
discutidor	discutidoras
disecador	disecadores
disecador	disecadora
disecador	disecadoras
diseminador	diseminadores
diseminador	diseminadora
diseminador	diseminadoras
disentérico	disentéricos
disentérico	disentérica
disentérico	disentéricas
disforme	disformes
disfuncional	disfuncionales
disfónico	disfónicos
disfónico	disfónica
disfónico	disfónicas
disgregador	disgregadores
disgregador	disgregadora
disgregador	disgregadoras
disgustosísimo	disgustosísimos
disgustosísimo	disgustosísima
disgustosísimo	disgustosísimas
disidente	disidentes
disimétrico	disimétricos
disimétrico	disimétrica
disimétrico	disimétricas
disjunto	disjuntos
disjunto	disjunta
disjunto	disjuntas
disléxico	disléxicos
disléxico	disléxica
disléxico	disléxicas
disoluto	disolutos
disoluto	disoluta
disoluto	disolutas
disolutorio	disolutorios
disolutorio	disolutoria
disolutorio	disolutorias
disolvente	disolventes
disonante	disonantes
dispar	dispares
disparado	disparados
disparado	disparada
disparado	disparadas
disparador	disparadores
disparador	disparadora
disparador	disparadoras
disparatado	disparatados
disparatado	disparatada
disparatado	disparatadas
disparatador	disparatadores
disparatador	disparatadora
disparatador	disparatadoras
disparato	disparatos
disparato	disparata
disparato	disparatas
disparejo	disparejos
disparejo	dispareja
disparejo	disparejas
dispendioso	dispendiosos
dispendioso	dispendiosa
dispendioso	dispendiosas
dispensador	dispensadores
dispensador	dispensadora
dispensador	dispensadoras
disperso	dispersos
disperso	dispersa
disperso	dispersas
displicente	displicentes
displásico	displásicos
displásico	displásica
displásico	displásicas
displástico	displásticos
displástico	displástica
displástico	displásticas
dispneico	dispneicos
dispneico	dispneica
dispneico	dispneicas
disponedor	disponedores
disponedor	disponedora
disponedor	disponedoras
disponible	disponibles
dispositivo	dispositivos
dispositivo	dispositiva
dispositivo	dispositivas
dispositorio	dispositorios
dispositorio	dispositoria
dispositorio	dispositorias
dispuesto	dispuestos
dispuesto	dispuesta
dispuesto	dispuestas
disputador	disputadores
disputador	disputadora
disputador	disputadoras
dispéptico	dispépticos
dispéptico	dispéptica
dispéptico	dispépticas
disruptivo	disruptivos
disruptivo	disruptiva
disruptivo	disruptivas
distal	distales
distante	distantes
distendido	distendidos
distendido	distendida
distendido	distendidas
distinguidor	distinguidores
distinguidor	distinguidora
distinguidor	distinguidoras
distintivo	distintivos
distintivo	distintiva
distintivo	distintivas
distinto	distintos
distinto	distinta
distinto	distintas
distraído	distraídos
distraído	distraída
distraído	distraídas
distribucionista	distribucionistas
distributista	distributistas
distímico	distímicos
distímico	distímica
distímico	distímicas
distópico	distópicos
distópico	distópica
distópico	distópicas
disuasivo	disuasivos
disuasivo	disuasiva
disuasivo	disuasivas
disuasorio	disuasorios
disuasorio	disuasoria
disuasorio	disuasorias
disyuntivo	disyuntivos
disyuntivo	disyuntiva
disyuntivo	disyuntivas
disyunto	disyuntos
disyunto	disyunta
disyunto	disyuntas
disílabo	disílabos
disílabo	disílaba
disílabo	disílabas
disímil	disímiles
disúrico	disúricos
disúrico	disúrica
disúrico	disúricas
ditirámbico	ditirámbicos
ditirámbico	ditirámbica
ditirámbico	ditirámbicas
diurno	diurnos
diurno	diurna
diurno	diurnas
diurético	diuréticos
diurético	diurética
diurético	diuréticas
diuturno	diuturnos
diuturno	diuturna
diuturno	diuturnas
diva	
divagador	divagadores
divagador	divagadora
divagador	divagadoras
divergente	divergentes
diverso	diversos
diverso	diversa
diverso	diversas
divertido	divertidos
divertido	divertida
divertido	divertidas
divididero	dividideros
divididero	divididera
divididero	dividideras
dividuo	dividuos
dividuo	dividua
dividuo	dividuas
divinal	divinales
divinativo	divinativos
divinativo	divinativa
divinativo	divinativas
divinatorio	divinatorios
divinatorio	divinatoria
divinatorio	divinatorias
divinizable	divinizables
divinizador	divinizadores
divinizador	divinizadora
divinizador	divinizadoras
divino	divinos
divino	divina
divino	divinas
divisible	divisibles
divo	divos
divo	diva
divo	divas
divulgador	divulgadores
divulgador	divulgadora
divulgador	divulgadoras
divulgativo	divulgativos
divulgativo	divulgativa
divulgativo	divulgativas
dizque	
diáfano	diáfanos
diáfano	diáfana
diáfano	diáfanas
diésel	
dióptrico	dióptricos
dióptrico	dióptrica
dióptrico	dióptricas
doble	dobles
doblegadizo	doblegadizos
doblegadizo	doblegadiza
doblegadizo	doblegadizas
doceavo	doceavos
doceavo	doceava
doceavo	doceavas
doceañero	doceañeros
doceañero	doceañera
doceañero	doceañeras
doceañista	doceañistas
docente	docentes
doctiloco	doctilocos
doctiloco	doctiloca
doctiloco	doctilocas
doctilocuo	doctilocuos
doctilocuo	doctilocua
doctilocuo	doctilocuas
docto	doctos
docto	docta
docto	doctas
docto	doctísimo
doctoral	doctorales
doctorcico	doctorcicos
doctorcico	doctorcica
doctorcico	doctorcicas
doctorcillo	doctorcillos
doctorcillo	doctorcilla
doctorcillo	doctorcillas
doctorcito	doctorcitos
doctorcito	doctorcita
doctorcito	doctorcitas
doctormorense	doctormorenses
doctrinal	doctrinales
doctrinario	doctrinarios
doctrinario	doctrinaria
doctrinario	doctrinarias
doctísimo	doctísimos
doctísimo	doctísima
doctísimo	doctísimas
documental	documentales
documentalista	documentalistas
docético	docéticos
docético	docética
docético	docéticas
dodecafónico	dodecafónicos
dodecafónico	dodecafónica
dodecafónico	dodecafónicas
dodecagonal	dodecagonales
dodecasílabo	dodecasílabos
dodecasílabo	dodecasílaba
dodecasílabo	dodecasílabas
dodecágono	dodecágonos
dodecágono	dodecágona
dodecágono	dodecágonas
dogmático	dogmáticos
dogmático	dogmática
dogmático	dogmáticas
dogon	dógones
dolerítico	doleríticos
dolerítico	dolerítica
dolerítico	doleríticas
dolicocéfalo	dolicocéfalos
dolicocéfalo	dolicocéfala
dolicocéfalo	dolicocéfalas
doliente	dolientes
dolioso	doliosos
dolioso	doliosa
dolioso	doliosas
dolménico	dolménicos
dolménico	dolménica
dolménico	dolménicas
dolobu	
dolomítico	dolomíticos
dolomítico	dolomítica
dolomítico	dolomíticas
dolorido	doloridos
dolorido	dolorida
dolorido	doloridas
dolorioso	doloriosos
dolorioso	doloriosa
dolorioso	doloriosas
dolorista	doloristas
doloroso	dolorosos
doloroso	dolorosa
doloroso	dolorosas
doloroso	dolorísimo
doloroso	dolorosísimo
dolorosísimo	dolorosísimos
dolorosísimo	dolorosísima
dolorosísimo	dolorosísimas
doloso	dolosos
doloso	dolosa
doloso	dolosas
domesticado	domesticados
domesticado	domesticada
domesticado	domesticadas
domiciliario	domiciliarios
domiciliario	domiciliaria
domiciliario	domiciliarias
dominante	dominantes
dominguero	domingueros
dominguero	dominguera
dominguero	domingueras
dominical	dominicales
dominicano	dominicanos
dominicano	dominicana
dominicano	dominicanas
dominico	dominicos
dominico	dominica
dominico	dominicas
dominiqués	dominiqueses
dominiqués	dominiquesa
dominiqués	dominiquesas
domisanitario	domisanitarios
domisanitario	domisanitaria
domisanitario	domisanitarias
doméstico	domésticos
doméstico	doméstica
doméstico	domésticas
donairoso	donairosos
donairoso	donairosa
donairoso	donairosas
donante	donantes
donillero	donilleros
donillero	donillera
donillero	donilleras
donoso	donosos
donoso	donosa
donoso	donosas
donostiarra	donostiarras
dopelotu	dopelotus
dorado	dorados
dorado	dorada
dorado	doradas
dorado	doradísimo
doradísimo	doradísimos
doradísimo	doradísima
doradísimo	doradísimas
dorio	dorios
dorio	doria
dorio	dorias
dormilón	dormilones
dormilón	dormilona
dormilón	dormilonas
dorreguense	dorreguenses
dorsal	dorsales
dorsoventral	dorsoventrales
dos	
dosalbo	dosalbos
dosalbo	dosalba
dosalbo	dosalbas
doscientosavo	doscientosavos
doscientosavo	doscientosava
doscientosavo	doscientosavas
dosificable	dosificables
dosimétrico	dosimétricos
dosimétrico	dosimétrica
dosimétrico	dosimétricas
dotado	dotados
dotado	dotada
dotado	dotadas
doñeguil	doñeguiles
draconiano	draconianos
draconiano	draconiana
draconiano	draconianas
dragón	dragones
dramático	dramáticos
dramático	dramática
dramático	dramáticas
drogadicto	drogadictos
drogadicto	drogadicta
drogadicto	drogadictas
drogado	drogados
drogado	drogada
drogado	drogadas
drogodependiente	drogodependientes
drogón	drogones
drogón	drogona
drogón	drogonas
drupáceo	drupáceos
drupáceo	drupácea
drupáceo	drupáceas
druídico	druídicos
druídico	druídica
druídico	druídicas
drástico	drásticos
drástico	drástica
drástico	drásticas
dual	duales
dualístico	dualísticos
dualístico	dualística
dualístico	dualísticas
dubitable	dubitables
dubitativo	dubitativos
dubitativo	dubitativa
dubitativo	dubitativas
dublinés	dublineses
dublinés	dublinesa
dublinés	dublinesas
ducal	ducales
ducho	duchos
ducho	ducha
ducho	duchas
dudabilísimo	dudabilísimos
dudabilísimo	dudabilísima
dudabilísimo	dudabilísimas
dudoso	dudosos
dudoso	dudosa
dudoso	dudosas
dulce	dulces
dulce	dulcísimo
dulceacuícola	dulceacuícolas
dulciacuícola	dulciacuícolas
dulcísimo	dulcísimos
dulcísimo	dulcísima
dulcísimo	dulcísimas
dulzaino	dulzainos
dulzaino	dulzaina
dulzaino	dulzainas
dulzarrón	dulzarrones
dulzarrón	dulzarrona
dulzarrón	dulzarronas
dulzón	dulzones
dulzón	dulzona
dulzón	dulzonas
duodecagonal	duodecagonales
duodenal	duodenales
duodeno	duodenos
duodeno	duodena
duodeno	duodenas
duodécuplo	duodécuplos
duodécuplo	duodécupla
duodécuplo	duodécuplas
duplo	duplos
duplo	dupla
duplo	duplas
durable	durables
duradero	duraderos
duradero	duradera
duradero	duraderas
duranguense	duranguenses
duraznense	duraznenses
durazno	duraznos
durazno	durazna
durazno	duraznas
durmiente	durmientes
duro	duros
duro	dura
duro	duras
duro	durísimo
durísimo	durísimos
durísimo	durísima
durísimo	durísimas
duz	
dálmata	dálmatas
dánao	dánaos
dánao	dánaa
dánao	dánaas
dánico	dánicos
dánico	dánica
dánico	dánicas
dárdano	dárdanos
dárdano	dárdana
dárdano	dárdanas
débil	débiles
décuple	décuples
décuplo	décuplos
décuplo	décupla
décuplo	décuplas
dérmico	dérmicos
dérmico	dérmica
dérmico	dérmicas
díscolo	díscolos
díscolo	díscola
díscolo	díscolas
dócil	dóciles
dórico	dóricos
dórico	dórica
dórico	dóricas
dúctil	dúctiles
dúplex	
easonense	easonenses
ebrio	ebrios
ebrio	ebria
ebrio	ebrias
ebrioso	ebriosos
ebrioso	ebriosa
ebrioso	ebriosas
eburno	eburnos
eburno	eburna
eburno	eburnas
ebúrneo	ebúrneos
ebúrneo	ebúrnea
ebúrneo	ebúrneas
ecbólico	ecbólicos
ecbólico	ecbólica
ecbólico	ecbólicas
ecdótico	ecdóticos
ecdótico	ecdótica
ecdótico	ecdóticas
echadillo	echadillos
echadillo	echadilla
echadillo	echadillas
echadizo	echadizos
echadizo	echadiza
echadizo	echadizas
echado	echados
echado	echada
echado	echadas
echador	echadores
echador	echadora
echador	echadoras
echón	echones
echón	echona
echón	echonas
eclesiástico	eclesiásticos
eclesiástico	eclesiástica
eclesiástico	eclesiásticas
ecléctico	eclécticos
ecléctico	ecléctica
ecléctico	eclécticas
eclíptico	eclípticos
eclíptico	eclíptica
eclíptico	eclípticas
ecoamigable	ecoamigables
ecoico	ecoicos
ecoico	ecoica
ecoico	ecoicas
ecologista	ecologistas
ecológico	ecológicos
ecológico	ecológica
ecológico	ecológicas
economicista	economicistas
econométrico	econométricos
econométrico	econométrica
econométrico	econométricas
económico	económicos
económico	económica
económico	económicas
ecosistémico	ecosistémicos
ecosistémico	ecosistémica
ecosistémico	ecosistémicas
ectodérmico	ectodérmicos
ectodérmico	ectodérmica
ectodérmico	ectodérmicas
ectoparásito	ectoparásitos
ectoparásito	ectoparásita
ectoparásito	ectoparásitas
ecuatoguineano	ecuatoguineanos
ecuatoguineano	ecuatoguineana
ecuatoguineano	ecuatoguineanas
ecuatorial	ecuatoriales
ecuatoriano	ecuatorianos
ecuatoriano	ecuatoriana
ecuatoriano	ecuatorianas
ecuestre	ecuestres
ecuménico	ecuménicos
ecuménico	ecuménica
ecuménico	ecuménicas
ecuo	ecuos
ecuo	ecua
ecuo	ecuas
ecuánime	ecuánimes
edafológico	edafológicos
edafológico	edafológica
edafológico	edafológicas
edificador	edificadores
edificador	edificadora
edificador	edificadoras
edificante	edificantes
edificativo	edificativos
edificativo	edificativa
edificativo	edificativas
editor	editores
editor	editora
editor	editoras
educacional	educacionales
educado	educados
educado	educada
educado	educadas
educador	educadores
educador	educadora
educador	educadoras
educando	educandos
educando	educanda
educando	educandas
educativo	educativos
educativo	educativa
educativo	educativas
edáfico	edáficos
edáfico	edáfica
edáfico	edáficas
edénico	edénicos
edénico	edénica
edénico	edénicas
edípico	edípicos
edípico	edípica
edípico	edípicas
efable	efables
efectivo	efectivos
efectivo	efectiva
efectivo	efectivas
eferente	eferentes
efervescente	efervescentes
eficaz	eficaces
eficiente	eficientes
eficientista	eficientistas
efigiado	efigiados
efigiado	efigiada
efigiado	efigiadas
efrateo	efrateos
efrateo	efratea
efrateo	efrateas
efusivo	efusivos
efusivo	efusiva
efusivo	efusivas
efímero	efímeros
efímero	efímera
efímero	efímeras
egabrense	egabrenses
egeo	egeos
egeo	egea
egeo	egeas
egetano	
egipcio	egipcios
egipcio	egipcia
egipcio	egipcias
egiptológico	egiptológicos
egiptológico	egiptológica
egiptológico	egiptológicas
eglógico	eglógicos
eglógico	eglógica
eglógico	eglógicas
egocentrista	egocentristas
egocéntrico	egocéntricos
egocéntrico	egocéntrica
egocéntrico	egocéntricas
egolátrico	egolátricos
egolátrico	egolátrica
egolátrico	egolátricas
egomaníaco	egomaníacos
egomaníaco	egomaníaca
egomaníaco	egomaníacas
egoísta	egoístas
egregio	egregios
egregio	egregia
egregio	egregias
egómano	egómanos
egómano	egómana
egómano	egómanas
eidético	eidéticos
eidético	eidética
eidético	eidéticas
ejecutable	ejecutables
ejecutante	ejecutantes
ejecutivo	ejecutivos
ejecutivo	ejecutiva
ejecutivo	ejecutivas
ejecutor	ejecutores
ejecutor	ejecutora
ejecutor	ejecutoras
ejemplar	ejemplares
ejemplarizador	ejemplarizadores
ejemplarizador	ejemplarizadora
ejemplarizador	ejemplarizadoras
ejemplarizante	ejemplarizantes
ejercitador	ejercitadores
ejercitador	ejercitadora
ejercitador	ejercitadoras
ejercitante	ejercitantes
ejidal	ejidales
ejidense	
elaborable	elaborables
elato	elatos
elato	elata
elato	elatas
eldense	eldenses
eleata	eleatas
electivo	electivos
electivo	electiva
electivo	electivas
electo	electos
electo	electa
electo	electas
elector	electores
elector	electora
elector	electoras
electoral	electorales
electoralista	electoralistas
electrificante	electrificantes
electrizante	electrizantes
electro	
electrocrómico	electrocrómicos
electrocrómico	electrocrómica
electrocrómico	electrocrómicas
electroencefalográfico	electroencefalográficos
electroencefalográfico	electroencefalográfica
electroencefalográfico	electroencefalográficas
electrofisiológico	electrofisiológicos
electrofisiológico	electrofisiológica
electrofisiológico	electrofisiológicas
electrolizador	electrolizadores
electrolizador	electrolizadora
electrolizador	electrolizadoras
electrolítico	electrolíticos
electrolítico	electrolítica
electrolítico	electrolíticas
electromagnético	electromagnéticos
electromagnético	electromagnética
electromagnético	electromagnéticas
electromecánico	electromecánicos
electromecánico	electromecánica
electromecánico	electromecánicas
electrotípico	electrotípicos
electrotípico	electrotípica
electrotípico	electrotípicas
electrónico	electrónicos
electrónico	electrónica
electrónico	electrónicas
elefantino	elefantinos
elefantino	elefantina
elefantino	elefantinas
elefantiásico	elefantiásicos
elefantiásico	elefantiásica
elefantiásico	elefantiásicas
elegante	elegantes
elegante	elegantísimo
elegantísimo	elegantísimos
elegantísimo	elegantísima
elegantísimo	elegantísimas
elegiano	elegianos
elegiano	elegiana
elegiano	elegianas
elegible	elegibles
elegio	elegios
elegio	elegia
elegio	elegias
elegíaco	elegíacos
elegíaco	elegíaca
elegíaco	elegíacas
eleito	eleitos
eleito	eleita
eleito	eleitas
elemental	elementales
eleo	eleos
eleo	elea
eleo	eleas
eleto	eletos
eleto	eleta
eleto	eletas
eleusino	eleusinos
eleusino	eleusina
eleusino	eleusinas
elevado	elevados
elevado	elevada
elevado	elevadas
eleático	eleáticos
eleático	eleática
eleático	eleáticas
eliminador	eliminadores
eliminador	eliminadora
eliminador	eliminadoras
eliminatorio	eliminatorios
eliminatorio	eliminatoria
eliminatorio	eliminatorias
elitista	elitistas
elocuente	elocuentes
elocutivo	elocutivos
elocutivo	elocutiva
elocutivo	elocutivas
elocutorio	elocutorios
elocutorio	elocutoria
elocutorio	elocutorias
elodito	eloditos
elodito	elodita
elodito	eloditas
elogiable	elogiables
elogiador	elogiadores
elogiador	elogiadora
elogiador	elogiadoras
elotero	eloteros
elotero	elotera
elotero	eloteras
elquino	elquinos
elquino	elquina
elquino	elquinas
eluctable	eluctables
elucubrador	elucubradores
elucubrador	elucubradora
elucubrador	elucubradoras
elucubrativo	elucubrativos
elucubrativo	elucubrativa
elucubrativo	elucubrativas
eludible	eludibles
eludórico	eludóricos
eludórico	eludórica
eludórico	eludóricas
elzeviriano	elzevirianos
elzeviriano	elzeviriana
elzeviriano	elzevirianas
elástico	elásticos
elástico	elástica
elástico	elásticas
eléctrico	eléctricos
eléctrico	eléctrica
eléctrico	eléctricas
elénctico	eléncticos
elénctico	elénctica
elénctico	eléncticas
elíptico	elípticos
elíptico	elíptica
elíptico	elípticas
emaciado	emaciados
emaciado	emaciada
emaciado	emaciadas
emancipador	emancipadores
emancipador	emancipadora
emancipador	emancipadoras
emancipativo	emancipativos
emancipativo	emancipativa
emancipativo	emancipativas
emancipatorio	emancipatorios
emancipatorio	emancipatoria
emancipatorio	emancipatorias
embadurnador	embadurnadores
embadurnador	embadurnadora
embadurnador	embadurnadoras
embarazado	embarazados
embarazado	embarazada
embarazado	embarazadas
embarazador	embarazadores
embarazador	embarazadora
embarazador	embarazadoras
embarazoso	embarazosos
embarazoso	embarazosa
embarazoso	embarazosas
embaucador	embaucadores
embaucador	embaucadora
embaucador	embaucadoras
embellecedor	embellecedores
embellecedor	embellecedora
embellecedor	embellecedoras
embilejo	embilejos
embilejo	embileja
embilejo	embilejas
embocinado	embocinados
embocinado	embocinada
embocinado	embocinadas
embolismador	embolismadores
embolismador	embolismadora
embolismador	embolismadoras
emborrachador	emborrachadores
emborrachador	emborrachadora
emborrachador	emborrachadoras
emborronador	emborronadores
emborronador	emborronadora
emborronador	emborronadoras
embotador	embotadores
embotador	embotadora
embotador	embotadoras
embriagador	embriagadores
embriagador	embriagadora
embriagador	embriagadoras
embriogénico	embriogénicos
embriogénico	embriogénica
embriogénico	embriogénicas
embriológico	embriológicos
embriológico	embriológica
embriológico	embriológicas
embrionario	embrionarios
embrionario	embrionaria
embrionario	embrionarias
embrocado	embrocados
embrocado	embrocada
embrocado	embrocadas
embrollador	embrolladores
embrollador	embrolladora
embrollador	embrolladoras
embrollón	embrollones
embrollón	embrollona
embrollón	embrollonas
embrujador	embrujadores
embrujador	embrujadora
embrujador	embrujadoras
embrutecedor	embrutecedores
embrutecedor	embrutecedora
embrutecedor	embrutecedoras
embudista	embudistas
embullador	embulladores
embullador	embulladora
embullador	embulladoras
embustero	embusteros
embustero	embustera
embustero	embusteras
emeritense	emeritenses
emigrante	emigrantes
eminente	eminentes
eminentísimo	eminentísimos
eminentísimo	eminentísima
eminentísimo	eminentísimas
emiratí	emiratís
emiratí	emiratíes
emisor	emisores
emisor	emisora
emisor	emisoras
emita	emitas
emocionable	emocionables
emocional	emocionales
emocionante	emocionantes
emoliente	emolientes
emotivo	emotivos
emotivo	emotiva
emotivo	emotivas
empacador	empacadores
empacador	empacadora
empacador	empacadoras
empachador	empachadores
empachador	empachadora
empachador	empachadoras
empalagoso	empalagosos
empalagoso	empalagosa
empalagoso	empalagosas
empalagosísimo	empalagosísimos
empalagosísimo	empalagosísima
empalagosísimo	empalagosísimas
emparamado	emparamados
emparamado	emparamada
emparamado	emparamadas
emparentado	emparentados
emparentado	emparentada
emparentado	emparentadas
empastillado	empastillados
empastillado	empastillada
empastillado	empastilladas
empavonado	empavonados
empavonado	empavonada
empavonado	empavonadas
empañante	empañantes
empecinado	empecinados
empecinado	empecinada
empecinado	empecinadas
empedernido	empedernidos
empedernido	empedernida
empedernido	empedernidas
empedrado	empedrados
empedrado	empedrada
empedrado	empedradas
empegotado	empegotados
empegotado	empegotada
empegotado	empegotadas
empelotado	empelotados
empelotado	empelotada
empelotado	empelotadas
empenachado	empenachados
empenachado	empenachada
empenachado	empenachadas
empercudido	empercudidos
empercudido	empercudida
empercudido	empercudidas
emperfumado	emperfumados
emperfumado	emperfumada
emperfumado	emperfumadas
emperlado	emperlados
emperlado	emperlada
emperlado	emperladas
empernado	empernados
empernado	empernada
empernado	empernadas
empeñado	empeñados
empeñado	empeñada
empeñado	empeñadas
empeñador	empeñadores
empeñador	empeñadora
empeñador	empeñadoras
empeñoso	empeñosos
empeñoso	empeñosa
empeñoso	empeñosas
empinado	empinados
empinado	empinada
empinado	empinadas
empireumático	empireumáticos
empireumático	empireumática
empireumático	empireumáticas
empleable	empleables
empleado	empleados
empleado	empleada
empleado	empleadas
empleador	empleadores
empleador	empleadora
empleador	empleadoras
empleitero	empleiteros
empleitero	empleitera
empleitero	empleiteras
emplástico	emplásticos
emplástico	emplástica
emplástico	emplásticas
empobrecedor	empobrecedores
empobrecedor	empobrecedora
empobrecedor	empobrecedoras
emponzoñador	emponzoñadores
emponzoñador	emponzoñadora
emponzoñador	emponzoñadoras
empotrable	
empotrador	empotradores
empotrador	empotradora
empotrador	empotradoras
emprendedor	emprendedores
emprendedor	emprendedora
emprendedor	emprendedoras
empresarial	empresariales
emproblemado	emproblemados
emproblemado	emproblemada
emproblemado	emproblemadas
empurpurado	empurpurados
empurpurado	empurpurada
empurpurado	empurpuradas
empuñador	empuñadores
empuñador	empuñadora
empuñador	empuñadoras
empático	empáticos
empático	empática
empático	empáticas
empíreo	empíreos
empíreo	empírea
empíreo	empíreas
empírico	empíricos
empírico	empírica
empírico	empíricas
emulador	emuladores
emulador	emuladora
emulador	emuladoras
emulsivo	emulsivos
emulsivo	emulsiva
emulsivo	emulsivas
emérito	eméritos
emérito	emérita
emérito	eméritas
emético	eméticos
emético	emética
emético	eméticas
enajenable	enajenables
enajenado	enajenados
enajenado	enajenada
enajenado	enajenadas
enajenador	enajenadores
enajenador	enajenadora
enajenador	enajenadoras
enajenante	enajenantes
enalmagrado	enalmagrados
enalmagrado	enalmagrada
enalmagrado	enalmagradas
enaltecedor	enaltecedores
enaltecedor	enaltecedora
enaltecedor	enaltecedoras
enamoradizo	enamoradizos
enamoradizo	enamoradiza
enamoradizo	enamoradizas
enamorado	enamorados
enamorado	enamorada
enamorado	enamoradas
enamorador	enamoradores
enamorador	enamoradora
enamorador	enamoradoras
enano	enanos
enano	enana
enano	enanas
enardecedor	enardecedores
enardecedor	enardecedora
enardecedor	enardecedoras
enarmónico	enarmónicos
enarmónico	enarmónica
enarmónico	enarmónicas
enastado	enastados
enastado	enastada
enastado	enastadas
encachado	encachados
encachado	encachada
encachado	encachadas
encantadero	encantaderos
encantadero	encantadera
encantadero	encantaderas
encantado	encantados
encantado	encantada
encantado	encantadas
encantador	encantadores
encantador	encantadora
encantador	encantadoras
encapsulado	encapsulados
encapsulado	encapsulada
encapsulado	encapsuladas
encapuchado	encapuchados
encapuchado	encapuchada
encapuchado	encapuchadas
encarador	encaradores
encarador	encaradora
encarador	encaradoras
encarcelador	encarceladores
encarcelador	encarceladora
encarcelador	encarceladoras
encarecedor	encarecedores
encarecedor	encarecedora
encarecedor	encarecedoras
encargado	encargados
encargado	encargada
encargado	encargadas
encarnizado	encarnizados
encarnizado	encarnizada
encarnizado	encarnizadas
encasillable	encasillables
encastillador	encastilladores
encastillador	encastilladora
encastillador	encastilladoras
encefálico	encefálicos
encefálico	encefálica
encefálico	encefálicas
encendedor	encendedores
encentador	encentadores
encentador	encentadora
encentador	encentadoras
encestador	encestadores
encestador	encestadora
encestador	encestadoras
enchochado	enchochados
enchochado	enchochada
enchochado	enchochadas
enchufado	enchufados
enchufado	enchufada
enchufado	enchufadas
enciclopedista	enciclopedistas
enciclopédico	enciclopédicos
enciclopédico	enciclopédica
enciclopédico	enciclopédicas
encimero	encimeros
encimero	encimera
encimero	encimeras
enclenque	
enclítico	enclíticos
enclítico	enclítica
enclítico	enclíticas
encogido	encogidos
encogido	encogida
encogido	encogidas
encomendable	encomendables
encomiable	encomiables
encomiador	encomiadores
encomiador	encomiadora
encomiador	encomiadoras
encomiástico	encomiásticos
encomiástico	encomiástica
encomiástico	encomiásticas
enconado	enconados
enconado	enconada
enconado	enconadas
encontradizo	encontradizos
encontradizo	encontradiza
encontradizo	encontradizas
encorbatado	encorbatados
encorbatado	encorbatada
encorbatado	encorbatadas
encorvadísimo	encorvadísimos
encorvadísimo	encorvadísima
encorvadísimo	encorvadísimas
encovado	encovados
encovado	encovada
encovado	encovadas
encrespado	encrespados
encrespado	encrespada
encrespado	encrespadas
encrespador	encrespadores
encrespador	encrespadora
encrespador	encrespadoras
encrestado	encrestados
encrestado	encrestada
encrestado	encrestadas
encuadernable	encuadernables
encubridizo	encubridizos
encubridizo	encubridiza
encubridizo	encubridizas
encuerado	encuerados
encuerado	encuerada
encuerado	encueradas
enculado	enculados
enculado	enculada
enculado	enculadas
encumbrado	encumbrados
encumbrado	encumbrada
encumbrado	encumbradas
encurtido	encurtidos
encurtido	encurtida
encurtido	encurtidas
endebilísimo	endebilísimos
endebilísimo	endebilísima
endebilísimo	endebilísimas
endeble	endebles
endeblísimo	endeblísimos
endeblísimo	endeblísima
endeblísimo	endeblísimas
endecasilábico	endecasilábicos
endecasilábico	endecasilábica
endecasilábico	endecasilábicas
endecasílabo	endecasílabos
endecasílabo	endecasílaba
endecasílabo	endecasílabas
endecágono	endecágonos
endecágono	endecágona
endecágono	endecágonas
enderezador	enderezadores
enderezador	enderezadora
enderezador	enderezadoras
endeudado	endeudados
endeudado	endeudada
endeudado	endeudadas
endiamantado	endiamantados
endiamantado	endiamantada
endiamantado	endiamantadas
endieciochado	endieciochados
endieciochado	endieciochada
endieciochado	endieciochadas
endocrino	endocrinos
endocrino	endocrina
endocrino	endocrinas
endocrinológico	endocrinológicos
endocrinológico	endocrinológica
endocrinológico	endocrinológicas
endogámico	endogámicos
endogámico	endogámica
endogámico	endogámicas
endoparásito	endoparásitos
endoparásito	endoparásita
endoparásito	endoparásitas
endoplasmático	endoplasmáticos
endoplasmático	endoplasmática
endoplasmático	endoplasmáticas
endosable	endosables
endosimbiótico	endosimbióticos
endosimbiótico	endosimbiótica
endosimbiótico	endosimbióticas
endotelial	endoteliales
endrino	endrinos
endrino	endrina
endrino	endrinas
endurecedor	endurecedores
endurecedor	endurecedora
endurecedor	endurecedoras
endurecido	endurecidos
endurecido	endurecida
endurecido	endurecidas
endémico	endémicos
endémico	endémica
endémico	endémicas
endógeno	endógenos
endógeno	endógena
endógeno	endógenas
endónimo	endónimos
endónimo	endónima
endónimo	endónimas
eneadecágono	eneadecágonos
eneadecágono	eneadecágona
eneadecágono	eneadecágonas
eneagonal	eneagonales
eneasílabo	eneasílabos
eneasílabo	eneasílaba
eneasílabo	eneasílabas
enemigo	enemigos
enemigo	enemiga
enemigo	enemigas
enemigo	inimicísimo
enemigo	enemicísimo
enemigo	enemiguísimo
enemiguísimo	enemiguísimos
enemiguísimo	enemiguísima
enemiguísimo	enemiguísimas
energético	energéticos
energético	energética
energético	energéticas
enervador	enervadores
enervador	enervadora
enervador	enervadoras
enervante	enervantes
eneágono	eneágonos
eneágono	eneágona
eneágono	eneágonas
enfadadizo	enfadadizos
enfadadizo	enfadadiza
enfadadizo	enfadadizas
enfadado	enfadados
enfadado	enfadada
enfadado	enfadadas
enfadoso	enfadosos
enfadoso	enfadosa
enfadoso	enfadosas
enfaldado	
enfardador	enfardadores
enfardador	enfardadora
enfardador	enfardadoras
enfermizo	enfermizos
enfermizo	enfermiza
enfermizo	enfermizas
enfermo	enfermos
enfermo	enferma
enfermo	enfermas
enfermo	enfermísimo
enfermoso	enfermosos
enfermoso	enfermosa
enfermoso	enfermosas
enfermucho	enfermuchos
enfermucho	enfermucha
enfermucho	enfermuchas
enfermísimo	enfermísimos
enfermísimo	enfermísima
enfermísimo	enfermísimas
enfierrado	enfierrados
enfierrado	enfierrada
enfierrado	enfierradas
enfintoso	enfintosos
enfintoso	enfintosa
enfintoso	enfintosas
enflechado	enflechados
enflechado	enflechada
enflechado	enflechadas
enfriador	enfriadores
enfriador	enfriadora
enfriador	enfriadoras
enfático	enfáticos
enfático	enfática
enfático	enfáticas
engalanado	engalanados
engalanado	engalanada
engalanado	engalanadas
engallado	engallados
engallado	engallada
engallado	engalladas
engarrafador	engarrafadores
engarrafador	engarrafadora
engarrafador	engarrafadoras
engatusador	engatusadores
engatusador	engatusadora
engatusador	engatusadoras
engazador	engazadores
engazador	engazadora
engazador	engazadoras
engañador	engañadores
engañador	engañadora
engañador	engañadoras
engañante	engañantes
engañoso	engañosos
engañoso	engañosa
engañoso	engañosas
engañoso	engañosísimo
engañosísimo	engañosísimos
engañosísimo	engañosísima
engañosísimo	engañosísimas
engolado	engolados
engolado	engolada
engolado	engoladas
engolosinador	engolosinadores
engolosinador	engolosinadora
engolosinador	engolosinadoras
engorroso	engorrosos
engorroso	engorrosa
engorroso	engorrosas
engorrosísimo	engorrosísimos
engorrosísimo	engorrosísima
engorrosísimo	engorrosísimas
engrapado	engrapados
engrapado	engrapada
engrapado	engrapadas
engreído	engreídos
engreído	engreída
engreído	engreídas
engrupido	
enguatado	enguatados
enguatado	enguatada
enguatado	enguatadas
engullidor	engullidores
engullidor	engullidora
engullidor	engullidoras
engurriado	engurriados
engurriado	engurriada
engurriado	engurriadas
enhiesto	enhiestos
enhiesto	enhiesta
enhiesto	enhiestas
enigmático	enigmáticos
enigmático	enigmática
enigmático	enigmáticas
enixero	
enjundioso	enjundiosos
enjundioso	enjundiosa
enjundioso	enjundiosas
enjuto	enjutos
enjuto	enjuta
enjuto	enjutas
enlatado	enlatados
enlatado	enlatada
enlatado	enlatadas
enlazable	enlazables
enloquecedor	enloquecedores
enloquecedor	enloquecedora
enloquecedor	enloquecedoras
enmalezado	enmalezados
enmalezado	enmalezada
enmalezado	enmalezadas
enmarañador	enmarañadores
enmarañador	enmarañadora
enmarañador	enmarañadoras
enmendador	enmendadores
enmendador	enmendadora
enmendador	enmendadoras
enmoldado	enmoldados
enmoldado	enmoldada
enmoldado	enmoldadas
ennoblecedor	ennoblecedores
ennoblecedor	ennoblecedora
ennoblecedor	ennoblecedoras
enojadizo	enojadizos
enojadizo	enojadiza
enojadizo	enojadizas
enojado	enojados
enojado	enojada
enojado	enojadas
enojante	enojantes
enojoso	enojosos
enojoso	enojosa
enojoso	enojosas
enológico	enológicos
enológico	enológica
enológico	enológicas
enorgullecedor	enorgullecedores
enorgullecedor	enorgullecedora
enorgullecedor	enorgullecedoras
enorme	enormes
enotécnico	enotécnicos
enotécnico	enotécnica
enotécnico	enotécnicas
enraizante	enraizantes
enredador	enredadores
enredador	enredadora
enredador	enredadoras
enrevesado	enrevesados
enrevesado	enrevesada
enrevesado	enrevesadas
enriquecedor	enriquecedores
enriquecedor	enriquecedora
enriquecedor	enriquecedoras
enrollable	enrollables
enrollado	enrollados
enrollado	enrollada
enrollado	enrolladas
enrulado	enrulados
enrulado	enrulada
enrulado	enruladas
ensacador	ensacadores
ensacador	ensacadora
ensacador	ensacadoras
ensalmado	ensalmados
ensalmado	ensalmada
ensalmado	ensalmadas
ensalzador	ensalzadores
ensalzador	ensalzadora
ensalzador	ensalzadoras
ensayístico	ensayísticos
ensayístico	ensayística
ensayístico	ensayísticas
ensenado	ensenados
ensenado	ensenada
ensenado	ensenadas
enseñable	enseñables
enseñadero	enseñaderos
enseñadero	enseñadera
enseñadero	enseñaderas
enseñado	enseñados
enseñado	enseñada
enseñado	enseñadas
enseñador	enseñadores
enseñador	enseñadora
enseñador	enseñadoras
enseñante	enseñantes
ensiforme	ensiformes
ensobrado	ensobrados
ensobrado	ensobrada
ensobrado	ensobradas
ensolimanado	ensolimanados
ensolimanado	ensolimanada
ensolimanado	ensolimanadas
ensordecedor	ensordecedores
ensordecedor	ensordecedora
ensordecedor	ensordecedoras
ensoñador	ensoñadores
ensoñador	ensoñadora
ensoñador	ensoñadoras
ensuciador	ensuciadores
ensuciador	ensuciadora
ensuciador	ensuciadoras
entallable	entallables
entallado	entallados
entallado	entallada
entallado	entalladas
entapetado	entapetados
entapetado	entapetada
entapetado	entapetadas
enteco	entecos
enteco	enteca
enteco	entecas
entelerío	enteleríos
entelerío	entelería
entelerío	entelerías
entendedero	entendederos
entendedero	entendedera
entendedero	entendederas
entendedor	entendedores
entendedor	entendedora
entendedor	entendedoras
entendible	entendibles
entendido	entendidos
entendido	entendida
entendido	entendidas
enteo	enteos
enteo	entea
enteo	enteas
enterizo	enterizos
enterizo	enteriza
enterizo	enterizas
enternecedor	enternecedores
enternecedor	enternecedora
enternecedor	enternecedoras
entero	enteros
entero	entera
entero	enteras
enterrador	enterradores
enterrador	enterradora
enterrador	enterradoras
enteógeno	enteógenos
enteógeno	enteógena
enteógeno	enteógenas
entierrado	entierrados
entierrado	entierrada
entierrado	entierradas
entimemático	entimemáticos
entimemático	entimemática
entimemático	entimemáticas
entitativo	entitativos
entitativo	entitativa
entitativo	entitativas
entomológico	entomológicos
entomológico	entomológica
entomológico	entomológicas
entorchado	entorchados
entorchado	entorchada
entorchado	entorchadas
entorpecedor	entorpecedores
entorpecedor	entorpecedora
entorpecedor	entorpecedoras
entrador	entradores
entrador	entradora
entrador	entradoras
entrambos	
entrante	entrantes
entrañable	entrañables
entreabierto	entreabiertos
entreabierto	entreabierta
entreabierto	entreabiertas
entrecano	entrecanos
entrecano	entrecana
entrecano	entrecanas
entreclaro	entreclaros
entreclaro	entreclara
entreclaro	entreclaras
entrefino	entrefinos
entrefino	entrefina
entrefino	entrefinas
entregador	entregadores
entregador	entregadora
entregador	entregadoras
entrego	entregos
entrego	entrega
entrego	entregas
entregoteado	entregoteados
entregoteado	entregoteada
entregoteado	entregoteadas
entreguista	entreguistas
entremediano	entremedianos
entremediano	entremediana
entremediano	entremedianas
entremedio	entremedios
entremedio	entremedia
entremedio	entremedias
entremetido	entremetidos
entremetido	entremetida
entremetido	entremetidas
entreordinario	entreordinarios
entreordinario	entreordinaria
entreordinario	entreordinarias
entrepañado	entrepañados
entrepañado	entrepañada
entrepañado	entrepañadas
entrerriano	entrerrianos
entrerriano	entrerriana
entrerriano	entrerrianas
entretejedor	entretejedores
entretejedor	entretejedora
entretejedor	entretejedoras
entretenedor	entretenedores
entretenedor	entretenedora
entretenedor	entretenedoras
entreverado	entreverados
entreverado	entreverada
entreverado	entreveradas
entricado	entricados
entricado	entricada
entricado	entricadas
entristecedor	entristecedores
entristecedor	entristecedora
entristecedor	entristecedoras
entrometido	entrometidos
entrometido	entrometida
entrometido	entrometidas
entruchón	entruchones
entruchón	entruchona
entruchón	entruchonas
entrépito	entrépitos
entrépito	entrépita
entrépito	entrépitas
entrópico	entrópicos
entrópico	entrópica
entrópico	entrópicas
enturbiador	enturbiadores
enturbiador	enturbiadora
enturbiador	enturbiadoras
entusiasmado	entusiasmados
entusiasmado	entusiasmada
entusiasmado	entusiasmadas
entusiasta	entusiastas
entusiástico	entusiásticos
entusiástico	entusiástica
entusiástico	entusiásticas
entérico	entéricos
entérico	entérica
entérico	entéricas
enunciable	enunciables
enunciativo	enunciativos
enunciativo	enunciativa
enunciativo	enunciativas
envainador	envainadores
envainador	envainadora
envainador	envainadoras
envasador	envasadores
envasador	envasadora
envasador	envasadoras
envejecido	envejecidos
envejecido	envejecida
envejecido	envejecidas
envenenado	envenenados
envenenado	envenenada
envenenado	envenenadas
envenenador	envenenadores
envenenador	envenenadora
envenenador	envenenadoras
enviable	enviables
enviadizo	enviadizos
enviadizo	enviadiza
enviadizo	enviadizas
enviajado	enviajados
enviajado	enviajada
enviajado	enviajadas
envidador	envidadores
envidador	envidadora
envidador	envidadoras
envidiabilísimo	envidiabilísimos
envidiabilísimo	envidiabilísima
envidiabilísimo	envidiabilísimas
envidiable	envidiables
envidiador	envidiadores
envidiador	envidiadora
envidiador	envidiadoras
envidioso	envidiosos
envidioso	envidiosa
envidioso	envidiosas
envilecedor	envilecedores
envilecedor	envilecedora
envilecedor	envilecedoras
envolvente	envolventes
envuelto	envueltos
envuelto	envuelta
envuelto	envueltas
enzimático	enzimáticos
enzimático	enzimática
enzimático	enzimáticas
enérgico	enérgicos
enérgico	enérgica
enérgico	enérgicas
enésimo	enésimos
enésimo	enésima
enésimo	enésimas
enófilo	enófilos
enófilo	enófila
enófilo	enófilas
eoceno	eocenos
eoceno	eocena
eoceno	eocenas
eocénico	eocénicos
eocénico	eocénica
eocénico	eocénicas
epentético	epentéticos
epentético	epentética
epentético	epentéticas
epicontinental	epicontinentales
epicíclico	epicíclicos
epicíclico	epicíclica
epicíclico	epicíclicas
epidemiológico	epidemiológicos
epidemiológico	epidemiológica
epidemiológico	epidemiológicas
epidural	epidurales
epidémico	epidémicos
epidémico	epidémica
epidémico	epidémicas
epifito	epifitos
epifito	epifita
epifito	epifitas
epigenético	epigenéticos
epigenético	epigenética
epigenético	epigenéticas
epigeo	epigeos
epigeo	epigea
epigeo	epigeas
epigástrico	epigástricos
epigástrico	epigástrica
epigástrico	epigástricas
epilogal	epilogales
epiléptico	epilépticos
epiléptico	epiléptica
epiléptico	epilépticas
epiparásito	epiparásitos
epiparásito	epiparásita
epiparásito	epiparásitas
epirótico	epiróticos
epirótico	epirótica
epirótico	epiróticas
episcopal	episcopales
epispermático	epispermáticos
epispermático	epispermática
epispermático	epispermáticas
epispástico	epispásticos
epispástico	epispástica
epispástico	epispásticas
epistaminal	epistaminales
epistamíneo	epistamíneos
epistamíneo	epistamínea
epistamíneo	epistamíneas
epistemológico	epistemológicos
epistemológico	epistemológica
epistemológico	epistemológicas
episternal	episternales
epistolar	epistolares
episódico	episódicos
episódico	episódica
episódico	episódicas
epitelial	epiteliales
epizoótico	epizoóticos
epizoótico	epizoótica
epizoótico	epizoóticas
epoto	epotos
epoto	epota
epoto	epotas
epsteiniano	epsteinianos
epsteiniano	epsteiniana
epsteiniano	epsteinianas
epulón	epulones
epulón	epulona
epulón	epulonas
epónimo	epónimos
epónimo	epónima
epónimo	epónimas
equidistante	equidistantes
equilátero	equiláteros
equilátero	equilátera
equilátero	equiláteras
equino	equinos
equino	equina
equino	equinas
equinoccial	equinocciales
equinodermo	equinodermos
equitativo	equitativos
equitativo	equitativa
equitativo	equitativas
equivalente	equivalentes
equivocado	equivocados
equivocado	equivocada
equivocado	equivocadas
equivoquista	equivoquistas
equívoco	equívocos
equívoco	equívoca
equívoco	equívocas
erecto	erectos
erecto	erecta
erecto	erectas
eremita	eremitas
eremítico	eremíticos
eremítico	eremítica
eremítico	eremíticas
ergonómico	ergonómicos
ergonómico	ergonómica
ergonómico	ergonómicas
ergotista	ergotistas
erguido	erguidos
erguido	erguida
erguido	erguidas
ergódico	ergódicos
ergódico	ergódica
ergódico	ergódicas
erial	eriales
eriazo	eriazos
eriazo	eriaza
eriazo	eriazas
ericáceo	ericáceos
ericáceo	ericácea
ericáceo	ericáceas
eritematoso	eritematosos
eritematoso	eritematosa
eritematoso	eritematosas
eritreo	eritreos
eritreo	eritrea
eritreo	eritreas
erizado	erizados
erizado	erizada
erizado	erizadas
erosivo	erosivos
erosivo	erosiva
erosivo	erosivas
erotómano	
erpiano	erpianos
erpiano	erpiana
erpiano	erpianas
errabundo	errabundos
errabundo	errabunda
errabundo	errabundas
erradicador	erradicadores
erradicador	erradicadora
erradicador	erradicadoras
errante	errantes
erromintxela	
errático	erráticos
errático	errática
errático	erráticas
errátil	errátiles
erróneo	erróneos
erróneo	errónea
erróneo	erróneas
erudito	eruditos
erudito	erudita
erudito	eruditas
eréctil	eréctiles
erístico	erísticos
erístico	erística
erístico	erísticas
erógeno	erógenos
erógeno	erógena
erógeno	erógenas
erótico	eróticos
erótico	erótica
erótico	eróticas
esbelto	esbeltos
esbelto	esbelta
esbelto	esbeltas
escabio	escabios
escabio	escabia
escabio	escabias
escabroso	escabrosos
escabroso	escabrosa
escabroso	escabrosas
escalado	escalados
escalado	escalada
escalado	escaladas
escalador	escaladores
escalador	escaladora
escalador	escaladoras
escalante	escalantes
escalar	escalares
escalariano	escalarianos
escalariano	escalariana
escalariano	escalarianas
escalariforme	escalariformes
escalario	escalarios
escalario	escalaria
escalario	escalarias
escalofriante	escalofriantes
escalonado	escalonados
escalonado	escalonada
escalonado	escalonadas
escamoteador	escamoteadores
escamoteador	escamoteadora
escamoteador	escamoteadoras
escanciador	escanciadores
escanciador	escanciadora
escanciador	escanciadoras
escandalizador	escandalizadores
escandalizador	escandalizadora
escandalizador	escandalizadoras
escandalizativo	escandalizativos
escandalizativo	escandalizativa
escandalizativo	escandalizativas
escandaloso	escandalosos
escandaloso	escandalosa
escandaloso	escandalosas
escandinavo	escandinavos
escandinavo	escandinava
escandinavo	escandinavas
escapular	escapulares
escaqueado	escaqueados
escaqueado	escaqueada
escaqueado	escaqueadas
escaramuzador	escaramuzadores
escaramuzador	escaramuzadora
escaramuzador	escaramuzadoras
escarbador	escarbadores
escarbador	escarbadora
escarbador	escarbadoras
escarlata	escarlatas
escarnecedor	escarnecedores
escarnecedor	escarnecedora
escarnecedor	escarnecedoras
escarpado	escarpados
escarpado	escarpada
escarpado	escarpadas
escarpadísimo	escarpadísimos
escarpadísimo	escarpadísima
escarpadísimo	escarpadísimas
escaso	escasos
escaso	escasa
escaso	escasas
escaso	escasísimo
escasísimo	escasísimos
escasísimo	escasísima
escasísimo	escasísimas
escatológico	escatológicos
escatológico	escatológica
escatológico	escatológicas
escavador	escavadores
escavador	escavadora
escavador	escavadoras
escazonado	escazonados
escazonado	escazonada
escazonado	escazonadas
escelerado	escelerados
escelerado	escelerada
escelerado	esceleradas
esceloroso	escelorosos
esceloroso	escelorosa
esceloroso	escelorosas
escenográfico	escenográficos
escenográfico	escenográfica
escenográfico	escenográficas
escenógrafo	escenógrafos
escenógrafo	escenógrafa
escenógrafo	escenógrafas
escindible	escindibles
escirroso	escirrosos
escirroso	escirrosa
escirroso	escirrosas
escita	escitas
esclarecedor	esclarecedores
esclarecedor	esclarecedora
esclarecedor	esclarecedoras
esclarecido	esclarecidos
esclarecido	esclarecida
esclarecido	esclarecidas
esclavista	esclavistas
esclavo	esclavos
esclavo	esclava
esclavo	esclavas
esclerótico	escleróticos
esclerótico	esclerótica
esclerótico	escleróticas
escocés	escoceses
escocés	escocesa
escocés	escocesas
escogedor	escogedores
escogedor	escogedora
escogedor	escogedoras
escolar	escolares
escolástico	escolásticos
escolástico	escolástica
escolástico	escolásticas
escondido	escondidos
escondido	escondida
escondido	escondidas
escopofílico	escopofílicos
escopofílico	escopofílica
escopofílico	escopofílicas
escoptofílico	escoptofílicos
escoptofílico	escoptofílica
escoptofílico	escoptofílicas
escorbútico	escorbúticos
escorbútico	escorbútica
escorbútico	escorbúticas
escota	escotas
escotero	escoteros
escotero	escotera
escotero	escoteras
escoto	escotos
escoto	escota
escoto	escotas
escripto	escriptos
escripto	escripta
escripto	escriptas
escrito	escritos
escrito	escrita
escrito	escritas
escriturario	escriturarios
escriturario	escrituraria
escriturario	escriturarias
escrupuloso	escrupulosos
escrupuloso	escrupulosa
escrupuloso	escrupulosas
escrutador	escrutadores
escrutador	escrutadora
escrutador	escrutadoras
escuchador	escuchadores
escuchador	escuchadora
escuchador	escuchadoras
escudero	escuderos
escudero	escudera
escudero	escuderas
escudriñable	escudriñables
escudriñador	escudriñadores
escudriñador	escudriñadora
escudriñador	escudriñadoras
escuelero	escueleros
escuelero	escuelera
escuelero	escueleras
escueto	escuetos
escueto	escueta
escueto	escuetas
escultista	escultistas
escultórico	escultóricos
escultórico	escultórica
escultórico	escultóricas
escuro	escuros
escuro	escura
escuro	escuras
escurridizo	escurridizos
escurridizo	escurridiza
escurridizo	escurridizas
escusado	escusados
escusado	escusada
escusado	escusadas
escutiforme	escutiformes
escuálido	escuálidos
escuálido	escuálida
escuálido	escuálidas
escénico	escénicos
escénico	escénica
escénico	escénicas
escéptico	escépticos
escéptico	escéptica
escéptico	escépticas
esdrújulo	esdrújulos
esdrújulo	esdrújula
esdrújulo	esdrújulas
ese	esos
ese	esa
ese	esas
esencial	esenciales
esfenoidal	esfenoidales
esferal	esferales
esférico	esféricos
esférico	esférica
esférico	esféricas
esgrimidor	esgrimidores
esgrimidor	esgrimidora
esgrimidor	esgrimidoras
eslabonador	eslabonadores
eslabonador	eslabonadora
eslabonador	eslabonadoras
eslavo	eslavos
eslavo	eslava
eslavo	eslavas
eslovaco	eslovacos
eslovaco	eslovaca
eslovaco	eslovacas
esloveno	eslovenos
esloveno	eslovena
esloveno	eslovenas
esmerado	esmerados
esmerado	esmerada
esmerado	esmeradas
esmeradísimo	esmeradísimos
esmeradísimo	esmeradísima
esmeradísimo	esmeradísimas
esmeralda	
esmeraldino	esmeraldinos
esmeraldino	esmeraldina
esmeraldino	esmeraldinas
esnob	esnobs
esofágico	esofágicos
esofágico	esofágica
esofágico	esofágicas
esotérico	esotéricos
esotérico	esotérica
esotérico	esotéricas
espaciado	espaciados
espaciado	espaciada
espaciado	espaciadas
espacial	espaciales
espacioso	espaciosos
espacioso	espaciosa
espacioso	espaciosas
espaldudo	espaldudos
espaldudo	espalduda
espaldudo	espaldudas
espantable	
espantoso	espantosos
espantoso	espantosa
espantoso	espantosas
espartano	espartanos
espartano	espartana
espartano	espartanas
espartiata	espartiatas
espasmódico	espasmódicos
espasmódico	espasmódica
espasmódico	espasmódicas
español	españoles
español	española
español	españolas
españolete	españoletes
españolete	españoleta
españolete	españoletas
especial	especiales
especialista	especialistas
espectacular	espectaculares
espectador	espectadores
espectador	espectadora
espectador	espectadoras
espectral	espectrales
especular	especulares
específico	específicos
específico	específica
específico	específicas
espejeante	espejeantes
espejeño	espejeños
espejeño	espejeña
espejeño	espejeñas
espejino	espejinos
espejino	espejina
espejino	espejinas
espeleológico	espeleológicos
espeleológico	espeleológica
espeleológico	espeleológicas
espeluznante	espeluznantes
esperable	esperables
esperador	esperadores
esperador	esperadora
esperador	esperadoras
esperanzado	esperanzados
esperanzado	esperanzada
esperanzado	esperanzadas
esperanzador	esperanzadores
esperanzador	esperanzadora
esperanzador	esperanzadoras
espermafito	espermafitos
espermafito	espermafita
espermafito	espermafitas
espermatofito	espermatofitos
espermatofito	espermatofita
espermatofito	espermatofitas
espermatófito	espermatófitos
espermatófito	espermatófita
espermatófito	espermatófitas
espermáfito	espermáfitos
espermáfito	espermáfita
espermáfito	espermáfitas
esperpéntico	esperpénticos
esperpéntico	esperpéntica
esperpéntico	esperpénticas
espeso	espesos
espeso	espesa
espeso	espesas
espesísimo	espesísimos
espesísimo	espesísima
espesísimo	espesísimas
espinal	espinales
espinoso	espinosos
espinoso	espinosa
espinoso	espinosas
espinoso	espinosísimo
espinosísimo	espinosísimos
espinosísimo	espinosísima
espinosísimo	espinosísimas
espinudo	espinudos
espinudo	espinuda
espinudo	espinudas
espiral	espirales
espiritista	espiritistas
espiritual	espirituales
espiritualista	espiritualistas
espirituano	espirituanos
espirituano	espirituana
espirituano	espirituanas
esplendente	esplendentes
esplendoroso	esplendorosos
esplendoroso	esplendorosa
esplendoroso	esplendorosas
esplenético	esplenéticos
esplenético	esplenética
esplenético	esplenéticas
espléndido	espléndidos
espléndido	espléndida
espléndido	espléndidas
esplénico	esplénicos
esplénico	esplénica
esplénico	esplénicas
espolonado	espolonados
espolonado	espolonada
espolonado	espolonadas
esponjoso	esponjosos
esponjoso	esponjosa
esponjoso	esponjosas
espontáneo	espontáneos
espontáneo	espontánea
espontáneo	espontáneas
esporádico	esporádicos
esporádico	esporádica
esporádico	esporádicas
espumoso	espumosos
espumoso	espumosa
espumoso	espumosas
espurio	espurios
espurio	espuria
espurio	espurias
espácico	espácicos
espácico	espácica
espácico	espácicas
espástico	espásticos
espástico	espástica
espástico	espásticas
espíneo	espíneos
espíneo	espínea
espíneo	espíneas
esquelético	esqueléticos
esquelético	esquelética
esquelético	esqueléticas
esquenún	esquenunes
esquenún	esquenuna
esquenún	esquenunas
esquimal	esquimales
esquinado	esquinados
esquinado	esquinada
esquinado	esquinadas
esquinero	esquineros
esquinero	esquinera
esquinero	esquineras
esquirol	esquiroles
esquirol	esquirola
esquirol	esquirolas
esquivo	esquivos
esquivo	esquiva
esquivo	esquivas
esquizocárpico	esquizocárpicos
esquizocárpico	esquizocárpica
esquizocárpico	esquizocárpicas
esquizofrénico	esquizofrénicos
esquizofrénico	esquizofrénica
esquizofrénico	esquizofrénicas
essencial	essenciales
estabilizado	estabilizados
estabilizado	estabilizada
estabilizado	estabilizadas
estabilizador	estabilizadores
estabilizador	estabilizadora
estabilizador	estabilizadoras
estabilísimo	estabilísimos
estabilísimo	estabilísima
estabilísimo	estabilísimas
estable	estables
estacional	estacionales
estacionario	estacionarios
estacionario	estacionaria
estacionario	estacionarias
estadounidense	estadounidenses
estadunidense	estadunidenses
estadístico	estadísticos
estadístico	estadística
estadístico	estadísticas
estalinista	estalinistas
estanco	estancos
estanco	estanca
estanco	estancas
estandarizador	estandarizadores
estandarizador	estandarizadora
estandarizador	estandarizadoras
estatal	estatales
estatista	estatistas
estatizante	estatizantes
estatutario	estatutarios
estatutario	estatutaria
estatutario	estatutarias
estatuyente	estatuyentes
este	estos
este	esta
este	estas
estelar	estelares
estelífero	estelíferos
estelífero	estelífera
estelífero	estelíferas
estenotermo	estenotermos
estenotermo	estenoterma
estenotermo	estenotermas
estentóreo	estentóreos
estentóreo	estentórea
estentóreo	estentóreas
estepario	esteparios
estepario	esteparia
estepario	esteparias
estereofónico	estereofónicos
estereofónico	estereofónica
estereofónico	estereofónicas
estereográfico	estereográficos
estereográfico	estereográfica
estereográfico	estereográficas
esterlina	esterlinas
esteticista	esteticistas
esteño	
estigio	estigios
estigio	estigia
estigio	estigias
estigmatizante	estigmatizantes
estilístico	estilísticos
estilístico	estilística
estilístico	estilísticas
estimabilísimo	estimabilísimos
estimabilísimo	estimabilísima
estimabilísimo	estimabilísimas
estimado	estimados
estimado	estimada
estimado	estimadas
estimulador	estimuladores
estimulador	estimuladora
estimulador	estimuladoras
estimulante	estimulantes
estipitado	estipitados
estipitado	estipitada
estipitado	estipitadas
estirado	estirados
estirado	estirada
estirado	estiradas
estival	estivales
estivo	estivos
estivo	estiva
estivo	estivas
estocástico	estocásticos
estocástico	estocástica
estocástico	estocásticas
estoequiogénico	estoequiogénicos
estoequiogénico	estoequiogénica
estoequiogénico	estoequiogénicas
estoequiológico	estoequiológicos
estoequiológico	estoequiológica
estoequiológico	estoequiológicas
estoequiométrico	estoequiométricos
estoequiométrico	estoequiométrica
estoequiométrico	estoequiométricas
estofador	estofadores
estofador	estofadora
estofador	estofadoras
estoico	estoicos
estoico	estoica
estoico	estoicas
estomacal	estomacales
estomatológico	estomatológicos
estomatológico	estomatológica
estomatológico	estomatológicas
estoniano	estonianos
estoniano	estoniana
estoniano	estonianas
estonio	estonios
estonio	estonia
estonio	estonias
estorbador	estorbadores
estorbador	estorbadora
estorbador	estorbadoras
estorboso	estorbosos
estorboso	estorbosa
estorboso	estorbosas
estorbosísimo	estorbosísimos
estorbosísimo	estorbosísima
estorbosísimo	estorbosísimas
estrafalario	estrafalarios
estrafalario	estrafalaria
estrafalario	estrafalarias
estratosférico	estratosféricos
estratosférico	estratosférica
estratosférico	estratosféricas
estrecho	estrechos
estrecho	estrecha
estrecho	estrechas
estrechísimo	estrechísimos
estrechísimo	estrechísima
estrechísimo	estrechísimas
estrellar	estrellares
estremecedor	estremecedores
estremecedor	estremecedora
estremecedor	estremecedoras
estrepitoso	estrepitosos
estrepitoso	estrepitosa
estrepitoso	estrepitosas
estreptocócico	estreptocócicos
estreptocócico	estreptocócica
estreptocócico	estreptocócicas
estresado	estresados
estresado	estresada
estresado	estresadas
estresadísimo	estresadísimos
estresadísimo	estresadísima
estresadísimo	estresadísimas
estresante	estresantes
estreñido	estreñidos
estreñido	estreñida
estreñido	estreñidas
estribador	estribadores
estribador	estribadora
estribador	estribadoras
estricto	estrictos
estricto	estricta
estricto	estrictas
estridente	estridentes
estroboscópico	estroboscópicos
estroboscópico	estroboscópica
estroboscópico	estroboscópicas
estropajoso	estropajosos
estropajoso	estropajosa
estropajoso	estropajosas
estructural	estructurales
estruendoso	estruendosos
estruendoso	estruendosa
estruendoso	estruendosas
estrábico	estrábicos
estrábico	estrábica
estrábico	estrábicas
estucado	estucados
estucado	estucada
estucado	estucadas
estudiante	estudiantes
estudiantil	estudiantiles
estudioso	estudiosos
estudioso	estudiosa
estudioso	estudiosas
estufado	estufados
estufado	estufada
estufado	estufadas
estufador	estufadores
estufador	estufadora
estufador	estufadoras
estulto	estultos
estulto	estulta
estulto	estultas
estupefaciente	estupefacientes
estupefactivo	estupefactivos
estupefactivo	estupefactiva
estupefactivo	estupefactivas
estupefacto	estupefactos
estupefacto	estupefacta
estupefacto	estupefactas
estupendo	estupendos
estupendo	estupenda
estupendo	estupendas
estándar	estándares
estático	estáticos
estático	estática
estático	estáticas
estéril	estériles
estético	estéticos
estético	estética
estético	estéticas
estítico	
estólido	estólidos
estólido	estólida
estólido	estólidas
estúpido	estúpidos
estúpido	estúpida
estúpido	estúpidas
esvelto	esveltos
esvelto	esvelta
esvelto	esveltas
esópico	esópicos
esópico	esópica
esópico	esópicas
etario	etarios
etario	etaria
etario	etarias
etarra	etarras
eteco	etecos
eteco	eteca
eteco	etecas
eternal	eternales
eterno	eternos
eterno	eterna
eterno	eternas
etimológico	etimológicos
etimológico	etimológica
etimológico	etimológicas
etiológico	etiológicos
etiológico	etiológica
etiológico	etiológicas
etnocéntrico	etnocéntricos
etnocéntrico	etnocéntrica
etnocéntrico	etnocéntricas
etnográfico	etnográficos
etnográfico	etnográfica
etnográfico	etnográficas
etnorreligioso	etnorreligiosos
etnorreligioso	etnorreligiosa
etnorreligioso	etnorreligiosas
etolio	etolios
etolio	etolia
etolio	etolias
etológico	etológicos
etológico	etológica
etológico	etológicas
etrusco	etruscos
etrusco	etrusca
etrusco	etruscas
etéreo	etéreos
etéreo	etérea
etéreo	etéreas
etílico	etílicos
etílico	etílica
etílico	etílicas
etíope	etíopes
eucarionte	eucariontes
eucariota	eucariotas
eucarístico	eucarísticos
eucarístico	eucarística
eucarístico	eucarísticas
eucrático	eucráticos
eucrático	eucrática
eucrático	eucráticas
eudaimónico	eudaimónicos
eudaimónico	eudaimónica
eudaimónico	eudaimónicas
eudemónico	eudemónicos
eudemónico	eudemónica
eudemónico	eudemónicas
eufemístico	eufemísticos
eufemístico	eufemística
eufemístico	eufemísticas
eufónico	eufónicos
eufónico	eufónica
eufónico	eufónicas
eufórico	eufóricos
eufórico	eufórica
eufórico	eufóricas
eupátrida	eupátridas
eupéptico	eupépticos
eupéptico	eupéptica
eupéptico	eupépticas
euritermo	euritermos
euritermo	euriterma
euritermo	euritermas
europeo	europeos
europeo	europea
europeo	europeas
euskera	euskeras
eusocial	eusociales
eustilo	eustilos
eustilo	eustila
eustilo	eustilas
eutrapélico	eutrapélicos
eutrapélico	eutrapélica
eutrapélico	eutrapélicas
eutropélico	eutropélicos
eutropélico	eutropélica
eutropélico	eutropélicas
eutrófico	eutróficos
eutrófico	eutrófica
eutrófico	eutróficas
eutéctico	eutécticos
eutéctico	eutéctica
eutéctico	eutécticas
evacuado	evacuados
evacuado	evacuada
evacuado	evacuadas
evacuante	evacuantes
evacuativo	evacuativos
evacuativo	evacuativa
evacuativo	evacuativas
evacuatorio	evacuatorios
evacuatorio	evacuatoria
evacuatorio	evacuatorias
evaluador	evaluadores
evaluador	evaluadora
evaluador	evaluadoras
evaluativo	evaluativos
evaluativo	evaluativa
evaluativo	evaluativas
evanescente	evanescentes
evangelista	evangelistas
evangelizador	evangelizadores
evangelizador	evangelizadora
evangelizador	evangelizadoras
evangélico	evangélicos
evangélico	evangélica
evangélico	evangélicas
evasivo	evasivos
evasivo	evasiva
evasivo	evasivas
evasor	evasores
evasor	evasora
evasor	evasoras
evasé	evasés
eventual	eventuales
evidente	evidentes
evitable	evitables
eviterno	eviternos
eviterno	eviterna
eviterno	eviternas
evitista	evitistas
evocable	evocables
evocador	evocadores
evocador	evocadora
evocador	evocadoras
evocativo	evocativos
evocativo	evocativa
evocativo	evocativas
ex	
exacto	exactos
exacto	exacta
exacto	exactas
exagerado	exagerados
exagerado	exagerada
exagerado	exageradas
exagerador	exageradores
exagerador	exageradora
exagerador	exageradoras
exageradísimo	exageradísimos
exageradísimo	exageradísima
exageradísimo	exageradísimas
exagonal	exagonales
exaltado	exaltados
exaltado	exaltada
exaltado	exaltadas
exaltador	exaltadores
exaltador	exaltadora
exaltador	exaltadoras
examinante	examinantes
exangüe	exangües
exasperado	exasperados
exasperado	exasperada
exasperado	exasperadas
exasperante	exasperantes
excavador	excavadores
excavador	excavadora
excavador	excavadoras
excedente	excedentes
excelente	excelentes
excelente	excelentísimo
excelentísimo	excelentísimos
excelentísimo	excelentísima
excelentísimo	excelentísimas
excellente	excellentes
excelso	excelsos
excelso	excelsa
excelso	excelsas
excepcional	excepcionales
exceptador	exceptadores
exceptador	exceptadora
exceptador	exceptadoras
excepto	exceptos
excepto	excepta
excepto	exceptas
excesivo	excesivos
excesivo	excesiva
excesivo	excesivas
excitable	excitables
excitante	excitantes
excitante	excitantísimo
exclamativo	exclamativos
exclamativo	exclamativa
exclamativo	exclamativas
exclamatorio	exclamatorios
exclamatorio	exclamatoria
exclamatorio	exclamatorias
exclusivo	exclusivos
exclusivo	exclusiva
exclusivo	exclusivas
excluyente	excluyentes
excremental	excrementales
excrementicio	excrementicios
excrementicio	excrementicia
excrementicio	excrementicias
excrementoso	excrementosos
excrementoso	excrementosa
excrementoso	excrementosas
excreto	excretos
excreto	excreta
excreto	excretas
exculpatorio	exculpatorios
exculpatorio	exculpatoria
exculpatorio	exculpatorias
excusado	excusados
excusado	excusada
excusado	excusadas
excéntrico	excéntricos
excéntrico	excéntrica
excéntrico	excéntricas
execrabilísimo	execrabilísimos
execrabilísimo	execrabilísima
execrabilísimo	execrabilísimas
execrable	execrables
execrable	execrabilísimo
exegético	exegéticos
exegético	exegética
exegético	exegéticas
exento	exentos
exento	exenta
exento	exentas
exfoliante	exfoliantes
exhalador	exhaladores
exhalador	exhaladora
exhalador	exhaladoras
exhaustivo	exhaustivos
exhaustivo	exhaustiva
exhaustivo	exhaustivas
exhausto	exhaustos
exhausto	exhausta
exhausto	exhaustas
exhibidor	exhibidores
exhibidor	exhibidora
exhibidor	exhibidoras
exhortador	exhortadores
exhortador	exhortadora
exhortador	exhortadoras
exhortativo	exhortativos
exhortativo	exhortativa
exhortativo	exhortativas
exhortatorio	exhortatorios
exhortatorio	exhortatoria
exhortatorio	exhortatorias
exhumador	exhumadores
exhumador	exhumadora
exhumador	exhumadoras
exigente	exigentes
exigible	exigibles
exiguo	exiguos
exiguo	exigua
exiguo	exiguas
eximente	eximentes
existencial	existenciales
existencialista	existencialistas
existente	existentes
exitoso	exitosos
exitoso	exitosa
exitoso	exitosas
exocrino	exocrinos
exocrino	exocrina
exocrino	exocrinas
exorable	exorables
exorbitante	exorbitantes
exotérico	exotéricos
exotérico	exotérica
exotérico	exotéricas
expandible	expandibles
expansible	expansibles
expansivo	expansivos
expansivo	expansiva
expansivo	expansivas
expectante	expectantes
expectorante	expectorantes
expedicionario	expedicionarios
expedicionario	expedicionaria
expedicionario	expedicionarias
expeditivo	expeditivos
expeditivo	expeditiva
expeditivo	expeditivas
expedito	expeditos
expedito	expedita
expedito	expeditas
expendedor	expendedores
expendedor	expendedora
expendedor	expendedoras
experimentado	experimentados
experimentado	experimentada
experimentado	experimentadas
experto	expertos
experto	experta
experto	expertas
expertísimo	expertísimos
expertísimo	expertísima
expertísimo	expertísimas
expiatorio	expiatorios
expiatorio	expiatoria
expiatorio	expiatorias
expletivo	expletivos
expletivo	expletiva
expletivo	expletivas
explorador	exploradores
explorador	exploradora
explorador	exploradoras
explosionable	explosionables
explosivo	explosivos
explosivo	explosiva
explosivo	explosivas
explotable	explotables
explotador	explotadores
explotador	explotadora
explotador	explotadoras
explícito	explícitos
explícito	explícita
explícito	explícitas
expoliador	expoliadores
expoliador	expoliadora
expoliador	expoliadoras
expoliativo	expoliativos
expoliativo	expoliativa
expoliativo	expoliativas
exponencial	exponenciales
exportador	exportadores
exportador	exportadora
exportador	exportadoras
expresable	expresables
expresionista	expresionistas
expresivo	expresivos
expresivo	expresiva
expresivo	expresivas
expreso	expresos
expreso	expresa
expreso	expresas
exprés	
expuesto	expuestos
expuesto	expuesta
expuesto	expuestas
expugnador	expugnadores
expugnador	expugnadora
expugnador	expugnadoras
expósito	expósitos
expósito	expósita
expósito	expósitas
exquisito	exquisitos
exquisito	exquisita
exquisito	exquisitas
extemporáneo	extemporáneos
extemporáneo	extemporánea
extemporáneo	extemporáneas
extensivo	extensivos
extensivo	extensiva
extensivo	extensivas
extenso	
extensor	extensores
extensor	extensora
extensor	extensoras
extensísimo	extensísimos
extensísimo	extensísima
extensísimo	extensísimas
extenuado	extenuados
extenuado	extenuada
extenuado	extenuadas
extenuante	extenuantes
extenuativo	extenuativos
extenuativo	extenuativa
extenuativo	extenuativas
exterior	exteriores
externo	externos
externo	externa
externo	externas
extinguible	extinguibles
extintivo	extintivos
extintivo	extintiva
extintivo	extintivas
extinto	extintos
extinto	extinta
extinto	extintas
extorsivo	extorsivos
extorsivo	extorsiva
extorsivo	extorsivas
extra	
extracomunitario	extracomunitarios
extracomunitario	extracomunitaria
extracomunitario	extracomunitarias
extracorpóreo	extracorpóreos
extracorpóreo	extracorpórea
extracorpóreo	extracorpóreas
extractivista	extractivistas
extractivo	extractivos
extractivo	extractiva
extractivo	extractivas
extractor	extractores
extractor	extractora
extractor	extractoras
extraditable	extraditables
extraescolar	
extrajudicial	extrajudiciales
extramatrimonial	extramatrimoniales
extramental	extramentales
extrangero	extrangeros
extrangero	extrangera
extrangero	extrangeras
extranjero	extranjeros
extranjero	extranjera
extranjero	extranjeras
extraoficial	extraoficiales
extraordinario	extraordinarios
extraordinario	extraordinaria
extraordinario	extraordinarias
extrapolítico	extrapolíticos
extrapolítico	extrapolítica
extrapolítico	extrapolíticas
extrasensorial	extrasensoriales
extrasensorio	extrasensorios
extrasensorio	extrasensoria
extrasensorio	extrasensorias
extrasolar	extrasolares
extraterrenal	extraterrenales
extraterreno	extraterrenos
extraterreno	extraterrena
extraterreno	extraterrenas
extraterrestre	extraterrestres
extraterritorial	extraterritoriales
extrauterino	extrauterinos
extrauterino	extrauterina
extrauterino	extrauterinas
extravagante	extravagantes
extravertido	extravertidos
extravertido	extravertida
extravertido	extravertidas
extraíble	extraíbles
extrañero	extrañeros
extrañero	extrañera
extrañero	extrañeras
extraño	extraños
extraño	extraña
extraño	extrañas
extraño	extrañísimo
extrañísimo	extrañísimos
extrañísimo	extrañísima
extrañísimo	extrañísimas
extremado	extremados
extremado	extremada
extremado	extremadas
extremeño	extremeños
extremeño	extremeña
extremeño	extremeñas
extremista	extremistas
extremo	extremos
extremo	extrema
extremo	extremas
extrovertido	extrovertidos
extrovertido	extrovertida
extrovertido	extrovertidas
extrínseco	extrínsecos
extrínseco	extrínseca
extrínseco	extrínsecas
extático	extáticos
extático	extática
extático	extáticas
exuberante	exuberantes
exultante	exultantes
exánime	exánimes
exógeno	exógenos
exógeno	exógena
exógeno	exógenas
exónimo	exónimos
exónimo	exónima
exónimo	exónimas
exótico	exóticos
exótico	exótica
exótico	exóticas
eyectable	eyectables
eólico	eólicos
eólico	eólica
eólico	eólicas
fabril	fabriles
fabuloso	fabulosos
fabuloso	fabulosa
fabuloso	fabulosas
facado	
facatativeño	facatativeños
facatativeño	facatativeña
facatativeño	facatativeñas
faccionario	faccionarios
faccionario	faccionaria
faccionario	faccionarias
faccioso	facciosos
faccioso	facciosa
faccioso	facciosas
facecioso	faceciosos
facecioso	faceciosa
facecioso	faceciosas
facetado	facetados
facetado	facetada
facetado	facetadas
facha	fachas
fachendoso	fachendosos
fachendoso	fachendosa
fachendoso	fachendosas
fachirulo	fachirulos
fachirulo	fachirula
fachirulo	fachirulas
fachistoide	fachistoides
facho	fachos
facho	facha
facho	fachas
fachoso	fachosos
fachoso	fachosa
fachoso	fachosas
facial	faciales
facilillo	facilillos
facilillo	facililla
facilillo	facilillas
facilista	facilistas
facilito	facilitos
facilito	facilita
facilito	facilitas
facilitón	facilitones
facilitón	facilitona
facilitón	facilitonas
facilongo	facilongos
facilongo	facilonga
facilongo	facilongas
facilísimo	facilísimos
facilísimo	facilísima
facilísimo	facilísimas
facsimilar	facsimilares
factibilísimo	factibilísimos
factibilísimo	factibilísima
factibilísimo	factibilísimas
factible	factibles
facticio	facticios
facticio	facticia
facticio	facticias
facultativo	facultativos
facultativo	facultativa
facultativo	facultativas
facundo	facundos
facundo	facunda
facundo	facundas
faenero	faeneros
faenero	faenera
faenero	faeneras
fajinero	fajineros
fajinero	fajinera
fajinero	fajineras
falangista	falangistas
falaz	falaces
falcado	
falciforme	falciformes
falconiano	falconianos
falconiano	falconiana
falconiano	falconianas
faldero	falderos
faldero	faldera
faldero	falderas
falible	falibles
fallido	fallidos
fallido	fallida
fallido	fallidas
fallo	fallos
fallo	falla
fallo	fallas
falsable	falsables
falsario	falsarios
falsario	falsaria
falsario	falsarias
falseador	falseadores
falseador	falseadora
falseador	falseadoras
falso	falsos
falso	falsa
falso	falsas
falstaffiano	falstaffianos
falstaffiano	falstaffiana
falstaffiano	falstaffianas
faltante	faltantes
falto	faltos
falto	falta
falto	faltas
faltón	faltones
faltón	faltona
faltón	faltonas
familiar	familiares
familiero	familieros
familiero	familiera
familiero	familieras
famoso	famosos
famoso	famosa
famoso	famosas
famoso	famosísimo
famosísimo	famosísimos
famosísimo	famosísima
famosísimo	famosísimas
famélico	famélicos
famélico	famélica
famélico	famélicas
fanariota	fanariotas
fanatizador	fanatizadores
fanatizador	fanatizadora
fanatizador	fanatizadoras
fanerítico	faneríticos
fanerítico	fanerítica
fanerítico	faneríticas
fanerófito	fanerófitos
fanerófito	fanerófita
fanerófito	fanerófitas
fanerógamo	fanerógamos
fanerógamo	fanerógama
fanerógamo	fanerógamas
fanfarrón	fanfarrones
fanfarrón	fanfarrona
fanfarrón	fanfarronas
fangoso	fangosos
fangoso	fangosa
fangoso	fangosas
fantaseador	fantaseadores
fantaseador	fantaseadora
fantaseador	fantaseadoras
fantasioso	fantasiosos
fantasioso	fantasiosa
fantasioso	fantasiosas
fantasma	fantasmas
fantasmagórico	fantasmagóricos
fantasmagórico	fantasmagórica
fantasmagórico	fantasmagóricas
fantasmal	fantasmales
fantasmón	fantasmones
fantasmón	fantasmona
fantasmón	fantasmonas
fantástico	fantásticos
fantástico	fantástica
fantástico	fantásticas
fanático	fanáticos
fanático	fanática
fanático	fanáticas
fané	fanés
farandulero	faranduleros
farandulero	farandulera
farandulero	faranduleras
faraónico	faraónicos
faraónico	faraónica
faraónico	faraónicas
farfantón	farfantones
farfantón	farfantona
farfantón	farfantonas
farisaico	farisaicos
farisaico	farisaica
farisaico	farisaicas
farmacológico	farmacológicos
farmacológico	farmacológica
farmacológico	farmacológicas
farmacopólico	farmacopólicos
farmacopólico	farmacopólica
farmacopólico	farmacopólicas
farmacéutico	farmacéuticos
farmacéutico	farmacéutica
farmacéutico	farmacéuticas
farmero	farmeros
farmero	farmera
farmero	farmeras
farolero	faroleros
farolero	farolera
farolero	faroleras
farolón	farolones
farolón	farolona
farolón	farolonas
farragoso	farragosos
farragoso	farragosa
farragoso	farragosas
farrero	farreros
farrero	farrera
farrero	farreras
farrista	farristas
farruca	
farruto	farrutos
farruto	farruta
farruto	farrutas
farsante	farsantes
farsesco	farsescos
farsesco	farsesca
farsesco	farsescas
farsi	farsis
farsálico	farsálicos
farsálico	farsálica
farsálico	farsálicas
faríngeo	faríngeos
faríngeo	faríngea
faríngeo	faríngeas
fascinador	fascinadores
fascinador	fascinadora
fascinador	fascinadoras
fascinante	fascinantes
fascista	fascistas
fascistizante	fascistizantes
fashion	
fastidioso	fastidiosos
fastidioso	fastidiosa
fastidioso	fastidiosas
fasto	fastos
fasto	fasta
fasto	fastas
fastuoso	fastuosos
fastuoso	fastuosa
fastuoso	fastuosas
fatal	fatales
fatalista	fatalistas
fatigado	fatigados
fatigado	fatigada
fatigado	fatigadas
fatigador	fatigadores
fatigador	fatigadora
fatigador	fatigadoras
fatigadísimo	fatigadísimos
fatigadísimo	fatigadísima
fatigadísimo	fatigadísimas
fatigante	fatigantes
fatigoso	fatigosos
fatigoso	fatigosa
fatigoso	fatigosas
fatigoso	fatigosísimo
fato	fatos
fato	fata
fato	fatas
fatuo	fatuos
fatuo	fatua
fatuo	fatuas
fatídico	fatídicos
fatídico	fatídica
fatídico	fatídicas
faunístico	faunísticos
faunístico	faunística
faunístico	faunísticas
fausto	faustos
fausto	fausta
fausto	faustas
favorable	favorables
favorecedor	favorecedores
favorecedor	favorecedora
favorecedor	favorecedoras
favorescedor	favorescedores
favorescedor	favorescedora
favorescedor	favorescedoras
favorido	favoridos
favorido	favorida
favorido	favoridas
favorito	favoritos
favorito	favorita
favorito	favoritas
fayumita	fayumitas
fañoso	fañosos
fañoso	fañosa
fañoso	fañosas
febeo	febeos
febeo	febea
febeo	febeas
feble	febles
febril	febriles
febrífugo	febrífugos
febrífugo	febrífuga
febrífugo	febrífugas
fecal	fecales
fecho	fechos
fecho	fecha
fecho	fechas
feculento	feculentos
feculento	feculenta
feculento	feculentas
fecundable	fecundables
fecundador	fecundadores
fecundador	fecundadora
fecundador	fecundadoras
fecundativo	fecundativos
fecundativo	fecundativa
fecundativo	fecundativas
fecundizador	fecundizadores
fecundizador	fecundizadora
fecundizador	fecundizadoras
fecundo	fecundos
fecundo	fecunda
fecundo	fecundas
fedatario	fedatarios
fedatario	fedataria
fedatario	fedatarias
federal	federales
fehaciente	fehacientes
felice	felices
felicitador	felicitadores
felicitador	felicitadora
felicitador	felicitadoras
felicitativo	felicitativos
felicitativo	felicitativa
felicitativo	felicitativas
felicísimo	felicísimos
felicísimo	felicísima
felicísimo	felicísimas
felino	felinos
felino	felina
felino	felinas
felisario	
feliz	felices
feliz	felicísimo
felposo	felposos
felposo	felposa
felposo	felposas
felpudo	felpudos
felpudo	felpuda
felpudo	felpudas
felón	felones
felón	felona
felón	felonas
femenil	femeniles
femenino	femeninos
femenino	femenina
femenino	femeninas
fementido	fementidos
fementido	fementida
fementido	fementidas
feminista	feministas
femíneo	femíneos
femíneo	femínea
femíneo	femíneas
fenicio	fenicios
fenicio	fenicia
fenicio	fenicias
fenicuro	fenicuros
fenicuro	fenicura
fenicuro	fenicuras
fenicóptero	fenicópteros
fenicóptero	fenicóptera
fenicóptero	fenicópteras
fenixiano	fenixianos
fenixiano	fenixiana
fenixiano	fenixianas
fenológico	fenológicos
fenológico	fenológica
fenológico	fenológicas
fenomenal	fenomenales
fenomenológico	fenomenológicos
fenomenológico	fenomenológica
fenomenológico	fenomenológicas
fenotípico	fenotípicos
fenotípico	fenotípica
fenotípico	fenotípicas
fenígeno	fenígenos
fenígeno	fenígena
fenígeno	fenígenas
feo	feos
feo	fea
feo	feas
feo	feísimo
feral	ferales
feraz	feraces
ferino	ferinos
ferino	ferina
ferino	ferinas
fermiónico	fermiónicos
fermiónico	fermiónica
fermiónico	fermiónicas
fernandino	fernandinos
fernandino	fernandina
fernandino	fernandinas
feroz	feroces
feroés	feroeses
feroés	feroesa
feroés	feroesas
ferrizo	ferrizos
ferrizo	ferriza
ferrizo	ferrizas
ferrocarrilero	ferrocarrileros
ferrocarrilero	ferrocarrilera
ferrocarrilero	ferrocarrileras
ferrolano	ferrolanos
ferrolano	ferrolana
ferrolano	ferrolanas
ferromagnético	ferromagnéticos
ferromagnético	ferromagnética
ferromagnético	ferromagnéticas
ferroso	ferrosos
ferroso	ferrosa
ferroso	ferrosas
ferrovial	ferroviales
ferroviario	ferroviarios
ferroviario	ferroviaria
ferroviario	ferroviarias
ferrugiento	ferrugientos
ferrugiento	ferrugienta
ferrugiento	ferrugientas
ferruginoso	ferruginosos
ferruginoso	ferruginosa
ferruginoso	ferruginosas
fertilizador	fertilizadores
fertilizador	fertilizadora
fertilizador	fertilizadoras
fertilísimo	fertilísimos
fertilísimo	fertilísima
fertilísimo	fertilísimas
ferviente	fervientes
fervientísimo	fervientísimos
fervientísimo	fervientísima
fervientísimo	fervientísimas
fervoroso	fervorosos
fervoroso	fervorosa
fervoroso	fervorosas
festivo	festivos
festivo	festiva
festivo	festivas
fetichista	fetichistas
feérico	feéricos
feérico	feérica
feérico	feéricas
feísimo	feísimos
feísimo	feísima
feísimo	feísimas
fiable	fiables
fiado	fiados
fiado	fiada
fiado	fiadas
fibriloso	fibrilosos
fibriloso	fibrilosa
fibriloso	fibrilosas
fibroso	fibrosos
fibroso	fibrosa
fibroso	fibrosas
fibular	fibulares
ficcional	ficcionales
ficticio	ficticios
ficticio	ficticia
ficticio	ficticias
ficto	fictos
ficto	ficta
ficto	fictas
fidedigno	fidedignos
fidedigno	fidedigna
fidedigno	fidedignas
fideicomisario	fideicomisarios
fideicomisario	fideicomisaria
fideicomisario	fideicomisarias
fidelísimo	fidelísimos
fidelísimo	fidelísima
fidelísimo	fidelísimas
fiduciario	fiduciarios
fiduciario	fiduciaria
fiduciario	fiduciarias
fiel	fieles
fiel	fidelísimo
fiero	fieros
fiero	fiera
fiero	fieras
fierrero	fierreros
fierrero	fierrera
fierrero	fierreras
fiestero	fiesteros
fiestero	fiestera
fiestero	fiesteras
fifí	fifís
figulina	
figulino	figulinos
figulino	figulina
figulino	figulinas
figurado	figurados
figurado	figurada
figurado	figuradas
figureti	figuretis
figurón	figurones
figurón	figurona
figurón	figuronas
fijador	fijadores
fijador	fijadora
fijador	fijadoras
fijo	fijos
fijo	fija
fijo	fijas
filantrópico	filantrópicos
filantrópico	filantrópica
filantrópico	filantrópicas
filarmónico	filarmónicos
filarmónico	filarmónica
filarmónico	filarmónicas
filatélico	filatélicos
filatélico	filatélica
filatélico	filatélicas
filial	filiales
filiforme	filiformes
filipichín	
filipino	filipinos
filipino	filipina
filipino	filipinas
filisteo	filisteos
filisteo	filistea
filisteo	filisteas
filogenético	filogenéticos
filogenético	filogenética
filogenético	filogenéticas
filológico	filológicos
filológico	filológica
filológico	filológicas
filorruso	filorrusos
filorruso	filorrusa
filorruso	filorrusas
filoso	filosos
filoso	filosa
filoso	filosas
filosofador	filosofadores
filosofador	filosofadora
filosofador	filosofadoras
filosísimo	filosísimos
filosísimo	filosísima
filosísimo	filosísimas
filosófico	filosóficos
filosófico	filosófica
filosófico	filosóficas
filoxérico	filoxéricos
filoxérico	filoxérica
filoxérico	filoxéricas
filudo	filudos
filudo	filuda
filudo	filudas
filárgico	filárgicos
filárgico	filárgica
filárgico	filárgicas
filético	filéticos
filético	filética
filético	filéticas
filósofo	filósofos
filósofo	filósofa
filósofo	filósofas
fimbriado	fimbriados
fimbriado	fimbriada
fimbriado	fimbriadas
finable	finables
finado	finados
finado	finada
finado	finadas
final	finales
finalizable	finalizables
finalizador	finalizadores
finalizador	finalizadora
finalizador	finalizadoras
financiero	financieros
financiero	financiera
financiero	financieras
fingidor	fingidores
fingidor	fingidora
fingidor	fingidoras
finisecular	finiseculares
finito	finitos
finito	finita
finito	finitas
finlandés	finlandeses
finlandés	finlandesa
finlandés	finlandesas
fino	finos
fino	fina
fino	finas
fino	finísimo
finoli	
finoúgrio	finoúgrios
finoúgrio	finoúgria
finoúgrio	finoúgrias
finés	fineses
finés	finesa
finés	finesas
finísimo	finísimos
finísimo	finísima
finísimo	finísimas
firmado	firmados
firmado	firmada
firmado	firmadas
firmante	firmantes
firme	firmes
firmiano	firmianos
firmiano	firmiana
firmiano	firmianas
firuletero	firuleteros
firuletero	firuletera
firuletero	firuleteras
fiscal	fiscales
fiscalista	fiscalistas
fiscalizador	fiscalizadores
fiscalizador	fiscalizadora
fiscalizador	fiscalizadoras
fisgador	fisgadores
fisgador	fisgadora
fisgador	fisgadoras
fisgón	fisgones
fisgón	fisgona
fisgón	fisgonas
fisible	fisibles
fisicoculturista	fisicoculturistas
fisiculturista	fisiculturistas
fisiográfico	fisiográficos
fisiográfico	fisiográfica
fisiográfico	fisiográficas
fisiológico	fisiológicos
fisiológico	fisiológica
fisiológico	fisiológicas
fisionable	fisionables
fistular	fistulares
fistuloso	fistulosos
fistuloso	fistulosa
fistuloso	fistulosas
fitness	
fitográfico	fitográficos
fitográfico	fitográfica
fitográfico	fitográficas
fitosanitario	fitosanitarios
fitosanitario	fitosanitaria
fitosanitario	fitosanitarias
fitozoogeográfico	fitozoogeográficos
fitozoogeográfico	fitozoogeográfica
fitozoogeográfico	fitozoogeográficas
fiyiano	fiyianos
fiyiano	fiyiana
fiyiano	fiyianas
fiñanero	
flaco	flacos
flaco	flaca
flaco	flacas
flacofóbico	flacofóbicos
flacofóbico	flacofóbica
flacofóbico	flacofóbicas
flacuchento	flacuchentos
flacuchento	flacuchenta
flacuchento	flacuchentas
flacucho	flacuchos
flacucho	flacucha
flacucho	flacuchas
flagelado	flagelados
flagelado	flagelada
flagelado	flageladas
flagelador	flageladores
flagelador	flageladora
flagelador	flageladoras
flagrante	flagrantes
flamante	flamantes
flameante	flameantes
flamenco	flamencos
flamenco	flamenca
flamenco	flamencas
flamígero	flamígeros
flamígero	flamígera
flamígero	flamígeras
flanqueador	flanqueadores
flanqueador	flanqueadora
flanqueador	flanqueadoras
flapper	flappers
flaquito	flaquitos
flaquito	flaquita
flaquito	flaquitas
flaquísimo	flaquísimos
flaquísimo	flaquísima
flaquísimo	flaquísimas
flatulento	flatulentos
flatulento	flatulenta
flatulento	flatulentas
flector	flectores
flector	flectora
flector	flectoras
flegmonoso	flegmonosos
flegmonoso	flegmonosa
flegmonoso	flegmonosas
flemonoso	flemonosos
flemonoso	flemonosa
flemonoso	flemonosas
flemoso	flemosos
flemoso	flemosa
flemoso	flemosas
flemudo	flemudos
flemudo	flemuda
flemudo	flemudas
flemático	flemáticos
flemático	flemática
flemático	flemáticas
flequilludo	flequilludos
flequilludo	flequilluda
flequilludo	flequilludas
fletero	fleteros
fletero	fletera
fletero	fleteras
fleto	fletos
fleto	fleta
fleto	fletas
flexibilísimo	flexibilísimos
flexibilísimo	flexibilísima
flexibilísimo	flexibilísimas
flexible	flexibles
flexible	flexibilísimo
flexivo	flexivos
flexivo	flexiva
flexivo	flexivas
flexor	flexores
flexor	flexora
flexor	flexoras
flipado	flipados
flipado	flipada
flipado	flipadas
flocoso	flocosos
flocoso	flocosa
flocoso	flocosas
flocular	floculares
flogger	floggers
flojo	flojos
flojo	floja
flojo	flojas
floral	florales
florecedor	florecedores
florecedor	florecedora
florecedor	florecedoras
floreciente	florecientes
florentino	florentinos
florentino	florentina
florentino	florentinas
floresino	floresinos
floresino	floresina
floresino	floresinas
floricultor	floricultores
floricultor	floricultora
floricultor	floricultoras
floridano	floridanos
floridano	floridana
floridano	floridanas
floridense	floridenses
florido	floridos
florido	florida
florido	floridas
florífero	floríferos
florífero	florífera
florífero	floríferas
florígero	florígeros
florígero	florígera
florígero	florígeras
flotador	flotadores
flotador	flotadora
flotador	flotadoras
flotante	flotantes
fluide	fluides
fluidificante	fluidificantes
fluido	fluidos
fluido	fluida
fluido	fluidas
fluminense	fluminenses
fluorescente	fluorescentes
fluvial	fluviales
fláccido	fláccidos
fláccido	fláccida
fláccido	fláccidas
flácido	flácidos
flácido	flácida
flácido	flácidas
flámeo	flámeos
flámeo	flámea
flámeo	flámeas
flávido	flávidos
flávido	flávida
flávido	flávidas
flébil	flébiles
focal	focales
focense	focenses
fofo	fofos
fofo	fofa
fofo	fofas
fogoso	fogosos
fogoso	fogosa
fogoso	fogosas
folclórico	folclóricos
folclórico	folclórica
folclórico	folclóricas
foliar	foliares
folicular	foliculares
folklórico	folklóricos
folklórico	folklórica
folklórico	folklóricas
follado	follados
follado	follada
follado	folladas
follón	follones
follón	follona
follón	follonas
folívoro	folívoros
folívoro	folívora
folívoro	folívoras
fome	fomes
fomentador	fomentadores
fomentador	fomentadora
fomentador	fomentadoras
fondable	fondables
fondeado	fondeados
fondeado	fondeada
fondeado	fondeadas
fondonero	
fonje	fonjes
fonoaudiólogo	fonoaudiólogos
fonoaudiólogo	fonoaudióloga
fonoaudiólogo	fonoaudiólogas
fonográfico	fonográficos
fonográfico	fonográfica
fonográfico	fonográficas
fonológico	fonológicos
fonológico	fonológica
fonológico	fonológicas
fonomímico	fonomímicos
fonomímico	fonomímica
fonomímico	fonomímicas
fontano	fontanos
fontano	fontana
fontano	fontanas
fonético	fonéticos
fonético	fonética
fonético	fonéticas
foodie	foodies
foquista	foquistas
forado	forados
forado	forada
forado	foradas
foral	forales
foraminífero	foraminíferos
foraminífero	foraminífera
foraminífero	foraminíferas
forano	foranos
forano	forana
forano	foranas
forastero	forasteros
forastero	forastera
forastero	forasteras
foraño	foraños
foraño	foraña
foraño	forañas
forcejudo	forcejudos
forcejudo	forcejuda
forcejudo	forcejudas
forense	forenses
forestal	forestales
formable	formables
formador	formadores
formador	formadora
formador	formadoras
formal	formales
formalista	formalistas
formativo	formativos
formativo	formativa
formativo	formativas
formenterano	formenteranos
formenterano	formenterana
formenterano	formenteranas
formidabilísimo	formidabilísimos
formidabilísimo	formidabilísima
formidabilísimo	formidabilísimas
formidable	formidables
formidable	formidabilísimo
formoseño	formoseños
formoseño	formoseña
formoseño	formoseñas
formular	formulares
formáceo	formáceos
formáceo	formácea
formáceo	formáceas
fornecino	fornecinos
fornecino	fornecina
fornecino	fornecinas
fornicario	fornicarios
fornicario	fornicaria
fornicario	fornicarias
fornido	fornidos
fornido	fornida
fornido	fornidas
fornidísimo	fornidísimos
fornidísimo	fornidísima
fornidísimo	fornidísimas
forro	forros
forro	forra
forro	forras
fortachón	fortachones
fortachón	fortachona
fortachón	fortachonas
fortalecedor	fortalecedores
fortalecedor	fortalecedora
fortalecedor	fortalecedoras
fortificador	fortificadores
fortificador	fortificadora
fortificador	fortificadoras
fortuito	fortuitos
fortuito	fortuita
fortuito	fortuitas
fortuno	fortunos
fortuno	fortuna
fortuno	fortunas
fortunoso	fortunosos
fortunoso	fortunosa
fortunoso	fortunosas
forzado	forzados
forzado	forzada
forzado	forzadas
forzante	forzantes
forzoso	forzosos
forzoso	forzosa
forzoso	forzosas
forzudo	forzudos
forzudo	forzuda
forzudo	forzudas
foráneo	foráneos
foráneo	foránea
foráneo	foráneas
fosco	foscos
fosco	fosca
fosco	foscas
fosforescente	fosforescentes
fosforito	fosforitos
fosforito	fosforita
fosforito	fosforitas
fosfático	fosfáticos
fosfático	fosfática
fosfático	fosfáticas
fotoalérgico	fotoalérgicos
fotoalérgico	fotoalérgica
fotoalérgico	fotoalérgicas
fotoautótrofo	fotoautótrofos
fotoautótrofo	fotoautótrofa
fotoautótrofo	fotoautótrofas
fotocopiador	fotocopiadores
fotocopiador	fotocopiadora
fotocopiador	fotocopiadoras
fotográfico	fotográficos
fotográfico	fotográfica
fotográfico	fotográficas
fotogénico	fotogénicos
fotogénico	fotogénica
fotogénico	fotogénicas
fotolitográfico	fotolitográficos
fotolitográfico	fotolitográfica
fotolitográfico	fotolitográficas
fotosensible	fotosensibles
fototóxico	fototóxicos
fototóxico	fototóxica
fototóxico	fototóxicas
fotovoltaico	fotovoltaicos
fotovoltaico	fotovoltaica
fotovoltaico	fotovoltaicas
fotónico	fotónicos
fotónico	fotónica
fotónico	fotónicas
fotótrofo	fotótrofos
fotótrofo	fotótrofa
fotótrofo	fotótrofas
fracasado	fracasados
fracasado	fracasada
fracasado	fracasadas
fraccionario	fraccionarios
fraccionario	fraccionaria
fraccionario	fraccionarias
fragante	fragantes
fragoso	fragosos
fragoso	fragosa
fragoso	fragosas
fragotero	fragoteros
fragotero	fragotera
fragotero	fragoteras
fragrante	fragrantes
francano	francanos
francano	francana
francano	francanas
franchute	franchutes
franciscano	franciscanos
franciscano	franciscana
franciscano	franciscanas
francisquista	francisquistas
francmasónico	francmasónicos
francmasónico	francmasónica
francmasónico	francmasónicas
franco	francos
franco	franca
franco	francas
francoamericano	francoamericanos
francoamericano	francoamericana
francoamericano	francoamericanas
francocanadiense	francocanadienses
francoestadounidense	francoestadounidenses
francolino	francolinos
francolino	francolina
francolino	francolinas
francoparlante	francoparlantes
francorrinconense	francorrinconenses
francés	franceses
francés	francesa
francés	francesas
francófilo	francófilos
francófilo	francófila
francófilo	francófilas
francófobo	francófobos
francófobo	francófoba
francófobo	francófobas
francófono	francófonos
francófono	francófona
francófono	francófonas
frangible	frangibles
frangollón	frangollones
frangollón	frangollona
frangollón	frangollonas
franquiciante	franquiciantes
franquista	franquistas
frapé	frapés
frasal	frasales
fraseológico	fraseológicos
fraseológico	fraseológica
fraseológico	fraseológicas
fraternal	fraternales
fraterno	fraternos
fraterno	fraterna
fraterno	fraternas
fraudulento	fraudulentos
fraudulento	fraudulenta
fraudulento	fraudulentas
fraybentino	fraybentinos
fraybentino	fraybentina
fraybentino	fraybentinas
freaky	
frecuente	frecuentes
frecuente	frecuentísimo
frecuentísimo	frecuentísimos
frecuentísimo	frecuentísima
frecuentísimo	frecuentísimas
fredo	
fregado	
fregón	fregones
fregón	fregona
fregón	fregonas
frenológico	frenológicos
frenológico	frenológica
frenológico	frenológicas
frenopático	frenopáticos
frenopático	frenopática
frenopático	frenopáticas
frental	frentales
frentista	frentistas
frentón	frentones
frentón	frentona
frentón	frentonas
frenético	frenéticos
frenético	frenética
frenético	frenéticas
frepasista	frepasistas
fresa	fresas
fresco	frescos
fresco	fresca
fresco	frescas
fresnal	fresnales
fresnillense	fresnillenses
freático	freáticos
freático	freática
freático	freáticas
freísta	freístas
friable	friables
fricativo	fricativos
fricativo	fricativa
fricativo	fricativas
frigidísimo	frigidísimos
frigidísimo	frigidísima
frigidísimo	frigidísimas
frigio	frigios
frigio	frigia
frigio	frigias
frigorífico	frigoríficos
frigorífico	frigorífica
frigorífico	frigoríficas
friolento	friolentos
friolento	friolenta
friolento	friolentas
friolero	frioleros
friolero	friolera
friolero	frioleras
frisón	frisones
frisón	frisona
frisón	frisonas
frito	fritos
frito	frita
frito	fritas
friático	friáticos
friático	friática
friático	friáticas
friísimo	friísimos
friísimo	friísima
friísimo	friísimas
frondoso	frondosos
frondoso	frondosa
frondoso	frondosas
frontal	frontales
fronterizo	fronterizos
fronterizo	fronteriza
fronterizo	fronterizas
frontotemporal	frontotemporales
fructificador	fructificadores
fructificador	fructificadora
fructificador	fructificadoras
fructuoso	fructuosos
fructuoso	fructuosa
fructuoso	fructuosas
fructífero	fructíferos
fructífero	fructífera
fructífero	fructíferas
frugal	frugales
frugívoro	frugívoros
frugívoro	frugívora
frugívoro	frugívoras
fruslero	frusleros
fruslero	fruslera
fruslero	frusleras
frustrante	frustrantes
frutal	frutales
frutero	fruteros
frutero	frutera
frutero	fruteras
frutífero	frutíferos
frutífero	frutífera
frutífero	frutíferas
frágil	frágiles
frástico	frásticos
frástico	frástica
frástico	frásticas
frígido	frígidos
frígido	frígida
frígido	frígidas
frío	fríos
frío	fría
frío	frías
frío	friísimo
frío	frigidísimo
frívolo	frívolos
frívolo	frívola
frívolo	frívolas
ftiota	ftiotas
fucsia	fucsias
fueguino	fueguinos
fueguino	fueguina
fueguino	fueguinas
fuenlabreño	fuenlabreños
fuenlabreño	fuenlabreña
fuenlabreño	fuenlabreñas
fueraborda	fuerabordas
fuerano	fueranos
fuerano	fuerana
fuerano	fueranas
fuerte	fuertes
fuerte	fortísimo
fuerte	fuertísimo
fuertísimo	fuertísimos
fuertísimo	fuertísima
fuertísimo	fuertísimas
fufú	
fugaz	fugaces
fugitivo	fugitivos
fugitivo	fugitiva
fugitivo	fugitivas
ful	fules
fulgente	fulgentes
fulgoroso	fulgorosos
fulgoroso	fulgorosa
fulgoroso	fulgorosas
fulgurante	fulgurantes
fulguroso	fulgurosos
fulguroso	fulgurosa
fulguroso	fulgurosas
fulgúreo	fulgúreos
fulgúreo	fulgúrea
fulgúreo	fulgúreas
fuliginoso	fuliginosos
fuliginoso	fuliginosa
fuliginoso	fuliginosas
full	
fullero	fulleros
fullero	fullera
fullero	fulleras
fulminante	fulminantes
fulmíneo	fulmíneos
fulmíneo	fulmínea
fulmíneo	fulmíneas
fumador	fumadores
fumador	fumadora
fumador	fumadoras
fumanchero	fumancheros
fumanchero	fumanchera
fumanchero	fumancheras
fumanchú	fumanchús
fumanchú	fumanchúes
fumante	fumantes
fumigador	fumigadores
fumigador	fumigadora
fumigador	fumigadoras
fumoso	fumosos
fumoso	fumosa
fumoso	fumosas
funado	funados
funado	funada
funado	funadas
funcional	funcionales
fundador	fundadores
fundador	fundadora
fundador	fundadoras
fundamental	fundamentales
fundamentalista	fundamentalistas
fundente	fundentes
funeral	funerales
funerario	funerarios
funerario	funeraria
funerario	funerarias
funero	funeros
funero	funera
funero	funeras
funesto	funestos
funesto	funesta
funesto	funestas
fungible	fungibles
fungicida	fungicidas
fungistático	fungistáticos
fungistático	fungistática
fungistático	fungistáticas
funguicida	funguicidas
funicular	funiculares
funámbulo	funámbulos
funámbulo	funámbula
funámbulo	funámbulas
fuoriclasse	
furente	furentes
furibundo	furibundos
furibundo	furibunda
furibundo	furibundas
furioso	furiosos
furioso	furiosa
furioso	furiosas
furioso	furiosísimo
furiosísimo	furiosísimos
furiosísimo	furiosísima
furiosísimo	furiosísimas
furro	furros
furro	furra
furro	furras
furry	furris
furtivo	furtivos
furtivo	furtiva
furtivo	furtivas
fusible	fusibles
fusiforme	fusiformes
fusilero	fusileros
fusilero	fusilera
fusilero	fusileras
fusor	fusores
fusor	fusora
fusor	fusoras
fustal	fustales
fustigador	fustigadores
fustigador	fustigadora
fustigador	fustigadoras
futbolístico	futbolísticos
futbolístico	futbolística
futbolístico	futbolísticas
futurista	futuristas
futuro	futuros
futuro	futura
futuro	futuras
fuñingue	fuñingues
fácil	fáciles
fáctico	fácticos
fáctico	fáctica
fáctico	fácticas
fálico	fálicos
fálico	fálica
fálico	fálicas
fárrago	fárragos
fárrago	fárraga
fárrago	fárragas
fásico	fásicos
fásico	fásica
fásico	fásicas
fáunico	fáunicos
fáunico	fáunica
fáunico	fáunicas
fáustico	fáusticos
fáustico	fáustica
fáustico	fáusticas
félido	félidos
félido	félida
félido	félidas
félsico	félsicos
félsico	félsica
félsico	félsicas
férreo	férreos
férreo	férrea
férreo	férreas
férrico	férricos
férrico	férrica
férrico	férricas
fértil	fértiles
fértil	ubérrimo
fértil	fertilísimo
fétido	fétidos
fétido	fétida
fétido	fétidas
fílmico	fílmicos
fílmico	fílmica
fílmico	fílmicas
físico	físicos
físico	física
físico	físicas
físil	físiles
fóbico	fóbicos
fóbico	fóbica
fóbico	fóbicas
fócido	fócidos
fócido	fócida
fócido	fócidas
fónico	fónicos
fónico	fónica
fónico	fónicas
fúcseo	fúcseos
fúcseo	fúcsea
fúcseo	fúcseas
fúgido	fúgidos
fúgido	fúgida
fúgido	fúgidas
fúlgido	fúlgidos
fúlgido	fúlgida
fúlgido	fúlgidas
fúnebre	fúnebres
fúrico	fúricos
fúrico	fúrica
fúrico	fúricas
fúsil	fúsiles
fútil	fútiles
gabacho	gabachos
gabacho	gabacha
gabacho	gabachas
gabonés	gaboneses
gabonés	gabonesa
gabonés	gabonesas
gacho	gachos
gacho	gacha
gacho	gachas
gachupín	gachupines
gachupín	gachupina
gachupín	gachupinas
gaditano	gaditanos
gaditano	gaditana
gaditano	gaditanas
gadorense	
gafe	gafes
gafo	gafos
gafo	gafa
gafo	gafas
gagaúz	gagaúces
gagaúz	gagaúza
gagaúz	gagaúzas
gagaúzo	gagaúzos
gagaúzo	gagaúza
gagaúzo	gagaúzas
gago	gagos
gago	gaga
gago	gagas
gagá	gagás
gaitero	gaiteros
gaitero	gaitera
gaitero	gaiteras
galactófago	galactófagos
galactófago	galactófaga
galactófago	galactófagas
galactóforo	galactóforos
galactóforo	galactófora
galactóforo	galactóforas
galaico	galaicos
galaico	galaica
galaico	galaicas
galano	galanos
galano	galana
galano	galanas
galante	galantes
galanteador	galanteadores
galanteador	galanteadora
galanteador	galanteadoras
galardonador	galardonadores
galardonador	galardonadora
galardonador	galardonadoras
galardoneador	galardoneadores
galardoneador	galardoneadora
galardoneador	galardoneadoras
galbanado	galbanados
galbanado	galbanada
galbanado	galbanadas
galbanoso	galbanosos
galbanoso	galbanosa
galbanoso	galbanosas
galeado	galeados
galeado	galeada
galeado	galeadas
galeato	galeatos
galeato	galeata
galeato	galeatas
galenista	galenistas
galgo	galgos
galgo	galga
galgo	galgas
galgueño	galgueños
galgueño	galgueña
galgueño	galgueñas
galicado	galicados
galicado	galicada
galicado	galicadas
galiciano	galicianos
galiciano	galiciana
galiciano	galicianas
galiforme	galiformes
galindo	galindos
galindo	galinda
galindo	galindas
galla	gallas
gallardo	gallardos
gallardo	gallarda
gallardo	gallardas
gallego	gallegos
gallego	gallega
gallego	gallegas
gallero	galleros
gallero	gallera
gallero	galleras
galletero	galleteros
galletero	galletera
galletero	galleteras
galliforme	galliformes
gallinazo	
gallofero	galloferos
gallofero	gallofera
gallofero	galloferas
gallonado	gallonados
gallonado	gallonada
gallonado	gallonadas
gallístico	gallísticos
gallístico	gallística
gallístico	gallísticas
galo	galos
galo	gala
galo	galas
galocho	galochos
galocho	galocha
galocho	galochas
galorromano	galorromanos
galorromano	galorromana
galorromano	galorromanas
galvánico	galvánicos
galvánico	galvánica
galvánico	galvánicas
galáctico	galácticos
galáctico	galáctica
galáctico	galácticas
galán	galanes
galán	galana
galán	galanas
galénico	galénicos
galénico	galénica
galénico	galénicas
galés	galeses
galés	galesa
galés	galesas
galófobo	galófobos
galófobo	galófoba
galófobo	galófobas
gamba	gambas
gamberra	
gamberro	gamberros
gamberro	gamberra
gamberro	gamberras
gambiano	gambianos
gambiano	gambiana
gambiano	gambianas
gambitero	gambiteros
gambitero	gambitera
gambitero	gambiteras
gamuzado	gamuzados
gamuzado	gamuzada
gamuzado	gamuzadas
ganable	ganables
ganadero	ganaderos
ganadero	ganadera
ganadero	ganaderas
ganado	ganados
ganado	ganada
ganado	ganadas
ganador	ganadores
ganador	ganadora
ganador	ganadoras
ganancial	gananciales
gananciero	ganancieros
gananciero	gananciera
gananciero	ganancieras
ganancioso	gananciosos
ganancioso	gananciosa
ganancioso	gananciosas
ganato	ganatos
ganato	ganata
ganato	ganatas
ganchudo	ganchudos
ganchudo	ganchuda
ganchudo	ganchudas
gandolero	gandoleros
gandolero	gandolera
gandolero	gandoleras
gandul	
ganglionar	ganglionares
gangoso	gangosos
gangoso	gangosa
gangoso	gangosas
gangosísimo	gangosísimos
gangosísimo	gangosísima
gangosísimo	gangosísimas
gangrenoso	gangrenosos
gangrenoso	gangrenosa
gangrenoso	gangrenosas
gangrénico	gangrénicos
gangrénico	gangrénica
gangrénico	gangrénicas
ganoso	ganosos
ganoso	ganosa
ganoso	ganosas
ganso	gansos
ganso	gansa
ganso	gansas
gara	garas
garante	garantes
garantista	garantistas
garantizador	garantizadores
garantizador	garantizadora
garantizador	garantizadoras
garbillador	garbilladores
garbillador	garbilladora
garbillador	garbilladoras
garboso	garbosos
garboso	garbosa
garboso	garbosas
garca	garcas
garcero	garceros
garcero	garcera
garcero	garceras
gargantillo	gargantillos
gargantillo	gargantilla
gargantillo	gargantillas
garigoleado	garigoleados
garigoleado	garigoleada
garigoleado	garigoleadas
garliteño	garliteños
garliteño	garliteña
garliteño	garliteñas
garmense	garmenses
garmero	garmeros
garmero	garmera
garmero	garmeras
garrafal	garrafales
garrapatoso	garrapatosos
garrapatoso	garrapatosa
garrapatoso	garrapatosas
garrido	garridos
garrido	garrida
garrido	garridas
garrochista	garrochistas
garruchero	
garzo	garzos
garzo	garza
garzo	garzas
garífuna	garífunas
garínagu	garínagus
gasajoso	gasajosos
gasajoso	gasajosa
gasajoso	gasajosas
gascón	gascones
gascón	gascona
gascón	gasconas
gaseoso	gaseosos
gaseoso	gaseosa
gaseoso	gaseosas
gasolero	gasoleros
gasolero	gasolera
gasolero	gasoleras
gasométrico	gasométricos
gasométrico	gasométrica
gasométrico	gasométricas
gastivo	gastivos
gastivo	gastiva
gastivo	gastivas
gastroesofágico	gastroesofágicos
gastroesofágico	gastroesofágica
gastroesofágico	gastroesofágicas
gastrohepático	gastrohepáticos
gastrohepático	gastrohepática
gastrohepático	gastrohepáticas
gastronómico	gastronómicos
gastronómico	gastronómica
gastronómico	gastronómicas
gasífero	gasíferos
gasífero	gasífera
gasífero	gasíferas
gateado	gateados
gateado	gateada
gateado	gateadas
gatera	gateras
gateril	
gatero	gateros
gatero	gatera
gatero	gateras
gatillante	gatillantes
gatomuso	gatomusos
gatomuso	gatomusa
gatomuso	gatomusas
gatuno	gatunos
gatuno	gatuna
gatuno	gatunas
gaudiniano	gaudinianos
gaudiniano	gaudiniana
gaudiniano	gaudinianas
gaussiano	gaussianos
gaussiano	gaussiana
gaussiano	gaussianas
gay	gais
gayo	gayos
gayo	gaya
gayo	gayas
gayón	gayones
gayón	gayona
gayón	gayonas
gazmoño	gazmoños
gazmoño	gazmoña
gazmoño	gazmoñas
gazmuño	gazmuños
gazmuño	gazmuña
gazmuño	gazmuñas
gaznápiro	gaznápiros
gaznápiro	gaznápira
gaznápiro	gaznápiras
gaélico	gaélicos
gaélico	gaélica
gaélico	gaélicas
gaúcho	gaúchos
gaúcho	gaúcha
gaúcho	gaúchas
gede	gedes
gelatinoso	gelatinosos
gelatinoso	gelatinosa
gelatinoso	gelatinosas
gemebundo	gemebundos
gemebundo	gemebunda
gemebundo	gemebundas
gemela	gemelas
gemelado	gemelados
gemelado	gemelada
gemelado	gemeladas
gemelar	gemelares
gemelo	gemelos
gemelo	gemela
gemelo	gemelas
gemidor	gemidores
gemidor	gemidora
gemidor	gemidoras
geminado	geminados
geminado	geminada
geminado	geminadas
geminiano	geminianos
geminiano	geminiana
geminiano	geminianas
gemológico	gemológicos
gemológico	gemológica
gemológico	gemológicas
genealógico	genealógicos
genealógico	genealógica
genealógico	genealógicas
generador	generadores
generador	generadora
generador	generadoras
general	generales
generalizable	generalizables
generalizador	generalizadores
generalizador	generalizadora
generalizador	generalizadoras
generoso	generosos
generoso	generosa
generoso	generosas
generosísimo	generosísimos
generosísimo	generosísima
generosísimo	generosísimas
genetliaco	genetliacos
genetliaco	genetliaca
genetliaco	genetliacas
genetlíaco	genetlíacos
genetlíaco	genetlíaca
genetlíaco	genetlíacas
genial	geniales
geniano	genianos
geniano	geniana
geniano	genianas
geniculado	geniculados
geniculado	geniculada
geniculado	geniculadas
geniculífloro	geniculífloros
geniculífloro	geniculíflora
geniculífloro	geniculífloras
genicúleo	genicúleos
genicúleo	genicúlea
genicúleo	genicúleas
genital	genitales
genitalista	genitalistas
genitourinario	genitourinarios
genitourinario	genitourinaria
genitourinario	genitourinarias
genotóxico	genotóxicos
genotóxico	genotóxica
genotóxico	genotóxicas
genovés	genoveses
genovés	genovesa
genovés	genovesas
gentil	gentiles
gentil	gentilísimo
gentilicio	gentilicios
gentilicio	gentilicia
gentilicio	gentilicias
gentilísimo	gentilísimos
gentilísimo	gentilísima
gentilísimo	gentilísimas
gentílico	gentílicos
gentílico	gentílica
gentílico	gentílicas
genuflexo	genuflexos
genuflexo	genuflexa
genuflexo	genuflexas
genuino	genuinos
genuino	genuina
genuino	genuinas
genérico	genéricos
genérico	genérica
genérico	genéricas
genésico	genésicos
genésico	genésica
genésico	genésicas
genético	genéticos
genético	genética
genético	genéticas
geocéntrico	geocéntricos
geocéntrico	geocéntrica
geocéntrico	geocéntricas
geocíclico	geocíclicos
geocíclico	geocíclica
geocíclico	geocíclicas
geodésico	geodésicos
geodésico	geodésica
geodésico	geodésicas
geográfico	geográficos
geográfico	geográfica
geográfico	geográficas
geolocalizador	geolocalizadores
geolocalizador	geolocalizadora
geolocalizador	geolocalizadoras
geológico	geológicos
geológico	geológica
geológico	geológicas
geométrico	geométricos
geométrico	geométrica
geométrico	geométricas
geopónico	geopónicos
geopónico	geopónica
geopónico	geopónicas
georgiano	georgianos
georgiano	georgiana
georgiano	georgianas
gerencial	gerenciales
gergaleño	
geriátrico	geriátricos
geriátrico	geriátrica
geriátrico	geriátricas
germano	germanos
germano	germana
germano	germanas
germanoparlante	germanoparlantes
germicida	germicidas
germinador	germinadores
germinador	germinadora
germinador	germinadoras
germinal	germinales
germinativo	germinativos
germinativo	germinativa
germinativo	germinativas
germinicida	germinicidas
germánico	germánicos
germánico	germánica
germánico	germánicas
gerundense	gerundenses
gerónimo	gerónimos
gerónimo	gerónima
gerónimo	gerónimas
gesellino	gesellinos
gesellino	gesellina
gesellino	gesellinas
gestante	gestantes
gestatorio	gestatorios
gestatorio	gestatoria
gestatorio	gestatorias
gestero	gesteros
gestero	gestera
gestero	gesteras
gesticulador	gesticuladores
gesticulador	gesticuladora
gesticulador	gesticuladoras
gesticulante	gesticulantes
gesticular	gesticulares
gesticuloso	gesticulosos
gesticuloso	gesticulosa
gesticuloso	gesticulosas
gestor	gestores
gestor	gestora
gestor	gestoras
gestual	gestuales
gestudo	gestudos
gestudo	gestuda
gestudo	gestudas
gestáltico	gestálticos
gestáltico	gestáltica
gestáltico	gestálticas
ghanés	ghaneses
ghanés	ghanesa
ghanés	ghanesas
gibraltareño	gibraltareños
gibraltareño	gibraltareña
gibraltareño	gibraltareñas
giennense	giennenses
gigante	gigantes
gigantesco	gigantescos
gigantesco	gigantesca
gigantesco	gigantescas
gigántico	gigánticos
gigántico	gigántica
gigántico	gigánticas
gijonense	gijonenses
gijonés	gijoneses
gijonés	gijonesa
gijonés	gijonesas
gil	giles
gil	gila
gil	gilas
gilipollas	
gilipuertas	
gilvo	gilvos
gilvo	gilva
gilvo	gilvas
gimnospermo	gimnospermos
gimnospermo	gimnosperma
gimnospermo	gimnospermas
gimnástico	gimnásticos
gimnástico	gimnástica
gimnástico	gimnásticas
gimoteador	gimoteadores
gimoteador	gimoteadora
gimoteador	gimoteadoras
ginebrino	ginebrinos
ginebrino	ginebrina
ginebrino	ginebrinas
ginebrés	ginebreses
ginebrés	ginebresa
ginebrés	ginebresas
gingival	gingivales
giratorio	giratorios
giratorio	giratoria
giratorio	giratorias
gironés	gironeses
gironés	gironesa
gironés	gironesas
gitano	gitanos
gitano	gitana
gitano	gitanas
glabro	glabros
glabro	glabra
glabro	glabras
glacial	glaciales
glaciar	glaciares
glaciológico	glaciológicos
glaciológico	glaciológica
glaciológico	glaciológicas
glagolítico	glagolíticos
glagolítico	glagolítica
glagolítico	glagolíticas
glamoroso	glamorosos
glamoroso	glamorosa
glamoroso	glamorosas
glamouroso	glamourosos
glamouroso	glamourosa
glamouroso	glamourosas
glamuroso	glamurosos
glamuroso	glamurosa
glamuroso	glamurosas
glanduloso	glandulosos
glanduloso	glandulosa
glanduloso	glandulosas
glaseado	glaseados
glaseado	glaseada
glaseado	glaseadas
glauco	glaucos
glauco	glauca
glauco	glaucas
global	globales
globoso	globosos
globoso	globosa
globoso	globosas
glocal	glocales
glorificable	glorificables
glorioso	gloriosos
glorioso	gloriosa
glorioso	gloriosas
glosador	glosadores
glosador	glosadora
glosador	glosadoras
glotal	glotales
glotón	glotones
glotón	glotona
glotón	glotonas
glutinoso	glutinosos
glutinoso	glutinosa
glutinoso	glutinosas
glífico	
glótico	glóticos
glótico	glótica
glótico	glóticas
glúteo	glúteos
glúteo	glútea
glúteo	glúteas
gnomónico	gnomónicos
gnomónico	gnomónica
gnomónico	gnomónicas
gnoseológico	gnoseológicos
gnoseológico	gnoseológica
gnoseológico	gnoseológicas
gnéisico	gnéisicos
gnéisico	gnéisica
gnéisico	gnéisicas
gnómico	gnómicos
gnómico	gnómica
gnómico	gnómicas
gnóstico	gnósticos
gnóstico	gnóstica
gnóstico	gnósticas
gobernable	gobernables
gobernado	gobernados
gobernado	gobernada
gobernado	gobernadas
gobernador	gobernadores
gobernador	gobernadora
gobernador	gobernadoras
gobernante	gobernantes
gobernativo	gobernativos
gobernativo	gobernativa
gobernativo	gobernativas
godo	godos
godo	goda
godo	godas
godojeño	godojeños
godojeño	godojeña
godojeño	godojeñas
goleador	
golfante	golfantes
golfo	golfos
golfo	golfa
golfo	golfas
golillero	golilleros
golillero	golillera
golillero	golilleras
golondrino	golondrinos
golondrino	golondrina
golondrino	golondrinas
goloso	golosos
goloso	golosa
goloso	golosas
golpeador	golpeadores
golpeador	golpeadora
golpeador	golpeadoras
golpista	golpistas
gomellano	gomellanos
gomellano	gomellana
gomellano	gomellanas
gomer	gomeres
gomero	gomeros
gomero	gomera
gomero	gomeras
gomezpalatino	gomezpalatinos
gomezpalatino	gomezpalatina
gomezpalatino	gomezpalatinas
gomoso	gomosos
gomoso	gomosa
gomoso	gomosas
gordito	gorditos
gordito	gordita
gordito	gorditas
gordo	gordos
gordo	gorda
gordo	gordas
gordo	gordísimo
gordofóbico	gordofóbicos
gordofóbico	gordofóbica
gordofóbico	gordofóbicas
gordísimo	gordísimos
gordísimo	gordísima
gordísimo	gordísimas
gorgoteante	gorgoteantes
gorjeador	gorjeadores
gorjeador	gorjeadora
gorjeador	gorjeadoras
gorrino	
gortinio	gortinios
gortinio	gortinia
gortinio	gortinias
goteado	goteados
goteado	goteada
goteado	goteadas
gotoso	gotosos
gotoso	gotosa
gotoso	gotosas
goyesco	goyescos
goyesco	goyesca
goyesco	goyescas
gozador	gozadores
gozador	gozadora
gozador	gozadoras
gozante	
gozoso	gozosos
gozoso	gozosa
gozoso	gozosas
grabador	grabadores
graciable	graciables
graciable	graciabilísimo
graciado	graciados
graciado	graciada
graciado	graciadas
graciano	gracianos
graciano	graciana
graciano	gracianas
gracioso	graciosos
gracioso	graciosa
gracioso	graciosas
gracioso	graciosísimo
graciosísimo	graciosísimos
graciosísimo	graciosísima
graciosísimo	graciosísimas
graduable	graduables
graduado	graduados
graduado	graduada
graduado	graduadas
gradual	graduales
gradualista	gradualistas
grafitero	grafiteros
grafitero	grafitera
grafitero	grafiteras
grafológico	grafológicos
grafológico	grafológica
grafológico	grafológicas
grafómano	grafómanos
grafómano	grafómana
grafómano	grafómanas
gramatical	gramaticales
gramatológico	gramatológicos
gramatológico	gramatológica
gramatológico	gramatológicas
graminoide	graminoides
gramofónico	gramofónicos
gramofónico	gramofónica
gramofónico	gramofónicas
gramática	
gramático	gramáticos
gramático	gramática
gramático	gramáticas
gran	grandes
grana	granas
granadina	
granadino	granadinos
granadino	granadina
granadino	granadinas
granadí	granadís
granadí	granadíes
granate	granates
grancanario	grancanarios
grancanario	grancanaria
grancanario	grancanarias
grancolombiano	grancolombianos
grancolombiano	grancolombiana
grancolombiano	grancolombianas
grande	grandes
grande	mayor
grande	grandísimo
grande	máximo
grandilocuente	grandilocuentes
grandioso	grandiosos
grandioso	grandiosa
grandioso	grandiosas
grandullón	grandullones
grandullón	grandullona
grandullón	grandullonas
grandulón	grandulones
grandulón	grandulona
grandulón	grandulonas
grandílocuo	grandílocuos
grandílocuo	grandílocua
grandílocuo	grandílocuas
grandísimo	grandísimos
grandísimo	grandísima
grandísimo	grandísimas
granelero	graneleros
granelero	granelera
granelero	graneleras
granjeable	granjeables
granujado	granujados
granujado	granujada
granujado	granujadas
granulado	granulados
granulado	granulada
granulado	granuladas
granular	granulares
granulométrico	granulométricos
granulométrico	granulométrica
granulométrico	granulométricas
granuloso	granulosos
granuloso	granulosa
granuloso	granulosas
granífugo	granífugos
granífugo	granífuga
granífugo	granífugas
grasa	grasas
grasiento	grasientos
grasiento	grasienta
grasiento	grasientas
graso	grasos
graso	grasa
graso	grasas
grasoso	grasosos
grasoso	grasosa
grasoso	grasosas
gratificador	gratificadores
gratificador	gratificadora
gratificador	gratificadoras
gratificante	gratificantes
gratinado	gratinados
gratinado	gratinada
gratinado	gratinadas
gratis	
grato	gratos
grato	grata
grato	gratas
grato	gratísimo
gratuito	gratuitos
gratuito	gratuita
gratuito	gratuitas
gratísimo	gratísimos
gratísimo	gratísima
gratísimo	gratísimas
grave	graves
grave	gravísimo
gravitacional	gravitacionales
gravitatorio	gravitatorios
gravitatorio	gravitatoria
gravitatorio	gravitatorias
gravoso	gravosos
gravoso	gravosa
gravoso	gravosas
gravísimo	gravísimos
gravísimo	gravísima
gravísimo	gravísimas
graznador	graznadores
graznador	graznadora
graznador	graznadoras
gredoso	gredosos
gredoso	gredosa
gredoso	gredosas
gregario	gregarios
gregario	gregaria
gregario	gregarias
gremial	gremiales
gremialista	gremialistas
grencho	grenchos
grencho	grencha
grencho	grenchas
grenchudo	grenchudos
grenchudo	grenchuda
grenchudo	grenchudas
greñudo	greñudos
greñudo	greñuda
greñudo	greñudas
griego	griegos
griego	griega
griego	griegas
grietoso	grietosos
grietoso	grietosa
grietoso	grietosas
grifo	grifos
grifo	grifa
grifo	grifas
grillado	grillados
grillado	grillada
grillado	grilladas
grimoso	grimosos
grimoso	grimosa
grimoso	grimosas
griposo	griposos
griposo	griposa
griposo	griposas
gris	grises
grisáceo	grisáceos
grisáceo	grisácea
grisáceo	grisáceas
gritador	gritadores
gritador	gritadora
gritador	gritadoras
gritoncísimo	gritoncísimos
gritoncísimo	gritoncísima
gritoncísimo	gritoncísimas
groenlandés	groenlandeses
groenlandés	groenlandesa
groenlandés	groenlandesas
groggy	
grogui	groguis
grosero	groseros
grosero	grosera
grosero	groseras
groserísimo	groserísimos
groserísimo	groserísima
groserísimo	groserísimas
grotesco	grotescos
grotesco	grotesca
grotesco	grotescas
grueso	gruesos
grueso	gruesa
grueso	gruesas
grueso	grosísimo
grueso	gruesísimo
gruesísimo	gruesísimos
gruesísimo	gruesísima
gruesísimo	gruesísimas
gruiforme	
grullo	grullos
grullo	grulla
grullo	grullas
grumoso	grumosos
grumoso	grumosa
grumoso	grumosas
grumosísimo	grumosísimos
grumosísimo	grumosísima
grumosísimo	grumosísimas
grupal	grupales
grutense	grutenses
gruñidor	gruñidores
gruñidor	gruñidora
gruñidor	gruñidoras
gruñón	gruñones
gruñón	gruñona
gruñón	gruñonas
grácil	gráciles
gráfico	gráficos
gráfico	gráfica
gráfico	gráficas
guachaca	guachacas
guache	guaches
guachi	guachis
guacho	guachos
guacho	guacha
guacho	guachas
guaco	guacos
guaco	guaca
guaco	guacas
guadalajarense	guadalajarenses
guadalajareño	guadalajareños
guadalajareño	guadalajareña
guadalajareño	guadalajareñas
guadalupano	guadalupanos
guadalupano	guadalupana
guadalupano	guadalupanas
guadalupense	guadalupenses
guadalupeño	guadalupeños
guadalupeño	guadalupeña
guadalupeño	guadalupeñas
guainiano	guainianos
guainiano	guainiana
guainiano	guainianas
guaireño	guaireños
guaireño	guaireña
guaireño	guaireñas
guairista	
guajiro	guajiros
guajiro	guajira
guajiro	guajiras
gualda	gualdas
guambiano	guambianos
guambiano	guambiana
guambiano	guambianas
guameño	guameños
guameño	guameña
guameño	guameñas
guaminense	guaminenses
guanacasteco	guanacastecos
guanacasteco	guanacasteca
guanacasteco	guanacastecas
guanaeño	guanaeños
guanaeño	guanaeña
guanaeño	guanaeñas
guanajo	guanajos
guanajo	guanaja
guanajo	guanajas
guanajuatense	guanajuatenses
guanareño	guanareños
guanareño	guanareña
guanareño	guanareñas
guanche	guanches
guantanamero	guantanameros
guantanamero	guantanamera
guantanamero	guantanameras
guapetón	guapetones
guapetón	guapetona
guapetón	guapetonas
guarango	guarangos
guarango	guaranga
guarango	guarangas
guaraní	guaranís
guaraní	guaraníes
guaranítico	guaraníticos
guaranítico	guaranítica
guaranítico	guaraníticas
guarao	guaraos
guarao	guaraa
guarao	guaraas
guaraúno	guaraúnos
guaraúno	guaraúna
guaraúno	guaraúnas
guardable	guardables
guardado	guardados
guardado	guardada
guardado	guardadas
guardador	guardadores
guardador	guardadora
guardador	guardadoras
guardoso	guardosos
guardoso	guardosa
guardoso	guardosas
guargüero	guargüeros
guargüero	guargüera
guargüero	guargüeras
guariqueño	guariqueños
guariqueño	guariqueña
guariqueño	guariqueñas
guarnecedor	guarnecedores
guarnecedor	guarnecedora
guarnecedor	guarnecedoras
guaroso	guarosos
guaroso	guarosa
guaroso	guarosas
guarro	guarros
guarro	guarra
guarro	guarras
guaso	guasos
guaso	guasa
guaso	guasas
guateado	guateados
guateado	guateada
guateado	guateadas
guatemalteco	guatemaltecos
guatemalteco	guatemalteca
guatemalteco	guatemaltecas
guatón	guatones
guatón	guatona
guatón	guatonas
guaviarense	guaviarenses
guayanés	guayaneses
guayanés	guayanesa
guayanés	guayanesas
guayaquileño	guayaquileños
guayaquileño	guayaquileña
guayaquileño	guayaquileñas
guaymallino	
guaymense	guaymenses
guaymeño	guaymeños
guaymeño	guaymeña
guaymeño	guaymeñas
guayu	
gubernamental	gubernamentales
gubernativo	gubernativos
gubernativo	gubernativa
gubernativo	gubernativas
guei	gueis
gueis	
guerniquense	guerniquenses
guerracivilista	guerracivilistas
guerreador	guerreadores
guerreador	guerreadora
guerreador	guerreadoras
guerreante	guerreantes
guerrerense	guerrerenses
guerrero	guerreros
guerrero	guerrera
guerrero	guerreras
guerrillero	guerrilleros
guerrillero	guerrillera
guerrillero	guerrilleras
guey	gueyes
guiador	guiadores
guiador	guiadora
guiador	guiadoras
guijarroso	guijarrosos
guijarroso	guijarrosa
guijarroso	guijarrosas
guijuelense	guijuelenses
guineano	guineanos
guineano	guineana
guineano	guineanas
guineo	guineos
guineo	guinea
guineo	guineas
guion	
guipuzcoano	guipuzcoanos
guipuzcoano	guipuzcoana
guipuzcoano	guipuzcoanas
guisador	guisadores
guisador	guisadora
guisador	guisadoras
guisero	
guitarreable	guitarreables
guito	guitos
guito	guita
guito	guitas
guiñador	guiñadores
guiñador	guiñadora
guiñador	guiñadoras
guiñaposo	guiñaposos
guiñaposo	guiñaposa
guiñaposo	guiñaposas
guna	gunas
gurbio	gurbios
gurbio	gurbia
gurbio	gurbias
gurro	
gurrumino	gurruminos
gurrumino	gurrumina
gurrumino	gurruminas
gusanero	gusaneros
gusanero	gusanera
gusanero	gusaneras
gustativo	gustativos
gustativo	gustativa
gustativo	gustativas
gustaviano	gustavianos
gustaviano	gustaviana
gustaviano	gustavianas
gustoso	gustosos
gustoso	gustosa
gustoso	gustosas
gustoso	gustosísimo
gustosísimo	gustosísimos
gustosísimo	gustosísima
gustosísimo	gustosísimas
gutífero	gutíferos
gutífero	gutífera
gutífero	gutíferas
guyanés	guyaneses
guyanés	guyanesa
guyanés	guyanesas
gálata	gálatas
gálico	gálicos
gálico	gálica
gálico	gálicas
gárrulo	gárrulos
gárrulo	gárrula
gárrulo	gárrulas
gástrico	gástricos
gástrico	gástrica
gástrico	gástricas
gélido	gélidos
gélido	gélida
gélido	gélidas
géminis	
gético	géticos
gético	gética
gético	géticas
gímnico	gímnicos
gímnico	gímnica
gímnico	gímnicas
gótico	góticos
gótico	gótica
gótico	góticas
güecho	güechos
güecho	güecha
güecho	güechas
güegüecho	güegüechos
güegüecho	güegüecha
güegüecho	güegüechas
güeno	güenos
güeno	güena
güeno	güenas
güero	güeros
güero	güera
güero	güeras
habado	habados
habado	habada
habado	habadas
habanero	habaneros
habanero	habanera
habanero	habaneras
habano	habanos
habano	habana
habano	habanas
haberoso	haberosos
haberoso	haberosa
haberoso	haberosas
habilidoso	habilidosos
habilidoso	habilidosa
habilidoso	habilidosas
habilidoso	habilidosísimo
habilidosísimo	habilidosísimos
habilidosísimo	habilidosísima
habilidosísimo	habilidosísimas
habilitado	habilitados
habilitado	habilitada
habilitado	habilitadas
habilitador	habilitadores
habilitador	habilitadora
habilitador	habilitadoras
habiloso	habilosos
habiloso	habilosa
habiloso	habilosas
habilísimo	habilísimos
habilísimo	habilísima
habilísimo	habilísimas
habitable	habitables
habitado	habitados
habitado	habitada
habitado	habitadas
habitante	habitantes
habitual	habituales
hablachento	hablachentos
hablachento	hablachenta
hablachento	hablachentas
hablado	hablados
hablado	hablada
hablado	habladas
hablador	habladores
hablador	habladora
hablador	habladoras
hablante	hablantes
hablantinoso	hablantinosos
hablantinoso	hablantinosa
hablantinoso	hablantinosas
hacedero	hacederos
hacedero	hacedera
hacedero	hacederas
hacedor	hacedores
hacedor	hacedora
hacedor	hacedoras
hacendado	hacendados
hacendado	hacendada
hacendado	hacendadas
hacendoso	hacendosos
hacendoso	hacendosa
hacendoso	hacendosas
hagacomitense	hagacomitenses
hagiográfico	hagiográficos
hagiográfico	hagiográfica
hagiográfico	hagiográficas
hagovero	hagoveros
hagovero	hagovera
hagovero	hagoveras
haida	haidas
haitiano	haitianos
haitiano	haitiana
haitiano	haitianas
halagador	halagadores
halagador	halagadora
halagador	halagadoras
halagadísimo	halagadísimos
halagadísimo	halagadísima
halagadísimo	halagadísimas
halaguero	halagueros
halaguero	halaguera
halaguero	halagueras
halagüeño	halagüeños
halagüeño	halagüeña
halagüeño	halagüeñas
halal	
halconado	halconados
halconado	halconada
halconado	halconadas
halconero	halconeros
halconero	halconera
halconero	halconeras
halcón	halcones
haliéutico	haliéuticos
haliéutico	haliéutica
haliéutico	haliéuticas
hallador	halladores
hallador	halladora
hallador	halladoras
hallante	hallantes
haloideo	haloideos
haloideo	haloidea
haloideo	haloideas
hambreador	hambreadores
hambreador	hambreadora
hambreador	hambreadoras
hambriento	hambrientos
hambriento	hambrienta
hambriento	hambrientas
hamburgués	hamburgueses
hamburgués	hamburguesa
hamburgués	hamburguesas
hamiltoniano	hamiltonianos
hamiltoniano	hamiltoniana
hamiltoniano	hamiltonianas
hampesco	hampescos
hampesco	hampesca
hampesco	hampescas
hampón	hampones
hampón	hampona
hampón	hamponas
hanoveriano	hanoverianos
hanoveriano	hanoveriana
hanoveriano	hanoverianas
hanseático	hanseáticos
hanseático	hanseática
hanseático	hanseáticas
haploide	haploides
haragan	haráganes
haragán	haraganes
haragán	haragana
haragán	haraganas
haram	
harapiento	harapientos
harapiento	harapienta
harapiento	harapientas
haraposo	haraposos
haraposo	haraposa
haraposo	haraposas
hardcore	
harense	harenses
harinoso	harinosos
harinoso	harinosa
harinoso	harinosas
harmónico	harmónicos
harmónico	harmónica
harmónico	harmónicas
hartible	hartibles
harto	hartos
harto	harta
harto	hartas
hartío	hartíos
hartío	hartía
hartío	hartías
hastioso	hastiosos
hastioso	hastiosa
hastioso	hastiosas
hatero	hateros
hatero	hatera
hatero	hateras
havar	havares
havara	havaras
hawaiano	hawaianos
hawaiano	hawaiana
hawaiano	hawaianas
hayense	hayenses
hazañero	hazañeros
hazañero	hazañera
hazañero	hazañeras
hazañoso	hazañosos
hazañoso	hazañosa
hazañoso	hazañosas
hebraico	hebraicos
hebraico	hebraica
hebraico	hebraicas
hebreo	hebreos
hebreo	hebrea
hebreo	hebreas
hechizador	hechizadores
hechizador	hechizadora
hechizador	hechizadoras
hechizo	hechizos
hechizo	hechiza
hechizo	hechizas
hecho	hechos
hecho	hecha
hecho	hechas
hediondo	hediondos
hediondo	hedionda
hediondo	hediondas
hegeliano	hegelianos
hegeliano	hegeliana
hegeliano	hegelianas
hegemónico	hegemónicos
hegemónico	hegemónica
hegemónico	hegemónicas
heideggeriano	heideggerianos
heideggeriano	heideggeriana
heideggeriano	heideggerianas
helable	helables
heladizo	heladizos
heladizo	heladiza
heladizo	heladizas
helado	helados
helado	helada
helado	heladas
helador	heladores
helador	heladora
helador	heladoras
helante	helantes
helenista	helenistas
helenizante	helenizantes
heleno	helenos
heleno	helena
heleno	helenas
helenístico	helenísticos
helenístico	helenística
helenístico	helenísticas
helgado	helgados
helgado	helgada
helgado	helgadas
heliocéntrico	heliocéntricos
heliocéntrico	heliocéntrica
heliocéntrico	heliocéntricas
heliográfico	heliográficos
heliográfico	heliográfica
heliográfico	heliográficas
heliostático	heliostáticos
heliostático	heliostática
heliostático	heliostáticas
helmintológico	helmintológicos
helmintológico	helmintológica
helmintológico	helmintológicas
helmíntico	helmínticos
helmíntico	helmíntica
helmíntico	helmínticas
helvecio	helvecios
helvecio	helvecia
helvecio	helvecias
helvético	helvéticos
helvético	helvética
helvético	helvéticas
helénico	helénicos
helénico	helénica
helénico	helénicas
helófilo	helófilos
helófilo	helófila
helófilo	helófilas
hematológico	hematológicos
hematológico	hematológica
hematológico	hematológicas
hematófago	hematófagos
hematófago	hematófaga
hematófago	hematófagas
hembrista	hembristas
hemerálope	hemerálopes
hemisférico	hemisféricos
hemisférico	hemisférica
hemisférico	hemisféricas
henchido	henchidos
henchido	henchida
henchido	henchidas
henchidor	henchidores
henchidor	henchidora
henchidor	henchidoras
hendedor	hendedores
hendedor	hendedora
hendedor	hendedoras
hepatico	hepaticos
hepatico	hepatica
hepatico	hepaticas
heptacampeón	heptacampeones
heptacampeón	heptacampeona
heptacampeón	heptacampeonas
heptagonal	heptagonales
heptasilábico	heptasilábicos
heptasilábico	heptasilábica
heptasilábico	heptasilábicas
heptasílabo	heptasílabos
heptasílabo	heptasílaba
heptasílabo	heptasílabas
heptágono	heptágonos
heptágono	heptágona
heptágono	heptágonas
hepático	hepáticos
hepático	hepática
hepático	hepáticas
heracleo	heracleos
heracleo	heraclea
heracleo	heracleas
heraclida	heraclidas
herbaceo	herbaceos
herbaceo	herbacea
herbaceo	herbaceas
herbicida	herbicidas
herboso	herbosos
herboso	herbosa
herboso	herbosas
herbácea	
herbáceo	herbáceos
herbáceo	herbácea
herbáceo	herbáceas
herbívoro	herbívoros
herbívoro	herbívora
herbívoro	herbívoras
herculano	herculanos
herculano	herculana
herculano	herculanas
herculino	herculinos
herculino	herculina
herculino	herculinas
hercúleo	hercúleos
hercúleo	hercúlea
hercúleo	hercúleas
heredable	heredables
heredero	herederos
heredero	heredera
heredero	herederas
herediano	heredianos
herediano	herediana
herediano	heredianas
hereditario	hereditarios
hereditario	hereditaria
hereditario	hereditarias
hereje	
herido	heridos
herido	herida
herido	heridas
heridísimo	heridísimos
heridísimo	heridísima
heridísimo	heridísimas
hermafrodita	hermafroditas
hermanable	hermanables
hermenéutico	hermenéuticos
hermenéutico	hermenéutica
hermenéutico	hermenéuticas
hermosillense	hermosillenses
hermoso	hermosos
hermoso	hermosa
hermoso	hermosas
hermético	herméticos
hermético	hermética
hermético	herméticas
hernioso	herniosos
hernioso	herniosa
hernioso	herniosas
heroico	heroicos
heroico	heroica
heroico	heroicas
heroinómano	heroinómanos
heroinómano	heroinómana
heroinómano	heroinómanas
heroísta	heroístas
herpetológico	herpetológicos
herpetológico	herpetológica
herpetológico	herpetológicas
herramental	herramentales
herrerano	herreranos
herrerano	herrerana
herrerano	herreranas
herreño	herreños
herreño	herreña
herreño	herreñas
herrumbroso	herrumbrosos
herrumbroso	herrumbrosa
herrumbroso	herrumbrosas
hervidor	hervidores
hervidor	hervidora
hervidor	hervidoras
heráldico	heráldicos
heráldico	heráldica
heráldico	heráldicas
herético	heréticos
herético	herética
herético	heréticas
hespañol	hespañoles
hespañol	hespañola
hespañol	hespañolas
hespéride	hespérides
het	hets
heterobásico	heterobásicos
heterobásico	heterobásica
heterobásico	heterobásicas
heteroclamídeo	heteroclamídeos
heteroclamídeo	heteroclamídea
heteroclamídeo	heteroclamídeas
heterodino	heterodinos
heterodino	heterodina
heterodino	heterodinas
heterodoxo	heterodoxos
heterodoxo	heterodoxa
heterodoxo	heterodoxas
heteroflexible	heteroflexibles
heterogenérico	heterogenéricos
heterogenérico	heterogenérica
heterogenérico	heterogenéricas
heteroglotónimo	heteroglotónimos
heteroglotónimo	heteroglotónima
heteroglotónimo	heteroglotónimas
heterogéneo	heterogéneos
heterogéneo	heterogénea
heterogéneo	heterogéneas
heteropatriarcal	heteropatriarcales
heterorromántico	
heteroscio	heteroscios
heteroscio	heteroscia
heteroscio	heteroscias
heterosemántico	heterosemánticos
heterosemántico	heterosemántica
heterosemántico	heterosemánticas
heterosexual	heterosexuales
heterotónico	heterotónicos
heterotónico	heterotónica
heterotónico	heterotónicas
heteróclito	heteróclitos
heteróclito	heteróclita
heteróclito	heteróclitas
heterónimo	heterónimos
heterónimo	heterónima
heterónimo	heterónimas
heterópsido	heterópsidos
heterópsido	heterópsida
heterópsido	heterópsidas
heterótrofo	heterótrofos
heterótrofo	heterótrofa
heterótrofo	heterótrofas
heurístico	heurísticos
heurístico	heurística
heurístico	heurísticas
hexacampeón	hexacampeones
hexacampeón	hexacampeona
hexacampeón	hexacampeonas
hexadecimal	hexadecimales
hexadecágono	hexadecágonos
hexadecágono	hexadecágona
hexadecágono	hexadecágonas
hexagonal	hexagonales
hexasílabo	hexasílabos
hexasílabo	hexasílaba
hexasílabo	hexasílabas
hexaédrico	hexaédricos
hexaédrico	hexaédrica
hexaédrico	hexaédricas
hialino	hialinos
hialino	hialina
hialino	hialinas
hibernal	hibernales
hibernio	hibernios
hibernio	hibernia
hibernio	hibernias
hibleo	hibleos
hibleo	hiblea
hibleo	hibleas
hidalgo	hidalgos
hidalgo	hidalga
hidalgo	hidalgas
hidalguense	hidalguenses
hidratante	hidratantes
hidroagrícola	hidroagrícolas
hidrocarbonado	hidrocarbonados
hidrocarbonado	hidrocarbonada
hidrocarbonado	hidrocarbonadas
hidrocarburífero	hidrocarburíferos
hidrocarburífero	hidrocarburífera
hidrocarburífero	hidrocarburíferas
hidroclórico	hidroclóricos
hidroclórico	hidroclórica
hidroclórico	hidroclóricas
hidrocálido	hidrocálidos
hidrocálido	hidrocálida
hidrocálido	hidrocálidas
hidrodinámico	hidrodinámicos
hidrodinámico	hidrodinámica
hidrodinámico	hidrodinámicas
hidroeléctrico	hidroeléctricos
hidroeléctrico	hidroeléctrica
hidroeléctrico	hidroeléctricas
hidrofóbico	hidrofóbicos
hidrofóbico	hidrofóbica
hidrofóbico	hidrofóbicas
hidrográfico	hidrográficos
hidrográfico	hidrográfica
hidrográfico	hidrográficas
hidrolizado	hidrolizados
hidrolizado	hidrolizada
hidrolizado	hidrolizadas
hidrológico	hidrológicos
hidrológico	hidrológica
hidrológico	hidrológicas
hidropónico	hidropónicos
hidropónico	hidropónica
hidropónico	hidropónicas
hidrostático	hidrostáticos
hidrostático	hidrostática
hidrostático	hidrostáticas
hidráulico	hidráulicos
hidráulico	hidráulica
hidráulico	hidráulicas
hidrófita	
hidrófobo	hidrófobos
hidrófobo	hidrófoba
hidrófobo	hidrófobas
hierosolimitano	hierosolimitanos
hierosolimitano	hierosolimitana
hierosolimitano	hierosolimitanas
hierático	hieráticos
hierático	hierática
hierático	hieráticas
higienizador	higienizadores
higienizador	higienizadora
higienizador	higienizadoras
higiénico	higiénicos
higiénico	higiénica
higiénico	higiénicas
higroscópico	higroscópicos
higroscópico	higroscópica
higroscópico	higroscópicas
hijueputa	hijueputas
hilachoso	hilachosos
hilachoso	hilachosa
hilachoso	hilachosas
hilador	hiladores
hilador	hiladora
hilador	hiladoras
hilarante	hilarantes
hiligainón	hiligainones
hiligainón	hiligainona
hiligainón	hiligainonas
hilozoísta	hilozoístas
himeniífero	himeniíferos
himeniífero	himeniífera
himeniífero	himeniíferas
himenóforo	himenóforos
himenóforo	himenófora
himenóforo	himenóforas
hinchado	hinchados
hinchado	hinchada
hinchado	hinchadas
hinduista	hinduistas
hindú	hindús
hindú	hindúes
hiogloso	hioglosos
hiogloso	hioglosa
hiogloso	hioglosas
hioideo	hioideos
hioideo	hioidea
hioideo	hioideas
hiperbárico	hiperbáricos
hiperbárico	hiperbárica
hiperbárico	hiperbáricas
hiperbólico	hiperbólicos
hiperbólico	hiperbólica
hiperbólico	hiperbólicas
hiperbóreo	hiperbóreos
hiperbóreo	hiperbórea
hiperbóreo	hiperbóreas
hiperclorhídrico	hiperclorhídricos
hiperclorhídrico	hiperclorhídrica
hiperclorhídrico	hiperclorhídricas
hiperestático	hiperestáticos
hiperestático	hiperestática
hiperestático	hiperestáticas
hipermoderno	hipermodernos
hipermoderno	hipermoderna
hipermoderno	hipermodernas
hipermétrope	hipermétropes
hiperrealista	hiperrealistas
hipersalino	hipersalinos
hipersalino	hipersalina
hipersalino	hipersalinas
hipersensible	hipersensibles
hipersexual	hipersexuales
hipersónico	hipersónicos
hipersónico	hipersónica
hipersónico	hipersónicas
hipertermofílico	hipertermofílicos
hipertermofílico	hipertermofílica
hipertermofílico	hipertermofílicas
hipertermófilo	hipertermófilos
hipertermófilo	hipertermófila
hipertermófilo	hipertermófilas
hipertrófico	hipertróficos
hipertrófico	hipertrófica
hipertrófico	hipertróficas
hipetro	hipetros
hipetro	hipetra
hipetro	hipetras
hipnagógico	hipnagógicos
hipnagógico	hipnagógica
hipnagógico	hipnagógicas
hipnotizador	hipnotizadores
hipnotizador	hipnotizadora
hipnotizador	hipnotizadoras
hipnótico	hipnóticos
hipnótico	hipnótica
hipnótico	hipnóticas
hipoclorhídrico	hipoclorhídricos
hipoclorhídrico	hipoclorhídrica
hipoclorhídrico	hipoclorhídricas
hipocondriaco	hipocondriacos
hipocondriaco	hipocondriaca
hipocondriaco	hipocondriacas
hipocondríaco	hipocondríacos
hipocondríaco	hipocondríaca
hipocondríaco	hipocondríacas
hipocrático	hipocráticos
hipocrático	hipocrática
hipocrático	hipocráticas
hipodérmico	hipodérmicos
hipodérmico	hipodérmica
hipodérmico	hipodérmicas
hipoestático	hipoestáticos
hipoestático	hipoestática
hipoestático	hipoestáticas
hipogeo	hipogeos
hipogeo	hipogea
hipogeo	hipogeas
hipoglucemiante	
hipotecable	hipotecables
hipotecario	hipotecarios
hipotecario	hipotecaria
hipotecario	hipotecarias
hipotético	hipotéticos
hipotético	hipotética
hipotético	hipotéticas
hipster	hipsteres
hipócrita	hipócritas
hiriente	hirientes
hirsuto	hirsutos
hirsuto	hirsuta
hirsuto	hirsutas
hirviente	hirvientes
hispalense	hispalenses
hispano	hispanos
hispano	hispana
hispano	hispanas
hispanoamericano	hispanoamericanos
hispanoamericano	hispanoamericana
hispanoamericano	hispanoamericanas
hispanofónico	hispanofónicos
hispanofónico	hispanofónica
hispanofónico	hispanofónicas
hispanohablante	hispanohablantes
hispanoparlante	hispanoparlantes
hispanounidense	hispanounidenses
hispanófilo	hispanófilos
hispanófilo	hispanófila
hispanófilo	hispanófilas
hispánico	hispánicos
hispánico	hispánica
hispánico	hispánicas
histamínico	histamínicos
histamínico	histamínica
histamínico	histamínicas
histológico	histológicos
histológico	histológica
histológico	histológicas
historiable	historiables
historiado	historiados
historiado	historiada
historiado	historiadas
historial	historiales
historicista	historicistas
historietístico	historietísticos
historietístico	historietística
historietístico	historietísticas
historificador	historificadores
historificador	historificadora
historificador	historificadoras
historiográfico	historiográficos
historiográfico	historiográfica
historiográfico	historiográficas
histriónico	histriónicos
histriónico	histriónica
histriónico	histriónicas
histérico	histéricos
histérico	histérica
histérico	histéricas
histórico	históricos
histórico	histórica
histórico	históricas
hitita	hititas
hitleriano	hitlerianos
hitleriano	hitleriana
hitleriano	hitlerianas
hito	hitos
hito	hita
hito	hitas
hodierno	hodiernos
hodierno	hodierna
hodierno	hodiernas
hojaldrado	hojaldrados
hojaldrado	hojaldrada
hojaldrado	hojaldradas
holandés	holandeses
holandés	holandesa
holandés	holandesas
holgado	holgados
holgado	holgada
holgado	holgadas
holgazán	holgazanes
holgazán	holgazana
holgazán	holgazanas
holoceno	holocenos
holoceno	holocena
holoceno	holocenas
holotúrido	holotúridos
holotúrido	holotúrida
holotúrido	holotúridas
holístico	holísticos
holístico	holística
holístico	holísticas
hombreriego	hombreriegos
hombreriego	hombreriega
hombreriego	hombreriegas
homeopático	homeopáticos
homeopático	homeopática
homeopático	homeopáticas
homeotermo	homeotermos
homeotermo	homeoterma
homeotermo	homeotermas
homeotérmico	homeotérmicos
homeotérmico	homeotérmica
homeotérmico	homeotérmicas
homicida	homicidas
homilético	homiléticos
homilético	homilética
homilético	homiléticas
homoclamídeo	homoclamídeos
homoclamídeo	homoclamídea
homoclamídeo	homoclamídeas
homoflexible	homoflexibles
homofóbico	homofóbicos
homofóbico	homofóbica
homofóbico	homofóbicas
homogéneo	homogéneos
homogéneo	homogénea
homogéneo	homogéneas
homolateral	homolaterales
homológico	homológicos
homológico	homológica
homológico	homológicas
homoquiral	homoquirales
homorromántico	
homosexual	homosexuales
homérico	homéricos
homérico	homérica
homérico	homéricas
homófono	homófonos
homófono	homófona
homófono	homófonas
homógrafo	homógrafos
homógrafo	homógrafa
homógrafo	homógrafas
homólogo	homólogos
homólogo	homóloga
homólogo	homólogas
homónimo	homónimos
homónimo	homónima
homónimo	homónimas
hondo	hondos
hondo	honda
hondo	hondas
hondo	hondísimo
hondureño	hondureños
hondureño	hondureña
hondureño	hondureñas
hondísimo	hondísimos
hondísimo	hondísima
hondísimo	hondísimas
honestista	honestistas
honesto	honestos
honesto	honesta
honesto	honestas
hongkonés	hongkoneses
hongkonés	hongkonesa
hongkonés	hongkonesas
honorable	honorables
honorífico	honoríficos
honorífico	honorífica
honorífico	honoríficas
honrado	honrados
honrado	honrada
honrado	honradas
honroso	honrosos
honroso	honrosa
honroso	honrosas
horadable	horadables
horadador	horadadores
horadador	horadadora
horadador	horadadoras
horario	horarios
horario	horaria
horario	horarias
horeo	horeos
horeo	horea
horeo	horeas
horizontal	horizontales
hormiguero	hormigueros
hormiguero	hormiguera
hormiguero	hormigueras
hormiguiento	hormiguientos
hormiguiento	hormiguienta
hormiguiento	hormiguientas
hormonal	hormonales
hornero	horneros
hornero	hornera
hornero	horneras
horrendo	horrendos
horrendo	horrenda
horrendo	horrendas
horribilísimo	horribilísimos
horribilísimo	horribilísima
horribilísimo	horribilísimas
horrible	horribles
horrible	horribilísimo
horripilante	horripilantes
horro	horros
horro	horra
horro	horras
horroroso	horrorosos
horroroso	horrorosa
horroroso	horrorosas
horrísono	horrísonos
horrísono	horrísona
horrísono	horrísonas
hortatorio	hortatorios
hortatorio	hortatoria
hortatorio	hortatorias
hortelano	hortelanos
hortelano	hortelana
hortelano	hortelanas
hortera	horteras
hosco	hoscos
hosco	hosca
hosco	hoscas
hoscoso	hoscosos
hoscoso	hoscosa
hoscoso	hoscosas
hospedador	hospedadores
hospedador	hospedadora
hospedador	hospedadoras
hospiciano	hospicianos
hospiciano	hospiciana
hospiciano	hospicianas
hospital	hospitales
hospitalario	hospitalarios
hospitalario	hospitalaria
hospitalario	hospitalarias
hospitalense	hospitalenses
hostelero	hosteleros
hostelero	hostelera
hostelero	hosteleras
hostigador	hostigadores
hostigador	hostigadora
hostigador	hostigadoras
hostigoso	hostigosos
hostigoso	hostigosa
hostigoso	hostigosas
hostil	hostiles
hotelero	hoteleros
hotelero	hotelera
hotelero	hoteleras
hotentote	hotentotes
hozador	hozadores
hozador	hozadora
hozador	hozadoras
huacalero	huacaleros
huacalero	huacalera
huacalero	huacaleras
huachafo	huachafos
huachafo	huachafa
huachafo	huachafas
hualpenino	hualpeninos
hualpenino	hualpenina
hualpenino	hualpeninas
huancavelicano	huancavelicanos
huancavelicano	huancavelicana
huancavelicano	huancavelicanas
huancaíno	huancaínos
huancaíno	huancaína
huancaíno	huancaínas
huanimarense	huanimarenses
huaso	huasos
huaso	huasa
huaso	huasas
huasteco	huastecos
huasteco	huasteca
huasteco	huastecas
huave	huaves
huayito	
huecijero	
hueco	huecos
hueco	hueca
hueco	huecas
huejutlense	huejutlenses
huele	hueles
huelveño	huelveños
huelveño	huelveña
huelveño	huelveñas
huema	huemas
huercalense	
huero	hueros
huero	huera
huero	hueras
huesudo	huesudos
huesudo	huesuda
huesudo	huesudas
huevonazo	huevonazos
huevonazo	huevonaza
huevonazo	huevonazas
huevón	huevones
huevón	huevona
huevón	huevonas
hueón	hueones
hueón	hueona
hueón	hueonas
huidizo	huidizos
huidizo	huidiza
huidizo	huidizas
huido	
huilense	huilenses
huiliento	huilientos
huiliento	huilienta
huiliento	huilientas
huilliche	huilliches
huinca	huincas
humanal	humanales
humanitario	humanitarios
humanitario	humanitaria
humanitario	humanitarias
humano	humanos
humano	humana
humano	humanas
humanoide	humanoides
humectante	humectantes
humilde	humildes
humillador	humilladores
humillador	humilladora
humillador	humilladoras
humillante	humillantes
huno	hunos
huno	huna
huno	hunas
huraño	huraños
huraño	huraña
huraño	hurañas
hurgón	hurgones
hurgón	hurgona
hurgón	hurgonas
hurrita	hurritas
hurtador	hurtadores
hurtador	hurtadora
hurtador	hurtadoras
hurón	hurones
hurón	hurona
hurón	huronas
husita	husitas
husmeador	husmeadores
husmeador	husmeadora
husmeador	husmeadoras
hutí	hutís
hutí	hutíes
huzí	huzís
huzí	huzíes
huácala	
huérfana	
huérfano	huérfanos
huérfano	huérfana
huérfano	huérfanas
huérfilo	huérfilos
huérfilo	huérfila
huérfilo	huérfilas
hábil	hábiles
háptico	hápticos
háptico	háptica
háptico	hápticas
héctico	hécticos
héctico	héctica
héctico	hécticas
híbrido	híbridos
híbrido	híbrida
híbrido	híbridas
hídrico	hídricos
hídrico	hídrica
hídrico	hídricas
hípster	hípsteres
híspido	híspidos
híspido	híspida
híspido	híspidas
hórrido	hórridos
hórrido	hórrida
hórrido	hórridas
húmedo	húmedos
húmedo	húmeda
húmedo	húmedas
húngaro	húngaros
húngaro	húngara
húngaro	húngaras
iatrogénico	iatrogénicos
iatrogénico	iatrogénica
iatrogénico	iatrogénicas
iberoamericano	iberoamericanos
iberoamericano	iberoamericana
iberoamericano	iberoamericanas
ibicenco	ibicencos
ibicenco	ibicenca
ibicenco	ibicencas
ibicense	ibicenses
ibiecano	ibiecanos
ibiecano	ibiecana
ibiecano	ibiecanas
ibérico	ibéricos
ibérico	ibérica
ibérico	ibéricas
icnográfico	icnográficos
icnográfico	icnográfica
icnográfico	icnográficas
iconoclasta	iconoclastas
iconográfico	iconográficos
iconográfico	iconográfica
iconográfico	iconográficas
ictiológico	ictiológicos
ictiológico	ictiológica
ictiológico	ictiológicas
ictiófago	ictiófagos
ictiófago	ictiófaga
ictiófago	ictiófagas
ictérico	ictéricos
ictérico	ictérica
ictérico	ictéricas
icónico	icónicos
icónico	icónica
icónico	icónicas
ideal	ideales
idealista	idealistas
idealizador	idealizadores
idealizador	idealizadora
idealizador	idealizadoras
idempotente	idempotentes
identificador	identificadores
identificador	identificadora
identificador	identificadoras
identitario	identitarios
identitario	identitaria
identitario	identitarias
identitarista	identitaristas
ideo	ideos
ideo	idea
ideo	ideas
ideográfico	ideográficos
ideográfico	ideográfica
ideográfico	ideográficas
ideoléxico	ideoléxicos
ideoléxico	ideoléxica
ideoléxico	ideoléxicas
ideológico	ideológicos
ideológico	ideológica
ideológico	ideológicas
ideoso	ideosos
ideoso	ideosa
ideoso	ideosas
ideático	ideáticos
ideático	ideática
ideático	ideáticas
idiomático	idiomáticos
idiomático	idiomática
idiomático	idiomáticas
idiopático	idiopáticos
idiopático	idiopática
idiopático	idiopáticas
idiota	idiotas
idishe	
idiófono	idiófonos
idiófono	idiófona
idiófono	idiófonas
ido	idos
ido	ida
ido	idas
idolátrico	idolátricos
idolátrico	idolátrica
idolátrico	idolátricas
idéntico	idénticos
idéntico	idéntica
idéntico	idénticas
idílico	idílicos
idílico	idílica
idílico	idílicas
idólatra	idólatras
idóneo	idóneos
idóneo	idónea
idóneo	idóneas
ignaro	
ignicida	ignicidas
ignominioso	ignominiosos
ignominioso	ignominiosa
ignominioso	ignominiosas
ignorante	ignorantes
ignoto	ignotos
ignoto	ignota
ignoto	ignotas
ignífero	igníferos
ignífero	ignífera
ignífero	igníferas
ignífugo	ignífugos
ignífugo	ignífuga
ignífugo	ignífugas
igual	iguales
igualadino	igualadinos
igualadino	igualadina
igualadino	igualadinas
igualado	igualados
igualado	igualada
igualado	igualadas
igualador	igualadores
igualador	igualadora
igualador	igualadoras
igualante	
igualatorio	igualatorios
igualatorio	igualatoria
igualatorio	igualatorias
igualitario	igualitarios
igualitario	igualitaria
igualitario	igualitarias
igualitico	igualiticos
igualitico	igualitica
igualitico	igualiticas
igualito	igualitos
igualito	igualita
igualito	igualitas
igualteco	igualtecos
igualteco	igualteca
igualteco	igualtecas
igualón	igualones
igualón	igualona
igualón	igualonas
iguazuense	iguazuenses
iguánido	iguánidos
iguánido	iguánida
iguánido	iguánidas
ilacerable	ilacerables
ilacerado	ilacerados
ilacerado	ilacerada
ilacerado	ilaceradas
ilativo	ilativos
ilativo	ilativa
ilativo	ilativas
ilegal	ilegales
ilegalísimo	ilegalísimos
ilegalísimo	ilegalísima
ilegalísimo	ilegalísimas
ilegible	ilegibles
ilegítimo	
ilercavón	ilercavones
ilercavón	ilercavona
ilercavón	ilercavonas
ilerdense	ilerdenses
ileso	ilesos
ileso	ilesa
ileso	ilesas
iletrado	iletrados
iletrado	iletrada
iletrado	iletradas
iliberal	iliberales
iliberitano	iliberitanos
iliberitano	iliberitana
iliberitano	iliberitanas
ilicitano	ilicitanos
ilicitano	ilicitana
ilicitano	ilicitanas
iliense	ilienses
ilimitado	ilimitados
ilimitado	ilimitada
ilimitado	ilimitadas
ilirio	ilirios
ilirio	iliria
ilirio	ilirias
iliturgitano	iliturgitanos
iliturgitano	iliturgitana
iliturgitano	iliturgitanas
illuminati	illuminatis
illícola	
ilocano	ilocanos
ilocano	ilocana
ilocano	ilocanas
iluminado	iluminados
iluminado	iluminada
iluminado	iluminadas
iluminador	iluminadores
iluminador	iluminadora
iluminador	iluminadoras
iluminativo	iluminativos
iluminativo	iluminativa
iluminativo	iluminativas
ilusionista	ilusionistas
iluso	ilusos
iluso	ilusa
iluso	ilusas
ilusorio	ilusorios
ilusorio	ilusoria
ilusorio	ilusorias
ilustrador	ilustradores
ilustrador	ilustradora
ilustrador	ilustradoras
ilustrante	
ilustrativo	ilustrativos
ilustrativo	ilustrativa
ilustrativo	ilustrativas
ilustre	ilustres
ilíaco	ilíacos
ilíaco	ilíaca
ilíaco	ilíacas
ilícito	ilícitos
ilícito	ilícita
ilícito	ilícitas
ilógico	ilógicos
ilógico	ilógica
ilógico	ilógicas
imaginacionista	imaginacionistas
imaginador	imaginadores
imaginador	imaginadora
imaginador	imaginadoras
imaginante	
imaginario	imaginarios
imaginario	imaginaria
imaginario	imaginarias
imaginativo	imaginativos
imaginativo	imaginativa
imaginativo	imaginativas
imanador	imanadores
imanador	imanadora
imanador	imanadoras
imbabureño	imbabureños
imbabureño	imbabureña
imbabureño	imbabureñas
imbatible	imbatibles
imbele	imbeles
imberbe	imberbes
imbrífero	imbríferos
imbrífero	imbrífera
imbrífero	imbríferas
imbécil	imbéciles
imitable	imitables
imitador	imitadores
imitador	imitadora
imitador	imitadoras
impaciente	impacientes
impactante	impactantes
impagable	impagables
impajaritable	impajaritables
impalpable	impalpables
impar	
imparable	imparables
imparcial	imparciales
impasible	impasibles
impecable	impecables
impelente	impelentes
impenetrable	impenetrables
impenitente	impenitentes
impensabilísimo	impensabilísimos
impensabilísimo	impensabilísima
impensabilísimo	impensabilísimas
impensable	impensables
impensado	impensados
impensado	impensada
impensado	impensadas
imperante	imperantes
imperativo	imperativos
imperativo	imperativa
imperativo	imperativas
imperceptible	imperceptibles
imperdonable	imperdonables
imperecedero	imperecederos
imperecedero	imperecedera
imperecedero	imperecederas
imperfectivo	imperfectivos
imperfectivo	imperfectiva
imperfectivo	imperfectivas
imperfecto	imperfectos
imperfecto	imperfecta
imperfecto	imperfectas
imperial	imperiales
imperialista	imperialistas
imperioso	imperiosos
imperioso	imperiosa
imperioso	imperiosas
imperito	imperitos
imperito	imperita
imperito	imperitas
impermeabilizador	impermeabilizadores
impermeabilizador	impermeabilizadora
impermeabilizador	impermeabilizadoras
impermeabilizante	impermeabilizantes
impermeabilísimo	impermeabilísimos
impermeabilísimo	impermeabilísima
impermeabilísimo	impermeabilísimas
impermeable	impermeables
impersonal	impersonales
impertinente	impertinentes
imperturbable	imperturbables
impertérrito	impertérritos
impertérrito	impertérrita
impertérrito	impertérritas
impetuoso	impetuosos
impetuoso	impetuosa
impetuoso	impetuosas
implacable	implacables
implantador	implantadores
implantador	implantadora
implantador	implantadoras
implosivo	implosivos
implosivo	implosiva
implosivo	implosivas
implícito	implícitos
implícito	implícita
implícito	implícitas
impoluto	impolutos
impoluto	impoluta
impoluto	impolutas
imponderable	imponderables
imponente	imponentes
imponible	imponibles
impopular	impopulares
importador	importadores
importador	importadora
importador	importadoras
importante	importantes
importuna	importunas
importuno	importunos
importuno	importuna
importuno	importunas
importuno	importunísimo
importunísimo	importunísimos
importunísimo	importunísima
importunísimo	importunísimas
imposibilitado	imposibilitados
imposibilitado	imposibilitada
imposibilitado	imposibilitadas
imposibilísimo	imposibilísimos
imposibilísimo	imposibilísima
imposibilísimo	imposibilísimas
imposible	imposibles
impostor	impostores
impostor	impostora
impostor	impostoras
impotente	impotentes
impreciso	imprecisos
impreciso	imprecisa
impreciso	imprecisas
impregnable	impregnables
imprescindible	imprescindibles
imprescriptible	imprescriptibles
impresentable	impresentables
impresionable	impresionables
impresionante	impresionantes
impresionista	impresionistas
impresor	impresores
impresor	impresora
impresor	impresoras
imprestable	imprestables
imprevisible	imprevisibles
imprevisor	imprevisores
imprevisor	imprevisora
imprevisor	imprevisoras
imprevisto	imprevistos
imprevisto	imprevista
imprevisto	imprevistas
imprimador	imprimadores
imprimador	imprimadora
imprimador	imprimadoras
imprimidor	imprimidores
imprimidor	imprimidora
imprimidor	imprimidoras
improbable	improbables
improcedente	improcedentes
improductivo	improductivos
improductivo	improductiva
improductivo	improductivas
improfanable	improfanables
improlongable	improlongables
impronunciable	impronunciables
impropio	impropios
impropio	impropia
impropio	impropias
improporcionado	improporcionados
improporcionado	improporcionada
improporcionado	improporcionadas
improprio	improprios
improprio	impropria
improprio	improprias
improrrogable	improrrogables
improsulto	improsultos
improsulto	improsulta
improsulto	improsultas
improvisador	improvisadores
improvisador	improvisadora
improvisador	improvisadoras
improvisto	improvistos
improvisto	improvista
improvisto	improvistas
imprudente	imprudentes
impróspero	imprósperos
impróspero	impróspera
impróspero	imprósperas
impróvido	impróvidos
impróvido	impróvida
impróvido	impróvidas
impublicable	impublicables
impudente	impudentes
impuesto	impuestos
impuesto	impuesta
impuesto	impuestas
impugnable	impugnables
impugnador	impugnadores
impugnador	impugnadora
impugnador	impugnadoras
impugnativo	impugnativos
impugnativo	impugnativa
impugnativo	impugnativas
impulsivo	impulsivos
impulsivo	impulsiva
impulsivo	impulsivas
impulsor	impulsores
impulsor	impulsora
impulsor	impulsoras
impune	impunes
impunido	impunidos
impunido	impunida
impunido	impunidas
impuntual	impuntuales
impuro	impuros
impuro	impura
impuro	impuras
imputable	imputables
imputador	imputadores
imputador	imputadora
imputador	imputadoras
imputrescible	imputrescibles
imputrible	imputribles
impávido	
impío	impíos
impío	impía
impío	impías
impíreo	impíreos
impíreo	impírea
impíreo	impíreas
impúber	impúberes
impúdico	impúdicos
impúdico	impúdica
impúdico	impúdicas
inabarcable	inabarcables
inabordable	inabordables
inacabable	inacabables
inacabado	inacabados
inacabado	inacabada
inacabado	inacabadas
inaccesible	inaccesibles
inacceso	inaccesos
inacceso	inaccesa
inacceso	inaccesas
inacentuado	inacentuados
inacentuado	inacentuada
inacentuado	inacentuadas
inaceptable	inaceptables
inactivo	inactivos
inactivo	inactiva
inactivo	inactivas
inadaptable	inadaptables
inadaptado	inadaptados
inadaptado	inadaptada
inadaptado	inadaptadas
inadecuado	inadecuados
inadecuado	inadecuada
inadecuado	inadecuadas
inadmisible	inadmisibles
inadmitible	inadmitibles
inadoptable	inadoptables
inadvertido	inadvertidos
inadvertido	inadvertida
inadvertido	inadvertidas
inafectado	inafectados
inafectado	inafectada
inafectado	inafectadas
inagotable	inagotables
inaguantable	inaguantables
inal	inales
inalcanzable	inalcanzables
inalienabilísimo	inalienabilísimos
inalienabilísimo	inalienabilísima
inalienabilísimo	inalienabilísimas
inalienable	inalienables
inalterable	inalterables
inalterado	inalterados
inalterado	inalterada
inalterado	inalteradas
inalámbrico	inalámbricos
inalámbrico	inalámbrica
inalámbrico	inalámbricas
inameno	inamenos
inameno	inamena
inameno	inamenas
inamible	inamibles
inamnistiable	inamnistiables
inamovible	inamovibles
inanalizable	inanalizables
inane	inanes
inanimado	inanimados
inanimado	inanimada
inanimado	inanimadas
inapagable	inapagables
inapeable	inapeables
inapelable	inapelables
inapetente	inapetentes
inaplazable	inaplazables
inaplicable	inaplicables
inaplicado	inaplicados
inaplicado	inaplicada
inaplicado	inaplicadas
inapreciable	inapreciables
inaprensible	inaprensibles
inaprensivo	inaprensivos
inaprensivo	inaprensiva
inaprensivo	inaprensivas
inapropiable	inapropiables
inapropiado	
inaprovechado	inaprovechados
inaprovechado	inaprovechada
inaprovechado	inaprovechadas
inarmónico	inarmónicos
inarmónico	inarmónica
inarmónico	inarmónicas
inarrugable	inarrugables
inarticulable	inarticulables
inarticulado	inarticulados
inarticulado	inarticulada
inarticulado	inarticuladas
inartificioso	inartificiosos
inartificioso	inartificiosa
inartificioso	inartificiosas
inasequible	inasequibles
inasible	
inasistente	inasistentes
inastillable	inastillables
inatacable	inatacables
inatento	inatentos
inatento	inatenta
inatento	inatentas
inaudible	inaudibles
inaudito	
inaugurador	inauguradores
inaugurador	inauguradora
inaugurador	inauguradoras
inaugural	inaugurales
inautorizado	inautorizados
inautorizado	inautorizada
inautorizado	inautorizadas
inauténtico	inauténticos
inauténtico	inauténtica
inauténtico	inauténticas
inaveriguable	inaveriguables
inaveriguado	inaveriguados
inaveriguado	inaveriguada
inaveriguado	inaveriguadas
inca	incas
incachable	incachables
incaico	incaicos
incaico	incaica
incaico	incaicas
incalculable	incalculables
incalificable	incalificables
incalmable	incalmables
incalumniable	incalumniables
incandescente	incandescentes
incansable	incansables
incantable	incantables
incapaz	incapaces
incasable	incasables
incasto	incastos
incasto	incasta
incasto	incastas
incauto	incautos
incauto	incauta
incauto	incautas
incendiario	incendiarios
incendiario	incendiaria
incendiario	incendiarias
incendioso	incendiosos
incendioso	incendiosa
incendioso	incendiosas
incensivo	incensivos
incensivo	incensiva
incensivo	incensivas
incensor	
incensurable	incensurables
incentivo	incentivos
incertísimo	incertísimos
incertísimo	incertísima
incertísimo	incertísimas
incesable	incesables
incesante	incesantes
incestuoso	incestuosos
incestuoso	incestuosa
incestuoso	incestuosas
incidental	incidentales
incidente	incidentes
inciente	incientes
incierto	inciertos
incierto	incierta
incierto	inciertas
incinerable	incinerables
incinerador	incineradores
incinerador	incineradora
incinerador	incineradoras
incipiente	incipientes
incircunciso	incircuncisos
incircunciso	incircuncisa
incircunciso	incircuncisas
incircunscripto	incircunscriptos
incircunscripto	incircunscripta
incircunscripto	incircunscriptas
incircunscrito	incircunscritos
incircunscrito	incircunscrita
incircunscrito	incircunscritas
incisivo	incisivos
incisivo	incisiva
incisivo	incisivas
inciso	incisos
inciso	incisa
inciso	incisas
incisorio	incisorios
incisorio	incisoria
incisorio	incisorias
incitador	incitadores
incitador	incitadora
incitador	incitadoras
incitante	incitantes
incitativo	incitativos
incitativo	incitativa
incitativo	incitativas
incivil	inciviles
incivilidad	incivilidades
incivilizado	incivilizados
incivilizado	incivilizada
incivilizado	incivilizadas
inclasificable	inclasificables
inclaudicable	inclaudicables
inclemente	inclementes
inclinador	inclinadores
inclinante	
inclinativo	inclinativos
inclinativo	inclinativa
inclinativo	inclinativas
inclusa	inclusas
inclusero	incluseros
inclusero	inclusera
inclusero	incluseras
inclusivo	inclusivos
inclusivo	inclusiva
inclusivo	inclusivas
incluso	inclusos
incluso	inclusa
incluso	inclusas
incluyente	incluyentes
incoativo	incoativos
incoativo	incoativa
incoativo	incoativas
incobrable	incobrables
incoercible	incoercibles
incogible	incogibles
incogitado	incogitados
incogitado	incogitada
incogitado	incogitadas
incognoscible	incognoscibles
incoherente	incoherentes
incoloro	incoloros
incoloro	incolora
incoloro	incoloras
incombinable	incombinables
incombustible	incombustibles
incombusto	incombustos
incombusto	incombusta
incombusto	incombustas
incomerciable	incomerciables
incomestible	incomestibles
incomible	incomibles
incomodador	incomodadores
incomodador	incomodadora
incomodador	incomodadoras
incomparable	incomparables
incomparado	incomparados
incomparado	incomparada
incomparado	incomparadas
incompartible	incompartibles
incompasible	incompasibles
incompasivo	incompasivos
incompasivo	incompasiva
incompasivo	incompasivas
incompatible	incompatibles
incompensable	incompensables
incompetente	incompetentes
incomplejo	incomplejos
incomplejo	incompleja
incomplejo	incomplejas
incompleto	
incomplexo	incomplexos
incomplexo	incomplexa
incomplexo	incomplexas
incomponible	incomponibles
incomportable	incomportables
incomposibilidad	incomposibilidades
incomposible	incomposibles
incomposición	incomposiciones
incomposición	incomposiciona
incomposición	incomposicionas
incomprable	incomprables
incomprehensible	incomprehensibles
incomprendido	incomprendidos
incomprendido	incomprendida
incomprendido	incomprendidas
incomprensible	incomprensibles
incomprensivo	incomprensivos
incomprensivo	incomprensiva
incomprensivo	incomprensivas
incompresible	incompresibles
incomprobable	incomprobables
incompuesto	incompuestos
incompuesto	incompuesta
incompuesto	incompuestas
incomunicable	incomunicables
inconcebible	inconcebibles
inconceptualizable	inconceptualizables
inconciliable	inconciliables
inconcino	inconcinos
inconcino	inconcina
inconcino	inconcinas
inconcluso	inconclusos
inconcluso	inconclusa
inconcluso	inconclusas
inconcreto	inconcretos
inconcreto	inconcreta
inconcreto	inconcretas
inconcuso	inconcusos
inconcuso	inconcusa
inconcuso	inconcusas
incondicionado	incondicionados
incondicionado	incondicionada
incondicionado	incondicionadas
incondicional	incondicionales
inconducente	inconducentes
inconexo	inconexos
inconexo	inconexa
inconexo	inconexas
inconfesable	inconfesables
inconfeso	inconfesos
inconfeso	inconfesa
inconfeso	inconfesas
inconforme	
inconfundible	inconfundibles
incongruente	incongruentes
incongruo	incongruos
incongruo	incongrua
incongruo	incongruas
inconmensurable	inconmensurables
inconmovible	inconmovibles
inconmutable	inconmutables
inconquistable	inconquistables
inconsciente	inconscientes
inconsecuente	inconsecuentes
inconsiderado	inconsiderados
inconsiderado	inconsiderada
inconsiderado	inconsideradas
inconsiguiente	inconsiguientes
inconsistente	inconsistentes
inconsolable	inconsolables
inconstante	inconstantes
inconstitucional	inconstitucionales
inconstruible	inconstruibles
inconsulto	inconsultos
inconsulto	inconsulta
inconsulto	inconsultas
inconsútil	inconsútiles
incontable	incontables
incontaminado	incontaminados
incontaminado	incontaminada
incontaminado	incontaminadas
incontenible	incontenibles
incontestable	incontestables
incontinente	incontinentes
incontinuo	incontinuos
incontinuo	incontinua
incontinuo	incontinuas
incontrarrestable	incontrarrestables
incontrastable	incontrastables
incontratable	incontratables
incontrito	incontritos
incontrito	incontrita
incontrito	incontritas
incontrolable	incontrolables
incontrolado	incontrolados
incontrolado	incontrolada
incontrolado	incontroladas
incontrovertible	incontrovertibles
inconvencible	inconvencibles
inconvenible	inconvenibles
inconveniente	inconvenientes
inconversable	inconversables
inconvertible	inconvertibles
incorporal	incorporales
incorpóreo	incorpóreos
incorpóreo	incorpórea
incorpóreo	incorpóreas
incorrecto	incorrectos
incorrecto	incorrecta
incorrecto	incorrectas
incorregible	incorregibles
incorrelacionado	incorrelacionados
incorrelacionado	incorrelacionada
incorrelacionado	incorrelacionadas
incorruptible	incorruptibles
incorrupto	incorruptos
incorrupto	incorrupta
incorrupto	incorruptas
incrasante	incrasantes
increado	increados
increado	increada
increado	increadas
increpador	increpadores
increpador	increpadora
increpador	increpadoras
increíble	increíbles
incristalizable	incristalizables
incriticable	incriticables
incruento	incruentos
incruento	incruenta
incruento	incruentas
incrustante	incrustantes
incrédulo	incrédulos
incrédulo	incrédula
incrédulo	incrédulas
incuestionable	incuestionables
inculcador	inculcadores
inculcador	inculcadora
inculcador	inculcadoras
inculpable	inculpables
inculpado	inculpados
inculpado	inculpada
inculpado	inculpadas
incultivable	incultivables
incultivado	incultivados
incultivado	incultivada
incultivado	incultivadas
inculto	incultos
inculto	inculta
inculto	incultas
incultísimo	incultísimos
incultísimo	incultísima
incultísimo	incultísimas
incumplidor	
incunable	incunables
incurable	incurables
incurso	incursos
incurso	incursa
incurso	incursas
incásico	incásicos
incásico	incásica
incásico	incásicas
incógnito	incógnitos
incógnito	incógnita
incógnito	incógnitas
incólume	incólumes
incómodo	incómodos
incómodo	incómoda
incómodo	incómodas
indagador	indagadores
indagador	indagadora
indagador	indagadoras
indagatorio	indagatorios
indagatorio	indagatoria
indagatorio	indagatorias
indebido	indebidos
indebido	indebida
indebido	indebidas
indecente	indecentes
indecible	indecibles
indecidible	indecidibles
indeciso	indecisos
indeciso	indecisa
indeciso	indecisas
indeclinable	indeclinables
indecoro	indecoros
indecoro	indecora
indecoro	indecoras
indecoroso	indecorosos
indecoroso	indecorosa
indecoroso	indecorosas
indefectible	indefectibles
indefenso	indefensos
indefenso	indefensa
indefenso	indefensas
indefinido	indefinidos
indefinido	indefinida
indefinido	indefinidas
indefinito	indefinitos
indefinito	indefinita
indefinito	indefinitas
indehiscente	indehiscentes
indeleble	indelebles
indelegable	indelegables
indemne	indemnes
independentista	independentistas
independiente	independientes
indescriptible	indescriptibles
indeseable	indeseables
indeseado	indeseados
indeseado	indeseada
indeseado	indeseadas
indeterminado	indeterminados
indeterminado	indeterminada
indeterminado	indeterminadas
indevoto	indevotos
indevoto	indevota
indevoto	indevotas
indiano	indianos
indiano	indiana
indiano	indianas
indicador	indicadores
indicador	indicadora
indicador	indicadoras
indicante	indicantes
indicativo	indicativos
indicativo	indicativa
indicativo	indicativas
indiciado	indiciados
indiciado	indiciada
indiciado	indiciadas
indiciador	indiciadores
indiciador	indiciadora
indiciador	indiciadoras
indiferente	indiferentes
indigenista	indigenistas
indigente	indigentes
indigerible	indigeribles
indigesto	indigestos
indigesto	indigesta
indigesto	indigestas
indignado	indignados
indignado	indignada
indignado	indignadas
indignado	indignadísimo
indignadísimo	indignadísimos
indignadísimo	indignadísima
indignadísimo	indignadísimas
indignante	indignantes
indigno	indignos
indigno	indigna
indigno	indignas
indio	indios
indio	india
indio	indias
indirecto	indirectos
indirecto	indirecta
indirecto	indirectas
indisciplinado	indisciplinados
indisciplinado	indisciplinada
indisciplinado	indisciplinadas
indiscreto	indiscretos
indiscreto	indiscreta
indiscreto	indiscretas
indiscriminado	indiscriminados
indiscriminado	indiscriminada
indiscriminado	indiscriminadas
indisculpable	indisculpables
indiscutible	indiscutibles
indisimulable	indisimulables
indisoluble	indisolubles
indispensable	indispensables
indisponible	indisponibles
indispuesto	indispuestos
indispuesto	indispuesta
indispuesto	indispuestas
indisputable	indisputables
indistinto	indistintos
indistinto	indistinta
indistinto	indistintas
indisuadible	indisuadibles
individual	individuales
individualista	individualistas
indiviso	indivisos
indiviso	indivisa
indiviso	indivisas
indoamericano	indoamericanos
indoamericano	indoamericana
indoamericano	indoamericanas
indocto	indoctos
indocto	indocta
indocto	indoctas
indocumentado	indocumentados
indocumentado	indocumentada
indocumentado	indocumentadas
indoeuropeo	indoeuropeos
indoeuropeo	indoeuropea
indoeuropeo	indoeuropeas
indolente	indolentes
indoloro	indoloros
indoloro	indolora
indoloro	indoloras
indomable	indomables
indomeñable	indomeñables
indoméstico	indomésticos
indoméstico	indoméstica
indoméstico	indomésticas
indonesio	indonesios
indonesio	indonesia
indonesio	indonesias
indubitable	indubitables
inducidor	inducidores
inducidor	inducidora
inducidor	inducidoras
inductivo	inductivos
inductivo	inductiva
inductivo	inductivas
inductor	inductores
inductor	inductora
inductor	inductoras
indudabilísimo	indudabilísimos
indudabilísimo	indudabilísima
indudabilísimo	indudabilísimas
indudable	indudables
indulgente	indulgentes
industrial	industriales
indígena	indígenas
indócil	indóciles
indómito	indómitos
indómito	indómita
indómito	indómitas
inecesario	inecesarios
inecesario	inecesaria
inecesario	inecesarias
ineducado	
inefable	inefables
ineluctable	ineluctables
ineludible	ineludibles
inenarrable	inenarrables
inentendible	inentendibles
inepto	ineptos
inepto	inepta
inepto	ineptas
inerme	inermes
inerte	inertes
inescindible	inescindibles
inescrupuloso	inescrupulosos
inescrupuloso	inescrupulosa
inescrupuloso	inescrupulosas
inescrutabilísimo	inescrutabilísimos
inescrutabilísimo	inescrutabilísima
inescrutabilísimo	inescrutabilísimas
inescrutable	inescrutables
inescudriñable	inescudriñables
inesencial	inesenciales
inesivo	inesivos
inesivo	inesiva
inesivo	inesivas
inesperado	inesperados
inesperado	inesperada
inesperado	inesperadas
inestabilísimo	inestabilísimos
inestabilísimo	inestabilísima
inestabilísimo	inestabilísimas
inestable	inestables
inevitable	inevitables
inexacto	inexactos
inexacto	inexacta
inexacto	inexactas
inexcusable	inexcusables
inexistente	inexistentes
inexorable	inexorables
inexperto	inexpertos
inexperto	inexperta
inexperto	inexpertas
inexplicabilísimo	inexplicabilísimos
inexplicabilísimo	inexplicabilísima
inexplicabilísimo	inexplicabilísimas
inexpresable	inexpresables
inexpresivo	inexpresivos
inexpresivo	inexpresiva
inexpresivo	inexpresivas
inexpugnable	inexpugnables
inextinguible	inextinguibles
inextricable	inextricables
infalible	infalibles
infaltable	infaltables
infame	infames
infantil	infantiles
infartante	infartantes
infatigable	infatigables
infausto	infaustos
infausto	infausta
infausto	infaustas
infeccioso	infecciosos
infeccioso	infecciosa
infeccioso	infecciosas
infecto	infectos
infecto	infecta
infecto	infectas
infecundo	infecundos
infecundo	infecunda
infecundo	infecundas
infeliz	infelices
inferior	inferiores
infernal	infernales
infidente	infidentes
infiel	infieles
infiel	infidelísimo
infijo	infijos
infijo	infija
infijo	infijas
infinitesimal	infinitesimales
infinito	infinitos
infinito	infinita
infinito	infinitas
inflacionario	inflacionarios
inflacionario	inflacionaria
inflacionario	inflacionarias
inflacionista	inflacionistas
inflamabilísimo	inflamabilísimos
inflamabilísimo	inflamabilísima
inflamabilísimo	inflamabilísimas
inflamable	inflamables
inflamador	inflamadores
inflamador	inflamadora
inflamador	inflamadoras
inflamante	inflamantes
inflamatorio	inflamatorios
inflamatorio	inflamatoria
inflamatorio	inflamatorias
inflexible	inflexibles
influyente	influyentes
infográfico	infográficos
infográfico	infográfica
infográfico	infográficas
informado	informados
informado	informada
informado	informadas
informador	informadores
informador	informadora
informador	informadoras
informal	informales
informante	informantes
informativo	informativos
informativo	informativa
informativo	informativas
informe	informes
informático	informáticos
informático	informática
informático	informáticas
infortunado	infortunados
infortunado	infortunada
infortunado	infortunadas
infortuno	infortunos
infortuno	infortuna
infortuno	infortunas
infradotado	infradotados
infradotado	infradotada
infradotado	infradotadas
infraglótico	infraglóticos
infraglótico	infraglótica
infraglótico	infraglóticas
infrahumano	infrahumanos
infrahumano	infrahumana
infrahumano	infrahumanas
inframaxilar	inframaxilares
infrangible	infrangibles
infranqueable	infranqueables
infratemporal	infratemporales
infrecuente	infrecuentes
infructuoso	infructuosos
infructuoso	infructuosa
infructuoso	infructuosas
infructífero	
infumable	infumables
infuncional	infuncionales
infundado	infundados
infundado	infundada
infundado	infundadas
infuso	
infértil	infértiles
ingenieril	ingenieriles
ingenioso	ingeniosos
ingenioso	ingeniosa
ingenioso	ingeniosas
ingenioso	ingeniosísimo
ingeniosísimo	ingeniosísimos
ingeniosísimo	ingeniosísima
ingeniosísimo	ingeniosísimas
ingente	ingentes
ingenuo	ingenuos
ingenuo	ingenua
ingenuo	ingenuas
ingenuo	ingenuísimo
ingenuísimo	ingenuísimos
ingenuísimo	ingenuísima
ingenuísimo	ingenuísimas
inglés	ingleses
inglés	inglesa
inglés	inglesas
ingrato	ingratos
ingrato	ingrata
ingrato	ingratas
ingrávido	ingrávidos
ingrávido	ingrávida
ingrávido	ingrávidas
ingénito	ingénitos
ingénito	ingénita
ingénito	ingénitas
inhabitable	inhabitables
inhabitado	inhabitados
inhabitado	inhabitada
inhabitado	inhabitadas
inhallable	inhallables
inherente	inherentes
inhibidor	inhibidores
inhibidor	inhibidora
inhibidor	inhibidoras
inhibitorio	inhibitorios
inhibitorio	inhibitoria
inhibitorio	inhibitorias
inhumano	inhumanos
inhumano	inhumana
inhumano	inhumanas
inhábil	inhábiles
inhóspito	inhóspitos
inhóspito	inhóspita
inhóspito	inhóspitas
iniciado	iniciados
iniciado	iniciada
iniciado	iniciadas
iniciador	iniciadores
iniciador	iniciadora
iniciador	iniciadoras
inicial	iniciales
iniciático	iniciáticos
iniciático	iniciática
iniciático	iniciáticas
inicuo	inicuos
inicuo	inicua
inicuo	inicuas
inigualable	inigualables
inigualado	inigualados
inigualado	inigualada
inigualado	inigualadas
inimaginable	inimaginables
inimitable	inimitables
inimputable	inimputables
ininflamable	ininflamables
ininfluenciable	ininfluenciables
ininteligente	ininteligentes
ininteligible	ininteligibles
inintencionado	inintencionados
inintencionado	inintencionada
inintencionado	inintencionadas
inintencional	inintencionales
ininterpretable	ininterpretables
ininterrumpido	ininterrumpidos
ininterrumpido	ininterrumpida
ininterrumpido	ininterrumpidas
injertador	injertadores
injertador	injertadora
injertador	injertadoras
injuriador	injuriadores
injuriador	injuriadora
injuriador	injuriadoras
injuriante	injuriantes
injurioso	injuriosos
injurioso	injuriosa
injurioso	injuriosas
injurioso	injuriosísimo
injuriosísimo	injuriosísimos
injuriosísimo	injuriosísima
injuriosísimo	injuriosísimas
injustificable	injustificables
injustificado	injustificados
injustificado	injustificada
injustificado	injustificadas
injusto	injustos
injusto	injusta
injusto	injustas
inllevable	inllevables
inmaculado	inmaculados
inmaculado	inmaculada
inmaculado	inmaculadas
inmaduro	
inmanejable	inmanejables
inmanente	inmanentes
inmarcesible	inmarcesibles
inmaterial	inmateriales
inmediato	inmediatos
inmediato	inmediata
inmediato	inmediatas
inmemorable	inmemorables
inmemorial	inmemoriales
inmencionable	inmencionables
inmenso	inmensos
inmenso	inmensa
inmenso	inmensas
inmerecido	inmerecidos
inmerecido	inmerecida
inmerecido	inmerecidas
inmeritorio	inmeritorios
inmeritorio	inmeritoria
inmeritorio	inmeritorias
inmerso	inmersos
inmerso	inmersa
inmerso	inmersas
inmigrante	inmigrantes
inminente	inminentes
inmiscible	inmiscibles
inmisericorde	inmisericordes
inmobiliario	inmobiliarios
inmobiliario	inmobiliaria
inmobiliario	inmobiliarias
inmodesto	inmodestos
inmodesto	inmodesta
inmodesto	inmodestas
inmolador	inmoladores
inmolador	inmoladora
inmolador	inmoladoras
inmoral	inmorales
inmortal	inmortales
inmovible	inmovibles
inmovilizador	inmovilizadores
inmovilizador	inmovilizadora
inmovilizador	inmovilizadoras
inmundo	inmundos
inmundo	inmunda
inmundo	inmundas
inmune	inmunes
inmunitario	inmunitarios
inmunitario	inmunitaria
inmunitario	inmunitarias
inmunizador	inmunizadores
inmunizador	inmunizadora
inmunizador	inmunizadoras
inmunodepresor	inmunodepresores
inmunodepresor	inmunodepresora
inmunodepresor	inmunodepresoras
inmunológico	inmunológicos
inmunológico	inmunológica
inmunológico	inmunológicas
inmunosupresor	inmunosupresores
inmunosupresor	inmunosupresora
inmunosupresor	inmunosupresoras
inmutabilísimo	inmutabilísimos
inmutabilísimo	inmutabilísima
inmutabilísimo	inmutabilísimas
inmutable	inmutables
inmutable	inmutabilísimo
inmódico	inmódicos
inmódico	inmódica
inmódico	inmódicas
inmóvil	inmóviles
innato	
innecesario	innecesarios
innecesario	innecesaria
innecesario	innecesarias
innegable	innegables
innobilísimo	innobilísimos
innobilísimo	innobilísima
innobilísimo	innobilísimas
innoble	innobles
innominable	innominables
innominado	innominados
innominado	innominada
innominado	innominadas
innovador	innovadores
innovador	innovadora
innovador	innovadoras
innumerable	innumerables
innúmero	innúmeros
innúmero	innúmera
innúmero	innúmeras
inobediente	inobedientes
inocente	inocentes
inocuo	inocuos
inocuo	inocua
inocuo	inocuas
inodoro	inodoros
inodoro	inodora
inodoro	inodoras
inofensivo	inofensivos
inofensivo	inofensiva
inofensivo	inofensivas
inoficioso	inoficiosos
inoficioso	inoficiosa
inoficioso	inoficiosas
inolvidable	inolvidables
inopinable	inopinables
inopinado	inopinados
inopinado	inopinada
inopinado	inopinadas
inoportuno	inoportunos
inoportuno	inoportuna
inoportuno	inoportunas
inoxidable	inoxidables
inquebrantable	inquebrantables
inquietante	inquietantes
inquieto	inquietos
inquieto	inquieta
inquieto	inquietas
inquilino	inquilinos
inquilino	inquilina
inquilino	inquilinas
inquiridor	inquiridores
inquiridor	inquiridora
inquiridor	inquiridoras
inquisidor	inquisidores
inquisidor	inquisidora
inquisidor	inquisidoras
insaciable	insaciables
insalubre	insalubres
insanable	insanables
insano	insanos
insano	insana
insano	insanas
insatisfecho	insatisfechos
insatisfecho	insatisfecha
insatisfecho	insatisfechas
insaturado	insaturados
insaturado	insaturada
insaturado	insaturadas
inscrutable	inscrutables
insecticida	insecticidas
insectívoro	insectívoros
insectívoro	insectívora
insectívoro	insectívoras
inseguro	inseguros
inseguro	insegura
inseguro	inseguras
insensato	insensatos
insensato	insensata
insensato	insensatas
insensible	insensibles
inseparable	inseparables
insepulto	insepultos
insepulto	insepulta
insepulto	insepultas
inserto	
inservible	inservibles
insidiador	insidiadores
insidiador	insidiadora
insidiador	insidiadoras
insidioso	insidiosos
insidioso	insidiosa
insidioso	insidiosas
insigne	insignes
insignes	
insignificante	insignificantes
insinuador	insinuadores
insinuador	insinuadora
insinuador	insinuadoras
insinuante	insinuantes
insinuativo	insinuativos
insinuativo	insinuativa
insinuativo	insinuativas
insipiente	insipientes
insistente	insistentes
insobornable	insobornables
insociable	insociables
insolente	insolentes
insoluble	
insolvente	insolventes
insomne	insomnes
insondable	insondables
insoportable	insoportables
insoslayable	insoslayables
inspeccionable	inspeccionables
inspector	inspectores
inspector	inspectora
inspector	inspectoras
inspiracional	inspiracionales
inspirador	inspiradores
inspirador	inspiradora
inspirador	inspiradoras
inspirativo	inspirativos
inspirativo	inspirativa
inspirativo	inspirativas
instable	instables
instantáneo	instantáneos
instantáneo	instantánea
instantáneo	instantáneas
instintivo	instintivos
instintivo	instintiva
instintivo	instintivas
institucional	institucionales
institucionalista	institucionalistas
instituidor	instituidores
instituidor	instituidora
instituidor	instituidoras
instructivo	instructivos
instructivo	instructiva
instructivo	instructivas
instrumental	instrumentales
insubstancial	insubstanciales
insuficiente	insuficientes
insufrible	insufribles
insular	
insulso	insulsos
insulso	insulsa
insulso	insulsas
insultador	insultadores
insultador	insultadora
insultador	insultadoras
insultante	insultantes
insurgente	insurgentes
insurrecto	insurrectos
insurrecto	insurrecta
insurrecto	insurrectas
insusceptible	insusceptibles
insustancial	insustanciales
insípido	insípidos
insípido	insípida
insípido	insípidas
insólito	insólitos
insólito	insólita
insólito	insólitas
intachable	intachables
intacto	intactos
intacto	intacta
intacto	intactas
intangible	intangibles
integrador	integradores
integrador	integradora
integrador	integradoras
integral	
integrante	integrantes
integrista	integristas
integérrimo	integérrimos
integérrimo	integérrima
integérrimo	integérrimas
intelectivo	intelectivos
intelectivo	intelectiva
intelectivo	intelectivas
intelectual	intelectuales
inteligente	inteligentes
inteligible	inteligibles
intemperante	intemperantes
intempestivo	intempestivos
intempestivo	intempestiva
intempestivo	intempestivas
intencionado	intencionados
intencionado	intencionada
intencionado	intencionadas
intencional	intencionales
intensional	intensionales
intensivo	intensivos
intensivo	intensiva
intensivo	intensivas
intenso	intensos
intenso	intensa
intenso	intensas
intensísimo	intensísimos
intensísimo	intensísima
intensísimo	intensísimas
intentable	intentables
intento	intentos
intento	intenta
intento	intentas
inter-republicano	inter-republicanos
inter-republicano	inter-republicana
inter-republicano	inter-republicanas
interacadémico	interacadémicos
interacadémico	interacadémica
interacadémico	interacadémicas
interamericano	interamericanos
interamericano	interamericana
interamericano	interamericanas
interanual	interanuales
interareal	interareales
intercadente	intercadentes
intercambiable	intercambiables
intercesor	intercesores
intercesor	intercesora
intercesor	intercesoras
intercontinental	intercontinentales
intercultural	interculturales
intercutáneo	intercutáneos
intercutáneo	intercutánea
intercutáneo	intercutáneas
interdependiente	interdependientes
interdigital	interdigitales
interesable	interesables
interesado	interesados
interesado	interesada
interesado	interesadas
interesal	interesales
interesante	interesantes
interesantísimo	interesantísimos
interesantísimo	interesantísima
interesantísimo	interesantísimas
interescapular	interescapulares
interfecto	interfectos
interfecto	interfecta
interfecto	interfectas
interferible	interferibles
interfijo	interfijos
interfijo	interfija
interfijo	interfijas
intergaláctico	intergalácticos
intergaláctico	intergaláctica
intergaláctico	intergalácticas
intergeneracional	intergeneracionales
interino	interinos
interino	interina
interino	interinas
interinstitucional	interinstitucionales
interior	
interjectivo	interjectivos
interjectivo	interjectiva
interjectivo	interjectivas
interjurisdiccional	interjurisdiccionales
intermaxilar	intermaxilares
intermediario	intermediarios
intermediario	intermediaria
intermediario	intermediarias
intermedio	intermedios
intermedio	intermedia
intermedio	intermedias
intermitente	intermitentes
internacional	internacionales
internacionalista	internacionalistas
interno	internos
interno	interna
interno	internas
interoceánico	interoceánicos
interoceánico	interoceánica
interoceánico	interoceánicas
interoperable	interoperables
interplataforma	interplataformas
interpretable	interpretables
interpretador	interpretadores
interpretador	interpretadora
interpretador	interpretadoras
interracial	interraciales
interreligioso	interreligiosos
interreligioso	interreligiosa
interreligioso	interreligiosas
interrepublicano	interrepublicanos
interrepublicano	interrepublicana
interrepublicano	interrepublicanas
interrogado	interrogados
interrogado	interrogada
interrogado	interrogadas
interrogador	interrogadores
interrogador	interrogadora
interrogador	interrogadoras
interrogante	interrogantes
interrogativo	interrogativos
interrogativo	interrogativa
interrogativo	interrogativas
interseccional	interseccionales
intersexual	intersexuales
intersticial	intersticiales
intertemporal	intertemporales
intervencionista	intervencionistas
intestado	intestados
intestado	intestada
intestado	intestadas
intestinal	intestinales
intestino	intestinos
intestino	intestina
intestino	intestinas
intimidador	intimidadores
intimidador	intimidadora
intimidador	intimidadoras
intimidante	intimidantes
intimidativo	intimidativos
intimidativo	intimidativa
intimidativo	intimidativas
intimidatorio	intimidatorios
intimidatorio	intimidatoria
intimidatorio	intimidatorias
intimista	intimistas
intocable	intocables
intocado	intocados
intocado	intocada
intocado	intocadas
intolerable	intolerables
intolerante	intolerantes
intonso	intonsos
intonso	intonsa
intonso	intonsas
intracelular	intracelulares
intracorpóreo	intracorpóreos
intracorpóreo	intracorpórea
intracorpóreo	intracorpóreas
intranquilizador	intranquilizadores
intranquilizador	intranquilizadora
intranquilizador	intranquilizadoras
intranquilo	intranquilos
intranquilo	intranquila
intranquilo	intranquilas
intransable	intransables
intransigente	intransigentes
intransitable	intransitables
intransitivo	intransitivos
intransitivo	intransitiva
intransitivo	intransitivas
intraocular	intraoculares
intrascendente	intrascendentes
intratable	intratables
intrauterino	intrauterinos
intrauterino	intrauterina
intrauterino	intrauterinas
intrigante	intrigantes
intrincado	intrincados
intrincado	intrincada
intrincado	intrincadas
introducido	introducidos
introducido	introducida
introducido	introducidas
introductorio	introductorios
introductorio	introductoria
introductorio	introductorias
intromisivo	intromisivos
intromisivo	intromisiva
intromisivo	intromisivas
introspectivo	introspectivos
introspectivo	introspectiva
introspectivo	introspectivas
introverso	introversos
introverso	introversa
introverso	introversas
introvertido	introvertidos
introvertido	introvertida
introvertido	introvertidas
introyectable	introyectables
introyectado	introyectados
introyectado	introyectada
introyectado	introyectadas
intruso	intrusos
intruso	intrusa
intruso	intrusas
intrépido	intrépidos
intrépido	intrépida
intrépido	intrépidas
intrínseco	intrínsecos
intrínseco	intrínseca
intrínseco	intrínsecas
intuitivo	intuitivos
intuitivo	intuitiva
intuitivo	intuitivas
intumescente	intumescentes
inuit	
inulto	inultos
inulto	inulta
inulto	inultas
inupiaq	
inusitado	inusitados
inusitado	inusitada
inusitado	inusitadas
inusual	
inutilizable	inutilizables
invariable	invariables
invariante	invariantes
invasor	invasores
invasor	invasora
invasor	invasoras
invencible	invencibles
inventador	inventadores
inventador	inventadora
inventador	inventadoras
inventivo	inventivos
inventivo	inventiva
inventivo	inventivas
inverecundo	inverecundos
inverecundo	inverecunda
inverecundo	inverecundas
inverisímil	inverisímiles
invernal	invernales
inverosímil	inverosímiles
inversible	inversibles
inverso	inversos
inverso	inversa
inverso	inversas
invertebrado	invertebrados
invertebrado	invertebrada
invertebrado	invertebradas
invertible	invertibles
invertido	invertidos
invertido	invertida
invertido	invertidas
investigador	investigadores
investigador	investigadora
investigador	investigadoras
inveterado	inveterados
inveterado	inveterada
inveterado	inveteradas
inviabilísimo	inviabilísimos
inviabilísimo	inviabilísima
inviabilísimo	inviabilísimas
inviable	
invicto	invictos
invicto	invicta
invicto	invictas
inviolable	inviolables
inviolado	inviolados
inviolado	inviolada
inviolado	invioladas
invisible	invisibles
invitable	invitables
invitado	invitados
invitado	invitada
invitado	invitadas
invitador	invitadores
invitador	invitadora
invitador	invitadoras
invitativo	invitativos
invitativo	invitativa
invitativo	invitativas
invitatorio	invitatorios
invitatorio	invitatoria
invitatorio	invitatorias
invito	invitos
invito	invita
invito	invitas
invivible	invivibles
invocable	invocables
invocador	invocadores
invocador	invocadora
invocador	invocadoras
invocatorio	invocatorios
invocatorio	invocatoria
invocatorio	invocatorias
involcable	involcables
involuntario	involuntarios
involuntario	involuntaria
involuntario	involuntarias
involutivo	involutivos
involutivo	involutiva
involutivo	involutivas
invulnerable	invulnerables
inválido	inválidos
inválido	inválida
inválido	inválidas
inédito	inéditos
inédito	inédita
inédito	inéditas
inútil	inútiles
ionizador	ionizadores
ionizador	ionizadora
ionizador	ionizadoras
ionizante	ionizantes
ipsilateral	ipsilaterales
iquiqueño	iquiqueños
iquiqueño	iquiqueña
iquiqueño	iquiqueñas
iracundo	iracundos
iracundo	iracunda
iracundo	iracundas
iraní	iranís
iraní	iraníes
iraquí	iraquís
iraquí	iraquíes
irascente	irascentes
irascible	irascibles
iridiscente	iridiscentes
irlandés	irlandeses
irlandés	irlandesa
irlandés	irlandesas
irracionable	irracionables
irracional	irracionales
irradiador	irradiadores
irradiador	irradiadora
irradiador	irradiadoras
irrazonable	irrazonables
irreal	irreales
irrebatible	irrebatibles
irreconocible	irreconocibles
irrecuperable	irrecuperables
irrecurrible	irrecurribles
irredargüible	irredargüibles
irredento	irredentos
irredento	irredenta
irredento	irredentas
irredimible	irredimibles
irreductible	irreductibles
irreemplazable	irreemplazables
irreflexivo	irreflexivos
irreflexivo	irreflexiva
irreflexivo	irreflexivas
irrefutable	irrefutables
irregular	irregulares
irrelacionado	irrelacionados
irrelacionado	irrelacionada
irrelacionado	irrelacionadas
irrelevante	irrelevantes
irremediable	irremediables
irremplazable	irremplazables
irreparable	irreparables
irrepetible	irrepetibles
irresistible	irresistibles
irresoluto	irresolutos
irresoluto	irresoluta
irresoluto	irresolutas
irrespetuoso	irrespetuosos
irrespetuoso	irrespetuosa
irrespetuoso	irrespetuosas
irresponsable	irresponsables
irrestricto	irrestrictos
irrestricto	irrestricta
irrestricto	irrestrictas
irresuelto	irresueltos
irresuelto	irresuelta
irresuelto	irresueltas
irretrasable	irretrasables
irreverente	irreverentes
irreversible	irreversibles
irrevertible	irrevertibles
irrigador	irrigadores
irrigador	irrigadora
irrigador	irrigadoras
irrisorio	irrisorios
irrisorio	irrisoria
irrisorio	irrisorias
irritabilísimo	irritabilísimos
irritabilísimo	irritabilísima
irritabilísimo	irritabilísimas
irritable	irritables
irritado	irritados
irritado	irritada
irritado	irritadas
irritador	irritadores
irritador	irritadora
irritador	irritadoras
irritadísimo	irritadísimos
irritadísimo	irritadísima
irritadísimo	irritadísimas
irritante	irritantes
irritativo	irritativos
irritativo	irritativa
irritativo	irritativas
irrompible	irrompibles
irónico	irónicos
irónico	irónica
irónico	irónicas
iscariote	iscariotes
isentrópico	isentrópicos
isentrópico	isentrópica
isentrópico	isentrópicas
islamista	islamistas
islamita	islamitas
islamo	islamos
islamo	islama
islamo	islamas
islandés	islandeses
islandés	islandesa
islandés	islandesas
isleño	isleños
isleño	isleña
isleño	isleñas
islámico	islámicos
islámico	islámica
islámico	islámicas
ismaelita	ismaelitas
isocrónico	isocrónicos
isocrónico	isocrónica
isocrónico	isocrónicas
isocórico	isocóricos
isocórico	isocórica
isocórico	isocóricas
isoentrópico	isoentrópicos
isoentrópico	isoentrópica
isoentrópico	isoentrópicas
isoestático	isoestáticos
isoestático	isoestática
isoestático	isoestáticas
isoperímetro	isoperímetros
isoperímetro	isoperímetra
isoperímetro	isoperímetras
isosónimo	isosónimos
isosónimo	isosónima
isosónimo	isosónimas
isotrópico	isotrópicos
isotrópico	isotrópica
isotrópico	isotrópicas
isotónico	isotónicos
isotónico	isotónica
isotónico	isotónicas
isquémico	isquémicos
isquémico	isquémica
isquémico	isquémicas
israelita	israelitas
israelí	israelís
israelí	israelíes
istriado	istriados
istriado	istriada
istriado	istriadas
isócrono	isócronos
isócrono	isócrona
isócrono	isócronas
isómero	
isósceles	
isótropo	isótropos
isótropo	isótropa
isótropo	isótropas
italiano	italianos
italiano	italiana
italiano	italianas
iterativo	iterativos
iterativo	iterativa
iterativo	iterativas
iteróparo	iteróparos
iteróparo	iterópara
iteróparo	iteróparas
itinerario	itinerarios
itinerario	itineraria
itinerario	itinerarias
itálico	itálicos
itálico	itálica
itálico	itálicas
iusnaturalista	iusnaturalistas
iuspositivista	iuspositivistas
izquierdista	izquierdistas
izquierdizante	izquierdizantes
izquierdo	izquierdos
izquierdo	izquierda
izquierdo	izquierdas
iónico	iónicos
iónico	iónica
iónico	iónicas
jabado	jabados
jabado	jabada
jabado	jabadas
jabegote	
jabonador	jabonadores
jabonador	jabonadora
jabonador	jabonadoras
jabonero	jaboneros
jabonero	jabonera
jabonero	jaboneras
jacarando	jacarandos
jacarando	jacaranda
jacarando	jacarandas
jacarandoso	jacarandosos
jacarandoso	jacarandosa
jacarandoso	jacarandosas
jacetano	jacetanos
jacetano	jacetana
jacetano	jacetanas
jacksoniano	jacksonianos
jacksoniano	jacksoniana
jacksoniano	jacksonianas
jacobino	jacobinos
jacobino	jacobina
jacobino	jacobinas
jactancioso	jactanciosos
jactancioso	jactanciosa
jactancioso	jactanciosas
jaculatorio	jaculatorios
jaculatorio	jaculatoria
jaculatorio	jaculatorias
jaenero	jaeneros
jaenero	jaenera
jaenero	jaeneras
jaeno	jaenos
jaeno	jaena
jaeno	jaenas
jaenés	jaeneses
jaenés	jaenesa
jaenés	jaenesas
jainista	jainistas
jalapeño	jalapeños
jalapeño	jalapeña
jalapeño	jalapeñas
jaleador	jaleadores
jaleador	jaleadora
jaleador	jaleadoras
jalisciense	jaliscienses
jamaicano	jamaicanos
jamaicano	jamaicana
jamaicano	jamaicanas
jamaiquino	jamaiquinos
jamaiquino	jamaiquina
jamaiquino	jamaiquinas
jangadero	jangaderos
jangadero	jangadera
jangadero	jangaderas
japonés	japoneses
japonés	japonesa
japonés	japonesas
jaraiceño	jaraiceños
jaraiceño	jaraiceña
jaraiceño	jaraiceñas
jarandillano	jarandillanos
jarandillano	jarandillana
jarandillano	jarandillanas
jaranero	jaraneros
jaranero	jaranera
jaranero	jaraneras
jarcio	jarcios
jarcio	jarcia
jarcio	jarcias
jarda	jardas
jardo	jardos
jardo	jarda
jardo	jardas
jaredí	
jarioso	jariosos
jarioso	jariosa
jarioso	jariosas
jarocho	jarochos
jarocho	jarocha
jarocho	jarochas
jaroso	jarosos
jaroso	jarosa
jaroso	jarosas
jarote	jarotes
jarote	jarota
jarote	jarotas
jarrero	jarreros
jarrero	jarrera
jarrero	jarreras
jarto	jartos
jarto	jarta
jarto	jartas
jaspeado	
jaujino	jaujinos
jaujino	jaujina
jaujino	jaujinas
javanés	javaneses
javanés	javanesa
javanés	javanesas
javo	javos
javo	java
javo	javas
jazzero	jazzeros
jazzero	jazzera
jazzero	jazzeras
jazzista	jazzistas
jazzistas	
jebuseo	jebuseos
jebuseo	jebusea
jebuseo	jebuseas
jelkide	jelkides
jemal	jemales
jemer	jemeres
jerezano	jerezanos
jerezano	jerezana
jerezano	jerezanas
jergal	jergales
jerifiano	jerifianos
jerifiano	jerifiana
jerifiano	jerifianas
jerosolamita	jerosolamitas
jerosolimitano	jerosolimitanos
jerosolimitano	jerosolimitana
jerosolimitano	jerosolimitanas
jerseyés	jerseyeses
jerseyés	jerseyesa
jerseyés	jerseyesas
jerárquico	jerárquicos
jerárquico	jerárquica
jerárquico	jerárquicas
jerónimo	jerónimos
jerónimo	jerónima
jerónimo	jerónimas
jesuita	jesuitas
jesuítico	jesuíticos
jesuítico	jesuítica
jesuítico	jesuíticas
jetudo	jetudos
jetudo	jetuda
jetudo	jetudas
jibiesco	
jicho	jichos
jicho	jicha
jicho	jichas
jienense	jienenses
jiennense	jiennenses
jijonense	jijonenses
jimador	jimadores
jimador	jimadora
jimador	jimadoras
jiniquilero	jiniquileros
jiniquilero	jiniquilera
jiniquilero	jiniquileras
jispián	
jocho	jochos
jocho	jocha
jocho	jochas
jocoserio	jocoserios
jocoserio	jocoseria
jocoserio	jocoserias
jocoso	jocosos
jocoso	jocosa
jocoso	jocosas
jocundo	jocundos
jocundo	jocunda
jocundo	jocundas
jodedor	jodedores
jodedor	jodedora
jodedor	jodedoras
jodidísimo	jodidísimos
jodidísimo	jodidísima
jodidísimo	jodidísimas
jodón	jodones
jodón	jodona
jodón	jodonas
jojoto	jojotos
jojoto	jojota
jojoto	jojotas
jomado	
jongo	
jonio	jonios
jonio	jonia
jonio	jonias
jordano	jordanos
jordano	jordana
jordano	jordanas
jorobado	jorobados
jorobado	jorobada
jorobado	jorobadas
jorobeta	jorobetas
joronche	joronches
joropero	joroperos
joropero	joropera
joropero	joroperas
jorra	jorras
jorro	jorros
jorro	jorra
jorro	jorras
josefino	josefinos
josefino	josefina
josefino	josefinas
joven	jóvenes
joven	menor
joven	jovencísimo
jovencísimo	jovencísimos
jovencísimo	jovencísima
jovencísimo	jovencísimas
jovial	joviales
joviano	jovianos
joviano	joviana
joviano	jovianas
joyante	joyantes
juancarlista	juancarlistas
juanetudo	juanetudos
juanetudo	juanetuda
juanetudo	juanetudas
jubilar	jubilares
jubilatorio	jubilatorios
jubilatorio	jubilatoria
jubilatorio	jubilatorias
jubiloso	jubilosos
jubiloso	jubilosa
jubiloso	jubilosas
juco	jucos
juco	juca
juco	jucas
judaico	judaicos
judaico	judaica
judaico	judaicas
judeocristiano	judeocristianos
judeocristiano	judeocristiana
judeocristiano	judeocristianas
judeoespañol	judeoespañoles
judeoespañol	judeoespañola
judeoespañol	judeoespañolas
judicial	judiciales
judío	judíos
judío	judía
judío	judías
juerguista	juerguistas
jugable	jugables
jugador	jugadores
jugador	jugadora
jugador	jugadoras
juglaresco	juglarescos
juglaresco	juglaresca
juglaresco	juglarescas
jugosa	
jugoso	jugosos
jugoso	jugosa
jugoso	jugosas
jugoso	jugosísimo
jugosísimo	jugosísimos
jugosísimo	jugosísima
jugosísimo	jugosísimas
juicioso	juiciosos
juicioso	juiciosa
juicioso	juiciosas
jujeño	jujeños
jujeño	jujeña
jujeño	jujeñas
julero	juleros
julero	julera
julero	juleras
juma	jumas
juncal	juncales
juncino	juncinos
juncino	juncina
juncino	juncinas
juninense	juninenses
juntador	juntadores
juntador	juntadora
juntador	juntadoras
juntapulgas	
junto	juntos
junto	junta
junto	juntas
jupiterino	jupiterinos
jupiterino	jupiterina
jupiterino	jupiterinas
jurador	juradores
jurador	juradora
jurador	juradoras
juramentador	juramentadores
juramentador	juramentadora
juramentador	juramentadoras
juratorio	juratorios
juratorio	juratoria
juratorio	juratorias
jurisdiccional	jurisdiccionales
jurásico	jurásicos
jurásico	jurásica
jurásico	jurásicas
jurídico	jurídicos
jurídico	jurídica
jurídico	jurídicas
justificante	justificantes
justiniano	justinianos
justiniano	justiniana
justiniano	justinianas
justo	justos
justo	justa
justo	justas
justo	justísimo
justísimo	justísimos
justísimo	justísima
justísimo	justísimas
juvenil	juveniles
jácaro	jácaros
jácaro	jácara
jácaro	jácaras
jíbaro	jíbaros
jíbaro	jíbara
jíbaro	jíbaras
jónico	jónicos
jónico	jónica
jónico	jónicas
júnior	júniores
k	
kaki	kakis
kamikaze	kamikazes
kantiano	kantianos
kantiano	kantiana
kantiano	kantianas
karachai	karachais
kawésqar	
kazajo	kazajos
kazajo	kazaja
kazajo	kazajas
kazako	kazakos
kazako	kazaka
kazako	kazakas
kaíncico	kaíncicos
kaíncico	kaíncica
kaíncico	kaíncicas
kelper	kelperes
kenchi	
keniano	kenianos
keniano	keniana
keniano	kenianas
keniata	keniatas
keremiense	
keynesiano	keynesianos
keynesiano	keynesiana
keynesiano	keynesianas
kieveño	kieveños
kieveño	kieveña
kieveño	kieveñas
kikapú	kikapús
kikapú	kikapúes
kiliwa	kiliwas
kinesiológico	kinesiológicos
kinesiológico	kinesiológica
kinesiológico	kinesiológicas
kinés	kineses
kinés	kinesa
kinés	kinesas
kirchnerista	kirchneristas
kircho	kirchos
kircho	kircha
kircho	kirchas
kirguís	kirguises
kirguís	kirguisa
kirguís	kirguisas
kiribatiano	kiribatianos
kiribatiano	kiribatiana
kiribatiano	kiribatianas
kiribatí	kiribatís
kiribatí	kiribatíes
kitsch	
kobmendense	kobmendenses
kofer	koferes
kol	koles
kosher	
kosovar	kosovares
krausista	krausistas
kuhniano	kuhnianos
kuhniano	kuhniana
kuhniano	kuhnianas
kuna	kunas
kurdo	kurdos
kurdo	kurda
kurdo	kurdas
kurepa	kurepas
kuwaití	kuwaitís
kuwaití	kuwaitíes
kárstico	kársticos
kárstico	kárstica
kárstico	kársticas
laberíntico	laberínticos
laberíntico	laberíntica
laberíntico	laberínticas
labiado	labiados
labiado	labiada
labiado	labiadas
labial	labiales
labiodental	labiodentales
labiovelar	labiovelares
laborable	laborables
laboral	laborales
laborioso	laboriosos
laborioso	laboriosa
laborioso	laboriosas
laborista	laboristas
laboroso	laborosos
laboroso	laborosa
laboroso	laborosas
labrado	labrados
labrado	labrada
labrado	labradas
labrador	labradores
labrador	labradora
labrador	labradoras
labrantío	labrantíos
labrantío	labrantía
labrantío	labrantías
labrero	labreros
labrero	labrera
labrero	labreras
lacandón	lacandones
lacandón	lacandona
lacandón	lacandonas
lacayo	lacayos
lacayo	lacaya
lacayo	lacayas
lacedemonio	lacedemonios
lacedemonio	lacedemonia
lacedemonio	lacedemonias
lacerado	lacerados
lacerado	lacerada
lacerado	laceradas
lacerante	lacerantes
lacho	lachos
lacho	lacha
lacho	lachas
lacio	lacios
lacio	lacia
lacio	lacias
lacrimoso	lacrimosos
lacrimoso	lacrimosa
lacrimoso	lacrimosas
lactante	lactantes
lactífero	lactíferos
lactífero	lactífera
lactífero	lactíferas
lacustre	lacustres
lacón	lacones
lacón	lacona
lacón	laconas
lacónico	lacónicos
lacónico	lacónica
lacónico	lacónicas
ladino	ladinos
ladino	ladina
ladino	ladinas
ladrador	ladradores
ladrador	ladradora
ladrador	ladradoras
ladrilloso	ladrillosos
ladrilloso	ladrillosa
ladrilloso	ladrillosas
ladroncísimo	ladroncísimos
ladroncísimo	ladroncísima
ladroncísimo	ladroncísimas
ladrón	ladrones
ladrón	ladrona
ladrón	ladronas
ladrón	ladroncísimo
lagarteado	lagarteados
lagarteado	lagarteada
lagarteado	lagarteadas
lagartero	lagarteros
lagartero	lagartera
lagartero	lagarteras
lagartijero	lagartijeros
lagartijero	lagartijera
lagartijero	lagartijeras
lagañoso	lagañosos
lagañoso	lagañosa
lagañoso	lagañosas
lagrimal	lagrimales
lagrimoso	lagrimosos
lagrimoso	lagrimosa
lagrimoso	lagrimosas
lagrimón	lagrimones
lagrimón	lagrimona
lagrimón	lagrimonas
lagunero	laguneros
lagunero	lagunera
lagunero	laguneras
lagunoso	lagunosos
lagunoso	lagunosa
lagunoso	lagunosas
laicista	laicistas
laico	laicos
laico	laica
laico	laicas
lambayecano	lambayecanos
lambayecano	lambayecana
lambayecano	lambayecanas
lambiscón	lambiscones
lambiscón	lambiscona
lambiscón	lambisconas
lambistón	lambistones
lambistón	lambistona
lambistón	lambistonas
lambucio	lambucios
lambucio	lambucia
lambucio	lambucias
lambuzo	lambuzos
lambuzo	lambuza
lambuzo	lambuzas
lamebotas	
lamentable	lamentables
lamentador	lamentadores
lamentador	lamentadora
lamentador	lamentadoras
lamentoso	lamentosos
lamentoso	lamentosa
lamentoso	lamentosas
laminador	laminadores
laminador	laminadora
laminador	laminadoras
laminar	laminares
laminero	lamineros
laminero	laminera
laminero	lamineras
lampedusiano	lampedusianos
lampedusiano	lampedusiana
lampedusiano	lampedusianas
lampiño	lampiños
lampiño	lampiña
lampiño	lampiñas
lampírido	lampíridos
lampírido	lampírida
lampírido	lampíridas
lanar	lanares
lanceolado	lanceolados
lanceolado	lanceolada
lanceolado	lanceoladas
lancinante	lancinantes
langreano	langreanos
langreano	langreana
langreano	langreanas
languífico	languíficos
languífico	languífica
languífico	languíficas
lanoso	lanosos
lanoso	lanosa
lanoso	lanosas
lantadillense	lantadillenses
lantanoide	lantanoides
lantánido	lantánidos
lantánido	lantánida
lantánido	lantánidas
lanudo	lanudos
lanudo	lanuda
lanudo	lanudas
lanuginoso	lanuginosos
lanuginoso	lanuginosa
lanuginoso	lanuginosas
lanusense	lanusenses
lanzaroteño	lanzaroteños
lanzaroteño	lanzaroteña
lanzaroteño	lanzaroteñas
lanífero	laníferos
lanífero	lanífera
lanífero	laníferas
lao	
laosiano	laosianos
laosiano	laosiana
laosiano	laosianas
lapidario	lapidarios
lapidario	lapidaria
lapidario	lapidarias
lapidífico	lapidíficos
lapidífico	lapidífica
lapidífico	lapidíficas
laplaciano	laplacianos
laplaciano	laplaciana
laplaciano	laplacianas
lapídeo	lapídeos
lapídeo	lapídea
lapídeo	lapídeas
lapón	lapones
lapón	lapona
lapón	laponas
lardero	larderos
lardero	lardera
lardero	larderas
lardoso	lardosos
lardoso	lardosa
lardoso	lardosas
larense	larenses
largo	largos
largo	larga
largo	largas
largo	larguísimo
largo	longuísimo
larguísimo	larguísimos
larguísimo	larguísima
larguísimo	larguísimas
laricino	laricinos
laricino	laricina
laricino	laricinas
laringal	laringales
larvado	larvados
larvado	larvada
larvado	larvadas
lascivo	lascivos
lascivo	lasciva
lascivo	lascivas
lascivoso	lascivosos
lascivoso	lascivosa
lascivoso	lascivosas
lasdrado	lasdrados
lasdrado	lasdrada
lasdrado	lasdradas
lasherino	
lastimador	lastimadores
lastimador	lastimadora
lastimador	lastimadoras
lastimero	lastimeros
lastimero	lastimera
lastimero	lastimeras
lastimoso	lastimosos
lastimoso	lastimosa
lastimoso	lastimosas
lastimosísimo	lastimosísimos
lastimosísimo	lastimosísima
lastimosísimo	lastimosísimas
latente	latentes
lateral	laterales
laterino	laterinos
laterino	laterina
laterino	laterinas
laticífero	laticíferos
laticífero	laticífera
laticífero	laticíferas
latinizador	latinizadores
latinizador	latinizadora
latinizador	latinizadoras
latino	latinos
latino	latina
latino	latinas
latinoamericanista	latinoamericanistas
latinoamericano	latinoamericanos
latinoamericano	latinoamericana
latinoamericano	latinoamericanas
lato	latos
lato	lata
lato	latas
latoso	latosos
latoso	latosa
latoso	latosas
latréutico	latréuticos
latréutico	latréutica
latréutico	latréuticas
laudabilísimo	laudabilísimos
laudabilísimo	laudabilísima
laudabilísimo	laudabilísimas
laudable	laudables
laudatorio	laudatorios
laudatorio	laudatoria
laudatorio	laudatorias
laujareño	
laureado	laureados
laureado	laureada
laureado	laureadas
laurenciano	laurencianos
laurenciano	laurenciana
laurenciano	laurencianas
lauráceo	lauráceos
lauráceo	laurácea
lauráceo	lauráceas
lavable	lavables
lavacoches	
lavaculos	
lavado	lavados
lavado	lavada
lavado	lavadas
lavador	lavadores
lavador	lavadora
lavador	lavadoras
lavallino	
laxante	laxantes
laxitud	
laxo	laxos
laxo	laxa
laxo	laxas
leal	leales
lebulense	lebulenses
lechal	lechales
lechar	lechares
lechero	lecheros
lechero	lechera
lechero	lecheras
lechoso	lechosos
lechoso	lechosa
lechoso	lechosas
lechuzo	lechuzos
lechuzo	lechuza
lechuzo	lechuzas
lector	lectores
lector	lectora
lector	lectoras
legal	legales
legamoso	legamosos
legamoso	legamosa
legamoso	legamosas
legañoso	legañosos
legañoso	legañosa
legañoso	legañosas
legendario	legendarios
legendario	legendaria
legendario	legendarias
legible	legibles
legionario	legionarios
legionario	legionaria
legionario	legionarias
legionense	legionenses
legislador	legisladores
legislador	legisladora
legislador	legisladoras
legislativo	legislativos
legislativo	legislativa
legislativo	legislativas
legitimador	legitimadores
legitimador	legitimadora
legitimador	legitimadoras
lego	legos
lego	lega
lego	legas
leguleyo	leguleyos
leguleyo	leguleya
leguleyo	leguleyas
legítimo	legítimos
legítimo	legítima
legítimo	legítimas
lejano	lejanos
lejano	lejana
lejano	lejanas
lejano	lejanísimo
lejanísimo	lejanísimos
lejanísimo	lejanísima
lejanísimo	lejanísimas
lejas	
lejítimo	lejítimos
lejítimo	lejítima
lejítimo	lejítimas
lelo	lelos
lelo	lela
lelo	lelas
lendroso	lendrosos
lendroso	lendrosa
lendroso	lendrosas
lengualarga	lengualargas
lenguaraz	lenguaraces
lengüilargo	lengüilargos
lengüilargo	lengüilarga
lengüilargo	lengüilargas
lengüín	
leninista	leninistas
lenitivo	lenitivos
lenitivo	lenitiva
lenitivo	lenitivas
lenteja	
lento	lentos
lento	lenta
lento	lentas
lento	lentísimo
lentísimo	lentísimos
lentísimo	lentísima
lentísimo	lentísimas
leonado	leonados
leonado	leonada
leonado	leonadas
leonciopradino	leonciopradinos
leonciopradino	leonciopradina
leonciopradino	leonciopradinas
leonero	leoneros
leonero	leonera
leonero	leoneras
leonino	leoninos
leonino	leonina
leonino	leoninas
leonés	leoneses
leonés	leonesa
leonés	leonesas
leopardado	leopardados
leopardado	leopardada
leopardado	leopardadas
leopoliense	leopolienses
leopolitano	leopolitanos
leopolitano	leopolitana
leopolitano	leopolitanas
lepidóptero	lepidópteros
lepidóptero	lepidóptera
lepidóptero	lepidópteras
leporino	leporinos
leporino	leporina
leporino	leporinas
leproso	leprosos
leproso	leprosa
leproso	leprosas
leptosomático	
lerdo	lerdos
lerdo	lerda
lerdo	lerdas
lerdísimo	lerdísimos
lerdísimo	lerdísima
lerdísimo	lerdísimas
lerense	lerenses
leridano	leridanos
leridano	leridana
leridano	leridanas
lesionador	lesionadores
lesionador	lesionadora
lesionador	lesionadoras
lesivo	lesivos
lesivo	lesiva
lesivo	lesivas
leso	lesos
leso	lesa
leso	lesas
lesotense	lesotenses
lesothense	lesothenses
lestrigón	lestrigones
lestrigón	lestrigona
lestrigón	lestrigonas
letal	letales
leteo	leteos
leteo	letea
leteo	leteas
leticiano	leticianos
leticiano	leticiana
leticiano	leticianas
letrado	letrados
letrado	letrada
letrado	letradas
letárgico	letárgicos
letárgico	letárgica
letárgico	letárgicas
letífico	letíficos
letífico	letífica
letífico	letíficas
letón	letones
letón	letona
letón	letonas
leucofeo	leucofeos
leucofeo	leucofea
leucofeo	leucofeas
leucoflegmásico	leucoflegmásicos
leucoflegmásico	leucoflegmásica
leucoflegmásico	leucoflegmásicas
leucoflegmático	leucoflegmáticos
leucoflegmático	leucoflegmática
leucoflegmático	leucoflegmáticas
leucopogo	leucopogos
leucopogo	leucopoga
leucopogo	leucopogas
leucémico	leucémicos
leucémico	leucémica
leucémico	leucémicas
levadizo	levadizos
levadizo	levadiza
levadizo	levadizas
levantador	levantadores
levantador	levantadora
levantador	levantadoras
levantino	levantinos
levantino	levantina
levantino	levantinas
levantisco	levantiscos
levantisco	levantisca
levantisco	levantiscas
leve	leves
levítico	levíticos
levítico	levítica
levítico	levíticas
levógiro	
lexical	lexicales
lexicalizado	lexicalizados
lexicalizado	lexicalizada
lexicalizado	lexicalizadas
lexicográfico	lexicográficos
lexicográfico	lexicográfica
lexicográfico	lexicográficas
lexicológico	lexicológicos
lexicológico	lexicológica
lexicológico	lexicológicas
leíble	leíbles
leñoso	leñosos
leñoso	leñosa
leñoso	leñosas
liador	
libanés	libaneses
libanés	libanesa
libanés	libanesas
liberador	liberadores
liberador	liberadora
liberador	liberadoras
liberal	liberales
liberalizador	liberalizadores
liberalizador	liberalizadora
liberalizador	liberalizadoras
liberiano	liberianos
liberiano	liberiana
liberiano	liberianas
libertado	libertados
libertado	libertada
libertado	libertadas
libertador	libertadores
libertador	libertadora
libertador	libertadoras
libertarado	libertarados
libertarado	libertarada
libertarado	libertaradas
libertario	libertarios
libertario	libertaria
libertario	libertarias
liberticida	liberticidas
libertino	libertinos
libertino	libertina
libertino	libertinas
libidinoso	libidinosos
libidinoso	libidinosa
libidinoso	libidinosas
libio	libios
libio	libia
libio	libias
libra	
libre	libres
libre	libérrimo
librepensador	librepensadores
librepensador	librepensadora
librepensador	librepensadoras
libreril	libreriles
librero	libreros
librero	librera
librero	libreras
libresco	librescos
libresco	libresca
libresco	librescas
libérrimo	libérrimos
libérrimo	libérrima
libérrimo	libérrimas
liceano	liceanos
liceano	liceana
liceano	liceanas
licenciado	licenciados
licencioso	licenciosos
licencioso	licenciosa
licencioso	licenciosas
licio	licios
licio	licia
licio	licias
licitador	licitadores
licitador	licitadora
licitador	licitadoras
licitante	licitantes
licnobio	licnobios
licnobio	licnobia
licnobio	licnobias
licótico	licóticos
licótico	licótica
licótico	licóticas
liderando	liderandos
liderando	lideranda
liderando	liderandas
lidio	lidios
lidio	lidia
lidio	lidias
liechtensteiniano	liechtensteinianos
liechtensteiniano	liechtensteiniana
liechtensteiniano	liechtensteinianas
liego	liegos
liego	liega
liego	liegas
liento	lientos
liento	lienta
liento	lientas
liero	lieros
liero	liera
liero	lieras
ligamentoso	ligamentosos
ligamentoso	ligamentosa
ligamentoso	ligamentosas
ligero	ligeros
ligero	ligera
ligero	ligeras
ligero	ligerísimo
ligerísimo	ligerísimos
ligerísimo	ligerísima
ligerísimo	ligerísimas
light	
lignario	lignarios
lignario	lignaria
lignario	lignarias
liguero	ligueros
liguero	liguera
liguero	ligueras
ligur	ligures
lijador	lijadores
lijador	lijadora
lijador	lijadoras
liliputiense	liliputienses
liliáceo	liliáceos
liliáceo	liliácea
liliáceo	liliáceas
limburgués	limburgueses
limburgués	limburguesa
limburgués	limburguesas
limeño	limeños
limeño	limeña
limeño	limeñas
limitado	limitados
limitado	limitada
limitado	limitadas
limitadísimo	limitadísimos
limitadísimo	limitadísima
limitadísimo	limitadísimas
limitarista	limitaristas
limitativo	limitativos
limitativo	limitativa
limitativo	limitativas
limitáneo	limitáneos
limitáneo	limitánea
limitáneo	limitáneas
limonense	limonenses
limosnadero	limosnaderos
limosnadero	limosnadera
limosnadero	limosnaderas
limosnero	limosneros
limosnero	limosnera
limosnero	limosneras
limoso	limosos
limoso	limosa
limoso	limosas
limpiaculos	
limpiante	limpiantes
limpio	limpios
limpio	limpia
limpio	limpias
limpio	limpísimo
limpísimo	limpísimos
limpísimo	limpísima
limpísimo	limpísimas
limítrofe	limítrofes
linarense	linarenses
lindazo	lindazos
lindazo	lindaza
lindazo	lindazas
lindero	linderos
lindero	lindera
lindero	linderas
lindo	lindos
lindo	linda
lindo	lindas
lindo	lindísimo
lindísimo	lindísimos
lindísimo	lindísima
lindísimo	lindísimas
lineal	lineales
linear	lineares
linense	linenses
linfático	linfáticos
linfático	linfática
linfático	linfáticas
lingual	linguales
lingüístico	lingüísticos
lingüístico	lingüística
lingüístico	lingüísticas
linneano	linneanos
linneano	linneana
linneano	linneanas
linqueño	linqueños
linqueño	linqueña
linqueño	linqueñas
linudo	linudos
linudo	linuda
linudo	linudas
linuxero	linuxeros
linuxero	linuxera
linuxero	linuxeras
lináceo	lináceos
lináceo	linácea
lináceo	lináceas
liofilizador	liofilizadores
liofilizador	liofilizadora
liofilizador	liofilizadoras
lipodistrófico	lipodistróficos
lipodistrófico	lipodistrófica
lipodistrófico	lipodistróficas
lipofílico	lipofílicos
lipofílico	lipofílica
lipofílico	lipofílicas
lipídico	lipídicos
lipídico	lipídica
lipídico	lipídicas
liquidador	liquidadores
liquidador	liquidadora
liquidador	liquidadoras
lisboeta	lisboetas
lisbonense	lisbonenses
lisbonés	lisboneses
lisbonés	lisbonesa
lisbonés	lisbonesas
liso	lisos
liso	lisa
liso	lisas
lisonjeador	lisonjeadores
lisonjeador	lisonjeadora
lisonjeador	lisonjeadoras
lisonjero	lisonjeros
lisonjero	lisonjera
lisonjero	lisonjeras
listado	listados
listado	listada
listado	listadas
listador	listadores
listador	listadora
listador	listadoras
listeado	listeados
listeado	listeada
listeado	listeadas
listillo	listillos
listillo	listilla
listillo	listillas
listo	listos
listo	lista
listo	listas
listonado	listonados
listonado	listonada
listonado	listonadas
listísimo	listísimos
listísimo	listísima
listísimo	listísimas
listón	listones
listón	listona
listón	listonas
lisérgico	lisérgicos
lisérgico	lisérgica
lisérgico	lisérgicas
literal	
literario	literarios
literario	literaria
literario	literarias
litigante	litigantes
litigioso	litigiosos
litigioso	litigiosa
litigioso	litigiosas
litográfico	litográficos
litográfico	litográfica
litográfico	litográficas
litoide	litoides
litológico	litológicos
litológico	litológica
litológico	litológicas
litoral	litorales
lituano	lituanos
lituano	lituana
lituano	lituanas
liviano	livianos
liviano	liviana
liviano	livianas
llagostense	llagostenses
llamador	llamadores
llamador	llamadora
llamador	llamadoras
llamante	llamantes
llamativo	llamativos
llamativo	llamativa
llamativo	llamativas
llameante	llameantes
llandrújulo	llandrújulos
llandrújulo	llandrújula
llandrújulo	llandrújulas
llanero	llaneros
llanero	llanera
llanero	llaneras
llanisco	llaniscos
llanisco	llanisca
llanisco	llaniscas
llanito	llanitos
llanito	llanita
llanito	llanitas
llano	llanos
llano	llana
llano	llanas
llecho	llechos
llecho	llecha
llecho	llechas
lleco	llecos
lleco	lleca
lleco	llecas
llegado	llegados
llegado	llegada
llegado	llegadas
llenador	llenadores
llenador	llenadora
llenador	llenadoras
lleno	llenos
lleno	llena
lleno	llenas
lleno	llenísimo
llenísimo	llenísimos
llenísimo	llenísima
llenísimo	llenísimas
lleulle	lleulles
llevadero	llevaderos
llevadero	llevadera
llevadero	llevaderas
llorica	lloricas
lloroso	llorosos
lloroso	llorosa
lloroso	llorosas
llorón	llorones
llorón	llorona
llorón	lloronas
llovedizo	llovedizos
llovedizo	llovediza
llovedizo	llovedizas
llovedor	llovedores
llovedor	llovedora
llovedor	llovedoras
lloviznoso	lloviznosos
lloviznoso	lloviznosa
lloviznoso	lloviznosas
lluvial	lluviales
lluvioso	lluviosos
lluvioso	lluviosa
lluvioso	lluviosas
loabilísimo	loabilísimos
loabilísimo	loabilísima
loabilísimo	loabilísimas
loable	loables
loberense	loberenses
lobero	
lobista	lobistas
loboso	lobosos
loboso	lobosa
loboso	lobosas
lobotómico	lobotómicos
lobotómico	lobotómica
lobotómico	lobotómicas
lobuno	lobunos
lobuno	lobuna
lobuno	lobunas
local	locales
localista	localistas
localizable	localizables
locativo	locativos
locativo	locativa
locativo	locativas
loco	locos
loco	loca
loco	locas
locomotor	locomotores
locomotor	locomotora
locomotor	locomotoras
locuaz	locuaces
lodoso	lodosos
lodoso	lodosa
lodoso	lodosas
logarítmico	logarítmicos
logarítmico	logarítmica
logarítmico	logarítmicas
logistórico	logistóricos
logistórico	logistórica
logistórico	logistóricas
logogrífico	logogríficos
logogrífico	logogrífica
logogrífico	logogríficas
logomáquico	logomáquicos
logomáquico	logomáquica
logomáquico	logomáquicas
lograble	logrables
logrado	logrados
logrado	lograda
logrado	logradas
logradísimo	logradísimos
logradísimo	logradísima
logradísimo	logradísimas
logroñés	logroñeses
logroñés	logroñesa
logroñés	logroñesas
logística	logísticas
logístico	logísticos
logístico	logística
logístico	logísticas
logómaco	logómacos
logómaco	logómaca
logómaco	logómacas
logósofo	logósofos
logósofo	logósofa
logósofo	logósofas
lombardo	lombardos
lombardo	lombarda
lombardo	lombardas
lombrosiano	lombrosianos
lombrosiano	lombrosiana
lombrosiano	lombrosianas
lomense	
lomudo	lomudos
lomudo	lomuda
lomudo	lomudas
loncochino	loncochinos
loncochino	loncochina
loncochino	loncochinas
londinense	londinenses
longevo	longevos
longevo	longeva
longevo	longevas
longilíneo	
longitudinal	longitudinales
longividente	longividentes
longo	longos
longo	longa
longo	longas
loperano	loperanos
loperano	loperana
loperano	loperanas
loquendero	loquenderos
loquendero	loquendera
loquendero	loquenderas
loquito	loquitos
loquito	loquita
loquito	loquitas
lorenés	loreneses
lorenés	lorenesa
lorenés	lorenesas
loro	loros
loro	lora
loro	loras
lorquiano	lorquianos
lorquiano	lorquiana
lorquiano	lorquianas
lorquino	lorquinos
lorquino	lorquina
lorquino	lorquinas
lousamense	lousamenses
loxodrómico	loxodrómicos
loxodrómico	loxodrómica
loxodrómico	loxodrómicas
lozano	lozanos
lozano	lozana
lozano	lozanas
loíno	loínos
loíno	loína
loíno	loínas
lubricípedo	lubricípedos
lubricípedo	lubricípeda
lubricípedo	lubricípedas
lubrinense	
lucainense	
lucareño	
lucense	lucenses
lucentino	lucentinos
lucentino	lucentina
lucentino	lucentinas
luchador	luchadores
luchador	luchadora
luchador	luchadoras
lucido	lucidos
lucido	lucida
lucido	lucidas
lucidor	lucidores
lucidor	lucidora
lucidor	lucidoras
luciente	lucientes
luciferino	luciferinos
luciferino	luciferina
luciferino	luciferinas
lucio	lucios
lucio	lucia
lucio	lucias
lucrativo	lucrativos
lucrativo	lucrativa
lucrativo	lucrativas
lucreciano	lucrecianos
lucreciano	lucreciana
lucreciano	lucrecianas
lucrifacio	lucrifacios
lucrifacio	lucrifacia
lucrifacio	lucrifacias
lucroniense	lucronienses
lucroso	lucrosos
lucroso	lucrosa
lucroso	lucrosas
luctuoso	luctuosos
luctuoso	luctuosa
luctuoso	luctuosas
lucífero	lucíferos
lucífero	lucífera
lucífero	lucíferas
lucífugo	
ludopático	ludopáticos
ludopático	ludopática
ludopático	ludopáticas
ludovicense	ludovicenses
lugareño	lugareños
lugareño	lugareña
lugareño	lugareñas
lugubérrimo	lugubérrimos
lugubérrimo	lugubérrima
lugubérrimo	lugubérrimas
lujanense	lujanenses
lujoso	lujosos
lujoso	lujosa
lujoso	lujosas
lujosísimo	lujosísimos
lujosísimo	lujosísima
lujosísimo	lujosísimas
lujurioso	lujuriosos
lujurioso	lujuriosa
lujurioso	lujuriosas
lumbar	lumbares
lumbopélvico	lumbopélvicos
lumbopélvico	lumbopélvica
lumbopélvico	lumbopélvicas
lumbroso	lumbrosos
lumbroso	lumbrosa
lumbroso	lumbrosas
luminoso	luminosos
luminoso	luminosa
luminoso	luminosas
lumpen	lúmpenes
lumínico	lumínicos
lumínico	lumínica
lumínico	lumínicas
lunar	lunares
lunarejo	lunarejos
lunarejo	lunareja
lunarejo	lunarejas
luniforme	luniformes
lunista	lunistas
lunático	lunáticos
lunático	lunática
lunático	lunáticas
lunícola	lunícolas
lunífero	luníferos
lunífero	lunífera
lunífero	luníferas
lupino	lupinos
lupino	lupina
lupino	lupinas
luqués	luqueses
luqués	luquesa
luqués	luquesas
lusaciano	lusacianos
lusaciano	lusaciana
lusaciano	lusacianas
lusco	luscos
lusco	lusca
lusco	luscas
lusitano	lusitanos
lusitano	lusitana
lusitano	lusitanas
luso	lusos
luso	lusa
luso	lusas
lusoparlante	lusoparlantes
lustral	lustrales
lustrazapatos	
lustroso	lustrosos
lustroso	lustrosa
lustroso	lustrosas
luterano	luteranos
luterano	luterana
luterano	luteranas
lutherano	lutheranos
lutherano	lutherana
lutherano	lutheranas
luxemburgués	luxemburgueses
luxemburgués	luxemburguesa
luxemburgués	luxemburguesas
luzio	luzios
luzio	luzia
luzio	luzias
lábil	lábiles
lácteo	lácteos
lácteo	láctea
lácteo	lácteas
láctico	lácticos
láctico	láctica
láctico	lácticas
lámida	lámidas
lánguido	lánguidos
lánguido	lánguida
lánguido	lánguidas
láurico	láuricos
láurico	láurica
láurico	láuricas
lépero	léperos
lépero	lépera
lépero	léperas
lésbico	lésbicos
lésbico	lésbica
lésbico	lésbicas
léxico	léxicos
léxico	léxica
léxico	léxicas
líbero	líberos
líbero	líbera
líbero	líberas
lícito	lícitos
lícito	lícita
lícito	lícitas
límbico	límbicos
límbico	límbica
límbico	límbicas
límpido	
líneo	líneos
líneo	línea
líneo	líneas
líquido	líquidos
líquido	líquida
líquido	líquidas
lírico	líricos
lírico	lírica
lírico	líricas
lítico	líticos
lítico	lítica
lítico	líticas
lívido	lívidos
lívido	lívida
lívido	lívidas
lóbrego	lóbregos
lóbrego	lóbrega
lóbrego	lóbregas
lógico	lógicos
lógico	lógica
lógico	lógicas
lúbrico	lúbricos
lúbrico	lúbrica
lúbrico	lúbricas
lúcido	lúcidos
lúcido	lúcida
lúcido	lúcidas
lúdico	lúdicos
lúdico	lúdica
lúdico	lúdicas
lúdicro	lúdicros
lúdicro	lúdicra
lúdicro	lúdicras
lúgubre	lúgubres
lúgubre	lugubérrimo
lúteo	lúteos
lúteo	lútea
lúteo	lúteas
macabeo	macabeos
macabeo	macabea
macabeo	macabeas
macabro	macabros
macabro	macabra
macabro	macabras
macaelense	
macaense	macaenses
macandón	macandones
macandón	macandona
macandón	macandonas
macaquero	
macarra	macarras
macarrónico	macarrónicos
macarrónico	macarrónica
macarrónico	macarrónicas
macartista	macartistas
macedonio	macedonios
macedonio	macedonia
macedonio	macedonias
macedón	macedones
macedón	macedona
macedón	macedonas
macedónico	macedónicos
macedónico	macedónica
macedónico	macedónicas
maceta	
maceteado	maceteados
maceteado	maceteada
maceteado	maceteadas
machacador	machacadores
machacador	machacadora
machacador	machacadoras
machacón	machacones
machacón	machacona
machacón	machaconas
machista	machistas
macho	machos
macho	macha
macho	machas
machucador	machucadores
machucador	machucadora
machucador	machucadoras
machucho	machuchos
machucho	machucha
machucho	machuchas
macilento	macilentos
macilento	macilenta
macilento	macilentas
macizo	macizos
macizo	maciza
macizo	macizas
maclífero	maclíferos
maclífero	maclífera
maclífero	maclíferas
maco	macos
maco	maca
maco	macas
macondiano	macondianos
macondiano	macondiana
macondiano	macondianas
macrista	macristas
macrocefálico	macrocefálicos
macrocefálico	macrocefálica
macrocefálico	macrocefálicas
macrocéfalo	macrocéfalos
macrocéfalo	macrocéfala
macrocéfalo	macrocéfalas
macroeconómico	macroeconómicos
macroeconómico	macroeconómica
macroeconómico	macroeconómicas
macroscópico	macroscópicos
macroscópico	macroscópica
macroscópico	macroscópicas
macróptero	macrópteros
macróptero	macróptera
macróptero	macrópteras
macuco	macucos
macuco	macuca
macuco	macucas
macular	maculares
maderable	maderables
madrepórico	madrepóricos
madrepórico	madrepórica
madrepórico	madrepóricas
madridista	madridistas
madrileño	madrileños
madrileño	madrileña
madrileño	madrileñas
madrugador	madrugadores
madrugador	madrugadora
madrugador	madrugadoras
madurescente	madurescentes
maduro	maduros
maduro	madura
maduro	maduras
madurísimo	madurísimos
madurísimo	madurísima
madurísimo	madurísimas
maestro	maestros
maestro	maestra
maestro	maestras
mafioso	mafiosos
mafioso	mafiosa
mafioso	mafiosas
magallánico	magallánicos
magallánico	magallánica
magallánico	magallánicas
magdalenense	magdalenenses
magdalénico	magdalénicos
magdalénico	magdalénica
magdalénico	magdalénicas
magenta	magentas
magiar	magiares
magnetofónico	magnetofónicos
magnetofónico	magnetofónica
magnetofónico	magnetofónicas
magnificador	magnificadores
magnificador	magnificadora
magnificador	magnificadoras
magnificente	magnificentes
magno	magnos
magno	magna
magno	magnas
magnánimo	magnánimos
magnánimo	magnánima
magnánimo	magnánimas
magnético	magnéticos
magnético	magnética
magnético	magnéticas
magnífico	magníficos
magnífico	magnífica
magnífico	magníficas
magnífico	magnifentísimo
magrebí	magrebís
magrebí	magrebíes
magro	magros
magro	magra
magro	magras
magufo	magufos
magufo	magufa
magufo	magufas
maguntino	maguntinos
maguntino	maguntina
maguntino	maguntinas
mahometano	mahometanos
mahometano	mahometana
mahometano	mahometanas
mahonés	mahoneses
mahonés	mahonesa
mahonés	mahonesas
mainstream	
maipino	maipinos
maipino	maipina
maipino	maipinas
maipucino	maipucinos
maipucino	maipucina
maipucino	maipucinas
majadero	majaderos
majadero	majadera
majadero	majaderas
majador	majadores
majador	majadora
majador	majadoras
maje	majes
majestoso	majestosos
majestoso	majestosa
majestoso	majestosas
majestuoso	majestuosos
majestuoso	majestuosa
majestuoso	majestuosas
majorero	majoreros
majorero	majorera
majorero	majoreras
majunche	majunches
mal	malos
mal	mala
mal	malas
malabar	malabares
malabárico	malabáricos
malabárico	malabárica
malabárico	malabáricas
malacara	malacaras
malacitano	malacitanos
malacitano	malacitana
malacitano	malacitanas
malacológico	malacológicos
malacológico	malacológica
malacológico	malacológicas
malaconsejado	malaconsejados
malaconsejado	malaconsejada
malaconsejado	malaconsejadas
malacostumbrado	malacostumbrados
malacostumbrado	malacostumbrada
malacostumbrado	malacostumbradas
malacófago	
maladito	maladitos
maladito	maladita
maladito	maladitas
malafortunado	malafortunados
malafortunado	malafortunada
malafortunado	malafortunadas
malagache	malagaches
malagradecido	malagradecidos
malagradecido	malagradecida
malagradecido	malagradecidas
malagueño	malagueños
malagueño	malagueña
malagueño	malagueñas
malagués	malagueses
malagués	malaguesa
malagués	malaguesas
malaitano	malaitanos
malaitano	malaitana
malaitano	malaitanas
malaje	malajes
malandrín	malandrines
malandrín	malandrina
malandrín	malandrinas
malar	malares
malargüino	
malasio	malasios
malasio	malasia
malasio	malasias
malato	malatos
malato	malata
malato	malatas
malauiano	malauianos
malauiano	malauiana
malauiano	malauianas
malavenido	malavenidos
malavenido	malavenida
malavenido	malavenidas
malaventurado	malaventurados
malaventurado	malaventurada
malaventurado	malaventuradas
malawiano	malawianos
malawiano	malawiana
malawiano	malawianas
malayo	malayos
malayo	malaya
malayo	malayas
malbaratador	malbaratadores
malbaratador	malbaratadora
malbaratador	malbaratadoras
malcriado	
malcriador	malcriadores
malcriador	malcriadora
malcriador	malcriadoras
maldadoso	maldadosos
maldadoso	maldadosa
maldadoso	maldadosas
maldecidor	maldecidores
maldecidor	maldecidora
maldecidor	maldecidoras
maldicho	maldichos
maldicho	maldicha
maldicho	maldichas
maldiciente	maldicientes
maldicto	maldictos
maldicto	maldicta
maldicto	maldictas
maldispuesto	maldispuestos
maldispuesto	maldispuesta
maldispuesto	maldispuestas
maldito	malditos
maldito	maldita
maldito	malditas
maldivo	maldivos
maldivo	maldiva
maldivo	maldivas
maleabilísimo	maleabilísimos
maleabilísimo	maleabilísima
maleabilísimo	maleabilísimas
maleable	maleables
maleante	maleantes
maleducado	maleducados
maleducado	maleducada
maleducado	maleducadas
malejo	malejos
malejo	maleja
malejo	malejas
malentretenido	malentretenidos
malentretenido	malentretenida
malentretenido	malentretenidas
maletero	maleteros
maletero	maletera
maletero	maleteras
malevolente	
malgache	malgaches
malgarchado	malgarchados
malgarchado	malgarchada
malgarchado	malgarchadas
malgastador	malgastadores
malgastador	malgastadora
malgastador	malgastadoras
malgeniado	malgeniados
malgeniado	malgeniada
malgeniado	malgeniadas
malgenioso	malgeniosos
malgenioso	malgeniosa
malgenioso	malgeniosas
malhabido	malhabidos
malhabido	malhabida
malhabido	malhabidas
malhadado	malhadados
malhadado	malhadada
malhadado	malhadadas
malhechor	malhechores
malhechor	malhechora
malhechor	malhechoras
malhumorado	malhumorados
malhumorado	malhumorada
malhumorado	malhumoradas
maliayés	maliayeses
maliayés	maliayesa
maliayés	maliayesas
malicioso	maliciosos
malicioso	maliciosa
malicioso	maliciosas
maliense	malienses
maligno	malignos
maligno	maligna
maligno	malignas
malinformado	malinformados
malinformado	malinformada
malinformado	malinformadas
malintencionado	malintencionados
malintencionado	malintencionada
malintencionado	malintencionadas
malista	malistas
mallorquín	mallorquines
mallorquín	mallorquina
mallorquín	mallorquinas
malnacido	malnacidos
malnacido	malnacida
malnacido	malnacidas
malnutrido	malnutridos
malnutrido	malnutrida
malnutrido	malnutridas
malo	malos
malo	mala
malo	malas
malo	peor
malo	pésimo
malo	malísimo
maloliente	malolientes
malparido	malparidos
malparido	malparida
malparido	malparidas
malpensado	malpensados
malpensado	malpensada
malpensado	malpensadas
malportado	malportados
malportado	malportada
malportado	malportadas
malquisto	malquistos
malquisto	malquista
malquisto	malquistas
malrotador	malrotadores
malrotador	malrotadora
malrotador	malrotadoras
malsano	malsanos
malsano	malsana
malsano	malsanas
malsonante	malsonantes
maltratado	maltratados
maltratado	maltratada
maltratado	maltratadas
maltratante	maltratantes
maltrecho	maltrechos
maltrecho	maltrecha
maltrecho	maltrechas
maltusiano	maltusianos
maltusiano	maltusiana
maltusiano	maltusianas
maltés	malteses
maltés	maltesa
maltés	maltesas
maluco	malucos
maluco	maluca
maluco	malucas
malulo	malulos
malulo	malula
malulo	malulas
malvado	malvados
malvado	malvada
malvado	malvadas
malvenido	malvenidos
malvenido	malvenida
malvenido	malvenidas
malversador	malversadores
malversador	malversadora
malversador	malversadoras
malvinense	malvinenses
malvinero	malvineros
malvinero	malvinera
malvinero	malvineras
malviviente	malvivientes
maléfico	maléficos
maléfico	maléfica
maléfico	maléficas
malévolo	malévolos
malévolo	malévola
malévolo	malévolas
malí	malís
malí	malíes
malíaco	malíacos
malíaco	malíaca
malíaco	malíacas
malísimo	malísimos
malísimo	malísima
malísimo	malísimas
mamador	mamadores
mamador	mamadora
mamador	mamadoras
mamadísimo	mamadísimos
mamadísimo	mamadísima
mamadísimo	mamadísimas
mamagallista	mamagallistas
mamagüevo	mamagüevos
mamagüevo	mamagüeva
mamagüevo	mamagüevas
mamalón	mamalones
mamalón	mamalona
mamalón	mamalonas
mamando	mamandos
mamando	mamanda
mamando	mamandas
mamante	mamantes
mamantón	mamantones
mamantón	mamantona
mamantón	mamantonas
mamario	mamarios
mamario	mamaria
mamario	mamarias
mambero	mamberos
mambero	mambera
mambero	mamberas
mamellado	mamellados
mamellado	mamellada
mamellado	mamelladas
mamelonado	mamelonados
mamelonado	mamelonada
mamelonado	mamelonadas
mamerto	mamertos
mamerto	mamerta
mamerto	mamertas
mamiferológico	mamiferológicos
mamiferológico	mamiferológica
mamiferológico	mamiferológicas
mamiforme	mamiformes
mamilar	mamilares
mamoso	mamosos
mamoso	mamosa
mamoso	mamosas
mamporrero	mamporreros
mamporrero	mamporrera
mamporrero	mamporreras
mamífero	mamíferos
mamífero	mamífera
mamífero	mamíferas
mamón	mamones
mamón	mamona
mamón	mamonas
manacorí	manacorís
manacorí	manacoríes
manazas	
mancarrón	mancarrones
mancebo	mancebos
mancebo	manceba
mancebo	mancebas
manchadizo	manchadizos
manchadizo	manchadiza
manchadizo	manchadizas
manchado	manchados
manchado	manchada
manchado	manchadas
manchego	manchegos
manchego	manchega
manchego	manchegas
manchoso	manchosos
manchoso	manchosa
manchoso	manchosas
manchú	manchús
manchú	manchúes
manco	mancos
manco	manca
manco	mancas
mandarín	mandarines
mandarín	mandarina
mandarín	mandarinas
mandinga	mandingas
mandria	mandrias
mandón	mandones
mandón	mandona
mandón	mandonas
manejable	manejables
manganzón	manganzones
manganzón	manganzona
manganzón	manganzonas
mangoneador	mangoneadores
mangoneador	mangoneadora
mangoneador	mangoneadoras
mangorrero	mangorreros
mangorrero	mangorrera
mangorrero	mangorreras
manguero	mangueros
manguero	manguera
manguero	mangueras
maniaco	maniacos
maniaco	maniaca
maniaco	maniacas
manialbo	manialbos
manialbo	manialba
manialbo	manialbas
manicero	maniceros
manicero	manicera
manicero	maniceras
manido	manidos
manido	manida
manido	manidas
manifestable	manifestables
manifestador	manifestadores
manifestador	manifestadora
manifestador	manifestadoras
manifestativo	manifestativos
manifestativo	manifestativa
manifestativo	manifestativas
manifiesto	manifiestos
manifiesto	manifiesta
manifiesto	manifiestas
manija	manijas
manileño	manileños
manileño	manileña
manileño	manileñas
maniqueo	maniqueos
maniqueo	maniquea
maniqueo	maniqueas
maniqueísta	maniqueístas
manirroto	manirrotos
manirroto	manirrota
manirroto	manirrotas
manitas	
manizaleño	manizaleños
manizaleño	manizaleña
manizaleño	manizaleñas
maniático	maniáticos
maniático	maniática
maniático	maniáticas
mano	manos
manoseador	manoseadores
manoseador	manoseadora
manoseador	manoseadoras
manresano	manresanos
manresano	manresana
manresano	manresanas
mansalino	mansalinos
mansalino	mansalina
mansalino	mansalinas
manso	mansos
manso	mansa
manso	mansas
mansuefacto	mansuefactos
mansuefacto	mansuefacta
mansuefacto	mansuefactas
mansueto	mansuetos
mansueto	mansueta
mansueto	mansuetas
mansísimo	mansísimos
mansísimo	mansísima
mansísimo	mansísimas
manteador	manteadores
manteador	manteadora
manteador	manteadoras
mantecoso	mantecosos
mantecoso	mantecosa
mantecoso	mantecosas
mantenedor	mantenedores
mantenedor	mantenedora
mantenedor	mantenedoras
mantequero	mantequeros
mantequero	mantequera
mantequero	mantequeras
mantequilludo	mantequilludos
mantequilludo	mantequilluda
mantequilludo	mantequilludas
mantuano	mantuanos
mantuano	mantuana
mantuano	mantuanas
mantudo	mantudos
mantudo	mantuda
mantudo	mantudas
manual	manuales
manuscrito	manuscritos
manuscrito	manuscrita
manuscrito	manuscritas
manzanado	manzanados
manzanado	manzanada
manzanado	manzanadas
manés	maneses
manés	manesa
manés	manesas
maníaco	maníacos
maníaco	maníaca
maníaco	maníacas
maorés	maoreses
maorés	maoresa
maorés	maoresas
maorí	maorís
maorí	maoríes
maoísta	maoístas
mapochino	mapochinos
mapochino	mapochina
mapochino	mapochinas
mapuche	mapuches
maquinador	maquinadores
maquinador	maquinadora
maquinador	maquinadoras
marabino	marabinos
marabino	marabina
marabino	marabinas
maraca	maracas
maracaibero	maracaiberos
maracaibero	maracaibera
maracaibero	maracaiberas
maracayero	maracayeros
maracayero	maracayera
maracayero	maracayeras
maradoneano	maradoneanos
maradoneano	maradoneana
maradoneano	maradoneanas
maradoniano	maradonianos
maradoniano	maradoniana
maradoniano	maradonianas
maragato	maragatos
maragato	maragata
maragato	maragatas
maratoneable	maratoneables
maravilloso	maravillosos
maravilloso	maravillosa
maravilloso	maravillosas
marbellí	marbellís
marbellí	marbellíes
marburgués	marburgueses
marburgués	marburguesa
marburgués	marburguesas
marcador	marcadores
marcador	marcadora
marcador	marcadoras
marcario	marcarios
marcario	marcaria
marcario	marcarias
marceador	marceadores
marceador	marceadora
marceador	marceadoras
marcescente	marcescentes
marchante	marchantes
marchiquitense	marchiquitenses
marchitable	marchitables
marchito	marchitos
marchito	marchita
marchito	marchitas
marcial	marciales
marciano	marcianos
marciano	marciana
marciano	marcianas
marcionista	marcionistas
mardaschida	mardaschidas
mardito	marditos
mardito	mardita
mardito	marditas
mareante	mareantes
marengo	
marental	marentales
mareoso	mareosos
mareoso	mareosa
mareoso	mareosas
marfileño	marfileños
marfileño	marfileña
marfileño	marfileñas
marfilino	marfilinos
marfilino	marfilina
marfilino	marfilinas
marfuz	marfuces
marfuz	marfuza
marfuz	marfuzas
margariteño	margariteños
margariteño	margariteña
margariteño	margariteñas
marginado	marginados
marginado	marginada
marginado	marginadas
marginal	marginales
marginalista	marginalistas
margoso	margosos
margoso	margosa
margoso	margosas
mariano	marianos
mariano	mariana
mariano	marianas
maricantunga	maricantungas
marico	maricos
marico	marica
marico	maricas
maridable	maridables
marihuanero	marihuaneros
marihuanero	marihuanera
marihuanero	marihuaneras
marinero	marineros
marinero	marinera
marinero	marineras
marinesco	marinescos
marinesco	marinesca
marinesco	marinescas
marino	marinos
marino	marina
marino	marinas
mariposeador	mariposeadores
mariposeador	mariposeadora
mariposeador	mariposeadoras
marital	maritales
marketinero	marketineros
marketinero	marketinera
marketinero	marketineras
marmolado	marmolados
marmolado	marmolada
marmolado	marmoladas
marmoleado	marmoleados
marmoleado	marmoleada
marmoleado	marmoleadas
marmoleño	marmoleños
marmoleño	marmoleña
marmoleño	marmoleñas
marmolino	marmolinos
marmolino	marmolina
marmolino	marmolinas
marmoroso	marmorosos
marmoroso	marmorosa
marmoroso	marmorosas
marmóreo	marmóreos
marmóreo	marmórea
marmóreo	marmóreas
maromero	maromeros
maromero	maromera
maromero	maromeras
marplatense	
marrano	marranos
marrano	marrana
marrano	marranas
marrido	marridos
marrido	marrida
marrido	marridas
marronoso	marronosos
marronoso	marronosa
marronoso	marronosas
marroquí	marroquís
marroquí	marroquíes
marroquín	marroquines
marroquín	marroquina
marroquín	marroquinas
marrueco	marruecos
marrueco	marrueca
marrueco	marruecas
marrullero	marrulleros
marrullero	marrullera
marrullero	marrulleras
marrón	marrones
marsellés	marselleses
marsellés	marsellesa
marsellés	marsellesas
marshalés	marshaleses
marshalés	marshalesa
marshalés	marshalesas
marsupial	marsupiales
martillador	martilladores
martillador	martilladora
martillador	martilladoras
martiniqués	martiniqueses
martiniqués	martiniquesa
martiniqués	martiniquesas
martirial	martiriales
martirizador	martirizadores
martirizador	martirizadora
martirizador	martirizadoras
martirizante	martirizantes
marxiano	marxianos
marxiano	marxiana
marxiano	marxianas
marxista	marxistas
marítimo	marítimos
marítimo	marítima
marítimo	marítimas
mascador	mascadores
mascador	mascadora
mascador	mascadoras
mascareño	mascareños
mascareño	mascareña
mascareño	mascareñas
masculino	masculinos
masculino	masculina
masculino	masculinas
mascón	mascones
mascón	mascona
mascón	masconas
masiliense	masilienses
masino	masinos
masino	masina
masino	masinas
masivo	masivos
masivo	masiva
masivo	masivas
masoca	
masoquista	masoquistas
masorético	masoréticos
masorético	masorética
masorético	masoréticas
masticador	masticadores
masticador	masticadora
masticador	masticadoras
mastológico	mastológicos
mastológico	mastológica
mastológico	mastológicas
mastozoológico	mastozoológicos
mastozoológico	mastozoológica
mastozoológico	mastozoológicas
masónico	masónicos
masónico	masónica
masónico	masónicas
matador	matadores
matador	matadora
matador	matadoras
matagalpa	matagalpas
matagalpas	
matancero	matanceros
matancero	matancera
matancero	matanceras
matasiete	matasietes
mate	mates
matelaseado	matelaseados
matelaseado	matelaseada
matelaseado	matelaseadas
matelassé	
matemático	matemáticos
matemático	matemática
matemático	matemáticas
mateo	mateos
mateo	matea
mateo	mateas
material	materiales
materialista	materialistas
maternal	maternales
materno	maternos
materno	materna
materno	maternas
matero	materos
matero	matera
matero	materas
matinal	matinales
matoso	matosos
matoso	matosa
matoso	matosas
matrecho	
matrero	matreros
matrero	matrera
matrero	matreras
matriarcal	matriarcales
matricial	matriciales
matrimonial	matrimoniales
maturinés	maturineses
maturinés	maturinesa
maturinés	maturinesas
maturrango	maturrangos
maturrango	maturranga
maturrango	maturrangas
maturranguero	maturrangueros
maturranguero	maturranguera
maturranguero	maturrangueras
matutino	matutinos
matutino	matutina
matutino	matutinas
matérico	matéricos
matérico	matérica
matérico	matéricas
maulino	maulinos
maulino	maulina
maulino	maulinas
maullador	maulladores
maullador	maulladora
maullador	maulladoras
mauriciano	mauricianos
mauriciano	mauriciana
mauriciano	mauricianas
mauritano	mauritanos
mauritano	mauritana
mauritano	mauritanas
maxilar	maxilares
maxilífero	maxilíferos
maxilífero	maxilífera
maxilífero	maxilíferas
maya	mayas
mayador	mayadores
mayador	mayadora
mayador	mayadoras
mayahablante	mayahablantes
mayense	mayenses
mayestático	mayestáticos
mayestático	mayestática
mayestático	mayestáticas
mayo	
mayor	mayores
mayor	mayorcísimo
mayorcico	mayorcicos
mayorcico	mayorcica
mayorcico	mayorcicas
mayorcillo	mayorcillos
mayorcillo	mayorcilla
mayorcillo	mayorcillas
mayorcito	mayorcitos
mayorcito	mayorcita
mayorcito	mayorcitas
mayoritario	mayoritarios
mayoritario	mayoritaria
mayoritario	mayoritarias
mayotense	mayotenses
mayúsculo	mayúsculos
mayúsculo	mayúscula
mayúsculo	mayúsculas
mazacotudo	mazacotudos
mazacotudo	mazacotuda
mazacotudo	mazacotudas
mazamorriento	mazamorrientos
mazamorriento	mazamorrienta
mazamorriento	mazamorrientas
mazarí	mazarís
mazarí	mazaríes
mazatleco	mazatlecos
mazatleco	mazatleca
mazatleco	mazatlecas
mañanero	
maño	maños
maño	maña
maño	mañas
mañoso	mañosos
mañoso	mañosa
mañoso	mañosas
mañoso	mañosísimo
mañosísimo	mañosísimos
mañosísimo	mañosísima
mañosísimo	mañosísimas
mearra	mearras
mecanicista	mecanicistas
mecanoescrito	mecanoescritos
mecanoescrito	mecanoescrita
mecanoescrito	mecanoescritas
mecanográfico	mecanográficos
mecanográfico	mecanográfica
mecanográfico	mecanográficas
mecanoscrito	mecanoscritos
mecanoscrito	mecanoscrita
mecanoscrito	mecanoscritas
mecanuscrito	mecanuscritos
mecanuscrito	mecanuscrita
mecanuscrito	mecanuscritas
mecatrónico	mecatrónicos
mecatrónico	mecatrónica
mecatrónico	mecatrónicas
mecedor	mecedores
mecedor	mecedora
mecedor	mecedoras
mechacorta	mechacortas
mechón	mechones
mechón	mechona
mechón	mechonas
meco	mecos
meco	meca
meco	mecas
mecánico	mecánicos
mecánico	mecánica
mecánico	mecánicas
medalaganario	medalaganarios
medalaganario	medalaganaria
medalaganario	medalaganarias
medellinense	medellinenses
mediador	mediadores
mediador	mediadora
mediador	mediadoras
medial	
medianero	medianeros
medianero	medianera
medianero	medianeras
mediano	medianos
mediano	mediana
mediano	medianas
mediato	mediatos
mediato	mediata
mediato	mediatas
medicamentoso	medicamentosos
medicamentoso	medicamentosa
medicamentoso	medicamentosas
medicinal	medicinales
medidor	medidores
medidor	medidora
medidor	medidoras
medieval	medievales
medio	medios
medio	media
medio	medias
medioambiental	medioambientales
mediocre	mediocres
medioriental	mediorientales
meditabundo	meditabundos
meditabundo	meditabunda
meditabundo	meditabundas
meditador	meditadores
meditador	meditadora
meditador	meditadoras
meditativo	meditativos
meditativo	meditativa
meditativo	meditativas
mediterráneo	mediterráneos
mediterráneo	mediterránea
mediterráneo	mediterráneas
mediático	mediáticos
mediático	mediática
mediático	mediáticas
mediúmnico	mediúmnicos
mediúmnico	mediúmnica
mediúmnico	mediúmnicas
medo	medos
medo	meda
medo	medas
medroso	medrosos
medroso	medrosa
medroso	medrosas
medular	medulares
mefítico	mefíticos
mefítico	mefítica
mefítico	mefíticas
megalesiano	megalesianos
megalesiano	megalesiana
megalesiano	megalesianas
megalítico	megalíticos
megalítico	megalítica
megalítico	megalíticas
megalómano	megalómanos
megalómano	megalómana
megalómano	megalómanas
megarense	megarenses
megariano	megarianos
megariano	megariana
megariano	megarianas
megárico	megáricos
megárico	megárica
megárico	megáricas
mejicano	mejicanos
mejicano	mejicana
mejicano	mejicanas
mejor	mejores
mejorable	mejorables
mejorable	mejorabilísimo
melado	melados
melado	melada
melado	meladas
melancólico	melancólicos
melancólico	melancólica
melancólico	melancólicas
melanesio	melanesios
melanesio	melanesia
melanesio	melanesias
melcocha	melcochas
melense	melenses
melenudo	melenudos
melenudo	melenuda
melenudo	melenudas
meliano	melianos
meliano	meliana
meliano	melianas
melifluo	melifluos
melifluo	meliflua
melifluo	melifluas
melillense	melillenses
melindroso	melindrosos
melindroso	melindrosa
melindroso	melindrosas
melipillano	melipillanos
melipillano	melipillana
melipillano	melipillanas
mellado	mellados
mellado	mellada
mellado	melladas
mellizo	mellizos
mellizo	melliza
mellizo	mellizas
melodioso	melodiosos
melodioso	melodiosa
melodioso	melodiosas
melodramático	melodramáticos
melodramático	melodramática
melodramático	melodramáticas
meloso	melosos
meloso	melosa
meloso	melosas
melífero	melíferos
melífero	melífera
melífero	melíferas
melómano	melómanos
melómano	melómana
melómano	melómanas
membranoso	membranosos
membranoso	membranosa
membranoso	membranosas
membranáceo	membranáceos
membranáceo	membranácea
membranáceo	membranáceas
memo	memos
memo	mema
memo	memas
memorabilísimo	memorabilísimos
memorabilísimo	memorabilísima
memorabilísimo	memorabilísimas
memorable	memorables
memorable	memorabilísimo
memoratísimo	memoratísimos
memoratísimo	memoratísima
memoratísimo	memoratísimas
memorialesco	memorialescos
memorialesco	memorialesca
memorialesco	memorialescas
memorioso	memoriosos
memorioso	memoriosa
memorioso	memoriosas
mendaz	mendaces
mendicante	mendicantes
mendigante	mendigantes
mendocino	mendocinos
mendocino	mendocina
mendocino	mendocinas
menemista	menemistas
menesteroso	menesterosos
menesteroso	menesterosa
menesteroso	menesterosas
menfítico	menfíticos
menfítico	menfítica
menfítico	menfíticas
menguante	menguantes
menipeo	menipeos
menipeo	menipea
menipeo	menipeas
menopáusico	menopáusicos
menopáusico	menopáusica
menopáusico	menopáusicas
menor	menores
menorquín	menorquines
menorquín	menorquina
menorquín	menorquinas
menos	
menoscabador	menoscabadores
menoscabador	menoscabadora
menoscabador	menoscabadoras
menospreciable	menospreciables
menospreciador	menospreciadores
menospreciador	menospreciadora
menospreciador	menospreciadoras
menotista	menotistas
mensafónico	mensafónicos
mensafónico	mensafónica
mensafónico	mensafónicas
mensajero	mensajeros
mensajero	mensajera
mensajero	mensajeras
mensil	mensiles
menstrual	menstruales
menstruante	menstruantes
menstruo	menstruos
menstruo	menstrua
menstruo	menstruas
menstruoso	menstruosos
menstruoso	menstruosa
menstruoso	menstruosas
mensual	mensuales
mensurable	mensurables
mensurador	mensuradores
mensurador	mensuradora
mensurador	mensuradoras
mental	mentales
mentalizado	mentalizados
mentalizado	mentalizada
mentalizado	mentalizadas
mentecato	mentecatos
mentecato	mentecata
mentecato	mentecatas
mentiroso	mentirosos
mentiroso	mentirosa
mentiroso	mentirosas
menudo	menudos
menudo	menuda
menudo	menudas
menudísimo	menudísimos
menudísimo	menudísima
menudísimo	menudísimas
meonio	meonios
meonio	meonia
meonio	meonias
mercaderil	mercaderiles
mercadero	mercaderos
mercadero	mercadera
mercadero	mercaderas
mercadista	mercadistas
mercante	mercantes
mercantesco	mercantescos
mercantesco	mercantesca
mercantesco	mercantescas
mercantil	mercantiles
mercantilista	mercantilistas
mercenario	mercenarios
mercenario	mercenaria
mercenario	mercenarias
merculino	merculinos
merculino	merculina
merculino	merculinas
mercurial	mercuriales
mercuriano	mercurianos
mercuriano	mercuriana
mercuriano	mercurianas
merdoso	merdosos
merdoso	merdosa
merdoso	merdosas
merdúceo	merdúceos
merdúceo	merdúcea
merdúceo	merdúceas
merecedor	merecedores
merecedor	merecedora
merecedor	merecedoras
merecido	merecidos
merecido	merecida
merecido	merecidas
merecidísimo	merecidísimos
merecidísimo	merecidísima
merecidísimo	merecidísimas
meridano	meridanos
meridano	meridana
meridano	meridanas
merideño	merideños
merideño	merideña
merideño	merideñas
meridiano	meridianos
meridiano	meridiana
meridiano	meridianas
meridional	meridionales
merino	merinos
merino	merina
merino	merinas
meritocrático	meritocráticos
meritocrático	meritocrática
meritocrático	meritocráticas
meritorio	meritorios
meritorio	meritoria
meritorio	meritorias
meritísimo	meritísimos
meritísimo	meritísima
meritísimo	meritísimas
mermador	mermadores
mermador	mermadora
mermador	mermadoras
mero	meros
mero	mera
mero	meras
merodeador	merodeadores
merodeador	merodeadora
merodeador	merodeadoras
merovingio	merovingios
merovingio	merovingia
merovingio	merovingias
mersa	mersas
mesapio	mesapios
mesapio	mesapia
mesapio	mesapias
mesenio	mesenios
mesenio	mesenia
mesenio	mesenias
mesiánico	mesiánicos
mesiánico	mesiánica
mesiánico	mesiánicas
mesoamericano	mesoamericanos
mesoamericano	mesoamericana
mesoamericano	mesoamericanas
mesonero	
mesoriental	mesorientales
mesoscópico	mesoscópicos
mesoscópico	mesoscópica
mesoscópico	mesoscópicas
mesosoprano	mesosopranos
mesotrófico	mesotróficos
mesotrófico	mesotrófica
mesotrófico	mesotróficas
mesozoico	mesozoicos
mesozoico	mesozoica
mesozoico	mesozoicas
mestizo	mestizos
mestizo	mestiza
mestizo	mestizas
mesturero	mestureros
mesturero	mesturera
mesturero	mestureras
metabólico	metabólicos
metabólico	metabólica
metabólico	metabólicas
metaestable	metaestables
metafisario	metafisarios
metafisario	metafisaria
metafisario	metafisarias
metafísico	metafísicos
metafísico	metafísica
metafísico	metafísicas
metafórico	metafóricos
metafórico	metafórica
metafórico	metafóricas
metalero	metaleros
metalero	metalera
metalero	metaleras
metalingüístico	metalingüísticos
metalingüístico	metalingüística
metalingüístico	metalingüísticas
metalogénico	metalogénicos
metalogénico	metalogénica
metalogénico	metalogénicas
metalífero	metalíferos
metalífero	metalífera
metalífero	metalíferas
metamórfico	metamórficos
metamórfico	metamórfica
metamórfico	metamórficas
metastásico	metastásicos
metastásico	metastásica
metastásico	metastásicas
metatarsiano	metatarsianos
metatarsiano	metatarsiana
metatarsiano	metatarsianas
meteco	metecos
meteco	meteca
meteco	metecas
metedor	
metejoneado	
metelinense	metelinenses
metense	metenses
meteorológico	meteorológicos
meteorológico	meteorológica
meteorológico	meteorológicas
meteorosensible	meteorosensibles
meteosensible	meteosensibles
metepequense	metepequenses
metereológico	metereológicos
metereológico	metereológica
metereológico	metereológicas
meterete	meteretes
meteórico	meteóricos
meteórico	meteórica
meteórico	meteóricas
metiche	metiches
meticuloso	meticulosos
meticuloso	meticulosa
meticuloso	meticulosas
metodista	metodistas
metodológico	metodológicos
metodológico	metodológica
metodológico	metodológicas
metonímico	metonímicos
metonímico	metonímica
metonímico	metonímicas
metralla	metrallas
metropolitano	metropolitanos
metropolitano	metropolitana
metropolitano	metropolitanas
metrosexual	metrosexuales
metálico	metálicos
metálico	metálica
metálico	metálicas
metódico	metódicos
metódico	metódica
metódico	metódicas
mexica	mexicas
mexicalense	mexicalenses
mexicano	mexicanos
mexicano	mexicana
mexicano	mexicanas
mexicano	mexicanísimo
mexicanísimo	mexicanísimos
mexicanísimo	mexicanísima
mexicanísimo	mexicanísimas
mexiquense	mexiquenses
mezclable	mezclables
mezclado	mezclados
mezclado	mezclada
mezclado	mezcladas
mezquino	mezquinos
mezquino	mezquina
mezquino	mezquinas
mezzosoprano	mezzosopranos
mi	mis
miador	miadores
miador	miadora
miador	miadoras
micelar	micelares
micenio	micenios
micenio	micenia
micenio	micenias
michoacano	michoacanos
michoacano	michoacana
michoacano	michoacanas
microbiológico	microbiológicos
microbiológico	microbiológica
microbiológico	microbiológicas
microbusero	microbuseros
microbusero	microbusera
microbusero	microbuseras
microfilmador	microfilmadores
microfilmador	microfilmadora
microfilmador	microfilmadoras
micrométrico	micrométricos
micrométrico	micrométrica
micrométrico	micrométricas
micronesio	micronesios
micronesio	micronesia
micronesio	micronesias
micropolítico	micropolíticos
micropolítico	micropolítica
micropolítico	micropolíticas
microscópico	microscópicos
microscópico	microscópica
microscópico	microscópicas
microtonal	microtonales
micénico	micénicos
micénico	micénica
micénico	micénicas
micótico	micóticos
micótico	micótica
micótico	micóticas
miedoso	miedosos
miedoso	miedosa
miedoso	miedosas
miedosísimo	miedosísimos
miedosísimo	miedosísima
miedosísimo	miedosísimas
mierdero	mierderos
mierdero	mierdera
mierdero	mierderas
mierdoso	mierdosos
mierdoso	mierdosa
mierdoso	mierdosas
mierense	mierenses
migoso	migosos
migoso	migosa
migoso	migosas
migratorio	migratorios
migratorio	migratoria
migratorio	migratorias
migueleño	migueleños
migueleño	migueleña
migueleño	migueleñas
mil	miles
milagrero	milagreros
milagrero	milagrera
milagrero	milagreras
milagroso	milagrosos
milagroso	milagrosa
milagroso	milagrosas
milanés	milaneses
milanés	milanesa
milanés	milanesas
milenario	milenarios
milenario	milenaria
milenario	milenarias
milesio	milesios
milesio	milesia
milesio	milesias
mileurista	mileuristas
mileísta	mileístas
miliaria	miliarias
miliciano	milicianos
miliciano	miliciana
miliciano	milicianas
milimétrico	milimétricos
milimétrico	milimétrica
milimétrico	milimétricas
milio	milios
milio	milia
milio	milias
militante	militantes
militar	militares
militarista	militaristas
miliunanochesco	miliunanochescos
miliunanochesco	miliunanochesca
miliunanochesco	miliunanochescas
millonario	millonarios
millonario	millonaria
millonario	millonarias
milmillonario	milmillonarios
milmillonario	milmillonaria
milmillonario	milmillonarias
milmillonésimo	milmillonésimos
milmillonésimo	milmillonésima
milmillonésimo	milmillonésimas
milonguero	milongueros
milonguero	milonguera
milonguero	milongueras
milpaneco	milpanecos
milpaneco	milpaneca
milpaneco	milpanecas
milpatense	milpatenses
milésima	
mimado	mimados
mimado	mimada
mimado	mimadas
mimador	mimadores
mimador	mimadora
mimador	mimadoras
mimbroso	mimbrosos
mimbroso	mimbrosa
mimbroso	mimbrosas
mimoso	mimosos
mimoso	mimosa
mimoso	mimosas
mimosáceo	mimosáceos
mimosáceo	mimosácea
mimosáceo	mimosáceas
mindoniense	mindonienses
mineral	
minero	mineros
minero	minera
minero	mineras
mineromedicinal	mineromedicinales
minetero	mineteros
minetero	minetera
minetero	mineteras
mingitorio	mingitorios
mingitorio	mingitoria
mingitorio	mingitorias
minifaldero	minifalderos
minifaldero	minifaldera
minifaldero	minifalderas
minimizador	minimizadores
minimizador	minimizadora
minimizador	minimizadoras
ministerial	ministeriales
ministrador	ministradores
ministrador	ministradora
ministrador	ministradoras
minoico	minoicos
minoico	minoica
minoico	minoicas
minuano	minuanos
minuano	minuana
minuano	minuanas
minucioso	minuciosos
minucioso	minuciosa
minucioso	minuciosas
minusválido	minusválidos
minusválido	minusválida
minusválido	minusválidas
minuto	minutos
minuto	minuta
minuto	minutas
minúsculo	minúsculos
minúsculo	minúscula
minúsculo	minúsculas
mioceno	miocenos
mioceno	miocena
mioceno	miocenas
miorrelajante	miorrelajantes
miotónico	miotónicos
miotónico	miotónica
miotónico	miotónicas
mirado	mirados
mirado	mirada
mirado	miradas
mirador	miradores
mirador	miradora
mirador	miradoras
miraflorino	miraflorinos
miraflorino	miraflorina
miraflorino	miraflorinas
mirandino	mirandinos
mirandino	mirandina
mirandino	mirandinas
mirandés	mirandeses
mirandés	mirandesa
mirandés	mirandesas
mirista	miristas
mirmego	mirmegos
mirmego	mirmega
mirmego	mirmegas
mirobrigense	mirobrigenses
mironcísimo	mironcísimos
mironcísimo	mironcísima
mironcísimo	mironcísimas
mirrado	mirrados
mirrado	mirrada
mirrado	mirradas
mirtino	mirtinos
mirtino	mirtina
mirtino	mirtinas
mirífico	miríficos
mirífico	mirífica
mirífico	miríficas
mirístico	mirísticos
mirístico	mirística
mirístico	mirísticas
mirón	mirones
mirón	mirona
mirón	mironas
misal	misales
misanteco	misantecos
misanteco	misanteca
misanteco	misantecas
misceláneo	misceláneos
misceláneo	miscelánea
misceláneo	misceláneas
miscible	miscibles
miserabilísimo	miserabilísimos
miserabilísimo	miserabilísima
miserabilísimo	miserabilísimas
miserable	miserables
miserable	miserabilísimo
misericordioso	misericordiosos
misericordioso	misericordiosa
misericordioso	misericordiosas
misero	miseros
misero	misera
misero	miseras
misesiano	
mishio	mishios
mishio	mishia
mishio	mishias
misho	mishos
misho	misha
misho	mishas
misio	misios
misio	misia
misio	misias
misionado	misionados
misionado	misionada
misionado	misionadas
misiva	misivas
mismo	mismos
mismo	misma
mismo	mismas
mismísimo	mismísimos
mismísimo	mismísima
mismísimo	mismísimas
misterioso	misteriosos
misterioso	misteriosa
misterioso	misteriosas
mistificador	mistificadores
mistificador	mistificadora
mistificador	mistificadoras
mistilíneo	mistilíneos
mistilíneo	mistilínea
mistilíneo	mistilíneas
mistongo	mistongos
mistongo	mistonga
mistongo	mistongas
mistérico	mistéricos
mistérico	mistérica
mistérico	mistéricas
misérrimo	misérrimos
misérrimo	misérrima
misérrimo	misérrimas
misógino	misóginos
misógino	misógina
misógino	misóginas
misólogo	misólogos
misólogo	misóloga
misólogo	misólogas
mitificador	mitificadores
mitificador	mitificadora
mitificador	mitificadoras
mitocondrial	mitocondriales
mitológico	mitológicos
mitológico	mitológica
mitológico	mitológicas
mitral	mitrales
mituano	mituanos
mituano	mituana
mituano	mituanas
mitómano	mitómanos
mitómano	mitómana
mitómano	mitómanas
mitótico	mitóticos
mitótico	mitótica
mitótico	mitóticas
mixe	mixes
mixteco	
mixtificador	mixtificadores
mixtificador	mixtificadora
mixtificador	mixtificadoras
mixtilíneo	mixtilíneos
mixtilíneo	mixtilínea
mixtilíneo	mixtilíneas
mixto	mixtos
mixto	mixta
mixto	mixtas
mizo	mizos
mizo	miza
mizo	mizas
mnemotécnico	mnemotécnicos
mnemotécnico	mnemotécnica
mnemotécnico	mnemotécnicas
mnemónico	mnemónicos
mnemónico	mnemónica
mnemónico	mnemónicas
mnémico	mnémicos
mnémico	mnémica
mnémico	mnémicas
mnésico	mnésicos
mnésico	mnésica
mnésico	mnésicas
moabita	moabitas
moble	mobles
moche	moches
mochica	mochicas
mochitense	mochitenses
mocho	mochos
mocho	mocha
mocho	mochas
mocoano	mocoanos
mocoano	mocoana
mocoano	mocoanas
mocoso	mocosos
mocoso	mocosa
mocoso	mocosas
mocoví	mocovís
mocoví	mocovíes
modal	modales
modelable	modelables
modelo	
modenés	modeneses
modenés	modenesa
modenés	modenesas
moderado	moderados
moderado	moderada
moderado	moderadas
moderador	moderadores
moderador	moderadora
moderador	moderadoras
modernista	modernistas
modernito	modernitos
modernito	modernita
modernito	modernitas
modernizador	modernizadores
modernizador	modernizadora
modernizador	modernizadoras
moderno	modernos
moderno	moderna
moderno	modernas
modesto	modestos
modesto	modesta
modesto	modestas
modificable	modificables
modificador	modificadores
modificador	modificadora
modificador	modificadoras
modorro	modorros
modorro	modorra
modorro	modorras
modoso	modosos
modoso	modosa
modoso	modosas
modular	modulares
modélico	modélicos
modélico	modélica
modélico	modélicas
mofletudo	mofletudos
mofletudo	mofletuda
mofletudo	mofletudas
mogólico	mogólicos
mogólico	mogólica
mogólico	mogólicas
mohoso	mohosos
mohoso	mohosa
mohoso	mohosas
mohíno	mohínos
mohíno	mohína
mohíno	mohínas
mojado	mojados
mojado	mojada
mojado	mojadas
mojaquero	
mojigato	mojigatos
mojigato	mojigata
mojigato	mojigatas
mojonero	
molar	molares
molcajeteado	molcajeteados
molcajeteado	molcajeteada
molcajeteado	molcajeteadas
moldavo	moldavos
moldavo	moldava
moldavo	moldavas
moldeado	moldeados
moldeado	moldeada
moldeado	moldeadas
moldeador	moldeadores
moldeador	moldeadora
moldeador	moldeadoras
moldovo	moldovos
moldovo	moldova
moldovo	moldovas
molecular	moleculares
molendero	molenderos
molendero	molendera
molendero	molenderas
molestador	molestadores
molestador	molestadora
molestador	molestadoras
molesto	molestos
molesto	molesta
molesto	molestas
molestoso	molestosos
molestoso	molestosa
molestoso	molestosas
molido	molidos
molido	molida
molido	molidas
molidísimo	molidísimos
molidísimo	molidísima
molidísimo	molidísimas
molletudo	molletudos
molletudo	molletuda
molletudo	molletudas
molosio	molosios
molosio	molosia
molosio	molosias
moloso	molosos
moloso	molosa
moloso	molosas
momeador	momeadores
momeador	momeadora
momeador	momeadoras
momentáneo	momentáneos
momentáneo	momentánea
momentáneo	momentáneas
momio	momios
momio	momia
momio	momias
monacal	monacales
monaguense	monaguenses
mondador	mondadores
mondador	mondadora
mondador	mondadoras
mondo	mondos
mondo	monda
mondo	mondas
monegasco	monegascos
monegasco	monegasca
monegasco	monegascas
monetario	monetarios
monetario	monetaria
monetario	monetarias
monfortino	monfortinos
monfortino	monfortina
monfortino	monfortinas
mongol	mongoles
mongol	mongola
mongol	mongolas
mongólico	mongólicos
mongólico	mongólica
mongólico	mongólicas
mono	monos
mono	mona
mono	monas
monoaural	
monocarpelar	monocarpelares
monoclamídeo	monoclamídeos
monoclamídeo	monoclamídea
monoclamídeo	monoclamídeas
monoclínico	monoclínicos
monoclínico	monoclínica
monoclínico	monoclínicas
monocotiledón	monocotiledones
monocotiledón	monocotiledona
monocotiledón	monocotiledonas
monocotiledóneo	monocotiledóneos
monocotiledóneo	monocotiledónea
monocotiledóneo	monocotiledóneas
monocromo	monocromos
monocromo	monocroma
monocromo	monocromas
monocromático	monocromáticos
monocromático	monocromática
monocromático	monocromáticas
monocular	monoculares
monoestable	monoestables
monofisita	monofisitas
monofásico	monofásicos
monofásico	monofásica
monofásico	monofásicas
monogámico	monogámicos
monogámico	monogámica
monogámico	monogámicas
monoico	monoicos
monoico	monoica
monoico	monoicas
monolingüe	monolingües
monolítico	monolíticos
monolítico	monolítica
monolítico	monolíticas
monomarental	monomarentales
monomodo	monomodos
mononeuronal	mononeuronales
monoparental	monoparentales
monorresonante	monorresonantes
monosexual	monosexuales
monospermo	monospermos
monospermo	monosperma
monospermo	monospermas
monostrófico	monostróficos
monostrófico	monostrófica
monostrófico	monostróficas
monosílabo	monosílabos
monosílabo	monosílaba
monosílabo	monosílabas
monoteico	monoteicos
monoteico	monoteica
monoteico	monoteicas
monotelita	monotelitas
monotemático	monotemáticos
monotemático	monotemática
monotemático	monotemáticas
monoteísta	monoteístas
monotrema	monotremas
monotremo	monotremos
monotremo	monotrema
monotremo	monotremas
monotributista	monotributistas
monotálamo	monotálamos
monotálamo	monotálama
monotálamo	monotálamas
monotético	monotéticos
monotético	monotética
monotético	monotéticas
monrubense	monrubenses
monstruoso	monstruosos
monstruoso	monstruosa
monstruoso	monstruosas
monstrígeno	monstrígenos
monstrígeno	monstrígena
monstrígeno	monstrígenas
montado	montados
montado	montada
montado	montadas
montalbeño	montalbeños
montalbeño	montalbeña
montalbeño	montalbeñas
montante	montantes
montaraz	montaraces
montañoso	montañosos
montañoso	montañosa
montañoso	montañosas
montañés	montañeses
montañés	montañesa
montañés	montañesas
montehermoseño	montehermoseños
montehermoseño	montehermoseña
montehermoseño	montehermoseñas
montejano	montejanos
montejano	montejana
montejano	montejanas
montenegrino	montenegrinos
montenegrino	montenegrina
montenegrino	montenegrinas
monteriano	monterianos
monteriano	monteriana
monteriano	monterianas
montero	monteros
montero	montera
montero	monteras
montesino	montesinos
montesino	montesina
montesino	montesinas
montevideano	montevideanos
montevideano	montevideana
montevideano	montevideanas
montoreño	montoreños
montoreño	montoreña
montoreño	montoreñas
montserratense	montserratenses
montserratino	montserratinos
montserratino	montserratina
montserratino	montserratinas
montuno	montunos
montuno	montuna
montuno	montunas
monumental	monumentales
monzónico	monzónicos
monzónico	monzónica
monzónico	monzónicas
monárquico	monárquicos
monárquico	monárquica
monárquico	monárquicas
monástico	monásticos
monástico	monástica
monástico	monásticas
monísimo	monísimos
monísimo	monísima
monísimo	monísimas
monódico	monódicos
monódico	monódica
monódico	monódicas
monógamo	monógamos
monógamo	monógama
monógamo	monógamas
monóptero	monópteros
monóptero	monóptera
monóptero	monópteras
monótomo	monótomos
monótomo	monótoma
monótomo	monótomas
monótono	monótonos
monótono	monótona
monótono	monótonas
monótrofo	monótrofos
monótrofo	monótrofa
monótrofo	monótrofas
moquiento	moquientos
moquiento	moquienta
moquiento	moquientas
morado	morados
morado	morada
morado	moradas
morador	moradores
morador	moradora
morador	moradoras
moral	morales
moralejo	moralejos
moralejo	moraleja
moralejo	moralejas
moralista	moralistas
moralizador	moralizadores
moralizador	moralizadora
moralizador	moralizadoras
moralizante	moralizantes
moravo	moravos
moravo	morava
moravo	moravas
morboso	morbosos
morboso	morbosa
morboso	morbosas
morbosísimo	morbosísimos
morbosísimo	morbosísima
morbosísimo	morbosísimas
mordaz	mordaces
mordedor	mordedores
mordedor	mordedora
mordedor	mordedoras
morelense	morelenses
moreliano	morelianos
moreliano	moreliana
moreliano	morelianas
morenillo	morenillos
morenillo	morenilla
morenillo	morenillas
morenito	morenitos
morenito	morenita
morenito	morenitas
moreno	morenos
moreno	morena
moreno	morenas
morfogenético	morfogenéticos
morfogenético	morfogenética
morfogenético	morfogenéticas
morfológico	morfológicos
morfológico	morfológica
morfológico	morfológicas
morfón	morfones
morfón	morfona
morfón	morfonas
morganático	morganáticos
morganático	morganática
morganático	morganáticas
moribundo	moribundos
moribundo	moribunda
moribundo	moribundas
morigerado	morigerados
morigerado	morigerada
morigerado	morigeradas
morisco	moriscos
morisco	morisca
morisco	moriscas
morlaco	morlacos
morlaco	morlaca
morlaco	morlacas
mormoso	mormosos
mormoso	mormosa
mormoso	mormosas
mormónico	mormónicos
mormónico	mormónica
mormónico	mormónicas
moro	moros
moro	mora
moro	moras
morocho	morochos
morocho	morocha
morocho	morochas
moroleonés	moroleoneses
moroleonés	moroleonesa
moroleonés	moroleonesas
moroso	morosos
moroso	morosa
moroso	morosas
morrocotudo	morrocotudos
morrocotudo	morrocotuda
morrocotudo	morrocotudas
morrudo	morrudos
morrudo	morruda
morrudo	morrudas
mortal	mortales
mortecino	mortecinos
mortecino	mortecina
mortecino	mortecinas
mortificador	mortificadores
mortificador	mortificadora
mortificador	mortificadoras
mortuorio	mortuorios
mortuorio	mortuoria
mortuorio	mortuorias
mortífero	mortíferos
mortífero	mortífera
mortífero	mortíferas
mosaico	mosaicos
mosaico	mosaica
mosaico	mosaicas
mosca	moscas
moscovita	moscovitas
moscovítico	moscovíticos
moscovítico	moscovítica
moscovítico	moscovíticas
mosquicida	mosquicidas
mostoleño	mostoleños
mostoleño	mostoleña
mostoleño	mostoleñas
mostoso	
mostrenco	mostrencos
mostrenco	mostrenca
mostrenco	mostrencas
mostrón	mostrones
mostrón	mostrona
mostrón	mostronas
moteado	moteados
moteado	moteada
moteado	moteadas
motejador	motejadores
motejador	motejadora
motejador	motejadoras
motero	moteros
motero	motera
motero	moteras
motivador	motivadores
motivador	motivadora
motivador	motivadoras
moto	motos
moto	mota
moto	motas
motociclista	motociclistas
motociclístico	motociclísticos
motociclístico	motociclística
motociclístico	motociclísticas
motoquero	motoqueros
motoquero	motoquera
motoquero	motoqueras
motor	motores
motor	motora
motor	motoras
motrileño	motrileños
motrileño	motrileña
motrileño	motrileñas
movedizo	movedizos
movedizo	movediza
movedizo	movedizas
movedor	movedores
movedor	movedora
movedor	movedoras
movible	movibles
mozambiqueño	mozambiqueños
mozambiqueño	mozambiqueña
mozambiqueño	mozambiqueñas
mozo	mozos
mozo	moza
mozo	mozas
mozárabe	mozárabes
muchachil	muchachiles
muchachito	muchachitos
muchachito	muchachita
muchachito	muchachitas
mucho	muchos
mucho	mucha
mucho	muchas
muchísimo	muchísimos
muchísimo	muchísima
muchísimo	muchísimas
mucilaginoso	mucilaginosos
mucilaginoso	mucilaginosa
mucilaginoso	mucilaginosas
mucoso	mucosos
mucoso	mucosa
mucoso	mucosas
mucre	mucres
mucronado	mucronados
mucronado	mucronada
mucronado	mucronadas
mucronata	
mucronato	mucronatos
mucronato	mucronata
mucronato	mucronatas
mucroniforme	mucroniformes
mucronífero	mucroníferos
mucronífero	mucronífera
mucronífero	mucroníferas
mucróneo	mucróneos
mucróneo	mucrónea
mucróneo	mucróneas
mucífero	mucíferos
mucífero	mucífera
mucífero	mucíferas
mudable	mudables
mudadizo	mudadizos
mudadizo	mudadiza
mudadizo	mudadizas
mudo	mudos
mudo	muda
mudo	mudas
mueble	muebles
muelle	muelles
muerto	muertos
muerto	muerta
muerto	muertas
mueso	muesos
mueso	muesa
mueso	muesas
muestral	muestrales
mufado	
mugidor	mugidores
mugidor	mugidora
mugidor	mugidoras
mugriento	mugrientos
mugriento	mugrienta
mugriento	mugrientas
muisca	muiscas
mujeriego	mujeriegos
mujeriego	mujeriega
mujeriego	mujeriegas
mujeril	mujeriles
mujo	mujos
mujo	muja
mujo	mujas
mula	mulas
muladí	muladís
muladí	muladíes
mular	mulares
mulato	mulatos
mulato	mulata
mulato	mulatas
mulero	muleros
mulero	mulera
mulero	muleras
mulso	mulsos
mulso	mulsa
mulso	mulsas
multicaule	multicaules
multicolor	multicolores
multicopista	multicopistas
multicultural	multiculturales
multicéntrico	multicéntricos
multicéntrico	multicéntrica
multicéntrico	multicéntricas
multijugador	multijugadores
multilateral	multilaterales
multilenguaje	
multilingüe	multilingües
multimedia	
multimillonario	multimillonarios
multimillonario	multimillonaria
multimillonario	multimillonarias
multimodo	multimodos
multinacional	multinacionales
multioficios	
multiplicable	multiplicables
multiplicador	multiplicadores
multiplicador	multiplicadora
multiplicador	multiplicadoras
multipropósito	
multirreincidente	multirreincidentes
multirresonante	multirresonantes
multitudinario	multitudinarios
multitudinario	multitudinaria
multitudinario	multitudinarias
multiuso	multiusos
multiusos	
multiétnico	multiétnicos
multiétnico	multiétnica
multiétnico	multiétnicas
mumar	mumarim
mumar	mumará
mumar	mumarot
mundano	mundanos
mundano	mundana
mundano	mundanas
mundial	mundiales
mundialero	mundialeros
mundialero	mundialera
mundialero	mundialeras
mundialista	mundialistas
municipal	municipales
munificente	munificentes
muniqués	muniqueses
muniqués	muniquesa
muniqués	muniquesas
munífico	muníficos
munífico	munífica
munífico	muníficas
muradita	muraditas
murador	muradores
murador	muradora
murador	muradoras
mural	murales
murciano	murcianos
murciano	murciana
murciano	murcianas
murmurador	murmuradores
murmurador	murmuradora
murmurador	murmuradoras
murmurón	murmurones
murmurón	murmurona
murmurón	murmuronas
musageta	musagetas
musarela	
musco	muscos
musco	musca
musco	muscas
muscular	musculares
musculoso	musculosos
musculoso	musculosa
musculoso	musculosas
museológico	museológicos
museológico	museológica
museológico	museológicas
musical	musicales
muslim	muslims
muslime	muslimes
muso	musos
muso	musa
muso	musas
mustio	mustios
mustio	mustia
mustio	mustias
mustélido	mustélidos
mustélido	mustélida
mustélido	mustélidas
musulmán	musulmanes
musulmán	musulmana
musulmán	musulmanas
mutante	mutantes
mutilador	mutiladores
mutilador	mutiladora
mutilador	mutiladoras
mutual	mutuales
mutualista	mutualistas
mutuo	mutuos
mutuo	mutua
mutuo	mutuas
muyahid	muyahides
muyahidín	muyahidines
muyahidín	muyahidina
muyahidín	muyahidinas
muzarela	
muñequito	muñequitos
muñequito	muñequita
muñequito	muñequitas
muñidor	muñidores
muñidor	muñidora
muñidor	muñidoras
máfico	máficos
máfico	máfica
máfico	máficas
mágico	mágicos
mágico	mágica
mágico	mágicas
máncer	mánceres
mántico	mánticos
mántico	mántica
mántico	mánticas
más	
másculo	másculos
másico	másicos
másico	másica
másico	másicas
máximo	máximos
máximo	máxima
máximo	máximas
médico	médicos
médico	médica
médico	médicas
mérito	
métrico	métricos
métrico	métrica
métrico	métricas
mínimo	mínimos
mínimo	mínima
mínimo	mínimas
mío	
mísero	míseros
mísero	mísera
mísero	míseras
mísero	misérrimo
místico	místicos
místico	mística
místico	místicas
mítico	míticos
mítico	mítica
mítico	míticas
móbil	móbiles
módico	módicos
módico	módica
módico	módicas
mórbido	mórbidos
mórbido	mórbida
mórbido	mórbidas
mórbido	morbidísimo
móvil	móviles
múltiple	múltiples
múltiplo	múltiplos
múrido	múridos
múrido	múrida
múrido	múridas
múrrino	múrrinos
múrrino	múrrina
múrrino	múrrinas
mútilo	mútilos
mútilo	mútila
mútilo	mútilas
nabo	nabos
nabo	naba
nabo	nabas
nacarado	nacarados
nacarado	nacarada
nacarado	nacaradas
nacho	nachos
nacho	nacha
nacho	nachas
nacianceno	naciancenos
nacianceno	naciancena
nacianceno	naciancenas
nacida	
nacido	nacidos
nacido	nacida
nacido	nacidas
naciente	nacientes
nacimentero	
nacional	nacionales
nacionalista	nacionalistas
nacionalpopulista	nacionalpopulistas
nacionalsocialista	nacionalsocialistas
nacista	nacistas
naco	nacos
naco	naca
naco	nacas
nadador	nadadores
nadador	nadadora
nadador	nadadoras
nadante	nadantes
naftero	nafteros
naftero	naftera
naftero	nafteras
naif	naifs
nalgudo	nalgudos
nalgudo	nalguda
nalgudo	nalgudas
nalgón	nalgones
nalgón	nalgona
nalgón	nalgonas
namibio	namibios
namibio	namibia
namibio	namibias
naonato	naonatos
naonato	naonata
naonato	naonatas
napolitano	napolitanos
napolitano	napolitana
napolitano	napolitanas
naranja	naranjas
naranjero	
narcisista	narcisistas
narcoléptico	narcolépticos
narcoléptico	narcoléptica
narcoléptico	narcolépticas
narcotizador	narcotizadores
narcotizador	narcotizadora
narcotizador	narcotizadoras
narcótico	narcóticos
narcótico	narcótica
narcótico	narcóticas
narigudo	narigudos
narigudo	nariguda
narigudo	narigudas
narigueta	nariguetas
narigón	narigones
narigón	narigona
narigón	narigonas
narizón	narizones
narizón	narizona
narizón	narizonas
nariñense	nariñenses
narrador	narradores
narrador	narradora
narrador	narradoras
narrativo	narrativos
narrativo	narrativa
narrativo	narrativas
nasa	nasas
nasal	nasales
nasca	nascas
natal	natales
natalicio	natalicios
natalicio	natalicia
natalicio	natalicias
natalino	
natatorio	natatorios
natatorio	natatoria
natatorio	natatorias
nativista	nativistas
nativo	nativos
nativo	nativa
nativo	nativas
nato	natos
nato	nata
nato	natas
natural	naturales
natátil	natátiles
nauruano	nauruanos
nauruano	nauruana
nauruano	nauruanas
nauseabundo	nauseabundos
nauseabundo	nauseabunda
nauseabundo	nauseabundas
nauseativo	nauseativos
nauseativo	nauseativa
nauseativo	nauseativas
navajo	navajos
navajo	navaja
navajo	navajas
naval	navales
navarrense	
navarro	navarros
navarro	navarra
navarro	navarras
navegador	navegadores
navegador	navegadora
navegador	navegadoras
navegante	navegantes
navero	naveros
navero	navera
navero	naveras
navideño	navideños
navideño	navideña
navideño	navideñas
naviero	navieros
naviero	naviera
naviero	navieras
naviforme	naviformes
navífrago	navífragos
navífrago	navífraga
navífrago	navífragas
nayarita	nayaritas
nazareno	nazarenos
nazareno	nazarena
nazareno	nazarenas
nazareo	nazareos
nazareo	nazarea
nazareo	nazareas
nazca	nazcas
nazi	nazis
nazireo	nazireos
nazireo	nazirea
nazireo	nazireas
nazista	nazistas
naíf	naífs
naóforo	naóforos
naóforo	naófora
naóforo	naóforas
neblinoso	neblinosos
neblinoso	neblinosa
neblinoso	neblinosas
nebulizador	nebulizadores
nebulizador	nebulizadora
nebulizador	nebulizadoras
nebuloso	nebulosos
nebuloso	nebulosa
nebuloso	nebulosas
necesario	necesarios
necesario	necesaria
necesario	necesarias
necesitado	necesitados
necesitado	necesitada
necesitado	necesitadas
necio	necios
necio	necia
necio	necias
necochense	
necrológico	necrológicos
necrológico	necrológica
necrológico	necrológicas
necromántico	necrománticos
necromántico	necromántica
necromántico	necrománticas
necroscópico	necroscópicos
necroscópico	necroscópica
necroscópico	necroscópicas
necrófilo	necrófilos
necrófilo	necrófila
necrófilo	necrófilas
necrópsico	necrópsicos
necrópsico	necrópsica
necrópsico	necrópsicas
necrótico	necróticos
necrótico	necrótica
necrótico	necróticas
nectarívoro	nectarívoros
nectarívoro	nectarívora
nectarívoro	nectarívoras
nectónico	nectónicos
nectónico	nectónica
nectónico	nectónicas
neerlandés	neerlandeses
neerlandés	neerlandesa
neerlandés	neerlandesas
nefalista	nefalistas
nefando	nefandos
nefando	nefanda
nefando	nefandas
nefario	nefarios
nefario	nefaria
nefario	nefarias
nefasto	nefastos
nefasto	nefasta
nefasto	nefastas
nefelegereta	nefelegeretas
nefelibata	nefelibatas
nefrológico	nefrológicos
nefrológico	nefrológica
nefrológico	nefrológicas
negable	negables
negacionista	negacionistas
negado	negados
negado	negada
negado	negadas
negador	negadores
negador	negadora
negador	negadoras
negante	negantes
negativo	negativos
negativo	negativa
negativo	negativas
negligente	negligentes
negociable	
negociado	negociados
negociado	negociada
negociado	negociadas
negociador	negociadores
negociador	negociadora
negociador	negociadoras
negra	
negrero	negreros
negrero	negrera
negrero	negreras
negrestino	negrestinos
negrestino	negrestina
negrestino	negrestinas
negrillo	negrillos
negrillo	negrilla
negrillo	negrillas
negrito	negritos
negrito	negrita
negrito	negritas
negrizco	negrizcos
negrizco	negrizca
negrizco	negrizcas
negro	negros
negro	negra
negro	negras
negro	negrísimo
negro	nigérrimo
negruzco	negruzcos
negruzco	negruzca
negruzco	negruzcas
negrísimo	negrísimos
negrísimo	negrísima
negrísimo	negrísimas
neivano	neivanos
neivano	neivana
neivano	neivanas
nejo	nejos
nejo	neja
nejo	nejas
nematológico	nematológicos
nematológico	nematológica
nematológico	nematológicas
nemotécnico	nemotécnicos
nemotécnico	nemotécnica
nemotécnico	nemotécnicas
nemátodo	nemátodos
nemátodo	nemátoda
nemátodo	nemátodas
nemónico	nemónicos
nemónico	nemónica
nemónico	nemónicas
nenito	nenitos
nenito	nenita
nenito	nenitas
neocaledonio	neocaledonios
neocaledonio	neocaledonia
neocaledonio	neocaledonias
neoclásico	neoclásicos
neoclásico	neoclásica
neoclásico	neoclásicas
neocolonialista	neocolonialistas
neoespartano	neoespartanos
neoespartano	neoespartana
neoespartano	neoespartanas
neogranadino	neogranadinos
neogranadino	neogranadina
neogranadino	neogranadinas
neoleonés	neoleoneses
neoleonés	neoleonesa
neoleonés	neoleonesas
neolítico	neolíticos
neolítico	neolítica
neolítico	neolíticas
neológico	neológicos
neológico	neológica
neológico	neológicas
neomexicano	neomexicanos
neomexicano	neomexicana
neomexicano	neomexicanas
neoplásico	neoplásicos
neoplásico	neoplásica
neoplásico	neoplásicas
neorrústico	neorrústicos
neorrústico	neorrústica
neorrústico	neorrústicas
neotestamentario	neotestamentarios
neotestamentario	neotestamentaria
neotestamentario	neotestamentarias
neoyorkino	neoyorkinos
neoyorkino	neoyorkina
neoyorkino	neoyorkinas
neoyorquino	neoyorquinos
neoyorquino	neoyorquina
neoyorquino	neoyorquinas
neozelandés	neozelandeses
neozelandés	neozelandesa
neozelandés	neozelandesas
neozoico	neozoicos
neozoico	neozoica
neozoico	neozoicas
nepalés	nepaleses
nepalés	nepalesa
nepalés	nepalesas
nepalí	nepalís
nepalí	nepalíes
neptuniano	neptunianos
neptuniano	neptuniana
neptuniano	neptunianas
neptúneo	neptúneos
neptúneo	neptúnea
neptúneo	neptúneas
neroniano	neronianos
neroniano	neroniana
neroniano	neronianas
neroniense	neronienses
nervado	nervados
nervado	nervada
nervado	nervadas
nerval	nervales
nervimotor	nervimotores
nervimotor	nervimotora
nervimotor	nervimotoras
nervino	nervinos
nervino	nervina
nervino	nervinas
nervioso	nerviosos
nervioso	nerviosa
nervioso	nerviosas
nerviosísimo	nerviosísimos
nerviosísimo	nerviosísima
nerviosísimo	nerviosísimas
nervoso	nervosos
nervoso	nervosa
nervoso	nervosas
nervudo	nervudos
nervudo	nervuda
nervudo	nervudas
nerónico	nerónicos
nerónico	nerónica
nerónico	nerónicas
neseo	neseos
neseo	nesea
neseo	neseas
nestoriano	nestorianos
nestoriano	nestoriana
nestoriano	nestorianas
neto	netos
neto	neta
neto	netas
neumológico	neumológicos
neumológico	neumológica
neumológico	neumológicas
neumático	neumáticos
neumático	neumática
neumático	neumáticas
neuquino	neuquinos
neuquino	neuquina
neuquino	neuquinas
neurasténico	neurasténicos
neurasténico	neurasténica
neurasténico	neurasténicas
neuroanatómico	neuroanatómicos
neuroanatómico	neuroanatómica
neuroanatómico	neuroanatómicas
neurobiológico	neurobiológicos
neurobiológico	neurobiológica
neurobiológico	neurobiológicas
neurodivergente	neurodivergentes
neurológico	neurológicos
neurológico	neurológica
neurológico	neurológicas
neuronal	neuronales
neuropático	neuropáticos
neuropático	neuropática
neuropático	neuropáticas
neurorradiológico	neurorradiológicos
neurorradiológico	neurorradiológica
neurorradiológico	neurorradiológicas
neurotípico	neurotípicos
neurotípico	neurotípica
neurotípico	neurotípicas
neurálgico	neurálgicos
neurálgico	neurálgica
neurálgico	neurálgicas
neurótico	neuróticos
neurótico	neurótica
neurótico	neuróticas
neutral	neutrales
neutralizador	neutralizadores
neutralizador	neutralizadora
neutralizador	neutralizadoras
neutralizante	neutralizantes
neutro	neutros
neutro	neutra
neutro	neutras
neutrínico	neutrínicos
neutrínico	neutrínica
neutrínico	neutrínicas
nevada	
nevado	nevados
nevado	nevada
nevado	nevadas
neval	
nevoso	nevosos
nevoso	nevosa
nevoso	nevosas
neófito	neófitos
neófito	neófita
neófito	neófitas
neógeno	neógenos
neógeno	neógena
neógeno	neógenas
nicaragüense	nicaragüenses
niche	niches
nicolasromerense	nicolasromerenses
nicolaíta	nicolaítas
nicoleño	
nicolita	nicolitas
nictálope	nictálopes
nietecito	nietecitos
nietecito	nietecita
nietecito	nietecitas
nietito	nietitos
nietito	nietita
nietito	nietitas
nietzscheano	nietzscheanos
nietzscheano	nietzscheana
nietzscheano	nietzscheanas
nigeriano	nigerianos
nigeriano	nigeriana
nigeriano	nigerianas
nigerino	nigerinos
nigerino	nigerina
nigerino	nigerinas
nigromántico	nigrománticos
nigromántico	nigromántica
nigromántico	nigrománticas
nihilista	nihilistas
nijareño	
nimboso	nimbosos
nimboso	nimbosa
nimboso	nimbosas
nimio	nimios
nimio	nimia
nimio	nimias
ningun	
ninguno	ningunos
ninguno	ninguna
ninguno	ningunas
ningún	
ninja	ninjas
nipón	nipones
nipón	nipona
nipón	niponas
niueño	niueños
niueño	niueña
niueño	niueñas
nival	nivales
nivelador	niveladores
nivelador	niveladora
nivelador	niveladoras
nivoso	nivosos
nivoso	nivosa
nivoso	nivosas
nizardo	nizardos
nizardo	nizarda
nizardo	nizardas
nizarí	nizarís
nizarí	nizaríes
nobelable	nobelables
nobiliario	nobiliarios
nobiliario	nobiliaria
nobiliario	nobiliarias
nobilísimo	nobilísimos
nobilísimo	nobilísima
nobilísimo	nobilísimas
noble	nobles
noble	nobilísimo
nocherniego	nocherniegos
nocherniego	nocherniega
nocherniego	nocherniegas
nochero	nocheros
nochero	nochera
nochero	nocheras
nocivo	nocivos
nocivo	nociva
nocivo	nocivas
nocturno	nocturnos
nocturno	nocturna
nocturno	nocturnas
noctámbulo	noctámbulos
noctámbulo	noctámbula
noctámbulo	noctámbulas
noctívago	noctívagos
noctívago	noctívaga
noctívago	noctívagas
noemático	noemáticos
noemático	noemática
noemático	noemáticas
nomenclatural	nomenclaturales
nominal	nominales
nominalizador	nominalizadores
nominalizador	nominalizadora
nominalizador	nominalizadoras
nominalizante	nominalizantes
nominativo	nominativos
nominativo	nominativa
nominativo	nominativas
non	nones
nonagenario	nonagenarios
nonagenario	nonagenaria
nonagenario	nonagenarias
nonagonal	nonagonales
nonamestral	nonamestrales
nonato	nonatos
nonato	nonata
nonato	nonatas
nonillizo	nonillizos
nonillizo	nonilliza
nonillizo	nonillizas
nonnato	nonnatos
nonnato	nonnata
nonnato	nonnatas
nonágono	nonágonos
nonágono	nonágona
nonágono	nonágonas
noob	noobs
norcoreano	norcoreanos
norcoreano	norcoreana
norcoreano	norcoreanas
norirlandés	norirlandeses
norirlandés	norirlandesa
norirlandés	norirlandesas
normal	normales
normalista	normalistas
normando	normandos
normando	normanda
normando	normandas
normativo	normativos
normativo	normativa
normativo	normativas
normie	normies
norsahariano	norsaharianos
norsahariano	norsahariana
norsahariano	norsaharianas
norsantandereano	norsantandereanos
norsantandereano	norsantandereana
norsantandereano	norsantandereanas
norte	
norteamericano	norteamericanos
norteamericano	norteamericana
norteamericano	norteamericanas
nortesantandereano	nortesantandereanos
nortesantandereano	nortesantandereana
nortesantandereano	nortesantandereanas
norteño	norteños
norteño	norteña
norteño	norteñas
nortino	nortinos
nortino	nortina
nortino	nortinas
noruego	noruegos
noruego	noruega
noruego	noruegas
norvietnamita	norvietnamitas
nosológico	nosológicos
nosológico	nosológica
nosológico	nosológicas
nostálgico	nostálgicos
nostálgico	nostálgica
nostálgico	nostálgicas
notabilísimo	notabilísimos
notabilísimo	notabilísima
notabilísimo	notabilísimas
notable	notables
notable	notabilísimo
notarial	notariales
noticiero	noticieros
noticiero	noticiera
noticiero	noticieras
noticioso	noticiosos
noticioso	noticiosa
noticioso	noticiosas
noto	notos
noto	nota
noto	notas
notorio	notorios
notorio	notoria
notorio	notorias
nouménico	nouménicos
nouménico	nouménica
nouménico	nouménicas
novato	novatos
novato	novata
novato	novatas
novedoso	novedosos
novedoso	novedosa
novedoso	novedosas
novel	noveles
novelable	novelables
novelero	noveleros
novelero	novelera
novelero	noveleras
novelesco	novelescos
novelesco	novelesca
novelesco	novelescas
novelístico	novelísticos
novelístico	novelística
novelístico	novelísticas
noventavo	noventavos
noventavo	noventava
noventavo	noventavas
noventoso	noventosos
noventoso	noventosa
noventoso	noventosas
novo	novos
novo	nova
novo	novas
novísimo	novísimos
novísimo	novísima
novísimo	novísimas
noxal	noxales
noético	noéticos
noético	noética
noético	noéticas
nublado	nublados
nublado	nublada
nublado	nubladas
nublado	nubladísimo
nubladísimo	nubladísimos
nubladísimo	nubladísima
nubladísimo	nubladísimas
nuboso	nubosos
nuboso	nubosa
nuboso	nubosas
nuclear	nucleares
nucleico	nucleicos
nucleico	nucleica
nucleico	nucleicas
nudista	nudistas
nudo	nudos
nudo	nuda
nudo	nudas
nudoso	nudosos
nudoso	nudosa
nudoso	nudosas
nuesa	nuesas
nueso	nuesos
nueso	nuesa
nueso	nuesas
nuestra	nuestras
nuestraamericano	nuestraamericanos
nuestraamericano	nuestraamericana
nuestraamericano	nuestraamericanas
nuestro	nuestros
nuestro	nuestra
nuestro	nuestras
nuestroamericano	nuestroamericanos
nuestroamericano	nuestroamericana
nuestroamericano	nuestroamericanas
nuevejuliense	nuevejulienses
nuevo	nuevos
nuevo	nueva
nuevo	nuevas
nuevo	novísimo
nuevo	nuevísimo
nuevísimo	nuevísimos
nuevísimo	nuevísima
nuevísimo	nuevísimas
nullius	
nulo	nulos
nulo	nula
nulo	nulas
numantino	numantinos
numantino	numantina
numantino	numantinas
numeral	numerales
numerario	numerarios
numerario	numeraria
numerario	numerarias
numeroso	numerosos
numeroso	numerosa
numeroso	numerosas
numérico	numéricos
numérico	numérica
numérico	numéricas
numífero	numíferos
numífero	numífera
numífero	numíferas
nuncupativo	nuncupativos
nuncupativo	nuncupativa
nuncupativo	nuncupativas
nuncupatorio	nuncupatorios
nuncupatorio	nuncupatoria
nuncupatorio	nuncupatorias
nupcial	nupciales
nupturiente	nupturientes
nutable	nutables
nutrible	nutribles
nutricio	nutricios
nutricio	nutricia
nutricio	nutricias
nutricional	nutricionales
nutrido	nutridos
nutrido	nutrida
nutrido	nutridas
nutriente	nutrientes
nutritivo	nutritivos
nutritivo	nutritiva
nutritivo	nutritivas
nuyorriqueño	nuyorriqueños
nuyorriqueño	nuyorriqueña
nuyorriqueño	nuyorriqueñas
náufrago	náufragos
náufrago	náufraga
náufrago	náufragas
náutico	náuticos
náutico	náutica
náutico	náuticas
néfrico	néfricos
néfrico	néfrica
néfrico	néfricas
néisico	néisicos
néisico	néisica
néisico	néisicas
némico	némicos
némico	némica
némico	némicas
nérveo	nérveos
nérveo	nérvea
nérveo	nérveas
nítido	nítidos
nítido	nítida
nítido	nítidas
nítrico	nítricos
nítrico	nítrica
nítrico	nítricas
níveo	níveos
níveo	nívea
níveo	níveas
nómada	nómadas
nónuple	nónuples
nónuplo	nónuplos
nónuplo	nónupla
nónuplo	nónuplas
nórdico	nórdicos
nórdico	nórdica
nórdico	nórdicas
nóstico	nósticos
nóstico	nóstica
nóstico	nósticas
núbil	núbiles
oaxaqueño	oaxaqueños
oaxaqueño	oaxaqueña
oaxaqueño	oaxaqueñas
obcecado	obcecados
obcecado	obcecada
obcecado	obcecadas
obedecedor	obedecedores
obedecedor	obedecedora
obedecedor	obedecedoras
obediente	obedientes
obeso	obesos
obeso	obesa
obeso	obesas
obesogénico	obesogénicos
obesogénico	obesogénica
obesogénico	obesogénicas
obesógeno	obesógenos
obesógeno	obesógena
obesógeno	obesógenas
objetable	objetables
objetivo	objetivos
objetivo	objetiva
objetivo	objetivas
objetor	objetores
objetor	objetora
objetor	objetoras
objetófilo	objetófilos
objetófilo	objetófila
objetófilo	objetófilas
oblaminoso	oblaminosos
oblaminoso	oblaminosa
oblaminoso	oblaminosas
oblicuo	oblicuos
oblicuo	oblicua
oblicuo	oblicuas
obligado	obligados
obligado	obligada
obligado	obligadas
obligado	obligadísimo
obligadísimo	obligadísimos
obligadísimo	obligadísima
obligadísimo	obligadísimas
obligante	obligantes
obligativo	obligativos
obligativo	obligativa
obligativo	obligativas
obligatorio	obligatorios
obligatorio	obligatoria
obligatorio	obligatorias
obliterador	obliteradores
obliterador	obliteradora
obliterador	obliteradoras
oblongo	oblongos
oblongo	oblonga
oblongo	oblongas
obnoxio	obnoxios
obnoxio	obnoxia
obnoxio	obnoxias
obovado	obovados
obovado	obovada
obovado	obovadas
oboval	obovales
obrador	obradores
obrador	obradora
obrador	obradoras
obregonense	obregonenses
obrero	obreros
obrero	obrera
obrero	obreras
obsceno	obscenos
obsceno	obscena
obsceno	obscenas
obscuro	obscuros
obscuro	obscura
obscuro	obscuras
obsecuente	obsecuentes
obsecuente	obsecuentísimo
obsecuentísimo	obsecuentísimos
obsecuentísimo	obsecuentísima
obsecuentísimo	obsecuentísimas
obsequiador	obsequiadores
obsequiador	obsequiadora
obsequiador	obsequiadoras
observable	
observador	observadores
observador	observadora
observador	observadoras
obsesionante	obsesionantes
obsesivo	obsesivos
obsesivo	obsesiva
obsesivo	obsesivas
obseso	obsesos
obseso	obsesa
obseso	obsesas
obsoleto	obsoletos
obsoleto	obsoleta
obsoleto	obsoletas
obstante	obstantes
obstinado	obstinados
obstinado	obstinada
obstinado	obstinadas
obstruccionista	obstruccionistas
obtentor	obtentores
obtentor	obtentora
obtentor	obtentoras
obturador	obturadores
obturador	obturadora
obturador	obturadoras
obtuso	obtusos
obtuso	obtusa
obtuso	obtusas
obtusángulo	obtusángulos
obtusángulo	obtusángula
obtusángulo	obtusángulas
obventicio	obventicios
obventicio	obventicia
obventicio	obventicias
obverso	obversos
obverso	obversa
obverso	obversas
obviable	obviables
obvio	obvios
obvio	obvia
obvio	obvias
obyecto	obyectos
obyecto	obyecta
obyecto	obyectas
ocal	ocales
ocasionador	ocasionadores
ocasionador	ocasionadora
ocasionador	ocasionadoras
ocasional	ocasionales
occidental	occidentales
occiso	occisos
occiso	occisa
occiso	occisas
occitano	occitanos
occitano	occitana
occitano	occitanas
oceanográfico	oceanográficos
oceanográfico	oceanográfica
oceanográfico	oceanográficas
oceánico	oceánicos
oceánico	oceánica
oceánico	oceánicas
ochavo	
ochentavo	ochentavos
ochentavo	ochentava
ochentavo	ochentavas
ochomesino	ochomesinos
ochomesino	ochomesina
ochomesino	ochomesinas
ocioso	ociosos
ocioso	ociosa
ocioso	ociosas
oclusivo	oclusivos
oclusivo	oclusiva
oclusivo	oclusivas
ocre	ocres
ocráceo	ocráceos
ocráceo	ocrácea
ocráceo	ocráceas
octagonal	octagonales
octal	octales
octaédrico	octaédricos
octaédrico	octaédrica
octaédrico	octaédricas
octillizo	octillizos
octillizo	octilliza
octillizo	octillizas
octocampeón	octocampeones
octocampeón	octocampeona
octocampeón	octocampeonas
octodecágono	octodecágonos
octodecágono	octodecágona
octodecágono	octodecágonas
octogenario	octogenarios
octogenario	octogenaria
octogenario	octogenarias
octogonal	octogonales
octosílabo	octosílabos
octosílabo	octosílaba
octosílabo	octosílabas
octágono	octágonos
octágono	octágona
octágono	octágonas
octógono	octógonos
octógono	octógona
octógono	octógonas
octópodo	octópodos
octópodo	octópoda
octópodo	octópodas
ocular	oculares
oculomotor	oculomotores
oculomotor	oculomotora
oculomotor	oculomotoras
ocultador	ocultadores
ocultador	ocultadora
ocultador	ocultadoras
oculto	ocultos
oculto	oculta
oculto	ocultas
ocupado	ocupados
ocupado	ocupada
ocupado	ocupadas
ocupadísimo	ocupadísimos
ocupadísimo	ocupadísima
ocupadísimo	ocupadísimas
ocurrente	ocurrentes
odiador	odiadores
odiador	odiadora
odiador	odiadoras
odiante	odiantes
odioso	odiosos
odioso	odiosa
odioso	odiosas
odiosísimo	odiosísimos
odiosísimo	odiosísima
odiosísimo	odiosísimas
odontológico	odontológicos
odontológico	odontológica
odontológico	odontológicas
odontálgico	odontálgicos
odontálgico	odontálgica
odontálgico	odontálgicas
odorable	odorables
odorante	odorantes
odorífero	odoríferos
odorífero	odorífera
odorífero	odoríferas
odorífico	odoríficos
odorífico	odorífica
odorífico	odoríficas
oeste	
ofendedor	ofendedores
ofendedor	ofendedora
ofendedor	ofendedoras
ofendidizo	ofendidizos
ofendidizo	ofendidiza
ofendidizo	ofendidizas
ofendido	ofendidos
ofendido	ofendida
ofendido	ofendidas
ofensivo	ofensivos
ofensivo	ofensiva
ofensivo	ofensivas
ofensor	ofensores
ofensor	ofensora
ofensor	ofensoras
oficial	oficiales
oficiante	oficiantes
oficioso	oficiosos
oficioso	oficiosa
oficioso	oficiosas
ofidio	ofidios
ofidio	ofidia
ofidio	ofidias
ofrecedor	ofrecedores
ofrecedor	ofrecedora
ofrecedor	ofrecedoras
ofrecido	ofrecidos
ofrecido	ofrecida
ofrecido	ofrecidas
oftalmológico	oftalmológicos
oftalmológico	oftalmológica
oftalmológico	oftalmológicas
ofuscado	ofuscados
ofuscado	ofuscada
ofuscado	ofuscadas
ofuscado	ofuscadísimo
ofuscadísimo	ofuscadísimos
ofuscadísimo	ofuscadísima
ofuscadísimo	ofuscadísimas
ohanense	ohanenses
ojeado	ojeados
ojeado	ojeada
ojeado	ojeadas
ojeroso	ojerosos
ojeroso	ojerosa
ojeroso	ojerosas
ojete	ojetes
ojiazul	ojiazules
ojienjuto	ojienjutos
ojienjuto	ojienjuta
ojienjuto	ojienjutas
ojinegro	ojinegros
ojinegro	ojinegra
ojinegro	ojinegras
ojival	ojivales
ojizarco	ojizarcos
ojizarco	ojizarca
ojizarco	ojizarcas
ojudo	ojudos
ojudo	ojuda
ojudo	ojudas
okupa	okupas
olavarriense	
oleaginoso	oleaginosos
oleaginoso	oleaginosa
oleaginoso	oleaginosas
oledor	oledores
oledor	oledora
oledor	oledoras
oleico	oleicos
oleico	oleica
oleico	oleicas
oleoso	oleosos
oleoso	oleosa
oleoso	oleosas
olfativo	olfativos
olfativo	olfativa
olfativo	olfativas
olfatorio	olfatorios
olfatorio	olfatoria
olfatorio	olfatorias
oliente	olientes
oligoceno	oligocenos
oligoceno	oligocena
oligoceno	oligocenas
oligofrénico	oligofrénicos
oligofrénico	oligofrénica
oligofrénico	oligofrénicas
oligotrófico	oligotróficos
oligotrófico	oligotrófica
oligotrófico	oligotróficas
oligárquico	oligárquicos
oligárquico	oligárquica
oligárquico	oligárquicas
olimareño	olimareños
olimareño	olimareña
olimareño	olimareñas
olisipano	olisipanos
olisipiense	olisipienses
oliváceo	oliváceos
oliváceo	olivácea
oliváceo	oliváceas
olorino	olorinos
olorino	olorina
olorino	olorinas
olorioso	oloriosos
olorioso	oloriosa
olorioso	oloriosas
olorosillo	olorosillos
olorosillo	olorosilla
olorosillo	olorosillas
oloroso	olorosos
oloroso	olorosa
oloroso	olorosas
olorosísimo	olorosísimos
olorosísimo	olorosísima
olorosísimo	olorosísimas
olorífero	oloríferos
olorífero	olorífera
olorífero	oloríferas
olulense	
olvidable	olvidables
olvidadero	olvidaderos
olvidadero	olvidadera
olvidadero	olvidaderas
olvidadizo	olvidadizos
olvidadizo	olvidadiza
olvidadizo	olvidadizas
olvidado	olvidados
olvidado	olvidada
olvidado	olvidadas
olvidadísimo	olvidadísimos
olvidadísimo	olvidadísima
olvidadísimo	olvidadísimas
olvidoso	olvidosos
olvidoso	olvidosa
olvidoso	olvidosas
olímpico	olímpicos
olímpico	olímpica
olímpico	olímpicas
olívico	olívicos
olívico	olívica
olívico	olívicas
ológrafo	ológrafos
ológrafo	ológrafa
ológrafo	ológrafas
omaní	omanís
omaní	omaníes
ominoso	ominosos
ominoso	ominosa
ominoso	ominosas
omisible	omisibles
omiso	omisos
omiso	omisa
omiso	omisas
omnicanal	omnicanales
omnidireccional	omnidireccionales
omnipotente	omnipotentes
omnipresente	omnipresentes
omnisapiente	omnisapientes
omnisciente	omniscientes
omniscio	omniscios
omniscio	omniscia
omniscio	omniscias
omnímodo	omnímodos
omnímodo	omnímoda
omnímodo	omnímodas
omnívoro	omnívoros
omnívoro	omnívora
omnívoro	omnívoras
ona	onas
onanista	onanistas
onanístico	onanísticos
onanístico	onanística
onanístico	onanísticas
onceavo	onceavos
onceavo	onceava
onceavo	onceavas
oncogénico	oncogénicos
oncogénico	oncogénica
oncogénico	oncogénicas
oncológico	oncológicos
oncológico	oncológica
oncológico	oncológicas
ondeante	ondeantes
ondulante	ondulantes
ondular	ondulares
ondulatorio	ondulatorios
ondulatorio	ondulatoria
ondulatorio	ondulatorias
onerario	onerarios
onerario	oneraria
onerario	onerarias
oneroso	onerosos
oneroso	onerosa
oneroso	onerosas
onfacino	onfacinos
onfacino	onfacina
onfacino	onfacinas
onfalosito	onfalositos
onfalosito	onfalosita
onfalosito	onfalositas
oniquino	oniquinos
oniquino	oniquina
oniquino	oniquinas
onocéfalo	onocéfalos
onocéfalo	onocéfala
onocéfalo	onocéfalas
onomasiológico	onomasiológicos
onomasiológico	onomasiológica
onomasiológico	onomasiológicas
onomatopéyico	onomatopéyicos
onomatopéyico	onomatopéyica
onomatopéyico	onomatopéyicas
ontogénico	ontogénicos
ontogénico	ontogénica
ontogénico	ontogénicas
ontológico	ontológicos
ontológico	ontológica
ontológico	ontológicas
onubense	onubenses
onírico	oníricos
onírico	onírica
onírico	oníricas
oolítico	oolíticos
oolítico	oolítica
oolítico	oolíticas
opa	opas
opaco	opacos
opalescente	opalescentes
opalino	opalinos
opalino	opalina
opalino	opalinas
opcional	opcionales
operable	operables
operador	operadores
operador	operadora
operador	operadoras
operativo	operativos
operativo	operativa
operativo	operativas
operatorio	operatorios
operatorio	operatoria
operatorio	operatorias
operculado	operculados
operculado	operculada
operculado	operculadas
opercular	operculares
operculariado	operculariados
operculariado	operculariada
operculariado	operculariadas
operculiforme	operculiformes
operculífero	operculíferos
operculífero	operculífera
operculífero	operculíferas
operoso	operosos
operoso	operosa
operoso	operosas
operático	operáticos
operático	operática
operático	operáticas
operístico	operísticos
operístico	operística
operístico	operísticas
opilable	opilables
opilativo	opilativos
opilativo	opilativa
opilativo	opilativas
opimo	opimos
opimo	opima
opimo	opimas
opinable	opinables
opinado	opinados
opinado	opinada
opinado	opinadas
opinador	opinadores
opinador	opinadora
opinador	opinadoras
opinante	opinantes
opinativo	opinativos
opinativo	opinativa
opinativo	opinativas
opinionista	opinionistas
opinático	opináticos
opinático	opinática
opinático	opináticas
opiáceo	opiáceos
opiáceo	opiácea
opiáceo	opiáceas
oponente	oponentes
oportunista	oportunistas
oportuno	oportunos
oportuno	oportuna
oportuno	oportunas
opositor	
opresivo	opresivos
opresivo	opresiva
opresivo	opresivas
opresor	opresores
opresor	opresora
opresor	opresoras
optativo	optativos
optativo	optativa
optativo	optativas
optimista	optimistas
optimizable	optimizables
opuesto	opuestos
opuesto	opuesta
opuesto	opuestas
opulento	opulentos
opulento	opulenta
opulento	opulentas
opulentísimo	opulentísimos
opulentísimo	opulentísima
opulentísimo	opulentísimas
opíparo	opíparos
opíparo	opípara
opíparo	opíparas
oracular	oraculares
oral	orales
orate	orates
oratorio	oratorios
oratorio	oratoria
oratorio	oratorias
orbital	orbitales
ordenada	
ordenado	ordenados
ordenado	ordenada
ordenado	ordenadas
ordenador	ordenadores
ordenador	ordenadora
ordenador	ordenadoras
ordeñador	ordeñadores
ordeñador	ordeñadora
ordeñador	ordeñadoras
ordinal	ordinales
ordinario	ordinarios
ordinario	ordinaria
ordinario	ordinarias
ordovicense	ordovicenses
ordovícico	ordovícicos
ordovícico	ordovícica
ordovícico	ordovícicas
oreja	orejas
orejano	orejanos
orejano	orejana
orejano	orejanas
orejudo	orejudos
orejudo	orejuda
orejudo	orejudas
orejón	orejones
orejón	orejona
orejón	orejonas
orensano	orensanos
orensano	orensana
orensano	orensanas
organizable	organizables
organizador	organizadores
organizador	organizadora
organizador	organizadoras
organopónico	organopónicos
organopónico	organopónica
organopónico	organopónicas
organísmico	organísmicos
organísmico	organísmica
organísmico	organísmicas
orgiástico	orgiásticos
orgiástico	orgiástica
orgiástico	orgiásticas
orgulloso	orgullosos
orgulloso	orgullosa
orgulloso	orgullosas
orgánico	orgánicos
orgánico	orgánica
orgánico	orgánicas
orgásmico	orgásmicos
orgásmico	orgásmica
orgásmico	orgásmicas
orgástico	orgásticos
orgástico	orgástica
orgástico	orgásticas
orialeño	
oriental	orientales
original	originales
originario	originarios
originario	originaria
originario	originarias
origámico	origámicos
origámico	origámica
origámico	origámicas
oriniento	orinientos
oriniento	orinienta
oriniento	orinientas
oriolano	oriolanos
oriolano	oriolana
oriolano	oriolanas
oriundo	oriundos
oriundo	oriunda
oriundo	oriundas
orizabeño	orizabeños
orizabeño	orizabeña
orizabeño	orizabeñas
ornamental	ornamentales
orniento	ornientos
orniento	ornienta
orniento	ornientas
ornitológico	ornitológicos
ornitológico	ornitológica
ornitológico	ornitológicas
orográfico	orográficos
orográfico	orográfica
orográfico	orográficas
orogénico	orogénicos
orogénico	orogénica
orogénico	orogénicas
orondo	orondos
orondo	oronda
orondo	orondas
oronímico	oronímicos
oronímico	oronímica
oronímico	oronímicas
orquestador	orquestadores
orquestador	orquestadora
orquestador	orquestadoras
orquestal	orquestales
orquídeo	orquídeos
orquídeo	orquídea
orquídeo	orquídeas
ortivo	ortivos
ortivo	ortiva
ortivo	ortivas
ortodoxo	ortodoxos
ortodoxo	ortodoxa
ortodoxo	ortodoxas
ortodrómico	ortodrómicos
ortodrómico	ortodrómica
ortodrómico	ortodrómicas
ortofónico	ortofónicos
ortofónico	ortofónica
ortofónico	ortofónicas
ortognático	ortognáticos
ortognático	ortognática
ortognático	ortognáticas
ortogonal	ortogonales
ortogramatical	ortogramaticales
ortográfico	ortográficos
ortográfico	ortográfica
ortográfico	ortográficas
ortológico	ortológicos
ortológico	ortológica
ortológico	ortológicas
ortopédico	ortopédicos
ortopédico	ortopédica
ortopédico	ortopédicas
orwelliano	orwellianos
orwelliano	orwelliana
orwelliano	orwellianas
osado	osados
osado	osada
osado	osadas
osasquense	
oscense	oscenses
oscilante	oscilantes
oscilobatiente	oscilobatientes
osciloparalelo	osciloparalelos
osciloparalelo	osciloparalela
osciloparalelo	osciloparalelas
osco	oscos
osco	osca
osco	oscas
oscuro	oscuros
oscuro	oscura
oscuro	oscuras
oscuro	oscurísimo
oscurísimo	oscurísimos
oscurísimo	oscurísima
oscurísimo	oscurísimas
oseta	osetas
osiánico	osiánicos
osiánico	osiánica
osiánico	osiánicas
osmanlí	osmanlís
osmanlí	osmanlíes
osmótico	osmóticos
osmótico	osmótica
osmótico	osmóticas
oso	osos
oso	osa
oso	osas
osornino	osorninos
osornino	osornina
osornino	osorninas
ostendés	ostendeses
ostendés	ostendesa
ostendés	ostendesas
ostensible	ostensibles
ostensivo	ostensivos
ostensivo	ostensiva
ostensivo	ostensivas
ostentador	ostentadores
ostentador	ostentadora
ostentador	ostentadoras
ostentativo	ostentativos
ostentativo	ostentativa
ostentativo	ostentativas
ostentoso	ostentosos
ostentoso	ostentosa
ostentoso	ostentosas
osteológico	osteológicos
osteológico	osteológica
osteológico	osteológicas
ostreiforme	ostreiformes
ostrogodo	ostrogodos
ostrogodo	ostrogoda
ostrogodo	ostrogodas
ostrífero	ostríferos
ostrífero	ostrífera
ostrífero	ostríferas
osudo	osudos
osudo	osuda
osudo	osudas
osuno	osunos
osuno	osuna
osuno	osunas
oteador	oteadores
oteador	oteadora
oteador	oteadoras
otológico	otológicos
otológico	otológica
otológico	otológicas
otomano	otomanos
otomano	otomana
otomano	otomanas
otomí	otomís
otomí	otomíes
otorrinolaringológico	otorrinolaringológicos
otorrinolaringológico	otorrinolaringológica
otorrinolaringológico	otorrinolaringológicas
otoñal	otoñales
otoñizo	otoñizos
otoñizo	otoñiza
otoñizo	otoñizas
otre	otres
otri	otris
otro	otros
otro	otra
otro	otras
otrora	
otídeo	otídeos
otídeo	otídea
otídeo	otídeas
outsider	outsideres
ovado	ovados
ovado	ovada
ovado	ovadas
oval	ovales
ovalado	ovalados
ovalado	ovalada
ovalado	ovaladas
ovarífero	ovaríferos
ovarífero	ovarífera
ovarífero	ovaríferas
ovejero	ovejeros
ovejero	ovejera
ovejero	ovejeras
overo	overos
overo	overa
overo	overas
ovetense	ovetenses
ovino	ovinos
ovino	ovina
ovino	ovinas
ovoide	ovoides
ovovivíparo	ovovivíparos
ovovivíparo	ovovivípara
ovovivíparo	ovovivíparas
ovular	
ovulatorio	ovulatorios
ovulatorio	ovulatoria
ovulatorio	ovulatorias
ovárico	ováricos
ovárico	ovárica
ovárico	ováricas
ovíparo	ovíparos
ovíparo	ovípara
ovíparo	ovíparas
oxiote	oxiotes
oxoniense	oxonienses
oxítono	oxítonos
oxítono	oxítona
oxítono	oxítonas
oíble	oíbles
pacense	pacenses
paceño	paceños
paceño	paceña
paceño	paceñas
pachacho	pachachos
pachacho	pachacha
pachacho	pachachas
pacho	pachos
pacho	pacha
pacho	pachas
pachucho	pachuchos
pachucho	pachucha
pachucho	pachuchas
pachuqueño	pachuqueños
pachuqueño	pachuqueña
pachuqueño	pachuqueñas
pachón	pachones
pachón	pachona
pachón	pachonas
paciente	pacientes
pacificador	pacificadores
pacificador	pacificadora
pacificador	pacificadoras
paco	pacos
paco	paca
paco	pacas
pacuso	pacusos
pacuso	pacusa
pacuso	pacusas
pacífico	pacíficos
pacífico	pacífica
pacífico	pacíficas
paduano	paduanos
paduano	paduana
paduano	paduanas
paflagonio	paflagonios
paflagonio	paflagonia
paflagonio	paflagonias
pagable	pagables
pagadero	pagaderos
pagadero	pagadera
pagadero	pagaderas
pagado	pagados
pagado	pagada
pagado	pagadas
pagador	pagadores
pagador	pagadora
pagador	pagadoras
paganini	
pagano	paganos
pagano	pagana
pagano	paganas
pagaseo	pagaseos
pagaseo	pagasea
pagaseo	pagaseas
pagánico	pagánicos
pagánico	pagánica
pagánico	pagánicas
paico	paicos
paico	paica
paico	paicas
paidológico	paidológicos
paidológico	paidológica
paidológico	paidológicas
paidófilo	paidófilos
paidófilo	paidófila
paidófilo	paidófilas
pailón	pailones
pailón	pailona
pailón	pailonas
paisa	paisas
paisajista	
paisajístico	paisajísticos
paisajístico	paisajística
paisajístico	paisajísticas
paisano	paisanos
paisano	paisana
paisano	paisanas
paisista	paisistas
paja	pajas
pajalarga	pajalargas
pajarero	pajareros
pajarero	pajarera
pajarero	pajareras
pajero	pajeros
pajero	pajera
pajero	pajeras
pajizo	pajizos
pajizo	pajiza
pajizo	pajizas
pajoso	pajosos
pajoso	pajosa
pajoso	pajosas
pajúo	
paki	pakis
pakistaní	pakistanís
pakistaní	pakistaníes
palabrero	palabreros
palabrero	palabrera
palabrero	palabreras
palabrón	palabrones
palabrón	palabrona
palabrón	palabronas
palaciego	palaciegos
palaciego	palaciega
palaciego	palaciegas
paladino	paladinos
paladino	paladina
paladino	paladinas
palanquero	palanqueros
palanquero	palanquera
palanquero	palanqueras
palatal	palatales
palatino	palatinos
palatino	palatina
palatino	palatinas
palauano	palauanos
palauano	palauana
palauano	palauanas
paleador	paleadores
paleador	paleadora
paleador	paleadoras
palentino	palentinos
palentino	palentina
palentino	palentinas
paleoceno	paleocenos
paleoceno	paleocena
paleoceno	paleocenas
paleográfico	paleográficos
paleográfico	paleográfica
paleográfico	paleográficas
paleolítico	paleolíticos
paleolítico	paleolítica
paleolítico	paleolíticas
paleontográfico	paleontográficos
paleontográfico	paleontográfica
paleontográfico	paleontográficas
paleontológico	paleontológicos
paleontológico	paleontológica
paleontológico	paleontológicas
paleotestamentario	paleotestamentarios
paleotestamentario	paleotestamentaria
paleotestamentario	paleotestamentarias
paleozoico	paleozoicos
paleozoico	paleozoica
paleozoico	paleozoicas
palermitano	
palestino	palestinos
palestino	palestina
palestino	palestinas
paleta	paletas
paletero	paleteros
paletero	paletera
paletero	paleteras
paleto	paletos
paleto	paleta
paleto	paletas
paleógeno	paleógenos
paleógeno	paleógena
paleógeno	paleógenas
paliativo	paliativos
paliativo	paliativa
paliativo	paliativas
paliducho	paliduchos
paliducho	paliducha
paliducho	paliduchas
palingenésico	palingenésicos
palingenésico	palingenésica
palingenésico	palingenésicas
palmar	palmares
palmareño	palmareños
palmareño	palmareña
palmareño	palmareñas
palmario	palmarios
palmario	palmaria
palmario	palmarias
palmense	palmenses
palmerino	palmerinos
palmerino	palmerina
palmerino	palmerinas
palmero	palmeros
palmero	palmera
palmero	palmeras
palmesano	palmesanos
palmesano	palmesana
palmesano	palmesanas
palmeño	palmeños
palmeño	palmeña
palmeño	palmeñas
palmirano	palmiranos
palmirano	palmirana
palmirano	palmiranas
palmireño	palmireños
palmireño	palmireña
palmireño	palmireñas
palmitieso	palmitiesos
palmitieso	palmitiesa
palmitieso	palmitiesas
palmípedo	palmípedos
palmípedo	palmípeda
palmípedo	palmípedas
palomar	palomares
palomino	palominos
palomino	palomina
palomino	palominas
paloseco	palosecos
palpabilísimo	palpabilísimos
palpabilísimo	palpabilísima
palpabilísimo	palpabilísimas
palpable	palpables
palpebral	palpebrales
palpitante	palpitantes
palta	paltas
paludífero	paludíferos
paludífero	paludífera
paludífero	paludíferas
palurdo	palurdos
palurdo	palurda
palurdo	palurdas
palustre	palustres
palúdico	palúdicos
palúdico	palúdica
palúdico	palúdicas
pampa	pampas
pampanáceo	pampanáceos
pampanáceo	pampanácea
pampanáceo	pampanáceas
pampeano	pampeanos
pampeano	pampeana
pampeano	pampeanas
pamplinero	pamplineros
pamplinero	pamplinera
pamplinero	pamplineras
pamplinoso	pamplinosos
pamplinoso	pamplinosa
pamplinoso	pamplinosas
pamplonica	pamplonicas
pamplonés	pamploneses
pamplonés	pamplonesa
pamplonés	pamplonesas
panadero	panaderos
panadero	panadera
panadero	panaderas
panamericano	panamericanos
panamericano	panamericana
panamericano	panamericanas
panameño	panameños
panameño	panameña
panameño	panameñas
panaqueo	panaqueos
panaqueo	panaquea
panaqueo	panaqueas
pancarpíneo	pancarpíneos
pancarpíneo	pancarpínea
pancarpíneo	pancarpíneas
panchito	panchitos
panchito	panchita
panchito	panchitas
pancho	panchos
pancho	pancha
pancho	panchas
pancino	pancinos
pancino	pancina
pancino	pancinas
panciverde	panciverdes
pancreático	pancreáticos
pancreático	pancreática
pancreático	pancreáticas
pancromático	pancromáticos
pancromático	pancromática
pancromático	pancromáticas
pandiculante	pandiculantes
pando	pandos
pando	panda
pando	pandas
pandémico	pandémicos
pandémico	pandémica
pandémico	pandémicas
pandórico	pandóricos
pandórico	pandórica
pandórico	pandóricas
panegírico	panegíricos
panegírico	panegírica
panegírico	panegíricas
panelable	panelables
panelista	panelistas
panero	paneros
panero	panera
panero	paneras
panete	panetes
panete	paneta
panete	panetas
panfletario	panfletarios
panfletario	panfletaria
panfletario	panfletarias
panfletero	panfleteros
panfletero	panfletera
panfletero	panfleteras
panfletista	panfletistas
pangaré	pangarés
pangenotípico	pangenotípicos
pangenotípico	pangenotípica
pangenotípico	pangenotípicas
pangola	
panhelenista	panhelenistas
panhelénico	panhelénicos
panhelénico	panhelénica
panhelénico	panhelénicas
panhispánico	panhispánicos
panhispánico	panhispánica
panhispánico	panhispánicas
panperonista	panperonistas
pansexual	pansexuales
pantagruélico	pantagruélicos
pantagruélico	pantagruélica
pantagruélico	pantagruélicas
pantallero	pantalleros
pantallero	pantallera
pantallero	pantalleras
pantanoso	pantanosos
pantanoso	pantanosa
pantanoso	pantanosas
panteísta	panteístas
pantomímico	pantomímicos
pantomímico	pantomímica
pantomímico	pantomímicas
pantorrilludo	pantorrilludos
pantorrilludo	pantorrilluda
pantorrilludo	pantorrilludas
panzudo	panzudos
panzudo	panzuda
panzudo	panzudas
panzón	panzones
panzón	panzona
panzón	panzonas
paná	panás
panóptico	panópticos
panóptico	panóptica
panóptico	panópticas
papal	papales
papandujo	papandujos
papandujo	papanduja
papandujo	papandujas
paparulo	paparulos
paparulo	paparula
paparulo	paparulas
papaverado	papaverados
papaverado	papaverada
papaverado	papaveradas
papaveráceo	papaveráceos
papaveráceo	papaverácea
papaveráceo	papaveráceas
papavéreo	papavéreos
papavéreo	papavérea
papavéreo	papavéreas
papayáceo	papayáceos
papayáceo	papayácea
papayáceo	papayáceas
papayón	papayones
papayón	papayona
papayón	papayonas
papelonero	papeloneros
papelonero	papelonera
papelonero	papeloneras
papero	paperos
papero	papera
papero	paperas
papiamento	
papimano	papimanos
papimano	papimana
papimano	papimanas
papirofléxico	papirofléxicos
papirofléxico	papirofléxica
papirofléxico	papirofléxicas
papista	papistas
paposo	paposos
paposo	paposa
paposo	paposas
papudo	papudos
papudo	papuda
papudo	papudas
papuloso	papulosos
papuloso	papulosa
papuloso	papulosas
papuso	papusos
papuso	papusa
papuso	papusas
papón	papones
papón	papona
papón	paponas
papú	papús
papú	papúes
papúa	papúas
paquetísimo	paquetísimos
paquetísimo	paquetísima
paquetísimo	paquetísimas
paqui	paquis
paquidermo	paquidermos
paquidermo	paquiderma
paquidermo	paquidermas
paquidérmico	paquidérmicos
paquidérmico	paquidérmica
paquidérmico	paquidérmicas
paquistaní	paquistanís
paquistaní	paquistaníes
par	pares
parabólico	parabólicos
parabólico	parabólica
parabólico	parabólicas
paracaidista	paracaidistas
paradigmático	paradigmáticos
paradigmático	paradigmática
paradigmático	paradigmáticas
paradisiaco	paradisiacos
paradisiaco	paradisiaca
paradisiaco	paradisiacas
paradisíaco	paradisíacos
paradisíaco	paradisíaca
paradisíaco	paradisíacas
parado	parados
parado	parada
parado	paradas
paradojal	paradojales
parador	paradores
parador	paradora
parador	paradoras
paradójico	paradójicos
paradójico	paradójica
paradójico	paradójicas
parafraseador	parafraseadores
parafraseador	parafraseadora
parafraseador	parafraseadoras
parafínico	parafínicos
parafínico	parafínica
parafínico	parafínicas
paragimnohimenial	paragimnohimeniales
paraguayo	paraguayos
paraguayo	paraguaya
paraguayo	paraguayas
paragógico	paragógicos
paragógico	paragógica
paragógico	paragógicas
paralelizable	paralelizables
paralelo	paralelos
paralelo	paralela
paralelo	paralelas
paralizador	paralizadores
paralizador	paralizadora
paralizador	paralizadoras
paramilitar	paramilitares
paramoso	paramosos
paramoso	paramosa
paramoso	paramosas
paramédico	paramédicos
paramédico	paramédica
paramédico	paramédicas
paranasal	paranasales
paranatelóntico	paranatelónticos
paranatelóntico	paranatelóntica
paranatelóntico	paranatelónticas
paranoico	paranoicos
paranoico	paranoica
paranoico	paranoicas
paranormal	paranormales
parapsicológico	parapsicológicos
parapsicológico	parapsicológica
parapsicológico	parapsicológicas
parasicológico	parasicológicos
parasicológico	parasicológica
parasicológico	parasicológicas
parasitario	parasitarios
parasitario	parasitaria
parasitario	parasitarias
parasiticida	parasiticidas
parasítico	parasíticos
parasítico	parasítica
parasítico	parasíticas
paratextual	paratextuales
paratiroideo	paratiroideos
paratiroideo	paratiroidea
paratiroideo	paratiroideas
paratiroides	
paraverbal	paraverbales
parcelable	parcelables
parcelario	parcelarios
parcelario	parcelaria
parcelario	parcelarias
parcial	parciales
parco	parcos
parco	parca
parco	parcas
pardal	pardales
pardo	pardos
pardo	parda
pardo	pardas
pardusco	parduscos
pardusco	pardusca
pardusco	parduscas
parecido	parecidos
parecido	parecida
parecido	parecidas
paredaño	paredaños
paredaño	paredaña
paredaño	paredañas
parejero	parejeros
parejero	parejera
parejero	parejeras
parejito	parejitos
parejito	parejita
parejito	parejitas
parejo	parejos
parejo	pareja
parejo	parejas
paremiológico	paremiológicos
paremiológico	paremiológica
paremiológico	paremiológicas
parental	parentales
parenteral	parenterales
paretista	paretistas
paria	parias
parias	
pariente	parientes
pariguayo	pariguayos
pariguayo	pariguaya
pariguayo	pariguayas
pario	parios
pario	paria
pario	parias
parisiense	parisienses
parisino	parisinos
parisino	parisina
parisino	parisinas
paritario	paritarios
paritario	paritaria
paritario	paritarias
pariversal	pariversales
parlamentario	parlamentarios
parlamentario	parlamentaria
parlamentario	parlamentarias
parlanchín	parlanchines
parlanchín	parlanchina
parlanchín	parlanchinas
parlante	parlantes
parmenídeo	parmenídeos
parmenídeo	parmenídea
parmenídeo	parmenídeas
parmesano	parmesanos
parmesano	parmesana
parmesano	parmesanas
paro	paros
paro	para
paro	paras
parodiador	parodiadores
parodiador	parodiadora
parodiador	parodiadoras
paroliento	parolientos
paroliento	parolienta
paroliento	parolientas
paronomástico	paronomásticos
paronomástico	paronomástica
paronomástico	paronomásticas
paroxítono	paroxítonos
paroxítono	paroxítona
paroxítono	paroxítonas
parpadeante	parpadeantes
parralense	parralenses
parrandero	parranderos
parrandero	parrandera
parrandero	parranderas
parricida	parricidas
parroquial	parroquiales
parroquiano	parroquianos
parroquiano	parroquiana
parroquiano	parroquianas
parsimonioso	parsimoniosos
parsimonioso	parsimoniosa
parsimonioso	parsimoniosas
partalobero	
partenogenético	partenogenéticos
partenogenético	partenogenética
partenogenético	partenogenéticas
partenopeo	partenopeos
partenopeo	partenopea
partenopeo	partenopeas
participante	participantes
participativo	participativos
participativo	participativa
participativo	participativas
participial	participiales
particular	particulares
partidario	partidarios
partidario	partidaria
partidario	partidarias
partidista	partidistas
partido	partidos
partido	partida
partido	partidas
partitivo	partitivos
partitivo	partitiva
partitivo	partitivas
parto	partos
parto	parta
parto	partas
partusero	partuseros
partusero	partusera
partusero	partuseras
partícipe	partícipes
parveno	parvenos
parveno	parvena
parveno	parvenas
parvo	parvos
parvo	parva
parvo	parvas
parásito	parásitos
parásito	parásita
parásito	parásitas
parónimo	parónimos
parónimo	parónima
parónimo	parónimas
pasable	pasables
pasadero	pasaderos
pasadero	pasadera
pasadero	pasaderas
pasado	pasados
pasado	pasada
pasado	pasadas
pasador	pasadores
pasador	pasadora
pasador	pasadoras
pasajero	pasajeros
pasajero	pasajera
pasajero	pasajeras
pasante	pasantes
pasatista	pasatistas
pascuense	pascuenses
pascuero	pascueros
pascuero	pascuera
pascuero	pascueras
paseador	paseadores
paseador	paseadora
paseador	paseadoras
paseandero	paseanderos
paseandero	paseandera
paseandero	paseanderas
paseriforme	paseriformes
pasible	pasibles
pasible	pasibilísimo
pasional	pasionales
pasivo	
pasmoso	pasmosos
pasmoso	pasmosa
pasmoso	pasmosas
paso	pasos
paso	pasa
paso	pasas
pasorrealense	pasorrealenses
paspartú	paspartús
paspartú	paspartúes
pastel	pasteles
pastelero	pasteleros
pastelero	pastelera
pastelero	pasteleras
pastense	pastenses
pastillero	pastilleros
pastillero	pastillera
pastillero	pastilleras
pastopolitano	pastopolitanos
pastopolitano	pastopolitana
pastopolitano	pastopolitanas
pastoso	pastosos
pastoso	pastosa
pastoso	pastosas
pastrano	pastranos
pastrano	pastrana
pastrano	pastranas
pastuso	pastusos
pastuso	pastusa
pastuso	pastusas
pastún	pastunes
pastún	pastuna
pastún	pastunas
patagón	patagones
patagón	patagona
patagón	patagonas
patagónico	patagónicos
patagónico	patagónica
patagónico	patagónicas
pataiperro	
patavino	patavinos
patavino	patavina
patavino	patavinas
pateador	pateadores
pateador	pateadora
pateador	pateadoras
patelar	patelares
patente	patentes
paternal	paternales
paternalista	paternalistas
paterno	paternos
paterno	paterna
paterno	paternas
patero	pateros
patero	patera
patero	pateras
patidifuso	patidifusos
patidifuso	patidifusa
patidifuso	patidifusas
patito	
patitonto	patitontos
patitonto	patitonta
patitonto	patitontas
patituerto	patituertos
patituerto	patituerta
patituerto	patituertas
patizambo	patizambos
patizambo	patizamba
patizambo	patizambas
pato	patos
pato	pata
pato	patas
patojo	patojos
patojo	patoja
patojo	patojas
patológico	patológicos
patológico	patológica
patológico	patológicas
patotero	patoteros
patotero	patotera
patotero	patoteras
patriarcal	patriarcales
patricio	patricios
patricio	patricia
patricio	patricias
patrimonial	patrimoniales
patrimonialista	patrimonialistas
patrio	patrios
patrio	patria
patrio	patrias
patriotero	patrioteros
patriotero	patriotera
patriotero	patrioteras
patriótico	patrióticos
patriótico	patriótica
patriótico	patrióticas
patrocinador	patrocinadores
patrocinador	patrocinadora
patrocinador	patrocinadoras
patronal	patronales
patronímico	patronímicos
patronímico	patronímica
patronímico	patronímicas
patrullero	patrulleros
patrullero	patrullera
patrullero	patrulleras
patudo	patudos
patudo	patuda
patudo	patudas
patuleco	patulecos
patuleco	patuleca
patuleco	patulecas
patán	patanes
patán	patana
patán	patanas
paté	
patético	patéticos
patético	patética
patético	patéticas
patógeno	patógenos
patógeno	patógena
patógeno	patógenas
paulatino	paulatinos
paulatino	paulatina
paulatino	paulatinas
paulista	paulistas
paulistano	paulistanos
paulistano	paulistana
paulistano	paulistanas
paumotuano	paumotuanos
paumotuano	paumotuana
paumotuano	paumotuanas
pauperista	pauperistas
paupérrimo	paupérrimos
paupérrimo	paupérrima
paupérrimo	paupérrimas
pavo	pavos
pavo	pava
pavo	pavas
pavonador	pavonadores
pavonador	pavonadora
pavonador	pavonadoras
pavoroso	pavorosos
pavoroso	pavorosa
pavoroso	pavorosas
paya	payas
payanés	payaneses
payanés	payanesa
payanés	payanesas
payaso	payasos
payaso	payasa
payaso	payasas
payo	payos
payo	paya
payo	payas
pazguato	pazguatos
pazguato	pazguata
pazguato	pazguatas
peanieo	peanieos
peanieo	peaniea
peanieo	peanieas
peanio	peanios
peanio	peania
peanio	peanias
peatonal	peatonales
pecador	pecadores
pecador	pecadora
pecador	pecadoras
pecadorizo	pecadorizos
pecadorizo	pecadoriza
pecadorizo	pecadorizas
pech	
pechichón	pechichones
pechichón	pechichona
pechichón	pechichonas
pechinero	
pechugón	pechugones
pechugón	pechugona
pechugón	pechugonas
peciolado	peciolados
peciolado	peciolada
peciolado	pecioladas
pecoso	pecosos
pecoso	pecosa
pecoso	pecosas
pecoso	pecosísimo
pecosísimo	pecosísimos
pecosísimo	pecosísima
pecosísimo	pecosísimas
pectoral	pectorales
pecuario	pecuarios
pecuario	pecuaria
pecuario	pecuarias
peculiar	peculiares
pecuniante	pecuniantes
pecuniario	pecuniarios
pecuniario	pecuniaria
pecuniario	pecuniarias
pedagógico	pedagógicos
pedagógico	pedagógica
pedagógico	pedagógicas
pedante	pedantes
pederasta	pederastas
pedestre	
pediátrico	pediátricos
pediátrico	pediátrica
pediátrico	pediátricas
pedoclimático	pedoclimáticos
pedoclimático	pedoclimática
pedoclimático	pedoclimáticas
pedorro	pedorros
pedorro	pedorra
pedorro	pedorras
pedregoso	pedregosos
pedregoso	pedregosa
pedregoso	pedregosas
pedrizo	pedrizos
pedrizo	pedriza
pedrizo	pedrizas
pedromartinero	pedromartineros
pedromartinero	pedromartinera
pedromartinero	pedromartineras
pedunculado	pedunculados
pedunculado	pedunculada
pedunculado	pedunculadas
pedáneo	pedáneos
pedáneo	pedánea
pedáneo	pedáneas
pedófilo	pedófilos
pedófilo	pedófila
pedófilo	pedófilas
pegadizo	pegadizos
pegadizo	pegadiza
pegadizo	pegadizas
pegajoso	pegajosos
pegajoso	pegajosa
pegajoso	pegajosas
pegante	pegantes
pegosteado	pegosteados
pegosteado	pegosteada
pegosteado	pegosteadas
pegón	pegones
pegón	pegona
pegón	pegonas
pehuenche	pehuenches
peinado	peinados
peinado	peinada
peinado	peinadas
pejiguera	
pejiguero	pejigueros
pejiguero	pejiguera
pejiguero	pejigueras
pekinista	pekinistas
pekinés	pekineses
pekinés	pekinesa
pekinés	pekinesas
pelado	pelados
pelado	pelada
pelado	peladas
pelador	peladores
pelador	peladora
pelador	peladoras
peladísimo	peladísimos
peladísimo	peladísima
peladísimo	peladísimas
pelagiano	pelagianos
pelagiano	pelagiana
pelagiano	pelagianas
pelagroso	pelagrosos
pelagroso	pelagrosa
pelagroso	pelagrosas
pelasgo	pelasgos
pelasgo	pelasga
pelasgo	pelasgas
peleador	peleadores
peleador	peleadora
peleador	peleadoras
peliazabache	peliazabaches
peliblanco	peliblancos
peliblanco	peliblanca
peliblanco	peliblancas
pelicorto	pelicortos
pelicorto	pelicorta
pelicorto	pelicortas
pelida	pelidas
peligroso	peligrosos
peligroso	peligrosa
peligroso	peligrosas
peligroso	peligrosísimo
peligrosísimo	peligrosísimos
peligrosísimo	peligrosísima
peligrosísimo	peligrosísimas
pelilargo	pelilargos
pelilargo	pelilarga
pelilargo	pelilargas
pelinegro	pelinegros
pelinegro	pelinegra
pelinegro	pelinegras
pelirrojo	pelirrojos
pelirrojo	pelirroja
pelirrojo	pelirrojas
pelirrubio	pelirrubios
pelirrubio	pelirrubia
pelirrubio	pelirrubias
pellizcador	pellizcadores
pellizcador	pellizcadora
pellizcador	pellizcadoras
pelma	pelmas
peloso	pelosos
peloso	pelosa
peloso	pelosas
pelotense	
peloterito	peloteritos
peloterito	peloterita
peloterito	peloteritas
pelotero	peloteros
pelotero	pelotera
pelotero	peloteras
pelotillero	pelotilleros
pelotillero	pelotillera
pelotillero	pelotilleras
pelotoso	pelotosos
pelotoso	pelotosa
pelotoso	pelotosas
pelotudo	pelotudos
pelotudo	pelotuda
pelotudo	pelotudas
peludo	peludos
peludo	peluda
peludo	peludas
pelágico	pelágicos
pelágico	pelágica
pelágico	pelágicas
pelásgico	pelásgicos
pelásgico	pelásgica
pelásgico	pelásgicas
pelón	pelones
pelón	pelona
pelón	pelonas
penal	penales
penca	pencas
penco	pencos
penco	penca
penco	pencas
pencón	pencones
pencón	pencona
pencón	penconas
pendejo	pendejos
pendejo	pendeja
pendejo	pendejas
pendenciero	pendencieros
pendenciero	pendenciera
pendenciero	pendencieras
pendiente	pendientes
pendular	pendulares
peneque	
penetrante	penetrantes
peniano	penianos
peniano	peniana
peniano	penianas
peninsular	peninsulares
penitenciario	penitenciarios
penitenciario	penitenciaria
penitenciario	penitenciarias
penitente	penitentes
penoso	penosos
penoso	penosa
penoso	penosas
penquista	penquistas
pensabilísimo	pensabilísimos
pensabilísimo	pensabilísima
pensabilísimo	pensabilísimas
pensable	pensables
pensador	pensadores
pensador	pensadora
pensador	pensadoras
pensante	pensantes
pensativo	pensativos
pensativo	pensativa
pensativo	pensativas
pensionado	pensionados
pensionado	pensionada
pensionado	pensionadas
pentacampeón	pentacampeones
pentacampeón	pentacampeona
pentacampeón	pentacampeonas
pentadecágono	pentadecágonos
pentadecágono	pentadecágona
pentadecágono	pentadecágonas
pentagonal	pentagonales
pentalingüe	pentalingües
pentalétrico	pentalétricos
pentalétrico	pentalétrica
pentalétrico	pentalétricas
pentasílabo	pentasílabos
pentasílabo	pentasílaba
pentasílabo	pentasílabas
pentecostal	pentecostales
pentélico	pentélicos
pentélico	pentélica
pentélico	pentélicas
penígero	penígeros
penígero	penígera
penígero	penígeras
penúltimo	penúltimos
penúltimo	penúltima
penúltimo	penúltimas
peonco	peoncos
peonco	peonca
peonco	peoncas
peonio	peonios
peonio	peonia
peonio	peonias
peor	peores
peorro	
pepero	peperos
pepero	pepera
pepero	peperas
peptídico	peptídicos
peptídico	peptídica
peptídico	peptídicas
pequeñito	pequeñitos
pequeñito	pequeñita
pequeñito	pequeñitas
pequeño	pequeños
pequeño	pequeña
pequeño	pequeñas
pequeño	menor
pequeño	pequeñísimo
pequeño	mínimo
pequeñuelo	pequeñuelos
pequeñuelo	pequeñuela
pequeñuelo	pequeñuelas
pequeñín	pequeñines
pequeñín	pequeñina
pequeñín	pequeñinas
pequeñísimo	pequeñísimos
pequeñísimo	pequeñísima
pequeñísimo	pequeñísimas
pequinense	pequinenses
pequinista	pequinistas
pequinés	pequineses
pequinés	pequinesa
pequinés	pequinesas
peranzaneto	peranzanetos
peranzaneto	peranzaneta
peranzaneto	peranzanetas
perceptible	perceptibles
percherón	percherones
percherón	percherona
percherón	percheronas
percosio	percosios
percosio	percosia
percosio	percosias
percutivo	percutivos
percutivo	percutiva
percutivo	percutivas
percutor	percutores
percutor	percutora
percutor	percutoras
perdedor	perdedores
perdedor	perdedora
perdedor	perdedoras
perdible	perdibles
perdical	perdicales
perdidizo	perdidizos
perdidizo	perdidiza
perdidizo	perdidizas
perdido	perdidos
perdido	perdida
perdido	perdidas
perdidoso	perdidosos
perdidoso	perdidosa
perdidoso	perdidosas
perdiguero	perdigueros
perdiguero	perdiguera
perdiguero	perdigueras
perdonable	perdonables
perdurable	perdurables
perecedero	perecederos
perecedero	perecedera
perecedero	perecederas
perecosísimo	perecosísimos
perecosísimo	perecosísima
perecosísimo	perecosísimas
perecudo	perecudos
perecudo	perecuda
perecudo	perecudas
peregrino	peregrinos
peregrino	peregrina
peregrino	peregrinas
perennal	perennales
perenne	perennes
perennifolio	perennifolios
perennifolio	perennifolia
perennifolio	perennifolias
perennigélido	perennigélidos
perennigélido	perennigélida
perennigélido	perennigélidas
perentorio	perentorios
perentorio	perentoria
perentorio	perentorias
perequero	perequeros
perequero	perequera
perequero	perequeras
perezoso	perezosos
perezoso	perezosa
perezoso	perezosas
perfeccionador	perfeccionadores
perfeccionador	perfeccionadora
perfeccionador	perfeccionadoras
perfeccionista	perfeccionistas
perfecho	perfechos
perfecho	perfecha
perfecho	perfechas
perfectible	perfectibles
perfectivo	perfectivos
perfectivo	perfectiva
perfectivo	perfectivas
perfecto	perfectos
perfecto	perfecta
perfecto	perfectas
perfectísimo	perfectísimos
perfectísimo	perfectísima
perfectísimo	perfectísimas
perfeto	perfetos
perfeto	perfeta
perfeto	perfetas
perficiente	perficientes
perfilado	perfilados
perfilado	perfilada
perfilado	perfiladas
perfluente	perfluentes
perforador	perforadores
perforador	perforadora
perforador	perforadoras
performático	performáticos
performático	performática
performático	performáticas
perfumadísimo	perfumadísimos
perfumadísimo	perfumadísima
perfumadísimo	perfumadísimas
perfunctorio	perfunctorios
perfunctorio	perfunctoria
perfunctorio	perfunctorias
pergameno	pergamenos
pergameno	pergamena
pergameno	pergamenas
pergaminense	
pergamíneo	pergamíneos
pergamíneo	pergamínea
pergamíneo	pergamíneas
pericial	periciales
perico	pericos
perico	perica
perico	pericas
pericárdico	pericárdicos
pericárdico	pericárdica
pericárdico	pericárdicas
pericón	pericones
pericón	pericona
pericón	periconas
perifrástico	perifrásticos
perifrástico	perifrástica
perifrástico	perifrásticas
periférico	periféricos
periférico	periférica
periférico	periféricas
perillán	perillanes
perillán	perillana
perillán	perillanas
perimetral	perimetrales
perimido	perimidos
perimido	perimida
perimido	perimidas
perimétrico	perimétricos
perimétrico	perimétrica
perimétrico	perimétricas
perinatal	perinatales
perineal	perineales
perinquinoso	perinquinosos
perinquinoso	perinquinosa
perinquinoso	perinquinosas
periodístico	periodísticos
periodístico	periodística
periodístico	periodísticas
peripatético	peripatéticos
peripatético	peripatética
peripatético	peripatéticas
periscio	periscios
periscio	periscia
periscio	periscias
periscópico	periscópicos
periscópico	periscópica
periscópico	periscópicas
peristáltico	peristálticos
peristáltico	peristáltica
peristáltico	peristálticas
peritoneal	peritoneales
peritísimo	peritísimos
peritísimo	peritísima
peritísimo	peritísimas
periurbano	periurbanos
periurbano	periurbana
periurbano	periurbanas
periódico	periódicos
periódico	periódica
periódico	periódicas
perjudicado	perjudicados
perjudicado	perjudicada
perjudicado	perjudicadas
perjudicador	perjudicadores
perjudicador	perjudicadora
perjudicador	perjudicadoras
perjudicial	perjudiciales
perjuicioso	perjuiciosos
perjuicioso	perjuiciosa
perjuicioso	perjuiciosas
perjurador	perjuradores
perjurador	perjuradora
perjurador	perjuradoras
perjuro	perjuros
perjuro	perjura
perjuro	perjuras
perlado	perlados
perlado	perlada
perlado	perladas
perlífero	perlíferos
perlífero	perlífera
perlífero	perlíferas
permanente	permanentes
permeable	permeables
permisado	permisados
permisado	permisada
permisado	permisadas
permisible	permisibles
permisivo	permisivos
permisivo	permisiva
permisivo	permisivas
permitidor	permitidores
permitidor	permitidora
permitidor	permitidoras
pernambucano	pernambucanos
pernambucano	pernambucana
pernambucano	pernambucanas
pernicioso	perniciosos
pernicioso	perniciosa
pernicioso	perniciosas
pernituerto	pernituertos
pernituerto	pernituerta
pernituerto	pernituertas
peroncho	peronchos
peroncho	peroncha
peroncho	peronchas
peronista	peronistas
perpendicular	perpendiculares
perpetrador	perpetradores
perpetrador	perpetradora
perpetrador	perpetradoras
perpetuo	perpetuos
perpetuo	perpetua
perpetuo	perpetuas
perplejo	perplejos
perplejo	perpleja
perplejo	perplejas
perquén	perquenes
perquén	perquena
perquén	perquenas
perro	perros
perro	perra
perro	perras
perroflauta	perroflautas
perruno	perrunos
perruno	perruna
perruno	perrunas
persa	persas
persecutorio	persecutorios
persecutorio	persecutoria
persecutorio	persecutorias
perseguidor	perseguidores
perseguidor	perseguidora
perseguidor	perseguidoras
perseverante	perseverantes
persistente	persistentes
personal	personales
perspicaz	perspicaces
perspicuo	perspicuos
perspicuo	perspicua
perspicuo	perspicuas
persuasible	persuasibles
persuasivo	persuasivos
persuasivo	persuasiva
persuasivo	persuasivas
persuasor	persuasores
persuasor	persuasora
persuasor	persuasoras
persuasorio	persuasorios
persuasorio	persuasoria
persuasorio	persuasorias
perteneciente	pertenecientes
pertinace	pertinaces
pertinaz	pertinaces
pertinente	pertinentes
perturbable	perturbables
perturbador	perturbadores
perturbador	perturbadora
perturbador	perturbadoras
pertítico	pertíticos
pertítico	pertítica
pertítico	pertíticas
peruano	peruanos
peruano	peruana
peruano	peruanas
peruanísimo	peruanísimos
peruanísimo	peruanísima
peruanísimo	peruanísimas
peruca	perucas
perulero	peruleros
perulero	perulera
perulero	peruleras
peruviano	peruvianos
peruviano	peruviana
peruviano	peruvianas
perverso	perversos
perverso	perversa
perverso	perversas
pervertido	pervertidos
pervertido	pervertida
pervertido	pervertidas
pervertidor	pervertidores
pervertidor	pervertidora
pervertidor	pervertidoras
períptero	perípteros
períptero	períptera
períptero	perípteras
pesadillesco	pesadillescos
pesadillesco	pesadillesca
pesadillesco	pesadillescas
pesado	pesados
pesado	pesada
pesado	pesadas
pesamentero	pesamenteros
pesamentero	pesamentera
pesamentero	pesamenteras
pesaroso	pesarosos
pesaroso	pesarosa
pesaroso	pesarosas
pescadero	pescaderos
pescadero	pescadera
pescadero	pescaderas
pescador	pescadores
pescador	pescadora
pescador	pescadoras
pescetariano	pescetarianos
pescetariano	pescetariana
pescetariano	pescetarianas
pesetero	peseteros
pesetero	pesetera
pesetero	peseteras
pesimista	pesimistas
pesquero	pesqueros
pesquero	pesquera
pesquero	pesqueras
pesquisidor	pesquisidores
pesquisidor	pesquisidora
pesquisidor	pesquisidoras
pesticida	pesticidas
pestilente	pestilentes
pestífero	pestíferos
pestífero	pestífera
pestífero	pestíferas
pesudo	pesudos
pesudo	pesuda
pesudo	pesudas
petaquero	petaqueros
petaquero	petaquera
petaquero	petaqueras
petero	peteros
petero	petera
petero	peteras
petitorio	petitorios
petitorio	petitoria
petitorio	petitorias
petizo	petizos
petizo	petiza
petizo	petizas
petresano	petresanos
petresano	petresana
petresano	petresanas
petrográfico	petrográficos
petrográfico	petrográfica
petrográfico	petrográficas
petrolífero	petrolíferos
petrolífero	petrolífera
petrolífero	petrolíferas
petulante	petulantes
peyorativo	peyorativos
peyorativo	peyorativa
peyorativo	peyorativas
peñaflorino	peñaflorinos
peñaflorino	peñaflorina
peñaflorino	peñaflorinas
peñascoso	peñascosos
peñascoso	peñascosa
peñascoso	peñascosas
piador	piadores
piador	piadora
piador	piadoras
piadoso	piadosos
piadoso	piadosa
piadoso	piadosas
piamontés	piamonteses
piamontés	piamontesa
piamontés	piamontesas
piantavotos	
pianístico	pianísticos
pianístico	pianística
pianístico	pianísticas
pibil	pibiles
pibito	pibitos
pibito	pibita
pibito	pibitas
picacero	picaceros
picacero	picacera
picacero	picaceras
picado	picados
picado	picada
picado	picadas
picajoso	picajosos
picajoso	picajosa
picajoso	picajosas
picante	picantes
picaral	picarales
picarazado	picarazados
picarazado	picarazada
picarazado	picarazadas
picardo	picardos
picardo	picarda
picardo	picardas
picaresco	picarescos
picaresco	picaresca
picaresco	picarescas
picaril	picariles
picazo	picazos
picazo	picaza
picazo	picazas
picaño	picaños
picaño	picaña
picaño	picañas
pichanguero	pichangueros
pichanguero	pichanguera
pichanguero	pichangueras
pichaza	
piche	piches
pichero	picheros
pichero	pichera
pichero	picheras
pichi	pichis
pichirre	pichirres
pichiruche	pichiruches
pichurriento	pichurrientos
pichurriento	pichurrienta
pichurriento	pichurrientas
picnóstilo	picnóstilos
picnóstilo	picnóstila
picnóstilo	picnóstilas
pictográfico	pictográficos
pictográfico	pictográfica
pictográfico	pictográficas
pictórico	pictóricos
pictórico	pictórica
pictórico	pictóricas
picúo	picúos
picúo	picúa
picúo	picúas
pierna	piernas
pigmeo	pigmeos
pigmeo	pigmea
pigmeo	pigmeas
pignoraticio	pignoraticios
pignoraticio	pignoraticia
pignoraticio	pignoraticias
pija	pijas
pije	pijes
pijo	pijos
pijo	pija
pijo	pijas
pijolandio	pijolandios
pijolandio	pijolandia
pijolandio	pijolandias
pilcahue	pilcahues
pililiento	pililientos
pililiento	pililienta
pililiento	pililientas
pillador	pilladores
pillador	pilladora
pillador	pilladoras
pillo	pillos
pillo	pilla
pillo	pillas
pilonero	piloneros
pilonero	pilonera
pilonero	piloneras
piloso	pilosos
piloso	pilosa
piloso	pilosas
pilosísimo	pilosísimos
pilosísimo	pilosísima
pilosísimo	pilosísimas
piltrafiento	piltrafientos
piltrafiento	piltrafienta
piltrafiento	piltrafientas
pimpante	pimpantes
pinchaglobos	
pinche	pinches
pinchurriento	pinchurrientos
pinchurriento	pinchurrienta
pinchurriento	pinchurrientas
pinciano	pincianos
pinciano	pinciana
pinciano	pincianas
pindio	pindios
pindio	pindia
pindio	pindias
pinero	pineros
pinero	pinera
pinero	pineras
pingüe	pingües
pingüino	pingüinos
pingüino	pingüina
pingüino	pingüinas
pinjante	pinjantes
pinnado	pinnados
pinnado	pinnada
pinnado	pinnadas
pinochetista	pinochetistas
pinolero	pinoleros
pinolero	pinolera
pinolero	pinoleras
pinta	
pintalenguas	
pinto	pintos
pinto	pinta
pinto	pintas
pintoresco	pintorescos
pintoresco	pintoresca
pintoresco	pintorescas
pinturero	pintureros
pinturero	pinturera
pinturero	pintureras
pintón	pintones
pintón	pintona
pintón	pintonas
piojento	piojentos
piojento	piojenta
piojento	piojentas
piojoso	piojosos
piojoso	piojosa
piojoso	piojosas
piola	piolas
pion	piones
pion	piona
pion	pionas
pipiolo	pipiolos
pipiolo	pipiola
pipiolo	pipiolas
pipón	pipones
pipón	pipona
pipón	piponas
piquetero	piqueteros
piquetero	piquetera
piquetero	piqueteras
piragüero	
pirata	piratas
pirenaico	pirenaicos
pirenaico	pirenaica
pirenaico	pirenaicas
piriforme	piriformes
pirinaico	pirinaicos
pirinaico	pirinaica
pirinaico	pirinaicas
pirineo	pirineos
pirineo	pirinea
pirineo	pirineas
piripi	piripis
pirobólico	pirobólicos
pirobólico	pirobólica
pirobólico	pirobólicas
pirquinero	pirquineros
pirquinero	pirquinera
pirquinero	pirquineras
pirrónico	pirrónicos
pirrónico	pirrónica
pirrónico	pirrónicas
pirulo	pirulos
pirulo	pirula
pirulo	pirulas
pirático	piráticos
pirático	pirática
pirático	piráticas
pirómano	pirómanos
pirómano	pirómana
pirómano	pirómanas
pisapasitos	
piscívoro	piscívoros
piscívoro	piscívora
piscívoro	piscívoras
pitagórico	pitagóricos
pitagórico	pitagórica
pitagórico	pitagóricas
pitarroso	pitarrosos
pitarroso	pitarrosa
pitarroso	pitarrosas
pitio	pitios
pitio	pitia
pitio	pitias
pito	pitos
pito	pita
pito	pitas
pituco	pitucos
pituco	pituca
pituco	pitucas
piturriento	piturrientos
piturriento	piturrienta
piturriento	piturrientas
piurano	piuranos
piurano	piurana
piurano	piuranas
pivotante	pivotantes
pixque	pixques
pizarreño	pizarreños
pizarreño	pizarreña
pizarreño	pizarreñas
pizarroso	pizarrosos
pizarroso	pizarrosa
pizarroso	pizarrosas
pizpireto	pizpiretos
pizpireto	pizpireta
pizpireto	pizpiretas
pizzero	pizzeros
pizzero	pizzera
pizzero	pizzeras
piñeliento	piñelientos
piñeliento	piñelienta
piñeliento	piñelientas
piñeniento	piñenientos
piñeniento	piñenienta
piñeniento	piñenientas
piñufla	piñuflas
piñufle	piñufles
pión	piones
pión	piona
pión	pionas
placentario	placentarios
placentario	placentaria
placentario	placentarias
placentero	placenteros
placentero	placentera
placentero	placenteras
placero	placeros
placero	placera
placero	placeras
placible	placibles
placodermo	placodermos
placodermo	placoderma
placodermo	placodermas
plagiador	plagiadores
plagiador	plagiadora
plagiador	plagiadoras
plaguicida	plaguicidas
planar	planares
planctónico	planctónicos
planctónico	planctónica
planctónico	planctónicas
planero	planeros
planero	planera
planero	planeras
planetario	planetarios
planetario	planetaria
planetario	planetarias
plano	planos
plano	plana
plano	planas
plantar	plantares
plantillero	plantilleros
plantillero	plantillera
plantillero	plantilleras
plantígrado	plantígrados
plantígrado	plantígrada
plantígrado	plantígradas
plantío	plantíos
plantío	plantía
plantío	plantías
planísimo	planísimos
planísimo	planísima
planísimo	planísimas
plasmático	plasmáticos
plasmático	plasmática
plasmático	plasmáticas
plasta	plastas
plata	platas
plateado	plateados
plateado	plateada
plateado	plateadas
platense	platenses
platero	plateros
platero	platera
platero	plateras
platicable	platicables
platicador	platicadores
platicador	platicadora
platicador	platicadoras
platicón	platicones
platicón	platicona
platicón	platiconas
platinífero	platiníferos
platinífero	platinífera
platinífero	platiníferas
platusa	
platónico	platónicos
platónico	platónica
platónico	platónicas
plausibile	plausibiles
plausibilísimo	plausibilísimos
plausibilísimo	plausibilísima
plausibilísimo	plausibilísimas
plausible	plausibles
playo	playos
playo	playa
playo	playas
plañidero	plañideros
plañidero	plañidera
plañidero	plañideras
plebeyo	plebeyos
plebeyo	plebeya
plebeyo	plebeyas
plebiscitario	plebiscitarios
plebiscitario	plebiscitaria
plebiscitario	plebiscitarias
plegable	plegables
plegadizo	plegadizos
plegadizo	plegadiza
plegadizo	plegadizas
pleistoceno	pleistocenos
pleistoceno	pleistocena
pleistoceno	pleistocenas
pleiteador	pleiteadores
pleiteador	pleiteadora
pleiteador	pleiteadoras
pleiteante	pleiteantes
plenario	plenarios
plenario	plenaria
plenario	plenarias
pleno	plenos
pleno	plena
pleno	plenas
pletórico	pletóricos
pletórico	pletórica
pletórico	pletóricas
pleural	pleurales
pleurocarpo	pleurocarpos
pleurocarpo	pleurocarpa
pleurocarpo	pleurocarpas
pleurocárpico	pleurocárpicos
pleurocárpico	pleurocárpica
pleurocárpico	pleurocárpicas
pleuronectiforme	pleuronectiformes
plioceno	pliocenos
plioceno	pliocena
plioceno	pliocenas
plomizo	plomizos
plomizo	plomiza
plomizo	plomizas
plomo	
plumado	plumados
plumado	plumada
plumado	plumadas
plumaria	
plumífero	plumíferos
plumífero	plumífera
plumífero	plumíferas
plural	plurales
pluricelular	pluricelulares
plurilingüe	plurilingües
plurinacional	plurinacionales
pluriprovincial	
plurirreligioso	plurirreligiosos
plurirreligioso	plurirreligiosa
plurirreligioso	plurirreligiosas
pluriétnico	pluriétnicos
pluriétnico	pluriétnica
pluriétnico	pluriétnicas
plutocrático	plutocráticos
plutocrático	plutocrática
plutocrático	plutocráticas
plutoniano	plutonianos
plutoniano	plutoniana
plutoniano	plutonianas
plutócrata	plutócratas
plutónico	plutónicos
plutónico	plutónica
plutónico	plutónicas
pluvial	pluviales
pluviométrico	pluviométricos
pluviométrico	pluviométrica
pluviométrico	pluviométricas
pluvioso	pluviosos
pluvioso	pluviosa
pluvioso	pluviosas
plácido	plácidos
plácido	plácida
plácido	plácidas
plástico	plásticos
plástico	plástica
plástico	plásticas
plúmbeo	plúmbeos
plúmbeo	plúmbea
plúmbeo	plúmbeas
poblacional	poblacionales
poblador	pobladores
poblador	pobladora
poblador	pobladoras
poblano	poblanos
poblano	poblana
poblano	poblanas
pobre	pobres
pobre	paupérrimo
pobre	pobrísimo
pobrecito	pobrecitos
pobrecito	pobrecita
pobrecito	pobrecitas
pobrista	pobristas
pobrísimo	pobrísimos
pobrísimo	pobrísima
pobrísimo	pobrísimas
pocho	pochos
pocho	pocha
pocho	pochas
pochocho	pochochos
pochocho	pochocha
pochocho	pochochas
pochoclero	pochocleros
pochoclero	pochoclera
pochoclero	pochocleras
poché	
poco	pocos
poco	poca
poco	pocas
poco	poquísimo
pocomam	pocomames
podador	podadores
podador	podadora
podador	podadoras
poderoso	poderosos
poderoso	poderosa
poderoso	poderosas
podrido	podridos
podrido	podrida
podrido	podridas
poiquilotermo	poiquilotermos
poiquilotermo	poiquiloterma
poiquilotermo	poiquilotermas
poiquilotérmico	poiquilotérmicos
poiquilotérmico	poiquilotérmica
poiquilotérmico	poiquilotérmicas
poiético	poiéticos
poiético	poiética
poiético	poiéticas
polaco	polacos
polaco	polaca
polaco	polacas
polar	polares
polarizador	polarizadores
polarizador	polarizadora
polarizador	polarizadoras
polarizante	polarizantes
policarpelar	policarpelares
policiaco	policiacos
policiaco	policiaca
policiaco	policiacas
policial	policiales
policotiledón	policotiledones
policotiledón	policotiledona
policotiledón	policotiledonas
policotiledóneo	policotiledóneos
policotiledóneo	policotiledónea
policotiledóneo	policotiledóneas
policíaco	policíacos
policíaco	policíaca
policíaco	policíacas
polideportivo	polideportivos
polideportivo	polideportiva
polideportivo	polideportivas
polifónico	polifónicos
polifónico	polifónica
polifónico	polifónicas
poligloto	poliglotos
poligloto	poliglota
poligloto	poliglotas
poligonal	poligonales
poligámico	poligámicos
poligámico	poligámica
poligámico	poligámicas
polilingüe	polilingües
polimicrobiológico	polimicrobiológicos
polimicrobiológico	polimicrobiológica
polimicrobiológico	polimicrobiológicas
polinesio	polinesios
polinesio	polinesia
polinesio	polinesias
polinífero	poliníferos
polinífero	polinífera
polinífero	poliníferas
polioperado	polioperados
polioperado	polioperada
polioperado	polioperadas
poliploide	poliploides
polisémico	polisémicos
polisémico	polisémica
polisémico	polisémicas
politeísta	politeístas
politiquero	politiqueros
politiquero	politiquera
politiquero	politiqueras
politológico	politológicos
politológico	politológica
politológico	politológicas
politécnico	
polivalente	polivalentes
pollera	polleras
polludo	polludos
polludo	polluda
polludo	polludas
pololo	pololos
pololo	polola
pololo	pololas
polonés	poloneses
polonés	polonesa
polonés	polonesas
poltrón	poltrones
poltrón	poltrona
poltrón	poltronas
polvoriento	polvorientos
polvoriento	polvorienta
polvoriento	polvorientas
polémico	polémicos
polémico	polémica
polémico	polémicas
polífono	polífonos
polífono	polífona
polífono	polífonas
polígamo	polígamos
polígamo	polígama
polígamo	polígamas
políglota	políglotas
polígloto	políglotos
polígloto	políglota
polígloto	políglotas
polígono	polígonos
polígono	polígona
polígono	polígonas
polínico	polínicos
polínico	polínica
polínico	polínicas
político	políticos
político	política
político	políticas
pomológico	pomológicos
pomológico	pomológica
pomológico	pomológicas
pompeyano	pompeyanos
pompeyano	pompeyana
pompeyano	pompeyanas
pomposo	pomposos
pomposo	pomposa
pomposo	pomposas
pomífero	pomíferos
pomífero	pomífera
pomífero	pomíferas
ponchado	ponchados
ponchado	ponchada
ponchado	ponchadas
ponderable	ponderables
ponderoso	ponderosos
ponderoso	ponderosa
ponderoso	ponderosas
ponferradino	ponferradinos
ponferradino	ponferradina
ponferradino	ponferradinas
ponible	ponibles
poniente	ponientes
pontevedrés	pontevedreses
pontevedrés	pontevedresa
pontevedrés	pontevedresas
pontifical	pontificales
pontificio	pontificios
pontificio	pontificia
pontificio	pontificias
ponzoñoso	ponzoñosos
ponzoñoso	ponzoñosa
ponzoñoso	ponzoñosas
pop	
popayanejo	popayanejos
popayanejo	popayaneja
popayanejo	popayanejas
popel	popeles
populachero	populacheros
populachero	populachera
populachero	populacheras
popular	populares
popular	popularísimo
popularísimo	popularísimos
popularísimo	popularísima
popularísimo	popularísimas
populoso	populosos
populoso	populosa
populoso	populosas
poquitico	poquiticos
poquitico	poquitica
poquitico	poquiticas
poquito	poquitos
poquito	poquita
poquito	poquitas
porcino	porcinos
porcino	porcina
porcino	porcinas
porcunense	porcunenses
porcunero	porcuneros
porcunero	porcunera
porcunero	porcuneras
pordebajeado	pordebajeados
pordebajeado	pordebajeada
pordebajeado	pordebajeadas
pordiosero	pordioseros
pordiosero	pordiosera
pordiosero	pordioseras
porfiado	porfiados
porfiado	porfiada
porfiado	porfiadas
porfiadísimo	porfiadísimos
porfiadísimo	porfiadísima
porfiadísimo	porfiadísimas
pornocrático	pornocráticos
pornocrático	pornocrática
pornocrático	pornocráticas
pornográfico	pornográficos
pornográfico	pornográfica
pornográfico	pornográficas
poronguero	
poroso	porosos
poroso	porosa
poroso	porosas
porosísimo	porosísimos
porosísimo	porosísima
porosísimo	porosísimas
porotero	poroteros
porotero	porotera
porotero	poroteras
poroto	porotos
poroto	porota
poroto	porotas
porrero	porreros
porrero	porrera
porrero	porreras
porro	porros
porro	porra
porro	porras
porrudo	porrudos
porrudo	porruda
porrudo	porrudas
portador	portadores
portador	portadora
portador	portadoras
portaliano	portalianos
portaliano	portaliana
portaliano	portalianas
portentoso	portentosos
portentoso	portentosa
portentoso	portentosas
porteño	porteños
porteño	porteña
porteño	porteñas
portorricense	portorricenses
portorriqueño	portorriqueños
portorriqueño	portorriqueña
portorriqueño	portorriqueñas
portorro	portorros
portorro	portorra
portorro	portorras
portuario	portuarios
portuario	portuaria
portuario	portuarias
portuense	portuenses
portugalujo	portugalujos
portugalujo	portugaluja
portugalujo	portugalujas
portugalés	portugaleses
portugalés	portugalesa
portugalés	portugalesas
portuguense	portuguenses
portugueseño	portugueseños
portugueseño	portugueseña
portugueseño	portugueseñas
portugueño	portugueños
portugueño	portugueña
portugueño	portugueñas
portugués	portugueses
portugués	portuguesa
portugués	portuguesas
portátil	portátiles
posadeño	
posdatado	posdatados
posdatado	posdatada
posdatado	posdatadas
poseedor	poseedores
poseedor	poseedora
poseedor	poseedoras
posero	poseros
posero	posera
posero	poseras
posesivo	posesivos
posesivo	posesiva
posesivo	posesivas
poseso	posesos
poseso	posesa
poseso	posesas
poseído	poseídos
poseído	poseída
poseído	poseídas
posfechado	posfechados
posfechado	posfechada
posfechado	posfechadas
posible	posibles
posible	posibilísimo
posicional	posicionales
positivo	positivos
positivo	positiva
positivo	positivas
positrónico	positrónicos
positrónico	positrónica
positrónico	positrónicas
posmenstrual	posmenstruales
posmeridiano	posmeridianos
posmeridiano	posmeridiana
posmeridiano	posmeridianas
posmodernista	posmodernistas
posmoderno	posmodernos
posmoderno	posmoderna
posmoderno	posmodernas
posoperatorio	posoperatorios
posoperatorio	posoperatoria
posoperatorio	posoperatorias
posposicional	posposicionales
posta	
postal	postales
postalveolar	postalveolares
postconsonántico	postconsonánticos
postconsonántico	postconsonántica
postconsonántico	postconsonánticas
posterior	posteriores
postizo	postizos
postizo	postiza
postizo	postizas
postmodernista	postmodernistas
postmoderno	postmodernos
postmoderno	postmoderna
postmoderno	postmodernas
postoperatorio	postoperatorios
postoperatorio	postoperatoria
postoperatorio	postoperatorias
postposicional	postposicionales
postre	
postrer	
postrero	postreros
postrero	postrera
postrero	postreras
postrimero	postrimeros
postrimero	postrimera
postrimero	postrimeras
postural	posturales
postverbal	postverbales
posverbal	posverbales
posverdadero	posverdaderos
posverdadero	posverdadera
posverdadero	posverdaderas
potabilizador	potabilizadores
potabilizador	potabilizadora
potabilizador	potabilizadoras
potable	potables
potencial	potenciales
potente	potentes
potenzado	potenzados
potenzado	potenzada
potenzado	potenzadas
potoco	potocos
potoco	potoca
potoco	potocas
potosino	potosinos
potosino	potosina
potosino	potosinas
potosí	
pozarricense	pozarricenses
poético	poéticos
poético	poética
poético	poéticas
practicable	practicables
practicador	practicadores
practicador	practicadora
practicador	practicadoras
practicante	practicantes
pragmático	pragmáticos
pragmático	pragmática
pragmático	pragmáticas
praviano	pravianos
praviano	praviana
praviano	pravianas
pravo	pravos
pravo	prava
pravo	pravas
preadolescente	preadolescentes
prebendario	prebendarios
prebendario	prebendaria
prebendario	prebendarias
prebostal	prebostales
precautorio	precautorios
precautorio	precautoria
precautorio	precautorias
precavido	precavidos
precavido	precavida
precavido	precavidas
precedente	precedentes
preceptoril	preceptoriles
preciado	preciados
preciado	preciada
preciado	preciadas
precioso	preciosos
precioso	preciosa
precioso	preciosas
precioso	preciosísimo
preciosísimo	preciosísimos
preciosísimo	preciosísima
preciosísimo	preciosísimas
precipitable	precipitables
precipitado	precipitados
precipitado	precipitada
precipitado	precipitadas
precipitoso	precipitosos
precipitoso	precipitosa
precipitoso	precipitosas
precipuo	precipuos
precipuo	precipua
precipuo	precipuas
precisivo	precisivos
precisivo	precisiva
precisivo	precisivas
preciso	precisos
preciso	precisa
preciso	precisas
precitable	precitables
precitado	precitados
precitado	precitada
precitado	precitadas
precito	precitos
precito	precita
precito	precitas
preclaro	preclaros
preclaro	preclara
preclaro	preclaras
precolombino	precolombinos
precolombino	precolombina
precolombino	precolombinas
precontractual	precontractuales
precordial	precordiales
precursor	precursores
precursor	precursora
precursor	precursoras
precámbrico	precámbricos
precámbrico	precámbrica
precámbrico	precámbricas
precípite	precípites
predecesor	predecesores
predecesor	predecesora
predecesor	predecesoras
predecible	predecibles
predicador	predicadores
predicador	predicadora
predicador	predicadoras
predictible	predictibles
predilecto	predilectos
predilecto	predilecta
predilecto	predilectas
predominante	predominantes
preelectoral	preelectorales
preeminente	preeminentes
preemptivo	preemptivos
preemptivo	preemptiva
preemptivo	preemptivas
preentrenado	preentrenados
preentrenado	preentrenada
preentrenado	preentrenadas
preescolar	preescolares
preexistente	preexistentes
preferible	preferibles
prefijo	prefijos
prefijo	prefija
prefijo	prefijas
preformateado	preformateados
preformateado	preformateada
preformateado	preformateadas
prefrontal	prefrontales
prefulgente	prefulgentes
pregonero	pregoneros
pregonero	pregonera
pregonero	pregoneras
preguntador	preguntadores
preguntador	preguntadora
preguntador	preguntadoras
prehelénico	prehelénicos
prehelénico	prehelénica
prehelénico	prehelénicas
prehispánico	
prehistórico	prehistóricos
prehistórico	prehistórica
prehistórico	prehistóricas
prejudicial	prejudiciales
prejuiciado	prejuiciados
prejuiciado	prejuiciada
prejuiciado	prejuiciadas
prejuicioso	prejuiciosos
prejuicioso	prejuiciosa
prejuicioso	prejuiciosas
prelaticio	prelaticios
prelaticio	prelaticia
prelaticio	prelaticias
preliminar	preliminares
premamá	premamás
premenstrual	premenstruales
premetafísico	premetafísicos
premetafísico	premetafísica
premetafísico	premetafísicas
premiador	premiadores
premiador	premiadora
premiador	premiadoras
premioso	premiosos
premioso	premiosa
premioso	premiosas
premonitorio	premonitorios
premonitorio	premonitoria
premonitorio	premonitorias
prendedor	prendedores
prendedor	prendedora
prendedor	prendedoras
prensil	prensiles
preobjetivo	preobjetivos
preobjetivo	preobjetiva
preobjetivo	preobjetivas
preocupado	preocupados
preocupado	preocupada
preocupado	preocupadas
preocupadísimo	preocupadísimos
preocupadísimo	preocupadísima
preocupadísimo	preocupadísimas
preocupante	preocupantes
preoperatorio	
preopinante	preopinantes
prepandémico	prepandémicos
prepandémico	prepandémica
prepandémico	prepandémicas
preponderante	preponderantes
preposicional	preposicionales
prepositivo	prepositivos
prepositivo	prepositiva
prepositivo	prepositivas
prepotente	prepotentes
prepóstero	prepósteros
prepóstero	prepóstera
prepóstero	prepósteras
prerromano	prerromanos
prerromano	prerromana
prerromano	prerromanas
presbiope	presbiopes
presbiteriano	presbiterianos
presbiteriano	presbiteriana
presbiteriano	presbiterianas
prescindible	prescindibles
presencial	presenciales
presentado	presentados
presentado	presentada
presentado	presentadas
presente	presentes
preservativo	preservativos
preservativo	preservativa
preservativo	preservativas
presidencial	presidenciales
presidente	presidentes
presidente	presidenta
presidente	presidentas
presionante	presionantes
preso	presos
preso	presa
preso	presas
presocrático	presocráticos
presocrático	presocrática
presocrático	presocráticas
prestador	prestadores
prestador	prestadora
prestador	prestadoras
presto	prestos
presto	presta
presto	prestas
presumido	presumidos
presumido	presumida
presumido	presumidas
presuncioso	presunciosos
presuncioso	presunciosa
presuncioso	presunciosas
presunto	presuntos
presunto	presunta
presunto	presuntas
presuntuoso	presuntuosos
presuntuoso	presuntuosa
presuntuoso	presuntuosas
presupuestal	presupuestales
presupuestario	presupuestarios
presupuestario	presupuestaria
presupuestario	presupuestarias
presuroso	presurosos
presuroso	presurosa
presuroso	presurosas
pretencioso	pretenciosos
pretencioso	pretenciosa
pretencioso	pretenciosas
pretendiente	pretendientes
preterido	preteridos
preterido	preterida
preterido	preteridas
preternatural	preternaturales
pretorianista	pretorianistas
pretoriano	pretorianos
pretoriano	pretoriana
pretoriano	pretorianas
pretérito	pretéritos
pretérito	pretérita
pretérito	pretéritas
prevaleciente	prevalecientes
prevalente	prevalentes
prevaricador	prevaricadores
prevaricador	prevaricadora
prevaricador	prevaricadoras
preventivo	preventivos
preventivo	preventiva
preventivo	preventivas
previo	previos
previo	previa
previo	previas
previsible	previsibles
previsional	previsionales
previsivo	previsivos
previsivo	previsiva
previsivo	previsivas
preñado	preñados
preñado	preñada
preñado	preñadas
prieto	prietos
prieto	prieta
prieto	prietas
primario	primarios
primario	primaria
primario	primarias
primate	primates
primatológico	primatológicos
primatológico	primatológica
primatológico	primatológicas
primaveral	primaverales
primer	primeros
primer	primera
primer	primeras
primerizo	primerizos
primerizo	primeriza
primerizo	primerizas
primevo	primevos
primevo	primeva
primevo	primevas
primicerio	primicerios
primicerio	primiceria
primicerio	primicerias
primigenio	primigenios
primigenio	primigenia
primigenio	primigenias
primitivo	primitivos
primitivo	primitiva
primitivo	primitivas
primito	primitos
primito	primita
primito	primitas
primo	primos
primo	prima
primo	primas
primogénito	primogénitos
primogénito	primogénita
primogénito	primogénitas
primordial	primordiales
primoroso	primorosos
primoroso	primorosa
primoroso	primorosas
principal	principales
principiante	principiantes
principista	principistas
pringado	pringados
pringado	pringada
pringado	pringadas
pringlense	pringlenses
prior	priores
prior	priora
prior	prioras
prioral	priorales
prioritario	prioritarios
prioritario	prioritaria
prioritario	prioritarias
priscilianista	priscilianistas
prisciliano	priscilianos
prisciliano	prisciliana
prisciliano	priscilianas
prismático	prismáticos
prismático	prismática
prismático	prismáticas
privado	privados
privado	privada
privado	privadas
privativo	privativos
privativo	privativa
privativo	privativas
privilegiado	privilegiados
privilegiado	privilegiada
privilegiado	privilegiadas
privilegiado	privilegiadísimo
privilegiativo	privilegiativos
privilegiativo	privilegiativa
privilegiativo	privilegiativas
prnl	
pro	pros
proaborto	
proactivo	proactivos
proactivo	proactiva
proactivo	proactivas
proal	proales
probabilísimo	probabilísimos
probabilísimo	probabilísima
probabilísimo	probabilísimas
probabilístico	probabilísticos
probabilístico	probabilística
probabilístico	probabilísticas
probable	probables
probador	probadores
probador	probadora
probador	probadoras
probatorio	probatorios
probatorio	probatoria
probatorio	probatorias
problemático	problemáticos
problemático	problemática
problemático	problemáticas
probo	probos
probo	proba
probo	probas
probritánico	probritánicos
probritánico	probritánica
probritánico	probritánicas
procarionte	procariontes
procariota	procariotas
procaz	procaces
procedente	procedentes
proceloso	procelosos
proceloso	procelosa
proceloso	procelosas
procesado	procesados
procesado	procesada
procesado	procesadas
procesador	procesadores
procesador	procesadora
procesador	procesadoras
procesal	procesales
proclive	proclives
proclítico	proclíticos
proclítico	proclítica
proclítico	proclíticas
procomunal	procomunales
proctológico	proctológicos
proctológico	proctológica
proctológico	proctológicas
procurador	procuradores
procurador	procuradora
procurador	procuradoras
procústeo	procústeos
procústeo	procústea
procústeo	procústeas
prodigioso	prodigiosos
prodigioso	prodigiosa
prodigioso	prodigiosas
prodrómico	prodrómicos
prodrómico	prodrómica
prodrómico	prodrómicas
producente	producentes
producidor	producidores
producidor	producidora
producidor	producidoras
productivo	productivos
productivo	productiva
productivo	productivas
productor	productores
productor	productora
productor	productoras
proel	proeles
proemial	proemiales
profano	profanos
profano	profana
profano	profanas
profesional	profesionales
profesoral	profesorales
proficiente	proficientes
profiláctico	profilácticos
profiláctico	profiláctica
profiláctico	profilácticas
profundo	profundos
profundo	profunda
profundo	profundas
profundísimo	profundísimos
profundísimo	profundísima
profundísimo	profundísimas
profuso	profusos
profuso	profusa
profuso	profusas
profético	proféticos
profético	profética
profético	proféticas
prognato	prognatos
prognato	prognata
prognato	prognatas
programable	programables
programático	programáticos
programático	programática
programático	programáticas
progre	progres
progresista	progresistas
progresivo	progresivos
progresivo	progresiva
progresivo	progresivas
progreta	progretas
prohibicionista	prohibicionistas
prohibido	prohibidos
prohibido	prohibida
prohibido	prohibidas
prohibitivo	prohibitivos
prohibitivo	prohibitiva
prohibitivo	prohibitivas
prohibitorio	prohibitorios
prohibitorio	prohibitoria
prohibitorio	prohibitorias
prohijador	prohijadores
prohijador	prohijadora
prohijador	prohijadoras
proletario	proletarios
proletario	proletaria
proletario	proletarias
prolijo	prolijos
prolijo	prolija
prolijo	prolijas
prolongado	prolongados
prolongado	prolongada
prolongado	prolongadas
prolongador	prolongadores
prolongador	prolongadora
prolongador	prolongadoras
prolongadísimo	prolongadísimos
prolongadísimo	prolongadísima
prolongadísimo	prolongadísimas
prolífico	prolíficos
prolífico	prolífica
prolífico	prolíficas
promercado	promercados
prometedor	prometedores
prometedor	prometedora
prometedor	prometedoras
prominente	prominentes
promiscuo	promiscuos
promiscuo	promiscua
promiscuo	promiscuas
promisorio	promisorios
promisorio	promisoria
promisorio	promisorias
promotor	promotores
promotor	promotora
promotor	promotoras
promovedor	promovedores
promovedor	promovedora
promovedor	promovedoras
promulgador	promulgadores
promulgador	promulgadora
promulgador	promulgadoras
pronominal	pronominales
pronosticador	pronosticadores
pronosticador	pronosticadora
pronosticador	pronosticadoras
pronto	prontos
pronto	pronta
pronto	prontas
prontísimo	prontísimos
prontísimo	prontísima
prontísimo	prontísimas
propagador	propagadores
propagador	propagadora
propagador	propagadoras
propagandista	propagandistas
propagandístico	propagandísticos
propagandístico	propagandística
propagandístico	propagandísticas
propalador	propaladores
propalador	propaladora
propalador	propaladoras
proparoxítono	proparoxítonos
proparoxítono	proparoxítona
proparoxítono	proparoxítonas
propedéutico	propedéuticos
propedéutico	propedéutica
propedéutico	propedéuticas
propiciador	propiciadores
propiciador	propiciadora
propiciador	propiciadoras
propicio	propicios
propicio	propicia
propicio	propicias
propietario	propietarios
propietario	propietaria
propietario	propietarias
propio	propios
propio	propia
propio	propias
proponedor	proponedores
proponedor	proponedora
proponedor	proponedoras
proporcionable	proporcionables
proporcionado	proporcionados
proporcionado	proporcionada
proporcionado	proporcionadas
proporcional	proporcionales
proprio	proprios
proprio	propria
proprio	proprias
propugnador	propugnadores
propugnador	propugnadora
propugnador	propugnadoras
prorrogable	prorrogables
prosaico	prosaicos
prosaico	prosaica
prosaico	prosaicas
proscripto	proscriptos
proscripto	proscripta
proscripto	proscriptas
proscrito	proscritos
proscrito	proscrita
proscrito	proscritas
proselitista	proselitistas
prosificador	prosificadores
prosificador	prosificadora
prosificador	prosificadoras
prostibulario	prostibularios
prostibulario	prostibularia
prostibulario	prostibularias
prostituido	prostituidos
prostituido	prostituida
prostituido	prostituidas
prosístico	prosísticos
prosístico	prosística
prosístico	prosísticas
prosódico	prosódicos
prosódico	prosódica
prosódico	prosódicas
protagonista	protagonistas
proteccionista	proteccionistas
protector	protectores
protector	protectora
protector	protectoras
proteico	proteicos
proteico	proteica
proteico	proteicas
protervo	protervos
protervo	proterva
protervo	protervas
protestante	protestantes
proteínico	proteínicos
proteínico	proteínica
proteínico	proteínicas
proto-celta	proto-celtas
proto-céltico	proto-célticos
protocelta	protoceltas
protocolar	
protocéltico	protocélticos
protocéltico	protocéltica
protocéltico	protocélticas
protoexistencialista	protoexistencialistas
protoplanetario	protoplanetarios
protoplanetario	protoplanetaria
protoplanetario	protoplanetarias
protoplasmático	protoplasmáticos
protoplasmático	protoplasmática
protoplasmático	protoplasmáticas
protráctil	protráctiles
protónico	protónicos
protónico	protónica
protónico	protónicas
provechoso	provechosos
provechoso	provechosa
provechoso	provechosas
proveedor	proveedores
proveedor	proveedora
proveedor	proveedoras
provenzal	provenzales
proverbial	proverbiales
provida	
providencial	providenciales
provincial	provinciales
provinciano	provincianos
provinciano	provinciana
provinciano	provincianas
provisional	provisionales
provisorio	provisorios
provisorio	provisoria
provisorio	provisorias
provocador	provocadores
provocador	provocadora
provocador	provocadoras
provocante	provocantes
proxenético	proxenéticos
proxenético	proxenética
proxenético	proxenéticas
proxémico	proxémicos
proxémico	proxémica
proxémico	proxémicas
proyectador	proyectadores
proyectador	proyectadora
proyectador	proyectadoras
proyectante	proyectantes
proyectivo	proyectivos
proyectivo	proyectiva
proyectivo	proyectivas
proyecto	proyectos
proyecto	proyecta
proyecto	proyectas
prudente	prudentes
pruinoso	pruinosos
pruinoso	pruinosa
pruinoso	pruinosas
prusiano	prusianos
prusiano	prusiana
prusiano	prusianas
práctico	prácticos
práctico	práctica
práctico	prácticas
prángana	pránganas
práxico	práxicos
práxico	práxica
práxico	práxicas
prémium	
présbita	présbitas
présbite	présbites
príncipe	príncipes
prístino	prístinos
prístino	prístina
prístino	prístinas
prócer	próceres
pródigo	pródigos
pródigo	pródiga
pródigo	pródigas
prófugo	prófugos
prófugo	prófuga
prófugo	prófugas
próspero	prósperos
próspero	próspera
próspero	prósperas
próstilo	próstilos
próstilo	próstila
próstilo	próstilas
próvido	próvidos
próvido	próvida
próvido	próvidas
próximo	próximos
próximo	próxima
próximo	próximas
psamófilo	psamófilos
psamófilo	psamófila
psamófilo	psamófilas
pseudocientífico	pseudocientíficos
pseudocientífico	pseudocientífica
pseudocientífico	pseudocientíficas
pseudodíptero	pseudodípteros
pseudodíptero	pseudodíptera
pseudodíptero	pseudodípteras
pseudoepigráfico	pseudoepigráficos
pseudoepigráfico	pseudoepigráfica
pseudoepigráfico	pseudoepigráficas
pseudoepígrafo	pseudoepígrafos
pseudoepígrafo	pseudoepígrafa
pseudoepígrafo	pseudoepígrafas
pseudoperíptero	pseudoperípteros
pseudoperíptero	pseudoperíptera
pseudoperíptero	pseudoperípteras
psicodélico	psicodélicos
psicodélico	psicodélica
psicodélico	psicodélicas
psicofísico	psicofísicos
psicofísico	psicofísica
psicofísico	psicofísicas
psicolítico	psicolíticos
psicolítico	psicolítica
psicolítico	psicolíticas
psicológico	psicológicos
psicológico	psicológica
psicológico	psicológicas
psicosocial	psicosociales
psicosomático	psicosomáticos
psicosomático	psicosomática
psicosomático	psicosomáticas
psicoterapéutico	psicoterapéuticos
psicoterapéutico	psicoterapéutica
psicoterapéutico	psicoterapéuticas
psicotrópico	psicotrópicos
psicotrópico	psicotrópica
psicotrópico	psicotrópicas
psicótico	psicóticos
psicótico	psicótica
psicótico	psicóticas
psiquiátrico	psiquiátricos
psiquiátrico	psiquiátrica
psiquiátrico	psiquiátricas
psitácido	psitácidos
psitácido	psitácida
psitácido	psitácidas
psycológico	psycológicos
psycológico	psycológica
psycológico	psycológicas
psíquico	psíquicos
psíquico	psíquica
psíquico	psíquicas
ptolemaico	ptolemaicos
ptolemaico	ptolemaica
ptolemaico	ptolemaicas
pubescente	pubescentes
publicable	publicables
publicador	publicadores
publicador	publicadora
publicador	publicadoras
publicitario	publicitarios
publicitario	publicitaria
publicitario	publicitarias
pucallpino	pucallpinos
pucallpino	pucallpina
pucallpino	pucallpinas
pucheriento	pucherientos
pucheriento	pucherienta
pucheriento	pucherientas
pucho	puchos
pucho	pucha
pucho	puchas
pudibundo	pudibundos
pudibundo	pudibunda
pudibundo	pudibundas
pudiente	pudientes
pudoroso	pudorosos
pudoroso	pudorosa
pudoroso	pudorosas
pueblerino	pueblerinos
pueblerino	pueblerina
pueblerino	pueblerinas
pueblero	puebleros
pueblero	pueblera
pueblero	puebleras
puelche	puelches
puentealtino	puentealtinos
puentealtino	puentealtina
puentealtino	puentealtinas
puerco	puercos
puerco	puerca
puerco	puercas
pueril	pueriles
puertomontino	puertomontinos
puertomontino	puertomontina
puertomontino	puertomontinas
puertorrealeño	puertorrealeños
puertorrealeño	puertorrealeña
puertorrealeño	puertorrealeñas
puertorriqueño	puertorriqueños
puertorriqueño	puertorriqueña
puertorriqueño	puertorriqueñas
puertorro	puertorros
puertorro	puertorra
puertorro	puertorras
puesto	puestos
puesto	puesta
puesto	puestas
pugilístico	pugilísticos
pugilístico	pugilística
pugilístico	pugilísticas
pugnaz	pugnaces
pujante	pujantes
pulcro	pulcros
pulcro	pulcra
pulcro	pulcras
pulcro	pulquérrimo
pulcro	pulcrísimo
pulcrísimo	pulcrísimos
pulcrísimo	pulcrísima
pulcrísimo	pulcrísimas
pulguiento	pulguientos
pulguiento	pulguienta
pulguiento	pulguientas
pulido	pulidos
pulido	pulida
pulido	pulidas
pulmonar	pulmonares
pulpileño	
pulquero	pulqueros
pulquero	pulquera
pulquero	pulqueras
pulsador	pulsadores
pulsador	pulsadora
pulsador	pulsadoras
pulverizador	pulverizadores
pulverizador	pulverizadora
pulverizador	pulverizadoras
pulverulento	pulverulentos
pulverulento	pulverulenta
pulverulento	pulverulentas
pundonoroso	pundonorosos
pundonoroso	pundonorosa
pundonoroso	pundonorosas
puneño	puneños
puneño	puneña
puneño	puneñas
punga	pungas
punible	punibles
punitivo	punitivos
punitivo	punitiva
punitivo	punitivas
punitorio	punitorios
punitorio	punitoria
punitorio	punitorias
punk	punks
punki	punkis
puntal	
puntano	puntanos
puntano	puntana
puntano	puntanas
puntarenense	puntarenenses
puntero	punteros
puntero	puntera
puntero	punteras
puntiagudo	puntiagudos
puntiagudo	puntiaguda
puntiagudo	puntiagudas
puntilloso	puntillosos
puntilloso	puntillosa
puntilloso	puntillosas
puntual	puntuales
punzador	punzadores
punzador	punzadora
punzador	punzadoras
punzante	punzantes
punzó	
pupocéntrico	pupocéntricos
pupocéntrico	pupocéntrica
pupocéntrico	pupocéntricas
puposo	puposos
puposo	puposa
puposo	puposas
purchenero	
purgable	purgables
purgador	purgadores
purgador	purgadora
purgador	purgadoras
purgante	purgantes
purgativo	purgativos
purgativo	purgativa
purgativo	purgativas
purgatorio	purgatorios
purgatorio	purgatoria
purgatorio	purgatorias
purificador	purificadores
purificador	purificadora
purificador	purificadoras
purisimense	purisimenses
purista	puristas
puro	puros
puro	pura
puro	puras
puro	purísimo
purpurado	purpurados
purpurado	purpurada
purpurado	purpuradas
purpúreo	purpúreos
purpúreo	purpúrea
purpúreo	purpúreas
purulento	purulentos
purulento	purulenta
purulento	purulentas
purépecha	purépechas
purísimo	purísimos
purísimo	purísima
purísimo	purísimas
pusilánime	pusilánimes
pusilánimo	pusilánimos
pusilánimo	pusilánima
pusilánimo	pusilánimas
pustuloso	pustulosos
pustuloso	pustulosa
pustuloso	pustulosas
putativo	putativos
putativo	putativa
putativo	putativas
puteador	puteadores
puteador	puteadora
puteador	puteadoras
putero	puteros
putero	putera
putero	puteras
putito	putitos
putito	putita
putito	putitas
putrefactivo	putrefactivos
putrefactivo	putrefactiva
putrefactivo	putrefactivas
putrefacto	putrefactos
putrefacto	putrefacta
putrefacto	putrefactas
putrescente	putrescentes
putrescible	putrescibles
putumayense	putumayenses
pálido	pálidos
pálido	pálida
pálido	pálidas
pánfilo	pánfilos
pánfilo	pánfila
pánfilo	pánfilas
pánico	pánicos
pánico	pánica
pánico	pánicas
pático	páticos
pático	pática
pático	páticas
pávido	pávidos
pávido	pávida
pávido	pávidas
pélvico	pélvicos
pélvico	pélvica
pélvico	pélvicas
pérfidiado	pérfidiados
pérfidiado	pérfidiada
pérfidiado	pérfidiadas
pérfido	pérfidos
pérfido	pérfida
pérfido	pérfidas
pérmico	pérmicos
pérmico	pérmica
pérmico	pérmicas
pésimo	pésimos
pésimo	pésima
pésimo	pésimas
pétreo	pétreos
pétreo	pétrea
pétreo	pétreas
pícaro	pícaros
pícaro	pícara
pícaro	pícaras
píceo	píceos
píceo	pícea
píceo	píceas
pícnico	pícnicos
pícnico	pícnica
pícnico	pícnicas
pío	píos
pío	pía
pío	pías
pírico	píricos
pírico	pírica
pírico	píricas
pírrico	pírricos
pírrico	pírrica
pírrico	pírricas
pítico	píticos
pítico	pítica
pítico	píticas
póstumo	póstumos
póstumo	póstuma
póstumo	póstumas
púber	púberes
púbico	púbicos
púbico	púbica
púbico	púbicas
público	públicos
público	pública
público	públicas
púdico	púdicos
púdico	púdica
púdico	púdicas
púlveo	púlveos
púlveo	púlvea
púlveo	púlveas
púnico	púnicos
púnico	púnica
púnico	púnicas
púrpura	púrpuras
pútrido	pútridos
pútrido	pútrida
pútrido	pútridas
qatarí	qatarís
qatarí	qataríes
qaysí	qaysís
qaysí	qaysíes
quadrúplex	
qual	
qualquiera	qualesquiera
quebequés	quebequeses
quebequés	quebequesa
quebequés	quebequesas
quebradeño	quebradeños
quebradeño	quebradeña
quebradeño	quebradeñas
quebradizo	quebradizos
quebradizo	quebradiza
quebradizo	quebradizas
quebrado	quebrados
quebrado	quebrada
quebrado	quebradas
quebrador	quebradores
quebrador	quebradora
quebrador	quebradoras
quebrajoso	quebrajosos
quebrajoso	quebrajosa
quebrajoso	quebrajosas
quedo	quedos
quedo	queda
quedo	quedas
quedón	quedones
quedón	quedona
quedón	quedonas
queer	
quejicoso	quejicosos
quejicoso	quejicosa
quejicoso	quejicosas
quejilloso	quejillosos
quejilloso	quejillosa
quejilloso	quejillosas
quejoso	quejosos
quejoso	quejosa
quejoso	quejosas
quejumbroso	quejumbrosos
quejumbroso	quejumbrosa
quejumbroso	quejumbrosas
quelonio	quelonios
quelonio	quelonia
quelonio	quelonias
quemante	quemantes
quemarropa	
quemero	quemeros
quemero	quemera
quemero	quemeras
quenchi	
quequenense	quequenenses
querandí	querandís
querandí	querandíes
querellador	querelladores
querellador	querelladora
querellador	querelladoras
querellante	querellantes
querencial	querenciales
querencioso	querenciosos
querencioso	querenciosa
querencioso	querenciosas
querendón	querendones
querendón	querendona
querendón	querendonas
queretano	queretanos
queretano	queretana
queretano	queretanas
querido	queridos
querido	querida
querido	queridas
queridísimo	queridísimos
queridísimo	queridísima
queridísimo	queridísimas
queriente	querientes
queriria	
querulante	querulantes
quevedesco	quevedescos
quevedesco	quevedesca
quevedesco	quevedescas
quibdoano	quibdoanos
quibdoano	quibdoana
quibdoano	quibdoanas
quibdoseño	quibdoseños
quibdoseño	quibdoseña
quibdoseño	quibdoseñas
quichua	quichuas
quiché	quichés
quiescente	quiescentes
quietecito	quietecitos
quietecito	quietecita
quietecito	quietecitas
quietista	quietistas
quietito	quietitos
quietito	quietita
quietito	quietitas
quieto	quietos
quieto	quieta
quieto	quietas
quietísimo	quietísimos
quietísimo	quietísima
quietísimo	quietísimas
quijarudo	quijarudos
quijarudo	quijaruda
quijarudo	quijarudas
quijotesco	quijotescos
quijotesco	quijotesca
quijotesco	quijotescas
quillotano	quillotanos
quillotano	quillotana
quillotano	quillotanas
quilmeño	
quilométrico	quilométricos
quilométrico	quilométrica
quilométrico	quilométricas
quilpueíno	quilpueínos
quilpueíno	quilpueína
quilpueíno	quilpueínas
quimerino	quimerinos
quimerino	quimerina
quimerino	quimerinas
quimerista	quimeristas
quimérico	quiméricos
quimérico	quimérica
quimérico	quiméricas
quinado	quinados
quinado	quinada
quinado	quinadas
quinario	quinarios
quinario	quinaria
quinario	quinarias
quinceavo	quinceavos
quinceavo	quinceava
quinceavo	quinceavas
quinceañero	quinceañeros
quinceañero	quinceañera
quinceañero	quinceañeras
quincenal	quincenales
quincenario	quincenarios
quincenario	quincenaria
quincenario	quincenarias
quincuagena	quincuagenas
quincuagenario	quincuagenarios
quincuagenario	quincuagenaria
quincuagenario	quincuagenarias
quindenial	quindeniales
quindiano	quindianos
quindiano	quindiana
quindiano	quindianas
quindécimo	quindécimos
quindécimo	quindécima
quindécimo	quindécimas
quinesiológico	quinesiológicos
quinesiológico	quinesiológica
quinesiológico	quinesiológicas
quinesioterápico	quinesioterápicos
quinesioterápico	quinesioterápica
quinesioterápico	quinesioterápicas
quinesiterápico	quinesiterápicos
quinesiterápico	quinesiterápica
quinesiterápico	quinesiterápicas
quinielístico	quinielísticos
quinielístico	quinielística
quinielístico	quinielísticas
quinquenal	quinquenales
quintador	quintadores
quintador	quintadora
quintador	quintadoras
quintanarroense	quintanarroenses
quintano	quintanos
quintano	quintana
quintano	quintanas
quintillizo	quintillizos
quintillizo	quintilliza
quintillizo	quintillizas
quiral	quirales
quirografario	quirografarios
quirografario	quirografaria
quirografario	quirografarias
quiromántico	quirománticos
quiromántico	quiromántica
quiromántico	quirománticas
quiropráctico	quiroprácticos
quiropráctico	quiropráctica
quiropráctico	quiroprácticas
quirosano	quirosanos
quirosano	quirosana
quirosano	quirosanas
quirquincho	quirquinchos
quirquincho	quirquincha
quirquincho	quirquinchas
quirúrgico	quirúrgicos
quirúrgico	quirúrgica
quirúrgico	quirúrgicas
quisqueyano	quisqueyanos
quisqueyano	quisqueyana
quisqueyano	quisqueyanas
quisquilloso	quisquillosos
quisquilloso	quisquillosa
quisquilloso	quisquillosas
quisto	quistos
quisto	quista
quisto	quistas
quitahipos	
quitamultas	
quiteño	quiteños
quiteño	quiteña
quiteño	quiteñas
qué	
químico	químicos
químico	química
químico	químicas
quíntuple	quíntuples
quíntuplo	quíntuplos
quíntuplo	quíntupla
quíntuplo	quíntuplas
quístico	quísticos
quístico	quística
quístico	quísticas
rabicorto	rabicortos
rabicorto	rabicorta
rabicorto	rabicortas
rabioso	rabiosos
rabioso	rabiosa
rabioso	rabiosas
rabudo	rabudos
rabudo	rabuda
rabudo	rabudas
rabínico	rabínicos
rabínico	rabínica
rabínico	rabínicas
rabón	rabones
rabón	rabona
rabón	rabonas
racial	raciales
racional	racionales
racionalista	racionalistas
racista	racistas
radiactivo	radiactivos
radiactivo	radiactiva
radiactivo	radiactivas
radiado	radiados
radiado	radiada
radiado	radiadas
radial	radiales
radiante	radiantes
radical	radicales
radichetongo	radichetongos
radichetongo	radichetonga
radichetongo	radichetongas
radicoso	radicosos
radicoso	radicosa
radicoso	radicosas
radioactivo	radioactivos
radioactivo	radioactiva
radioactivo	radioactivas
radiográfico	radiográficos
radiográfico	radiográfica
radiográfico	radiográficas
radiológico	radiológicos
radiológico	radiológica
radiológico	radiológicas
radiotelegráfico	radiotelegráficos
radiotelegráfico	radiotelegráfica
radiotelegráfico	radiotelegráficas
rafaelino	
ragueño	
raigal	raigales
rajable	rajables
rajado	rajados
rajado	rajada
rajado	rajadas
rajador	rajadores
rajador	rajadora
rajador	rajadoras
ramnáceo	ramnáceos
ramnáceo	ramnácea
ramnáceo	ramnáceas
ramoniano	ramonianos
ramoniano	ramoniana
ramoniano	ramonianas
ramoso	ramosos
ramoso	ramosa
ramoso	ramosas
ramosísimo	ramosísimos
ramosísimo	ramosísima
ramosísimo	ramosísimas
rampante	rampantes
ramplón	ramplones
ramplón	ramplona
ramplón	ramplonas
rana	ranas
rancagüino	rancagüinos
rancagüino	rancagüina
rancagüino	rancagüinas
ranchero	rancheros
ranchero	ranchera
ranchero	rancheras
rancio	rancios
rancio	rancia
rancio	rancias
rantifuso	rantifusos
rantifuso	rantifusa
rantifuso	rantifusas
ranversado	ranversados
ranversado	ranversada
ranversado	ranversadas
rapante	rapantes
rapanuí	rapanuís
rapaz	rapaces
rapidísimo	rapidísimos
rapidísimo	rapidísima
rapidísimo	rapidísimas
rapsódico	rapsódicos
rapsódico	rapsódica
rapsódico	rapsódicas
raptor	raptores
raptor	raptora
raptor	raptoras
raquídeo	raquídeos
raquídeo	raquídea
raquídeo	raquídeas
raquítico	raquíticos
raquítico	raquítica
raquítico	raquíticas
rarito	raritos
rarito	rarita
rarito	raritas
raro	raros
raro	rara
raro	raras
raro	rarísimo
rarísimo	rarísimos
rarísimo	rarísima
rarísimo	rarísimas
rasante	rasantes
rascatinajas	
rascuache	rascuaches
rasgado	rasgados
rasgado	rasgada
rasgado	rasgadas
rasgador	rasgadores
rasgador	rasgadora
rasgador	rasgadoras
raso	rasos
raso	rasa
raso	rasas
rasta	rastas
rastacuero	rastacueros
rastacueros	
rastafari	rastafaris
rastillador	rastilladores
rastillador	rastilladora
rastillador	rastilladoras
rastracueros	
rastreador	rastreadores
rastreador	rastreadora
rastreador	rastreadoras
rastrero	rastreros
rastrero	rastrera
rastrero	rastreras
rastrillador	rastrilladores
rastrillador	rastrilladora
rastrillador	rastrilladoras
ratero	rateros
ratero	ratera
ratero	rateras
rato	ratos
rato	rata
rato	ratas
ratoncito	ratoncitos
ratoncito	ratoncita
ratoncito	ratoncitas
raudo	raudos
raudo	rauda
raudo	raudas
rayadito	
rayado	rayados
rayado	rayada
rayado	rayadas
razado	razados
razado	razada
razado	razadas
razonable	razonables
razonado	razonados
razonado	razonada
razonado	razonadas
raído	raídos
raído	raída
raído	raídas
reaccionario	reaccionarios
reaccionario	reaccionaria
reaccionario	reaccionarias
reacio	reacios
reacio	reacia
reacio	reacias
reactante	reactantes
reactivo	reactivos
reactivo	reactiva
reactivo	reactivas
real	reales
realista	
realizable	realizables
rebatible	rebatibles
rebañador	rebañadores
rebañador	rebañadora
rebañador	rebañadoras
rebañego	rebañegos
rebañego	rebañega
rebañego	rebañegas
rebelde	rebeldes
rebosante	rebosantes
rebuscado	rebuscados
rebuscado	rebuscada
rebuscado	rebuscadas
rebuscador	rebuscadores
rebuscador	rebuscadora
rebuscador	rebuscadoras
rebuznador	rebuznadores
rebuznador	rebuznadora
rebuznador	rebuznadoras
recalcador	recalcadores
recalcador	recalcadora
recalcador	recalcadoras
recalcitrante	recalcitrantes
recargable	recargables
recargado	recargados
recargado	recargada
recargado	recargadas
recatón	recatones
recatón	recatona
recatón	recatonas
recauchador	recauchadores
recauchador	recauchadora
recauchador	recauchadoras
receloso	recelosos
receloso	recelosa
receloso	recelosas
receptor	receptores
receptor	receptora
receptor	receptoras
rechazable	rechazables
rechazador	rechazadores
rechazador	rechazadora
rechazador	rechazadoras
rechoncho	rechonchos
rechoncho	rechoncha
rechoncho	rechonchas
reciente	recientes
reciente	recentísimo
reciente	recientísimo
recientísimo	recientísimos
recientísimo	recientísima
recientísimo	recientísimas
recio	recios
recio	recia
recio	recias
recipiente	recipientes
reciprocidad	reciprocidades
reclamante	reclamantes
recluso	reclusos
recluso	reclusa
recluso	reclusas
recocho	recochos
recocho	recocha
recocho	recochas
recogido	recogidos
recogido	recogida
recogido	recogidas
recolector	recolectores
recolector	recolectora
recolector	recolectoras
recoleto	recoletos
recoleto	recoleta
recoleto	recoletas
reconfortante	reconfortantes
reconocedor	reconocedores
reconocedor	reconocedora
reconocedor	reconocedoras
reconocible	reconocibles
reconocido	reconocidos
reconocido	reconocida
reconocido	reconocidas
reconstituyente	reconstituyentes
recopilado	recopilados
recopilado	recopilada
recopilado	recopiladas
recortado	recortados
recortado	recortada
recortado	recortadas
recreativo	recreativos
recreativo	recreativa
recreativo	recreativas
recrucetado	recrucetados
recrucetado	recrucetada
recrucetado	recrucetadas
rectal	rectales
rectangular	rectangulares
rectificador	rectificadores
rectificador	rectificadora
rectificador	rectificadoras
recto	rectos
recto	recta
recto	rectas
rector	rectores
rector	rectora
rector	rectoras
reculiado	reculiados
reculiado	reculiada
reculiado	reculiadas
recuperable	recuperables
recuperador	recuperadores
recuperador	recuperadora
recuperador	recuperadoras
recuperativo	recuperativos
recuperativo	recuperativa
recuperativo	recuperativas
recurrente	recurrentes
recurridor	recurridores
recurridor	recurridora
recurridor	recurridoras
recursivo	recursivos
recursivo	recursiva
recursivo	recursivas
recurvifoliado	recurvifoliados
recurvifoliado	recurvifoliada
recurvifoliado	recurvifoliadas
recusable	recusables
recusador	recusadores
recusador	recusadora
recusador	recusadoras
recusativo	recusativos
recusativo	recusativa
recusativo	recusativas
recíproco	recíprocos
recíproco	recíproca
recíproco	recíprocas
recóndito	recónditos
recóndito	recóndita
recóndito	recónditas
redento	redentos
redento	redenta
redento	redentas
redentor	redentores
redentor	redentora
redentor	redentoras
redhibitorio	redhibitorios
redhibitorio	redhibitoria
redhibitorio	redhibitorias
redimible	redimibles
redituable	redituables
redivivo	redivivos
redivivo	rediviva
redivivo	redivivas
redoblón	redoblones
redoblón	redoblona
redoblón	redoblonas
redomado	redomados
redomado	redomada
redomado	redomadas
redomón	redomones
redomón	redomona
redomón	redomonas
redondeado	redondeados
redondeado	redondeada
redondeado	redondeadas
redondo	redondos
redondo	redonda
redondo	redondas
reduccionista	reduccionistas
reducible	reducibles
reducido	reducidos
reducido	reducida
reducido	reducidas
reductible	reductibles
reductor	reductores
reductor	reductora
reductor	reductoras
redundante	redundantes
redutable	redutables
reemplazable	reemplazables
reemplazante	reemplazantes
reengendrador	reengendradores
reengendrador	reengendradora
reengendrador	reengendradoras
referente	referentes
refitolero	refitoleros
refitolero	refitolera
refitolero	refitoleras
reflectante	reflectantes
reflector	reflectores
reflector	reflectora
reflector	reflectoras
reflejo	reflejos
reflejo	refleja
reflejo	reflejas
reflexivo	reflexivos
reflexivo	reflexiva
reflexivo	reflexivas
refractario	
refractivo	refractivos
refractivo	refractiva
refractivo	refractivas
refranero	refraneros
refranero	refranera
refranero	refraneras
refrescante	refrescantes
refugiado	refugiados
refugiado	refugiada
refugiado	refugiadas
refulgente	refulgentes
refunfuñador	refunfuñadores
refunfuñador	refunfuñadora
refunfuñador	refunfuñadoras
refutable	refutables
regadío	regadíos
regadío	regadía
regadío	regadías
regalado	regalados
regalado	regalada
regalado	regaladas
regalón	regalones
regalón	regalona
regalón	regalonas
regante	regantes
regateador	regateadores
regateador	regateadora
regateador	regateadoras
regatón	regatones
regatón	regatona
regatón	regatonas
regenerador	regeneradores
regenerador	regeneradora
regenerador	regeneradoras
regente	regentes
regenteador	regenteadores
regenteador	regenteadora
regenteador	regenteadoras
regidor	regidores
regidor	regidora
regidor	regidoras
reginal	reginales
regio	regios
regio	regia
regio	regias
regiomontano	regiomontanos
regiomontano	regiomontana
regiomontano	regiomontanas
regional	regionales
registrable	registrables
registrado	registrados
registrado	registrada
registrado	registradas
registrador	registradores
registrador	registradora
registrador	registradoras
reglamentario	reglamentarios
reglamentario	reglamentaria
reglamentario	reglamentarias
reglar	reglares
regocijante	regocijantes
regordido	regordidos
regordido	regordida
regordido	regordidas
regraciador	regraciadores
regraciador	regraciadora
regraciador	regraciadoras
regresivo	regresivos
regresivo	regresiva
regresivo	regresivas
regruñidor	regruñidores
regruñidor	regruñidora
regruñidor	regruñidoras
regulador	reguladores
regulador	reguladora
regulador	reguladoras
regular	regulares
regulatorio	regulatorios
regulatorio	regulatoria
regulatorio	regulatorias
rehecho	rehechos
rehecho	rehecha
rehecho	rehechas
rehidratante	rehidratantes
reinante	reinantes
reincidente	reincidentes
reintegracionista	reintegracionistas
reiterativo	reiterativos
reiterativo	reiterativa
reiterativo	reiterativas
reivindicante	reivindicantes
rejuvenecedor	rejuvenecedores
rejuvenecedor	rejuvenecedora
rejuvenecedor	rejuvenecedoras
relajable	relajables
relajador	relajadores
relajador	relajadora
relajador	relajadoras
relajante	relajantes
relamido	relamidos
relamido	relamida
relamido	relamidas
relapso	relapsos
relapso	relapsa
relapso	relapsas
relatador	relatadores
relatador	relatadora
relatador	relatadoras
relativista	relativistas
relativo	relativos
relativo	relativa
relativo	relativas
relenco	relencos
relenco	relenca
relenco	relencas
relevante	relevantes
relevista	relevistas
relicto	relictos
relicto	relicta
relicto	relictas
religioso	religiosos
religioso	religiosa
religioso	religiosas
relleno	rellenos
relleno	rellena
relleno	rellenas
reluciente	relucientes
reluctante	reluctantes
relumbrante	relumbrantes
remachado	remachados
remachado	remachada
remachado	remachadas
remaldito	remalditos
remaldito	remaldita
remaldito	remalditas
remanido	remanidos
remanido	remanida
remanido	remanidas
remasterizado	remasterizados
remasterizado	remasterizada
remasterizado	remasterizadas
remedador	remedadores
remedador	remedadora
remedador	remedadoras
remediable	remediables
remendón	
remilgado	remilgados
remilgado	remilgada
remilgado	remilgadas
remiso	remisos
remiso	remisa
remiso	remisas
remitente	remitentes
remolcador	remolcadores
remolcador	remolcadora
remolcador	remolcadoras
remoto	remotos
remoto	remota
remoto	remotas
remotísimo	remotísimos
remotísimo	remotísima
remotísimo	remotísimas
renaciente	renacientes
renal	renales
renano	renanos
renano	renana
renano	renanas
renco	rencos
renco	renca
renco	rencas
rencoroso	rencorosos
rencoroso	rencorosa
rencoroso	rencorosas
rendido	rendidos
rendido	rendida
rendido	rendidas
renegado	renegados
renegado	renegada
renegado	renegadas
renegador	renegadores
renegador	renegadora
renegador	renegadoras
renegrido	renegridos
renegrido	renegrida
renegrido	renegridas
rengo	rengos
rengo	renga
rengo	rengas
renitente	renitentes
renombrado	renombrados
renombrado	renombrada
renombrado	renombradas
renovador	renovadores
renovador	renovadora
renovador	renovadoras
renqueante	renqueantes
rentable	
rentístico	rentísticos
rentístico	rentística
rentístico	rentísticas
renuente	renuentes
reo	reos
reo	rea
reo	reas
reparable	reparables
reparador	reparadores
reparador	reparadora
reparador	reparadoras
repartidor	repartidores
repartidor	repartidora
repartidor	repartidoras
repelente	
repentino	repentinos
repentino	repentina
repentino	repentinas
repetidor	repetidores
repetidor	repetidora
repetidor	repetidoras
repetitivo	repetitivos
repetitivo	repetitiva
repetitivo	repetitivas
repleto	repletos
repleto	repleta
repleto	repletas
reportable	reportables
reportado	reportados
reportado	reportada
reportado	reportadas
reportador	reportadores
reportador	reportadora
reportador	reportadoras
reportero	reporteros
reportero	reportera
reportero	reporteras
reposado	reposados
reposado	reposada
reposado	reposadas
reprehensible	reprehensibles
reprensible	reprensibles
representacional	representacionales
representador	representadores
representador	representadora
representador	representadoras
representante	representantes
representativo	representativos
representativo	representativa
representativo	representativas
represor	represores
represor	represora
represor	represoras
reprobable	reprobables
reprochable	reprochables
reproductivo	reproductivos
reproductivo	reproductiva
reproductivo	reproductivas
reproductor	reproductores
reproductor	reproductora
reproductor	reproductoras
reprográfico	reprográficos
reprográfico	reprográfica
reprográfico	reprográficas
reptador	reptadores
reptador	reptadora
reptador	reptadoras
republicano	republicanos
republicano	republicana
republicano	republicanas
repuesto	repuestos
repuesto	repuesta
repuesto	repuestas
repugnante	repugnantes
repulsivo	repulsivos
repulsivo	repulsiva
repulsivo	repulsivas
requerido	requeridos
requerido	requerida
requerido	requeridas
requeridor	requeridores
requeridor	requeridora
requeridor	requeridoras
requeriente	requerientes
requesado	requesados
requesado	requesada
requesado	requesadas
requintable	requintables
requirente	requirentes
requisitado	requisitados
requisitado	requisitada
requisitado	requisitadas
requisitorio	requisitorios
requisitorio	requisitoria
requisitorio	requisitorias
resabiado	resabiados
resabiado	resabiada
resabiado	resabiadas
resabido	resabidos
resabido	resabida
resabido	resabidas
resarcetado	resarcetados
resarcetado	resarcetada
resarcetado	resarcetadas
resarcible	resarcibles
resbaladizo	resbaladizos
resbaladizo	resbaladiza
resbaladizo	resbaladizas
resbaloso	resbalosos
resbaloso	resbalosa
resbaloso	resbalosas
rescatador	rescatadores
rescatador	rescatadora
rescatador	rescatadoras
resellante	resellantes
resentido	resentidos
resentido	resentida
resentido	resentidas
reservado	reservados
reservado	reservada
reservado	reservadas
reservista	reservistas
resfriado	resfriados
resfriado	resfriada
resfriado	resfriadas
resfriador	resfriadores
resfriador	resfriadora
resfriador	resfriadoras
residente	residentes
residual	residuales
resiliente	resilientes
resinoso	resinosos
resinoso	resinosa
resinoso	resinosas
resistente	resistentes
respectivo	respectivos
respectivo	respectiva
respectivo	respectivas
respetabilísimo	respetabilísimos
respetabilísimo	respetabilísima
respetabilísimo	respetabilísimas
respetable	respetables
respetador	respetadores
respetador	respetadora
respetador	respetadoras
respetoso	respetosos
respetoso	respetosa
respetoso	respetosas
respetuoso	respetuosos
respetuoso	respetuosa
respetuoso	respetuosas
respetuosísimo	respetuosísimos
respetuosísimo	respetuosísima
respetuosísimo	respetuosísimas
respingón	respingones
respingón	respingona
respingón	respingonas
respirador	respiradores
respirador	respiradora
respirador	respiradoras
resplandeciente	resplandecientes
responsable	responsables
responsivo	responsivos
responsivo	responsiva
responsivo	responsivas
ressonante	ressonantes
restricto	restrictos
restricto	restricta
restricto	restrictas
resuelto	
resultadista	resultadistas
resultante	resultantes
retardatario	retardatarios
retardatario	retardataria
retardatario	retardatarias
retardatorio	retardatorios
retardatorio	retardatoria
retardatorio	retardatorias
retardatriz	retardatrices
reticente	
retinto	retintos
retinto	retinta
retinto	retintas
retirado	retirados
retirado	retirada
retirado	retiradas
retornable	retornables
retorrománico	retorrománicos
retorrománico	retorrománica
retorrománico	retorrománicas
retozón	retozones
retozón	retozona
retozón	retozonas
retrasado	retrasados
retrasado	retrasada
retrasado	retrasadas
retraído	retraídos
retraído	retraída
retraído	retraídas
retrechero	retrecheros
retrechero	retrechera
retrechero	retrecheras
retro	
retrosexual	retrosexuales
retrospectivo	retrospectivos
retrospectivo	retrospectiva
retrospectivo	retrospectivas
retrospiciente	retrospicientes
retroviral	retrovirales
retráctil	retráctiles
retrógrado	retrógrados
retrógrado	retrógrada
retrógrado	retrógradas
retumbante	retumbantes
retórico	retóricos
retórico	retórica
retórico	retóricas
reumatológico	reumatológicos
reumatológico	reumatológica
reumatológico	reumatológicas
reumático	reumáticos
reumático	reumática
reumático	reumáticas
reunionés	reunioneses
reunionés	reunionesa
reunionés	reunionesas
revanchista	revanchistas
revelable	revelables
revelador	reveladores
revelador	reveladora
revelador	reveladoras
revelandero	revelanderos
revelandero	revelandera
revelandero	revelanderas
reventado	reventados
reventado	reventada
reventado	reventadas
reventón	reventones
reventón	reventona
reventón	reventonas
reverendo	reverendos
reverendo	reverenda
reverendo	reverendas
reverendo	reverendísimo
reverente	reverentes
reversible	reversibles
reversor	reversores
reversor	reversora
reversor	reversoras
revertible	revertibles
revertiente	revertientes
revesado	revesados
revesado	revesada
revesado	revesadas
revitalizante	revitalizantes
revoltoso	revoltosos
revoltoso	revoltosa
revoltoso	revoltosas
revolucionario	revolucionarios
revolucionario	revolucionaria
revolucionario	revolucionarias
revuelto	revueltos
revuelto	revuelta
revuelto	revueltas
revulsivo	revulsivos
revulsivo	revulsiva
revulsivo	revulsivas
reynosense	reynosenses
rezongón	rezongones
rezongón	rezongona
rezongón	rezongonas
rhodesiano	rhodesianos
rhodesiano	rhodesiana
rhodesiano	rhodesianas
ribaldo	ribaldos
ribaldo	ribalda
ribaldo	ribaldas
riberense	riberenses
ribereño	ribereños
ribereño	ribereña
ribereño	ribereñas
ribeteado	ribeteados
ribeteado	ribeteada
ribeteado	ribeteadas
riblanco	
ribonucleico	ribonucleicos
ribonucleico	ribonucleica
ribonucleico	ribonucleicas
ribosomal	ribosomales
ribosómico	ribosómicos
ribosómico	ribosómica
ribosómico	ribosómicas
rico	ricos
rico	rica
rico	ricas
rico	riquísimo
ridiculoso	ridiculosos
ridiculoso	ridiculosa
ridiculoso	ridiculosas
ridiculísimo	ridiculísimos
ridiculísimo	ridiculísima
ridiculísimo	ridiculísimas
ridículo	ridículos
ridículo	ridícula
ridículo	ridículas
riente	rientes
riesgoso	riesgosos
riesgoso	riesgosa
riesgoso	riesgosas
rifeño	rifeños
rifeño	rifeña
rifeño	rifeñas
rififí	rififís
rigoroso	rigorosos
rigoroso	rigorosa
rigoroso	rigorosas
riguroso	rigurosos
riguroso	rigurosa
riguroso	rigurosas
rigurosísimo	rigurosísimos
rigurosísimo	rigurosísima
rigurosísimo	rigurosísimas
rijoso	rijosos
rijoso	rijosa
rijoso	rijosas
rimbombante	rimbombantes
riocuartense	
riojano	riojanos
riojano	riojana
riojano	riojanas
riojeño	
riolítico	riolíticos
riolítico	riolítica
riolítico	riolíticas
riondo	riondos
riondo	rionda
riondo	riondas
rionegrense	rionegrenses
rionegrino	rionegrinos
rionegrino	rionegrina
rionegrino	rionegrinas
rioplatense	rioplatenses
riosellano	riosellanos
riosellano	riosellana
riosellano	riosellanas
ripario	riparios
ripario	riparia
ripario	riparias
ripiento	ripientos
ripiento	ripienta
ripiento	ripientas
ripioso	ripiosos
ripioso	ripiosa
ripioso	ripiosas
riquísimo	riquísimos
riquísimo	riquísima
riquísimo	riquísimas
risaraldense	risaraldenses
risaraldeño	risaraldeños
risaraldeño	risaraldeña
risaraldeño	risaraldeñas
risaraldita	risaralditas
risible	risibles
risueño	risueños
risueño	risueña
risueño	risueñas
rito	ritos
rito	rita
rito	ritas
ritual	rituales
rival	rivales
riverense	riverenses
rizador	rizadores
rizador	rizadora
rizador	rizadoras
rizo	rizos
rizo	riza
rizo	rizas
rizotónico	rizotónicos
rizotónico	rizotónica
rizotónico	rizotónicas
roano	roanos
roano	roana
roano	roanas
robaperas	
robespierrista	robespierristas
robustecedor	robustecedores
robustecedor	robustecedora
robustecedor	robustecedoras
robusto	robustos
robusto	robusta
robusto	robustas
rocalloso	rocallosos
rocalloso	rocallosa
rocalloso	rocallosas
rocambolesco	rocambolescos
rocambolesco	rocambolesca
rocambolesco	rocambolescas
rochense	rochenses
rocho	rochos
rocho	rocha
rocho	rochas
rociano	rocianos
rociano	rociana
rociano	rocianas
rociero	rocieros
rociero	rociera
rociero	rocieras
rockero	rockeros
rockero	rockera
rockero	rockeras
roco	rocos
roco	roca
roco	rocas
rococó	rococós
rocoso	rocosos
rocoso	rocosa
rocoso	rocosas
rodada	rodadas
rodado	rodados
rodado	rodada
rodado	rodadas
rodante	rodantes
rodense	rodenses
rodesiano	rodesianos
rodesiano	rodesiana
rodesiano	rodesianas
rodeño	rodeños
rodeño	rodeña
rodeño	rodeñas
rogativo	rogativos
rogativo	rogativa
rogativo	rogativas
rojiblanco	rojiblancos
rojiblanco	rojiblanca
rojiblanco	rojiblancas
rojinegro	rojinegros
rojinegro	rojinegra
rojinegro	rojinegras
rojipardo	rojipardos
rojipardo	rojiparda
rojipardo	rojipardas
rojito	rojitos
rojito	rojita
rojito	rojitas
rojizo	rojizos
rojizo	rojiza
rojizo	rojizas
rojo	rojos
rojo	roja
rojo	rojas
rojo	rojísimo
rojísimo	rojísimos
rojísimo	rojísima
rojísimo	rojísimas
rolinga	rolingas
rollero	rolleros
rollero	rollera
rollero	rolleras
rollizo	rollizos
rollizo	rolliza
rollizo	rollizas
rom	
roma	romas
romance	romances
romancístico	romancísticos
romancístico	romancística
romancístico	romancísticas
romano	romanos
romano	romana
romano	romanas
romaní	romanís
romaní	romaníes
romanófilo	romanófilos
romanófilo	romanófila
romanófilo	romanófilas
romboédrico	romboédricos
romboédrico	romboédrica
romboédrico	romboédricas
romero	romeros
romero	romera
romero	romeras
romo	romos
romo	roma
romo	romas
rompecorazones	
rompible	rompibles
rompiente	rompientes
románico	románicos
románico	románica
románico	románicas
romántico	románticos
romántico	romántica
romántico	románticas
ronco	roncos
ronco	ronca
ronco	roncas
rondador	rondadores
rondador	rondadora
rondador	rondadoras
rondero	ronderos
rondero	rondera
rondero	ronderas
rondeño	rondeños
rondeño	rondeña
rondeño	rondeñas
roquense	
roqueperense	
roquero	roqueros
roquero	roquera
roquero	roqueras
roquetero	
roqueño	roqueños
roqueño	roqueña
roqueño	roqueñas
roquista	roquistas
rosa	rosas
rosado	rosados
rosado	rosada
rosado	rosadas
rosarino	rosarinos
rosarino	rosarina
rosarino	rosarinas
roseauano	roseauanos
roseauano	roseauana
roseauano	roseauanas
rosillo	rosillos
rosillo	rosilla
rosillo	rosillas
roso	rosos
roso	rosa
roso	rosas
rosáceo	rosáceos
rosáceo	rosácea
rosáceo	rosáceas
rotativo	rotativos
rotativo	rotativa
rotativo	rotativas
rotatorio	rotatorios
rotatorio	rotatoria
rotatorio	rotatorias
roterodamense	roterodamenses
roto	rotos
roto	rota
roto	rotas
rotoso	rotosos
rotoso	rotosa
rotoso	rotosas
rotular	
rotuliano	rotulianos
rotuliano	rotuliana
rotuliano	rotulianas
rotundo	rotundos
rotundo	rotunda
rotundo	rotundas
rousseauniano	rousseaunianos
rousseauniano	rousseauniana
rousseauniano	rousseaunianas
royo	royos
royo	roya
royo	royas
rozagante	rozagantes
roñoso	roñosos
roñoso	roñosa
roñoso	roñosas
ruanco	ruancos
ruanco	ruanca
ruanco	ruancas
ruandés	ruandeses
ruandés	ruandesa
ruandés	ruandesas
ruano	ruanos
ruano	ruana
ruano	ruanas
rubefaciente	rubefacientes
rubial	rubiales
rubicundo	rubicundos
rubicundo	rubicunda
rubicundo	rubicundas
rubio	rubios
rubio	rubia
rubio	rubias
rubión	rubiones
rubión	rubiona
rubión	rubionas
ruboroso	ruborosos
ruboroso	ruborosa
ruboroso	ruborosas
rubro	rubros
rubro	rubra
rubro	rubras
rucio	rucios
rucio	rucia
rucio	rucias
ruco	rucos
ruco	ruca
ruco	rucas
ruderal	ruderales
rudimental	rudimentales
rudimentario	rudimentarios
rudimentario	rudimentaria
rudimentario	rudimentarias
rudo	rudos
rudo	ruda
rudo	rudas
ruedita	rueditas
rufo	rufos
rufo	rufa
rufo	rufas
rugidor	rugidores
rugidor	rugidora
rugidor	rugidoras
rugiente	rugientes
rugoso	rugosos
rugoso	rugosa
rugoso	rugosas
ruidoso	ruidosos
ruidoso	ruidosa
ruidoso	ruidosas
ruidosísimo	ruidosísimos
ruidosísimo	ruidosísima
ruidosísimo	ruidosísimas
ruin	ruines
ruinoso	ruinosos
ruinoso	ruinosa
ruinoso	ruinosas
rulenco	rulencos
rulenco	rulenca
rulenco	rulencas
rulengo	rulengos
rulengo	rulenga
rulengo	rulengas
rumano	rumanos
rumano	rumana
rumano	rumanas
rumiante	rumiantes
rupestre	rupestres
rupturista	rupturistas
rural	rurales
ruso	rusos
ruso	rusa
ruso	rusas
rusojaponés	rusojaponeses
rusojaponés	rusojaponesa
rusojaponés	rusojaponesas
rusoniano	rusonianos
rusoniano	rusoniana
rusoniano	rusonianas
rutero	ruteros
rutero	rutera
rutero	ruteras
rutilante	rutilantes
rutinario	rutinarios
rutinario	rutinaria
rutinario	rutinarias
rutáceo	rutáceos
rutáceo	rutácea
rutáceo	rutáceas
rábico	rábicos
rábico	rábica
rábico	rábicas
rábido	rábidos
rábido	rábida
rábido	rábidas
ráculo	ráculos
ráculo	rácula
ráculo	ráculas
rápido	rápidos
rápido	rápida
rápido	rápidas
rápido	rapidísimo
réprobo	réprobos
réprobo	réproba
réprobo	réprobas
rígido	rígidos
rígido	rígida
rígido	rígidas
rínico	rínicos
rínico	rínica
rínico	rínicas
ríspido	ríspidos
ríspido	ríspida
ríspido	ríspidas
rítmico	rítmicos
rítmico	rítmica
rítmico	rítmicas
rótico	róticos
rótico	rótica
rótico	róticas
rúnico	rúnicos
rúnico	rúnica
rúnico	rúnicas
rústico	rústicos
rústico	rústica
rústico	rústicas
sabadellense	sabadellenses
sabedor	sabedores
sabedor	sabedora
sabedor	sabedoras
sabihondo	sabihondos
sabihondo	sabihonda
sabihondo	sabihondas
sabio	sabios
sabio	sabia
sabio	sabias
sabio	sapientísimo
sable	sables
saboteador	saboteadores
saboteador	saboteadora
saboteador	saboteadoras
sabroso	sabrosos
sabroso	sabrosa
sabroso	sabrosas
sabroso	sabrosísimo
sabrosísimo	sabrosísimos
sabrosísimo	sabrosísima
sabrosísimo	sabrosísimas
sabático	sabáticos
sabático	sabática
sabático	sabáticas
sacarífero	sacaríferos
sacarífero	sacarífera
sacarífero	sacaríferas
sacerdotal	sacerdotales
sacha	
saciable	saciables
sacratísimo	sacratísimos
sacratísimo	sacratísima
sacratísimo	sacratísimas
sacro	sacros
sacro	sacra
sacro	sacras
sacro	sacrísimo
sacro	sacratísimo
sacrolumbar	sacrolumbares
sacrosanto	sacrosantos
sacrosanto	sacrosanta
sacrosanto	sacrosantas
sacrílego	sacrílegos
sacrílego	sacrílega
sacrílego	sacrílegas
sacudido	sacudidos
sacudido	sacudida
sacudido	sacudidas
sacudidor	sacudidores
sacudidor	sacudidora
sacudidor	sacudidoras
sadomasoquista	
saduceo	saduceos
saduceo	saducea
saduceo	saduceas
sagaz	sagaces
sagital	sagitales
sagrado	sagrados
sagrado	sagrada
sagrado	sagradas
sagrado	sacratísimo
sagrado	sagradísimo
sagradísimo	sagradísimos
sagradísimo	sagradísima
sagradísimo	sagradísimas
saguntino	saguntinos
saguntino	saguntina
saguntino	saguntinas
saharaui	saharauis
sahariano	saharianos
sahariano	sahariana
sahariano	saharianas
sahuayense	sahuayenses
sajón	sajones
sajón	sajona
sajón	sajonas
salacenco	salacencos
salacenco	salacenca
salacenco	salacencas
saladillense	
salado	salados
salado	salada
salado	saladas
salador	saladores
salador	saladora
salador	saladoras
salamanquino	salamanquinos
salamanquino	salamanquina
salamanquino	salamanquinas
salamanqués	salamanqueses
salamanqués	salamanquesa
salamanqués	salamanquesas
salamantino	salamantinos
salamantino	salamantina
salamantino	salamantinas
salareño	salareños
salareño	salareña
salareño	salareñas
salarial	salariales
salaz	salaces
saldubense	saldubenses
saleroso	salerosos
saleroso	salerosa
saleroso	salerosas
salerosísimo	salerosísimos
salerosísimo	salerosísima
salerosísimo	salerosísimas
salesiano	salesianos
salesiano	salesiana
salesiano	salesianas
saliente	salientes
salino	salinos
salino	salina
salino	salinas
salitrado	salitrados
salitrado	salitrada
salitrado	salitradas
salitral	salitrales
salitrero	salitreros
salitrero	salitrera
salitrero	salitreras
salitroso	salitrosos
salitroso	salitrosa
salitroso	salitrosas
salival	salivales
salivar	salivares
salmanticense	salmanticenses
salmantino	salmantinos
salmantino	salmantina
salmantino	salmantinas
salmonado	salmonados
salmonado	salmonada
salmonado	salmonadas
salmón	
salobre	salobres
salomonense	salomonenses
salomónico	salomónicos
salomónico	salomónica
salomónico	salomónicas
saltante	saltantes
salteño	salteños
salteño	salteña
salteño	salteñas
saltígrado	saltígrados
saltígrado	saltígrada
saltígrado	saltígradas
salubre	salubres
salubre	salubérrimo
salubérrimo	salubérrimos
salubérrimo	salubérrima
salubérrimo	salubérrimas
saludabilísimo	saludabilísimos
saludabilísimo	saludabilísima
saludabilísimo	saludabilísimas
saludable	saludables
saludable	salubérrimo
saludable	saludabilísimo
salutífero	salutíferos
salutífero	salutífera
salutífero	salutíferas
salvable	salvables
salvador	salvadores
salvador	salvadora
salvador	salvadoras
salvadoreño	salvadoreños
salvadoreño	salvadoreña
salvadoreño	salvadoreñas
salvaje	salvajes
salvajino	salvajinos
salvajino	salvajina
salvajino	salvajinas
salvante	salvantes
salvo	salvos
salvo	salva
salvo	salvas
salvático	salváticos
salvático	salvática
salvático	salváticas
salvífico	salvíficos
salvífico	salvífica
salvífico	salvíficas
samareño	samareños
samareño	samareña
samareño	samareñas
sambernardino	sambernardinos
sambernardino	sambernardina
sambernardino	sambernardinas
samnítico	samníticos
samnítico	samnítica
samnítico	samníticas
samoano	samoanos
samoano	samoana
samoano	samoanas
samogitiano	samogitianos
samogitiano	samogitiana
samogitiano	samogitianas
sampedrino	sampedrinos
sampedrino	sampedrina
sampedrino	sampedrinas
sampetrino	sampetrinos
sampetrino	sampetrina
sampetrino	sampetrinas
san	
sanador	sanadores
sanador	sanadora
sanador	sanadoras
sanagustinero	
sanandrecino	sanandrecinos
sanandrecino	sanandrecina
sanandrecino	sanandrecinas
sanandresano	sanandresanos
sanandresano	sanandresana
sanandresano	sanandresanas
sanativo	sanativos
sanativo	sanativa
sanativo	sanativas
sancarleño	sancarleños
sancarleño	sancarleña
sancarleño	sancarleñas
sancionatorio	sancionatorios
sancionatorio	sancionatoria
sancionatorio	sancionatorias
sancirole	sanciroles
sanclementino	sanclementinos
sanclementino	sanclementina
sanclementino	sanclementinas
sancristobalense	sancristobalenses
sancristobaleño	sancristobaleños
sancristobaleño	sancristobaleña
sancristobaleño	sancristobaleñas
sandinista	sandinistas
sandio	sandios
sandio	sandia
sandio	sandias
sanducero	sanduceros
sanducero	sanducera
sanducero	sanduceras
saneado	saneados
saneado	saneada
saneado	saneadas
sanfelipeño	sanfelipeños
sanfelipeño	sanfelipeña
sanfelipeño	sanfelipeñas
sanfernandino	sanfernandinos
sanfernandino	sanfernandina
sanfernandino	sanfernandinas
sangrante	sangrantes
sangregorda	sangregordas
sangriento	sangrientos
sangriento	sangrienta
sangriento	sangrientas
sanguinario	sanguinarios
sanguinario	sanguinaria
sanguinario	sanguinarias
sanguino	sanguinos
sanguino	sanguina
sanguino	sanguinas
sanguinolento	sanguinolentos
sanguinolento	sanguinolenta
sanguinolento	sanguinolentas
sanguífero	sanguíferos
sanguífero	sanguífera
sanguífero	sanguíferas
sanguíneo	sanguíneos
sanguíneo	sanguínea
sanguíneo	sanguíneas
sanisidrense	
sanitario	sanitarios
sanitario	sanitaria
sanitario	sanitarias
sanjuanense	sanjuanenses
sanjuanero	sanjuaneros
sanjuanero	sanjuanera
sanjuanero	sanjuaneras
sanjuanino	sanjuaninos
sanjuanino	sanjuanina
sanjuanino	sanjuaninas
sanluiseño	sanluiseños
sanluiseño	sanluiseña
sanluiseño	sanluiseñas
sanluisino	sanluisinos
sanluisino	sanluisina
sanluisino	sanluisinas
sanluqueño	sanluqueños
sanluqueño	sanluqueña
sanluqueño	sanluqueñas
sanmarinense	sanmarinenses
sanmartiniano	sanmartinianos
sanmartiniano	sanmartiniana
sanmartiniano	sanmartinianas
sanmiguelino	sanmiguelinos
sanmiguelino	sanmiguelina
sanmiguelino	sanmiguelinas
sannicoleño	sannicoleños
sannicoleño	sannicoleña
sannicoleño	sannicoleñas
sano	sanos
sano	sana
sano	sanas
sano	sanísimo
sanote	sanotes
sanote	sanota
sanote	sanotas
sanrafaelino	
sansebastianense	sansebastianenses
sansebastianero	sansebastianeros
sansebastianero	sansebastianera
sansebastianero	sansebastianeras
sansirolé	sansirolés
santaclarense	santaclarenses
santacrucero	santacruceros
santacrucero	santacrucera
santacrucero	santacruceras
santacruceño	santacruceños
santacruceño	santacruceña
santacruceño	santacruceñas
santafereño	santafereños
santafereño	santafereña
santafereño	santafereñas
santafesino	santafesinos
santafesino	santafesina
santafesino	santafesinas
santalucense	santalucenses
santandereano	santandereanos
santandereano	santandereana
santandereano	santandereanas
santanderino	santanderinos
santanderino	santanderina
santanderino	santanderinas
santeño	santeños
santeño	santeña
santeño	santeñas
santiaguero	santiagueros
santiaguero	santiaguera
santiaguero	santiagueras
santiagueño	santiagueños
santiagueño	santiagueña
santiagueño	santiagueñas
santiaguino	santiaguinos
santiaguino	santiaguina
santiaguino	santiaguinas
santo	santos
santo	santa
santo	santas
santo	santísimo
santotomense	santotomenses
santísimo	santísimos
santísimo	santísima
santísimo	santísimas
santón	santones
santón	santona
santón	santonas
sanvicentino	sanvicentinos
sanvicentino	sanvicentina
sanvicentino	sanvicentinas
sanísimo	sanísimos
sanísimo	sanísima
sanísimo	sanísimas
sapiente	sapientes
sapiente	sapientísimo
sapientísimo	sapientísimos
sapientísimo	sapientísima
sapientísimo	sapientísimas
sapiosexual	sapiosexuales
sapo	sapos
sapo	sapa
sapo	sapas
saprofito	saprofitos
saprofito	saprofita
saprofito	saprofitas
saprofítico	saprofíticos
saprofítico	saprofítica
saprofítico	saprofíticas
saprófito	saprófitos
saprófito	saprófita
saprófito	saprófitas
saquera	
saramacano	saramacanos
saramacano	saramacana
saramacano	saramacanas
sarcástico	sarcásticos
sarcástico	sarcástica
sarcástico	sarcásticas
sardanapalesco	sardanapalescos
sardanapalesco	sardanapalesca
sardanapalesco	sardanapalescas
sardinero	sardineros
sardinero	sardinera
sardinero	sardineras
sardo	sardos
sardo	sarda
sardo	sardas
sardónico	sardónicos
sardónico	sardónica
sardónico	sardónicas
sarmentino	sarmentinos
sarmentino	sarmentina
sarmentino	sarmentinas
sarmentoso	sarmentosos
sarmentoso	sarmentosa
sarmentoso	sarmentosas
sarmático	sarmáticos
sarmático	sarmática
sarmático	sarmáticas
sarnoso	sarnosos
sarnoso	sarnosa
sarnoso	sarnosas
sarpado	sarpados
sarpado	sarpada
sarpado	sarpadas
sarraceno	sarracenos
sarraceno	sarracena
sarraceno	sarracenas
sarracino	sarracinos
sarracino	sarracina
sarracino	sarracinas
sarracénico	sarracénicos
sarracénico	sarracénica
sarracénico	sarracénicas
sarracín	sarracines
sarracín	sarracina
sarracín	sarracinas
sarroso	sarrosos
sarroso	sarrosa
sarroso	sarrosas
sastisfecho	sastisfechos
sastisfecho	sastisfecha
sastisfecho	sastisfechas
satisfactor	satisfactores
satisfactor	satisfactora
satisfactor	satisfactoras
satisfactorio	satisfactorios
satisfactorio	satisfactoria
satisfactorio	satisfactorias
sato	satos
sato	sata
sato	satas
saturado	saturados
saturado	saturada
saturado	saturadas
saturniano	saturnianos
saturniano	saturniana
saturniano	saturnianas
saturnino	saturninos
saturnino	saturnina
saturnino	saturninas
satánico	satánicos
satánico	satánica
satánico	satánicas
satírico	
saudita	sauditas
saudí	saudís
saudí	saudíes
saxátil	saxátiles
sazonador	sazonadores
sazonador	sazonadora
sazonador	sazonadoras
sañudo	sañudos
sañudo	sañuda
sañudo	sañudas
sciográfico	sciográficos
sciográfico	sciográfica
sciográfico	sciográficas
sebiento	sebientos
sebiento	sebienta
sebiento	sebientas
seborreico	seborreicos
seborreico	seborreica
seborreico	seborreicas
seborresco	seborrescos
seborresco	seborresca
seborresco	seborrescas
secadero	secaderos
secadero	secadera
secadero	secaderas
secador	secadores
secador	secadora
secador	secadoras
secante	secantes
seco	secos
seco	seca
seco	secas
secreto	secretos
secreto	secreta
secreto	secretas
secreto	secretísimo
secretísimo	secretísimos
secretísimo	secretísima
secretísimo	secretísimas
sectador	sectadores
sectador	sectadora
sectador	sectadoras
sectario	sectarios
sectario	sectaria
sectario	sectarias
sectorial	sectoriales
secuenciador	secuenciadores
secuenciador	secuenciadora
secuenciador	secuenciadoras
secuencial	secuenciales
secuestrable	secuestrables
secuestrador	secuestradores
secuestrador	secuestradora
secuestrador	secuestradoras
secuestrario	secuestrarios
secuestrario	secuestraria
secuestrario	secuestrarias
secular	seculares
secularizable	secularizables
secularizador	secularizadores
secularizador	secularizadora
secularizador	secularizadoras
secundable	secundables
secundador	secundadores
secundador	secundadora
secundador	secundadoras
secundario	secundarios
secundario	secundaria
secundario	secundarias
secundo	secundos
secundo	secunda
secundo	secundas
securiforme	securiformes
secutivo	secutivos
secutivo	secutiva
secutivo	secutivas
secutor	secutores
secutor	secutora
secutor	secutoras
sedante	sedantes
sedativo	sedativos
sedativo	sedativa
sedativo	sedativas
sedentario	sedentarios
sedentario	sedentaria
sedentario	sedentarias
sedente	sedentes
sedero	sederos
sedero	sedera
sedero	sederas
sedevacantista	sedevacantistas
sedeño	sedeños
sedeño	sedeña
sedeño	sedeñas
sedicente	sedicentes
sedicioso	sediciosos
sedicioso	sediciosa
sedicioso	sediciosas
sediento	sedientos
sediento	sedienta
sediento	sedientas
sedimentario	sedimentarios
sedimentario	sedimentaria
sedimentario	sedimentarias
sedoso	sedosos
sedoso	sedosa
sedoso	sedosas
sedosísimo	sedosísimos
sedosísimo	sedosísima
sedosísimo	sedosísimas
seductor	seductores
seductor	seductora
seductor	seductoras
sedáceo	sedáceos
sedáceo	sedácea
sedáceo	sedáceas
sefardí	sefardís
sefardí	sefardíes
segador	segadores
segador	segadora
segador	segadoras
segedano	segedanos
segedano	segedana
segedano	segedanas
segisamonense	segisamonenses
seglar	seglares
segobricense	segobricenses
segobrigense	segobrigenses
segorbino	segorbinos
segorbino	segorbina
segorbino	segorbinas
segoviano	segovianos
segoviano	segoviana
segoviano	segovianas
segoviense	segovienses
segregador	segregadores
segregador	segregadora
segregador	segregadoras
seguido	seguidos
seguido	seguida
seguido	seguidas
seguidor	seguidores
seguidor	seguidora
seguidor	seguidoras
segundario	segundarios
segundario	segundaria
segundario	segundarias
segundero	segunderos
segundero	segundera
segundero	segunderas
segundogénito	segundogénitos
segundogénito	segundogénita
segundogénito	segundogénitas
seguro	seguros
seguro	segura
seguro	seguras
seguro	segurísimo
segurísimo	segurísimos
segurísimo	segurísima
segurísimo	segurísimas
selar	selares
seleccionador	seleccionadores
seleccionador	seleccionadora
seleccionador	seleccionadoras
selecto	selectos
selecto	selecta
selecto	selectas
selenita	selenitas
selenodonte	
selenográfico	selenográficos
selenográfico	selenográfica
selenográfico	selenográficas
sellable	sellables
sellador	selladores
sellador	selladora
sellador	selladoras
selvático	selváticos
selvático	selvática
selvático	selváticas
seléucida	seléucidas
semanal	semanales
semanero	semaneros
semanero	semanera
semanero	semaneras
semblante	semblantes
sembrador	sembradores
sembrador	sembradora
sembrador	sembradoras
sembradío	sembradíos
sembradío	sembradía
sembradío	sembradías
semejable	semejables
semejado	semejados
semejado	semejada
semejado	semejadas
semejante	semejantes
semestral	semestrales
semiautobiográfico	semiautobiográficos
semiautobiográfico	semiautobiográfica
semiautobiográfico	semiautobiográficas
semiautomático	semiautomáticos
semiautomático	semiautomática
semiautomático	semiautomáticas
semibemol	
semicilíndrico	semicilíndricos
semicilíndrico	semicilíndrica
semicilíndrico	semicilíndricas
semiconductor	semiconductores
semiconductor	semiconductora
semiconductor	semiconductoras
semiconsonante	semiconsonantes
semicrítico	semicríticos
semicrítico	semicrítica
semicrítico	semicríticas
semiculto	semicultos
semiculto	semiculta
semiculto	semicultas
semidormido	semidormidos
semidormido	semidormida
semidormido	semidormidas
semiesférico	semiesféricos
semiesférico	semiesférica
semiesférico	semiesféricas
semiforme	semiformes
seminal	seminales
seminario	seminarios
seminario	seminaria
seminario	seminarias
semipresidencialista	semipresidencialistas
semiprotegido	semiprotegidos
semiprotegido	semiprotegida
semiprotegido	semiprotegidas
semirrecto	semirrectos
semirrecto	semirrecta
semirrecto	semirrectas
semirrígido	semirrígidos
semirrígido	semirrígida
semirrígido	semirrígidas
semisecreto	semisecretos
semisecreto	semisecreta
semisecreto	semisecretas
semisostenido	
semita	semitas
semitransparente	semitransparentes
semoviente	semovientes
sempervirente	sempervirentes
semántico	semánticos
semántico	semántica
semántico	semánticas
semélparo	semélparos
semélparo	semélpara
semélparo	semélparas
semítico	semíticos
semítico	semítica
semítico	semíticas
senatorial	senatoriales
sencillo	sencillos
sencillo	sencilla
sencillo	sencillas
senderista	senderistas
sendos	
senegalés	senegaleses
senegalés	senegalesa
senegalés	senegalesas
senescente	senescentes
senil	seniles
senoidal	senoidales
sensacional	sensacionales
sensacionalista	sensacionalistas
sensato	sensatos
sensato	sensata
sensato	sensatas
sensibilísimo	sensibilísimos
sensibilísimo	sensibilísima
sensibilísimo	sensibilísimas
sensible	sensibles
sensiblero	sensibleros
sensiblero	sensiblera
sensiblero	sensibleras
sensorial	sensoriales
sensorio	sensorios
sensorio	sensoria
sensorio	sensorias
sensual	sensuales
sensórico	sensóricos
sensórico	sensórica
sensórico	sensóricas
sentado	sentados
sentado	sentada
sentado	sentadas
sentido	sentidos
sentido	sentida
sentido	sentidas
sentimental	sentimentales
separador	separadores
separador	separadora
separador	separadoras
separativo	separativos
separativo	separativa
separativo	separativas
septembrino	septembrinos
septembrino	septembrina
septembrino	septembrinas
septenal	septenales
septentrional	septentrionales
septillizo	septillizos
septillizo	septilliza
septillizo	septillizas
septuagenario	septuagenarios
septuagenario	septuagenaria
septuagenario	septuagenarias
sepulcral	sepulcrales
sepultador	sepultadores
sepultador	sepultadora
sepultador	sepultadoras
sepulto	sepultos
sepulto	sepulta
sepulto	sepultas
sequizo	sequizos
sequizo	sequiza
sequizo	sequizas
serbio	serbios
serbio	serbia
serbio	serbias
serendipitoso	serendipitosos
serendipitoso	serendipitosa
serendipitoso	serendipitosas
serenense	serenenses
sereno	serenos
sereno	serena
sereno	serenas
sereno	serenísimo
serenísimo	serenísimos
serenísimo	serenísima
serenísimo	serenísimas
seri	seris
serial	seriales
serie	series
serio	serios
serio	seria
serio	serias
seroconcordante	seroconcordantes
serodiscordante	serodiscordantes
serológico	serológicos
serológico	serológica
serológico	serológicas
seronegativo	seronegativos
seronegativo	seronegativa
seronegativo	seronegativas
seropositivo	seropositivos
seropositivo	seropositiva
seropositivo	seropositivas
seroso	serosos
seroso	serosa
seroso	serosas
serpentiforme	serpentiformes
serpentino	serpentinos
serpentino	serpentina
serpentino	serpentinas
serrano	serranos
serrano	serrana
serrano	serranas
servible	servibles
servicial	serviciales
servidor	servidores
servidor	servidora
servidor	servidoras
servil	serviles
servio	servios
servio	servia
servio	servias
seráfico	seráficos
seráfico	seráfica
seráfico	seráficas
serísimo	serísimos
serísimo	serísima
serísimo	serísimas
seseante	seseantes
sesentavo	sesentavos
sesentavo	sesentava
sesentavo	sesentavas
sesgado	sesgados
sesgado	sesgada
sesgado	sesgadas
sesgo	sesgos
sesgo	sesga
sesgo	sesgas
sesquipedal	sesquipedales
sesquipedálico	sesquipedálicos
sesquipedálico	sesquipedálica
sesquipedálico	sesquipedálicas
sesudo	sesudos
sesudo	sesuda
sesudo	sesudas
seteno	setenos
seteno	setena
seteno	setenas
setentavo	setentavos
setentavo	setentava
setentavo	setentavas
setentista	setentistas
seudocientífico	seudocientíficos
seudocientífico	seudocientífica
seudocientífico	seudocientíficas
severo	severos
severo	severa
severo	severas
severísimo	severísimos
severísimo	severísima
severísimo	severísimas
sevillana	
sevillano	sevillanos
sevillano	sevillana
sevillano	sevillanas
sexador	sexadores
sexador	sexadora
sexador	sexadoras
sexagenario	sexagenarios
sexagenario	sexagenaria
sexagenario	sexagenarias
sexalescente	sexalescentes
sexi	sexis
sexitano	sexitanos
sexitano	sexitana
sexitano	sexitanas
sexoafectivo	sexoafectivos
sexoafectivo	sexoafectiva
sexoafectivo	sexoafectivas
sexomne	sexomnes
sexquipedal	sexquipedales
sextillizo	sextillizos
sextillizo	sextilliza
sextillizo	sextillizas
sexuado	sexuados
sexuado	sexuada
sexuado	sexuadas
sexual	sexuales
sexómano	sexómanos
sexómano	sexómana
sexómano	sexómanas
seychelense	seychelenses
seychellense	seychellenses
señalador	señaladores
señalador	señaladora
señalador	señaladoras
señero	señeros
señero	señera
señero	señeras
señor	señores
señor	señora
señor	señoras
señoreable	señoreables
señoreador	señoreadores
señoreador	señoreadora
señoreador	señoreadoras
señorial	señoriales
señoril	señoriles
seños	
shakespeariano	shakespearianos
shakespeariano	shakespeariana
shakespeariano	shakespearianas
sherpa	sherpas
shiita	shiitas
shiome	shiomes
shií	shiís
shií	shiíes
shome	shomes
shomería	shomerías
shona	shonas
shusheta	shushetas
siamés	siameses
siamés	siamesa
siamés	siamesas
sibarita	sibaritas
sibilino	sibilinos
sibilino	sibilina
sibilino	sibilinas
sicalíptico	sicalípticos
sicalíptico	sicalíptica
sicalíptico	sicalípticas
sicano	sicanos
sicano	sicana
sicano	sicanas
siciliano	sicilianos
siciliano	siciliana
siciliano	sicilianas
sicológico	sicológicos
sicológico	sicológica
sicológico	sicológicas
sicotrópico	sicotrópicos
sicotrópico	sicotrópica
sicotrópico	sicotrópicas
sideral	siderales
sidoso	sidosos
sidoso	sidosa
sidoso	sidosas
siempreverde	siempreverdes
sierraleonés	sierraleoneses
sierraleonés	sierraleonesa
sierraleonés	sierraleonesas
siervo	siervos
siervo	sierva
siervo	siervas
sietemesino	sietemesinos
sietemesino	sietemesina
sietemesino	sietemesinas
sifilítico	sifilíticos
sifilítico	sifilítica
sifilítico	sifilíticas
sifrino	sifrinos
sifrino	sifrina
sifrino	sifrinas
sigiloso	sigilosos
sigiloso	sigilosa
sigiloso	sigilosas
sigilosísimo	sigilosísimos
sigilosísimo	sigilosísima
sigilosísimo	sigilosísimas
sigmoide	sigmoides
signatario	signatarios
signatario	signataria
signatario	signatarias
significable	significables
significado	significados
significado	significada
significado	significadas
significador	significadores
significador	significadora
significador	significadoras
significante	significantes
significativo	significativos
significativo	significativa
significativo	significativas
siguiente	siguientes
sij	sijes
sikh	sikhs
silbador	silbadores
silbador	silbadora
silbador	silbadoras
silencioso	silenciosos
silencioso	silenciosa
silencioso	silenciosas
silente	silentes
silesiano	silesianos
silesiano	silesiana
silesiano	silesianas
silesio	silesios
silesio	silesia
silesio	silesias
silvestre	silvestres
silvoagropecuario	silvoagropecuarios
silvoagropecuario	silvoagropecuaria
silvoagropecuario	silvoagropecuarias
silvático	silváticos
silvático	silvática
silvático	silváticas
silábico	silábicos
silábico	silábica
silábico	silábicas
silíceo	silíceos
silíceo	silícea
silíceo	silíceas
silúrico	silúricos
silúrico	silúrica
silúrico	silúricas
simbiótico	simbióticos
simbiótico	simbiótica
simbiótico	simbióticas
simbólico	simbólicos
simbólico	simbólica
simbólico	simbólicas
similar	similares
similitudinario	similitudinarios
similitudinario	similitudinaria
similitudinario	similitudinarias
simp	simps
simpatizador	simpatizadores
simpatizador	simpatizadora
simpatizador	simpatizadoras
simpatizante	simpatizantes
simple	simples
simplicísimo	simplicísimos
simplicísimo	simplicísima
simplicísimo	simplicísimas
simplificador	simplificadores
simplificador	simplificadora
simplificador	simplificadoras
simplista	simplistas
simplísimo	simplísimos
simplísimo	simplísima
simplísimo	simplísimas
simplón	simplones
simplón	simplona
simplón	simplonas
simpático	simpáticos
simpático	simpática
simpático	simpáticas
simulador	simuladores
simulador	simuladora
simulador	simuladoras
simultáneo	simultáneos
simultáneo	simultánea
simultáneo	simultáneas
simétrico	simétricos
simétrico	simétrica
simétrico	simétricas
sinaloense	sinaloenses
sincategoremático	sincategoremáticos
sincategoremático	sincategoremática
sincategoremático	sincategoremáticas
sincelejano	sincelejanos
sincelejano	sincelejana
sincelejano	sincelejanas
sincericida	sincericidas
sincero	sinceros
sincero	sincera
sincero	sinceras
sincronológico	sincronológicos
sincronológico	sincronológica
sincronológico	sincronológicas
sincronístico	sincronísticos
sincronístico	sincronística
sincronístico	sincronísticas
sincrético	sincréticos
sincrético	sincrética
sincrético	sincréticas
sincrónico	sincrónicos
sincrónico	sincrónica
sincrónico	sincrónicas
sindhi	sindhis
sindi	sindis
sindical	sindicales
sindicalero	sindicaleros
sindicalero	sindicalera
sindicalero	sindicaleras
sindicalista	sindicalistas
sinfónico	sinfónicos
sinfónico	sinfónica
sinfónico	sinfónicas
singapurense	singapurenses
single	singles
singuango	singuangos
singuango	singuanga
singuango	singuangas
singular	singulares
siniestrado	siniestrados
siniestrado	siniestrada
siniestrado	siniestradas
siniestro	siniestros
siniestro	siniestra
siniestro	siniestras
sinodal	sinodales
sinoidal	sinoidales
sinovial	sinoviales
sinsorgo	sinsorgos
sinsorgo	sinsorga
sinsorgo	sinsorgas
sinterizable	sinterizables
sinterizador	sinterizadores
sinterizador	sinterizadora
sinterizador	sinterizadoras
sintomático	sintomáticos
sintomático	sintomática
sintomático	sintomáticas
sintoísta	
sintáctico	sintácticos
sintáctico	sintáctica
sintáctico	sintácticas
sintético	sintéticos
sintético	sintética
sintético	sintéticas
sinuoso	sinuosos
sinuoso	sinuosa
sinuoso	sinuosas
sinusoidal	sinusoidales
sináptico	sinápticos
sináptico	sináptica
sináptico	sinápticas
sinérgico	sinérgicos
sinérgico	sinérgica
sinérgico	sinérgicas
sinólogo	sinólogos
sinólogo	sinóloga
sinólogo	sinólogas
sinónimo	sinónimos
sinónimo	sinónima
sinónimo	sinónimas
sinóptico	sinópticos
sinóptico	sinóptica
sinóptico	sinópticas
siome	siomes
siquiátrico	siquiátricos
siquiátrico	siquiátrica
siquiátrico	siquiátricas
sirio	sirios
sirio	siria
sirio	sirias
siro	siros
siro	sira
siro	siras
siríaco	siríacos
siríaco	siríaca
siríaco	siríacas
sisador	sisadores
sisador	sisadora
sisador	sisadoras
sismológico	sismológicos
sismológico	sismológica
sismológico	sismológicas
sistemática	sistemáticas
sistemático	sistemáticos
sistemático	sistemática
sistemático	sistemáticas
sistémico	sistémicos
sistémico	sistémica
sistémico	sistémicas
sistólico	sistólicos
sistólico	sistólica
sistólico	sistólicas
sitiador	sitiadores
sitiador	sitiadora
sitiador	sitiadoras
sitibundo	sitibundos
sitibundo	sitibunda
sitibundo	sitibundas
situacional	situacionales
siútico	siúticos
siútico	siútica
siútico	siúticas
skater	skateres
snob	snobs
so	
sobado	
soberanista	soberanistas
soberano	soberanos
soberano	soberana
soberano	soberanas
soberbia	soberbias
soberbio	soberbios
soberbio	soberbia
soberbio	soberbias
sobermejo	sobermejos
sobermejo	sobermeja
sobermejo	sobermejas
sobornador	sobornadores
sobornador	sobornadora
sobornador	sobornadoras
sobrado	sobrados
sobrado	sobrada
sobrado	sobradas
sobrante	sobrantes
sobrealimentador	sobrealimentadores
sobrealimentador	sobrealimentadora
sobrealimentador	sobrealimentadoras
sobreamortiguado	sobreamortiguados
sobreamortiguado	sobreamortiguada
sobreamortiguado	sobreamortiguadas
sobrecalificado	sobrecalificados
sobrecalificado	sobrecalificada
sobrecalificado	sobrecalificadas
sobrecogedor	sobrecogedores
sobrecogedor	sobrecogedora
sobrecogedor	sobrecogedoras
sobreentendido	sobreentendidos
sobreentendido	sobreentendida
sobreentendido	sobreentendidas
sobreesdrújulo	sobreesdrújulos
sobreesdrújulo	sobreesdrújula
sobreesdrújulo	sobreesdrújulas
sobreestimado	sobreestimados
sobreestimado	sobreestimada
sobreestimado	sobreestimadas
sobrehumano	sobrehumanos
sobrehumano	sobrehumana
sobrehumano	sobrehumanas
sobreimpreso	sobreimpresos
sobreimpreso	sobreimpresa
sobreimpreso	sobreimpresas
sobrenatural	sobrenaturales
sobrentendido	sobrentendidos
sobrentendido	sobrentendida
sobrentendido	sobrentendidas
sobresaliente	sobresalientes
sobresaturado	sobresaturados
sobresaturado	sobresaturada
sobresaturado	sobresaturadas
sobresdrújulo	sobresdrújulos
sobresdrújulo	sobresdrújula
sobresdrújulo	sobresdrújulas
sobrestimado	sobrestimados
sobrestimado	sobrestimada
sobrestimado	sobrestimadas
sobrevaluado	sobrevaluados
sobrevaluado	sobrevaluada
sobrevaluado	sobrevaluadas
sobreviniente	sobrevinientes
sobrevividor	sobrevividores
sobrevividor	sobrevividora
sobrevividor	sobrevividoras
sobreviviente	sobrevivientes
sobrio	sobrios
sobrio	sobria
sobrio	sobrias
sobón	sobones
sobón	sobona
sobón	sobonas
socarrón	socarrones
socarrón	socarrona
socarrón	socarronas
sociable	sociables
social	sociales
socialcristiano	socialcristianos
socialcristiano	socialcristiana
socialcristiano	socialcristianas
socialdemócrata	socialdemócratas
socialista	socialistas
socializador	socializadores
socializador	socializadora
socializador	socializadoras
societal	societales
sociocultural	socioculturales
socioeconómico	socioeconómicos
socioeconómico	socioeconómica
socioeconómico	socioeconómicas
socioespacial	socioespaciales
sociológico	sociológicos
sociológico	sociológica
sociológico	sociológicas
sociométrico	sociométricos
sociométrico	sociométrica
sociométrico	sociométricas
sociópata	sociópatas
socorredor	socorredores
socorredor	socorredora
socorredor	socorredoras
socorrido	socorridos
socorrido	socorrida
socorrido	socorridas
socorrista	socorristas
socrático	socráticos
socrático	socrática
socrático	socráticas
sodero	soderos
sodero	sodera
sodero	soderas
sodomita	sodomitas
sodomítico	sodomíticos
sodomítico	sodomítica
sodomítico	sodomíticas
soez	soeces
sofista	sofistas
sofisticado	sofisticados
sofisticado	sofisticada
sofisticado	sofisticadas
soflamero	soflameros
soflamero	soflamera
soflamero	soflameras
sofocador	sofocadores
sofocador	sofocadora
sofocador	sofocadoras
sofocante	sofocantes
sojuzgador	sojuzgadores
sojuzgador	sojuzgadora
sojuzgador	sojuzgadoras
solanáceo	solanáceos
solanáceo	solanácea
solanáceo	solanáceas
solapado	solapados
solapado	solapada
solapado	solapadas
solapador	solapadores
solapador	solapadora
solapador	solapadoras
solapadísimo	solapadísimos
solapadísimo	solapadísima
solapadísimo	solapadísimas
solar	solares
solariego	solariegos
solariego	solariega
solariego	solariegas
solemne	solemnes
solemnizador	solemnizadores
solemnizador	solemnizadora
solemnizador	solemnizadoras
solenoidal	solenoidales
solfeador	solfeadores
solfeador	solfeadora
solfeador	solfeadoras
solferino	solferinos
solferino	solferina
solferino	solferinas
solicitador	solicitadores
solicitador	solicitadora
solicitador	solicitadoras
solidario	solidarios
solidario	solidaria
solidario	solidarias
solimitano	solimitanos
solimitano	solimitana
solimitano	solimitanas
solitario	solitarios
solitario	solitaria
solitario	solitarias
sollozante	sollozantes
solo	solos
solo	sola
solo	solas
solotildista	solotildistas
solsticial	solsticiales
soltero	solteros
soltero	soltera
soltero	solteras
solterón	solterones
solterón	solterona
solterón	solteronas
solubilísimo	solubilísimos
solubilísimo	solubilísima
solubilísimo	solubilísimas
soluble	solubles
soluble	solubilísimo
soluto	solutos
soluto	soluta
soluto	solutas
solvente	solventes
solánico	solánicos
solánico	solánica
solánico	solánicas
solícito	solícitos
solícito	solícita
solícito	solícitas
solísimo	solísimos
solísimo	solísima
solísimo	solísimas
somalí	somalís
somalí	somalíes
somasco	somascos
somasco	somasca
somasco	somascas
sombreador	sombreadores
sombreador	sombreadora
sombreador	sombreadoras
sombrío	sombríos
sombrío	sombría
sombrío	sombrías
somero	someros
somero	somera
somero	someras
somnoliento	somnolientos
somnoliento	somnolienta
somnoliento	somnolientas
somnámbulo	somnámbulos
somnámbulo	somnámbula
somnámbulo	somnámbulas
somnífero	somníferos
somnífero	somnífera
somnífero	somníferas
somnílocuo	somnílocuos
somnílocuo	somnílocua
somnílocuo	somnílocuas
somontinero	
somático	somáticos
somático	somática
somático	somáticas
somético	sométicos
somético	somética
somético	sométicas
sonador	sonadores
sonador	sonadora
sonador	sonadoras
sonorense	sonorenses
sonorizador	sonorizadores
sonorizador	sonorizadora
sonorizador	sonorizadoras
sonoro	sonoros
sonoro	sonora
sonoro	sonoras
sonriente	sonrientes
sonsacador	sonsacadores
sonsacador	sonsacadora
sonsacador	sonsacadoras
sonso	sonsos
sonso	sonsa
sonso	sonsas
sonto	
sonámbulo	sonámbulos
sonámbulo	sonámbula
sonámbulo	sonámbulas
sopero	soperos
sopero	sopera
sopero	soperas
soperutano	soperutanos
soperutano	soperutana
soperutano	soperutanas
soporoso	soporosos
soporoso	soporosa
soporoso	soporosas
soportador	soportadores
soportador	soportadora
soportador	soportadoras
soportano	soportanos
soportano	soportana
soportano	soportanas
soporífero	soporíferos
soporífero	soporífera
soporífero	soporíferas
soprano	sopranos
sopre	
sorabo	sorabos
sorabo	soraba
sorabo	sorabas
sorbedor	sorbedores
sorbedor	sorbedora
sorbedor	sorbedoras
sorbeño	
sorbible	sorbibles
sorbil	sorbiles
sorbio	sorbios
sorbio	sorbia
sorbio	sorbias
sordo	sordos
sordo	sorda
sordo	sordas
sordomudo	sordomudos
sordomudo	sordomuda
sordomudo	sordomudas
sorianense	sorianenses
soriano	sorianos
soriano	soriana
soriano	sorianas
soro	soros
soro	sora
soro	soras
sororo	sororos
sororo	sorora
sororo	sororas
sorprendente	sorprendentes
sorpresivo	sorpresivos
sorpresivo	sorpresiva
sorpresivo	sorpresivas
sorvilanero	sorvilaneros
sorvilanero	sorvilanera
sorvilanero	sorvilaneras
sosegable	sosegables
sosegado	sosegados
sosegado	sosegada
sosegado	sosegadas
sosero	soseros
sosero	sosera
sosero	soseras
soso	sosos
soso	sosa
soso	sosas
sospechable	sospechables
sospechador	sospechadores
sospechador	sospechadora
sospechador	sospechadoras
sospechoso	sospechosos
sospechoso	sospechosa
sospechoso	sospechosas
sostenedor	sostenedores
sostenedor	sostenedora
sostenedor	sostenedoras
sostenible	sostenibles
sostenido	sostenidos
sostenido	sostenida
sostenido	sostenidas
soteriológico	soteriológicos
soteriológico	soteriológica
soteriológico	soteriológicas
soterrado	soterrados
soterrado	soterrada
soterrado	soterradas
sotreta	sotretas
soviético	soviéticos
soviético	soviética
soviético	soviéticas
soyenco	soyencos
soyenco	soyenca
soyenco	soyencas
soñador	soñadores
soñador	soñadora
soñador	soñadoras
soñolento	soñolentos
soñolento	soñolenta
soñolento	soñolentas
soñoliento	soñolientos
soñoliento	soñolienta
soñoliento	soñolientas
strapless	
su	sus
suabo	suabos
suabo	suaba
suabo	suabas
suarense	suarenses
suave	suaves
suave	suavísimo
suavísimo	suavísimos
suavísimo	suavísima
suavísimo	suavísimas
suazi	suazis
suazilandés	suazilandeses
suazilandés	suazilandesa
suazilandés	suazilandesas
subacuático	subacuáticos
subacuático	subacuática
subacuático	subacuáticas
subalterno	subalternos
subalterno	subalterna
subalterno	subalternas
subamortiguado	subamortiguados
subamortiguado	subamortiguada
subamortiguado	subamortiguadas
subatómico	subatómicos
subatómico	subatómica
subatómico	subatómicas
subcalificado	subcalificados
subcalificado	subcalificada
subcalificado	subcalificadas
subclavio	subclavios
subclavio	subclavia
subclavio	subclavias
subconsciente	subconscientes
subcontinental	subcontinentales
subcontratado	subcontratados
subcontratado	subcontratada
subcontratado	subcontratadas
subcutáneo	subcutáneos
subcutáneo	subcutánea
subcutáneo	subcutáneas
subdirector	subdirectores
subdirector	subdirectora
subdirector	subdirectoras
subdural	subdurales
subestimado	subestimados
subestimado	subestimada
subestimado	subestimadas
subestándar	
subitáneo	subitáneos
subitáneo	subitánea
subitáneo	subitáneas
subjetivo	subjetivos
subjetivo	subjetiva
subjetivo	subjetivas
subjuntivo	subjuntivos
subjuntivo	subjuntiva
subjuntivo	subjuntivas
sublimador	sublimadores
sublimador	sublimadora
sublimador	sublimadoras
sublime	sublimes
sublimidad	
subliminal	subliminales
sublingual	sublinguales
sublunar	sublunares
submandibular	submandibulares
submarinista	submarinistas
submarino	submarinos
submarino	submarina
submarino	submarinas
subministrador	subministradores
subministrador	subministradora
subministrador	subministradoras
submúltiplo	submúltiplos
submúltiplo	submúltipla
submúltiplo	submúltiplas
subnormal	subnormales
subordinado	subordinados
subordinado	subordinada
subordinado	subordinadas
subrepticio	subrepticios
subrepticio	subrepticia
subrepticio	subrepticias
subrogante	subrogantes
subrogatorio	subrogatorios
subrogatorio	subrogatoria
subrogatorio	subrogatorias
subsahariano	subsaharianos
subsahariano	subsahariana
subsahariano	subsaharianas
subsecuente	subsecuentes
subsiguiente	subsiguientes
substancial	substanciales
substantivo	substantivos
substantivo	substantiva
substantivo	substantivas
substituidor	substituidores
substituidor	substituidora
substituidor	substituidoras
substractivo	substractivos
substractivo	substractiva
substractivo	substractivas
subsónico	subsónicos
subsónico	subsónica
subsónico	subsónicas
subterráneo	subterráneos
subterráneo	subterránea
subterráneo	subterráneas
subtil	subtiles
subtitulado	subtitulados
subtitulado	subtitulada
subtitulado	subtituladas
subtriplo	subtriplos
subtriplo	subtripla
subtriplo	subtriplas
subulado	subulados
subulado	subulada
subulado	subuladas
suburbano	suburbanos
suburbano	suburbana
suburbano	suburbanas
subvaluado	subvaluados
subvaluado	subvaluada
subvaluado	subvaluadas
subversivo	subversivos
subversivo	subversiva
subversivo	subversivas
subyacente	subyacentes
subóptimo	subóptimos
subóptimo	subóptima
subóptimo	subóptimas
sucedáneo	
sucesivo	sucesivos
sucesivo	sucesiva
sucesivo	sucesivas
sucesor	sucesores
sucesor	sucesora
sucesor	sucesoras
sucesorio	sucesorios
sucesorio	sucesoria
sucesorio	sucesorias
sucinto	sucintos
sucinto	sucinta
sucinto	sucintas
sucio	sucios
sucio	sucia
sucio	sucias
sucio	sucísimo
sucotrino	sucotrinos
sucotrino	sucotrina
sucotrino	sucotrinas
sucrense	sucrenses
sucreño	sucreños
sucreño	sucreña
sucreño	sucreñas
suculento	suculentos
suculento	suculenta
suculento	suculentas
sucísimo	sucísimos
sucísimo	sucísima
sucísimo	sucísimas
sudaca	sudacas
sudafricano	sudafricanos
sudafricano	sudafricana
sudafricano	sudafricanas
sudamericano	sudamericanos
sudamericano	sudamericana
sudamericano	sudamericanas
sudanés	sudaneses
sudanés	sudanesa
sudanés	sudanesas
sudcaliforniano	sudcalifornianos
sudcaliforniano	sudcaliforniana
sudcaliforniano	sudcalifornianas
sudorífico	sudoríficos
sudorífico	sudorífica
sudorífico	sudoríficas
sudsudanés	sudsudaneses
sudsudanés	sudsudanesa
sudsudanés	sudsudanesas
sueco	suecos
sueco	sueca
sueco	suecas
sueltito	sueltitos
sueltito	sueltita
sueltito	sueltitas
suelto	sueltos
suelto	suelta
suelto	sueltas
suevo	suevos
suevo	sueva
suevo	suevas
suficiente	suficientes
suficientísimo	suficientísimos
suficientísimo	suficientísima
suficientísimo	suficientísimas
sufijado	sufijados
sufijado	sufijada
sufijado	sufijadas
sufijo	sufijos
sufijo	sufija
sufijo	sufijas
sufista	sufistas
sufragista	sufragistas
sufragáneo	sufragáneos
sufragáneo	sufragánea
sufragáneo	sufragáneas
sufrible	sufribles
sufridero	sufrideros
sufridero	sufridera
sufridero	sufrideras
sufrido	sufridos
sufrido	sufrida
sufrido	sufridas
sufridor	sufridores
sufridor	sufridora
sufridor	sufridoras
sufriente	sufrientes
sufí	
sugerente	sugerentes
sugerible	sugeribles
sugeridor	sugeridores
sugeridor	sugeridora
sugeridor	sugeridoras
sugestionable	sugestionables
sugestionador	sugestionadores
sugestionador	sugestionadora
sugestionador	sugestionadoras
sugoso	sugosos
sugoso	sugosa
sugoso	sugosas
suicida	suicidas
suizo	suizos
suizo	suiza
suizo	suizas
sujetador	sujetadores
sujetador	sujetadora
sujetador	sujetadoras
sujeto	sujetos
sujeto	sujeta
sujeto	sujetas
sulfuradísimo	sulfuradísimos
sulfuradísimo	sulfuradísima
sulfuradísimo	sulfuradísimas
sulfuroso	sulfurosos
sulfuroso	sulfurosa
sulfuroso	sulfurosas
sulfúreo	sulfúreos
sulfúreo	sulfúrea
sulfúreo	sulfúreas
sulfúrico	sulfúricos
sulfúrico	sulfúrica
sulfúrico	sulfúricas
sumador	sumadores
sumador	sumadora
sumador	sumadoras
sumarial	sumariales
sumario	sumarios
sumario	sumaria
sumario	sumarias
sumergible	sumergibles
sumerio	sumerios
sumerio	sumeria
sumerio	sumerias
suministrador	suministradores
suministrador	suministradora
suministrador	suministradoras
sumiso	sumisos
sumiso	sumisa
sumiso	sumisas
sumo	sumos
sumo	suma
sumo	sumas
sunco	suncos
sunco	sunca
sunco	suncas
sundanés	sundaneses
sundanés	sundanesa
sundanés	sundanesas
sungo	sungos
sungo	sunga
sungo	sungas
sunita	sunitas
suntuario	suntuarios
suntuario	suntuaria
suntuario	suntuarias
suntuoso	suntuosos
suntuoso	suntuosa
suntuoso	suntuosas
superable	superables
superabundante	superabundantes
superador	superadores
superador	superadora
superador	superadoras
superante	superantes
superativo	superativos
superativo	superativa
superativo	superativas
superbioso	superbiosos
superbioso	superbiosa
superbioso	superbiosas
superbo	superbos
superbo	superba
superbo	superbas
supercalifragilisticoespialidoso	supercalifragilisticoespialidosos
supercalifragilisticoespialidoso	supercalifragilisticoespialidosa
supercalifragilisticoespialidoso	supercalifragilisticoespialidosas
superchero	supercheros
superchero	superchera
superchero	supercheras
superciliar	superciliares
supercontagiador	supercontagiadores
supercontagiador	supercontagiadora
supercontagiador	supercontagiadoras
superdotado	superdotados
superdotado	superdotada
superdotado	superdotadas
supereminente	supereminentes
supererogatorio	supererogatorios
supererogatorio	supererogatoria
supererogatorio	supererogatorias
superficial	superficiales
superfluo	superfluos
superfluo	superflua
superfluo	superfluas
superheterodino	superheterodinos
superheterodino	superheterodina
superheterodino	superheterodinas
superior	superiores
superlativo	superlativos
superlativo	superlativa
superlativo	superlativas
superno	supernos
superno	superna
superno	supernas
superproparoxítono	superproparoxítonos
superproparoxítono	superproparoxítona
superproparoxítono	superproparoxítonas
supersticioso	supersticiosos
supersticioso	supersticiosa
supersticioso	supersticiosas
supersónico	supersónicos
supersónico	supersónica
supersónico	supersónicas
superviviente	supervivientes
superádito	superáditos
superádito	superádita
superádito	superáditas
supino	supinos
supino	supina
supino	supinas
suplementario	suplementarios
suplementario	suplementaria
suplementario	suplementarias
supletivo	supletivos
supletivo	supletiva
supletivo	supletivas
supletorio	supletorios
supletorio	supletoria
supletorio	supletorias
suplicante	suplicantes
suponedor	suponedores
suponedor	suponedora
suponedor	suponedoras
supositicio	supositicios
supositicio	supositicia
supositicio	supositicias
supositivo	supositivos
supositivo	supositiva
supositivo	supositivas
supraestatal	supraestatales
supraindividual	supraindividuales
supralumínico	supralumínicos
supralumínico	supralumínica
supralumínico	supralumínicas
supralunar	supralunares
supramaxilar	supramaxilares
supranacional	supranacionales
suprarrenal	suprarrenales
supraterrenal	supraterrenales
supraterritorial	supraterritoriales
supremacista	supremacistas
supremo	supremos
supremo	suprema
supremo	supremas
supremático	supremáticos
supremático	supremática
supremático	supremáticas
supuesto	supuestos
supuesto	supuesta
supuesto	supuestas
supérstite	supérstites
sur	
suramericano	suramericanos
suramericano	suramericana
suramericano	suramericanas
surcador	surcadores
surcador	surcadora
surcador	surcadoras
surcano	surcanos
surcano	surcana
surcano	surcanas
surcoreano	surcoreanos
surcoreano	surcoreana
surcoreano	surcoreanas
surculoso	surculosos
surculoso	surculosa
surculoso	surculosas
surero	sureros
surero	surera
surero	sureras
sureño	sureños
sureño	sureña
sureño	sureñas
surfactante	surfactantes
surinamés	surinameses
surinamés	surinamesa
surinamés	surinamesas
surrealista	surrealistas
sursudanés	sursudaneses
sursudanés	sursudanesa
sursudanés	sursudanesas
surtidor	surtidores
surtidor	surtidora
surtidor	surtidoras
surto	surtos
surto	surta
surto	surtas
survietnamita	survietnamitas
susceptible	susceptibles
susodicho	susodichos
susodicho	susodicha
susodicho	susodichas
susomentado	susomentados
susomentado	susomentada
susomentado	susomentadas
suspendedor	suspendedores
suspendedor	suspendedora
suspendedor	suspendedoras
suspicaz	suspicaces
sustancial	sustanciales
sustancioso	sustanciosos
sustancioso	sustanciosa
sustancioso	sustanciosas
sustantivador	sustantivadores
sustantivador	sustantivadora
sustantivador	sustantivadoras
sustantivante	sustantivantes
sustantivo	sustantivos
sustantivo	sustantiva
sustantivo	sustantivas
sustentable	sustentables
sustentador	sustentadores
sustentador	sustentadora
sustentador	sustentadoras
sustituidor	sustituidores
sustituidor	sustituidora
sustituidor	sustituidoras
sustractivo	sustractivos
sustractivo	sustractiva
sustractivo	sustractivas
susurrador	susurradores
susurrador	susurradora
susurrador	susurradoras
susurrante	susurrantes
sutesulario	sutesularios
sutesulario	sutesularia
sutesulario	sutesularias
sutil	sutiles
sutilizable	sutilizables
sutilizador	sutilizadores
sutilizador	sutilizadora
sutilizador	sutilizadoras
sutilísimo	sutilísimos
sutilísimo	sutilísima
sutilísimo	sutilísimas
sutorio	sutorios
sutorio	sutoria
sutorio	sutorias
sutriple	sutriples
suturable	suturables
suturoso	suturosos
suturoso	suturosa
suturoso	suturosas
sutúreo	sutúreos
sutúreo	sutúrea
sutúreo	sutúreas
suversivo	suversivos
suversivo	suversiva
suversivo	suversivas
suyo	suyos
suyo	suya
suyo	suyas
suízaro	suízaros
suízaro	suízara
suízaro	suízaras
swiftie	swifties
swinger	swingers
sádico	sádicos
sádico	sádica
sádico	sádicas
sáfico	sáficos
sáfico	sáfica
sáfico	sáficas
sánscrito	sánscritos
sánscrito	sánscrita
sánscrito	sánscritas
sápido	sápidos
sápido	sápida
sápido	sápidas
sármata	sármatas
sátiro	sátiros
sátiro	sátira
sátiro	sátiras
sáxeo	sáxeos
sáxeo	sáxea
sáxeo	sáxeas
sénior	séniores
séptico	sépticos
séptico	séptica
séptico	sépticas
séptuple	séptuples
séptuplo	séptuplos
séptuplo	séptupla
séptuplo	séptuplas
sérico	séricos
sérico	sérica
sérico	séricas
sésil	sésiles
séxtuple	séxtuples
séxtuplo	séxtuplos
séxtuplo	séxtupla
séxtuplo	séxtuplas
símil	símiles
símplex	
síncrono	síncronos
síncrono	síncrona
síncrono	síncronas
sínico	sínicos
sínico	sínica
sínico	sínicas
sístilo	sístilos
sístilo	sístila
sístilo	sístilas
sólido	sólidos
sólido	sólida
sólido	sólidas
sólito	sólitos
sólito	sólita
sólito	sólitas
sónico	sónicos
sónico	sónica
sónico	sónicas
sórabo	sórabos
sórabo	sóraba
sórabo	sórabas
sórdido	sórdidos
sórdido	sórdida
sórdido	sórdidas
súbdito	súbditos
súbdito	súbdita
súbdito	súbditas
súbdolo	súbdolos
súbdolo	súbdola
súbdolo	súbdolas
súbito	súbitos
súbito	súbita
súbito	súbitas
súpero	súperos
súpero	súpera
súpero	súperas
tabacalero	tabacaleros
tabacalero	tabacalera
tabacalero	tabacaleras
tabaco	
tabaquero	tabaqueros
tabaquero	tabaquera
tabaquero	tabaqueras
tabarnés	tabarneses
tabarnés	tabarnesa
tabarnés	tabarnesas
tabasqueño	tabasqueños
tabasqueño	tabasqueña
tabasqueño	tabasqueñas
tabernense	
tabernero	
tableado	tableados
tableado	tableada
tableado	tableadas
tablero	tableros
tablero	tablera
tablero	tableras
tableño	tableños
tableño	tableña
tableño	tableñas
tablífero	tablíferos
tablífero	tablífera
tablífero	tablíferas
tabulador	tabuladores
tabulador	tabuladora
tabulador	tabuladoras
tabular	tabulares
tabáquico	tabáquicos
tabáquico	tabáquica
tabáquico	tabáquicas
tabífico	tabíficos
tabífico	tabífica
tabífico	tabíficas
tacaño	tacaños
tacaño	tacaña
tacaño	tacañas
tacañísimo	tacañísimos
tacañísimo	tacañísima
tacañísimo	tacañísimas
tachable	tachables
tachador	tachadores
tachador	tachadora
tachador	tachadoras
tachirense	tachirenses
taciturno	taciturnos
taciturno	taciturna
taciturno	taciturnas
tacneño	tacneños
tacneño	tacneña
tacneño	tacneñas
tacticista	tacticistas
tacuaco	tacuacos
tacuaco	tacuaca
tacuaco	tacuacas
tacuara	tacuaras
tacuaremboense	tacuaremboenses
tacuareño	
tagalo	tagalos
tagalo	tagala
tagalo	tagalas
tahitiano	tahitianos
tahitiano	tahitiana
tahitiano	tahitianas
tahúr	tahúres
tai	tais
tailandés	tailandeses
tailandés	tailandesa
tailandés	tailandesas
taimado	taimados
taimado	taimada
taimado	taimadas
taimadísimo	taimadísimos
taimadísimo	taimadísima
taimadísimo	taimadísimas
taiwanés	taiwaneses
taiwanés	taiwanesa
taiwanés	taiwanesas
tajante	tajantes
tal	tales
talabricense	talabricenses
talador	taladores
talador	taladora
talador	taladoras
talaverano	talaveranos
talaverano	talaverana
talaverano	talaveranas
talcahuino	talcahuinos
talcahuino	talcahuina
talcahuino	talcahuinas
talegón	talegones
talegón	talegona
talegón	talegonas
talentoso	talentosos
talentoso	talentosa
talentoso	talentosas
talibán	talibanes
talibán	talibana
talibán	talibanas
tallado	tallados
tallado	tallada
tallado	talladas
tallar	tallares
talmúdico	talmúdicos
talmúdico	talmúdica
talmúdico	talmúdicas
talonario	talonarios
talonario	talonaria
talonario	talonarias
talquino	talquinos
talquino	talquina
talquino	talquinas
tamalero	tamaleros
tamalero	tamalera
tamalero	tamaleras
tamaulipeco	tamaulipecos
tamaulipeco	tamaulipeca
tamaulipeco	tamaulipecas
tamaño	tamaños
tamaño	tamaña
tamaño	tamañas
tamil	tamiles
tamizado	tamizados
tamizado	tamizada
tamizado	tamizadas
tampiqueño	tampiqueños
tampiqueño	tampiqueña
tampiqueño	tampiqueñas
tana	
tandero	tanderos
tandero	tandera
tandero	tanderas
tandilense	tandilenses
tangente	tangentes
tangerino	tangerinos
tangerino	tangerina
tangerino	tangerinas
tangible	tangibles
tanguero	tangueros
tanguero	tanguera
tanguero	tangueras
tano	tanos
tano	tana
tano	tanas
tantalesco	tantalescos
tantalesco	tantalesca
tantalesco	tantalescas
tanto	tantos
tanto	tanta
tanto	tantas
tanzano	tanzanos
tanzano	tanzana
tanzano	tanzanas
tanático	tanáticos
tanático	tanática
tanático	tanáticas
tapado	tapados
tapado	tapada
tapado	tapadas
tapatío	tapatíos
tapatío	tapatía
tapatío	tapatías
taquigráfico	taquigráficos
taquigráfico	taquigráfica
taquigráfico	taquigráficas
taquillero	taquilleros
taquillero	taquillera
taquillero	taquilleras
taquimétrico	taquimétricos
taquimétrico	taquimétrica
taquimétrico	taquimétricas
tarabuqueño	tarabuqueños
tarabuqueño	tarabuqueña
tarabuqueño	tarabuqueñas
tarado	tarados
tarado	tarada
tarado	taradas
taradísimo	taradísimos
taradísimo	taradísima
taradísimo	taradísimas
tarambana	tarambanas
taramundés	taramundeses
taramundés	taramundesa
taramundés	taramundesas
tarasco	tarascos
tarasco	tarasca
tarasco	tarascas
tarateño	tarateños
tarateño	tarateña
tarateño	tarateñas
tardo	tardos
tardo	tarda
tardo	tardas
tardígrado	tardígrados
tardígrado	tardígrada
tardígrado	tardígradas
tardío	tardíos
tardío	tardía
tardío	tardías
tarmeño	tarmeños
tarmeño	tarmeña
tarmeño	tarmeñas
tarraconense	tarraconenses
tarrasense	tarrasenses
tartamudo	tartamudos
tartamudo	tartamuda
tartamudo	tartamudas
tartufo	tartufos
tartufo	tartufa
tartufo	tartufas
tartárico	tartáricos
tartárico	tartárica
tartárico	tartáricas
tasador	tasadores
tasador	tasadora
tasador	tasadoras
taumatúrgico	taumatúrgicos
taumatúrgico	taumatúrgica
taumatúrgico	taumatúrgicas
taurino	taurinos
taurino	taurina
taurino	taurinas
tauro	
tautológico	tautológicos
tautológico	tautológica
tautológico	tautológicas
taxativo	taxativos
taxativo	taxativa
taxativo	taxativas
taxonómico	taxonómicos
taxonómico	taxonómica
taxonómico	taxonómicas
tayik	tayiks
tayiko	tayikos
tayiko	tayika
tayiko	tayikas
taíno	taínos
taíno	taína
taíno	taínas
teatral	teatrales
tebano	tebanos
tebano	tebana
tebano	tebanas
tebeo	tebeos
tebeo	tebea
tebeo	tebeas
tecno	tecnos
tecnocrático	tecnocráticos
tecnocrático	tecnocrática
tecnocrático	tecnocráticas
tecnológico	tecnológicos
tecnológico	tecnológica
tecnológico	tecnológicas
tecnooligarca	tecnooligarcas
tecnosexual	tecnosexuales
tecnócrata	tecnócratas
tectónico	tectónicos
tectónico	tectónica
tectónico	tectónicas
tedioso	tediosos
tedioso	tediosa
tedioso	tediosas
tegucigalpense	tegucigalpenses
tehuacanero	tehuacaneros
tehuacanero	tehuacanera
tehuacanero	tehuacaneras
tehuano	tehuanos
tehuano	tehuana
tehuano	tehuanas
tehuelche	tehuelches
tejano	tejanos
tejano	tejana
tejano	tejanas
tejido	tejidos
tejido	tejida
tejido	tejidas
telarañoso	telarañosos
telarañoso	telarañosa
telarañoso	telarañosas
telaviví	telavivís
telaviví	telavivíes
teleadicto	teleadictos
teleadicto	teleadicta
teleadicto	teleadictas
telefoneable	telefoneables
telefónico	telefónicos
telefónico	telefónica
telefónico	telefónicas
telegráfico	telegráficos
telegráfico	telegráfica
telegráfico	telegráficas
teleiopoético	teleiopoéticos
teleiopoético	teleiopoética
teleiopoético	teleiopoéticas
telenovelesco	telenovelescos
telenovelesco	telenovelesca
telenovelesco	telenovelescas
teleológico	teleológicos
teleológico	teleológica
teleológico	teleológicas
telepático	telepáticos
telepático	telepática
telepático	telepáticas
televisivo	televisivos
televisivo	televisiva
televisivo	televisivas
telúrico	telúricos
telúrico	telúrica
telúrico	telúricas
temblador	tembladores
temblador	tembladora
temblador	tembladoras
temblante	temblantes
tembleque	tembleques
tembloroso	temblorosos
tembloroso	temblorosa
tembloroso	temblorosas
temblón	temblones
temblón	temblona
temblón	temblonas
temedor	temedores
temedor	temedora
temedor	temedoras
temerario	temerarios
temerario	temeraria
temerario	temerarias
temeroso	temerosos
temeroso	temerosa
temeroso	temerosas
temible	temibles
temoso	temosos
temoso	temosa
temoso	temosas
temperado	temperados
temperado	temperada
temperado	temperadas
temperante	temperantes
temperlino	temperlinos
temperlino	temperlina
temperlino	temperlinas
tempestuoso	tempestuosos
tempestuoso	tempestuosa
tempestuoso	tempestuosas
templado	templados
templado	templada
templado	templadas
templador	templadores
templador	templadora
templador	templadoras
temporal	temporales
temporalizable	temporalizables
temporalizador	temporalizadores
temporalizador	temporalizadora
temporalizador	temporalizadoras
temporario	temporarios
temporario	temporaria
temporario	temporarias
temporero	temporeros
temporero	temporera
temporero	temporeras
temporizador	temporizadores
temporizador	temporizadora
temporizador	temporizadoras
temporáneo	temporáneos
temporáneo	temporánea
temporáneo	temporáneas
tempranal	tempranales
tempranero	tempraneros
tempranero	tempranera
tempranero	tempraneras
temprano	tempranos
temprano	temprana
temprano	tempranas
tempranísimo	tempranísimos
tempranísimo	tempranísima
tempranísimo	tempranísimas
temucano	temucanos
temucano	temucana
temucano	temucanas
temuquense	temuquenses
temática	
tenaz	tenaces
tendencioso	tendenciosos
tendencioso	tendenciosa
tendencioso	tendenciosas
tendente	tendentes
tendido	tendidos
tendido	tendida
tendido	tendidas
tendiente	tendientes
tendinoso	tendinosos
tendinoso	tendinosa
tendinoso	tendinosas
tenebroso	tenebrosos
tenebroso	tenebrosa
tenebroso	tenebrosas
teneño	teneños
teneño	teneña
teneño	teneñas
teniente	tenientes
tenor	tenores
tensioactivo	tensioactivos
tensioactivo	tensioactiva
tensioactivo	tensioactivas
tenso	tensos
tenso	tensa
tenso	tensas
tensoactivo	tensoactivos
tensoactivo	tensoactiva
tensoactivo	tensoactivas
tensor	
tentador	tentadores
tentador	tentadora
tentador	tentadoras
tentativo	tentativos
tentativo	tentativa
tentativo	tentativas
tenue	tenues
tenue	tenuísimo
tenuísimo	tenuísimos
tenuísimo	tenuísima
tenuísimo	tenuísimas
tenífugo	tenífugos
tenífugo	tenífuga
tenífugo	tenífugas
tenístico	tenísticos
tenístico	tenística
tenístico	tenísticas
teocrático	teocráticos
teocrático	teocrática
teocrático	teocráticas
teofórico	teofóricos
teofórico	teofórica
teofórico	teofóricas
teogónico	teogónicos
teogónico	teogónica
teogónico	teogónicas
teológico	teológicos
teológico	teológica
teológico	teológicas
teopolítico	teopolíticos
teopolítico	teopolítica
teopolítico	teopolíticas
teorizador	teorizadores
teorizador	teorizadora
teorizador	teorizadoras
teorizante	teorizantes
teorético	teoréticos
teorético	teorética
teorético	teoréticas
teosófico	teosóficos
teosófico	teosófica
teosófico	teosóficas
tepicense	tepicenses
teporocho	teporochos
teporocho	teporocha
teporocho	teporochas
tequeño	tequeños
tequeño	tequeña
tequeño	tequeñas
tequileño	tequileños
tequileño	tequileña
tequileño	tequileñas
terapéutico	terapéuticos
terapéutico	terapéutica
terapéutico	terapéuticas
teratogénico	teratogénicos
teratogénico	teratogénica
teratogénico	teratogénicas
teratológico	teratológicos
teratológico	teratológica
teratológico	teratológicas
tercer	terceros
tercer	tercera
tercer	terceras
tercero	terceros
tercero	tercera
tercero	terceras
tercerón	tercerones
tercerón	tercerona
tercerón	terceronas
terciador	terciadores
terciador	terciadora
terciador	terciadoras
terciario	terciarios
terciario	terciaria
terciario	terciarias
tercio	tercios
tercio	tercia
tercio	tercias
terciodécuplo	terciodécuplos
terciodécuplo	terciodécupla
terciodécuplo	terciodécuplas
terciopersonal	terciopersonales
terco	tercos
terco	terca
terco	tercas
terebintáceo	terebintáceos
terebintáceo	terebintácea
terebintáceo	terebintáceas
tergiversador	tergiversadores
tergiversador	tergiversadora
tergiversador	tergiversadoras
terio	terios
terio	teria
terio	terias
teriocéfalo	teriocéfalos
teriocéfalo	teriocéfala
teriocéfalo	teriocéfalas
teriológico	teriológicos
teriológico	teriológica
teriológico	teriológicas
termal	termales
terminador	terminadores
terminador	terminadora
terminador	terminadoras
terminal	terminales
termodinámico	termodinámicos
termodinámico	termodinámica
termodinámico	termodinámicas
termoeléctrico	termoeléctricos
termoeléctrico	termoeléctrica
termoeléctrico	termoeléctricas
termohalino	termohalinos
termohalino	termohalina
termohalino	termohalinas
termoiónico	termoiónicos
termoiónico	termoiónica
termoiónico	termoiónicas
termolábil	termolábiles
termosellado	termosellados
termosellado	termosellada
termosellado	termoselladas
termófilo	termófilos
termófilo	termófila
termófilo	termófilas
ternario	ternarios
ternario	ternaria
ternario	ternarias
ternilloso	ternillosos
ternilloso	ternillosa
ternilloso	ternillosas
terqueño	
terraplanista	terraplanistas
terregoso	terregosos
terregoso	terregosa
terregoso	terregosas
terrenal	terrenales
terreno	terrenos
terreno	terrena
terreno	terrenas
terrero	terreros
terrero	terrera
terrero	terreras
terrestre	terrestres
terreño	terreños
terreño	terreña
terreño	terreñas
terribilísimo	terribilísimos
terribilísimo	terribilísima
terribilísimo	terribilísimas
terrible	terribles
terrible	terribilísimo
terrino	terrinos
terrino	terrina
terrino	terrinas
territorial	territoriales
terrorífico	terroríficos
terrorífico	terrorífica
terrorífico	terroríficas
terroso	terrosos
terroso	terrosa
terroso	terrosas
terráqueo	terráqueos
terráqueo	terráquea
terráqueo	terráqueas
terrícola	terrícolas
terrífico	terríficos
terrífico	terrífica
terrífico	terríficas
terso	tersos
terso	tersa
terso	tersas
tertulia	
tesinés	tesineses
tesinés	tesinesa
tesinés	tesinesas
tesonero	tesoneros
tesonero	tesonera
tesonero	tesoneras
testamentario	testamentarios
testamentario	testamentaria
testamentario	testamentarias
testarudo	testarudos
testarudo	testaruda
testarudo	testarudas
testimonial	testimoniales
testáceo	testáceos
testáceo	testácea
testáceo	testáceas
tetracampeón	tetracampeones
tetracampeón	tetracampeona
tetracampeón	tetracampeonas
tetradecágono	tetradecágonos
tetradecágono	tetradecágona
tetradecágono	tetradecágonas
tetragonal	tetragonales
tetralingüe	tetralingües
tetrapléjico	tetrapléjicos
tetrapléjico	tetrapléjica
tetrapléjico	tetrapléjicas
tetrasílabo	tetrasílabos
tetrasílabo	tetrasílaba
tetrasílabo	tetrasílabas
tetraédrico	tetraédricos
tetraédrico	tetraédrica
tetraédrico	tetraédricas
tetro	tetros
tetro	tetra
tetro	tetras
tetudo	tetudos
tetudo	tetuda
tetudo	tetudas
tetánico	tetánicos
tetánico	tetánica
tetánico	tetánicas
teucro	teucros
teucro	teucra
teucro	teucras
teutón	teutones
teutón	teutona
teutón	teutonas
tevergano	teverganos
tevergano	tevergana
tevergano	teverganas
texano	texanos
texano	texana
texano	texanas
textil	textiles
textual	
teándrico	teándricos
teándrico	teándrica
teándrico	teándricas
teísta	teístas
teólogo	teólogos
teólogo	teóloga
teólogo	teólogas
teórico	teóricos
teórico	teórica
teórico	teóricas
thai	thais
thailandés	thailandeses
thailandés	thailandesa
thailandés	thailandesas
therian	therians
tiahuanaco	tiahuanacos
tiahuanaco	tiahuanaca
tiahuanaco	tiahuanacas
tibetano	tibetanos
tibetano	tibetana
tibetano	tibetanas
tibial	tibiales
tibio	tibios
tibio	tibia
tibio	tibias
ticónico	ticónicos
ticónico	ticónica
ticónico	ticónicas
tiense	
tierno	tiernos
tierno	tierna
tierno	tiernas
tierno	tiernísimo
tierno	ternísimo
tiernísimo	tiernísimos
tiernísimo	tiernísima
tiernísimo	tiernísimas
tieso	tiesos
tieso	tiesa
tieso	tiesas
tiesto	tiestos
tiesto	tiesta
tiesto	tiestas
tiflisiano	tiflisianos
tiflisiano	tiflisiana
tiflisiano	tiflisianas
tiflológico	tiflológicos
tiflológico	tiflológica
tiflológico	tiflológicas
tifoideo	tifoideos
tifoideo	tifoidea
tifoideo	tifoideas
tigrense	
tijoleño	
tijuanense	tijuanenses
tikrití	tikritís
tikrití	tikritíes
tildista	tildistas
timbero	timberos
timbero	timbera
timbero	timberas
timbreo	timbreos
timbreo	timbrea
timbreo	timbreas
timidísimo	timidísimos
timidísimo	timidísima
timidísimo	timidísimas
timocrático	timocráticos
timocrático	timocrática
timocrático	timocráticas
timonero	timoneros
timonero	timonera
timonero	timoneras
timorato	timoratos
timorato	timorata
timorato	timoratas
timorense	timorenses
tincado	tincados
tincado	tincada
tincado	tincadas
tinerfeño	tinerfeños
tinerfeño	tinerfeña
tinerfeño	tinerfeñas
tingitano	tingitanos
tingitano	tingitana
tingitano	tingitanas
tinista	tinistas
tinocorítido	tinocorítidos
tinocorítido	tinocorítida
tinocorítido	tinocorítidas
tinto	tintos
tinto	tinta
tinto	tintas
tiosulfúrico	tiosulfúricos
tiosulfúrico	tiosulfúrica
tiosulfúrico	tiosulfúricas
tiplisonante	tiplisonantes
tipo	
tipográfico	tipográficos
tipográfico	tipográfica
tipográfico	tipográficas
tiquismiquis	
tiranino	tiraninos
tiranino	tiranina
tiranino	tiraninas
tirano	tiranos
tirano	tirana
tirano	tiranas
tirante	tirantes
tiriciento	tiricientos
tiriciento	tiricienta
tiriciento	tiricientas
tiricioso	tiriciosos
tiricioso	tiriciosa
tiricioso	tiriciosas
tirillento	tirillentos
tirillento	tirillenta
tirillento	tirillentas
tirio	tirios
tirio	tiria
tirio	tirias
tiroides	
tirreno	tirrenos
tirreno	tirrena
tirreno	tirrenas
tirrénico	tirrénicos
tirrénico	tirrénica
tirrénico	tirrénicas
tiránico	tiránicos
tiránico	tiránica
tiránico	tiránicas
tiránido	tiránidos
tiránido	tiránida
tiránido	tiránidas
tisiológico	tisiológicos
tisiológico	tisiológica
tisiológico	tisiológicas
tisular	tisulares
titilador	titiladores
titilador	titiladora
titilador	titiladoras
titular	titulares
titánico	titánicos
titánico	titánica
titánico	titánicas
tiznado	tiznados
tiznado	tiznada
tiznado	tiznadas
tiznero	tizneros
tiznero	tiznera
tiznero	tizneras
tiíto	tiítos
tiíto	tiíta
tiíto	tiítas
tiñoso	tiñosos
tiñoso	tiñosa
tiñoso	tiñosas
tlanquencho	
tlaxcalteca	tlaxcaltecas
tobiano	tobianos
tobiano	tobiana
tobiano	tobianas
toboseño	toboseños
toboseño	toboseña
toboseño	toboseñas
tobosino	tobosinos
tobosino	tobosina
tobosino	tobosinas
tocado	tocados
tocado	tocada
tocado	tocadas
tocador	tocadores
tocador	tocadora
tocador	tocadoras
tocahuevos	
tocante	tocantes
tocario	tocarios
tocario	tocaria
tocario	tocarias
tocayo	tocayos
tocayo	tocaya
tocayo	tocayas
toche	toches
tochibí	tochibís
tochibí	tochibíes
tocón	tocones
tocón	tocona
tocón	toconas
todo	todos
todo	toda
todo	todas
todopoderoso	todopoderosos
todopoderoso	todopoderosa
todopoderoso	todopoderosas
todoterreno	todoterrenos
togolés	togoleses
togolés	togolesa
togolés	togolesas
tojolabal	
tokelauano	tokelauanos
tokelauano	tokelauana
tokelauano	tokelauanas
tokelauense	tokelauenses
tokelaués	tokelaueses
tokelaués	tokelauesa
tokelaués	tokelauesas
tokiota	tokiotas
toledano	toledanos
toledano	toledana
toledano	toledanas
tolemaico	tolemaicos
tolemaico	tolemaica
tolemaico	tolemaicas
tolerable	tolerables
tolerante	tolerantes
tolete	toletes
tolete	toleta
tolete	toletas
tolimense	tolimenses
tolkieniano	tolkienianos
tolkieniano	tolkieniana
tolkieniano	tolkienianas
tololo	
tolondro	tolondros
tolondro	tolondra
tolondro	tolondras
tolosano	tolosanos
tolosano	tolosana
tolosano	tolosanas
toluqueño	toluqueños
toluqueño	toluqueña
toluqueño	toluqueñas
tombino	tombinos
tombino	tombina
tombino	tombinas
tomeseño	tomeseños
tomeseño	tomeseña
tomeseño	tomeseñas
tomista	tomistas
tomjonesiano	tomjonesianos
tomjonesiano	tomjonesiana
tomjonesiano	tomjonesianas
tonante	tonantes
tongano	tonganos
tongano	tongana
tongano	tonganas
tonificador	tonificadores
tonificador	tonificadora
tonificador	tonificadoras
tontaina	
tontarrón	tontarrones
tontarrón	tontarrona
tontarrón	tontarronas
tontiloco	tontilocos
tontiloco	tontiloca
tontiloco	tontilocas
tontito	tontitos
tontito	tontita
tontito	tontitas
tontivano	tontivanos
tontivano	tontivana
tontivano	tontivanas
tonto	tontos
tonto	tonta
tonto	tontas
tonto	tontísimo
tontolculo	tontolculos
tontorrón	tontorrones
tontorrón	tontorrona
tontorrón	tontorronas
tontísimo	tontísimos
tontísimo	tontísima
tontísimo	tontísimas
topográfico	topográficos
topográfico	topográfica
topográfico	topográficas
topológico	topológicos
topológico	topológica
topológico	topológicas
toponímico	toponímicos
toponímico	toponímica
toponímico	toponímicas
toral	torales
torbo	torbos
torbo	torba
torbo	torbas
torcaz	torcaces
torcido	torcidos
torcido	torcida
torcido	torcidas
tordillo	tordillos
tordillo	tordilla
tordillo	tordillas
tordo	tordos
tordo	torda
tordo	tordas
torero	toreros
torero	torera
torero	toreras
toresano	toresanos
toresano	toresana
toresano	toresanas
torinés	torineses
torinés	torinesa
torinés	torinesas
tormentoso	tormentosos
tormentoso	tormentosa
tormentoso	tormentosas
tornadizo	tornadizos
tornadizo	tornadiza
tornadizo	tornadizas
torneado	torneados
torneado	torneada
torneado	torneadas
tornátil	tornátiles
torpe	torpes
torrefacto	torrefactos
torrefacto	torrefacta
torrefacto	torrefactas
torrencial	torrenciales
torreonense	torreonenses
torticero	torticeros
torticero	torticera
torticero	torticeras
tortillera	
tortillero	tortilleros
tortillero	tortillera
tortillero	tortilleras
tortuoso	tortuosos
tortuoso	tortuosa
tortuoso	tortuosas
torvo	torvos
torvo	torva
torvo	torvas
torácico	torácicos
torácico	torácica
torácico	torácicas
toráxico	toráxicos
toráxico	toráxica
toráxico	toráxicas
toscana	
toscano	toscanos
toscano	toscana
toscano	toscanas
tosco	toscos
tosco	tosca
tosco	toscas
tostado	tostados
tostado	tostada
tostado	tostadas
tostonero	tostoneros
tostonero	tostonera
tostonero	tostoneras
total	totales
totalizador	totalizadores
totalizador	totalizadora
totalizador	totalizadoras
totémico	totémicos
totémico	totémica
totémico	totémicas
toxicocinético	toxicocinéticos
toxicocinético	toxicocinética
toxicocinético	toxicocinéticas
toxicológico	toxicológicos
toxicológico	toxicológica
toxicológico	toxicológicas
toxicómano	toxicómanos
toxicómano	toxicómana
toxicómano	toxicómanas
tozudo	tozudos
tozudo	tozuda
tozudo	tozudas
trabajador	trabajadores
trabajador	trabajadora
trabajador	trabajadoras
trabajadorcísimo	trabajadorcísimos
trabajadorcísimo	trabajadorcísima
trabajadorcísimo	trabajadorcísimas
trabucador	trabucadores
trabucador	trabucadora
trabucador	trabucadoras
tracatrán	tracatranes
tracatrán	tracatrana
tracatrán	tracatranas
tracatán	tracatanes
tracatán	tracatana
tracatán	tracatanas
tracio	tracios
tracio	tracia
tracio	tracias
trader	traderes
tradicional	tradicionales
traducible	traducibles
traductor	traductores
traductor	traductora
traductor	traductoras
traductoril	traductoriles
traedizo	traedizos
traedizo	traediza
traedizo	traedizas
traedor	traedores
traedor	traedora
traedor	traedoras
traficante	traficantes
tragaleche	
tragicómico	tragicómicos
tragicómico	tragicómica
tragicómico	tragicómicas
traicionero	
traidor	traidores
traidor	traidora
traidor	traidoras
traidorzuelo	traidorzuelos
traidorzuelo	traidorzuela
traidorzuelo	traidorzuelas
trajeado	trajeados
trajeado	trajeada
trajeado	trajeadas
trajinante	trajinantes
trajinista	trajinistas
tramontano	tramontanos
tramontano	tramontana
tramontano	tramontanas
tramposo	tramposos
tramposo	tramposa
tramposo	tramposas
tranqueador	tranqueadores
tranqueador	tranqueadora
tranqueador	tranqueadoras
tranquilizador	tranquilizadores
tranquilizador	tranquilizadora
tranquilizador	tranquilizadoras
tranquilo	tranquilos
tranquilo	tranquila
tranquilo	tranquilas
tranquilo	tranquilísimo
trans	
transable	transables
transalpino	transalpinos
transalpino	transalpina
transalpino	transalpinas
transante	transantes
transatlántico	transatlánticos
transatlántico	transatlántica
transatlántico	transatlánticas
transcontinental	transcontinentales
transcultural	transculturales
transdigital	transdigitales
transdisciplinario	transdisciplinarios
transdisciplinario	transdisciplinaria
transdisciplinario	transdisciplinarias
transedad	
transespecie	
transexual	transexuales
transeúnte	transeúntes
transferidor	transferidores
transferidor	transferidora
transferidor	transferidoras
transformable	transformables
transformacional	transformacionales
transformador	transformadores
transformador	transformadora
transformador	transformadoras
transformativo	transformativos
transformativo	transformativa
transformativo	transformativas
transformista	transformistas
transfretano	transfretanos
transfretano	transfretana
transfretano	transfretanas
transfronterizo	transfronterizos
transfronterizo	transfronteriza
transfronterizo	transfronterizas
transfóbico	transfóbicos
transfóbico	transfóbica
transfóbico	transfóbicas
transgangético	transgangéticos
transgangético	transgangética
transgangético	transgangéticas
transgresivo	transgresivos
transgresivo	transgresiva
transgresivo	transgresivas
transgresor	transgresores
transgresor	transgresora
transgresor	transgresoras
transgénero	
transgénico	transgénicos
transgénico	transgénica
transgénico	transgénicas
transido	transidos
transido	transida
transido	transidas
transilvano	transilvanos
transilvano	transilvana
transilvano	transilvanas
transitable	transitables
transitivo	transitivos
transitivo	transitiva
transitivo	transitivas
transitorio	transitorios
transitorio	transitoria
transitorio	transitorias
transjoviano	transjovianos
transjoviano	transjoviana
transjoviano	transjovianas
translaminar	translaminares
translativo	translativos
translativo	translativa
translativo	translativas
translingüístico	translingüísticos
translingüístico	translingüística
translingüístico	translingüísticas
transluciente	translucientes
translúcido	translúcidos
translúcido	translúcida
translúcido	translúcidas
transmaribibollo	transmaribibollos
transmaribollera	transmaribolleras
transmaricabollo	transmaricabollos
transmediático	transmediáticos
transmediático	transmediática
transmediático	transmediáticas
transmisible	transmisibles
transmisor	transmisores
transmisor	transmisora
transmisor	transmisoras
transmontano	transmontanos
transmontano	transmontana
transmontano	transmontanas
transnacional	transnacionales
transnacionalidad	transnacionalidades
transoceánico	transoceánicos
transoceánico	transoceánica
transoceánico	transoceánicas
transpacífico	transpacíficos
transpacífico	transpacífica
transpacífico	transpacíficas
transpadano	transpadanos
transpadano	transpadana
transpadano	transpadanas
transparente	transparentes
transpirenaico	transpirenaicos
transpirenaico	transpirenaica
transpirenaico	transpirenaicas
transponedor	transponedores
transponedor	transponedora
transponedor	transponedoras
transportador	transportadores
transportador	transportadora
transportador	transportadoras
transversal	transversales
transverso	transversos
transverso	transversa
transverso	transversas
tranviario	tranviarios
tranviario	tranviaria
tranviario	tranviarias
trapacista	trapacistas
trapezoidal	
traposo	traposos
traposo	traposa
traposo	traposas
traqueteador	traqueteadores
traqueteador	traqueteadora
traqueteador	traqueteadoras
trasantepenúltimo	trasantepenúltimos
trasantepenúltimo	trasantepenúltima
trasantepenúltimo	trasantepenúltimas
trasañejo	trasañejos
trasañejo	trasañeja
trasañejo	trasañejas
trascendental	trascendentales
trascendente	trascendentes
trascontinental	trascontinentales
trasechador	trasechadores
trasechador	trasechadora
trasechador	trasechadoras
trasegador	trasegadores
trasegador	trasegadora
trasegador	trasegadoras
trasero	traseros
trasero	trasera
trasero	traseras
traseñalador	traseñaladores
traseñalador	traseñaladora
traseñalador	traseñaladoras
trasferidor	trasferidores
trasferidor	trasferidora
trasferidor	trasferidoras
trasformable	trasformables
trasformacional	trasformacionales
trasformador	trasformadores
trasformador	trasformadora
trasformador	trasformadoras
trasformativo	trasformativos
trasformativo	trasformativa
trasformativo	trasformativas
trasformista	trasformistas
trasfretano	trasfretanos
trasfretano	trasfretana
trasfretano	trasfretanas
trasfronterizo	trasfronterizos
trasfronterizo	trasfronteriza
trasfronterizo	trasfronterizas
trasgresor	trasgresores
trasgresor	trasgresora
trasgresor	trasgresoras
trasguero	trasgueros
trasguero	trasguera
trasguero	trasgueras
trashumante	trashumantes
traslativo	traslativos
traslativo	traslativa
traslativo	traslativas
trasluciente	traslucientes
traslúcido	traslúcidos
traslúcido	traslúcida
traslúcido	traslúcidas
trasminante	trasminantes
trasnacional	trasnacionales
trasnochado	trasnochados
trasnochado	trasnochada
trasnochado	trasnochadas
trasnochador	trasnochadores
trasnochador	trasnochadora
trasnochador	trasnochadoras
trasnochadísimo	trasnochadísimos
trasnochadísimo	trasnochadísima
trasnochadísimo	trasnochadísimas
traspadano	traspadanos
traspadano	traspadana
traspadano	traspadanas
trasparente	trasparentes
traspirenaico	traspirenaicos
traspirenaico	traspirenaica
traspirenaico	traspirenaicas
trasponedor	trasponedores
trasponedor	trasponedora
trasponedor	trasponedoras
trastejador	trastejadores
trastejador	trastejadora
trastejador	trastejadoras
trastornable	trastornables
trastornador	trastornadores
trastornador	trastornadora
trastornador	trastornadoras
tratable	tratables
tratado	
tratante	tratantes
traumado	traumados
traumado	traumada
traumado	traumadas
traumatizable	traumatizables
traumatizado	traumatizados
traumatizado	traumatizada
traumatizado	traumatizadas
traumatológico	traumatológicos
traumatológico	traumatológica
traumatológico	traumatológicas
traumatólogo	traumatólogos
traumatólogo	traumatóloga
traumatólogo	traumatólogas
traumático	traumáticos
traumático	traumática
traumático	traumáticas
travesero	traveseros
travesero	travesera
travesero	traveseras
traveso	travesos
traveso	travesa
traveso	travesas
travesío	travesíos
travesío	travesía
travesío	travesías
travieso	traviesos
travieso	traviesa
travieso	traviesas
trazable	trazables
trazado	trazados
trazado	trazada
trazado	trazadas
trazador	trazadores
trazador	trazadora
trazador	trazadoras
trebolado	trebolados
trebolado	trebolada
trebolado	treboladas
trebujenero	trebujeneros
trebujenero	trebujenera
trebujenero	trebujeneras
treceavo	treceavos
treceavo	treceava
treceavo	treceavas
treif	
treintaicincoavo	treintaicincoavos
treintaicincoavo	treintaicincoava
treintaicincoavo	treintaicincoavas
treintaicuatroavo	treintaicuatroavos
treintaicuatroavo	treintaicuatroava
treintaicuatroavo	treintaicuatroavas
treintaidosavo	treintaidosavos
treintaidosavo	treintaidosava
treintaidosavo	treintaidosavas
treintainueveavo	treintainueveavos
treintainueveavo	treintainueveava
treintainueveavo	treintainueveavas
treintaiochoavo	treintaiochoavos
treintaiochoavo	treintaiochoava
treintaiochoavo	treintaiochoavas
treintaiseisavo	treintaiseisavos
treintaiseisavo	treintaiseisava
treintaiseisavo	treintaiseisavas
treintaisieteavo	treintaisieteavos
treintaisieteavo	treintaisieteava
treintaisieteavo	treintaisieteavas
treintaitresavo	treintaitresavos
treintaitresavo	treintaitresava
treintaitresavo	treintaitresavas
treintaitresino	treintaitresinos
treintaitresino	treintaitresina
treintaitresino	treintaitresinas
treintaiunavo	treintaiunavos
treintaiunavo	treintaiunava
treintaiunavo	treintaiunavas
treintavo	treintavos
treintavo	treintava
treintavo	treintavas
treintañal	treintañales
treintañero	treintañeros
treintañero	treintañera
treintañero	treintañeras
trekkie	
trembling	
tremebundo	tremebundos
tremebundo	tremebunda
tremebundo	tremebundas
tremendista	tremendistas
tremendo	tremendos
tremendo	tremenda
tremendo	tremendas
tremolante	tremolantes
tremoso	tremosos
tremoso	tremosa
tremoso	tremosas
tremulante	tremulantes
tremulento	tremulentos
tremulento	tremulenta
tremulento	tremulentas
tremuloso	tremulosos
tremuloso	tremulosa
tremuloso	tremulosas
trenado	trenados
trenado	trenada
trenado	trenadas
trenético	trenéticos
trenético	trenética
trenético	trenéticas
trepador	trepadores
trepador	trepadora
trepador	trepadoras
trepante	trepantes
trepidante	trepidantes
tresarroyense	tresarroyenses
trevelinense	trevelinenses
trianero	trianeros
trianero	trianera
trianero	trianeras
triangular	triangulares
tribal	tribales
tributario	tributarios
tributario	tributaria
tributario	tributarias
tribúnico	tribúnicos
tribúnico	tribúnica
tribúnico	tribúnicas
tricampeón	tricampeones
tricampeón	tricampeona
tricampeón	tricampeonas
tricarpelar	tricarpelares
tricolor	tricolores
tricornio	tricornios
tricornio	tricornia
tricornio	tricornias
tricotómico	tricotómicos
tricotómico	tricotómica
tricotómico	tricotómicas
tridecágono	tridecágonos
tridecágono	tridecágona
tridecágono	tridecágonas
tridentino	tridentinos
tridentino	tridentina
tridentino	tridentinas
tridimensional	
trienal	trienales
trietérico	trietéricos
trietérico	trietérica
trietérico	trietéricas
trifoliada	
trifásico	trifásicos
trifásico	trifásica
trifásico	trifásicas
trigonal	trigonales
trigonométrico	trigonométricos
trigonométrico	trigonométrica
trigonométrico	trigonométricas
trigueño	trigueños
trigueño	trigueña
trigueño	trigueñas
trigémino	trigéminos
trigémino	trigémina
trigémino	trigéminas
trilingüe	trilingües
trillador	trilladores
trillador	trilladora
trillador	trilladoras
trillizo	trillizos
trillizo	trilliza
trillizo	trillizas
trilobulado	trilobulados
trilobulado	trilobulada
trilobulado	trilobuladas
trilocular	triloculares
trimensual	trimensuales
trimestral	trimestrales
trimilenario	trimilenarios
trimilenario	trimilenaria
trimilenario	trimilenarias
trimotor	trimotores
trimotor	trimotora
trimotor	trimotoras
trinacrio	trinacrios
trinacrio	trinacria
trinacrio	trinacrias
trinchador	trinchadores
trinchador	trinchadora
trinchador	trinchadoras
trinitario	trinitarios
trinitario	trinitaria
trinitario	trinitarias
trinitense	trinitenses
trino	trinos
trino	trina
trino	trinas
tripartito	tripartitos
tripartito	tripartita
tripartito	tripartitas
triple	triples
triplo	triplos
triplo	tripla
triplo	triplas
tripolino	tripolinos
tripolino	tripolina
tripolino	tripolinas
tripolitano	tripolitanos
tripolitano	tripolitana
tripolitano	tripolitanas
trisemanal	trisemanales
triste	tristes
triste	tristísimo
tristísimo	tristísimos
tristísimo	tristísima
tristísimo	tristísimas
trisílabo	trisílabos
trisílabo	trisílaba
trisílabo	trisílabas
triunfal	triunfales
triunfante	triunfantes
trivalente	trivalentes
trivial	triviales
triásico	triásicos
triásico	triásica
triásico	triásicas
troceado	troceados
troceado	troceada
troceado	troceadas
troglodita	trogloditas
trolero	troleros
trolero	trolera
trolero	troleras
trombolítico	trombolíticos
trombolítico	trombolítica
trombolítico	trombolíticas
trompetero	trompeteros
trompetero	trompetera
trompetero	trompeteras
trompudo	trompudos
trompudo	trompuda
trompudo	trompudas
tronador	tronadores
tronador	tronadora
tronador	tronadoras
tronante	tronantes
tronco	troncos
tronco	tronca
tronco	troncas
tropero	
tropezador	tropezadores
tropezador	tropezadora
tropezador	tropezadoras
tropezón	tropezones
tropezón	tropezona
tropezón	tropezonas
tropical	tropicales
tropismo	
tropológico	tropológicos
tropológico	tropológica
tropológico	tropológicas
trotskista	trotskistas
trovadoresco	trovadorescos
trovadoresco	trovadoresca
trovadoresco	trovadorescas
troyano	troyanos
troyano	troyana
troyano	troyanas
trubieco	trubiecos
trubieco	trubieca
trubieco	trubiecas
truculento	truculentos
truculento	truculenta
truculento	truculentas
truhan	
truhán	truhanes
truhán	truhana
truhán	truhanas
trujense	trujenses
trujeño	trujeños
trujeño	trujeña
trujeño	trujeñas
trujillano	trujillanos
trujillano	trujillana
trujillano	trujillanas
trujuyano	trujuyanos
trujuyano	trujuyana
trujuyano	trujuyanas
trumpista	trumpistas
truncable	truncables
truncado	
truncador	truncadores
truncador	truncadora
truncador	truncadoras
trunco	truncos
trunco	trunca
trunco	truncas
truquero	truqueros
truquero	truquera
truquero	truqueras
trácala	trácalas
trágico	trágicos
trágico	trágica
trágico	trágicas
tránfuga	tránfugas
trémulo	trémulos
trémulo	trémula
trémulo	trémulas
tríceps	
trífido	trífidos
trífido	trífida
trífido	trífidas
trígido	trígidos
trígido	trígida
trígido	trígidas
trímero	trímeros
trímero	trímera
trímero	trímeras
trófico	tróficos
trófico	trófica
trófico	tróficas
trópico	trópicos
trópico	trópica
trópico	trópicas
tu	tus
tuareg	
tuberoso	tuberosos
tuberoso	tuberosa
tuberoso	tuberosas
tubular	tubulares
tucumano	tucumanos
tucumano	tucumana
tucumano	tucumanas
tucupiteño	tucupiteños
tucupiteño	tucupiteña
tucupiteño	tucupiteñas
tudesco	tudescos
tudesco	tudesca
tudesco	tudescas
tuerca	
tuerto	tuertos
tuerto	tuerta
tuerto	tuertas
tufarro	tufarros
tufarro	tufarra
tufarro	tufarras
tuitero	tuiteros
tuitero	tuitera
tuitero	tuiteras
tuitivo	tuitivos
tuitivo	tuitiva
tuitivo	tuitivas
tuki	tukis
tulipanero	tulipaneros
tulipanero	tulipanera
tulipanero	tulipaneras
tullido	tullidos
tullido	tullida
tullido	tullidas
tumbesino	tumbesinos
tumbesino	tumbesina
tumbesino	tumbesinas
tumefacto	tumefactos
tumefacto	tumefacta
tumefacto	tumefactas
tumoroso	tumorosos
tumoroso	tumorosa
tumoroso	tumorosas
tumultuario	tumultuarios
tumultuario	tumultuaria
tumultuario	tumultuarias
tumultuoso	tumultuosos
tumultuoso	tumultuosa
tumultuoso	tumultuosas
tunante	tunantes
tundidor	tundidores
tundidor	tundidora
tundidor	tundidoras
tunebo	tunebos
tunebo	tuneba
tunebo	tunebas
tunecino	tunecinos
tunecino	tunecina
tunecino	tunecinas
tunecí	tunecís
tunecí	tunecíes
tunjano	tunjanos
tunjano	tunjana
tunjano	tunjanas
tuno	tunos
tuno	tuna
tuno	tunas
tunoso	tunosos
tunoso	tunosa
tunoso	tunosas
tupamaro	tupamaros
tupamaro	tupamara
tupamaro	tupamaras
tupido	tupidos
tupido	tupida
tupido	tupidas
tupinambá	tupinambás
tupí	tupís
tupí	tupíes
tupío	tupíos
tupío	tupía
tupío	tupías
turaniano	
turbador	turbadores
turbador	turbadora
turbador	turbadoras
turbio	turbios
turbio	turbia
turbio	turbias
turbo	turbos
turbulento	turbulentos
turbulento	turbulenta
turbulento	turbulentas
turco	turcos
turco	turca
turco	turcas
turcomano	turcomanos
turcomano	turcomana
turcomano	turcomanas
turgente	turgentes
turinés	turineses
turinés	turinesa
turinés	turinesas
turista	turistas
turkmenio	turkmenios
turkmenio	turkmenia
turkmenio	turkmenias
turkmeno	turkmenos
turkmeno	turkmena
turkmeno	turkmenas
turmódigo	turmódigos
turmódigo	turmódiga
turmódigo	turmódigas
turnio	turnios
turnio	turnia
turnio	turnias
turolense	turolenses
turquesa	turquesas
turquesado	turquesados
turquesado	turquesada
turquesado	turquesadas
turquino	turquinos
turquino	turquina
turquino	turquinas
turquí	turquís
turquí	turquíes
turriforme	turriformes
turro	turros
turro	turra
turro	turras
turulato	turulatos
turulato	turulata
turulato	turulatas
turululo	turululos
turululo	turulula
turululo	turululas
turífero	turíferos
turífero	turífera
turífero	turíferas
turístico	turísticos
turístico	turística
turístico	turísticas
tusado	tusados
tusado	tusada
tusado	tusadas
tusco	tuscos
tusco	tusca
tusco	tuscas
tuso	tusos
tuso	tusa
tuso	tusas
tusígeno	tusígenos
tusígeno	tusígena
tusígeno	tusígenas
tuteador	tuteadores
tuteador	tuteadora
tuteador	tuteadoras
tutelar	tutelares
tuvaluano	tuvaluanos
tuvaluano	tuvaluana
tuvaluano	tuvaluanas
tuvalés	tuvaleses
tuvalés	tuvalesa
tuvalés	tuvalesas
tuydo	tuydos
tuydo	tuyda
tuydo	tuydas
tuyo	tuyos
tuyo	tuya
tuyo	tuyas
tácito	tácitos
tácito	tácita
tácito	tácitas
táctico	tácticos
táctico	táctica
táctico	tácticas
táctil	táctiles
tártaro	tártaros
tártaro	tártara
tártaro	tártaras
tártrico	tártricos
tártrico	tártrica
tártrico	tártricas
técnico	técnicos
técnico	técnica
técnico	técnicas
térmico	térmicos
térmico	térmica
térmico	térmicas
térreo	térreos
térreo	térrea
térreo	térreas
tésalo	tésalos
tésalo	tésala
tésalo	tésalas
tétrico	tétricos
tétrico	tétrica
tétrico	tétricas
tífico	tíficos
tífico	tífica
tífico	tíficas
tímido	tímidos
tímido	tímida
tímido	tímidas
típico	típicos
típico	típica
típico	típicas
tísico	tísicos
tísico	tísica
tísico	tísicas
tónico	tónicos
tónico	tónica
tónico	tónicas
tópico	tópicos
tópico	tópica
tópico	tópicas
tórico	tóricos
tórico	tórica
tórico	tóricas
tórrido	tórridos
tórrido	tórrida
tórrido	tórridas
tóxico	tóxicos
tóxico	tóxica
tóxico	tóxicas
túrquico	túrquicos
túrquico	túrquica
túrquico	túrquicas
ubiado	ubiados
ubiado	ubiada
ubiado	ubiadas
ubicable	ubicables
ubicado	ubicados
ubicado	ubicada
ubicado	ubicadas
ubicuitario	ubicuitarios
ubicuitario	ubicuitaria
ubicuitario	ubicuitarias
ubicuo	ubicuos
ubicuo	ubicua
ubicuo	ubicuas
ubiquitario	ubiquitarios
ubiquitario	ubiquitaria
ubiquitario	ubiquitarias
ubuesco	ubuescos
ubuesco	ubuesca
ubuesco	ubuescas
ucraniano	ucranianos
ucraniano	ucraniana
ucraniano	ucranianas
ucranio	ucranios
ucranio	ucrania
ucranio	ucranias
ucrónico	ucrónicos
ucrónico	ucrónica
ucrónico	ucrónicas
ucubitano	ucubitanos
ucubitano	ucubitana
ucubitano	ucubitanas
ufano	ufanos
ufano	ufana
ufano	ufanas
ugandés	ugandeses
ugandés	ugandesa
ugandés	ugandesas
ugarítico	ugaríticos
ugarítico	ugarítica
ugarítico	ugaríticas
ugrofinés	ugrofineses
ugrofinés	ugrofinesa
ugrofinés	ugrofinesas
uigur	uigures
uleilense	
ulmáceo	ulmáceos
ulmáceo	ulmácea
ulmáceo	ulmáceas
ulonato	ulonatos
ulonato	ulonata
ulonato	ulonatas
ulterior	ulteriores
ultimado	ultimados
ultimado	ultimada
ultimado	ultimadas
ultimador	ultimadores
ultimador	ultimadora
ultimador	ultimadoras
ultimogénito	ultimogénitos
ultimogénito	ultimogénita
ultimogénito	ultimogénitas
ultor	ultores
ultor	ultora
ultor	ultoras
ultracrepidario	ultracrepidarios
ultracrepidario	ultracrepidaria
ultracrepidario	ultracrepidarias
ultraderechista	ultraderechistas
ultraizquierdista	ultraizquierdistas
ultraligero	ultraligeros
ultraligero	ultraligera
ultraligero	ultraligeras
ultraliviano	ultralivianos
ultraliviano	ultraliviana
ultraliviano	ultralivianas
ultramarino	ultramarinos
ultramarino	ultramarina
ultramarino	ultramarinas
ultramáfico	
ultraprocesado	ultraprocesados
ultraprocesado	ultraprocesada
ultraprocesado	ultraprocesadas
ultraterrenal	ultraterrenales
ultraterreno	ultraterrenos
ultraterreno	ultraterrena
ultraterreno	ultraterrenas
ultraísta	ultraístas
umami	umamis
umbilical	umbilicales
umbro	umbros
umbro	umbra
umbro	umbras
umbroso	umbrosos
umbroso	umbrosa
umbroso	umbrosas
umbrío	umbríos
umbrío	umbría
umbrío	umbrías
uncial	unciales
uncidor	uncidores
uncidor	uncidora
uncidor	uncidoras
undecagonal	undecagonales
undecágono	undecágonos
undecágono	undecágona
undecágono	undecágonas
undoso	undosos
undoso	undosa
undoso	undosas
undécuplo	undécuplos
undécuplo	undécupla
undécuplo	undécuplas
undívago	undívagos
undívago	undívaga
undívago	undívagas
ungido	ungidos
ungido	ungida
ungido	ungidas
ungueal	ungueales
unguiculado	unguiculados
unguiculado	unguiculada
unguiculado	unguiculadas
ungulado	ungulados
ungulado	ungulada
ungulado	unguladas
unible	unibles
unicarpelar	unicarpelares
unicejo	unicejos
unicejo	uniceja
unicejo	unicejas
unicelular	unicelulares
unidimensional	unidimensionales
unidor	unidores
unidor	unidora
unidor	unidoras
unificador	unificadores
unificador	unificadora
unificador	unificadoras
unifoliado	unifoliados
unifoliado	unifoliada
unifoliado	unifoliadas
uniformado	uniformados
uniformado	uniformada
uniformado	uniformadas
uniforme	uniformes
unifuncional	unifuncionales
unigénito	unigénitos
unigénito	unigénita
unigénito	unigénitas
unilateral	unilaterales
unilingüe	unilingües
unilocal	unilocales
unimembre	unimembres
unipede	unipedes
unipersonal	unipersonales
unipolar	unipolares
uniprovincial	uniprovinciales
unipétalo	unipétalos
unipétalo	unipétala
unipétalo	unipétalas
unisex	
unisexuado	unisexuados
unisexuado	unisexuada
unisexuado	unisexuadas
unisonante	unisonantes
unitario	unitarios
unitario	unitaria
unitario	unitarias
universal	universales
universalizable	universalizables
universitario	universitarios
universitario	universitaria
universitario	universitarias
uno	unos
uno	una
uno	unas
unos	
untuoso	untuosos
untuoso	untuosa
untuoso	untuosas
unánime	unánimes
unígamo	unígamos
unígamo	unígama
unígamo	unígamas
unímano	unímanos
unímano	unímana
unímano	unímanas
uníparo	uníparos
uníparo	unípara
uníparo	uníparas
unípede	unípedes
unísono	unísonos
unísono	unísona
unísono	unísonas
unívoco	unívocos
unívoco	unívoca
unívoco	unívocas
upeliento	upelientos
upeliento	upelienta
upeliento	upelientas
upiti	upitis
uranita	uranitas
urbanista	urbanistas
urbanita	urbanitas
urbanizador	urbanizadores
urbanizador	urbanizadora
urbanizador	urbanizadoras
urbano	urbanos
urbano	urbana
urbano	urbanas
urbanícola	urbanícolas
urbanístico	urbanísticos
urbanístico	urbanística
urbanístico	urbanísticas
urcitano	urcitanos
urcitano	urcitana
urcitano	urcitanas
urdidor	urdidores
urdidor	urdidora
urdidor	urdidoras
urente	urentes
urgenciólogo	urgenciólogos
urgenciólogo	urgencióloga
urgenciólogo	urgenciólogas
urgente	urgentes
urgente	urgentísimo
urgentísimo	urgentísimos
urgentísimo	urgentísima
urgentísimo	urgentísimas
uriangatense	uriangatenses
urinal	urinales
urinario	urinarios
urinario	urinaria
urinario	urinarias
urodelo	urodelos
urodelo	urodela
urodelo	urodelas
urológico	urológicos
urológico	urológica
urológico	urológicas
urraqueño	
ursino	ursinos
ursino	ursina
ursino	ursinas
urtíceo	urtíceos
urtíceo	urtícea
urtíceo	urtíceas
uruguayo	uruguayos
uruguayo	uruguaya
uruguayo	uruguayas
uránico	uránicos
uránico	uránica
uránico	uránicas
urémico	urémicos
urémico	urémica
urémico	urémicas
usagreño	usagreños
usagreño	usagreña
usagreño	usagreñas
useño	useños
useño	useña
useño	useñas
ushuaiense	ushuaienses
usoniano	usonianos
usoniano	usoniana
usoniano	usonianas
ustible	ustibles
usual	usuales
usufructuario	usufructuarios
usufructuario	usufructuaria
usufructuario	usufructuarias
usurario	usurarios
usurario	usuraria
usurario	usurarias
usurero	usureros
usurero	usurera
usurero	usureras
usurpador	usurpadores
usurpador	usurpadora
usurpador	usurpadoras
utilitario	utilitarios
utilitario	utilitaria
utilitario	utilitarias
utilizable	utilizables
utilísimo	utilísimos
utilísimo	utilísima
utilísimo	utilísimas
uturunco	uturuncos
uturunco	uturunca
uturunco	uturuncas
utópico	utópicos
utópico	utópica
utópico	utópicas
uvular	uvulares
uxoricida	uxoricidas
uzbeco	uzbecos
uzbeco	uzbeca
uzbeco	uzbecas
uzbego	uzbegos
uzbego	uzbega
uzbego	uzbegas
uzbeko	uzbekos
uzbeko	uzbeka
uzbeko	uzbekas
uñoso	uñosos
uñoso	uñosa
uñoso	uñosas
vacante	vacantes
vaciadizo	vaciadizos
vaciadizo	vaciadiza
vaciadizo	vaciadizas
vacilador	vaciladores
vacilador	vaciladora
vacilador	vaciladoras
vacilante	vacilantes
vacunador	vacunadores
vacunador	vacunadora
vacunador	vacunadoras
vacuno	vacunos
vacuno	vacuna
vacuno	vacunas
vacuo	vacuos
vacuo	vacua
vacuo	vacuas
vacío	vacíos
vacío	vacía
vacío	vacías
vagabundo	vagabundos
vagabundo	vagabunda
vagabundo	vagabundas
vaginal	vaginales
vago	vagos
vago	vaga
vago	vagas
valaco	valacos
valaco	valaca
valaco	valacas
valdepeñero	valdepeñeros
valdepeñero	valdepeñera
valdepeñero	valdepeñeras
valdiviano	valdivianos
valdiviano	valdiviana
valdiviano	valdivianas
valduparense	valduparenses
valedero	valederos
valedero	valedera
valedero	valederas
valenciano	valencianos
valenciano	valenciana
valenciano	valencianas
valentísimo	valentísimos
valentísimo	valentísima
valentísimo	valentísimas
valentón	valentones
valentón	valentona
valentón	valentonas
valeriánico	valeriánicos
valeriánico	valeriánica
valeriánico	valeriánicas
valeroso	valerosos
valeroso	valerosa
valeroso	valerosas
valerosísimo	valerosísimos
valerosísimo	valerosísima
valerosísimo	valerosísimas
valetudinario	valetudinarios
valetudinario	valetudinaria
valetudinario	valetudinarias
valido	validos
valido	valida
valido	validas
valiente	valientes
valiente	valentísimo
valiente	valientísimo
valientísimo	valientísimos
valientísimo	valientísima
valientísimo	valientísimas
valioso	valiosos
valioso	valiosa
valioso	valiosas
valioso	valiosísimo
valiosísimo	valiosísimos
valiosísimo	valiosísima
valiosísimo	valiosísimas
valisosísimo	valisosísimos
valisosísimo	valisosísima
valisosísimo	valisosísimas
vallar	vallares
vallecaucano	vallecaucanos
vallecaucano	vallecaucana
vallecaucano	vallecaucanas
vallenato	vallenatos
vallenato	vallenata
vallenato	vallenatas
vallisoletano	vallisoletanos
vallisoletano	vallisoletana
vallisoletano	vallisoletanas
valluno	vallunos
valluno	valluna
valluno	vallunas
valorante	valorantes
valorativo	valorativos
valorativo	valorativa
valorativo	valorativas
valorizador	valorizadores
valorizador	valorizadora
valorizador	valorizadoras
valpostano	valpostanos
valpostano	valpostana
valpostano	valpostanas
valón	valones
valón	valona
valón	valonas
vancouverita	vancouveritas
vandeano	vandeanos
vandeano	vandeana
vandeano	vandeanas
vanguardista	vanguardistas
vanidoso	vanidosos
vanidoso	vanidosa
vanidoso	vanidosas
vanidosísimo	vanidosísimos
vanidosísimo	vanidosísima
vanidosísimo	vanidosísimas
vanilla	
vano	vanos
vano	vana
vano	vanas
vanuatense	vanuatenses
vanuatuense	vanuatuenses
vanílocuo	vanílocuos
vanílocuo	vanílocua
vanílocuo	vanílocuas
vaporizable	vaporizables
vaporoso	vaporosos
vaporoso	vaporosa
vaporoso	vaporosas
vapuleador	vapuleadores
vapuleador	vapuleadora
vapuleador	vapuleadoras
vaquero	vaqueros
vaquero	vaquera
vaquero	vaqueras
varguense	varguenses
variabilísimo	variabilísimos
variabilísimo	variabilísima
variabilísimo	variabilísimas
variable	variables
variable	variabilísimo
variador	variadores
variador	variadora
variador	variadoras
variante	variantes
varicoso	varicosos
varicoso	varicosa
varicoso	varicosas
variegado	variegados
variegado	variegada
variegado	variegadas
varietal	varietales
vario	varios
vario	varia
vario	varias
variolado	variolados
variolado	variolada
variolado	varioladas
variolar	variolares
variolariado	variolariados
variolariado	variolariada
variolariado	variolariadas
variolario	variolarios
variolario	variolaria
variolario	variolarias
varioloide	varioloides
varioloso	variolosos
varioloso	variolosa
varioloso	variolosas
variopinto	variopintos
variopinto	variopinta
variopinto	variopintas
varios	varias
variádico	variádicos
variádico	variádica
variádico	variádicas
varonil	varoniles
varsoviano	varsovianos
varsoviano	varsoviana
varsoviano	varsovianas
vasallo	vasallos
vasallo	vasalla
vasallo	vasallas
vasco	vascos
vasco	vasca
vasco	vascas
vascohablante	vascohablantes
vascongado	vascongados
vascongado	vascongada
vascongado	vascongadas
vascoparlante	vascoparlantes
vascuence	
vascular	vasculares
vascón	vascones
vascón	vascona
vascón	vasconas
vascónico	vascónicos
vascónico	vascónica
vascónico	vascónicas
vasoactivo	vasoactivos
vasoactivo	vasoactiva
vasoactivo	vasoactivas
vasodilatador	vasodilatadores
vasodilatador	vasodilatadora
vasodilatador	vasodilatadoras
vasto	vastos
vasto	vasta
vasto	vastas
vaticano	vaticanos
vaticano	vaticana
vaticano	vaticanas
vaticinador	vaticinadores
vaticinador	vaticinadora
vaticinador	vaticinadoras
vaupense	vaupenses
vaya	
vecero	veceros
vecero	vecera
vecero	veceras
vecinal	vecinales
vecino	vecinos
vecino	vecina
vecino	vecinas
vectorial	vectoriales
veedor	veedores
veedor	veedora
veedor	veedoras
vegano	veganos
vegano	vegana
vegano	veganas
vegasino	vegasinos
vegasino	vegasina
vegasino	vegasinas
vegetal	vegetales
vegetariano	vegetarianos
vegetariano	vegetariana
vegetariano	vegetarianas
veguense	veguenses
vehemente	vehementes
vehicular	vehiculares
veintavo	veintavos
veintavo	veintava
veintavo	veintavas
veinteavo	veinteavos
veinteavo	veinteava
veinteavo	veinteavas
veinteañero	veinteañeros
veinteañero	veinteañera
veinteañero	veinteañeras
veinticincoavo	veinticincoavos
veinticincoavo	veinticincoava
veinticincoavo	veinticincoavas
veinticuatroavo	veinticuatroavos
veinticuatroavo	veinticuatroava
veinticuatroavo	veinticuatroavas
veintidosavo	veintidosavos
veintidosavo	veintidosava
veintidosavo	veintidosavas
veintinueveavo	veintinueveavos
veintinueveavo	veintinueveava
veintinueveavo	veintinueveavas
veintiochoavo	veintiochoavos
veintiochoavo	veintiochoava
veintiochoavo	veintiochoavas
veintiseisavo	veintiseisavos
veintiseisavo	veintiseisava
veintiseisavo	veintiseisavas
veintisieteavo	veintisieteavos
veintisieteavo	veintisieteava
veintisieteavo	veintisieteavas
veintitresavo	veintitresavos
veintitresavo	veintitresava
veintitresavo	veintitresavas
veintiunavo	veintiunavos
veintiunavo	veintiunava
veintiunavo	veintiunavas
vejador	vejadores
vejador	vejadora
vejador	vejadoras
velador	veladores
velador	veladora
velador	veladoras
velar	velares
veleidoso	veleidosos
veleidoso	veleidosa
veleidoso	veleidosas
velero	veleros
velero	velera
velero	veleras
velezano	
vellorio	vellorios
vellorio	velloria
vellorio	vellorias
velloso	vellosos
velloso	vellosa
velloso	vellosas
velludo	velludos
velludo	velluda
velludo	velludas
veloce	veloces
velocipédico	velocipédicos
velocipédico	velocipédica
velocipédico	velocipédicas
veloz	veloces
venal	venales
venatorio	venatorios
venatorio	venatoria
venatorio	venatorias
vencedor	vencedores
vencedor	vencedora
vencedor	vencedoras
vendedor	vendedores
vendedor	vendedora
vendedor	vendedoras
vendepatria	vendepatrias
vendepatrias	
vendido	vendidos
vendido	vendida
vendido	vendidas
veneciana	
veneciano	venecianos
veneciano	veneciana
veneciano	venecianas
venenoso	venenosos
venenoso	venenosa
venenoso	venenosas
venenosísimo	venenosísimos
venenosísimo	venenosísima
venenosísimo	venenosísimas
venenífero	veneníferos
venenífero	venenífera
venenífero	veneníferas
venerabilísimo	venerabilísimos
venerabilísimo	venerabilísima
venerabilísimo	venerabilísimas
venerable	venerables
venerador	veneradores
venerador	veneradora
venerador	veneradoras
venereológico	venereológicos
venereológico	venereológica
venereológico	venereológicas
venezolano	venezolanos
venezolano	venezolana
venezolano	venezolanas
vengador	vengadores
vengador	vengadora
vengador	vengadoras
venial	veniales
venidero	
venoso	venosos
venoso	venosa
venoso	venosas
ventajero	ventajeros
ventajero	ventajera
ventajero	ventajeras
ventajista	ventajistas
ventajoso	ventajosos
ventajoso	ventajosa
ventajoso	ventajosas
ventanero	ventaneros
ventanero	ventanera
ventanero	ventaneras
venteril	
ventor	ventores
ventor	ventora
ventor	ventoras
ventoso	ventosos
ventoso	ventosa
ventoso	ventosas
ventral	ventrales
ventricular	ventriculares
ventrílocuo	ventrílocuos
ventrílocuo	ventrílocua
ventrílocuo	ventrílocuas
venturado	venturados
venturado	venturada
venturado	venturadas
venturoso	venturosos
venturoso	venturosa
venturoso	venturosas
venusino	venusinos
venusino	venusina
venusino	venusinas
venusto	venustos
venusto	venusta
venusto	venustas
venático	venáticos
venático	venática
venático	venáticas
venéreo	venéreos
venéreo	venérea
venéreo	venéreas
veracruzano	veracruzanos
veracruzano	veracruzana
veracruzano	veracruzanas
verado	verados
verado	verada
verado	veradas
veragüense	veragüenses
veranal	veranales
veraneador	veraneadores
veraneador	veraneadora
veraneador	veraneadoras
veraneante	veraneantes
veranero	veraneros
veranero	veranera
veranero	veraneras
veraniego	veraniegos
veraniego	veraniega
veraniego	veraniegas
veratense	
veraz	veraces
verbal	verbales
verbalizador	verbalizadores
verbalizador	verbalizadora
verbalizador	verbalizadoras
verbalizante	verbalizantes
verbenero	verbeneros
verbenero	verbenera
verbenero	verbeneras
verborrágico	
verboso	verbosos
verboso	verbosa
verboso	verbosas
verdadero	verdaderos
verdadero	verdadera
verdadero	verdaderas
verde	verdes
verdeador	verdeadores
verdeador	verdeadora
verdeador	verdeadoras
verdecito	verdecitos
verdecito	verdecita
verdecito	verdecitas
verderón	verderones
verderón	verderona
verderón	verderonas
verdinegro	verdinegros
verdinegro	verdinegra
verdinegro	verdinegras
verdinoso	verdinosos
verdinoso	verdinosa
verdinoso	verdinosas
verdoso	verdosos
verdoso	verdosa
verdoso	verdosas
verdusco	verduscos
verdusco	verdusca
verdusco	verduscas
verduzco	verduzcos
verduzco	verduzca
verduzco	verduzcas
vergarense	
vergonzante	vergonzantes
vergonzoso	vergonzosos
vergonzoso	vergonzosa
vergonzoso	vergonzosas
vergoñoso	vergoñosos
vergoñoso	vergoñosa
vergoñoso	vergoñosas
verguero	vergueros
verguero	verguera
verguero	vergueras
vergón	vergones
vergón	vergona
vergón	vergonas
verificador	verificadores
verificador	verificadora
verificador	verificadoras
verijón	verijones
verijón	verijona
verijón	verijonas
verisímil	verisímiles
vermicida	vermicidas
verminoso	verminosos
verminoso	verminosa
verminoso	verminosas
vernal	vernales
vernáculo	vernáculos
vernáculo	vernácula
vernáculo	vernáculas
vero	veros
vero	vera
vero	veras
verosímil	verosímiles
verpertino	verpertinos
verpertino	verpertina
verpertino	verpertinas
verrionda	
verriondo	verriondos
verriondo	verrionda
verriondo	verriondas
versal	versales
versero	verseros
versero	versera
versero	verseras
versátil	versátiles
vertebrado	vertebrados
vertebrado	vertebrada
vertebrado	vertebradas
vertical	verticales
verticalista	verticalistas
vertiginoso	vertiginosos
vertiginoso	vertiginosa
vertiginoso	vertiginosas
verátrico	verátricos
verátrico	verátrica
verátrico	verátricas
verídico	verídicos
verídico	verídica
verídico	verídicas
vesicante	vesicantes
vespertino	vespertinos
vespertino	vespertina
vespertino	vespertinas
vestal	vestales
vestido	vestidos
vestido	vestida
vestido	vestidas
vesánico	vesánicos
vesánico	vesánica
vesánico	vesánicas
vetarro	vetarros
vetarro	vetarra
vetarro	vetarras
veteado	veteados
veteado	veteada
veteado	veteadas
veterano	veteranos
veterano	veterana
veterano	veteranas
veterinario	veterinarios
veterinario	veterinaria
veterinario	veterinarias
veterotestamentario	veterotestamentarios
veterotestamentario	veterotestamentaria
veterotestamentario	veterotestamentarias
vetusto	vetustos
vetusto	vetusta
vetusto	vetustas
viable	viables
viador	
viajador	viajadores
viajador	viajadora
viajador	viajadoras
viajero	viajeros
viajero	viajera
viajero	viajeras
viatoreño	
viborezno	viboreznos
viborezno	viborezna
viborezno	viboreznas
vibrador	vibradores
vibrador	vibradora
vibrador	vibradoras
vibrante	vibrantes
vibratorio	vibratorios
vibratorio	vibratoria
vibratorio	vibratorias
vibrátil	vibrátiles
vicario	vicarios
vicario	vicaria
vicario	vicarias
vicense	vicenses
vichadense	vichadenses
vicioso	viciosos
vicioso	viciosa
vicioso	viciosas
victimista	victimistas
victoriano	victorianos
victoriano	victoriana
victoriano	victorianas
victorioso	
vicuñense	vicuñenses
vidriado	vidriados
vidriado	vidriada
vidriado	vidriadas
vidrioso	vidriosos
vidrioso	vidriosa
vidrioso	vidriosas
viejecito	viejecitos
viejecito	viejecita
viejecito	viejecitas
viejito	viejitos
viejito	viejita
viejito	viejitas
viejo	viejos
viejo	vieja
viejo	viejas
viejo	viejísimo
viejísimo	viejísimos
viejísimo	viejísima
viejísimo	viejísimas
vienense	vienenses
vienés	vieneses
vienés	vienesa
vienés	vienesas
vietnamita	vietnamitas
vigente	vigentes
vigesimoprimer	vigesimoprimeros
vigesimoprimer	vigesimoprimera
vigesimoprimer	vigesimoprimeras
vigesimotercer	vigesimoterceres
vigilante	vigilantes
vigitano	vigitanos
vigitano	vigitana
vigitano	vigitanas
vigoroso	vigorosos
vigoroso	vigorosa
vigoroso	vigorosas
vigorosísimo	vigorosísimos
vigorosísimo	vigorosísima
vigorosísimo	vigorosísimas
vigués	vigueses
vigués	viguesa
vigués	viguesas
vikingo	vikingos
vikingo	vikinga
vikingo	vikingas
vil	viles
vilamoviciano	vilamovicianos
vilamoviciano	vilamoviciana
vilamoviciano	vilamovicianas
villahermosino	villahermosinos
villahermosino	villahermosina
villahermosino	villahermosinas
villanesco	villanescos
villanesco	villanesca
villanesco	villanescas
villero	villeros
villero	villera
villero	villeras
vinatero	vinateros
vinatero	vinatera
vinatero	vinateras
vinculable	vinculables
vinculante	vinculantes
vincular	vinculares
vindicador	
vindicativo	vindicativos
vindicativo	vindicativa
vindicativo	vindicativas
viniente	vinientes
vino	
vinático	vináticos
vinático	vinática
vinático	vináticas
vinícola	vinícolas
vinífero	viníferos
vinífero	vinífera
vinífero	viníferas
violado	violados
violado	violada
violado	violadas
violador	violadores
violador	violadora
violador	violadoras
violentista	violentistas
violento	violentos
violento	violenta
violento	violentas
violeta	violetas
violáceo	violáceos
violáceo	violácea
violáceo	violáceas
viral	virales
virgen	vírgenes
virgencita	virgencitas
virgencito	virgencitos
virgencito	virgencita
virgencito	virgencitas
virginal	virginales
virgitano	
virgo	virgos
viril	viriles
virolado	virolados
virolado	virolada
virolado	viroladas
virolo	virolos
virolo	virola
virolo	virolas
virreinal	virreinales
virtual	virtuales
virtuoso	virtuosos
virtuoso	virtuosa
virtuoso	virtuosas
virtuosísimo	virtuosísimos
virtuosísimo	virtuosísima
virtuosísimo	virtuosísimas
virulento	virulentos
virulento	virulenta
virulento	virulentas
visajero	visajeros
visajero	visajera
visajero	visajeras
visceral	viscerales
viscoso	viscosos
viscoso	viscosa
viscoso	viscosas
viscosísimo	viscosísimos
viscosísimo	viscosísima
viscosísimo	viscosísimas
visibilísimo	visibilísimos
visibilísimo	visibilísima
visibilísimo	visibilísimas
visible	visibles
visible	visibilísimo
visigodo	visigodos
visigodo	visigoda
visigodo	visigodas
visigótico	visigóticos
visigótico	visigótica
visigótico	visigóticas
visionario	visionarios
visionario	visionaria
visionario	visionarias
visitable	visitables
visitador	visitadores
visitador	visitadora
visitador	visitadoras
visitante	visitantes
visitero	visiteros
visitero	visitera
visitero	visiteras
visorio	visorios
visorio	visoria
visorio	visorias
vistasoleño	
visto	vistos
visto	vista
visto	vistas
vistoso	vistosos
vistoso	vistosa
vistoso	vistosas
vistosísimo	vistosísimos
vistosísimo	vistosísima
vistosísimo	vistosísimas
visual	visuales
visualizador	visualizadores
visualizador	visualizadora
visualizador	visualizadoras
vital	vitales
vitalicio	vitalicios
vitalicio	vitalicia
vitalicio	vitalicias
vitalista	vitalistas
vitivinícola	vitivinícolas
vitoriano	vitorianos
vitoriano	vitoriana
vitoriano	vitorianas
vitoriense	vitorienses
vitorino	
vitriólico	vitriólicos
vitriólico	vitriólica
vitriólico	vitriólicas
vituperable	vituperables
vitícola	vitícolas
viudo	viudos
viudo	viuda
viudo	viudas
vivaz	vivaces
vividero	vivideros
vividero	vividera
vividero	vivideras
vividor	vividores
vividor	vividora
vividor	vividoras
viviente	vivientes
vivificador	vivificadores
vivificador	vivificadora
vivificador	vivificadoras
vivificante	vivificantes
vivificativo	vivificativos
vivificativo	vivificativa
vivificativo	vivificativas
vivo	vivos
vivo	viva
vivo	vivas
vivo	vivísimo
vivífico	vivíficos
vivífico	vivífica
vivífico	vivíficas
vivísimo	vivísimos
vivísimo	vivísima
vivísimo	vivísimas
vizcaíno	vizcaínos
vizcaíno	vizcaína
vizcaíno	vizcaínas
viñamarino	viñamarinos
viñamarino	viñamarina
viñamarino	viñamarinas
vocal	vocales
vocalizador	vocalizadores
vocalizador	vocalizadora
vocalizador	vocalizadoras
vociferador	vociferadores
vociferador	vociferadora
vociferador	vociferadoras
vociferante	vociferantes
vocinglero	vocingleros
vocinglero	vocinglera
vocinglero	vocingleras
voladizo	voladizos
voladizo	voladiza
voladizo	voladizas
volado	volados
volado	volada
volado	voladas
volador	voladores
volador	voladora
volador	voladoras
volandero	volanderos
volandero	volandera
volandero	volanderas
volante	volantes
volantín	volantines
volantín	volantina
volantín	volantinas
volcánico	volcánicos
volcánico	volcánica
volcánico	volcánicas
volitivo	volitivos
volitivo	volitiva
volitivo	volitivas
voltario	voltarios
voltario	voltaria
voltario	voltarias
volubilísimo	volubilísimos
volubilísimo	volubilísima
volubilísimo	volubilísimas
voluble	volubles
voluble	volubilísimo
voluminoso	voluminosos
voluminoso	voluminosa
voluminoso	voluminosas
volumétrico	volumétricos
volumétrico	volumétrica
volumétrico	volumétricas
voluntario	voluntarios
voluntario	voluntaria
voluntario	voluntarias
voluntarioso	voluntariosos
voluntarioso	voluntariosa
voluntarioso	voluntariosas
voluntarista	voluntaristas
voluptuoso	voluptuosos
voluptuoso	voluptuosa
voluptuoso	voluptuosas
volátil	volátiles
vomitador	vomitadores
vomitador	vomitadora
vomitador	vomitadoras
vomitivo	vomitivos
vomitivo	vomitiva
vomitivo	vomitivas
vomitorio	vomitorios
vomitorio	vomitoria
vomitorio	vomitorias
vorace	voraces
voraz	voraces
votivo	votivos
votivo	votiva
votivo	votivas
voyeurista	voyeuristas
vudú	vudús
vudú	vudúes
vueltero	vuelteros
vueltero	vueltera
vueltero	vuelteras
vulcanal	vulcanales
vulcaniano	vulcanianos
vulcaniano	vulcaniana
vulcaniano	vulcanianas
vulcanio	vulcanios
vulcanio	vulcania
vulcanio	vulcanias
vulcánico	vulcánicos
vulcánico	vulcánica
vulcánico	vulcánicas
vulgar	vulgares
vulgarizador	vulgarizadores
vulgarizador	vulgarizadora
vulgarizador	vulgarizadoras
vulnerabilísimo	vulnerabilísimos
vulnerabilísimo	vulnerabilísima
vulnerabilísimo	vulnerabilísimas
vulnerable	vulnerables
vulnerario	vulnerarios
vulnerario	vulneraria
vulnerario	vulnerarias
vulpino	vulpinos
vulpino	vulpina
vulpino	vulpinas
válido	válidos
válido	válida
válido	válidas
védico	védicos
védico	védica
védico	védicas
véneto	vénetos
véneto	véneta
véneto	vénetas
vírico	víricos
vírico	vírica
vírico	víricas
vítreo	vítreos
vítreo	vítrea
vítreo	vítreas
vívido	vívidos
vívido	vívida
vívido	vívidas
vómico	vómicos
vómico	vómica
vómico	vómicas
wacho	wachos
wacho	wacha
wacho	wachas
wagneriano	wagnerianos
wagneriano	wagneriana
wagneriano	wagnerianas
warao	waraos
warao	waraa
warao	waraas
washingtoniano	washingtonianos
washingtoniano	washingtoniana
washingtoniano	washingtonianas
wayúu	
wellingtoniano	wellingtonianos
wellingtoniano	wellingtoniana
wellingtoniano	wellingtonianas
wemba	wembas
whiskero	whiskeros
whiskero	whiskera
whiskero	whiskeras
whitense	whitenses
wiccano	wiccanos
wiccano	wiccana
wiccano	wiccanas
wikipédico	wikipédicos
wikipédico	wikipédica
wikipédico	wikipédicas
woke	
wolof	wolofs
won	wones
won	wona
won	wonas
xalapeño	xalapeños
xalapeño	xalapeña
xalapeño	xalapeñas
xeneise	xeneises
xeneize	xeneizes
xenofóbico	xenofóbicos
xenofóbico	xenofóbica
xenofóbico	xenofóbicas
xenófobo	xenófobos
xenófobo	xenófoba
xenófobo	xenófobas
xerográfico	xerográficos
xerográfico	xerográfica
xerográfico	xerográficas
xeromórfico	xeromórficos
xeromórfico	xeromórfica
xeromórfico	xeromórficas
xerófilo	xerófilos
xerófilo	xerófila
xerófilo	xerófilas
xifoideo	xifoideos
xifoideo	xifoidea
xifoideo	xifoideas
xiloideo	xiloideos
xiloideo	xiloidea
xiloideo	xiloideas
xilófago	xilófagos
xilófago	xilófaga
xilófago	xilófagas
xirgo	xirgos
xirgo	xirga
xirgo	xirgas
xochimilca	xochimilcas
xochimilquense	xochimilquenses
yacente	yacentes
yaguané	yaguanés
yagán	yaganes
yagán	yagana
yagán	yaganas
yana	yanas
yanacona	yanaconas
yangüés	
yanqui	yanquis
yaqui	yaquis
yaracuyano	yaracuyanos
yaracuyano	yaracuyana
yaracuyano	yaracuyanas
yarco	yarcos
yarco	yarca
yarco	yarcas
yaritagüeño	
yazidí	yazidís
yazidí	yazidíes
yeguarizo	yeguarizos
yeguarizo	yeguariza
yeguarizo	yeguarizas
yemení	yemenís
yemení	yemeníes
yente	yentes
yermo	yermos
yermo	yerma
yermo	yermas
yerto	yertos
yerto	yerta
yerto	yertas
yesero	yeseros
yesero	yesera
yesero	yeseras
yesquero	yesqueros
yesquero	yesquera
yesquero	yesqueras
yetatore	yetatores
yeyé	yeyés
yeísta	yeístas
yibutiano	yibutianos
yibutiano	yibutiana
yibutiano	yibutianas
yibutiense	yibutienses
yihadista	yihadistas
yoruba	yorubas
yoyega	yoyegas
yrigoyenista	yrigoyenistas
yucatanense	yucatanenses
yucateco	yucatecos
yucateco	yucateca
yucateco	yucatecas
yugoeslavo	yugoeslavos
yugoeslavo	yugoeslava
yugoeslavo	yugoeslavas
yugoslavo	yugoslavos
yugoslavo	yugoslava
yugoslavo	yugoslavas
yunto	yuntos
yunto	yunta
yunto	yuntas
yuto	yutos
yuto	yuta
yuto	yutas
yutoazteca	yutoaztecas
yuxtapuesto	yuxtapuestos
yuxtapuesto	yuxtapuesta
yuxtapuesto	yuxtapuestas
yuyero	yuyeros
yuyero	yuyera
yuyero	yuyeras
yámana	yámanas
yámbico	yámbicos
yámbico	yámbica
yámbico	yámbicas
yódico	yódicos
yódico	yódica
yódico	yódicas
zabullidor	zabullidores
zabullidor	zabullidora
zabullidor	zabullidoras
zacatecano	zacatecanos
zacatecano	zacatecana
zacatecano	zacatecanas
zacateco	zacatecos
zacateco	zacateca
zacateco	zacatecas
zaffaronista	zaffaronistas
zafio	zafios
zafio	zafia
zafio	zafias
zafo	zafos
zafo	zafa
zafo	zafas
zaguero	zagueros
zaguero	zaguera
zaguero	zagueras
zahareño	zahareños
zahareño	zahareña
zahareño	zahareñas
zaheridor	zaheridores
zaheridor	zaheridora
zaheridor	zaheridoras
zaino	zainos
zaino	zaina
zaino	zainas
zaireño	zaireños
zaireño	zaireña
zaireño	zaireñas
zalamero	zalameros
zalamero	zalamera
zalamero	zalameras
zambiano	zambianos
zambiano	zambiana
zambiano	zambianas
zambo	zambos
zambo	zamba
zambo	zambas
zamborotudo	zamborotudos
zamborotudo	zamborotuda
zamborotudo	zamborotudas
zambullidor	zambullidores
zambullidor	zambullidora
zambullidor	zambullidoras
zamorano	zamoranos
zamorano	zamorana
zamorano	zamoranas
zanco	zancos
zanco	zanca
zanco	zancas
zancudo	zancudos
zancudo	zancuda
zancudo	zancudas
zangolotino	zangolotinos
zangolotino	zangolotina
zangolotino	zangolotinas
zanguango	zanguangos
zanguango	zanguanga
zanguango	zanguangas
zanqueado	zanqueados
zanqueado	zanqueada
zanqueado	zanqueadas
zanquivano	zanquivanos
zanquivano	zanquivana
zanquivano	zanquivanas
zaparrastroso	zaparrastrosos
zaparrastroso	zaparrastrosa
zaparrastroso	zaparrastrosas
zapateador	zapateadores
zapateador	zapateadora
zapateador	zapateadoras
zapatero	zapateros
zapatero	zapatera
zapatero	zapateras
zapatudo	
zapoteca	zapotecas
zapoteco	zapotecos
zapoteco	zapoteca
zapoteco	zapotecas
zarabandista	zarabandistas
zarabutero	zarabuteros
zarabutero	zarabutera
zarabutero	zarabuteras
zaragocí	zaragocís
zaragocí	zaragocíes
zaragozano	zaragozanos
zaragozano	zaragozana
zaragozano	zaragozanas
zaragutero	zaraguteros
zaragutero	zaragutera
zaragutero	zaraguteras
zarandaja	zarandajas
zarandajo	zarandajos
zarandajo	zarandaja
zarandajo	zarandajas
zarateño	zarateños
zarateño	zarateña
zarateño	zarateñas
zarazo	zarazos
zarazo	zaraza
zarazo	zarazas
zarceño	zarceños
zarceño	zarceña
zarceño	zarceñas
zarco	zarcos
zarco	zarca
zarco	zarcas
zariano	zarianos
zariano	zariana
zariano	zarianas
zarista	zaristas
zarposo	zarposos
zarposo	zarposa
zarposo	zarposas
zarrapastrón	zarrapastrones
zarrapastrón	zarrapastrona
zarrapastrón	zarrapastronas
zarriento	zarrientos
zarriento	zarrienta
zarriento	zarrientas
zarrio	zarrios
zarrio	zarria
zarrio	zarrias
zarrioso	zarriosos
zarrioso	zarriosa
zarrioso	zarriosas
zarzaleño	zarzaleños
zarzaleño	zarzaleña
zarzaleño	zarzaleñas
zarzoso	zarzosos
zarzoso	zarzosa
zarzoso	zarzosas
zarzuelero	zarzueleros
zarzuelero	zarzuelera
zarzuelero	zarzueleras
zato	zatos
zato	zata
zato	zatas
zazo	zazos
zazo	zaza
zazo	zazas
zazoso	zazosos
zazoso	zazosa
zazoso	zazosas
zaíno	zaínos
zaíno	zaína
zaíno	zaínas
zebrado	zebrados
zebrado	zebrada
zebrado	zebradas
zelandés	zelandeses
zelandés	zelandesa
zelandés	zelandesas
zen	
zendal	zendales
zendal	zenadala
zendal	zendalas
zeneise	zeneises
zeneize	zeneizes
zigofiláceo	zigofiláceos
zigofiláceo	zigofilácea
zigofiláceo	zigofiláceas
zigomorfo	zigomorfos
zigomorfo	zigomorfa
zigomorfo	zigomorfas
zigzagueante	zigzagueantes
zimbabuense	zimbabuenses
zingiberáceo	zingiberáceos
zingiberáceo	zingiberácea
zingiberáceo	zingiberáceas
zoantrópico	zoantrópicos
zoantrópico	zoantrópica
zoantrópico	zoantrópicas
zocato	zocatos
zocato	zocata
zocato	zocatas
zodiacal	zodiacales
zoico	zoicos
zoico	zoica
zoico	zoicas
zolocho	zolochos
zolocho	zolocha
zolocho	zolochas
zombi	zombis
zompo	zompos
zompo	zompa
zompo	zompas
zonal	zonales
zonto	zontos
zonto	zonta
zonto	zontas
zonzo	zonzos
zonzo	zonza
zonzo	zonzas
zonzoreco	zonzorecos
zonzoreco	zonzoreca
zonzoreco	zonzorecas
zonzorrión	zonzorriones
zonzorrión	zonzorriona
zonzorrión	zonzorrionas
zoogeográfico	zoogeográficos
zoogeográfico	zoogeográfica
zoogeográfico	zoogeográficas
zoográfico	zoográficos
zoográfico	zoográfica
zoográfico	zoográficas
zoológico	zoológicos
zoológico	zoológica
zoológico	zoológicas
zoomorfo	zoomorfos
zoomorfo	zoomorfa
zoomorfo	zoomorfas
zootécnico	zootécnicos
zootécnico	zootécnica
zootécnico	zootécnicas
zopenco	zopencos
zopenco	zopenca
zopenco	zopencas
zopo	zopos
zopo	zopa
zopo	zopas
zoquetero	zoqueteros
zoquetero	zoquetera
zoquetero	zoqueteras
zoquetoso	zoquetosos
zoquetoso	zoquetosa
zoquetoso	zoquetosas
zoquetudo	zoquetudos
zoquetudo	zoquetuda
zoquetudo	zoquetudas
zorenco	zorencos
zorenco	zorenca
zorenco	zorencas
zorito	zoritos
zorito	zorita
zorito	zoritas
zoroastra	zoroastras
zoroastriano	zoroastrianos
zoroastriano	zoroastriana
zoroastriano	zoroastrianas
zorollo	zorollos
zorollo	zorolla
zorollo	zorollas
zorondo	zorondos
zorondo	zoronda
zorondo	zorondas
zoroástrico	zoroástricos
zoroástrico	zoroástrica
zoroástrico	zoroástricas
zorrastrón	zorrastrones
zorrastrón	zorrastrona
zorrastrón	zorrastronas
zorrero	zorreros
zorrero	zorrera
zorrero	zorreras
zorro	zorros
zorro	zorra
zorro	zorras
zorronglón	zorronglones
zorronglón	zorronglona
zorronglón	zorronglonas
zorrongo	zorrongos
zorrongo	zorronga
zorrongo	zorrongas
zorruno	zorrunos
zorruno	zorruna
zorruno	zorrunas
zozobroso	zozobrosos
zozobroso	zozobrosa
zozobroso	zozobrosas
zoófago	zoófagos
zoófago	zoófaga
zoófago	zoófagas
zoólatra	zoólatras
zucarino	zucarinos
zucarino	zucarina
zucarino	zucarinas
zueco	zuecos
zueco	zueca
zueco	zuecas
zuliano	zulianos
zuliano	zuliana
zuliano	zulianas
zulú	zulús
zulú	zulúes
zumbador	zumbadores
zumbador	zumbadora
zumbador	zumbadoras
zumbero	zumberos
zumbero	zumbera
zumbero	zumberas
zumiento	zumientos
zumiento	zumienta
zumiento	zumientas
zumoso	zumosos
zumoso	zumosa
zumoso	zumosas
zumoso	zumosísimo
zumosísimo	zumosísimos
zumosísimo	zumosísima
zumosísimo	zumosísimas
zunco	zuncos
zunco	zunca
zunco	zuncas
zunga	zungas
zurano	zuranos
zurano	zurana
zurano	zuranas
zurcidero	zurcideros
zurcidero	zurcidera
zurcidero	zurcideras
zurcidor	zurcidores
zurcidor	zurcidora
zurcidor	zurcidoras
zurdo	zurdos
zurdo	zurda
zurdo	zurdas
zurgenero	
zuriqués	zuriqueses
zuriqués	zuriquesa
zuriqués	zuriquesas
zurito	zuritos
zurito	zurita
zurito	zuritas
zurrador	zurradores
zurrador	zurradora
zurrador	zurradoras
zurrapiento	zurrapientos
zurrapiento	zurrapienta
zurrapiento	zurrapientas
zurraposo	zurraposos
zurraposo	zurraposa
zurraposo	zurraposas
zurumbo	zurumbos
zurumbo	zurumba
zurumbo	zurumbas
zurumbático	zurumbáticos
zurumbático	zurumbática
zurumbático	zurumbáticas
zutuhil	zutuhiles
zutujil	zutujiles
zámbigo	zámbigos
zámbigo	zámbiga
zámbigo	zámbigas
zíngaro	zíngaros
zíngaro	zíngara
zíngaro	zíngaras
ácido	ácidos
ácido	ácida
ácido	ácidas
ácimo	ácimos
ácimo	ácima
ácimo	ácimas
ácrata	ácratas
áfilo	áfilos
áfilo	áfila
áfilo	áfilas
ágil	ágiles
ágil	agilísimo
ágrafo	ágrafos
ágrafo	ágrafa
ágrafo	ágrafas
álgico	álgicos
álgico	álgica
álgico	álgicas
álgido	álgidos
álgido	álgida
álgido	álgidas
ámbar	
ápodo	ápodos
ápodo	ápoda
ápodo	ápodas
árabe	árabes
árido	áridos
árido	árida
árido	áridas
ártabro	ártabros
ártabro	ártabra
ártabro	ártabras
ártico	árticos
ártico	ártica
ártico	árticas
áspero	ásperos
áspero	áspera
áspero	ásperas
áspero	aspérrimo
ático	áticos
ático	ática
ático	áticas
átono	átonos
átono	átona
átono	átonas
áulico	áulicos
áulico	áulica
áulico	áulicas
áureo	áureos
áureo	áurea
áureo	áureas
ávaro	ávaros
ávaro	ávara
ávaro	ávaras
ávido	ávidos
ávido	ávida
ávido	ávidas
élego	élegos
élego	élega
élego	élegas
élfico	élficos
élfico	élfica
élfico	élficas
émulo	émulos
émulo	émula
émulo	émulas
épico	épicos
épico	épica
épico	épicas
ético	éticos
ético	ética
ético	éticas
étnico	étnicos
étnico	étnica
étnico	étnicas
éuscaro	éuscaros
éuscaro	éuscara
éuscaro	éuscaras
íctico	ícticos
íctico	íctica
íctico	ícticas
ígneo	ígneos
ígneo	ígnea
ígneo	ígneas
ímprobo	ímprobos
ímprobo	ímproba
ímprobo	ímprobas
ínclito	ínclitos
ínclito	ínclita
ínclito	ínclitas
índigo	índigos
ínfimo	ínfimos
ínfimo	ínfima
ínfimo	ínfimas
ínsito	ínsitos
ínsito	ínsita
ínsito	ínsitas
íntegro	íntegros
íntegro	íntegra
íntegro	íntegras
íntegro	integérrimo
íntimo	íntimos
íntimo	íntima
íntimo	íntimas
ínvido	ínvidos
ínvido	ínvida
ínvido	ínvidas
írrito	írritos
írrito	írrita
írrito	írritas
ñangado	ñangados
ñangado	ñangada
ñangado	ñangadas
ñango	ñangos
ñango	ñanga
ñango	ñangas
ñangotado	ñangotados
ñangotado	ñangotada
ñangotado	ñangotadas
ñapango	ñapangos
ñapango	ñapanga
ñapango	ñapangas
ñaruso	ñarusos
ñaruso	ñarusa
ñaruso	ñarusas
ñato	ñatos
ñato	ñata
ñato	ñatas
ñauco	ñaucos
ñauco	ñauca
ñauco	ñaucas
ñaupa	
ñaño	ñaños
ñaño	ñaña
ñaño	ñañas
ñeca	ñecas
ñecle	ñecles
ñeco	ñecos
ñeco	ñeca
ñeco	ñecas
ñeembucuense	ñeembucuenses
ñengo	ñengos
ñengo	ñenga
ñengo	ñengas
ñengue	ñengues
ñero	ñeros
ñero	ñera
ñero	ñeras
ñifle	
ñiña	ñiñas
ñiño	ñiños
ñiño	ñiña
ñiño	ñiñas
ñoco	ñocos
ñoco	ñoca
ñoco	ñocas
ñongo	ñongos
ñongo	ñonga
ñongo	ñongas
ñoño	ñoños
ñoño	ñoña
ñoño	ñoñas
ñublado	ñublados
ñublado	ñublada
ñublado	ñubladas
ñublense	ñublenses
ñublino	ñublinos
ñublino	ñublina
ñublino	ñublinas
ñubloso	ñublosos
ñubloso	ñublosa
ñubloso	ñublosas
ñudoso	ñudosos
ñudoso	ñudosa
ñudoso	ñudosas
ñuridito	ñuriditos
ñuridito	ñuridita
ñuridito	ñuriditas
ñuto	ñutos
ñuto	ñuta
ñuto	ñutas
ñuñoíno	ñuñoínos
ñuñoíno	ñuñoína
ñuñoíno	ñuñoínas
ñácaro	ñácaros
ñácaro	ñácara
ñácaro	ñácaras
ñáñigo	ñáñigos
ñáñigo	ñáñiga
ñáñigo	ñáñigas
óctuple	óctuples
óctuplo	óctuplos
óctuplo	óctupla
óctuplo	óctuplas
óhmico	óhmicos
óhmico	óhmica
óhmico	óhmicas
óntico	ónticos
óntico	óntica
óntico	ónticas
ópimo	ópimos
ópimo	ópima
ópimo	ópimas
óptico	ópticos
óptico	óptica
óptico	ópticas
óptimo	óptimos
óptimo	óptima
óptimo	óptimas
órfico	órficos
órfico	órfica
órfico	órficas
óseo	óseos
óseo	ósea
óseo	óseas
ótico	óticos
ótico	ótica
ótico	óticas
óvido	óvidos
óvido	óvida
óvido	óvidas
úber	úberes
úber	ubérrimo
último	últimos
último	última
último	últimas
único	únicos
único	única
único	únicas
úrico	úricos
úrico	úrica
úrico	úricas
úrsido	úrsidos
úrsido	úrsida
úrsido	úrsidas
útil	útiles
útil	utilísimo
